elapsed_s,steady_s,event,reason_mask,result_age_s,frame_age_s,command_gain,inference_ms,peak_control_target_step_rad,ready,qw,qx,qy,qz,gx,gy,gz,cmd_x,cmd_y,cmd_yaw,q0,q1,q2,q3,q4,q5,q6,q7,q8,q9,q10,q11,q12,q13,q14,q15,q16,q17,q18,q19,q20,q21,q22,q23,q24,q25,q26,q27,q28,dq0,dq1,dq2,dq3,dq4,dq5,dq6,dq7,dq8,dq9,dq10,dq11,dq12,dq13,dq14,dq15,dq16,dq17,dq18,dq19,dq20,dq21,dq22,dq23,dq24,dq25,dq26,dq27,dq28,previous_target0,previous_target1,previous_target2,previous_target3,previous_target4,previous_target5,previous_target6,previous_target7,previous_target8,previous_target9,previous_target10,previous_target11,previous_target12,previous_target13,previous_target14,previous_target15,previous_target16,previous_target17,previous_target18,previous_target19,previous_target20,previous_target21,previous_target22,previous_target23,previous_target24,previous_target25,previous_target26,previous_target27,previous_target28,candidate0,candidate1,candidate2,candidate3,candidate4,candidate5,candidate6,candidate7,candidate8,candidate9,candidate10,candidate11,candidate12,candidate13,candidate14,candidate15,candidate16,candidate17,candidate18,candidate19,candidate20,candidate21,candidate22,candidate23,candidate24,candidate25,candidate26,candidate27,candidate28,applied0,applied1,applied2,applied3,applied4,applied5,applied6,applied7,applied8,applied9,applied10,applied11,applied12,applied13,applied14,applied15,applied16,applied17,applied18,applied19,applied20,applied21,applied22,applied23,applied24,applied25,applied26,applied27,applied28
0,3214753.65,1,0,0,2.63168477e-05,0,0,0,0,0.706778705,-0.0241143331,0.0170120988,-0.706818879,0.00188311923,-0.00532312877,0.0102481516,-2.24207754e-44,2.24207754e-44,2.24207754e-44,-0.252642512,0.145639792,-0.12996465,0.448302984,-0.197508737,-0.125750303,-0.0127020311,-0.0355609693,-0.0378920957,0.228164002,-0.202914923,0.0848753825,0.0277029406,0.0407426693,0.00337163894,0.338053763,0.421794325,0.037753772,1.02178097,0.119689457,-0.0493371151,0.115844622,0.299422383,-0.2243471,-0.0148916207,1.00324869,-0.130812287,-0.0590689778,-0.00803628284,-0.00243900833,-0.0189473722,-0.0302493796,0.0019638855,0.00304218684,0.00177802471,-0.0017351727,0.0090642916,0.0412067398,0.0115871355,-0.00917720515,-0.000994304777,-0.00440964988,-0.00371007086,0.00177624461,0.0022283576,-0.00180568651,-0.00335339154,-0.0200423449,0.0103571694,0.0280737188,0.00540080154,-0.0165056512,0.00048915518,0.00586165953,0.0159059316,0.0131006371,-0.00303046731,-0.00283144135,-0.232898027,-0.0209836084,-0.0715015084,0.37841785,-0.1571787,-0.107094668,-0.0551066957,0.0720085651,-0.0401428528,0.19748719,-0.133264646,0.0849678591,0.0267073885,0.304927081,0.022076007,0.349070042,0.61339587,0.0987470448,0.967707217,0.123702966,-0.0713146627,0.173465148,0.309932142,-0.264183998,-0.0184635594,0.99887234,-0.12704131,-0.0630303025,-0.0101516144,-0.232898027,-0.0209836084,-0.0715015084,0.37841785,-0.1571787,-0.107094668,-0.0551066957,0.0720085651,-0.0401428528,0.19748719,-0.133264646,0.0849678591,0.0267073885,0.304927081,0.022076007,0.349070042,0.61339587,0.0987470448,0.967707217,0.123702966,-0.0713146627,0.173465148,0.309932142,-0.264183998,-0.0184635594,0.99887234,-0.12704131,-0.0630303025,-0.0101516144,-0.232898027,-0.0209836084,-0.0715015084,0.37841785,-0.1571787,-0.107094668,-0.0551066957,0.0720085651,-0.0401428528,0.19748719,-0.133264646,0.0849678591,0.0267073885,0.304927081,0.022076007,0.349070042,0.61339587,0.0987470448,0.967707217,0.123702966,-0.0713146627,0.173465148,0.309932142,-0.264183998,-0.0184635594,0.99887234,-0.12704131,-0.0630303025,-0.0101516144
0.0109137283,3214753.66,0,0,0.0104571749,4.37488779e-06,0,0.136292074,1.49607658e-05,1,0.706815839,-0.0241249427,0.0169881769,-0.706781983,0.00198088097,-0.00511653721,0.0104000038,-2.24207754e-44,2.24207754e-44,2.24207754e-44,-0.252667248,0.145449847,-0.130266428,0.44832319,-0.197479695,-0.125732556,-0.0127193555,-0.0354715884,-0.0374820121,0.228280306,-0.203008235,0.0848659799,0.0276588388,0.0407052226,0.00338965259,0.33807686,0.421776384,0.0377204604,1.02158213,0.11979264,-0.0490476862,0.115898311,0.299256504,-0.224342227,-0.0148329567,1.00341356,-0.130681723,-0.059100613,-0.00806456245,-0.00249741226,-0.0190630108,-0.0301820897,0.00206955615,0.00281710248,0.00177221466,-0.00174739957,0.00884042587,0.040874064,0.0117487004,-0.00947997719,-0.000889854215,-0.00447420962,-0.00379399396,0.0018313796,0.00237658853,-0.00179261621,-0.00332091865,-0.0203955192,0.0103037031,0.0305261165,0.00534332916,-0.0169189107,0.000488206832,0.0058747544,0.0174138695,0.0130499946,-0.00326832803,-0.00282955798,-0.232875884,-0.0209614746,-0.0715100467,0.378386736,-0.157183483,-0.107066929,-0.0551242046,0.0719793439,-0.0401288159,0.197528169,-0.133287758,0.084968321,0.026690565,0.304911703,0.02206764,0.349061757,0.613372207,0.0987371057,0.967685759,0.123712562,-0.0713059902,0.17346023,0.309946418,-0.26419875,-0.0184603147,0.998866796,-0.127035633,-0.0630310997,-0.0101436721,-0.14729169,0.0645607933,-0.104501836,0.258125782,-0.175684184,0.000111992529,-0.122780263,-0.0409348309,0.0141107263,0.355847418,-0.222615734,0.0867611468,-0.0383113921,0.245443672,-0.0102580665,0.31703797,0.522048891,0.0603405945,0.88480711,0.16080375,-0.0378075168,0.154435903,0.365074128,-0.321247995,-0.00592530519,0.977458358,-0.105089001,-0.0661068037,0.0205450468,-0.232867792,-0.0209533945,-0.0715131611,0.378375351,-0.157185242,-0.107056804,-0.0551305972,0.0719686747,-0.0401236899,0.197543129,-0.133296207,0.0849684924,0.0266844239,0.30490607,0.0220645871,0.349058717,0.613363624,0.0987334773,0.967677951,0.123716071,-0.0713028312,0.173458427,0.309951633,-0.264204144,-0.0184591301,0.99886477,-0.127033561,-0.0630313903,-0.010140772
0.0219019931,3214753.67,0,0,0.00131673878,5.86500391e-06,0,0.205933116,6.43730164e-05,1,0.706861198,-0.0241359361,0.0169598516,-0.706736922,0.00225135358,-0.00483474182,0.0106659634,-2.24207754e-44,2.24207754e-44,2.24207754e-44,-0.252697051,0.145220339,-0.130625457,0.448347211,-0.197447225,-0.125710145,-0.0127404714,-0.035368789,-0.0369967893,0.228422612,-0.203124523,0.0848549828,0.0276045278,0.0406591892,0.0034114297,0.338105291,0.421755463,0.0376811735,1.02136219,0.119915068,-0.0487039462,0.115962207,0.299062967,-0.22433646,-0.0147627359,1.0036056,-0.130527243,-0.0591397509,-0.00809769146,-0.00242399867,-0.0192626398,-0.029711511,0.00186220766,0.00267183315,0.00199619983,-0.0018335093,0.00825360604,0.0400284678,0.0121712321,-0.00997421425,-0.000944599858,-0.00466846349,-0.0039214287,0.00181961118,0.00236055814,-0.00170322787,-0.0032371527,-0.0162972901,0.0101246424,0.0264297519,0.00531207584,-0.0151475975,0.000468288606,0.0058325883,0.0140291108,0.0127268098,-0.00322362198,-0.00267878128,-0.232669383,-0.0207538009,-0.0715908259,0.378097057,-0.157228187,-0.106807843,-0.0552880429,0.0717065781,-0.0399967097,0.197912008,-0.133502796,0.0849722326,0.0265337322,0.304768294,0.0219893027,0.348984122,0.613150418,0.0986442044,0.967485428,0.123801671,-0.0712248683,0.173414379,0.310079843,-0.264336735,-0.0184298791,0.998815417,-0.126982585,-0.0630382672,-0.0100698275,-0.147394478,0.0649521872,-0.104902759,0.258459508,-0.175683245,0.00016226212,-0.122921407,-0.040919818,0.0145074828,0.356344551,-0.222320557,0.0866023526,-0.0382310115,0.245553747,-0.0103465859,0.316944569,0.521610975,0.0602895692,0.88476789,0.16061388,-0.0377361476,0.154478997,0.365167201,-0.321297705,-0.00586884655,0.977591991,-0.105081677,-0.0660088584,0.0204323381,-0.232634723,-0.0207189731,-0.0716043636,0.37804845,-0.157235682,-0.106764376,-0.0553155281,0.0716608092,-0.0399745591,0.197976381,-0.133538887,0.0849728957,0.026507413,0.304744244,0.0219761636,0.348971099,0.613113225,0.0986286178,0.967451811,0.123816632,-0.0712112561,0.173406675,0.310102224,-0.264359891,-0.0184247755,0.998806834,-0.126973689,-0.0630394742,-0.0100574326
0.0328979734,3214753.68,0,0,0.0123127191,4.84520569e-06,0,0.205933116,0.000140249729,1,0.706893265,-0.0241413917,0.0169397797,-0.706705093,0.00295183924,-0.00488351751,0.0115413452,-2.24207754e-44,2.24207754e-44,2.24207754e-44,-0.252714843,0.145062149,-0.130862445,0.448359311,-0.197424993,-0.12569195,-0.0127575248,-0.0353081785,-0.0366818905,0.228529721,-0.203210652,0.0848474279,0.0275620688,0.040625222,0.00342666754,0.338124424,0.421742052,0.0376555324,1.02124798,0.119995624,-0.0485091172,0.116004527,0.298951417,-0.224332958,-0.014716153,1.00369811,-0.130426466,-0.0591652952,-0.00811790209,-0.00205976586,-0.0202117972,-0.0296291504,0.00124378968,0.00288790464,0.00248722988,-0.00238170242,0.0070513878,0.0388758034,0.0144253764,-0.0114144199,-0.000931715476,-0.00587901054,-0.00452639442,0.00197952893,0.00242522964,-0.00166707777,-0.0031878599,-0.013210183,0.0100446651,0.0233944673,0.00527260732,-0.0133373793,0.000411800895,0.00582086667,0.0104078976,0.0125309573,-0.00319004175,-0.00241562817,-0.232095182,-0.0201767068,-0.0718151331,0.377291501,-0.157352448,-0.106087573,-0.0557434484,0.0709482133,-0.039629709,0.198978797,-0.134100839,0.0849832073,0.0260976441,0.304369599,0.0217715725,0.348768383,0.612534046,0.098385945,0.966928422,0.124049544,-0.0709993765,0.17328687,0.310450763,-0.264720261,-0.0183453001,0.998672545,-0.126835123,-0.063058272,-0.00986444391,-0.147394478,0.0649521872,-0.104902759,0.258459508,-0.175683245,0.00016226212,-0.122921407,-0.040919818,0.0145074828,0.356344551,-0.222320557,0.0866023526,-0.0382310115,0.245553747,-0.0103465859,0.316944569,0.521610975,0.0602895692,0.88476789,0.16061388,-0.0377361476,0.154478997,0.365167201,-0.321297705,-0.00586884655,0.977591991,-0.105081677,-0.0660088584,0.0204323381,-0.232019693,-0.0201008394,-0.0718446225,0.377185583,-0.157368779,-0.105992876,-0.0558033176,0.0708485171,-0.0395814627,0.199119046,-0.134179473,0.0849846527,0.0260403138,0.304317176,0.0217429493,0.348740041,0.612453043,0.0983519927,0.966855228,0.124082133,-0.0709697306,0.173270121,0.310499549,-0.264770687,-0.018334182,0.99865371,-0.126815736,-0.0630609021,-0.00983744301
0.0428990442,3214753.69,0,0,0.0023108148,4.64217737e-06,0,0.181430951,0.000227034092,1,0.706947625,-0.0241431184,0.0169023219,-0.706651628,0.00525097735,-0.00498000393,0.0131299384,-2.24207754e-44,2.24207754e-44,2.24207754e-44,-0.252733707,0.144799188,-0.131215841,0.448362738,-0.197384402,-0.125653863,-0.0128110424,-0.0352470428,-0.0362262651,0.228768498,-0.203383207,0.0848374143,0.0274679232,0.0405551307,0.00345294154,0.338156551,0.421721905,0.037617594,1.02110362,0.120116234,-0.0482267439,0.116067298,0.298801005,-0.224329129,-0.0146460384,1.00380504,-0.130276695,-0.0592041016,-0.00814288855,-0.00135388237,-0.0231445357,-0.0292844716,-0.000257818436,0.00368981017,0.00355950813,-0.00626916159,0.00370388827,0.0375298187,0.0242075361,-0.0167069845,-0.000785260694,-0.00917649735,-0.00681028515,0.00228627934,0.00289419456,-0.00168809597,-0.00314965891,-0.0113150319,0.0100523196,0.0237708669,0.00520696212,-0.0121082282,0.000261866167,0.00585145317,0.00821390841,0.0124601498,-0.00326855714,-0.00190977298,-0.231129482,-0.0191719234,-0.0722089037,0.37594986,-0.157570019,-0.104872279,-0.056515716,0.0696831271,-0.0390076488,0.200781107,-0.135110706,0.085000664,0.0253740251,0.303702831,0.0214019269,0.348401308,0.611481071,0.0979534239,0.965991795,0.124460109,-0.0706219524,0.173074976,0.311074495,-0.265363216,-0.018200459,0.998434484,-0.126589566,-0.0630910918,-0.0095251454,-0.147050589,0.0669579357,-0.105839238,0.258618712,-0.176173687,0.000782976509,-0.123502418,-0.0408710763,0.0149613237,0.357377827,-0.22287491,0.0865601599,-0.0380157717,0.245500535,-0.0106446771,0.316608995,0.520449281,0.0602237582,0.884439886,0.160455659,-0.0376894958,0.154525697,0.365384042,-0.321425438,-0.00569233485,0.977617979,-0.105113417,-0.0659810528,0.0202580038,-0.231009886,-0.0190494023,-0.0722567365,0.375782967,-0.157596484,-0.104721986,-0.0566110052,0.0695258677,-0.038930878,0.201003864,-0.135235548,0.0850028768,0.0252838526,0.30362004,0.0213563405,0.348356098,0.611351609,0.0978997573,0.965875804,0.124511309,-0.0705751032,0.173048586,0.311151773,-0.265442967,-0.018182667,0.99840486,-0.126559019,-0.0630952045,-0.00948277861
0.0528992033,3214753.7,0,0,0.0123109738,5.46686351e-06,0,0.181430951,0.000323727727,1,0.706974447,-0.0241217129,0.0168606676,-0.706626534,0.0120856389,-0.00164845609,0.00374298496,-2.24207754e-44,2.24207754e-44,2.24207754e-44,-0.25274086,0.144561455,-0.131433532,0.44833526,-0.197340339,-0.125606865,-0.0130284736,-0.0352385193,-0.0357767045,0.229258314,-0.203661397,0.0848244131,0.0273705255,0.040440008,0.00347304647,0.338258624,0.42170763,0.0375892781,1.02088976,0.12021707,-0.0479063541,0.116131045,0.298648268,-0.22432743,-0.0145851625,1.00387883,-0.130149797,-0.0592377037,-0.00815301854,-0.000236224878,-0.0250756778,-0.0170561876,-0.0052203699,0.00540221715,0.00551116234,-0.0333490893,-0.00187808089,0.0496041104,0.0679877028,-0.0366046727,-0.00156290818,-0.0119242501,-0.0155211752,0.00184021669,0.0164298173,-0.00125519244,-0.00262059248,-0.0294413101,0.0101278601,0.0385527946,0.00783702079,-0.0181180667,0.000119202989,0.00627112808,0.00684911245,0.012890365,-0.00342777371,-0.000368960347,-0.229683727,-0.0176908989,-0.0727871805,0.373932332,-0.157889917,-0.103055507,-0.0576675721,0.0677821189,-0.0380796418,0.203473821,-0.136619836,0.0850274786,0.0242840219,0.302702039,0.0208508782,0.347854644,0.609915733,0.0973046571,0.964589536,0.125079066,-0.070055671,0.172756016,0.312008381,-0.266327232,-0.0179853793,0.998076558,-0.126220286,-0.0631407872,-0.00901301671,-0.147050589,0.0669579357,-0.105839238,0.258618712,-0.176173687,0.000782976509,-0.123502418,-0.0408710763,0.0149613237,0.357377827,-0.22287491,0.0865601599,-0.0380157717,0.245500535,-0.0106446771,0.316608995,0.520449281,0.0602237582,0.884439886,0.160455659,-0.0376894958,0.154525697,0.365384042,-0.321425438,-0.00569233485,0.977617979,-0.105113417,-0.0659810528,0.0202580038,-0.229509905,-0.0175128449,-0.0728567094,0.373689771,-0.157928362,-0.102837093,-0.0578060485,0.0675535798,-0.037968073,0.203797549,-0.136801273,0.0850307047,0.0241529774,0.302581698,0.0207846295,0.3477889,0.609727561,0.097226657,0.964420915,0.125153467,-0.0699875876,0.172717676,0.312120646,-0.266443133,-0.0179595202,0.998033524,-0.126175895,-0.0631467625,-0.00895144697
0.0629156712,3214753.71,0,0,0.00233021984,8.7749213e-06,0,0.201239716,0.000552639365,1,0.706983328,-0.0240486693,0.0167949591,-0.706621647,0.0258015692,0.00283750147,0.00139355799,-2.24207754e-44,2.24207754e-44,2.24207754e-44,-0.252728939,0.14424701,-0.1315521,0.448200762,-0.197242886,-0.125535667,-0.0135647459,-0.0353391506,-0.0352387875,0.230287582,-0.204200029,0.0848106891,0.0271527953,0.0401910767,0.00348740118,0.338542342,0.421697497,0.0375659205,1.02045798,0.120320484,-0.0474053025,0.116244458,0.298412681,-0.224327013,-0.0145191094,1.00393939,-0.130016372,-0.0592734739,-0.00814548414,0.00279362756,-0.0371489003,-0.00856343191,-0.0209365971,0.0138467941,0.00833818316,-0.0682239383,-0.0169827323,0.0560877174,0.128599405,-0.0667789951,-0.00108452956,-0.029917229,-0.0324154198,0.00115091924,0.0368293859,-0.000848759548,-0.00215561013,-0.0527010448,0.0105513502,0.0585254282,0.0139150666,-0.0273236465,-6.76286845e-06,0.00685397303,0.00551256584,0.0137042524,-0.0036983164,0.00157221896,-0.227675468,-0.0153854582,-0.0736915693,0.37116468,-0.15835391,-0.100470722,-0.0592832826,0.065170534,-0.0367685258,0.207320943,-0.138743818,0.0850561112,0.022795774,0.301304609,0.0200551413,0.347070634,0.607629418,0.0964071453,0.962618947,0.125919983,-0.0692847744,0.172301501,0.31332323,-0.26766476,-0.0176703688,0.997578919,-0.125713572,-0.0632151738,-0.00831869617,-0.146626592,0.071492359,-0.107679136,0.25860256,-0.176591903,0.00232637837,-0.124099843,-0.0409489721,0.0155976973,0.359931201,-0.223775163,0.0864257291,-0.0379086472,0.245087415,-0.0113067217,0.316041917,0.518139601,0.060094256,0.883653522,0.160325989,-0.0377828628,0.154242963,0.36594972,-0.321682662,-0.00536081754,0.977506518,-0.105108455,-0.066084221,0.0201263949,-0.227445498,-0.0151389409,-0.0737880096,0.370845288,-0.158405647,-0.100179039,-0.0594672039,0.0648694187,-0.0366199389,0.207753986,-0.138985097,0.0850600004,0.0226235241,0.301145107,0.0199661516,0.346982598,0.607375503,0.0963041112,0.962394834,0.126017615,-0.0691953823,0.172250271,0.313472569,-0.267818034,-0.0176354405,0.997521996,-0.125655115,-0.0632233173,-0.0082379831
0.0739179333,3214753.72,0,0,0.013332482,5.7448633e-06,0,0.201239716,0.000553548336,1,0.706994176,-0.023895584,0.0166739132,-0.706618845,0.04887091,0.00512739923,0.00249129697,-2.24207754e-44,2.24207754e-44,2.24207754e-44,-0.252623945,0.143749207,-0.131580219,0.447796315,-0.196998119,-0.125431225,-0.0144722201,-0.0356570482,-0.0346458927,0.232008979,-0.205093503,0.084807381,0.0267102309,0.039712619,0.0035006511,0.339032292,0.421691924,0.0375469588,1.01979709,0.120446131,-0.0466734767,0.116423391,0.298092574,-0.224327669,-0.0144373467,1.00398552,-0.129872426,-0.0593127683,-0.00811616424,0.0176375173,-0.059659645,0.00146127201,-0.0564897209,0.0331424735,0.0119892508,-0.106140651,-0.0432838202,0.0614969246,0.203297466,-0.105690718,0.00027003896,-0.0544138104,-0.0597030297,0.00160454155,0.0569578558,-0.000349438516,-0.0017051372,-0.074952431,0.0154245542,0.0840530172,0.0206022784,-0.0346907005,-0.000149612359,0.0101918187,0.00397059694,0.014924868,-0.00410024263,0.00389606995,-0.224853009,-0.0123600056,-0.0748751611,0.36724478,-0.158989027,-0.0968908966,-0.0615404695,0.0614750087,-0.0349449143,0.212635472,-0.141704962,0.0851038098,0.0206817891,0.299346894,0.0189629886,0.345990092,0.60451299,0.0951425806,0.959869027,0.127118155,-0.0681877434,0.171672627,0.315155923,-0.269545883,-0.0172416978,0.996879935,-0.124996021,-0.0633150861,-0.0073281182,-0.146626592,0.071492359,-0.107679136,0.25860256,-0.176591903,0.00232637837,-0.124099843,-0.0409489721,0.0155976973,0.359931201,-0.223775163,0.0864257291,-0.0379086472,0.245087415,-0.0113067217,0.316041917,0.518139601,0.060094256,0.883653522,0.160325989,-0.0377828628,0.154242963,0.36594972,-0.321682662,-0.00536081754,0.977506518,-0.105108455,-0.066084221,0.0201263949,-0.224559039,-0.0120448833,-0.0749984384,0.366836518,-0.159055173,-0.0965180323,-0.0617755726,0.0610900894,-0.0347549729,0.213189021,-0.142013386,0.0851087794,0.020461604,0.299142987,0.0188492332,0.345877558,0.604188383,0.0950108692,0.959582567,0.127242953,-0.0680734813,0.171607137,0.315346807,-0.269741803,-0.0171970483,0.996807098,-0.124921277,-0.0633254945,-0.00722494256
0.0848974111,3214753.73,0,0,0.00436217897,4.46289778e-06,0,0.156736933,0.00148858968,1,0.707006037,-0.0236989148,0.0165059529,-0.706617534,0.0755888671,0.00479998579,2.62326853e-06,-2.24207754e-44,2.24207754e-44,2.24207754e-44,-0.252371639,0.143156126,-0.131501168,0.447131008,-0.196622431,-0.125316948,-0.015482177,-0.0361430123,-0.0341165178,0.233979031,-0.206120268,0.0848170817,0.0261779781,0.0390907414,0.00351789244,0.339563876,0.42169109,0.03753528,1.0191139,0.120624945,-0.0458763614,0.116612449,0.297798187,-0.224330857,-0.0143119879,1.00401008,-0.129746482,-0.0593475141,-0.00807417743,0.0422879457,-0.0834506378,0.0178777203,-0.102397047,0.0565589033,0.0159045421,-0.140479907,-0.0727386028,0.0713469535,0.276121378,-0.14382045,0.00186521944,-0.0727241039,-0.0905228183,0.00250859908,0.0728732646,7.54576031e-05,-0.0012791726,-0.0927046165,0.0272661671,0.110590488,0.025764823,-0.0381981432,-0.000569058408,0.0202544499,0.00248814747,0.0163190756,-0.00449351128,0.00616851356,-0.221272483,-0.0073832497,-0.0768372416,0.362425029,-0.159842357,-0.0921555161,-0.0645237789,0.0569581017,-0.0325216427,0.219863549,-0.145522937,0.0851420239,0.0181637146,0.296888798,0.0174921453,0.344688356,0.600129664,0.0935498551,0.956306279,0.128604919,-0.0668528974,0.170814976,0.317440242,-0.271972448,-0.0166076887,0.995948136,-0.124140866,-0.0634667426,-0.0061392854,-0.145873711,0.0808234364,-0.11144276,0.258701682,-0.177117795,0.00473407237,-0.125599355,-0.0406533889,0.0169065855,0.364988029,-0.22502546,0.0862716064,-0.0372472629,0.24475567,-0.0122370142,0.316270322,0.514090061,0.0598428845,0.882364035,0.160397068,-0.0379155874,0.153626978,0.366134971,-0.322485298,-0.00457122736,0.97698307,-0.1053297,-0.06629733,0.0198831335,-0.220921412,-0.00697253924,-0.0769983754,0.361942053,-0.159922794,-0.091704376,-0.0648081601,0.0565036014,-0.0322914943,0.220539287,-0.145893112,0.085147284,0.0179057084,0.296646059,0.0173537191,0.344556034,0.599729002,0.0933929086,0.955961943,0.128752947,-0.0667181537,0.170734942,0.317666978,-0.272207648,-0.0165516436,0.995859861,-0.124053277,-0.0634799227,-0.0060181194
0.094898019,3214753.74,0,0,0.0143627869,4.49176878e-06,0,0.156736933,0.000770568848,1,0.706955612,-0.0231270827,0.0159642063,-0.706699371,0.137500137,0.000152363195,-0.0187061168,-2.24207754e-44,2.24207754e-44,2.24207754e-44,-0.251243532,0.141600072,-0.130779654,0.444812983,-0.195408851,-0.12498077,-0.0181253515,-0.0376980379,-0.0327821895,0.239243612,-0.208839044,0.0848702267,0.0249631014,0.0372394025,0.00357293128,0.340881974,0.421695441,0.0375242382,1.01748121,0.121239334,-0.043831069,0.117049687,0.297201991,-0.224350229,-0.0138087831,1.00401795,-0.12948893,-0.0594182611,-0.00780293159,0.108308055,-0.131893471,0.0703903064,-0.209029675,0.107603945,0.0302421227,-0.21557872,-0.137884602,0.107137538,0.439014345,-0.226909712,0.00516096829,-0.102424651,-0.159330681,0.00644541252,0.107457399,4.47608218e-05,-0.000684202823,-0.12862657,0.0573761649,0.168239355,0.0316504315,-0.043830391,-0.00221295538,0.0440088809,-0.00100342219,0.0212082472,-0.00556327216,0.0335230008,-0.217535019,-0.00301090255,-0.0785526186,0.357283533,-0.160698682,-0.0873527601,-0.0675512552,0.052119568,-0.0300715193,0.227057278,-0.149463817,0.085198015,0.0154170282,0.294304609,0.0160184912,0.34327969,0.595864713,0.0918790251,0.95264101,0.130180836,-0.0654184893,0.169962972,0.319854021,-0.27447632,-0.01601105,0.995008051,-0.123208411,-0.063607052,-0.0048493715,-0.145873711,0.0808234364,-0.11144276,0.258701682,-0.177117795,0.00473407237,-0.125599355,-0.0406533889,0.0169065855,0.364988029,-0.22502546,0.0862716064,-0.0372472629,0.24475567,-0.0122370142,0.316270322,0.514090061,0.0598428845,0.882364035,0.160397068,-0.0379155874,0.153626978,0.366134971,-0.322485298,-0.00457122736,0.97698307,-0.1053297,-0.06629733,0.0198831335,-0.217134684,-0.00254255533,-0.0787363574,0.356732786,-0.160790414,-0.0868383124,-0.0678755417,0.0516012833,-0.0298090726,0.227827847,-0.149885952,0.0852040127,0.015122816,0.294027805,0.0158606395,0.3431288,0.595407903,0.0917000473,0.952248394,0.130349636,-0.0652648434,0.169871718,0.320112586,-0.27474454,-0.0159471408,0.994907379,-0.123108529,-0.0636220798,-0.00471120188
0.104899385,3214753.75,0,0,0.00434422772,4.93088737e-06,0,0.15229499,0.00332042389,1,0.706894636,-0.022571953,0.0153658846,-0.70679158,0.181074575,-0.00922486372,-0.0262609627,-2.24207754e-44,2.24207754e-44,2.24207754e-44,-0.249848351,0.140065417,-0.12989144,0.442271858,-0.194119126,-0.124608889,-0.0204980522,-0.0393503495,-0.0315982178,0.244222581,-0.211422265,0.0849368945,0.0237683151,0.0353813432,0.00367848761,0.342074841,0.421691269,0.037516851,1.01610029,0.121960752,-0.0419362225,0.117329806,0.296777993,-0.224387094,-0.0132964188,1.00399077,-0.129160658,-0.0594796203,-0.00726613356,0.161374912,-0.168312579,0.10252548,-0.285710037,0.143815443,0.0420894362,-0.253006518,-0.18428573,0.127221704,0.53935802,-0.280349493,0.00773964683,-0.13056691,-0.204309747,0.0128979832,0.127814397,-0.000755311339,-0.000791026338,-0.145215452,0.0822258368,0.204622015,0.0249243993,-0.0408925079,-0.00550281582,0.0576712266,-0.00392667996,0.0424668863,-0.00653353799,0.0682347789,-0.213103846,0.00518521667,-0.0818663463,0.351299822,-0.162096962,-0.0809267089,-0.0715916008,0.0463937744,-0.0267640091,0.237043425,-0.154764339,0.0850994438,0.0124125704,0.291155875,0.0141035765,0.341791302,0.589463353,0.0897864699,0.947941542,0.132103682,-0.0636958405,0.168669462,0.322637737,-0.277680367,-0.0150604174,0.993636906,-0.12224596,-0.0638139248,-0.00338782836,-0.145730287,0.0942561999,-0.117145196,0.258998007,-0.17883727,0.00814132765,-0.127701357,-0.0407914333,0.0187736358,0.371681213,-0.227942944,0.0855473205,-0.0362427831,0.244282708,-0.0130322305,0.317016602,0.508004069,0.0592873283,0.880665123,0.160697266,-0.037763603,0.152346373,0.365883887,-0.323618025,-0.00347712263,0.975816965,-0.105924003,-0.0664811358,0.019634109,-0.212849677,0.00552123412,-0.081999436,0.350951612,-0.162160113,-0.0805907026,-0.0718032718,0.0460648686,-0.0265922211,0.237551346,-0.155040398,0.0851011351,0.0122290198,0.290979028,0.0140012074,0.341697842,0.589156032,0.0896714181,0.947687745,0.132211551,-0.063598007,0.168607891,0.322800905,-0.277853668,-0.0150167197,0.993569672,-0.122184388,-0.0638239831,-0.0033009788
0.114901298,3214753.76,0,0,0.0143461409,4.00980935e-06,0,0.15229499,0.000970214605,1,0.706784904,-0.0218821187,0.014594554,-0.70693934,0.223900974,-0.0128984312,-0.0443454795,-2.24207754e-44,2.24207754e-44,2.24207754e-44,-0.247976542,0.138201207,-0.128621385,0.439016014,-0.192502126,-0.124125384,-0.0233750474,-0.0414454378,-0.0301310718,0.250335664,-0.214584976,0.0850236788,0.0223686844,0.0330891535,0.0037908738,0.34348616,0.421674132,0.0375072807,1.01451337,0.122937709,-0.0396587551,0.117497347,0.296438634,-0.22451748,-0.0125521244,1.00390327,-0.12861827,-0.0595516413,-0.0063968082,0.206056595,-0.199379683,0.142488733,-0.352882951,0.174054712,0.0525685437,-0.308599472,-0.226942614,0.158790037,0.658573687,-0.340324908,0.00944553223,-0.148488685,-0.246033728,0.0120377047,0.150418669,-0.0027443096,-0.00114159705,-0.168062449,0.107731745,0.243192807,0.0120808501,-0.0284138452,-0.0189609341,0.0861906335,-0.0155835059,0.0626499131,-0.00754029024,0.0999453738,-0.20866476,0.0110538993,-0.0841907859,0.345218271,-0.163199946,-0.0750582218,-0.0752885416,0.0406493396,-0.0237636399,0.2459144,-0.159585908,0.0851289555,0.00920678116,0.28806749,0.0123156607,0.340158939,0.584096193,0.0877769589,0.943508863,0.13398765,-0.0619872212,0.167593971,0.325487137,-0.280707091,-0.0142972209,0.992462754,-0.121170543,-0.0639896616,-0.00187096652,-0.145730287,0.0942561999,-0.117145196,0.258998007,-0.17883727,0.00814132765,-0.127701357,-0.0407914333,0.0187736358,0.371681213,-0.227942944,0.0855473205,-0.0362427831,0.244282708,-0.0130322305,0.317016602,0.508004069,0.0592873283,0.880665123,0.160697266,-0.037763603,0.152346373,0.365883887,-0.323618025,-0.00347712263,0.975816965,-0.105924003,-0.0664811358,0.019634109,-0.208187655,0.011684658,-0.0844406113,0.344564617,-0.163318485,-0.0744274855,-0.0756858811,0.040031936,-0.0234411638,0.246867836,-0.160104126,0.085132122,0.0088622272,0.287735581,0.0121234981,0.339983523,0.58351934,0.0875609741,0.943032444,0.134190142,-0.0618035831,0.167478383,0.325793386,-0.281032413,-0.0142151937,0.992336571,-0.121054962,-0.0640085489,-0.00170793571
0.124913992,3214753.77,0,0,0.00432698335,7.05011189e-06,0,0.179724302,0.00646555051,1,0.706641674,-0.0210807435,0.0136417663,-0.707125902,0.26549086,-0.0252726041,-0.0526764914,-2.24207754e-44,2.24207754e-44,2.24207754e-44,-0.245623559,0.136005372,-0.127031088,0.435106367,-0.190585777,-0.123543493,-0.0266625937,-0.0439636894,-0.0284230597,0.257508844,-0.218302444,0.0851314589,0.0206829514,0.0304150358,0.00396314263,0.345115215,0.421599805,0.0374928638,1.01272833,0.124157272,-0.037030153,0.117580429,0.296270609,-0.224822193,-0.0115396343,1.00354695,-0.127876252,-0.0596299097,-0.00521967234,0.256795943,-0.233879566,0.172217607,-0.418940306,0.204492792,0.0623299368,-0.344056249,-0.269769162,0.180841506,0.76029855,-0.394506037,0.0117665157,-0.182812378,-0.283308774,0.0211188979,0.173159063,-0.0110505484,-0.00152796414,-0.187563941,0.130878627,0.277634531,0.006655565,-0.0108668739,-0.038898617,0.11177557,-0.0492806025,0.0825539827,-0.00797071494,0.130406722,-0.203866184,0.023740584,-0.0895603001,0.338561743,-0.165589839,-0.0668261349,-0.0803365856,0.0339494348,-0.0195236243,0.258889884,-0.166480616,0.0845746472,0.00616924278,0.284730613,0.0100921392,0.33873108,0.575093567,0.0850531533,0.93788439,0.136198029,-0.0598646849,0.165718123,0.328466624,-0.284569234,-0.0129885618,0.990485966,-0.120230451,-0.0642475188,-0.000217475928,-0.146217942,0.112548999,-0.125419468,0.259419858,-0.182291746,0.0131347179,-0.130435348,-0.0416242369,0.0214197896,0.380816609,-0.232437253,0.0837938413,-0.0346131623,0.244626686,-0.0137041183,0.318201095,0.499036968,0.0578613281,0.878665447,0.161009341,-0.0371285677,0.150334924,0.365270406,-0.325048,-0.00211690925,0.973833203,-0.106706187,-0.0666645393,0.0195086524,-0.203358471,0.0245227274,-0.0898761153,0.337864757,-0.165736929,-0.0661219135,-0.080777809,0.0332838483,-0.0191630311,0.259963691,-0.167061508,0.0845677704,0.00581006892,0.284377426,0.00988256373,0.33855027,0.57442373,0.0848136768,0.93736285,0.13641654,-0.0596644431,0.165582642,0.328790784,-0.284925729,-0.0128928144,0.990339279,-0.120111339,-0.0642688051,-4.3746084e-05
0.135897398,3214753.78,0,0,0.015310389,4.19281423e-06,0,0.179724302,0.00113067031,1,0.706513643,-0.0205331091,0.0129864672,-0.707282245,0.291016698,-0.0235654507,-0.0755645111,-2.24207754e-44,2.24207754e-44,2.24207754e-44,-0.244002834,0.13454695,-0.125857323,0.43246612,-0.189308077,-0.123146631,-0.0289510414,-0.0456731133,-0.0271997862,0.262465209,-0.22085157,0.0852011219,0.0195660703,0.0286212657,0.00407400401,0.346237689,0.421503603,0.0374846123,1.0114994,0.12499363,-0.0352471732,0.11761497,0.296229303,-0.225124702,-0.01077691,1.00315773,-0.127356991,-0.0596780926,-0.00437317463,0.276236981,-0.247408777,0.20504491,-0.448805034,0.216490939,0.0675671771,-0.396565199,-0.291573495,0.213262424,0.854228497,-0.437993646,0.0115788002,-0.189361885,-0.305205435,0.0180304628,0.193039581,-0.0190425664,-0.00134202465,-0.211633354,0.143420711,0.305303752,0.0053796093,-0.00519323675,-0.0564309545,0.133596793,-0.0720834285,0.0879132748,-0.00808176864,0.145412609,-0.198161423,0.0325288922,-0.0931088477,0.330730021,-0.167242616,-0.058913365,-0.0852942616,0.0264708102,-0.0154719427,0.270955503,-0.173007548,0.0844973773,0.00213349424,0.280762017,0.00773730688,0.336699486,0.56756711,0.0823623091,0.932024181,0.138653308,-0.0576147623,0.164195836,0.332108676,-0.288574934,-0.011912724,0.988838017,-0.118892118,-0.0644867048,0.00173458364,-0.146217942,0.112548999,-0.125419468,0.259419858,-0.182291746,0.0131347179,-0.130435348,-0.0416242369,0.0214197896,0.380816609,-0.232437253,0.0837938413,-0.0346131623,0.244626686,-0.0137041183,0.318201095,0.499036968,0.0578613281,0.878665447,0.161009341,-0.0371285677,0.150334924,0.365270406,-0.325048,-0.00211690925,0.973833203,-0.106706187,-0.0666645393,0.0195086524,-0.197633237,0.0333425999,-0.0934374109,0.330004871,-0.167395651,-0.0581807233,-0.0857532918,0.0257783681,-0.0150967985,0.272072673,-0.173611879,0.0844902247,0.00175982714,0.280394554,0.00751927495,0.336511374,0.566870272,0.0821131617,0.9314816,0.13888064,-0.0574064441,0.164054886,0.33244589,-0.288945824,-0.0118131125,0.988685429,-0.1187682,-0.0645088479,0.00191532355
0.145916683,3214753.79,0,0,0.00535701681,1.03269704e-05,0,0.181579962,0.0107875392,1,0.706110656,-0.0191078689,0.0112132244,-0.707754791,0.341985255,-0.0431845635,-0.0938589424,-2.24207754e-44,2.24207754e-44,2.24207754e-44,-0.239660949,0.130768195,-0.12259002,0.425631046,-0.186032325,-0.12213438,-0.0350572728,-0.0501628332,-0.0238309894,0.275760531,-0.227647826,0.0853741989,0.0165305976,0.0240033027,0.00445351191,0.349248409,0.421039104,0.0374675803,1.00821936,0.127211303,-0.0305695757,0.117681056,0.296212643,-0.22626327,-0.00863460731,1.00170779,-0.126004875,-0.0598064363,-0.00208979961,0.334412634,-0.286331892,0.244089767,-0.512841523,0.24529779,0.0751866326,-0.449575722,-0.339137346,0.251263767,0.99933213,-0.511778653,0.0130146844,-0.244723409,-0.34191379,0.0364771709,0.226730779,-0.0464471765,-0.00129169482,-0.242761761,0.169686526,0.349364042,0.00431766175,0.00185591797,-0.101006396,0.160756364,-0.124315239,0.102258421,-0.0118094701,0.172899544,-0.193378299,0.051316388,-0.10160847,0.323787332,-0.171566233,-0.0479521751,-0.0913793445,0.018514879,-0.0100115333,0.287751853,-0.181701273,0.0829990059,-0.000709325075,0.277594656,0.0052150581,0.335499436,0.554909229,0.0786050856,0.925471306,0.141086891,-0.0550174713,0.161409542,0.335325122,-0.293054044,-0.0101167308,0.986064315,-0.118005745,-0.0648398921,0.0035924986,-0.14746812,0.135307536,-0.136583835,0.260322869,-0.188280284,0.020753853,-0.133517414,-0.0436289161,0.0249921214,0.392612606,-0.237970248,0.080711782,-0.0325594135,0.245842516,-0.014372359,0.319734395,0.48696512,0.0552061051,0.876405776,0.161281869,-0.0360849649,0.147404492,0.364824206,-0.326592475,-0.000420192257,0.971185148,-0.107509106,-0.0669421032,0.0195590816,-0.192843586,0.0522946417,-0.102015838,0.323048145,-0.171760902,-0.047151953,-0.0918701291,0.0177910849,-0.00960384496,0.288973153,-0.182356626,0.0829723626,-0.00108028576,0.277224839,0.00498692319,0.335315824,0.554117918,0.0783325583,0.924899876,0.141322106,-0.0547969602,0.161246419,0.335668683,-0.293444663,-0.0100037949,0.985890985,-0.117883496,-0.0648643821,0.0037784623
0.156927644,3214753.8,0,0,0.016367978,5.58700413e-06,0,0.181579962,0.00161877275,1,0.705635309,-0.0177341551,0.00951292459,-0.708289325,0.373451144,-0.0382815413,-0.13192822,-2.24207754e-44,2.24207754e-44,2.24207754e-44,-0.235647053,0.127257079,-0.119298019,0.419421703,-0.18310073,-0.121178694,-0.0412425399,-0.0543682799,-0.0203563273,0.288975269,-0.234320879,0.0854987353,0.0136239035,0.0197900441,0.00475751981,0.352107048,0.420245349,0.0374513976,1.00500405,0.129451662,-0.0260298532,0.117722422,0.296505511,-0.22782281,-0.00651529618,0.999664307,-0.124783486,-0.0600178391,7.23273988e-05,0.340825588,-0.298791051,0.285801798,-0.520519614,0.244390368,0.0809758678,-0.540756702,-0.357819855,0.305958301,1.1528604,-0.580120623,0.00916455686,-0.249807581,-0.354615778,0.0271688662,0.241748124,-0.0812907591,-0.00146325096,-0.279585332,0.197114661,0.393239349,0.00298144948,0.0393362194,-0.150177866,0.182959124,-0.200386867,0.102499187,-0.0233959742,0.18420057,-0.187518224,0.0620372146,-0.106072813,0.315686584,-0.173699662,-0.0391823798,-0.0967579484,0.0105827004,-0.00554358587,0.301136523,-0.188883573,0.0827070624,-0.00477474555,0.273541749,0.00271487609,0.333487153,0.546236694,0.0756183863,0.919208527,0.143664628,-0.0526008829,0.159621894,0.339090437,-0.297334969,-0.00887904223,0.984165072,-0.11666593,-0.0651082247,0.00563051086,-0.14746812,0.135307536,-0.136583835,0.260322869,-0.188280284,0.020753853,-0.133517414,-0.0436289161,0.0249921214,0.392612606,-0.237970248,0.080711782,-0.0325594135,0.245842516,-0.014372359,0.319734395,0.48696512,0.0552061051,0.876405776,0.161281869,-0.0360849649,0.147404492,0.364824206,-0.326592475,-0.000420192257,0.971185148,-0.107509106,-0.0669421032,0.0195590816,-0.186969861,0.0630404353,-0.106490567,0.314928532,-0.173899293,-0.0383617282,-0.0972612649,0.00984042883,-0.00512548909,0.302389026,-0.189555675,0.0826797411,-0.00515517592,0.273162484,0.00248091668,0.333298832,0.545425117,0.0753389001,0.918622434,0.143905848,-0.0523747429,0.159454614,0.33944279,-0.297735572,-0.00876322296,0.983987391,-0.116540559,-0.0651333332,0.00582122151
0.167897587,3214753.81,0,0,0.00734180678,4.28687781e-06,0,0.175976194,0.0152562484,1,0.705089748,-0.0163057279,0.0076551591,-0.708889246,0.396838427,-0.0428595096,-0.159261584,-2.24207754e-44,2.24207754e-44,2.24207754e-44,-0.231414974,0.123572595,-0.115787283,0.413137436,-0.180168793,-0.120206431,-0.0479240492,-0.0587479286,-0.0165159404,0.303385288,-0.241570294,0.0855842978,0.0104661044,0.0155224921,0.00515676849,0.354976147,0.418991327,0.0374295935,1.00155258,0.131960616,-0.0211503934,0.117749207,0.297276467,-0.229955167,-0.00429510698,0.996833861,-0.12353044,-0.0604134127,0.00232059252,0.348640054,-0.306800127,0.311459243,-0.516445041,0.237762034,0.0827819929,-0.598668694,-0.366129994,0.348057717,1.2639569,-0.630565941,0.00342678884,-0.250368208,-0.357052088,0.025984671,0.237170875,-0.121772997,-0.00209963578,-0.303310812,0.217903197,0.423032612,0.00139146345,0.0903652981,-0.19912754,0.192657351,-0.268737376,0.102466598,-0.0384584218,0.188545749,-0.181572288,0.0879053846,-0.118595228,0.308667719,-0.180723831,-0.0241507068,-0.105146304,0.00100403279,0.00158331171,0.322652787,-0.200002134,0.0796922222,-0.0071298033,0.270689338,-0.000106871128,0.332834721,0.528330922,0.0702519417,0.911693573,0.146187544,-0.049322553,0.155642778,0.342802942,-0.302382618,-0.00638060365,0.980541945,-0.115848728,-0.065461725,0.00771465991,-0.14724274,0.160736471,-0.150094151,0.262014896,-0.196472138,0.0313268863,-0.138615608,-0.0464878008,0.0294921175,0.40637058,-0.244639933,0.0761635825,-0.0297620222,0.247789189,-0.0149440281,0.321975648,0.471434712,0.0511928052,0.874228537,0.161226496,-0.0346129946,0.143722177,0.364788771,-0.327932,0.00170115754,0.968281567,-0.108362496,-0.067087993,0.0196646284,-0.181050017,0.0890133902,-0.119074427,0.307957977,-0.180963412,-0.0233067051,-0.105655476,0.000281520188,0.00200789794,0.323926419,-0.200681239,0.0796385407,-0.00747411698,0.270340949,-0.000332593918,0.332669526,0.527465343,0.06996198,0.911123633,0.146416336,-0.0490987748,0.155461431,0.343137413,-0.3027713,-0.00625765324,0.980355442,-0.115734838,-0.0654864609,0.0078964578
0.177898592,3214753.82,0,0,0.0173428119,4.80003655e-06,0,0.175976194,0.00205621123,1,0.704506874,-0.0150439069,0.00605686894,-0.709511817,0.40673247,-0.0511324368,-0.173998475,-2.24207754e-44,2.24207754e-44,2.24207754e-44,-0.227997392,0.120520823,-0.112582467,0.40816322,-0.177907437,-0.119390488,-0.0542352013,-0.0623768196,-0.0128281973,0.316595018,-0.248121545,0.0855749175,0.00801830553,0.0119981952,0.00540364301,0.357292116,0.417544752,0.0374060161,0.998356044,0.134188995,-0.0167870726,0.11775627,0.298465282,-0.232208222,-0.00229603518,0.993832111,-0.122539453,-0.0608623698,0.00420519151,0.343906254,-0.306260675,0.317530483,-0.487556189,0.220646948,0.0795469359,-0.634378672,-0.361182898,0.372329295,1.34224927,-0.665911615,-0.00318967807,-0.252166361,-0.348142654,0.031825427,0.226569772,-0.160140112,-0.0024845053,-0.326225489,0.224017531,0.44067812,0.000423515972,0.133311927,-0.241720885,0.201447278,-0.314220428,0.0986369774,-0.0494076386,0.188920453,-0.176430091,0.0988146961,-0.123313427,0.301679611,-0.183082759,-0.0158407614,-0.110159643,-0.00610973686,0.00576375052,0.3351928,-0.206688404,0.0791636705,-0.0105198659,0.267259121,-0.00232931785,0.331208169,0.519808471,0.0673970878,0.906081736,0.148440212,-0.0471192226,0.153857201,0.346096188,-0.306209624,-0.00517004263,0.978705466,-0.11472737,-0.0657053217,0.00950463582,-0.14724274,0.160736471,-0.150094151,0.262014896,-0.196472138,0.0313268863,-0.138615608,-0.0464878008,0.0294921175,0.40637058,-0.244639933,0.0761635825,-0.0297620222,0.247789189,-0.0149440281,0.321975648,0.471434712,0.0511928052,0.874228537,0.161226496,-0.0346129946,0.143722177,0.364788771,-0.327932,0.00170115754,0.968281567,-0.108362496,-0.067087993,0.0196646284,-0.175927639,0.0998806432,-0.123774439,0.30099681,-0.183313251,-0.0150287971,-0.110649496,-0.00680482388,0.00617222115,0.336418092,-0.207341716,0.0791120231,-0.0108511075,0.266923964,-0.00254647247,0.331049234,0.518975735,0.0671181381,0.905533373,0.148660332,-0.0469039343,0.153682739,0.346417964,-0.306583583,-0.00505175907,0.978526056,-0.114617802,-0.0657291189,0.00967953447
0.187900858,3214753.83,0,0,0.00731742801,5.39561734e-06,0,0.227086712,0.0178858414,1,0.7040115,-0.0140470518,0.00471950788,-0.710033953,0.42263329,-0.0478270464,-0.212732822,-2.24207754e-44,2.24207754e-44,2.24207754e-44,-0.225255281,0.118083976,-0.110008724,0.404379696,-0.176217496,-0.118753612,-0.0594569966,-0.0652244911,-0.00971316546,0.327658385,-0.253589094,0.0854869261,0.00603031972,0.00924277958,0.00568551756,0.359047651,0.416105986,0.0373841003,0.995638371,0.135986611,-0.013189774,0.11775431,0.299706608,-0.234302253,-0.000652030634,0.991181433,-0.12174122,-0.0612819567,0.00573599851,0.335343599,-0.30175519,0.348600239,-0.463560075,0.202814057,0.085027501,-0.707801878,-0.353914469,0.430171311,1.45938253,-0.713127792,-0.0215151738,-0.22211276,-0.35171029,0.0270729642,0.22172077,-0.190473869,-0.00275181909,-0.368696064,0.225713417,0.471474916,-0.000786331424,0.17353186,-0.275345176,0.219731539,-0.354417294,0.102786936,-0.0514800698,0.198758647,-0.170997605,0.12695612,-0.138080731,0.297258556,-0.193424284,0.00263083726,-0.119893909,-0.01543881,0.0136668421,0.357320249,-0.218332544,0.0742073581,-0.0112572834,0.265616804,-0.00461213477,0.331779808,0.498682946,0.0608253852,0.899444342,0.150199428,-0.0434840396,0.148856372,0.349784374,-0.310322762,-0.00226806477,0.9748137,-0.113950834,-0.0658659413,0.0115911746,-0.146509677,0.185481384,-0.164419606,0.265151799,-0.207763121,0.0460384674,-0.145523876,-0.0500331745,0.0349540636,0.420550555,-0.25198558,0.0699504837,-0.0262761861,0.250065565,-0.0151700173,0.324939758,0.453302294,0.0458234996,0.872439384,0.160681486,-0.0324741863,0.139121085,0.365550011,-0.328575373,0.00413890556,0.96529603,-0.108772218,-0.0669877306,0.0201926678,-0.170523241,0.128089845,-0.138590962,0.296636611,-0.193702057,0.00347170979,-0.120390415,-0.0161089599,0.0140792094,0.358545125,-0.218984455,0.074124895,-0.0115482248,0.265315533,-0.00481665879,0.331647307,0.497803867,0.0605347753,0.898921192,0.150402486,-0.0432707593,0.148667783,0.350089788,-0.310676366,-0.00214395113,0.974629283,-0.113850519,-0.0658876747,0.0117577994
0.198899748,3214753.84,0,0,0.0183163183,5.86220995e-06,0,0.227086712,0.00445133448,1,0.703132153,-0.012526067,0.00269289501,-0.710943758,0.397869438,-0.0756159946,-0.181863934,-2.24207754e-44,2.24207754e-44,2.24207754e-44,-0.221496388,0.114585698,-0.105985679,0.399469197,-0.174123913,-0.117792867,-0.0681271255,-0.0692319423,-0.00445732847,0.345630139,-0.262330055,0.0850586966,0.0033793936,0.00527839549,0.00608952902,0.361484915,0.413421571,0.0373435244,0.991057634,0.13864094,-0.00750781549,0.117732033,0.302189946,-0.237959832,0.0020305051,0.986694276,-0.120562412,-0.0619281083,0.00809167512,0.302882701,-0.282581359,0.288203478,-0.363608211,0.153701708,0.0709872767,-0.670633316,-0.312626481,0.40061,1.45076442,-0.711105585,-0.0407370105,-0.250539392,-0.297484607,0.0525931977,0.177450433,-0.250971556,-0.00401621964,-0.361484081,0.215475619,0.450113565,-0.0025804895,0.22433567,-0.322875381,0.209134653,-0.365288913,0.0912012458,-0.0577856191,0.185558513,-0.165941015,0.1390412,-0.143519536,0.290628731,-0.19638516,0.0115942284,-0.125186339,-0.0225823224,0.0180625133,0.370376885,-0.225281671,0.073328346,-0.0143585876,0.262405574,-0.00679226778,0.330367386,0.489312142,0.0577275939,0.89386797,0.152363911,-0.0412105769,0.146846101,0.353039891,-0.314091802,-0.000945068896,0.972848356,-0.112881489,-0.0660975873,0.013367326,-0.146509677,0.185481384,-0.164419606,0.265151799,-0.207763121,0.0460384674,-0.145523876,-0.0500331745,0.0349540636,0.420550555,-0.25198558,0.0699504837,-0.0262761861,0.250065565,-0.0151700173,0.324939758,0.453302294,0.0458234996,0.872439384,0.160681486,-0.0324741863,0.139121085,0.365550011,-0.328575373,0.00413890556,0.96529603,-0.108772218,-0.0669877306,0.0201926678,-0.165503979,0.140085727,-0.143989623,0.290055722,-0.196641073,0.0123689398,-0.12564376,-0.0231997371,0.0184424333,0.37150538,-0.225882292,0.073252365,-0.0146266371,0.262128025,-0.00698069856,0.330245316,0.488502234,0.0574598499,0.893386006,0.15255098,-0.0410140827,0.146672353,0.353321254,-0.314417571,-0.00083072111,0.972678483,-0.112789065,-0.0661176071,0.0135208396
0.208902298,3214753.85,0,0,0.00831070263,6.43357635e-06,0,0.211746898,0.0173671246,1,0.702529311,-0.0114868209,0.00100832991,-0.711561382,0.377296358,-0.0771480799,-0.20463337,-2.24207754e-44,2.24207754e-44,2.24207754e-44,-0.218524143,0.111931421,-0.103308238,0.396153063,-0.172776446,-0.117121369,-0.074605763,-0.0720647797,-0.000424685859,0.359932661,-0.269327819,0.0844227895,0.000955364842,0.00255463109,0.00664578518,0.362954408,0.410644054,0.037231449,0.987564266,0.140718266,-0.00314358156,0.117676668,0.304727256,-0.241337299,0.00397445448,0.983229458,-0.119651459,-0.0624888763,0.00991231576,0.27453801,-0.243722171,0.282517076,-0.296150118,0.110566154,0.0765083805,-0.6895082,-0.251057118,0.454188943,1.47255611,-0.707336307,-0.105122678,-0.194684967,-0.256643206,0.0400663354,0.125477299,-0.294915408,-0.0212947614,-0.361851394,0.201439053,0.447604686,-0.0109795239,0.286081135,-0.35033834,0.195098758,-0.348048389,0.0942887589,-0.0500959717,0.189353094,-0.162622288,0.166075349,-0.157859176,0.289391279,-0.210939676,0.0355535671,-0.137474492,-0.0322091207,0.0271610059,0.391029716,-0.238338277,0.0655024946,-0.0128762722,0.261223614,-0.00812178105,0.332362622,0.465788424,0.0501924418,0.888483763,0.153251201,-0.0363448933,0.14084366,0.356012255,-0.316890478,0.00242058933,0.969111264,-0.111888058,-0.0659705251,0.01632699,-0.147562295,0.206161827,-0.17636551,0.270312995,-0.222460568,0.0661228821,-0.155125797,-0.0545428246,0.0415841267,0.432505608,-0.260855407,0.061331097,-0.0213589966,0.251858026,-0.0145931244,0.328782231,0.434156358,0.0397872552,0.871506274,0.159583345,-0.0288509205,0.133852929,0.365887165,-0.328185409,0.00689603388,0.962733507,-0.108640738,-0.0666006133,0.0220013168,-0.162241355,0.167089313,-0.158327281,0.28890869,-0.211231083,0.0363267884,-0.137920961,-0.0327740312,0.027525831,0.392078817,-0.238907829,0.0653969869,-0.0130908377,0.260986716,-0.00828546844,0.332272053,0.464988321,0.04992925,0.888054311,0.153411359,-0.0361553393,0.140666842,0.356262028,-0.317176163,0.00253379345,0.968949914,-0.111805923,-0.0659864619,0.016470518
0.218917957,3214753.86,0,0,0.0183263617,6.74184412e-06,0,0.211746898,0.00394812226,1,0.701916456,-0.0106614316,-0.000230017802,-0.712179422,0.355998844,-0.0687383115,-0.219992712,-2.24207754e-44,2.24207754e-44,2.24207754e-44,-0.216580674,0.110177003,-0.101062194,0.394185454,-0.172133803,-0.116466835,-0.0803437084,-0.073773928,0.00347517245,0.371898472,-0.274987459,0.0832930282,-0.000310606672,0.000695981958,0.00684054662,0.363776714,0.408101618,0.036968451,0.984564364,0.142225772,0.00048973941,0.11753612,0.307281554,-0.244256452,0.00554688182,0.980508268,-0.118887,-0.0628216043,0.0114849266,0.230117664,-0.208966553,0.270474702,-0.222234845,0.0667967722,0.0821860284,-0.718365192,-0.196119308,0.492628306,1.49608815,-0.704173267,-0.153593376,-0.152477026,-0.219368681,0.0196214207,0.0932466686,-0.332123995,-0.0362701677,-0.380762875,0.180614784,0.453784555,-0.02065547,0.332920671,-0.372269511,0.19700186,-0.329489738,0.0960411504,-0.0369620845,0.199810341,-0.158964097,0.175812662,-0.162354514,0.284757018,-0.213738188,0.042979084,-0.141762123,-0.0376341492,0.0306644924,0.40110451,-0.243807852,0.0644892305,-0.0149367936,0.258948654,-0.00969371945,0.331492901,0.458104759,0.0476649404,0.884359777,0.154789329,-0.0345245488,0.139145568,0.358410954,-0.31963411,0.00350770913,0.967562079,-0.111099258,-0.0661235824,0.0177053288,-0.147562295,0.206161827,-0.17636551,0.270312995,-0.222460568,0.0661228821,-0.155125797,-0.0545428246,0.0415841267,0.432505608,-0.260855407,0.061331097,-0.0213589966,0.251858026,-0.0145931244,0.328782231,0.434156358,0.0397872552,0.871506274,0.159583345,-0.0288509205,0.133852929,0.365887165,-0.328185409,0.00689603388,0.962733507,-0.108640738,-0.0666006133,0.0220013168,-0.158620149,0.176728174,-0.162777171,0.284321278,-0.214001298,0.0436772481,-0.142165259,-0.0381442159,0.0309938975,0.402051777,-0.244322121,0.0643939674,-0.0151305236,0.258734763,-0.00984151661,0.331411123,0.457382321,0.0474273004,0.883972049,0.154933944,-0.0343533978,0.138985902,0.358636469,-0.319892079,0.00360992178,0.967416406,-0.111025095,-0.0661379695,0.0178349204
0.22891803,3214753.87,0,0,0.00830114819,4.33437526e-06,0,0.209480058,0.0225107223,1,0.701104879,-0.00961112697,-0.0020203006,-0.712990522,0.324969113,-0.0631676242,-0.209604323,-2.24207754e-44,2.24207754e-44,2.24207754e-44,-0.214014769,0.107907258,-0.0983686745,0.392120987,-0.171680436,-0.115402423,-0.0883684158,-0.0756751001,0.00921782386,0.389153332,-0.283169687,0.0814587399,-0.00221036049,-0.00153435767,0.0071245865,0.364508271,0.403755724,0.0363723934,0.980124831,0.144131154,0.00563922524,0.117170818,0.311564922,-0.248826876,0.0077545098,0.977090538,-0.117786959,-0.0631609038,0.0138798887,0.169069916,-0.171639442,0.224096432,-0.120216899,0.000754010107,0.138107628,-0.710679412,-0.121568426,0.530116618,1.46486318,-0.685296357,-0.176802263,-0.117485106,-0.16827403,-0.00725448597,0.0379644968,-0.380449593,-0.0670517907,-0.380290031,0.143823028,0.43204987,-0.0466084555,0.388891906,-0.38886705,0.184158325,-0.261864215,0.0929112732,-0.0196503829,0.220518351,-0.162385911,0.193682894,-0.172102004,0.287640095,-0.230433822,0.0718729571,-0.155111223,-0.05238235,0.041070167,0.416881204,-0.259848148,0.0533422194,-0.0117668435,0.255326748,-0.00838405639,0.335133255,0.436287403,0.0396952815,0.882452428,0.154991627,-0.0287569165,0.132082015,0.359406233,-0.321133435,0.00690220669,0.965328276,-0.110271536,-0.0650425553,0.0219423175,-0.154849112,0.216627851,-0.182854831,0.277937174,-0.238263816,0.0910021886,-0.165800363,-0.0656780601,0.0497507416,0.440331459,-0.273378223,0.0499618649,-0.0158792231,0.250025153,-0.0116398251,0.333643585,0.417356908,0.033383444,0.873339832,0.158335969,-0.0242080707,0.127658725,0.364694357,-0.327220559,0.00961346552,0.961742878,-0.108479075,-0.0652576387,0.0253727231,-0.162123412,0.194481999,-0.172476485,0.287302166,-0.230706528,0.0725391731,-0.155483499,-0.0528454036,0.0413724817,0.417697906,-0.260319352,0.0532244928,-0.011910066,0.255142123,-0.00849744491,0.335081369,0.435628116,0.0394754596,0.882135034,0.155108109,-0.0285984948,0.131927967,0.359590411,-0.321345419,0.00699663162,0.965203404,-0.110209107,-0.0650500432,0.0220617875
0.23989722,3214753.89,0,0,0.0192803382,4.24915925e-06,0,0.209480058,0.000855505466,1,0.700227797,-0.00853897259,-0.00361240981,-0.71385926,0.311581045,-0.0651196986,-0.18667537,-2.24207754e-44,2.24207754e-44,2.24207754e-44,-0.212458819,0.10605941,-0.0959236845,0.391425967,-0.172150537,-0.113274351,-0.0970060006,-0.0765843019,0.0163466595,0.406646937,-0.291226149,0.0796732157,-0.00331453886,-0.00328689069,0.00692255516,0.364724904,0.398867995,0.0353568234,0.97523886,0.145550683,0.0107155684,0.116317481,0.316510409,-0.253570616,0.00998373982,0.974457979,-0.116701044,-0.0633024722,0.0168175511,0.116792575,-0.155312568,0.173800781,-0.028996326,-0.0541592687,0.183061779,-0.687684476,-0.0333367996,0.718316972,1.40888882,-0.684963644,-0.17105037,-0.100458667,-0.141191438,-0.0107487217,0.00923334621,-0.422801793,-0.093219161,-0.425904781,0.0992992818,0.409005284,-0.0872820914,0.422190189,-0.394767135,0.186164752,-0.185781166,0.0877456591,-0.00814040285,0.256102175,-0.159777075,0.201625228,-0.175824061,0.284281462,-0.233144164,0.0784944817,-0.158811241,-0.0569846183,0.0440749191,0.424998432,-0.264531553,0.0521721207,-0.0131903328,0.25349164,-0.00951103121,0.334617615,0.429734677,0.0375104584,0.879298091,0.156149268,-0.0271823481,0.130550906,0.361236691,-0.323240459,0.00784070045,0.964087188,-0.109651081,-0.065117009,0.0231297426,-0.154849112,0.216627851,-0.182854831,0.277937174,-0.238263816,0.0910021886,-0.165800363,-0.0656780601,0.0497507416,0.440331459,-0.273378223,0.0499618649,-0.0158792231,0.250025153,-0.0116398251,0.333643585,0.417356908,0.033383444,0.873339832,0.158335969,-0.0242080707,0.127658725,0.364694357,-0.327220559,0.00961346552,0.961742878,-0.108479075,-0.0652576387,0.0253727231,-0.159573227,0.202245772,-0.176114857,0.284019053,-0.23335591,0.0790118352,-0.159100324,-0.0573441982,0.0443096869,0.425632656,-0.264897466,0.0520806983,-0.0133015513,0.253348231,-0.00959908217,0.334577322,0.429222703,0.0373397544,0.879051685,0.156239718,-0.0270593241,0.13043128,0.361379713,-0.323405087,0.0079140272,0.963990211,-0.109602608,-0.0651228204,0.0232225172
0.249897609,3214753.9,0,0,0.00931258965,4.48292121e-06,0,0.204209238,0.0230202824,1,0.699837923,-0.00780602498,-0.00471184868,-0.714243472,0.32634443,-0.0415833481,-0.132892996,-2.24207754e-44,2.24207754e-44,2.24207754e-44,-0.211771846,0.104608014,-0.0949079096,0.391445488,-0.172716424,-0.111504897,-0.102050073,-0.0764486715,0.0237900782,0.417039752,-0.297242224,0.0771628246,-0.00429737521,-0.00450258655,0.00671740901,0.36471042,0.395448774,0.0344438069,0.971798301,0.146206722,0.0137752229,0.115471691,0.320061684,-0.2566531,0.0114224264,0.973274648,-0.116093807,-0.063346453,0.0188941937,0.0456740335,-0.18866238,0.115584955,0.0386260003,-0.0978623554,0.290308356,-0.638763547,0.016190473,0.918804824,1.27678716,-0.758607507,-0.319603533,-0.104040682,-0.150022343,-0.0554322749,-0.0174432024,-0.431737512,-0.138842225,-0.425527722,0.0725290701,0.370059609,-0.120175295,0.46518144,-0.383176148,0.17521967,-0.122109011,0.0615818612,-0.00334231346,0.268098384,-0.16961357,0.208175376,-0.179592401,0.290750444,-0.246722072,0.106132738,-0.170983508,-0.0738833994,0.0550544299,0.433217466,-0.281137943,0.0391670689,-0.00724701956,0.248541892,-0.00432556681,0.339842469,0.413408637,0.0298907161,0.88212508,0.155597568,-0.0200690217,0.123769298,0.359318852,-0.32488656,0.0107615311,0.963557601,-0.11031425,-0.063130796,0.0275315866,-0.167014837,0.217585668,-0.184031084,0.287150443,-0.250399113,0.11488881,-0.175741926,-0.079874374,0.0589636564,0.442897618,-0.287210286,0.0372862853,-0.0086413417,0.24622646,-0.00540973339,0.339463532,0.405196279,0.0270631667,0.878610671,0.156907305,-0.0179646481,0.121728569,0.3613469,-0.327379286,0.0119616427,0.96210742,-0.109627366,-0.0631349236,0.0290790256,-0.169483155,0.208647668,-0.179815173,0.290569782,-0.246906608,0.106572203,-0.171222329,-0.0741840899,0.0552506335,0.433703303,-0.281442702,0.0390726738,-0.00731699914,0.248425677,-0.00437998027,0.339823425,0.412996471,0.0297488049,0.88194865,0.155663311,-0.0199634023,0.123666883,0.359420657,-0.325011671,0.0108217634,0.963484824,-0.110279784,-0.0631310046,0.0276092514
0.25989957,3214753.91,0,0,0.0193145508,4.88385558e-06,0,0.204209238,0.000481128693,1,0.69939667,-0.00686062826,-0.00594233116,-0.714676142,0.290587157,-0.0457939468,-0.113492467,-2.24207754e-44,2.24207754e-44,2.24207754e-44,-0.211648807,0.102921687,-0.0940002948,0.392342567,-0.17403312,-0.108114779,-0.108345479,-0.0766156614,0.0304023754,0.429630995,-0.304128438,0.0754649416,-0.00486718118,-0.00564395264,0.0060755806,0.363978744,0.390886694,0.0326455198,0.967861891,0.146836162,0.01710473,0.114012823,0.324969172,-0.260467976,0.0130121382,0.972559333,-0.115676448,-0.0633468851,0.0215663947,0.00662380923,-0.152382419,0.0656065494,0.111741818,-0.143459126,0.340502769,-0.596216142,-0.025065124,0.523418486,1.22201908,-0.647589922,-0.105405353,-0.0400812998,-0.0877977684,-0.0550371036,-0.107937112,-0.475165546,-0.199481606,-0.369295448,0.0585141852,0.301395446,-0.160351425,0.501874685,-0.377737701,0.146374255,-0.0446895994,0.0328289084,0.00202888856,0.256994486,-0.16846478,0.212335289,-0.181554556,0.28915903,-0.248347551,0.110003449,-0.173087016,-0.0765317827,0.0567825399,0.437496662,-0.283822298,0.0383356512,-0.00786339492,0.247518331,-0.00480483286,0.33967495,0.409778297,0.0286407694,0.880571485,0.156176552,-0.0191387609,0.122867174,0.360215366,-0.325988501,0.0112920515,0.962916553,-0.110010609,-0.0631326213,0.0282156505,-0.167014837,0.217585668,-0.184031084,0.287150443,-0.250399113,0.11488881,-0.175741926,-0.079874374,0.0589636564,0.442897618,-0.287210286,0.0372862853,-0.0086413417,0.24622646,-0.00540973339,0.339463532,0.405196279,0.0270631667,0.878610671,0.156907305,-0.0179646481,0.121728569,0.3613469,-0.327379286,0.0119616427,0.96210742,-0.109627366,-0.0631349236,0.0290790256,-0.168371022,0.212674811,-0.181714714,0.289029151,-0.248480201,0.110319354,-0.173258692,-0.0767479241,0.0569235794,0.437845945,-0.284041375,0.038267795,-0.00791369751,0.247434795,-0.00484394841,0.33966127,0.409482002,0.0285387561,0.880444705,0.156223804,-0.0190628357,0.122793548,0.36028856,-0.326078445,0.0113353506,0.96286422,-0.109985828,-0.0631327704,0.0282714777
0.270901232,3214753.92,0,0,0.010310899,5.2456744e-06,0,0.184581149,0.0173733458,1,0.698939741,-0.00589773944,-0.00725365989,-0.715119481,0.260369778,-0.00305550219,-0.127096355,-2.24207754e-44,2.24207754e-44,2.24207754e-44,-0.211917967,0.101432487,-0.0934749395,0.394162238,-0.176067695,-0.103415027,-0.115048178,-0.0767968446,0.0351933502,0.443269968,-0.3113029,0.0746715218,-0.00484128715,-0.00623639813,0.0051917946,0.362116635,0.384806752,0.0297917314,0.963951766,0.147405863,0.0201510079,0.111809671,0.331299037,-0.264887094,0.0145254973,0.972301483,-0.115389906,-0.0630656183,0.0244967639,-0.0833437294,-0.112984486,0.0512357652,0.210822836,-0.213691637,0.52387619,-0.579266071,-0.00653610891,0.362572849,1.09322941,-0.57554394,-0.0540094189,0.0669965148,-0.0293895174,-0.124049231,-0.1937204,-0.523068786,-0.286496311,-0.298765451,0.0335198008,0.242854327,-0.206290856,0.557823539,-0.366191894,0.117393017,-0.0100854347,0.0170975365,0.061528828,0.260048658,-0.184117779,0.204543576,-0.17656371,0.299161673,-0.256887525,0.130043507,-0.181139037,-0.0934111029,0.0687710792,0.434864163,-0.297946751,0.0258869603,0.000222189352,0.239776701,0.0038851127,0.346072346,0.401974559,0.0225647092,0.88698709,0.155232862,-0.0103063248,0.117381006,0.35574165,-0.329610109,0.0129015148,0.963609934,-0.113024831,-0.0600046255,0.032474827,-0.183654949,0.206683397,-0.177560553,0.298409671,-0.25783357,0.132293507,-0.18233484,-0.0949806273,0.0698044673,0.437116414,-0.299509257,0.0253263935,-2.91066244e-05,0.239158556,0.00371251628,0.346043915,0.399968565,0.0218418837,0.88622123,0.155532017,-0.00972746871,0.116848879,0.356176287,-0.330230892,0.0131991096,0.963275373,-0.112891838,-0.0599759184,0.0328792706,-0.184076548,0.204734191,-0.176652521,0.299094677,-0.256971806,0.130243927,-0.181245551,-0.0935509205,0.0688631386,0.435064793,-0.298085928,0.0258370228,0.000199804083,0.239721641,0.00386973843,0.346069813,0.401795864,0.0225003213,0.886918902,0.155259505,-0.0102547593,0.117333606,0.355780363,-0.329665422,0.0129280239,0.963580132,-0.113012984,-0.0600020699,0.0325108543
0.281515943,3214753.93,0,0,0.000408947933,1.14180148e-05,0,0.202620868,0.029030934,1,0.698493123,-0.0051033888,-0.00819151849,-0.715551674,0.228716314,-0.0375712253,-0.121226214,-2.24207754e-44,2.24207754e-44,2.24207754e-44,-0.212679997,0.100509711,-0.0931094959,0.396442235,-0.178328395,-0.0978526175,-0.120244995,-0.0766882598,0.0384078063,0.453335166,-0.316719532,0.0743340701,-0.00391062256,-0.00626255199,0.00412609801,0.359823555,0.379262537,0.0266746767,0.9612571,0.147632271,0.0222993344,0.109565653,0.336800486,-0.268489301,0.0156082967,0.972284615,-0.115263693,-0.0620410554,0.0270454623,-0.0541682206,-0.0726496205,0.0218201056,0.223915607,-0.223239496,0.540426135,-0.46254462,0.0269051548,0.291815877,0.939118683,-0.514391124,-0.0227338839,0.0958559364,0.0189541504,-0.082773678,-0.24659577,-0.57956332,-0.318348229,-0.247946665,0.017706627,0.188835263,-0.232968614,0.534808457,-0.354896903,0.100463636,0.00458497321,0.0105455881,0.122485176,0.240902483,-0.183806717,0.205981731,-0.177233681,0.298656255,-0.257523358,0.131555706,-0.181942731,-0.094465971,0.0694656223,0.436377883,-0.298996896,0.0255102068,5.32958657e-05,0.239361256,0.00376911275,0.346053243,0.400626361,0.0220789015,0.886472344,0.155433923,-0.00991728157,0.117023364,0.356033772,-0.330027342,0.0131015256,0.963385105,-0.112935446,-0.0599853322,0.0327466503,-0.207894206,0.177435771,-0.162147552,0.311575115,-0.258574128,0.138429597,-0.181586087,-0.112491667,0.0801808983,0.423618466,-0.308766931,0.0145732071,0.0081667034,0.228510305,0.0165178478,0.351740897,0.405073524,0.0183281228,0.894927621,0.154277518,0.000282600522,0.113151193,0.351480007,-0.334486634,0.0121292397,0.964423299,-0.116373636,-0.0550431609,0.0366341919,-0.207955316,0.176950797,-0.161926001,0.311738491,-0.258326292,0.137829483,-0.181276947,-0.112040713,0.0798867941,0.423065752,-0.308337986,0.0147452652,0.00821202248,0.228697091,0.0165314339,0.35173437,0.405582726,0.018524684,0.895105481,0.154202789,0.000107601285,0.11329861,0.351378441,-0.334314793,0.0120544638,0.96450752,-0.116399713,-0.0550626814,0.0365198366
0.29190724,3214753.94,0,0,0.0108002448,4.68688086e-06,0,0.202620868,8.12411308e-05,1,0.697997868,-0.00442738552,-0.00914788432,-0.716027737,0.172186226,0.00647853455,-0.124518752,-2.24207754e-44,2.24207754e-44,2.24207754e-44,-0.213494316,0.100113459,-0.0931635275,0.399259418,-0.181067541,-0.0909138545,-0.12538223,-0.0758639202,0.0412168242,0.463679433,-0.322188556,0.07277596,-0.00258855871,-0.00540232705,0.00291648391,0.356541246,0.371745616,0.0225245208,0.958857656,0.1477938,0.0242142063,0.106575981,0.342963248,-0.272677392,0.0164914355,0.972711205,-0.115184553,-0.0601623952,0.0297147464,-0.128476873,-0.0173588768,-0.0103896102,0.281971753,-0.25704363,0.710471332,-0.44109568,0.0921608582,0.216298267,0.802598655,-0.415792435,-0.181127995,0.157507226,0.105971947,-0.156212479,-0.308402985,-0.649579287,-0.398996979,-0.165376246,0.0109106796,0.168585733,-0.272053033,0.519184887,-0.348448247,0.0462044254,0.0613134988,0.00176908681,0.204057172,0.23476623,-0.207903013,0.177365884,-0.162115633,0.311598659,-0.258538425,0.138343126,-0.181541547,-0.112426683,0.0801385194,0.423538804,-0.308705121,0.0145980045,0.00817323476,0.228537217,0.0165198054,0.351739943,0.405146897,0.0183564499,0.894953251,0.154266745,0.000257380307,0.113172434,0.351465374,-0.334461868,0.0121184643,0.964435458,-0.116377391,-0.0550459735,0.0366177149,-0.207894206,0.177435771,-0.162147552,0.311575115,-0.258574128,0.138429597,-0.181586087,-0.112491667,0.0801808983,0.423618466,-0.308766931,0.0145732071,0.0081667034,0.228510305,0.0165178478,0.351740897,0.405073524,0.0183281228,0.894927621,0.154277518,0.000282600522,0.113151193,0.351480007,-0.334486634,0.0121292397,0.964423299,-0.116373636,-0.0550431609,0.0366341919,-0.207900643,0.177384645,-0.162124187,0.31159234,-0.258547992,0.138366312,-0.181553498,-0.112444133,0.080149889,0.423560202,-0.308721721,0.0145913512,0.00817148201,0.22852999,0.0165192802,0.351740211,0.405127198,0.0183488429,0.894946396,0.154269636,0.000264152884,0.113166735,0.351469308,-0.334468514,0.012121357,0.96443218,-0.116376385,-0.0550452173,0.0366221368
0.302921112,3214753.95,0,0,0.00235809805,1.29509717e-05,0,0.182411168,0.0453811884,1,0.697586417,-0.00392889278,-0.00968099385,-0.716424465,0.124681793,-0.0197900143,-0.104090862,-2.24207754e-44,2.24207754e-44,2.24207754e-44,-0.214695916,0.10016194,-0.0935349464,0.402079612,-0.183602169,-0.0834874362,-0.129172549,-0.0746935233,0.0430357978,0.470733315,-0.325857669,0.0707244799,-0.000892199168,-0.00392654492,0.00145539851,0.353161693,0.36487481,0.0182097889,0.957525015,0.147887021,0.0258524008,0.10364791,0.347770393,-0.276174486,0.0167652983,0.973783135,-0.115201518,-0.0578669645,0.0319529735,-0.0973487198,0.0224210359,-0.0606282428,0.265258372,-0.240236595,0.72543323,-0.322904229,0.134185791,0.154276863,0.635557234,-0.33245495,-0.21075964,0.161274061,0.175442591,-0.127168,-0.347670376,-0.715103507,-0.440892071,-0.114462458,0.008578334,0.151953459,-0.302812666,0.444381684,-0.349922627,0.018909106,0.139465883,-0.00327240699,0.234463245,0.206692964,-0.229597241,0.132054508,-0.14150469,0.329976469,-0.250872612,0.133559108,-0.178434357,-0.129318148,0.0881037861,0.408996969,-0.310270011,0.00316938013,0.0170978047,0.21652022,0.0308087915,0.357444793,0.419349551,0.0174058527,0.902865052,0.152716368,0.00929826498,0.11064142,0.348627836,-0.336963177,0.0107200183,0.966552377,-0.11882668,-0.0484232605,0.0394443087,-0.229597241,0.132054508,-0.14150469,0.329976469,-0.250872612,0.133559108,-0.178434357,-0.129318148,0.0881037861,0.408996969,-0.310270011,0.00316937966,0.0170978047,0.21652022,0.0308087915,0.357444793,0.419349551,0.0174058508,0.902865052,0.152716368,0.00929826871,0.11064142,0.348627836,-0.336963177,0.0107200183,0.966552377,-0.11882668,-0.0484232605,0.0394443087,-0.229597241,0.132054508,-0.14150469,0.329976469,-0.250872612,0.133559108,-0.178434357,-0.129318148,0.0881037861,0.408996969,-0.310270011,0.00316938013,0.0170978047,0.21652022,0.0308087915,0.357444793,0.419349551,0.0174058527,0.902865052,0.152716368,0.00929826498,0.11064142,0.348627836,-0.336963177,0.0107200183,0.966552377,-0.11882668,-0.0484232605,0.0394443087
0.313899842,3214753.96,0,0,0.013336828,5.50271943e-06,0,0.182411168,0,1,0.697224975,-0.003519997,-0.0100796334,-0.716772854,0.109792486,0.0223340783,-0.101940006,-2.24207754e-44,2.24207754e-44,2.24207754e-44,-0.216112435,0.100364506,-0.0942451358,0.405159324,-0.186131492,-0.0747839212,-0.132230565,-0.0732889175,0.0444319025,0.476258755,-0.328740716,0.0686639398,0.0011232082,-0.0019306757,-0.000122646641,0.34935692,0.35752359,0.0132238278,0.956646025,0.147955641,0.0274809022,0.100259699,0.352023274,-0.279699951,0.0168826561,0.975553215,-0.115273595,-0.0549846999,0.0339510664,-0.181736842,0.011753778,-0.0734170228,0.348170459,-0.266177803,0.996267855,-0.303838521,0.139369726,0.134829432,0.503382027,-0.261243582,-0.199658796,0.239375636,0.212119013,-0.182392389,-0.408346593,-0.744136214,-0.545833409,-0.0716984421,0.00570295472,0.176656678,-0.368412286,0.41760242,-0.355732799,0.00812000874,0.199777082,-0.00997560658,0.333217114,0.20026654,-0.229597241,0.132054508,-0.14150469,0.329976469,-0.250872612,0.133559108,-0.178434357,-0.129318148,0.0881037861,0.408996969,-0.310270011,0.00316938013,0.0170978047,0.21652022,0.0308087915,0.357444793,0.419349551,0.0174058527,0.902865052,0.152716368,0.00929826498,0.11064142,0.348627836,-0.336963177,0.0107200183,0.966552377,-0.11882668,-0.0484232605,0.0394443087,-0.229597241,0.132054508,-0.14150469,0.329976469,-0.250872612,0.133559108,-0.178434357,-0.129318148,0.0881037861,0.408996969,-0.310270011,0.00316937966,0.0170978047,0.21652022,0.0308087915,0.357444793,0.419349551,0.0174058508,0.902865052,0.152716368,0.00929826871,0.11064142,0.348627836,-0.336963177,0.0107200183,0.966552377,-0.11882668,-0.0484232605,0.0394443087,-0.229597241,0.132054508,-0.14150469,0.329976469,-0.250872612,0.133559108,-0.178434357,-0.129318148,0.0881037861,0.408996969,-0.310270011,0.00316938013,0.0170978047,0.21652022,0.0308087915,0.357444793,0.419349551,0.0174058527,0.902865052,0.152716368,0.00929826498,0.11064142,0.348627836,-0.336963177,0.0107200183,0.966552377,-0.11882668,-0.0484232605,0.0394443087
0.323905112,3214753.97,0,0,0.00330326008,7.13393092e-06,0,0.221487135,0.0457753688,1,0.696880102,-0.00310923299,-0.010469418,-0.717104495,0.0811534822,-0.0115395924,-0.0639917478,-2.24207754e-44,2.24207754e-44,2.24207754e-44,-0.217940435,0.100547656,-0.0954598263,0.408990592,-0.188954711,-0.0629033297,-0.135008663,-0.0715722442,0.0456541479,0.481193393,-0.331318617,0.0664483011,0.00387892243,0.000930163078,-0.00197631167,0.34442392,0.34815976,0.0064621917,0.955947042,0.148014367,0.0293757953,0.0955000743,0.356262773,-0.284011185,0.0169462934,0.978438675,-0.115419254,-0.0509217717,0.0360258818,-0.120129801,0.0218277145,-0.12136808,0.278853387,-0.204377189,0.948854744,-0.17905733,0.14697288,0.0768689066,0.349153697,-0.183383361,-0.175397828,0.207270399,0.255446345,-0.134460568,-0.395594209,-0.809494495,-0.560716808,-0.0529188737,0.0045466153,0.13340354,-0.408800036,0.301017046,-0.359832466,0.00396897644,0.264434993,-0.0130818933,0.323746204,0.147515565,-0.240877301,0.0862791389,-0.121770971,0.354526758,-0.24011451,0.123663969,-0.178345859,-0.144635692,0.0949010104,0.399304748,-0.297857344,-0.00953228027,0.0247492846,0.201845035,0.0446440764,0.362588465,0.440943122,0.0190596581,0.908853114,0.150934547,0.0159041658,0.108414896,0.346858114,-0.335926741,0.0100635067,0.968202531,-0.120872661,-0.0413919352,0.0408807918,-0.240877301,0.0862791389,-0.121770971,0.354526758,-0.24011451,0.123663969,-0.178345859,-0.144635692,0.0949010104,0.399304748,-0.297857344,-0.00953228306,0.0247492846,0.201845035,0.0446440764,0.362588465,0.440943122,0.0190596618,0.908853114,0.150934547,0.0159041639,0.108414896,0.346858114,-0.335926741,0.0100635067,0.968202531,-0.120872661,-0.0413919352,0.0408807918,-0.240877301,0.0862791389,-0.121770971,0.354526758,-0.24011451,0.123663969,-0.178345859,-0.144635692,0.0949010104,0.399304748,-0.297857344,-0.00953228027,0.0247492846,0.201845035,0.0446440764,0.362588465,0.440943122,0.0190596581,0.908853114,0.150934547,0.0159041658,0.108414896,0.346858114,-0.335926741,0.0100635067,0.968202531,-0.120872661,-0.0413919352,0.0408807918
0.334898341,3214753.98,0,0,0.0142964888,5.00865281e-06,0,0.221487135,0,1,0.696740568,-0.00294333929,-0.0106629785,-0.717237949,0.0914755017,0.00457655825,-0.0726055577,-2.24207754e-44,2.24207754e-44,2.24207754e-44,-0.218724817,0.100623049,-0.0961445421,0.410734087,-0.190171406,-0.0568173267,-0.136061162,-0.0707310736,0.0461159237,0.483161926,-0.332329601,0.065406777,0.00519613922,0.00245553185,-0.0028025331,0.342089117,0.343251914,0.00300943688,0.955617785,0.148035184,0.0301087685,0.0929156691,0.357916981,-0.286149412,0.0169629939,0.980032921,-0.115511402,-0.0488871671,0.0368187726,-0.154849827,0.000308769086,-0.100103624,0.322656691,-0.215177894,1.1021812,-0.189982578,0.132133782,0.0863874331,0.329487056,-0.165095165,-0.174125805,0.244398743,0.248007968,-0.146115914,-0.394802183,-0.814533949,-0.595353067,-0.0574195944,0.00254340237,0.123822987,-0.450667322,0.271772444,-0.353838533,0.0020039496,0.260639489,-0.0173748769,0.365464717,0.12815851,-0.240877301,0.0862791389,-0.121770971,0.354526758,-0.24011451,0.123663969,-0.178345859,-0.144635692,0.0949010104,0.399304748,-0.297857344,-0.00953228027,0.0247492846,0.201845035,0.0446440764,0.362588465,0.440943122,0.0190596581,0.908853114,0.150934547,0.0159041658,0.108414896,0.346858114,-0.335926741,0.0100635067,0.968202531,-0.120872661,-0.0413919352,0.0408807918,-0.240877301,0.0862791389,-0.121770971,0.354526758,-0.24011451,0.123663969,-0.178345859,-0.144635692,0.0949010104,0.399304748,-0.297857344,-0.00953228306,0.0247492846,0.201845035,0.0446440764,0.362588465,0.440943122,0.0190596618,0.908853114,0.150934547,0.0159041639,0.108414896,0.346858114,-0.335926741,0.0100635067,0.968202531,-0.120872661,-0.0413919352,0.0408807918,-0.240877301,0.0862791389,-0.121770971,0.354526758,-0.24011451,0.123663969,-0.178345859,-0.144635692,0.0949010104,0.399304748,-0.297857344,-0.00953228027,0.0247492846,0.201845035,0.0446440764,0.362588465,0.440943122,0.0190596581,0.908853114,0.150934547,0.0159041658,0.108414896,0.346858114,-0.335926741,0.0100635067,0.968202531,-0.120872661,-0.0413919352,0.0408807918
0.345897209,3214753.99,0,0,0.00516301114,4.13134694e-06,0,0.312058255,0.0398363173,1,0.696356058,-0.00244914624,-0.0111271003,-0.717606008,0.0885851681,-0.012856219,-0.0653718784,-2.24207754e-44,2.24207754e-44,2.24207754e-44,-0.221052006,0.10038121,-0.0973348618,0.415659845,-0.193200931,-0.0400662534,-0.138572603,-0.0690686628,0.0473818518,0.487443924,-0.334372014,0.063021943,0.00899670832,0.0059316298,-0.00460874708,0.336769372,0.331703693,-0.00574818626,0.954608738,0.148046389,0.0314872302,0.0859353766,0.360962182,-0.291046798,0.0169686656,0.983493507,-0.1158069,-0.043369133,0.0383013524,-0.136253282,-0.0161226615,-0.0943556279,0.322718918,-0.190792426,1.13208771,-0.139819384,0.115901954,0.074726291,0.271595657,-0.128972262,-0.16584523,0.250390649,0.258500814,-0.0981555581,-0.345507324,-0.84460938,-0.621291041,-0.0851394609,0.000152574183,0.0627367869,-0.514691353,0.158026606,-0.348545283,-0.00034516491,0.241269395,-0.0215344783,0.372149259,0.0861538574,-0.246153772,0.0464428216,-0.104635224,0.38315627,-0.230056182,0.111966662,-0.179878056,-0.156603307,0.10080035,0.392883867,-0.272963762,-0.0214387402,0.02980428,0.184916764,0.057056088,0.365324795,0.468921721,0.0234298781,0.911461651,0.148489505,0.020404011,0.106864296,0.345422804,-0.331149042,0.0109431781,0.968411028,-0.122785762,-0.0363186374,0.0404565595,-0.246153772,0.0464428216,-0.104635224,0.38315627,-0.230056182,0.111966662,-0.179878056,-0.156603307,0.10080035,0.392883867,-0.272963762,-0.0214387365,0.02980428,0.184916764,0.057056088,0.365324795,0.468921721,0.0234298762,0.911461651,0.148489505,0.0204040129,0.106864296,0.345422804,-0.331149042,0.0109431781,0.968411028,-0.122785762,-0.0363186374,0.0404565595,-0.246153772,0.0464428216,-0.104635224,0.38315627,-0.230056182,0.111966662,-0.179878056,-0.156603307,0.10080035,0.392883867,-0.272963762,-0.0214387402,0.02980428,0.184916764,0.057056088,0.365324795,0.468921721,0.0234298781,0.911461651,0.148489505,0.020404011,0.106864296,0.345422804,-0.331149042,0.0109431781,0.968411028,-0.122785762,-0.0363186374,0.0404565595
0.355898548,3214754,0,0,0.0151643502,4.31435183e-06,0,0.312058255,0,1,0.696164429,-0.00220203772,-0.0115005001,-0.717786908,0.0940300971,-0.011117707,-0.0524061806,-2.24207754e-44,2.24207754e-44,2.24207754e-44,-0.222422332,0.100118354,-0.0983296484,0.41895929,-0.195059821,-0.0287655778,-0.139827594,-0.0680080578,0.0480068289,0.490038335,-0.335598707,0.0613806844,0.0112730395,0.00851261336,-0.0054243505,0.333759457,0.323174834,-0.0119274976,0.9534747,0.148031697,0.0318477042,0.0806172416,0.362031668,-0.29445073,0.0169573445,0.985642731,-0.116157293,-0.0399068817,0.0388958082,-0.171107695,-0.0458294265,-0.0921257511,0.388153464,-0.209731519,1.22413635,-0.139678434,0.0932192877,0.0650257319,0.273724467,-0.126433641,-0.164974496,0.234910578,0.249815479,-0.0751578063,-0.282749057,-0.843964338,-0.631555259,-0.137434021,-0.00347324042,0.0244503096,-0.56027019,0.0845865011,-0.331571877,-0.00180033827,0.183538854,-0.0543651804,0.353315145,0.0397935957,-0.246153772,0.0464428216,-0.104635224,0.38315627,-0.230056182,0.111966662,-0.179878056,-0.156603307,0.10080035,0.392883867,-0.272963762,-0.0214387402,0.02980428,0.184916764,0.057056088,0.365324795,0.468921721,0.0234298781,0.911461651,0.148489505,0.020404011,0.106864296,0.345422804,-0.331149042,0.0109431781,0.968411028,-0.122785762,-0.0363186374,0.0404565595,-0.246153772,0.0464428216,-0.104635224,0.38315627,-0.230056182,0.111966662,-0.179878056,-0.156603307,0.10080035,0.392883867,-0.272963762,-0.0214387365,0.02980428,0.184916764,0.057056088,0.365324795,0.468921721,0.0234298762,0.911461651,0.148489505,0.0204040129,0.106864296,0.345422804,-0.331149042,0.0109431781,0.968411028,-0.122785762,-0.0363186374,0.0404565595,-0.246153772,0.0464428216,-0.104635224,0.38315627,-0.230056182,0.111966662,-0.179878056,-0.156603307,0.10080035,0.392883867,-0.272963762,-0.0214387402,0.02980428,0.184916764,0.057056088,0.365324795,0.468921721,0.0234298781,0.911461651,0.148489505,0.020404011,0.106864296,0.345422804,-0.331149042,0.0109431781,0.968411028,-0.122785762,-0.0363186374,0.0404565595
0.365901009,3214754.01,0,0,0.0053284429,5.65079972e-06,0,0.19134488,0.0356831253,1,0.695991397,-0.00194867386,-0.0119034164,-0.717948794,0.0889298767,-0.0272607915,-0.0428794958,-2.24207754e-44,2.24207754e-44,2.24207754e-44,-0.224113628,0.0995843783,-0.0992463529,0.422994286,-0.19716686,-0.0168142729,-0.141124204,-0.0671578124,0.0486235805,0.492812961,-0.336890757,0.0597805008,0.0135702696,0.0110009881,-0.00591433933,0.33128351,0.314774841,-0.0183080584,0.951745689,0.147983789,0.0319765359,0.0748149529,0.362503409,-0.297647446,0.0169323124,0.987020791,-0.11679586,-0.0366272479,0.0391395092,-0.156020567,-0.0532135069,-0.0952785164,0.392039925,-0.201459214,1.13358355,-0.116526499,0.0818806291,0.0558325313,0.273181617,-0.129693672,-0.155212253,0.220884934,0.250921041,-0.0334864333,-0.221456423,-0.840649068,-0.638391376,-0.193737864,-0.00517635513,0.00684688427,-0.584653556,0.0276672877,-0.311564088,-0.00292202295,0.103325076,-0.0638850182,0.298824817,0.0173467379,-0.249444515,0.0107596945,-0.0878153294,0.413316101,-0.227138937,0.101604201,-0.182711035,-0.162607193,0.105476379,0.387174189,-0.246745035,-0.0329355672,0.0327654779,0.165590182,0.0661295652,0.365736067,0.496690392,0.0297790319,0.911159754,0.145147964,0.0226736814,0.106196061,0.346599787,-0.323196471,0.0139581077,0.968521118,-0.124494806,-0.034276586,0.0392127596,-0.249444515,0.0107596945,-0.0878153294,0.413316101,-0.227138937,0.101604201,-0.182711035,-0.162607193,0.105476379,0.387174189,-0.246745035,-0.0329355672,0.0327654779,0.165590182,0.0661295652,0.365736067,0.496690392,0.0297790281,0.911159754,0.145147964,0.0226736851,0.106196061,0.346599787,-0.323196471,0.0139581077,0.968521118,-0.124494806,-0.034276586,0.0392127596,-0.249444515,0.0107596945,-0.0878153294,0.413316101,-0.227138937,0.101604201,-0.182711035,-0.162607193,0.105476379,0.387174189,-0.246745035,-0.0329355672,0.0327654779,0.165590182,0.0661295652,0.365736067,0.496690392,0.0297790319,0.911159754,0.145147964,0.0226736814,0.106196061,0.346599787,-0.323196471,0.0139581077,0.968521118,-0.124494806,-0.034276586,0.0392127596
0.375906614,3214754.02,0,0,0.0153340478,5.07989898e-06,0,0.19134488,0,1,0.695850968,-0.00169899524,-0.0122697297,-0.718079388,0.0828692392,-0.0134953083,-0.0377909355,-2.24207754e-44,2.24207754e-44,2.24207754e-44,-0.226477787,0.0988136455,-0.100212283,0.428320736,-0.199898303,-0.00418593921,-0.142592981,-0.066421248,0.0491854325,0.495888442,-0.338329583,0.0582034215,0.0159084257,0.013472721,-0.0061687883,0.329353362,0.30664289,-0.0248595215,0.949315131,0.147788525,0.0319978185,0.0685236529,0.362624288,-0.300555348,0.0169051252,0.987584412,-0.11765673,-0.0340025574,0.0392343588,-0.262492955,-0.0841100216,-0.0994041413,0.584087551,-0.299731702,1.2726289,-0.154862911,0.0715721995,0.0558790527,0.321688443,-0.151581809,-0.155281737,0.239125758,0.24710834,-0.0175218396,-0.171835497,-0.799779475,-0.659493268,-0.269261301,-0.0243261494,-0.00176417583,-0.647592306,0.000475467095,-0.276482016,-0.00266544265,0.0346858837,-0.0925388113,0.228713825,0.00590236438,-0.249444515,0.0107596945,-0.0878153294,0.413316101,-0.227138937,0.101604201,-0.182711035,-0.162607193,0.105476379,0.387174189,-0.246745035,-0.0329355672,0.0327654779,0.165590182,0.0661295652,0.365736067,0.496690392,0.0297790319,0.911159754,0.145147964,0.0226736814,0.106196061,0.346599787,-0.323196471,0.0139581077,0.968521118,-0.124494806,-0.034276586,0.0392127596,-0.249444515,0.0107596945,-0.0878153294,0.413316101,-0.227138937,0.101604201,-0.182711035,-0.162607193,0.105476379,0.387174189,-0.246745035,-0.0329355672,0.0327654779,0.165590182,0.0661295652,0.365736067,0.496690392,0.0297790281,0.911159754,0.145147964,0.0226736851,0.106196061,0.346599787,-0.323196471,0.0139581077,0.968521118,-0.124494806,-0.034276586,0.0392127596,-0.249444515,0.0107596945,-0.0878153294,0.413316101,-0.227138937,0.101604201,-0.182711035,-0.162607193,0.105476379,0.387174189,-0.246745035,-0.0329355672,0.0327654779,0.165590182,0.0661295652,0.365736067,0.496690392,0.0297790319,0.911159754,0.145147964,0.0226736814,0.106196061,0.346599787,-0.323196471,0.0139581077,0.968521118,-0.124494806,-0.034276586,0.0392127596
0.385909683,3214754.03,0,0,0.00532226171,4.36091796e-06,0,0.20753732,0.0325599052,1,0.695703089,-0.00148405496,-0.0126674883,-0.71821624,0.065325886,-0.0271113962,-0.0295944661,-2.24207754e-44,2.24207754e-44,2.24207754e-44,-0.229343653,0.0978815854,-0.101494059,0.435020477,-0.203349784,0.00923512131,-0.144252419,-0.0655631274,0.0497924015,0.499711424,-0.340232462,0.0564813688,0.0185585655,0.0164359994,-0.00625436055,0.327921212,0.297144741,-0.0325421803,0.945966184,0.147528768,0.031605728,0.0608855076,0.362190753,-0.30352959,0.0168738235,0.987801015,-0.118636951,-0.0319978744,0.0392727777,-0.21028854,-0.0719663203,-0.111898042,0.519770026,-0.26964438,0.998895705,-0.120535277,0.0702192858,0.044756826,0.310319573,-0.162269279,-0.134026572,0.199339494,0.244763806,-0.00184361951,-0.0789240375,-0.788677335,-0.620429873,-0.275188237,-0.0178051945,-0.0614539608,-0.616212785,-0.0664356649,-0.225608438,-0.00259197224,0.0106491512,-0.0702565387,0.125557974,0.00200281222,-0.253191352,-0.0218002107,-0.068675302,0.444145083,-0.226589337,0.0936394706,-0.186125398,-0.16446656,0.108975455,0.38111192,-0.224771738,-0.047159858,0.0334313586,0.147278666,0.0691668391,0.360610217,0.521315694,0.0364835598,0.907818437,0.141305372,0.0218648762,0.105420426,0.351194799,-0.313899815,0.0186523385,0.969138682,-0.125761047,-0.0351246968,0.0380328074,-0.253191352,-0.0218002107,-0.068675302,0.444145083,-0.226589337,0.0936394632,-0.186125398,-0.16446656,0.108975455,0.38111192,-0.224771738,-0.047159858,0.0334313586,0.147278666,0.0691668391,0.360610217,0.521315694,0.0364835598,0.907818437,0.141305372,0.021864878,0.105420426,0.351194799,-0.313899815,0.0186523385,0.969138682,-0.125761047,-0.0351246968,0.0380328074,-0.253191352,-0.0218002107,-0.068675302,0.444145083,-0.226589337,0.0936394706,-0.186125398,-0.16446656,0.108975455,0.38111192,-0.224771738,-0.047159858,0.0334313586,0.147278666,0.0691668391,0.360610217,0.521315694,0.0364835598,0.907818437,0.141305372,0.0218648762,0.105420426,0.351194799,-0.313899815,0.0186523385,0.969138682,-0.125761047,-0.0351246968,0.0380328074
0.396909197,3214754.04,0,0,0.016321776,8.14627856e-06,0,0.20753732,0,1,0.695628405,-0.001365548,-0.0129476152,-0.718283832,0.0500271954,-0.0176234301,-0.0171508975,-2.24207754e-44,2.24207754e-44,2.24207754e-44,-0.231837824,0.0970675573,-0.102661707,0.440976024,-0.206517115,0.0197511874,-0.14549984,-0.0648814142,0.0501571819,0.502899826,-0.341950983,0.0551121905,0.0203638133,0.0188452844,-0.00626067584,0.32748875,0.289468408,-0.0386319645,0.943223298,0.147048652,0.0306570791,0.0547906049,0.361238837,-0.305453509,0.01685917,0.987855077,-0.119340301,-0.0312569104,0.0392666906,-0.284265667,-0.0882036388,-0.118202165,0.662537098,-0.357181609,1.10491931,-0.131314799,0.0682899356,0.0336376689,0.327306926,-0.178650767,-0.139938742,0.174448356,0.238255277,7.37986775e-05,-0.026383495,-0.749662161,-0.602352858,-0.269124955,-0.0744715035,-0.116585925,-0.60825789,-0.111074522,-0.167467341,-0.000571772282,0.00251268619,-0.0726096928,0.0458299033,-0.00246949121,-0.253191352,-0.0218002107,-0.068675302,0.444145083,-0.226589337,0.0936394706,-0.186125398,-0.16446656,0.108975455,0.38111192,-0.224771738,-0.047159858,0.0334313586,0.147278666,0.0691668391,0.360610217,0.521315694,0.0364835598,0.907818437,0.141305372,0.0218648762,0.105420426,0.351194799,-0.313899815,0.0186523385,0.969138682,-0.125761047,-0.0351246968,0.0380328074,-0.253191352,-0.0218002107,-0.068675302,0.444145083,-0.226589337,0.0936394632,-0.186125398,-0.16446656,0.108975455,0.38111192,-0.224771738,-0.047159858,0.0334313586,0.147278666,0.0691668391,0.360610217,0.521315694,0.0364835598,0.907818437,0.141305372,0.021864878,0.105420426,0.351194799,-0.313899815,0.0186523385,0.969138682,-0.125761047,-0.0351246968,0.0380328074,-0.253191352,-0.0218002107,-0.068675302,0.444145083,-0.226589337,0.0936394706,-0.186125398,-0.16446656,0.108975455,0.38111192,-0.224771738,-0.047159858,0.0334313586,0.147278666,0.0691668391,0.360610217,0.521315694,0.0364835598,0.907818437,0.141305372,0.0218648762,0.105420426,0.351194799,-0.313899815,0.0186523385,0.969138682,-0.125761047,-0.0351246968,0.0380328074
0.407882891,3214754.05,0,0,0.00732527301,7.47572631e-06,2.66472343e-05,0.175576191,0.0308326781,1,0.695541799,-0.00131281593,-0.0131791746,-0.718363523,0.0320713408,-0.0241890736,-0.0267572515,-2.24207754e-44,2.24207754e-44,2.24207754e-44,-0.234587148,0.0962421745,-0.103800841,0.447712898,-0.210237235,0.0300488546,-0.146698788,-0.0641605034,0.0505479202,0.506173193,-0.343796968,0.0537595339,0.0221186299,0.0211755894,-0.0061548762,0.327355117,0.282171786,-0.0444332175,0.940846741,0.146119058,0.029217083,0.0488772802,0.359890431,-0.306718469,0.0168622509,0.98785603,-0.120002992,-0.0310048163,0.0392143503,-0.291139424,-0.0810331702,-0.111345954,0.715588927,-0.404151767,1.02122617,-0.120832011,0.0762313455,0.0414592102,0.331082284,-0.189297259,-0.137557775,0.176862672,0.231341302,0.0141610447,-0.0074037062,-0.713175714,-0.565039098,-0.219014317,-0.112046584,-0.161309019,-0.586434245,-0.148241967,-0.0980838016,0.00147573871,-0.00169393781,-0.0635817945,0.0143482592,-0.0118080489,-0.258616865,-0.0498010963,-0.048240371,0.474977762,-0.225784659,0.0860135779,-0.191323727,-0.165584713,0.112619773,0.373878002,-0.210391283,-0.0632757917,0.0331034698,0.130923048,0.0674390644,0.348768443,0.541790605,0.0426992886,0.900904357,0.137239128,0.0177544802,0.104283914,0.356044173,-0.304682881,0.0241710618,0.969503105,-0.126582175,-0.03756731,0.0362243801,-0.258616865,-0.0498010963,-0.048240371,0.474977762,-0.225784659,0.0860135779,-0.191323727,-0.165584713,0.112619773,0.373878002,-0.210391283,-0.0632757917,0.0331034698,0.130923048,0.0674390644,0.348768443,0.541790605,0.0426992886,0.900904357,0.137239128,0.017754484,0.104283914,0.356044173,-0.304682881,0.0241710618,0.969503105,-0.126582175,-0.03756731,0.0362243801,-0.258616865,-0.0498010963,-0.048240371,0.474977762,-0.225784659,0.0860135779,-0.191323727,-0.165584713,0.112619773,0.373878002,-0.210391283,-0.0632757917,0.0331034698,0.130923048,0.0674390644,0.348768443,0.541790605,0.0426992886,0.900904357,0.137239128,0.0177544802,0.104283914,0.356044173,-0.304682881,0.0241710618,0.969503105,-0.126582175,-0.03756731,0.0362243801
0.417912318,3214754.06,0,0,0.0173547002,9.91625711e-06,0.00037392517,0.175576191,0,1,0.695395112,-0.0012944137,-0.0132655064,-0.718504012,0.000240552516,-0.00898726098,-0.0435102955,-2.24207754e-44,2.24207754e-44,2.24207754e-44,-0.238889158,0.0953452438,-0.104988433,0.457700372,-0.2159058,0.0426994786,-0.148429275,-0.0630937889,0.0511053689,0.510312796,-0.346177459,0.0520600863,0.0243178159,0.023972936,-0.00608955603,0.327356189,0.274038047,-0.0508495271,0.938539386,0.144250989,0.0270183682,0.0417936966,0.357935876,-0.307333201,0.0169721507,0.987804592,-0.120745294,-0.0309700686,0.0389026776,-0.357809544,-0.060786996,-0.0833001286,0.84302932,-0.473824531,0.970090389,-0.140935495,0.0963735878,0.0539324693,0.344185084,-0.201928183,-0.135616362,0.184253633,0.230783865,0.00816541351,0.00833842531,-0.658531487,-0.503809452,-0.16822499,-0.170970008,-0.193102002,-0.579294801,-0.177768275,-0.0243565924,0.0233816206,-0.00523650972,-0.0557979569,-0.0020743846,-0.0262977574,-0.258616865,-0.0498010963,-0.048240371,0.474977762,-0.225784659,0.0860135779,-0.191323727,-0.165584713,0.112619773,0.373878002,-0.210391283,-0.0632757917,0.0331034698,0.130923048,0.0674390644,0.348768443,0.541790605,0.0426992886,0.900904357,0.137239128,0.0177544802,0.104283914,0.356044173,-0.304682881,0.0241710618,0.969503105,-0.126582175,-0.03756731,0.0362243801,-0.258616865,-0.0498010963,-0.048240371,0.474977762,-0.225784659,0.0860135779,-0.191323727,-0.165584713,0.112619773,0.373878002,-0.210391283,-0.0632757917,0.0331034698,0.130923048,0.0674390644,0.348768443,0.541790605,0.0426992886,0.900904357,0.137239128,0.017754484,0.104283914,0.356044173,-0.304682881,0.0241710618,0.969503105,-0.126582175,-0.03756731,0.0362243801,-0.258616865,-0.0498010963,-0.048240371,0.474977762,-0.225784659,0.0860135779,-0.191323727,-0.165584713,0.112619773,0.373878002,-0.210391283,-0.0632757917,0.0331034698,0.130923048,0.0674390644,0.348768443,0.541790605,0.0426992886,0.900904357,0.137239128,0.0177544802,0.104283914,0.356044173,-0.304682881,0.0241710618,0.969503105,-0.126582175,-0.03756731,0.0362243801
0.429030982,3214754.07,0,0,0.00842072396,1.07572414e-05,0.00163364026,0.228836201,0.0217228532,1,0.695229352,-0.00136914267,-0.0132996263,-0.718663633,-0.00687319832,0.00125898852,-0.0369751863,-2.24207754e-44,2.24207754e-44,2.24207754e-44,-0.242270455,0.0948354304,-0.105586678,0.466051489,-0.220513821,0.0507626757,-0.149666518,-0.0621588863,0.0516687892,0.513669372,-0.348230898,0.0508078821,0.0260034557,0.0261328425,-0.00592723675,0.327545583,0.267681181,-0.0554489642,0.937185287,0.142450914,0.0250295475,0.0362628587,0.35596621,-0.307265967,0.0175114218,0.987720668,-0.121185243,-0.0311147328,0.0385838188,-0.386656851,-0.0539185479,-0.0330768414,0.912858248,-0.480798364,0.683531761,-0.141481742,0.0852827504,0.0504666455,0.341475159,-0.2111402,-0.126420826,0.154916212,0.200918257,-8.40223511e-05,0.0206375942,-0.610366523,-0.436226189,-0.108400658,-0.203708813,-0.212241128,-0.549897373,-0.197987646,0.0292154308,0.089119032,-0.0152595071,-0.0351110436,-0.0388444625,-0.0567814931,-0.266719162,-0.0660525188,-0.0322906896,0.496700615,-0.222808614,0.0770923272,-0.196207225,-0.167272761,0.116116241,0.370416731,-0.202309459,-0.0780698285,0.0326145217,0.118657202,0.0626248121,0.330744624,0.554297566,0.0466590486,0.892553091,0.132224753,0.00993029773,0.101316415,0.359301597,-0.29727295,0.0290582925,0.968132138,-0.126177043,-0.04046949,0.0338071063,-0.266719162,-0.0660525188,-0.0322906896,0.496700615,-0.222808614,0.0770923197,-0.196207225,-0.167272761,0.116116241,0.370416731,-0.202309459,-0.0780698359,0.0326145217,0.118657194,0.0626248121,0.330744624,0.554297566,0.0466590486,0.892553091,0.132224753,0.00993029959,0.101316415,0.359301597,-0.29727295,0.0290582925,0.968132138,-0.126177043,-0.04046949,0.0338071063,-0.266719162,-0.0660525188,-0.0322906896,0.496700615,-0.222808614,0.0770923272,-0.196207225,-0.167272761,0.116116241,0.370416731,-0.202309459,-0.0780698285,0.0326145217,0.118657202,0.0626248121,0.330744624,0.554297566,0.0466590486,0.892553091,0.132224753,0.00993029773,0.101316415,0.359301597,-0.29727295,0.0290582925,0.968132138,-0.126177043,-0.04046949,0.0338071063
0.439910902,3214754.09,0,0,0.0193006438,1.01127662e-05,0.00421032915,0.228836201,0,1,0.695135176,-0.00133575173,-0.0132490546,-0.718755722,0.000535718747,0.0131536843,-0.021748744,-2.24207754e-44,2.24207754e-44,2.24207754e-44,-0.24647966,0.0942841768,-0.105334282,0.475647002,-0.225017861,0.0567906313,-0.151155129,-0.0614792295,0.0521251969,0.517116487,-0.350411385,0.0496058092,0.0274003725,0.0278378967,-0.00596871274,0.327685148,0.261982411,-0.0594324619,0.936483502,0.140139341,0.0228092894,0.0308373235,0.353981107,-0.306553304,0.0188097451,0.987433732,-0.12145628,-0.0318206921,0.0377305374,-0.424254596,-0.0531140491,0.0660046041,0.955923319,-0.409582347,0.571701288,-0.14602074,0.0562104918,0.044595819,0.343463451,-0.22158061,-0.11203672,0.130828843,0.14915286,-0.00232943078,0.0102596199,-0.544297636,-0.371856779,-0.0469686054,-0.242915735,-0.222737685,-0.533417881,-0.199927136,0.101005778,0.150478482,-0.0367714763,-0.023421837,-0.0865921676,-0.0970348418,-0.266719162,-0.0660525188,-0.0322906896,0.496700615,-0.222808614,0.0770923272,-0.196207225,-0.167272761,0.116116241,0.370416731,-0.202309459,-0.0780698285,0.0326145217,0.118657202,0.0626248121,0.330744624,0.554297566,0.0466590486,0.892553091,0.132224753,0.00993029773,0.101316415,0.359301597,-0.29727295,0.0290582925,0.968132138,-0.126177043,-0.04046949,0.0338071063,-0.266719162,-0.0660525188,-0.0322906896,0.496700615,-0.222808614,0.0770923197,-0.196207225,-0.167272761,0.116116241,0.370416731,-0.202309459,-0.0780698359,0.0326145217,0.118657194,0.0626248121,0.330744624,0.554297566,0.0466590486,0.892553091,0.132224753,0.00993029959,0.101316415,0.359301597,-0.29727295,0.0290582925,0.968132138,-0.126177043,-0.04046949,0.0338071063,-0.266719162,-0.0660525188,-0.0322906896,0.496700615,-0.222808614,0.0770923272,-0.196207225,-0.167272761,0.116116241,0.370416731,-0.202309459,-0.0780698285,0.0326145217,0.118657202,0.0626248121,0.330744624,0.554297566,0.0466590486,0.892553091,0.132224753,0.00993029773,0.101316415,0.359301597,-0.29727295,0.0290582925,0.968132138,-0.126177043,-0.04046949,0.0338071063
0.449911531,3214754.1,0,0,0.00933421683,9.76584852e-06,0.00808699522,0.236731023,0.0182078183,1,0.695092499,-0.0012944605,-0.0132278251,-0.718797445,0.000379854755,0.0175701231,0.00088887423,-2.24207754e-44,2.24207754e-44,2.24207754e-44,-0.2503573,0.0940859094,-0.103091851,0.484387755,-0.228795514,0.0614530295,-0.152402252,-0.0610709265,0.0525161549,0.520389676,-0.352632374,0.0486220792,0.0285604615,0.0290437974,-0.00594069576,0.3277798,0.256896555,-0.0627539903,0.936219037,0.137670055,0.0207582377,0.0257255826,0.352020711,-0.305086046,0.0204968899,0.986911714,-0.121659443,-0.0327831618,0.0367198661,-0.376838595,0.0547697395,0.530085206,0.806265473,-0.411299378,0.322074175,-0.123791069,0.0331478305,0.0293015633,0.319715947,-0.223242477,-0.0957537815,0.108114786,0.104994297,-0.00700712297,0.00773958396,-0.478373975,-0.310817063,-0.0161848068,-0.26248014,-0.198238567,-0.507416666,-0.18018572,0.175421357,0.192064449,-0.071037069,-0.0182066746,-0.105872162,-0.116801374,-0.274930269,-0.0684494972,-0.0232520774,0.505656838,-0.216542289,0.0685450062,-0.199284732,-0.167690068,0.120025426,0.372217596,-0.197412804,-0.0877570733,0.033313904,0.112565175,0.0556423552,0.312536806,0.558951259,0.0482114069,0.884919465,0.126276046,-0.000307425857,0.0965737775,0.359990805,-0.292914808,0.0338424705,0.96665287,-0.12544091,-0.0424516127,0.0309859253,-0.274930269,-0.0684494972,-0.0232520793,0.505656838,-0.216542289,0.0685450062,-0.199284732,-0.167690068,0.120025426,0.372217596,-0.197412804,-0.0877570659,0.033313904,0.112565175,0.0556423552,0.312536806,0.558951259,0.0482114069,0.884919465,0.126276046,-0.000307429116,0.0965737775,0.359990805,-0.292914808,0.0338424705,0.96665287,-0.12544091,-0.0424516127,0.0309859235,-0.274930269,-0.0684494972,-0.0232520774,0.505656838,-0.216542289,0.0685450062,-0.199284732,-0.167690068,0.120025426,0.372217596,-0.197412804,-0.0877570733,0.033313904,0.112565175,0.0556423552,0.312536806,0.558951259,0.0482114069,0.884919465,0.126276046,-0.000307425857,0.0965737775,0.359990805,-0.292914808,0.0338424705,0.96665287,-0.12544091,-0.0424516127,0.0309859253
0.461113204,3214754.11,0,0,1.39321201e-05,5.70295379e-06,0.0144605311,0.197178219,0.0159777701,1,0.695282698,-0.00126640557,-0.0130492309,-0.718616784,-0.0226009544,0.0243558921,0.0690015703,-2.24207754e-44,2.24207754e-44,2.24207754e-44,-0.254412681,0.094545342,-0.0936498642,0.492294341,-0.232019186,0.0637943298,-0.153606504,-0.0608126111,0.0524033643,0.523886204,-0.355297834,0.047673583,0.0295354743,0.0303074718,-0.0060875318,0.327827394,0.251580119,-0.0660656467,0.93612051,0.134390548,0.0185271017,0.0198265985,0.350273132,-0.302603334,0.0230865106,0.985637426,-0.121851102,-0.0341883227,0.0351954475,-0.31040135,-0.0573327839,0.652991056,0.600545943,-0.129103243,0.193213299,-0.0785360932,0.00636700634,-0.0302333459,0.268779367,-0.219620913,-0.0633840933,0.0658214465,0.0944393203,-0.00952512398,0.00176833069,-0.419178933,-0.247668862,-0.00498633925,-0.265151143,-0.17272529,-0.468337893,-0.129093722,0.235689342,0.216973439,-0.119428575,-0.0149169974,-0.116917364,-0.118401542,-0.274930269,-0.0684494972,-0.0232520774,0.505656838,-0.216542289,0.0685450062,-0.199284732,-0.167690068,0.120025426,0.372217596,-0.197412804,-0.0877570733,0.033313904,0.112565175,0.0556423552,0.312536806,0.558951259,0.0482114069,0.884919465,0.126276046,-0.000307425857,0.0965737775,0.359990805,-0.292914808,0.0338424705,0.96665287,-0.12544091,-0.0424516127,0.0309859253,-0.27516669,-0.0579154193,-0.0214258879,0.495979905,-0.205222934,0.0599148609,-0.20525986,-0.162709594,0.120810971,0.378719032,-0.201625869,-0.0921124667,0.035575293,0.112493686,0.0481904261,0.296559036,0.554342031,0.0476842895,0.880545855,0.120195016,-0.0111768674,0.0910568759,0.35875383,-0.290148824,0.0363433585,0.965418994,-0.124525368,-0.0437928177,0.0280978531,-0.27516669,-0.0579154193,-0.0214258879,0.495979905,-0.205222934,0.0599148646,-0.20525986,-0.162709594,0.120810971,0.378719032,-0.201625869,-0.0921124741,0.035575293,0.112493694,0.0481904261,0.296559036,0.554342031,0.0476842895,0.880545855,0.120195016,-0.0111768693,0.0910568759,0.35875383,-0.290148824,0.0363433585,0.965418994,-0.124525368,-0.0437928177,0.0280978531
0.472884299,3214754.12,0,0,0.0117850271,7.07199797e-06,0.0237653349,0.197178219,0,1,0.695428014,-0.00114862283,-0.0128975343,-0.718479097,0.0088186739,0.0553088039,-0.00764879864,-2.24207754e-44,2.24207754e-44,2.24207754e-44,-0.257144392,0.0935917348,-0.0902575925,0.497770905,-0.234015837,0.0660349205,-0.154553965,-0.0608637221,0.0524751879,0.526529908,-0.357434332,0.0471055619,0.030593276,0.0306769907,-0.00630267337,0.327833951,0.247949094,-0.0681627542,0.93614769,0.131720111,0.0168458931,0.0154115986,0.349072665,-0.299589545,0.0252557173,0.984516442,-0.121986091,-0.0353080854,0.0339999907,-0.22611481,-0.0891085714,0.234811082,0.454868317,-0.20388341,0.144019574,-0.126202539,-0.00434982218,0.0583358593,0.273587584,-0.209964171,-0.0569690466,0.165380418,-0.00313706417,-0.0395668559,2.18704827e-05,-0.320303202,-0.186564311,0.0123676043,-0.286375463,-0.179344773,-0.435432494,-0.106054924,0.344870925,0.224899486,-0.10968852,-0.0121247228,-0.113606572,-0.138353288,-0.27516669,-0.0579154193,-0.0214258879,0.495979905,-0.205222934,0.0599148646,-0.20525986,-0.162709594,0.120810971,0.378719032,-0.201625869,-0.0921124741,0.035575293,0.112493694,0.0481904261,0.296559036,0.554342031,0.0476842895,0.880545855,0.120195016,-0.0111768693,0.0910568759,0.35875383,-0.290148824,0.0363433585,0.965418994,-0.124525368,-0.0437928177,0.0280978531,-0.27516669,-0.0579154193,-0.0214258879,0.495979905,-0.205222934,0.0599148609,-0.20525986,-0.162709594,0.120810971,0.378719032,-0.201625869,-0.0921124667,0.035575293,0.112493686,0.0481904261,0.296559036,0.554342031,0.0476842895,0.880545855,0.120195016,-0.0111768674,0.0910568759,0.35875383,-0.290148824,0.0363433585,0.965418994,-0.124525368,-0.0437928177,0.0280978531,-0.27516669,-0.0579154193,-0.0214258879,0.495979905,-0.205222934,0.0599148646,-0.20525986,-0.162709594,0.120810971,0.378719032,-0.201625869,-0.0921124741,0.035575293,0.112493694,0.0481904261,0.296559036,0.554342031,0.0476842895,0.880545855,0.120195016,-0.0111768693,0.0910568759,0.35875383,-0.290148824,0.0363433585,0.965418994,-0.124525368,-0.0437928177,0.0280978531
0.482913588,3214754.13,0,0,0.0023489208,1.04331411e-05,0.0339832231,0.185478944,0.0183149278,1,0.695339084,-0.000887552218,-0.0127378125,-0.718568385,0.0115746111,0.059794981,-0.0223286208,-2.24207754e-44,2.24207754e-44,2.24207754e-44,-0.25874722,0.0928250551,-0.0887785852,0.501119077,-0.235858127,0.0665249303,-0.155736521,-0.0609449781,0.0532524921,0.52899158,-0.359383017,0.0466267765,0.0324042924,0.0302962642,-0.00665959157,0.327834785,0.245195791,-0.0695810542,0.93636477,0.128794938,0.0150234308,0.0113594383,0.34798339,-0.29564476,0.02751364,0.983473957,-0.122095659,-0.0363616981,0.0326512493,-0.124600023,-0.0710821003,0.0975905806,0.267467439,-0.16998601,-0.0043001622,-0.10166841,-0.0125638451,0.074110046,0.217661634,-0.182635427,-0.039470084,0.171540156,-0.0545767806,-0.0294904448,0.000362315186,-0.250480652,-0.111432128,0.0263103601,-0.287569463,-0.17743285,-0.377856404,-0.115018845,0.422878802,0.222214282,-0.100235425,-0.0104022874,-0.0970320553,-0.123042725,-0.271082968,-0.0442167819,-0.0241027474,0.477664977,-0.187592864,0.0537574068,-0.209372818,-0.154720291,0.119292691,0.384950668,-0.208483294,-0.0915593132,0.0330912024,0.116264343,0.0442583747,0.284545004,0.544772089,0.046791058,0.877774596,0.11701712,-0.0219920576,0.0825399011,0.363233894,-0.292602181,0.0372558422,0.964990854,-0.122803792,-0.0422506779,0.0252849013,-0.271082968,-0.0442167819,-0.0241027474,0.477664977,-0.187592864,0.0537574142,-0.209372818,-0.154720291,0.119292691,0.384950668,-0.208483294,-0.0915593132,0.0330912024,0.116264336,0.0442583747,0.284545004,0.544772089,0.046791058,0.877774596,0.11701712,-0.0219920594,0.0825399011,0.363233894,-0.292602181,0.0372558422,0.964990854,-0.122803792,-0.0422506779,0.0252848994,-0.271082968,-0.0442167819,-0.0241027474,0.477664977,-0.187592864,0.0537574068,-0.209372818,-0.154720291,0.119292691,0.384950668,-0.208483294,-0.0915593132,0.0330912024,0.116264343,0.0442583747,0.284545004,0.544772089,0.046791058,0.877774596,0.11701712,-0.0219920576,0.0825399011,0.363233894,-0.292602181,0.0372558422,0.964990854,-0.122803792,-0.0422506779,0.0252849013
0.492921967,3214754.14,0,0,0.0123572997,8.22497532e-06,0.0463938341,0.185478944,0,1,0.695288301,-0.000520463393,-0.0124746393,-0.718622506,0.016105758,0.0982026011,-0.0181466844,-2.24207754e-44,2.24207754e-44,2.24207754e-44,-0.259647667,0.0921282396,-0.0880549848,0.502765,-0.237289801,0.0645911694,-0.156791076,-0.0612256452,0.0540462621,0.53101939,-0.361317992,0.0463053659,0.0341526717,0.0292972494,-0.0071189329,0.327845275,0.242728457,-0.0703570023,0.937031567,0.12554127,0.012801514,0.0073994468,0.346540958,-0.290090233,0.0301257633,0.982277632,-0.122200161,-0.0372126587,0.0313498117,-0.0337729864,-0.0421619825,0.0565618724,0.00455716345,-0.0572976097,-0.367789745,-0.100340642,-0.03132632,0.0740230009,0.144616097,-0.147814959,-0.020391386,0.135303229,-0.110358149,-0.0629336685,0.00106417364,-0.164378092,-0.035303127,0.105770245,-0.272204995,-0.227604419,-0.311398059,-0.116443418,0.488662541,0.225071475,-0.107608929,-0.00633700145,-0.0442281738,-0.119828016,-0.271082968,-0.0442167819,-0.0241027474,0.477664977,-0.187592864,0.0537574068,-0.209372818,-0.154720291,0.119292691,0.384950668,-0.208483294,-0.0915593132,0.0330912024,0.116264343,0.0442583747,0.284545004,0.544772089,0.046791058,0.877774596,0.11701712,-0.0219920576,0.0825399011,0.363233894,-0.292602181,0.0372558422,0.964990854,-0.122803792,-0.0422506779,0.0252849013,-0.271082968,-0.0442167819,-0.0241027474,0.477664977,-0.187592864,0.0537574142,-0.209372818,-0.154720291,0.119292691,0.384950668,-0.208483294,-0.0915593132,0.0330912024,0.116264336,0.0442583747,0.284545004,0.544772089,0.046791058,0.877774596,0.11701712,-0.0219920594,0.0825399011,0.363233894,-0.292602181,0.0372558422,0.964990854,-0.122803792,-0.0422506779,0.0252848994,-0.271082968,-0.0442167819,-0.0241027474,0.477664977,-0.187592864,0.0537574068,-0.209372818,-0.154720291,0.119292691,0.384950668,-0.208483294,-0.0915593132,0.0330912024,0.116264343,0.0442583747,0.284545004,0.544772089,0.046791058,0.877774596,0.11701712,-0.0219920576,0.0825399011,0.363233894,-0.292602181,0.0372558422,0.964990854,-0.122803792,-0.0422506779,0.0252849013
0.503906988,3214754.15,0,0,0.00330853881,9.01892781e-06,0.0626394972,0.216930173,0.0343308747,1,0.695299804,-2.72886828e-05,-0.0121363988,-0.71861738,0.0219255053,0.12589103,0.0174591038,-2.24207754e-44,2.24207754e-44,2.24207754e-44,-0.259807676,0.0916621238,-0.0876352116,0.501960814,-0.237509683,0.0601801202,-0.157755151,-0.061714571,0.0546317287,0.53206563,-0.362621218,0.0461788028,0.0350951217,0.0279317237,-0.00785604026,0.327852756,0.24156563,-0.0705385357,0.938370705,0.122897737,0.0103822127,0.0046216785,0.345346898,-0.284989536,0.0323506445,0.981146157,-0.122246251,-0.0374771878,0.0301989913,-0.00910997018,-0.0543776713,0.0308857765,-0.116672128,-0.0082609402,-0.448707461,-0.0866107047,-0.0616400354,0.0447952263,0.0756124407,-0.118279859,-0.00732454704,0.064189814,-0.152253002,-0.0722921044,0.000363976549,-0.08584667,-0.0103314891,0.138257653,-0.252669722,-0.235348731,-0.250813693,-0.123514347,0.521912217,0.216237649,-0.114856474,-0.00382184121,-0.0185745116,-0.10457284,-0.261891484,-0.028573988,-0.0305192322,0.454713196,-0.153261989,0.0509013906,-0.209465355,-0.139527515,0.115376174,0.394001812,-0.209858641,-0.0870437697,0.0310921054,0.122596562,0.0402770117,0.281521648,0.528214157,0.0454889163,0.87673378,0.115759961,-0.0313314535,0.0731341168,0.368081927,-0.301216006,0.0353455991,0.966154337,-0.120811358,-0.0373349935,0.0209869668,-0.261891484,-0.028573988,-0.0305192322,0.454713196,-0.153261989,0.0509013869,-0.209465355,-0.139527515,0.115376174,0.394001812,-0.209858641,-0.0870437697,0.0310921054,0.122596569,0.0402770117,0.281521648,0.528214157,0.0454889163,0.87673378,0.115759961,-0.0313314535,0.0731341168,0.368081927,-0.301216006,0.0353455991,0.966154337,-0.120811358,-0.0373349935,0.0209869668,-0.261891484,-0.028573988,-0.0305192322,0.454713196,-0.153261989,0.0509013906,-0.209465355,-0.139527515,0.115376174,0.394001812,-0.209858641,-0.0870437697,0.0310921054,0.122596562,0.0402770117,0.281521648,0.528214157,0.0454889163,0.87673378,0.115759961,-0.0313314535,0.0731341168,0.368081927,-0.301216006,0.0353455991,0.966154337,-0.120811358,-0.0373349935,0.0209869668
0.514900637,3214754.16,0,0,0.0143021881,6.16814941e-06,0.0816824362,0.216930173,0,1,0.695320666,0.00067893602,-0.0118262842,-0.718602002,0.0639796555,0.125224516,-0.00757927354,-2.24207754e-44,2.24207754e-44,2.24207754e-44,-0.258697838,0.0910168812,-0.0869658664,0.49829343,-0.236391917,0.0519353226,-0.158516571,-0.0627452433,0.0554595776,0.532507539,-0.363778919,0.0461906977,0.0356400199,0.025525922,-0.00843214709,0.327849865,0.241067573,-0.0699382871,0.940406561,0.120412752,0.00721166609,0.00184639427,0.343708068,-0.278540045,0.034811426,0.979839087,-0.122250207,-0.0375608541,0.0285751726,0.151465967,-0.0588702895,0.075759016,-0.431114942,0.160412833,-0.821893334,-0.0589447245,-0.106295511,0.0875826851,0.013585303,-0.0817730576,0.00675796019,0.032142885,-0.23644717,-0.0414477326,-0.000314142759,-0.0164720267,0.103455313,0.194288939,-0.167826027,-0.284629017,-0.219516098,-0.14130871,0.543319404,0.195254996,-0.105448082,0.00208133692,-0.000281142711,-0.159084126,-0.261891484,-0.028573988,-0.0305192322,0.454713196,-0.153261989,0.0509013906,-0.209465355,-0.139527515,0.115376174,0.394001812,-0.209858641,-0.0870437697,0.0310921054,0.122596562,0.0402770117,0.281521648,0.528214157,0.0454889163,0.87673378,0.115759961,-0.0313314535,0.0731341168,0.368081927,-0.301216006,0.0353455991,0.966154337,-0.120811358,-0.0373349935,0.0209869668,-0.261891484,-0.028573988,-0.0305192322,0.454713196,-0.153261989,0.0509013869,-0.209465355,-0.139527515,0.115376174,0.394001812,-0.209858641,-0.0870437697,0.0310921054,0.122596569,0.0402770117,0.281521648,0.528214157,0.0454889163,0.87673378,0.115759961,-0.0313314535,0.0731341168,0.368081927,-0.301216006,0.0353455991,0.966154337,-0.120811358,-0.0373349935,0.0209869668,-0.261891484,-0.028573988,-0.0305192322,0.454713196,-0.153261989,0.0509013906,-0.209465355,-0.139527515,0.115376174,0.394001812,-0.209858641,-0.0870437697,0.0310921054,0.122596562,0.0402770117,0.281521648,0.528214157,0.0454889163,0.87673378,0.115759961,-0.0313314535,0.0731341168,0.368081927,-0.301216006,0.0353455991,0.966154337,-0.120811358,-0.0373349935,0.0209869668
0.524902343,3214754.17,0,0,0.00429802807,6.41215593e-06,0.101417884,0.222767703,0.0465962067,1,0.695329726,0.00148662331,-0.0115524204,-0.718596518,0.0750765502,0.17293264,0.00656388234,-2.24207754e-44,2.24207754e-44,2.24207754e-44,-0.257398695,0.0902342796,-0.0861893892,0.493770421,-0.234666511,0.0443696827,-0.159250066,-0.0640007854,0.0563193373,0.532294452,-0.364390492,0.0463358834,0.0357949845,0.0229452699,-0.00903024152,0.32784003,0.241182506,-0.0686522871,0.94222635,0.119143888,0.00466944277,-2.53524813e-05,0.342453808,-0.273191363,0.0365544185,0.978751898,-0.122216865,-0.0375350676,0.0271050837,0.106250204,-0.0898506418,0.0755278319,-0.447614133,0.172542959,-0.699562371,-0.0814145431,-0.135200784,0.0823006779,-0.0467215776,-0.046425879,0.0207148772,0.00654735183,-0.266795576,-0.0698766708,-0.0016758967,0.0301119518,0.136662409,0.163526058,-0.10221336,-0.224384382,-0.161740676,-0.112843998,0.525070786,0.159831747,-0.11156632,0.00389619498,0.00364541262,-0.132308602,-0.24471581,-0.0112183932,-0.0408167802,0.432992965,-0.106665783,0.0529316142,-0.20900473,-0.113801211,0.106363639,0.408656985,-0.200444654,-0.0773438141,0.0288761947,0.136592507,0.0308529697,0.286020339,0.503332734,0.0419012234,0.878413379,0.115601629,-0.039400842,0.0635101199,0.375736564,-0.312487662,0.0309254564,0.97072196,-0.119539224,-0.0316173024,0.0156799667,-0.24471581,-0.0112183932,-0.0408167802,0.432992965,-0.106665783,0.0529316179,-0.20900473,-0.113801211,0.106363639,0.408656985,-0.200444654,-0.0773438066,0.0288761947,0.136592507,0.0308529697,0.286020339,0.503332734,0.0419012234,0.878413379,0.115601629,-0.039400842,0.0635101199,0.375736564,-0.312487662,0.0309254564,0.97072196,-0.119539224,-0.0316173024,0.0156799667,-0.24471581,-0.0112183932,-0.0408167802,0.432992965,-0.106665783,0.0529316142,-0.20900473,-0.113801211,0.106363639,0.408656985,-0.200444654,-0.0773438141,0.0288761947,0.136592507,0.0308529697,0.286020339,0.503332734,0.0419012234,0.878413379,0.115601629,-0.039400842,0.0635101199,0.375736564,-0.312487662,0.0309254564,0.97072196,-0.119539224,-0.0316173024,0.0156799667
0.534911621,3214754.18,0,0,0.0143073061,9.86037776e-06,0.123425022,0.222767703,0,1,0.695311248,0.00200052187,-0.0114054587,-0.718615472,0.0878065154,0.151571229,-0.0178419221,-2.24207754e-44,2.24207754e-44,2.24207754e-44,-0.256259501,0.0897592679,-0.0856526121,0.490298092,-0.233147308,0.0389279947,-0.159573942,-0.0648382679,0.0569381975,0.531849444,-0.364559859,0.0464974009,0.0358122587,0.0212511737,-0.00929512922,0.327830821,0.241406605,-0.0674490333,0.943350971,0.118732221,0.00313735171,-0.00101363473,0.341722697,-0.270097971,0.0373677574,0.978177428,-0.122182466,-0.0372422747,0.0260512941,0.223608285,-0.0753797293,0.0956776142,-0.633261263,0.28627333,-0.990499616,-0.0426910147,-0.142159849,0.111722253,-0.0877818912,-0.0197560284,0.0298322737,0.000742790522,-0.289399534,-0.0341156796,-0.00149821991,0.041937612,0.227513865,0.196857154,-0.0552884005,-0.267357171,-0.164488792,-0.124528557,0.50963378,0.123757042,-0.087982215,0.00646475656,0.0685710534,-0.19377093,-0.24471581,-0.0112183932,-0.0408167802,0.432992965,-0.106665783,0.0529316142,-0.20900473,-0.113801211,0.106363639,0.408656985,-0.200444654,-0.0773438141,0.0288761947,0.136592507,0.0308529697,0.286020339,0.503332734,0.0419012234,0.878413379,0.115601629,-0.039400842,0.0635101199,0.375736564,-0.312487662,0.0309254564,0.97072196,-0.119539224,-0.0316173024,0.0156799667,-0.24471581,-0.0112183932,-0.0408167802,0.432992965,-0.106665783,0.0529316179,-0.20900473,-0.113801211,0.106363639,0.408656985,-0.200444654,-0.0773438066,0.0288761947,0.136592507,0.0308529697,0.286020339,0.503332734,0.0419012234,0.878413379,0.115601629,-0.039400842,0.0635101199,0.375736564,-0.312487662,0.0309254564,0.97072196,-0.119539224,-0.0316173024,0.0156799667,-0.24471581,-0.0112183932,-0.0408167802,0.432992965,-0.106665783,0.0529316142,-0.20900473,-0.113801211,0.106363639,0.408656985,-0.200444654,-0.0773438141,0.0288761947,0.136592507,0.0308529697,0.286020339,0.503332734,0.0419012234,0.878413379,0.115601629,-0.039400842,0.0635101199,0.375736564,-0.312487662,0.0309254564,0.97072196,-0.119539224,-0.0316173024,0.0156799667
0.545902351,3214754.19,0,0,0.00525380624,6.30924478e-06,0.150105014,0.266841613,0.0523663536,1,0.695262253,0.00325401593,-0.0111279041,-0.71866262,0.0976327807,0.172669917,-0.000742856879,-2.24207754e-44,2.24207754e-44,2.24207754e-44,-0.252755255,0.0885103717,-0.0843123198,0.480468512,-0.228537083,0.0249904897,-0.159872591,-0.0670700446,0.0584934801,0.529845595,-0.364416063,0.047110144,0.0354033746,0.0169744808,-0.00956469774,0.327810436,0.242357552,-0.0635273904,0.946077526,0.118326932,-0.000566064671,-0.00297569856,0.340066791,-0.263512284,0.0385159068,0.977270961,-0.122071363,-0.0357492417,0.0230841171,0.233340129,-0.10331995,0.0896833539,-0.710316539,0.337383181,-0.928954542,-0.019391859,-0.170836329,0.102871917,-0.183680236,0.0322897136,0.0541394949,-0.0518163815,-0.311198384,-0.0232395101,-0.00142079929,0.0902323872,0.298436344,0.180811182,-0.0175928883,-0.244590163,-0.114341937,-0.103967704,0.43417266,0.0545144193,-0.0504922457,0.00857663341,0.119705901,-0.206969261,-0.223131537,0.00831875764,-0.053738419,0.418667942,-0.0542994291,0.0583285466,-0.210121363,-0.0865445733,0.0946823955,0.429533571,-0.180215642,-0.06763836,0.0251948293,0.156359106,0.020114433,0.296354681,0.473090678,0.0391322076,0.881347179,0.116599873,-0.043241024,0.0543934405,0.382311165,-0.325091362,0.0253385268,0.975425601,-0.119874693,-0.0275548883,0.0101280799,-0.223131537,0.00831875764,-0.053738419,0.418667942,-0.0542994291,0.0583285466,-0.210121363,-0.0865445733,0.0946823955,0.429533571,-0.180215642,-0.0676383674,0.0251948293,0.156359106,0.020114433,0.296354681,0.473090678,0.0391322076,0.881347179,0.116599873,-0.043241024,0.0543934442,0.382311165,-0.325091362,0.0253385268,0.975425601,-0.119874693,-0.0275548883,0.0101280808,-0.223131537,0.00831875764,-0.053738419,0.418667942,-0.0542994291,0.0583285466,-0.210121363,-0.0865445733,0.0946823955,0.429533571,-0.180215642,-0.06763836,0.0251948293,0.156359106,0.020114433,0.296354681,0.473090678,0.0391322076,0.881347179,0.116599873,-0.043241024,0.0543934405,0.382311165,-0.325091362,0.0253385268,0.975425601,-0.119874693,-0.0275548883,0.0101280799
0.556910698,3214754.2,0,0,0.0162621532,9.99122858e-06,0.179337859,0.266841613,0,1,0.695337594,0.00452223839,-0.0106533691,-0.718590081,0.0639991909,0.187485263,0.0206878241,-2.24207754e-44,2.24207754e-44,2.24207754e-44,-0.249516949,0.0872436091,-0.0834711716,0.470143706,-0.223338276,0.0111674918,-0.160058931,-0.0692498758,0.0597004704,0.5268749,-0.363547832,0.0477775633,0.0339990295,0.01303636,-0.00970120821,0.327840507,0.243570924,-0.0583184697,0.948370636,0.118193336,-0.0036603678,-0.00435691606,0.338707596,-0.258659571,0.038891729,0.976907492,-0.12196137,-0.0337357856,0.0197282229,0.200535879,-0.0874623284,0.0450311899,-0.708635032,0.362565577,-0.934405029,-0.0192295983,-0.146507755,0.0764911473,-0.228826284,0.0787591338,0.0455798209,-0.122229882,-0.260996312,-0.00461339206,0.00179836282,0.0929642022,0.394573778,0.13425751,-0.0067721433,-0.186406359,-0.0760096908,-0.0793688372,0.27662313,0.0146257412,-0.0152862361,0.00756600639,0.143072128,-0.234595269,-0.223131537,0.00831875764,-0.053738419,0.418667942,-0.0542994291,0.0583285466,-0.210121363,-0.0865445733,0.0946823955,0.429533571,-0.180215642,-0.06763836,0.0251948293,0.156359106,0.020114433,0.296354681,0.473090678,0.0391322076,0.881347179,0.116599873,-0.043241024,0.0543934405,0.382311165,-0.325091362,0.0253385268,0.975425601,-0.119874693,-0.0275548883,0.0101280799,-0.223131537,0.00831875764,-0.053738419,0.418667942,-0.0542994291,0.0583285466,-0.210121363,-0.0865445733,0.0946823955,0.429533571,-0.180215642,-0.0676383674,0.0251948293,0.156359106,0.020114433,0.296354681,0.473090678,0.0391322076,0.881347179,0.116599873,-0.043241024,0.0543934442,0.382311165,-0.325091362,0.0253385268,0.975425601,-0.119874693,-0.0275548883,0.0101280808,-0.223131537,0.00831875764,-0.053738419,0.418667942,-0.0542994291,0.0583285466,-0.210121363,-0.0865445733,0.0946823955,0.429533571,-0.180215642,-0.06763836,0.0251948293,0.156359106,0.020114433,0.296354681,0.473090678,0.0391322076,0.881347179,0.116599873,-0.043241024,0.0543934405,0.382311165,-0.325091362,0.0253385268,0.975425601,-0.119874693,-0.0275548883,0.0101280799
0.567899148,3214754.21,0,0,0.00724706287,4.57884744e-06,0.210856229,0.262129121,0.0494125634,1,0.695415556,0.00541069405,-0.0101502081,-0.718515754,0.0412884355,0.194967568,0.015716834,-2.24207754e-44,2.24207754e-44,2.24207754e-44,-0.247918397,0.0864265636,-0.0830940306,0.463568926,-0.219930515,0.00239838962,-0.160446852,-0.0705868676,0.0604649186,0.524624407,-0.362668484,0.0481694378,0.0327189825,0.0106304782,-0.00967452861,0.327867031,0.244610399,-0.0543643348,0.949275494,0.118132576,-0.00512467045,-0.00480789319,0.338160306,-0.256653219,0.0389853008,0.976800978,-0.121899776,-0.0324996375,0.017550448,0.15821591,-0.0693681017,0.0289334916,-0.656261444,0.349565804,-0.938010752,-0.0498823076,-0.120338105,0.0786414742,-0.206158608,0.0919002295,0.0245535932,-0.139177904,-0.223335862,0.0178676136,0.00637113396,0.101570129,0.41855064,0.0684420094,-0.00524074351,-0.13084504,-0.0284733661,-0.045955807,0.14558962,0.00643163407,-0.00766163971,0.00324581726,0.111965567,-0.235699281,-0.200875282,0.0302559864,-0.0699614957,0.410242498,-0.00488686562,0.0655038431,-0.210854024,-0.0644749403,0.0810497403,0.456775248,-0.148611531,-0.0620647445,0.0224371906,0.177859813,0.00570184365,0.310191333,0.442725927,0.0352214724,0.886062503,0.115964964,-0.0435431935,0.0481300205,0.387644798,-0.337490827,0.0201794058,0.979973316,-0.122736089,-0.0266350582,0.00483551156,-0.200875282,0.0302559864,-0.0699614957,0.410242498,-0.00488686562,0.0655038431,-0.210854024,-0.0644749403,0.0810497403,0.456775248,-0.148611531,-0.0620647408,0.0224371906,0.177859813,0.00570184365,0.310191333,0.442725927,0.0352214724,0.886062503,0.115964964,-0.0435431935,0.0481300168,0.387644798,-0.337490827,0.0201794058,0.979973316,-0.122736089,-0.0266350601,0.00483551202,-0.200875282,0.0302559864,-0.0699614957,0.410242498,-0.00488686562,0.0655038431,-0.210854024,-0.0644749403,0.0810497403,0.456775248,-0.148611531,-0.0620647445,0.0224371906,0.177859813,0.00570184365,0.310191333,0.442725927,0.0352214724,0.886062503,0.115964964,-0.0435431935,0.0481300205,0.387644798,-0.337490827,0.0201794058,0.979973316,-0.122736089,-0.0266350582,0.00483551156
0.577907424,3214754.22,0,0,0.0172553393,8.33440572e-06,0.24142915,0.262129121,0,1,0.695460677,0.00606138399,-0.00970442407,-0.718473077,0.0298795439,0.197001055,0.0126427291,-2.24207754e-44,2.24207754e-44,2.24207754e-44,-0.246758044,0.0859440938,-0.0829309449,0.4584589,-0.217148334,-0.00535654509,-0.161010936,-0.0714539364,0.0611087829,0.523222387,-0.361946166,0.0482396409,0.031509839,0.00897616986,-0.00942978635,0.327920049,0.245430812,-0.0508155338,0.949664295,0.118092999,-0.00604098337,-0.00494116591,0.337910771,-0.255995154,0.0390111506,0.976760507,-0.121897429,-0.0317154862,0.0155111887,0.128050655,-0.0588465855,0.016761845,-0.615066588,0.337551743,-0.948905408,-0.0852834582,-0.103485793,0.0810833424,-0.157601774,0.0879287496,0.00195280963,-0.156518683,-0.199531034,0.0349989235,0.00538255088,0.107110202,0.451636463,0.036550492,-0.00507328054,-0.103528306,-0.010999185,-0.0217172038,0.0488459989,0.00123240438,-0.00353947654,-0.000965112587,0.0911500677,-0.257598907,-0.200875282,0.0302559864,-0.0699614957,0.410242498,-0.00488686562,0.0655038431,-0.210854024,-0.0644749403,0.0810497403,0.456775248,-0.148611531,-0.0620647445,0.0224371906,0.177859813,0.00570184365,0.310191333,0.442725927,0.0352214724,0.886062503,0.115964964,-0.0435431935,0.0481300205,0.387644798,-0.337490827,0.0201794058,0.979973316,-0.122736089,-0.0266350582,0.00483551156,-0.200875282,0.0302559864,-0.0699614957,0.410242498,-0.00488686562,0.0655038431,-0.210854024,-0.0644749403,0.0810497403,0.456775248,-0.148611531,-0.0620647408,0.0224371906,0.177859813,0.00570184365,0.310191333,0.442725927,0.0352214724,0.886062503,0.115964964,-0.0435431935,0.0481300168,0.387644798,-0.337490827,0.0201794058,0.979973316,-0.122736089,-0.0266350601,0.00483551202,-0.200875282,0.0302559864,-0.0699614957,0.410242498,-0.00488686562,0.0655038431,-0.210854024,-0.0644749403,0.0810497403,0.456775248,-0.148611531,-0.0620647445,0.0224371906,0.177859813,0.00570184365,0.310191333,0.442725927,0.0352214724,0.886062503,0.115964964,-0.0435431935,0.0481300205,0.387644798,-0.337490827,0.0201794058,0.979973316,-0.122736089,-0.0266350582,0.00483551156
0.587910625,3214754.23,0,0,0.00721987383,9.72906128e-06,0.273589164,0.281992834,0.0382717848,1,0.695504606,0.0068745208,-0.00908687897,-0.718431294,0.0207825676,0.205473572,0.00645884639,-2.24207754e-44,2.24207754e-44,2.24207754e-44,-0.245940864,0.085354045,-0.0827926472,0.453037381,-0.21414949,-0.0139253987,-0.162137449,-0.0724046156,0.0619399995,0.521927416,-0.361132026,0.0481919385,0.0298679583,0.00711279688,-0.00900703017,0.327945173,0.2466833,-0.0463352613,0.949869514,0.118033357,-0.00698408345,-0.00496560661,0.337816834,-0.256157875,0.0389987007,0.976754308,-0.121919371,-0.0308873169,0.0131999403,0.051933229,-0.0585373901,0.0133572007,-0.491733819,0.273222238,-0.796086609,-0.128375739,-0.0892082602,0.0855717361,-0.113176353,0.0767809376,-0.0076201628,-0.167330071,-0.177636474,0.0482774377,0.000616231293,0.139448375,0.439980567,0.0127188405,-0.00660383143,-0.092849642,0.00402803719,-0.00221078703,-0.0592344366,-0.00247507915,0.00102097658,-0.00272819307,0.0776697844,-0.207437903,-0.17751658,0.0540090427,-0.088228561,0.408400804,0.0333849192,0.0772583112,-0.214843392,-0.0472590327,0.0685137808,0.487416744,-0.116702549,-0.0581825003,0.0180445574,0.19969207,-0.0144916214,0.32297352,0.411363125,0.0309298858,0.889468253,0.113650374,-0.0399664007,0.0446191728,0.39400053,-0.346399426,0.01617736,0.98356545,-0.127161309,-0.0296742693,0.000933916308,-0.17751658,0.054009039,-0.088228561,0.408400804,0.0333849192,0.0772583112,-0.214843392,-0.047259029,0.0685137808,0.487416744,-0.116702549,-0.0581824929,0.0180445574,0.19969207,-0.0144916214,0.32297352,0.411363125,0.0309298858,0.889468253,0.113650374,-0.0399664007,0.0446191691,0.39400053,-0.346399426,0.01617736,0.98356545,-0.127161309,-0.0296742693,0.000933916308,-0.17751658,0.0540090427,-0.088228561,0.408400804,0.0333849192,0.0772583112,-0.214843392,-0.0472590327,0.0685137808,0.487416744,-0.116702549,-0.0581825003,0.0180445574,0.19969207,-0.0144916214,0.32297352,0.411363125,0.0309298858,0.889468253,0.113650374,-0.0399664007,0.0446191728,0.39400053,-0.346399426,0.01617736,0.98356545,-0.127161309,-0.0296742693,0.000933916308
0.598897247,3214754.24,0,0,0.0182064958,4.32087108e-06,0.310534447,0.281992834,0,1,0.695533454,0.00768601103,-0.0082998639,-0.718404651,-0.00767513225,0.17487435,-0.000517226348,-2.24207754e-44,2.24207754e-44,2.24207754e-44,-0.245557904,0.0849307552,-0.082881242,0.447859973,-0.211116508,-0.0239720903,-0.164166361,-0.073057197,0.0628212541,0.521832883,-0.360508621,0.0462785177,0.027419379,0.00546384417,-0.00806667097,0.327952147,0.248169363,-0.0407618769,0.949931264,0.11792478,-0.00781774055,-0.00437275693,0.337814659,-0.257914692,0.0389163345,0.976789594,-0.122060336,-0.0304390732,0.0104811387,0.0184181519,-0.02643588,-0.0125601152,-0.381335884,0.229110286,-0.823869109,-0.186611086,-0.0394563451,0.0724733844,0.0460560508,0.0361633673,-0.208580062,-0.221168637,-0.118412353,0.0992959514,-0.000296777114,0.121169165,0.465058625,0.00117427297,-0.0122765368,-0.0555874668,0.0832106993,0.00248362101,-0.203090131,-0.0132967671,0.00436593499,-0.015656909,0.0193992406,-0.222115353,-0.17751658,0.0540090427,-0.088228561,0.408400804,0.0333849192,0.0772583112,-0.214843392,-0.0472590327,0.0685137808,0.487416744,-0.116702549,-0.0581825003,0.0180445574,0.19969207,-0.0144916214,0.32297352,0.411363125,0.0309298858,0.889468253,0.113650374,-0.0399664007,0.0446191728,0.39400053,-0.346399426,0.01617736,0.98356545,-0.127161309,-0.0296742693,0.000933916308,-0.17751658,0.054009039,-0.088228561,0.408400804,0.0333849192,0.0772583112,-0.214843392,-0.047259029,0.0685137808,0.487416744,-0.116702549,-0.0581824929,0.0180445574,0.19969207,-0.0144916214,0.32297352,0.411363125,0.0309298858,0.889468253,0.113650374,-0.0399664007,0.0446191691,0.39400053,-0.346399426,0.01617736,0.98356545,-0.127161309,-0.0296742693,0.000933916308,-0.17751658,0.0540090427,-0.088228561,0.408400804,0.0333849192,0.0772583112,-0.214843392,-0.0472590327,0.0685137808,0.487416744,-0.116702549,-0.0581825003,0.0180445574,0.19969207,-0.0144916214,0.32297352,0.411363125,0.0309298858,0.889468253,0.113650374,-0.0399664007,0.0446191728,0.39400053,-0.346399426,0.01617736,0.98356545,-0.127161309,-0.0296742693,0.000933916308
0.608901829,3214754.25,0,0,0.00824902998,5.7509169e-06,0.345437229,0.265602022,0.0314955115,1,0.695506155,0.00821103435,-0.00772202387,-0.718431711,-0.0131624332,0.14926374,-0.0112853302,-2.24207754e-44,2.24207754e-44,2.24207754e-44,-0.245507851,0.084690921,-0.0830005705,0.444719106,-0.209202439,-0.0315920822,-0.166070983,-0.0733705536,0.0635949597,0.522661269,-0.360305697,0.0441957079,0.0252077151,0.00442238292,-0.00684347842,0.327858388,0.249476314,-0.0364082493,0.949920893,0.117701642,-0.00817776565,-0.00316250045,0.337995797,-0.260508299,0.0385614336,0.976842999,-0.122311242,-0.0303707514,0.00854649302,-0.0175362285,-0.0244721305,-0.0198529474,-0.258405179,0.161799073,-0.708889723,-0.210506216,-0.0232525729,0.0747222602,0.131248727,0.000364049192,-0.249848738,-0.227153093,-0.0913588405,0.128147647,-0.0125294672,0.130614713,0.418469042,-0.00213711779,-0.034868028,-0.0218475517,0.154134825,0.030873999,-0.295995831,-0.058205843,0.00591502059,-0.0566224866,-0.0106326127,-0.178140506,-0.157854766,0.0735568181,-0.107258618,0.411902994,0.0508188456,0.0942945406,-0.22370559,-0.0348365456,0.0589682572,0.514774442,-0.101613395,-0.0537393615,0.0148401838,0.220005378,-0.0359974504,0.332270682,0.379867613,0.0264390856,0.890514553,0.110034272,-0.0342169851,0.0440149754,0.400150657,-0.351325154,0.0132133923,0.985758662,-0.132467106,-0.0343655013,-0.000866825692,-0.157854766,0.0735568181,-0.107258618,0.411902994,0.0508188456,0.0942945406,-0.22370559,-0.0348365493,0.0589682609,0.514774442,-0.101613395,-0.0537393689,0.0148401838,0.220005378,-0.0359974504,0.332270682,0.379867613,0.0264390856,0.890514553,0.110034272,-0.0342169851,0.0440149717,0.400150657,-0.351325154,0.0132133923,0.985758662,-0.132467106,-0.0343655013,-0.000866825227,-0.157854766,0.0735568181,-0.107258618,0.411902994,0.0508188456,0.0942945406,-0.22370559,-0.0348365456,0.0589682572,0.514774442,-0.101613395,-0.0537393615,0.0148401838,0.220005378,-0.0359974504,0.332270682,0.379867613,0.0264390856,0.890514553,0.110034272,-0.0342169851,0.0440149754,0.400150657,-0.351325154,0.0132133923,0.985758662,-0.132467106,-0.0343655013,-0.000866825692
0.618908127,3214754.26,0,0,0.0182553283,9.1381371e-06,0.381325901,0.265602022,0,1,0.695483923,0.00867507514,-0.00715403492,-0.718453646,-0.0169214327,0.132050097,-0.0105112493,-2.24207754e-44,2.24207754e-44,2.24207754e-44,-0.246172607,0.0843985528,-0.0834029615,0.443102628,-0.208074331,-0.0379071236,-0.168707535,-0.0734717846,0.0642459914,0.525070906,-0.360774577,0.0406017676,0.0227293894,0.00372029399,-0.00560032157,0.327771574,0.250631899,-0.032340005,0.949884355,0.117070116,-0.00820475724,-0.000989079592,0.338523269,-0.263985455,0.0375363901,0.976908863,-0.123673759,-0.0308786072,0.00688733952,-0.0785395429,-0.0306307189,-0.0453263484,-0.110125907,0.0848609507,-0.599670291,-0.274639606,-0.00552682206,0.0663374886,0.286373168,-0.0666890964,-0.368620723,-0.250236928,-0.0597608164,0.134287596,-0.010971575,0.110154778,0.395308435,-0.00448582834,-0.0773007497,0.00917301327,0.250709355,0.0688902065,-0.379316628,-0.12691091,0.00686728628,-0.162277579,-0.067347832,-0.153969169,-0.157854766,0.0735568181,-0.107258618,0.411902994,0.0508188456,0.0942945406,-0.22370559,-0.0348365456,0.0589682572,0.514774442,-0.101613395,-0.0537393615,0.0148401838,0.220005378,-0.0359974504,0.332270682,0.379867613,0.0264390856,0.890514553,0.110034272,-0.0342169851,0.0440149754,0.400150657,-0.351325154,0.0132133923,0.985758662,-0.132467106,-0.0343655013,-0.000866825692,-0.157854766,0.0735568181,-0.107258618,0.411902994,0.0508188456,0.0942945406,-0.22370559,-0.0348365493,0.0589682609,0.514774442,-0.101613395,-0.0537393689,0.0148401838,0.220005378,-0.0359974504,0.332270682,0.379867613,0.0264390856,0.890514553,0.110034272,-0.0342169851,0.0440149717,0.400150657,-0.351325154,0.0132133923,0.985758662,-0.132467106,-0.0343655013,-0.000866825227,-0.157854766,0.0735568181,-0.107258618,0.411902994,0.0508188456,0.0942945406,-0.22370559,-0.0348365456,0.0589682572,0.514774442,-0.101613395,-0.0537393615,0.0148401838,0.220005378,-0.0359974504,0.332270682,0.379867613,0.0264390856,0.890514553,0.110034272,-0.0342169851,0.0440149754,0.400150657,-0.351325154,0.0132133923,0.985758662,-0.132467106,-0.0343655013,-0.000866825692
0.629901946,3214754.28,0,0,0.00927473186,6.71669841e-06,0.421618849,0.23833476,0.0277584493,1,0.695420682,0.00903783273,-0.00670309504,-0.71851474,-0.0135502256,0.129003897,-0.0187106654,-2.24207754e-44,2.24207754e-44,2.24207754e-44,-0.247098908,0.0840678886,-0.0838687867,0.44268173,-0.207627833,-0.0433063991,-0.17155531,-0.0735009983,0.0649566427,0.528411031,-0.361620128,0.0372606479,0.0203935727,0.00324865803,-0.00421292521,0.327564985,0.251682401,-0.0286220554,0.949777484,0.116153412,-0.0077536488,0.00188102899,0.339588583,-0.268188238,0.0359990187,0.977009237,-0.125524089,-0.0317694433,0.00558856502,-0.142043665,-0.0416525602,-0.0578073338,0.0244403481,0.00765439682,-0.442953914,-0.335864514,-0.00190798205,0.0625805333,0.400393069,-0.100662567,-0.341071963,-0.228448018,-0.0363329165,0.104809925,-0.0178050995,0.0913927853,0.35950911,-0.0247232411,-0.108609952,0.088973619,0.324007034,0.141226158,-0.447665095,-0.173079342,0.0170254204,-0.245069966,-0.130555227,-0.110953599,-0.14467752,0.0850511566,-0.123457529,0.41715011,0.0492921472,0.115426071,-0.236274302,-0.028990984,0.0539583303,0.530203879,-0.107886285,-0.047406666,0.0138513874,0.234088868,-0.0555167086,0.334960401,0.352109164,0.0228839964,0.888722897,0.105955809,-0.0298364535,0.0455380678,0.404085696,-0.352653384,0.0122298971,0.98670125,-0.139386564,-0.0392515846,-0.000585972331,-0.14467752,0.0850511566,-0.123457529,0.41715011,0.0492921472,0.115426064,-0.236274302,-0.0289909877,0.0539583303,0.530203879,-0.107886285,-0.0474066697,0.0138513874,0.234088868,-0.0555167124,0.334960401,0.352109164,0.0228839945,0.888722897,0.105955809,-0.0298364516,0.0455380641,0.404085696,-0.352653384,0.0122298971,0.98670125,-0.139386564,-0.0392515846,-0.000585972331,-0.14467752,0.0850511566,-0.123457529,0.41715011,0.0492921472,0.115426071,-0.236274302,-0.028990984,0.0539583303,0.530203879,-0.107886285,-0.047406666,0.0138513874,0.234088868,-0.0555167086,0.334960401,0.352109164,0.0228839964,0.888722897,0.105955809,-0.0298364535,0.0455380678,0.404085696,-0.352653384,0.0122298971,0.98670125,-0.139386564,-0.0392515846,-0.000585972331
0.639910431,3214754.29,0,0,0.0192832169,9.96980816e-06,0.458834082,0.23833476,0,1,0.695358217,0.00943341199,-0.00623489497,-0.718574345,-0.00988509506,0.103532225,-0.0210253298,-2.24207754e-44,2.24207754e-44,2.24207754e-44,-0.248819426,0.083574973,-0.0845754445,0.443666875,-0.207975179,-0.0468137413,-0.175239086,-0.0735164285,0.0654574856,0.533153057,-0.362760454,0.0340340622,0.0182594229,0.00304854289,-0.00331611233,0.327273577,0.252366304,-0.0251353942,0.94942075,0.1148673,-0.00627385685,0.00558053702,0.341465205,-0.273012578,0.0340817422,0.977280676,-0.128543928,-0.0335340127,0.00472720154,-0.170508564,-0.0519814491,-0.0741591677,0.135141939,-0.0569151044,-0.315083355,-0.369287461,-0.00163541944,0.0474787168,0.510331929,-0.120490521,-0.297721297,-0.198953837,-0.0118084094,0.097547628,-0.0428977683,0.0557165742,0.342839897,-0.0385676622,-0.138903767,0.181006119,0.394774884,0.214722276,-0.502973437,-0.200949162,0.0328249671,-0.320825428,-0.196205467,-0.0712419972,-0.14467752,0.0850511566,-0.123457529,0.41715011,0.0492921472,0.115426071,-0.236274302,-0.028990984,0.0539583303,0.530203879,-0.107886285,-0.047406666,0.0138513874,0.234088868,-0.0555167086,0.334960401,0.352109164,0.0228839964,0.888722897,0.105955809,-0.0298364535,0.0455380678,0.404085696,-0.352653384,0.0122298971,0.98670125,-0.139386564,-0.0392515846,-0.000585972331,-0.14467752,0.0850511566,-0.123457529,0.41715011,0.0492921472,0.115426064,-0.236274302,-0.0289909877,0.0539583303,0.530203879,-0.107886285,-0.0474066697,0.0138513874,0.234088868,-0.0555167124,0.334960401,0.352109164,0.0228839945,0.888722897,0.105955809,-0.0298364516,0.0455380641,0.404085696,-0.352653384,0.0122298971,0.98670125,-0.139386564,-0.0392515846,-0.000585972331,-0.14467752,0.0850511566,-0.123457529,0.41715011,0.0492921472,0.115426071,-0.236274302,-0.028990984,0.0539583303,0.530203879,-0.107886285,-0.047406666,0.0138513874,0.234088868,-0.0555167086,0.334960401,0.352109164,0.0228839964,0.888722897,0.105955809,-0.0298364535,0.0455380678,0.404085696,-0.352653384,0.0122298971,0.98670125,-0.139386564,-0.0392515846,-0.000585972331
0.650919527,3214754.3,0,0,0.0102596041,5.98700717e-06,0.500065088,0.270873308,0.0213887393,1,0.69526577,0.00970662478,-0.00594169414,-0.71866262,0.000529704324,0.0726954788,-0.0173341464,-2.24207754e-44,2.24207754e-44,2.24207754e-44,-0.250590175,0.0828806013,-0.0855285823,0.445758551,-0.209022716,-0.0499135256,-0.179179817,-0.0735926107,0.0659826621,0.539237857,-0.364331722,0.0312175155,0.0162583347,0.0030132453,-0.00202689483,0.326436341,0.252872914,-0.0211144891,0.949141026,0.113136344,-0.00373409921,0.010464536,0.344632775,-0.279344052,0.0317850336,0.977863193,-0.132297218,-0.0358151197,0.00411487883,-0.181604862,-0.0694560856,-0.0915239304,0.231236666,-0.124774836,-0.152485415,-0.342392087,-0.0121905599,0.0308700688,0.523565412,-0.140992001,-0.196064144,-0.147624463,0.00481862063,0.069174014,-0.0779104829,0.0258062501,0.329956084,-0.0168741867,-0.156806961,0.240112782,0.424640834,0.309640855,-0.545582712,-0.176546827,0.0655604303,-0.366296589,-0.207838729,-0.0332318507,-0.139385819,0.0904589593,-0.133949503,0.420960069,0.037873894,0.13652575,-0.249260336,-0.02880124,0.0528442301,0.534214616,-0.128212288,-0.0420327708,0.0139892604,0.241032422,-0.0691308826,0.330955297,0.330720425,0.0212241188,0.885356903,0.102314666,-0.0285163671,0.0477447361,0.404652447,-0.352144539,0.013483718,0.986577153,-0.147149161,-0.0434232317,0.000452921726,-0.139385819,0.0904589593,-0.133949503,0.420960069,0.037873894,0.136525765,-0.249260336,-0.0288012419,0.0528442301,0.534214616,-0.128212288,-0.0420327671,0.0139892604,0.241032422,-0.0691308826,0.330955297,0.330720425,0.0212241188,0.885356903,0.102314666,-0.0285163671,0.0477447324,0.404652447,-0.352144539,0.013483718,0.986577153,-0.147149161,-0.0434232317,0.00045292126,-0.139385819,0.0904589593,-0.133949503,0.420960069,0.037873894,0.13652575,-0.249260336,-0.02880124,0.0528442301,0.534214616,-0.128212288,-0.0420327708,0.0139892604,0.241032422,-0.0691308826,0.330955297,0.330720425,0.0212241188,0.885356903,0.102314666,-0.0285163671,0.0477447361,0.404652447,-0.352144539,0.013483718,0.986577153,-0.147149161,-0.0434232317,0.000452921726
0.661899862,3214754.31,0,0,0.00125577534,5.94416633e-06,0.54118818,0.262464397,0.0244871974,1,0.695214868,0.00992712937,-0.00578081049,-0.718710184,0.013173148,0.0287697557,-0.0139173148,-2.24207754e-44,2.24207754e-44,2.24207754e-44,-0.252338529,0.0821011066,-0.0865043476,0.448388457,-0.210519925,-0.0507184416,-0.182286724,-0.0737807006,0.0662031174,0.544289351,-0.36588043,0.0296065863,0.0150426952,0.00310643506,-0.00147248257,0.325539917,0.253012329,-0.0178576633,0.949032843,0.111478403,-0.0011171964,0.0147093153,0.348145753,-0.284887522,0.0302111078,0.978720605,-0.135977283,-0.0378045291,0.00390092609,-0.149731696,-0.0817294195,-0.0984552354,0.27093786,-0.159637138,-0.0508081429,-0.26904434,-0.0230716243,0.0192272104,0.479347855,-0.164380386,-0.139512673,-0.103914857,0.0105324872,0.0631200746,-0.0987205282,0.00873144343,0.324741066,-0.00772609096,-0.167632267,0.270654261,0.416488171,0.372309148,-0.555855215,-0.145837516,0.0983715579,-0.345091343,-0.181578949,-0.0160884075,-0.143939689,0.0920218602,-0.138539895,0.422161877,0.0192260891,0.153843164,-0.258358002,-0.0329577923,0.0552071743,0.527724802,-0.152699485,-0.0394926295,0.0155367553,0.239679381,-0.0739962757,0.323427409,0.316713125,0.0215155184,0.88183713,0.100098915,-0.0286417976,0.0510984585,0.400517583,-0.351147175,0.0153363943,0.985108376,-0.155078039,-0.0462175384,0.00192686822,-0.143939689,0.0920218602,-0.138539895,0.422161877,0.0192260891,0.153843164,-0.258358002,-0.0329577886,0.055207178,0.527724802,-0.152699485,-0.0394926295,0.0155367553,0.239679381,-0.0739962757,0.323427409,0.316713125,0.0215155184,0.88183713,0.100098915,-0.0286417995,0.0510984585,0.400517583,-0.351147175,0.0153363943,0.985108376,-0.155078039,-0.0462175384,0.00192686869,-0.143939689,0.0920218602,-0.138539895,0.422161877,0.0192260891,0.153843164,-0.258358002,-0.0329577923,0.0552071743,0.527724802,-0.152699485,-0.0394926295,0.0155367553,0.239679381,-0.0739962757,0.323427409,0.316713125,0.0215155184,0.88183713,0.100098915,-0.0286417976,0.0510984585,0.400517583,-0.351147175,0.0153363943,0.985108376,-0.155078039,-0.0462175384,0.00192686822
0.671913421,3214754.32,0,0,0.0112693342,7.07013533e-06,0.57842195,0.262464397,0,1,0.695178986,0.010040896,-0.00583847007,-0.718742847,0.0325837471,0.0116155138,-0.00301305368,-2.24207754e-44,2.24207754e-44,2.24207754e-44,-0.253686517,0.0811673775,-0.0875135958,0.451300383,-0.212320969,-0.0503995977,-0.184360921,-0.0740537569,0.0665321127,0.548365295,-0.36781615,0.028342586,0.0142534208,0.003188106,-0.000953157898,0.324499249,0.253047705,-0.0146665592,0.948983014,0.1097835,0.00164067827,0.0187337901,0.352194428,-0.290391475,0.0289605819,0.979904294,-0.139481097,-0.0393850058,0.00378620625,-0.15265058,-0.107138745,-0.106456779,0.321940929,-0.203082323,0.126203015,-0.17740649,-0.029298136,0.0511763506,0.346264273,-0.223880619,-0.12802434,-0.0623986982,0.00539790327,0.0236198567,-0.105456941,-0.000472331449,0.309637964,-0.0036855631,-0.175746515,0.279576272,0.40013361,0.432025373,-0.545648277,-0.106884889,0.131859198,-0.402543575,-0.154747725,-0.00861277152,-0.143939689,0.0920218602,-0.138539895,0.422161877,0.0192260891,0.153843164,-0.258358002,-0.0329577923,0.0552071743,0.527724802,-0.152699485,-0.0394926295,0.0155367553,0.239679381,-0.0739962757,0.323427409,0.316713125,0.0215155184,0.88183713,0.100098915,-0.0286417976,0.0510984585,0.400517583,-0.351147175,0.0153363943,0.985108376,-0.155078039,-0.0462175384,0.00192686822,-0.143939689,0.0920218602,-0.138539895,0.422161877,0.0192260891,0.153843164,-0.258358002,-0.0329577886,0.055207178,0.527724802,-0.152699485,-0.0394926295,0.0155367553,0.239679381,-0.0739962757,0.323427409,0.316713125,0.0215155184,0.88183713,0.100098915,-0.0286417995,0.0510984585,0.400517583,-0.351147175,0.0153363943,0.985108376,-0.155078039,-0.0462175384,0.00192686869,-0.143939689,0.0920218602,-0.138539895,0.422161877,0.0192260891,0.153843164,-0.258358002,-0.0329577923,0.0552071743,0.527724802,-0.152699485,-0.0394926295,0.0155367553,0.239679381,-0.0739962757,0.323427409,0.316713125,0.0215155184,0.88183713,0.100098915,-0.0286417976,0.0510984585,0.400517583,-0.351147175,0.0153363943,0.985108376,-0.155078039,-0.0462175384,0.00192686822
0.683296262,3214754.33,0,0,0.00267399289,8.83685425e-06,0.620124996,0.20893896,0.022214219,1,0.695162892,0.0101826517,-0.00600461336,-0.718755007,0.0504646599,-0.0143315205,-0.00581196835,-2.24207754e-44,2.24207754e-44,2.24207754e-44,-0.255048871,0.0800423324,-0.0885582343,0.454540312,-0.21441029,-0.0489397533,-0.185509026,-0.0743693784,0.0672525391,0.550926864,-0.370378464,0.0272870678,0.0138988337,0.00321726757,-0.000849494012,0.323444873,0.25301525,-0.0116570303,0.948959351,0.108012505,0.00431561191,0.0225507282,0.356729895,-0.295696765,0.0280967485,0.981375933,-0.143478602,-0.0406976119,0.00372255826,-0.118465222,-0.112963147,-0.101619765,0.31541279,-0.206192523,0.134799242,-0.0737020746,-0.0337438062,0.0805467069,0.200907513,-0.274082601,-0.0875144452,-0.0216469988,0.00165577931,0.00482694153,-0.101363413,-0.00400435552,0.297347873,-0.00164907565,-0.175619453,0.253251135,0.364605576,0.460962713,-0.518189371,-0.0751167238,0.156623349,-0.373180985,-0.109889589,-0.00530862017,-0.15682891,0.0901488364,-0.138153479,0.422215939,-0.00298812985,0.164476901,-0.260177583,-0.0416663811,0.0605424456,0.513344049,-0.171085298,-0.0395932049,0.0182033442,0.231047899,-0.0705880374,0.31585443,0.31133166,0.0230954587,0.878724813,0.0995255932,-0.0282974914,0.0556400865,0.392084569,-0.351569653,0.0167458393,0.982837737,-0.162369803,-0.0476658531,0.00392165128,-0.15682891,0.0901488364,-0.138153479,0.422215939,-0.00298812985,0.164476916,-0.260177583,-0.0416663811,0.0605424456,0.513344049,-0.171085298,-0.0395932049,0.0182033442,0.231047899,-0.0705880374,0.31585443,0.31133166,0.0230954625,0.878724813,0.0995255932,-0.0282974932,0.0556400865,0.392084569,-0.351569653,0.0167458393,0.982837737,-0.162369803,-0.0476658531,0.00392165128,-0.15682891,0.0901488364,-0.138153479,0.422215939,-0.00298812985,0.164476901,-0.260177583,-0.0416663811,0.0605424456,0.513344049,-0.171085298,-0.0395932049,0.0182033442,0.231047899,-0.0705880374,0.31585443,0.31133166,0.0230954587,0.878724813,0.0995255932,-0.0282974914,0.0556400865,0.392084569,-0.351569653,0.0167458393,0.982837737,-0.162369803,-0.0476658531,0.00392165128
0.693897382,3214754.34,0,0,0.013275113,4.26918268e-06,0.658081055,0.20893896,0,1,0.695145011,0.0103313057,-0.00621003937,-0.718768418,0.0311759654,-0.00563198095,-0.00394497626,-2.24207754e-44,2.24207754e-44,2.24207754e-44,-0.256758004,0.0787769854,-0.0898430347,0.458663404,-0.217139661,-0.0457004383,-0.186217353,-0.0747066662,0.0680423453,0.552726388,-0.373026788,0.0277885441,0.0138104614,0.00349754281,-0.00125630479,0.322308093,0.252683491,-0.00808885228,0.948958993,0.106107436,0.00721396971,0.0268547032,0.362192243,-0.301689625,0.0274769422,0.983579397,-0.148383245,-0.0416363291,0.00369992806,-0.149962291,-0.0941155255,-0.110882647,0.355624974,-0.237444565,0.359812379,-0.050089132,-0.0177361872,0.0543761291,0.125943989,-0.171070471,0.118284844,0.00379983662,0.0430761091,-0.051489085,-0.0935293362,-0.0475133806,0.297445178,0.000996075221,-0.145176649,0.234049916,0.358286738,0.442222744,-0.483742356,-0.0362486057,0.202656552,-0.433906049,-0.0566311628,0.000429469743,-0.15682891,0.0901488364,-0.138153479,0.422215939,-0.00298812985,0.164476901,-0.260177583,-0.0416663811,0.0605424456,0.513344049,-0.171085298,-0.0395932049,0.0182033442,0.231047899,-0.0705880374,0.31585443,0.31133166,0.0230954587,0.878724813,0.0995255932,-0.0282974914,0.0556400865,0.392084569,-0.351569653,0.0167458393,0.982837737,-0.162369803,-0.0476658531,0.00392165128,-0.15682891,0.0901488364,-0.138153479,0.422215939,-0.00298812985,0.164476916,-0.260177583,-0.0416663811,0.0605424456,0.513344049,-0.171085298,-0.0395932049,0.0182033442,0.231047899,-0.0705880374,0.31585443,0.31133166,0.0230954625,0.878724813,0.0995255932,-0.0282974932,0.0556400865,0.392084569,-0.351569653,0.0167458393,0.982837737,-0.162369803,-0.0476658531,0.00392165128,-0.15682891,0.0901488364,-0.138153479,0.422215939,-0.00298812985,0.164476901,-0.260177583,-0.0416663811,0.0605424456,0.513344049,-0.171085298,-0.0395932049,0.0182033442,0.231047899,-0.0705880374,0.31585443,0.31133166,0.0230954587,0.878724813,0.0995255932,-0.0282974914,0.0556400865,0.392084569,-0.351569653,0.0167458393,0.982837737,-0.162369803,-0.0476658531,0.00392165128
0.705814686,3214754.35,0,0,0.0052115568,1.48019753e-05,0.699394524,0.196084846,0.0175859034,1,0.695048213,0.0103196269,-0.0064687538,-0.718859971,0.0257098209,-0.0321698152,-0.0296971351,-2.24207754e-44,2.24207754e-44,2.24207754e-44,-0.258153796,0.0777950659,-0.091249004,0.462869078,-0.220058888,-0.0407420285,-0.18655017,-0.0747077465,0.068795383,0.554222524,-0.374792129,0.0295826979,0.014138991,0.00429805135,-0.00193278375,0.32112962,0.251857758,-0.00407113926,0.948982239,0.104285859,0.00998708326,0.0315220654,0.36786592,-0.307857126,0.0270727426,0.986608446,-0.153450444,-0.0420372598,0.00373460026,-0.0768317059,-0.0586992316,-0.0882909894,0.265802413,-0.191406563,0.391175508,-0.0111667626,0.00848823972,0.0593352616,0.0807038844,-0.0928451121,0.15077652,0.0376310572,0.0611368082,-0.059417434,-0.0735094622,-0.063812539,0.273755223,0.00195547938,-0.116033338,0.170778692,0.314431101,0.376654834,-0.404013932,-0.0288960468,0.22489655,-0.321977973,-0.0159031749,0.00661392417,-0.172653317,0.082562618,-0.132375211,0.423428416,-0.0205740333,0.1680834,-0.257105112,-0.0556690842,0.0682744831,0.497253776,-0.180595055,-0.0438737944,0.0206777249,0.21538195,-0.0605309047,0.310271055,0.314442992,0.0259607285,0.877284646,0.100169346,-0.0270212926,0.0604874641,0.38317591,-0.353369981,0.0164381117,0.981121063,-0.167621538,-0.0484088846,0.00617323164,-0.172653317,0.082562618,-0.132375211,0.423428416,-0.0205740333,0.168083414,-0.257105112,-0.0556690842,0.0682744831,0.497253805,-0.180595055,-0.0438737907,0.0206777249,0.21538195,-0.0605309047,0.310271055,0.314442992,0.0259607285,0.877284646,0.100169346,-0.0270212926,0.0604874603,0.38317591,-0.353369981,0.0164381117,0.981121063,-0.167621538,-0.0484088846,0.00617323164,-0.172653317,0.082562618,-0.132375211,0.423428416,-0.0205740333,0.1680834,-0.257105112,-0.0556690842,0.0682744831,0.497253776,-0.180595055,-0.0438737944,0.0206777249,0.21538195,-0.0605309047,0.310271055,0.314442992,0.0259607285,0.877284646,0.100169346,-0.0270212926,0.0604874641,0.38317591,-0.353369981,0.0164381117,0.981121063,-0.167621538,-0.0484088846,0.00617323164
0.715929483,3214754.36,0,0,0.0153263537,6.98072836e-06,0.733076811,0.196084846,0,1,0.694936335,0.0103437426,-0.00662488118,-0.718966365,0.0354713835,-0.0207675807,-0.0441089384,-2.24207754e-44,2.24207754e-44,2.24207754e-44,-0.25880152,0.0773036852,-0.0918314457,0.464911699,-0.221560612,-0.0367166214,-0.186599061,-0.0746636465,0.0693517998,0.554523706,-0.375275165,0.0312851481,0.0145575702,0.00474468525,-0.0025811654,0.320587337,0.251313955,-0.00201438693,0.948998094,0.103510469,0.0112281917,0.0339842029,0.370660603,-0.310827464,0.0268074665,0.988453031,-0.156157836,-0.0421263874,0.00385328103,-0.0759822279,-0.0599804111,-0.0644164979,0.239255577,-0.178674325,0.536050618,-0.00364636909,0.00572842825,0.074452132,0.019690495,-0.0450716391,0.229755014,0.059950795,0.0537304617,-0.0894487351,-0.0638210103,-0.0693575814,0.246682495,0.00192546472,-0.0872849599,0.14318265,0.301008642,0.331204116,-0.351747543,-0.0347574763,0.230414227,-0.333493322,-0.00887000933,0.0181516986,-0.172653317,0.082562618,-0.132375211,0.423428416,-0.0205740333,0.1680834,-0.257105112,-0.0556690842,0.0682744831,0.497253776,-0.180595055,-0.0438737944,0.0206777249,0.21538195,-0.0605309047,0.310271055,0.314442992,0.0259607285,0.877284646,0.100169346,-0.0270212926,0.0604874641,0.38317591,-0.353369981,0.0164381117,0.981121063,-0.167621538,-0.0484088846,0.00617323164,-0.172653317,0.082562618,-0.132375211,0.423428416,-0.0205740333,0.168083414,-0.257105112,-0.0556690842,0.0682744831,0.497253805,-0.180595055,-0.0438737907,0.0206777249,0.21538195,-0.0605309047,0.310271055,0.314442992,0.0259607285,0.877284646,0.100169346,-0.0270212926,0.0604874603,0.38317591,-0.353369981,0.0164381117,0.981121063,-0.167621538,-0.0484088846,0.00617323164,-0.172653317,0.082562618,-0.132375211,0.423428416,-0.0205740333,0.1680834,-0.257105112,-0.0556690842,0.0682744831,0.497253776,-0.180595055,-0.0438737944,0.0206777249,0.21538195,-0.0605309047,0.310271055,0.314442992,0.0259607285,0.877284646,0.100169346,-0.0270212926,0.0604874641,0.38317591,-0.353369981,0.0164381117,0.981121063,-0.167621538,-0.0484088846,0.00617323164
0.726900044,3214754.37,0,0,0.00630080234,6.00796193e-06,0.767921209,0.218796078,0.0192421973,1,0.694695115,0.0103991404,-0.00687624654,-0.71919626,0.0397272818,-0.0280162506,-0.0587919503,-2.24207754e-44,2.24207754e-44,2.24207754e-44,-0.259388953,0.07674063,-0.0924655944,0.467116386,-0.223292083,-0.030383328,-0.186579362,-0.0744803101,0.0703054145,0.554518402,-0.375525057,0.0338189267,0.01535274,0.00541489385,-0.00372181693,0.319971085,0.250501066,0.000617743819,0.949016273,0.102650121,0.0125095844,0.0372639894,0.374044567,-0.314512312,0.0263728388,0.991020679,-0.159503281,-0.0421937667,0.00411689468,-0.0318045802,-0.0433858931,-0.0453460626,0.153860927,-0.125234127,0.551659644,0.0127599537,0.0170992147,0.081612207,-0.0217713341,-0.00232575787,0.216241181,0.0656751916,0.0543381087,-0.0924311951,-0.0447034873,-0.0644837841,0.197019532,0.00106359262,-0.0592483208,0.0818215087,0.253683537,0.242815465,-0.274561852,-0.0427818261,0.199400619,-0.248461977,-0.00370635674,0.034357287,-0.185767591,0.0716430768,-0.123939671,0.427591264,-0.0318867117,0.166686624,-0.251170814,-0.0707772821,0.0759251714,0.485120058,-0.180996731,-0.0505313501,0.0221108459,0.196139753,-0.0480783321,0.307923853,0.323861063,0.0292521194,0.877306104,0.101392262,-0.0253751017,0.0647428557,0.377735883,-0.356278628,0.0146017261,0.980328083,-0.170608833,-0.0481284969,0.00826346036,-0.185767591,0.0716430768,-0.123939671,0.427591264,-0.0318867117,0.166686624,-0.251170814,-0.0707772747,0.0759251639,0.485120088,-0.180996731,-0.0505313464,0.0221108459,0.196139753,-0.0480783321,0.307923853,0.323861063,0.0292521194,0.877306104,0.101392262,-0.0253751017,0.0647428557,0.377735883,-0.356278628,0.0146017261,0.980328083,-0.170608833,-0.0481284969,0.00826345943,-0.185767591,0.0716430768,-0.123939671,0.427591264,-0.0318867117,0.166686624,-0.251170814,-0.0707772821,0.0759251714,0.485120058,-0.180996731,-0.0505313501,0.0221108459,0.196139753,-0.0480783321,0.307923853,0.323861063,0.0292521194,0.877306104,0.101392262,-0.0253751017,0.0647428557,0.377735883,-0.356278628,0.0146017261,0.980328083,-0.170608833,-0.0481284969,0.00826346036
0.736905798,3214754.38,0,0,0.0163065563,8.1253238e-06,0.797971547,0.218796078,0,1,0.69460994,0.0104131596,-0.00698590325,-0.719277263,0.0458149128,-0.0352727063,-0.0581606254,-2.24207754e-44,2.24207754e-44,2.24207754e-44,-0.259491175,0.0765464678,-0.0926236883,0.467715979,-0.223780468,-0.0279272422,-0.186465532,-0.0744333193,0.0706392229,0.554329515,-0.375469178,0.034831889,0.0156093147,0.00561269792,-0.0040597287,0.319789678,0.250255108,0.00133976585,0.949019134,0.102458082,0.012793134,0.0382451676,0.374907017,-0.315531313,0.0261557978,0.991783917,-0.160503954,-0.0422047079,0.00433747657,-0.0233560931,-0.0497649126,-0.0378459208,0.147366136,-0.120179862,0.630008876,0.0326614864,0.0103122713,0.0837902427,-0.0544083156,0.0189170036,0.262830943,0.0636254102,0.0481326953,-0.0824432299,-0.04527447,-0.060441386,0.174968407,0.000601184613,-0.0444639362,0.0671553239,0.242098212,0.206804022,-0.248352423,-0.0574171022,0.187541693,-0.249301672,-0.00244411919,0.0609443076,-0.185767591,0.0716430768,-0.123939671,0.427591264,-0.0318867117,0.166686624,-0.251170814,-0.0707772821,0.0759251714,0.485120058,-0.180996731,-0.0505313501,0.0221108459,0.196139753,-0.0480783321,0.307923853,0.323861063,0.0292521194,0.877306104,0.101392262,-0.0253751017,0.0647428557,0.377735883,-0.356278628,0.0146017261,0.980328083,-0.170608833,-0.0481284969,0.00826346036,-0.185767591,0.0716430768,-0.123939671,0.427591264,-0.0318867117,0.166686624,-0.251170814,-0.0707772747,0.0759251639,0.485120088,-0.180996731,-0.0505313464,0.0221108459,0.196139753,-0.0480783321,0.307923853,0.323861063,0.0292521194,0.877306104,0.101392262,-0.0253751017,0.0647428557,0.377735883,-0.356278628,0.0146017261,0.980328083,-0.170608833,-0.0481284969,0.00826345943,-0.185767591,0.0716430768,-0.123939671,0.427591264,-0.0318867117,0.166686624,-0.251170814,-0.0707772821,0.0759251714,0.485120058,-0.180996731,-0.0505313501,0.0221108459,0.196139753,-0.0480783321,0.307923853,0.323861063,0.0292521194,0.877306104,0.101392262,-0.0253751017,0.0647428557,0.377735883,-0.356278628,0.0146017261,0.980328083,-0.170608833,-0.0481284969,0.00826346036
0.746913663,3214754.39,0,0,0.00630430272,8.2696788e-06,0.826207399,0.228702091,0.0196272731,1,0.694269061,0.0105013307,-0.0074493452,-0.719600379,0.0483270288,-0.029605696,-0.0588641763,-2.24207754e-44,2.24207754e-44,2.24207754e-44,-0.259660989,0.0757952854,-0.0931327865,0.469323844,-0.225139424,-0.0173449945,-0.18588683,-0.0742672607,0.0719063208,0.553033769,-0.374726504,0.038976185,0.0165250711,0.00636966061,-0.00544453226,0.319194585,0.249462962,0.00329689402,0.949012995,0.102069855,0.0133497575,0.0414850526,0.37708813,-0.318692356,0.0250786301,0.994137526,-0.163796023,-0.0422173403,0.00563528575,-0.00414445391,-0.0391096398,-0.0282029696,0.0658429116,-0.0565300696,0.655943632,0.0292040594,0.0176798571,0.0737260282,-0.0839996114,0.0532238334,0.195572302,0.0542817004,0.0515329279,-0.0895305648,-0.0345403217,-0.0389222614,0.0779364556,-0.00143959001,-0.0150414277,0.0158907361,0.16602008,0.0843861848,-0.160541356,-0.0744616613,0.108099557,-0.163913727,0.000598813233,0.089732185,-0.195237726,0.0594783798,-0.11412631,0.433401525,-0.0381116569,0.161548167,-0.24515447,-0.0837597102,0.0825564265,0.476284266,-0.175936565,-0.0581358746,0.023405958,0.17651248,-0.0353281051,0.308868229,0.336388558,0.0328244865,0.879255176,0.102644674,-0.0235094801,0.0677840486,0.376133531,-0.358542502,0.0119895712,0.979757309,-0.171911225,-0.0469989292,0.010457932,-0.195237726,0.0594783798,-0.11412631,0.433401525,-0.0381116569,0.161548167,-0.24515447,-0.0837597176,0.0825564265,0.476284295,-0.175936565,-0.0581358746,0.023405958,0.17651248,-0.0353281051,0.308868229,0.336388558,0.0328244828,0.879255176,0.102644674,-0.0235094801,0.0677840486,0.376133531,-0.358542502,0.0119895712,0.979757309,-0.171911225,-0.0469989292,0.0104579311,-0.195237726,0.0594783798,-0.11412631,0.433401525,-0.0381116569,0.161548167,-0.24515447,-0.0837597102,0.0825564265,0.476284266,-0.175936565,-0.0581358746,0.023405958,0.17651248,-0.0353281051,0.308868229,0.336388558,0.0328244865,0.879255176,0.102644674,-0.0235094801,0.0677840486,0.376133531,-0.358542502,0.0119895712,0.979757309,-0.171911225,-0.0469989292,0.010457932
0.75691618,3214754.4,0,0,0.0163068199,1.04540959e-05,0.852464139,0.228702091,0,1,0.694052815,0.0105696786,-0.00774387131,-0.719804823,0.0517701544,-0.0299753267,-0.0593249016,-2.24207754e-44,2.24207754e-44,2.24207754e-44,-0.25966993,0.0753912255,-0.0933324546,0.469848484,-0.225553259,-0.0104774917,-0.185601547,-0.0741046667,0.0726348013,0.552156627,-0.374149442,0.0406616852,0.0171064846,0.00685869297,-0.00624570763,0.318758726,0.249195769,0.00372371404,0.948987663,0.101960815,0.0134397633,0.0427571833,0.377548844,-0.319984049,0.0241431184,0.994806945,-0.165201113,-0.0421992466,0.00670962874,0.000365757704,-0.0373725444,-0.0170608405,0.0386615731,-0.0292773135,0.682743669,0.0242473725,0.0183754265,0.0714959428,-0.0891524777,0.0625924245,0.151754245,0.0624016821,0.0506329238,-0.0801412389,-0.0483483337,-0.021442024,0.0264821723,-0.00319559267,-0.00851464085,0.00565577159,0.09755072,0.0267992578,-0.11080914,-0.0981723219,0.0420740321,-0.121632673,0.00178634166,0.108318157,-0.195237726,0.0594783798,-0.11412631,0.433401525,-0.0381116569,0.161548167,-0.24515447,-0.0837597102,0.0825564265,0.476284266,-0.175936565,-0.0581358746,0.023405958,0.17651248,-0.0353281051,0.308868229,0.336388558,0.0328244865,0.879255176,0.102644674,-0.0235094801,0.0677840486,0.376133531,-0.358542502,0.0119895712,0.979757309,-0.171911225,-0.0469989292,0.010457932,-0.195237726,0.0594783798,-0.11412631,0.433401525,-0.0381116569,0.161548167,-0.24515447,-0.0837597176,0.0825564265,0.476284295,-0.175936565,-0.0581358746,0.023405958,0.17651248,-0.0353281051,0.308868229,0.336388558,0.0328244828,0.879255176,0.102644674,-0.0235094801,0.0677840486,0.376133531,-0.358542502,0.0119895712,0.979757309,-0.171911225,-0.0469989292,0.0104579311,-0.195237726,0.0594783798,-0.11412631,0.433401525,-0.0381116569,0.161548167,-0.24515447,-0.0837597102,0.0825564265,0.476284266,-0.175936565,-0.0581358746,0.023405958,0.17651248,-0.0353281051,0.308868229,0.336388558,0.0328244865,0.879255176,0.102644674,-0.0235094801,0.0677840486,0.376133531,-0.358542502,0.0119895712,0.979757309,-0.171911225,-0.0469989292,0.010457932
0.767907903,3214754.41,0,0,0.00734056067,9.38167796e-06,0.878908098,0.188862905,0.0182612538,1,0.693848193,0.0106275296,-0.00800816063,-0.7199983,0.0455684885,-0.0349621363,-0.0538599454,-2.24207754e-44,2.24207754e-44,2.24207754e-44,-0.25964734,0.0751013085,-0.0935398713,0.470061839,-0.225698128,-0.00391963264,-0.185393348,-0.0738497674,0.0732752606,0.551252425,-0.373436004,0.0419470146,0.0177494753,0.00745166605,-0.00704107434,0.318211287,0.248994604,0.00386875565,0.948945403,0.101899676,0.0134640681,0.0433138609,0.377538085,-0.32086578,0.0232173372,0.9950279,-0.166113883,-0.0421911441,0.00766676664,0.00880029146,-0.0270019472,-0.0201105345,0.0137075204,-0.00648775557,0.650257647,0.02535774,0.0266069863,0.061106205,-0.0914439261,0.0761558861,0.119648807,0.0652872175,0.0604323484,-0.0689261109,-0.0616115555,-0.0193676166,0.00862286612,-0.00486583263,-0.00462263171,0.000308222079,0.0336251259,-0.0235718712,-0.0708596408,-0.0975662246,0.0125231529,-0.0706527159,0.00063593185,0.0975421444,-0.199940398,0.0475079417,-0.10384611,0.440282345,-0.0378872752,0.154733181,-0.240458876,-0.093322143,0.0875667632,0.4701702,-0.16528219,-0.0656374916,0.0242625289,0.158251226,-0.0239517055,0.311207294,0.350316525,0.0358367711,0.882490933,0.103731424,-0.0225197002,0.0694116727,0.378082573,-0.358935207,0.00903721154,0.978807032,-0.171524763,-0.0458038598,0.0128465733,-0.199940398,0.0475079417,-0.10384611,0.440282345,-0.0378872752,0.154733196,-0.240458876,-0.0933221355,0.0875667632,0.4701702,-0.16528219,-0.0656374991,0.0242625289,0.158251226,-0.0239517037,0.311207294,0.350316525,0.0358367749,0.882490933,0.103731424,-0.0225197002,0.0694116727,0.378082573,-0.358935207,0.00903721154,0.978807032,-0.171524763,-0.0458038598,0.0128465742,-0.199940398,0.0475079417,-0.10384611,0.440282345,-0.0378872752,0.154733181,-0.240458876,-0.093322143,0.0875667632,0.4701702,-0.16528219,-0.0656374916,0.0242625289,0.158251226,-0.0239517055,0.311207294,0.350316525,0.0358367711,0.882490933,0.103731424,-0.0225197002,0.0694116727,0.378082573,-0.358935207,0.00903721154,0.978807032,-0.171524763,-0.0458038598,0.0128465733
0.778906484,3214754.42,0,0,0.0183391417,8.4140338e-06,0.902719796,0.188862905,0,1,0.693609059,0.0106293783,-0.00841810182,-0.720224023,0.0478552058,-0.0483076125,-0.0534817129,-2.24207754e-44,2.24207754e-44,2.24207754e-44,-0.259397984,0.0747604519,-0.093679972,0.470154583,-0.225656837,0.00395605434,-0.185005903,-0.0735668987,0.0740252212,0.550207138,-0.372469753,0.0433176346,0.018572202,0.00809438247,-0.00758222397,0.317341566,0.248758063,0.00390425464,0.948859572,0.101868711,0.0134285986,0.0434822328,0.376755327,-0.321337849,0.0217862558,0.995073974,-0.166640967,-0.042179022,0.00907271728,0.0192118492,-0.0244360976,-0.00978463702,0.00422285777,0.0102172671,0.639978588,0.0267233979,0.026255995,0.0608412176,-0.0809455439,0.0832849443,0.103403352,0.0669349283,0.0541593544,-0.0417253412,-0.0728291497,-0.0231381673,0.000284318987,-0.0104637854,-0.00160462933,-0.00530049764,0.00489475159,-0.0928861052,-0.0230810028,-0.118696138,-0.000264908012,-0.0318141021,0.00103649311,0.115760982,-0.199940398,0.0475079417,-0.10384611,0.440282345,-0.0378872752,0.154733181,-0.240458876,-0.093322143,0.0875667632,0.4701702,-0.16528219,-0.0656374916,0.0242625289,0.158251226,-0.0239517055,0.311207294,0.350316525,0.0358367711,0.882490933,0.103731424,-0.0225197002,0.0694116727,0.378082573,-0.358935207,0.00903721154,0.978807032,-0.171524763,-0.0458038598,0.0128465733,-0.199940398,0.0475079417,-0.10384611,0.440282345,-0.0378872752,0.154733196,-0.240458876,-0.0933221355,0.0875667632,0.4701702,-0.16528219,-0.0656374991,0.0242625289,0.158251226,-0.0239517037,0.311207294,0.350316525,0.0358367749,0.882490933,0.103731424,-0.0225197002,0.0694116727,0.378082573,-0.358935207,0.00903721154,0.978807032,-0.171524763,-0.0458038598,0.0128465742,-0.199940398,0.0475079417,-0.10384611,0.440282345,-0.0378872752,0.154733181,-0.240458876,-0.093322143,0.0875667632,0.4701702,-0.16528219,-0.0656374916,0.0242625289,0.158251226,-0.0239517055,0.311207294,0.350316525,0.0358367711,0.882490933,0.103731424,-0.0225197002,0.0694116727,0.378082573,-0.358935207,0.00903721154,0.978807032,-0.171524763,-0.0458038598,0.0128465733
0.789905408,3214754.44,0,0,0.00929454528,8.28923658e-06,0.923793733,0.221082009,0.0139209777,1,0.693422139,0.010611142,-0.00872133113,-0.720400631,0.0363792889,-0.0445715524,-0.0477691479,-2.24207754e-44,2.24207754e-44,2.24207754e-44,-0.259272039,0.0746051744,-0.0938141048,0.470165849,-0.225480899,0.00996039808,-0.184844926,-0.0732309148,0.0745756403,0.549494565,-0.371615797,0.0441881791,0.0191634521,0.00870216358,-0.00801519118,0.316671848,0.248449802,0.00389190321,0.948691368,0.101857997,0.013336923,0.0434765667,0.375501871,-0.321472347,0.0208257418,0.995045602,-0.166893989,-0.0421714112,0.0100529091,0.00898744073,-0.010022549,-0.0177607723,-0.0005342355,0.0220577586,0.57503432,0.0108081205,0.0384538658,0.0499629155,-0.0652283505,0.0865193978,0.0764938593,0.0523772463,0.0659442171,-0.0428942516,-0.0630146936,-0.0364754014,-0.00194699503,-0.0211570002,-0.000819163397,-0.0118870614,-0.00376214832,-0.147233203,-0.00891521014,-0.0778945684,-0.00410775514,-0.022275107,0.000557323277,0.0851838514,-0.201947391,0.0380314961,-0.0950662717,0.445058376,-0.0359187275,0.147317737,-0.23819378,-0.0978559107,0.0907550454,0.465284228,-0.156553477,-0.0722622797,0.0249062367,0.144330248,-0.0148688778,0.313556612,0.362575442,0.0386831872,0.885646284,0.104675218,-0.0223643593,0.0698105991,0.382087171,-0.357594669,0.00628047436,0.977279305,-0.170163199,-0.0447410941,0.0157003291,-0.201947391,0.0380314924,-0.0950662717,0.445058376,-0.0359187275,0.147317752,-0.23819378,-0.0978559107,0.0907550454,0.465284258,-0.156553477,-0.0722622722,0.0249062367,0.144330248,-0.0148688788,0.313556612,0.362575442,0.0386831872,0.885646284,0.104675218,-0.0223643593,0.0698105991,0.382087171,-0.357594669,0.00628047436,0.977279305,-0.170163199,-0.0447410941,0.0157003272,-0.201947391,0.0380314961,-0.0950662717,0.445058376,-0.0359187275,0.147317737,-0.23819378,-0.0978559107,0.0907550454,0.465284228,-0.156553477,-0.0722622797,0.0249062367,0.144330248,-0.0148688778,0.313556612,0.362575442,0.0386831872,0.885646284,0.104675218,-0.0223643593,0.0698105991,0.382087171,-0.357594669,0.00628047436,0.977279305,-0.170163199,-0.0447410941,0.0157003291
0.799910029,3214754.45,0,0,0.0192991663,9.97912139e-06,0.940544724,0.221082009,0,1,0.693187952,0.010520746,-0.00911785197,-0.72062242,0.0371301882,-0.0626987219,-0.053564515,-2.24207754e-44,2.24207754e-44,2.24207754e-44,-0.259003401,0.0745430142,-0.0939130336,0.470104456,-0.225107461,0.0162759479,-0.184669286,-0.0727550387,0.0752468556,0.548851132,-0.370604485,0.045000378,0.0198940225,0.00944759604,-0.00827612355,0.315849543,0.248061508,0.00385357719,0.948533118,0.101863548,0.0128969224,0.0430768728,0.373541266,-0.321503252,0.0198555347,0.994621933,-0.16709888,-0.0421524458,0.0115392627,0.0273730382,-0.0028027501,-0.00546437362,-0.00875493698,0.0370731652,0.494250238,0.0132843498,0.0399602391,0.0567553751,-0.0435772799,0.0816113651,0.0619356818,0.0619276762,0.0602913573,-0.0127501143,-0.0687390864,-0.0308499765,-0.00384358387,-0.00978696067,0.00104386092,-0.0513070077,-0.0507991239,-0.174278632,0.000198034046,-0.0761155933,-0.054755412,-0.0146517353,0.00186873449,0.13424401,-0.201947391,0.0380314961,-0.0950662717,0.445058376,-0.0359187275,0.147317737,-0.23819378,-0.0978559107,0.0907550454,0.465284228,-0.156553477,-0.0722622797,0.0249062367,0.144330248,-0.0148688778,0.313556612,0.362575442,0.0386831872,0.885646284,0.104675218,-0.0223643593,0.0698105991,0.382087171,-0.357594669,0.00628047436,0.977279305,-0.170163199,-0.0447410941,0.0157003291,-0.201947391,0.0380314924,-0.0950662717,0.445058376,-0.0359187275,0.147317752,-0.23819378,-0.0978559107,0.0907550454,0.465284258,-0.156553477,-0.0722622722,0.0249062367,0.144330248,-0.0148688788,0.313556612,0.362575442,0.0386831872,0.885646284,0.104675218,-0.0223643593,0.0698105991,0.382087171,-0.357594669,0.00628047436,0.977279305,-0.170163199,-0.0447410941,0.0157003272,-0.201947391,0.0380314961,-0.0950662717,0.445058376,-0.0359187275,0.147317737,-0.23819378,-0.0978559107,0.0907550454,0.465284228,-0.156553477,-0.0722622797,0.0249062367,0.144330248,-0.0148688778,0.313556612,0.362575442,0.0386831872,0.885646284,0.104675218,-0.0223643593,0.0698105991,0.382087171,-0.357594669,0.00628047436,0.977279305,-0.170163199,-0.0447410941,0.0157003291
0.811584058,3214754.46,0,0,0.0109421462,1.18110329e-05,0.957178712,0.260189641,0.00969466567,1,0.692988098,0.0104184048,-0.00948134717,-0.720811367,0.0404035337,-0.0681503639,-0.0563434176,-2.24207754e-44,2.24207754e-44,2.24207754e-44,-0.258655608,0.0745346174,-0.0939401165,0.469886124,-0.224630266,0.0207006037,-0.184576631,-0.0723665506,0.0758292302,0.548533797,-0.369835019,0.0455563031,0.0205478035,0.0100040939,-0.00835529901,0.315186441,0.247800931,0.00378963142,0.948447287,0.101882644,0.0122376038,0.0423359461,0.371792763,-0.321428299,0.0190465432,0.993752599,-0.167219222,-0.0421294384,0.0129450867,0.0436488353,0.000618356687,0.00138263043,-0.0366488881,0.0576778837,0.397182077,0.00736306841,0.0375062898,0.0619718283,-0.0252744239,0.0736956075,0.051829461,0.0735273212,0.0502132103,-0.00521148648,-0.0657388121,-0.0188500341,-0.0100826481,-0.00700297207,0.00276828883,-0.0775440931,-0.0956127048,-0.165287241,0.0164626352,-0.0976900235,-0.118924394,-0.00972658396,0.00290373527,0.156575099,-0.202338248,0.0308114234,-0.0883840248,0.446550041,-0.0356065929,0.140226245,-0.238622844,-0.0986448526,0.0925328285,0.460399628,-0.154077023,-0.077027075,0.0255403798,0.135709465,-0.00742588192,0.314972788,0.372270107,0.0409926176,0.887900412,0.105860032,-0.0232563168,0.0693232641,0.387288332,-0.355188727,0.00399212725,0.975580692,-0.168613911,-0.0439504907,0.0181702338,-0.202338248,0.0308114234,-0.0883840248,0.446550041,-0.0356065929,0.14022626,-0.238622844,-0.0986448526,0.0925328285,0.460399628,-0.154077023,-0.0770270824,0.0255403798,0.135709465,-0.00742588192,0.314972788,0.372270107,0.0409926176,0.887900412,0.105860032,-0.0232563168,0.0693232641,0.387288332,-0.355188727,0.00399212725,0.975580692,-0.168613911,-0.0439504907,0.0181702338,-0.202338248,0.0308114234,-0.0883840248,0.446550041,-0.0356065929,0.140226245,-0.238622844,-0.0986448526,0.0925328285,0.460399628,-0.154077023,-0.077027075,0.0255403798,0.135709465,-0.00742588192,0.314972788,0.372270107,0.0409926176,0.887900412,0.105860032,-0.0232563168,0.0693232641,0.387288332,-0.355188727,0.00399212725,0.975580692,-0.168613911,-0.0439504907,0.0181702338
0.821899626,3214754.47,0,0,0.00129654398,5.80633059e-06,0.969311416,0.221607741,0.00683510303,1,0.692792535,0.0103078028,-0.00986559317,-0.720995784,0.0388637036,-0.0709010139,-0.0488381945,-2.24207754e-44,2.24207754e-44,2.24207754e-44,-0.258168399,0.0745512024,-0.0939308628,0.469405413,-0.223977789,0.0242874529,-0.184521869,-0.0720082149,0.076418303,0.548359156,-0.369137049,0.0460204706,0.0212749615,0.0104669202,-0.0083917398,0.314578772,0.247679219,0.00361778913,0.948386967,0.101916008,0.0113323489,0.0411908291,0.37020424,-0.321199238,0.0180452634,0.992265582,-0.167296812,-0.0421010703,0.0144598857,0.0500769839,0.00239951559,-0.000961118436,-0.0526970811,0.0683740899,0.339311957,0.00455358531,0.0351244844,0.0548759103,-0.012796877,0.0675575063,0.0427290127,0.0688117594,0.0450295173,-0.00308799767,-0.0564843006,-0.00940819085,-0.0222690757,-0.00576406484,0.00356138893,-0.0972386077,-0.122173972,-0.15771164,0.0249333233,-0.0945989788,-0.161607489,-0.00683143828,0.00256210915,0.139750168,-0.202181965,0.0260830875,-0.083990179,0.445586622,-0.0373965353,0.134128481,-0.240698159,-0.0971375257,0.0935305506,0.455685735,-0.157624841,-0.0800246373,0.0262767877,0.132615834,-0.00101812743,0.315745533,0.37910521,0.0426996574,0.889022291,0.107196786,-0.0245347172,0.0682944804,0.391570181,-0.352676451,0.00234374218,0.973520935,-0.167064115,-0.0431718528,0.0200127326,-0.202181965,0.0260830875,-0.083990179,0.445586622,-0.0373965353,0.134128496,-0.240698159,-0.0971375257,0.0935305506,0.455685735,-0.157624841,-0.0800246373,0.0262767877,0.132615834,-0.00101812743,0.315745533,0.37910521,0.0426996574,0.889022291,0.107196786,-0.0245347172,0.0682944804,0.391570181,-0.352676451,0.00234374218,0.973520935,-0.167064115,-0.0431718528,0.0200127307,-0.202181965,0.0260830875,-0.083990179,0.445586622,-0.0373965353,0.134128481,-0.240698159,-0.0971375257,0.0935305506,0.455685735,-0.157624841,-0.0800246373,0.0262767877,0.132615834,-0.00101812743,0.315745533,0.37910521,0.0426996574,0.889022291,0.107196786,-0.0245347172,0.0682944804,0.391570181,-0.352676451,0.00234374218,0.973520935,-0.167064115,-0.0431718528,0.0200127326
0.831914705,3214754.48,0,0,0.0113116228,2.12001614e-05,0.978869736,0.221607741,0,1,0.692615867,0.0101716267,-0.0102396989,-0.7211622,0.0325448029,-0.0730745867,-0.0504176058,-2.24207754e-44,2.24207754e-44,2.24207754e-44,-0.257603556,0.0746378601,-0.0939454809,0.468741179,-0.223220587,0.0271482617,-0.184478953,-0.0716285333,0.0769459605,0.548259079,-0.368475467,0.0463755056,0.0219769087,0.0109191621,-0.00841919333,0.314065695,0.24760817,0.00333709107,0.948332727,0.101961903,0.0102822045,0.039874386,0.368714362,-0.320896327,0.0171018504,0.990438998,-0.167345509,-0.0420754291,0.015733622,0.0653223172,0.0157095827,0.000890693336,-0.0827038735,0.0839243457,0.231316283,0.0044855848,0.0416754372,0.0552653521,-0.0100873942,0.0659673661,0.0295075066,0.0784024,0.0451471731,-0.00241463888,-0.049170576,-0.00489229336,-0.0298741087,-0.00497840717,0.00580263371,-0.111434296,-0.142231196,-0.134869307,0.0378499255,-0.106141992,-0.205752537,-0.00288066128,0.00298522692,0.129774094,-0.202181965,0.0260830875,-0.083990179,0.445586622,-0.0373965353,0.134128481,-0.240698159,-0.0971375257,0.0935305506,0.455685735,-0.157624841,-0.0800246373,0.0262767877,0.132615834,-0.00101812743,0.315745533,0.37910521,0.0426996574,0.889022291,0.107196786,-0.0245347172,0.0682944804,0.391570181,-0.352676451,0.00234374218,0.973520935,-0.167064115,-0.0431718528,0.0200127326,-0.202181965,0.0260830875,-0.083990179,0.445586622,-0.0373965353,0.134128496,-0.240698159,-0.0971375257,0.0935305506,0.455685735,-0.157624841,-0.0800246373,0.0262767877,0.132615834,-0.00101812743,0.315745533,0.37910521,0.0426996574,0.889022291,0.107196786,-0.0245347172,0.0682944804,0.391570181,-0.352676451,0.00234374218,0.973520935,-0.167064115,-0.0431718528,0.0200127307,-0.202181965,0.0260830875,-0.083990179,0.445586622,-0.0373965353,0.134128481,-0.240698159,-0.0971375257,0.0935305506,0.455685735,-0.157624841,-0.0800246373,0.0262767877,0.132615834,-0.00101812743,0.315745533,0.37910521,0.0426996574,0.889022291,0.107196786,-0.0245347172,0.0682944804,0.391570181,-0.352676451,0.00234374218,0.973520935,-0.167064115,-0.0431718528,0.0200127326
0.842991546,3214754.49,0,0,0.00225345604,7.37793744e-06,0.987037301,0.352775212,0.00957851112,1,0.692400634,0.00996141694,-0.010655826,-0.72136575,0.021608511,-0.0745495856,-0.0467153415,-2.24207754e-44,2.24207754e-44,2.24207754e-44,-0.256753385,0.0749236643,-0.0939555466,0.467599362,-0.222146168,0.0294159967,-0.184433401,-0.0710717365,0.0775226131,0.54817909,-0.367642611,0.0465154462,0.0229290053,0.0114941411,-0.00844771229,0.313552976,0.247566923,0.00289733126,0.948274374,0.102041565,0.00886612758,0.0380742364,0.36725986,-0.320361257,0.0158173926,0.987748206,-0.167357877,-0.0420408733,0.0171520263,0.0741365179,0.0283777937,-0.00224900944,-0.103041857,0.0931996703,0.164034769,0.00352572533,0.0490183234,0.0438989922,-0.00516033405,0.0715459958,0.00267242175,0.0791599974,0.0491166748,-0.00241861353,-0.0376925841,-0.00274301064,-0.0413780697,-0.00486426242,0.00704341149,-0.122381091,-0.153957337,-0.112683952,0.0489002913,-0.105589114,-0.235134214,-0.000173073204,0.00277515501,0.108513333,-0.201834708,0.0234399866,-0.0816745609,0.442284495,-0.0415956974,0.129381984,-0.243322134,-0.0945559293,0.0937640518,0.451546192,-0.167203352,-0.0820849016,0.0268869419,0.134923875,0.00412138551,0.315747172,0.383260071,0.0439466499,0.889196634,0.108838119,-0.0259395167,0.0669713914,0.394899815,-0.350309819,0.0013807416,0.9717592,-0.165688515,-0.0422653519,0.0212299228,-0.201834708,0.0234399866,-0.0816745609,0.442284495,-0.0415956974,0.129381999,-0.243322134,-0.0945559293,0.0937640518,0.451546192,-0.167203352,-0.0820849016,0.0268869419,0.134923875,0.00412138551,0.315747172,0.383260071,0.0439466499,0.889196634,0.108838119,-0.0259395167,0.0669713914,0.394899815,-0.350309819,0.0013807416,0.9717592,-0.165688515,-0.0422653519,0.0212299209,-0.201834708,0.0234399866,-0.0816745609,0.442284495,-0.0415956974,0.129381984,-0.243322134,-0.0945559293,0.0937640518,0.451546192,-0.167203352,-0.0820849016,0.0268869419,0.134923875,0.00412138551,0.315747172,0.383260071,0.0439466499,0.889196634,0.108838119,-0.0259395167,0.0669713914,0.394899815,-0.350309819,0.0013807416,0.9717592,-0.165688515,-0.0422653519,0.0212299228
0.853901258,3214754.5,0,0,0.013163168,6.74184412e-06,0.992820859,0.352775212,0,1,0.692236543,0.00975509267,-0.0109714707,-0.721521318,0.0140782353,-0.0737655759,-0.0437991656,-2.24207754e-44,2.24207754e-44,2.24207754e-44,-0.255968899,0.0752644166,-0.0939973295,0.466443926,-0.221156359,0.0306431055,-0.184385657,-0.0705548748,0.077917479,0.548100948,-0.366916955,0.0464752167,0.0236907415,0.0119890058,-0.00847932696,0.313248724,0.247542053,0.0024529628,0.948222339,0.10212633,0.00761700841,0.036531277,0.366217047,-0.319826931,0.0148648396,0.985417366,-0.167338163,-0.0420122184,0.0180910919,0.0832179636,0.0386664644,-0.00458096107,-0.127218962,0.104474075,0.0876697451,0.00577095756,0.0538390055,0.038098637,-0.0105677154,0.0734170973,-0.00809563044,0.0765955523,0.0495011508,-0.0035914341,-0.0261012316,-0.00225451123,-0.0449873917,-0.0053104572,0.00961116701,-0.126713365,-0.15619503,-0.0957821161,0.0578541383,-0.0917516276,-0.233801752,0.00352906249,0.00312866014,0.0878092572,-0.201834708,0.0234399866,-0.0816745609,0.442284495,-0.0415956974,0.129381984,-0.243322134,-0.0945559293,0.0937640518,0.451546192,-0.167203352,-0.0820849016,0.0268869419,0.134923875,0.00412138551,0.315747172,0.383260071,0.0439466499,0.889196634,0.108838119,-0.0259395167,0.0669713914,0.394899815,-0.350309819,0.0013807416,0.9717592,-0.165688515,-0.0422653519,0.0212299228,-0.201834708,0.0234399866,-0.0816745609,0.442284495,-0.0415956974,0.129381999,-0.243322134,-0.0945559293,0.0937640518,0.451546192,-0.167203352,-0.0820849016,0.0268869419,0.134923875,0.00412138551,0.315747172,0.383260071,0.0439466499,0.889196634,0.108838119,-0.0259395167,0.0669713914,0.394899815,-0.350309819,0.0013807416,0.9717592,-0.165688515,-0.0422653519,0.0212299209,-0.201834708,0.0234399866,-0.0816745609,0.442284495,-0.0415956974,0.129381984,-0.243322134,-0.0945559293,0.0937640518,0.451546192,-0.167203352,-0.0820849016,0.0268869419,0.134923875,0.00412138551,0.315747172,0.383260071,0.0439466499,0.889196634,0.108838119,-0.0259395167,0.0669713914,0.394899815,-0.350309819,0.0013807416,0.9717592,-0.165688515,-0.0422653519,0.0212299228
0.864915924,3214754.51,0,0,0.00433150399,1.17239542e-05,0.996662676,0.200848095,0.0159219652,1,0.692075193,0.00949385017,-0.0113032488,-0.721674502,0.00644184975,-0.0678092986,-0.029012898,-2.24207754e-44,2.24207754e-44,2.24207754e-44,-0.255054861,0.075735271,-0.0941200033,0.464932472,-0.219897985,0.0316181593,-0.184331387,-0.0699114352,0.078269057,0.547940433,-0.366023421,0.0463353395,0.0244702064,0.0125701763,-0.00856551435,0.31305021,0.247510508,0.00184651092,0.948137879,0.102248482,0.00613945909,0.0347657055,0.365120858,-0.319098532,0.0140036503,0.982853651,-0.167281941,-0.0419790559,0.0189199485,0.0685945749,0.0384673141,-0.016137043,-0.12062905,0.103744313,0.0827527344,0.00375621347,0.0530485436,0.0216772966,-0.0149696656,0.0750927255,-0.0134535981,0.0546869338,0.0478929952,-0.00935816206,-0.0102129774,-0.00309778354,-0.0560299195,-0.00950727519,0.0103653017,-0.116857156,-0.137563184,-0.0901256651,0.0615934879,-0.0554362014,-0.194075599,0.00516935205,0.00237917248,0.0548987836,-0.200913578,0.021600401,-0.080481343,0.437736273,-0.0490560681,0.125832617,-0.246752292,-0.0922985226,0.0942212641,0.446530104,-0.183125317,-0.083181791,0.0277251825,0.138738826,0.00976143219,0.31577599,0.385781825,0.0447457395,0.888623178,0.110630043,-0.0270954184,0.0654112101,0.396993101,-0.348058462,0.000967392698,0.970067143,-0.164497778,-0.0412427373,0.0219812803,-0.200913578,0.0216003992,-0.080481343,0.437736273,-0.0490560681,0.125832632,-0.246752292,-0.0922985226,0.0942212641,0.446530104,-0.183125317,-0.0831817836,0.0277251825,0.138738826,0.00976143219,0.31577599,0.385781825,0.0447457395,0.888623178,0.110630043,-0.0270954184,0.0654112101,0.396993101,-0.348058462,0.000967392698,0.970067143,-0.164497778,-0.0412427373,0.0219812803,-0.200913578,0.021600401,-0.080481343,0.437736273,-0.0490560681,0.125832617,-0.246752292,-0.0922985226,0.0942212641,0.446530104,-0.183125317,-0.083181791,0.0277251825,0.138738826,0.00976143219,0.31577599,0.385781825,0.0447457395,0.888623178,0.110630043,-0.0270954184,0.0654112101,0.396993101,-0.348058462,0.000967392698,0.970067143,-0.164497778,-0.0412427373,0.0219812803
0.875902972,3214754.52,0,0,0.015318552,7.45197758e-06,0.998842001,0.200848095,0,1,0.691947401,0.00927058142,-0.0115578724,-0.721795857,0.00477646524,-0.0662271306,-0.0349257179,-2.24207754e-44,2.24207754e-44,2.24207754e-44,-0.25424239,0.0761607736,-0.0942359194,0.463500828,-0.218780026,0.0321016088,-0.184262261,-0.0693645254,0.0785399899,0.547713816,-0.365263641,0.0461531803,0.0251332,0.0130089531,-0.00864838902,0.312958002,0.247478977,0.00135546632,0.94804734,0.102596775,0.00502586737,0.0333105214,0.364421785,-0.318380028,0.0134578617,0.980947554,-0.167207554,-0.0419410206,0.0194445457,0.0836169273,0.0441797711,-0.0107122827,-0.151673526,0.115498543,0.0336594917,0.00701513141,0.0551653802,0.0276662186,-0.0269834809,0.077097699,-0.0206004921,0.0691847429,0.0419455841,-0.00971251074,-0.0070226877,-0.00328535237,-0.0472979359,-0.00986365415,0.0462366864,-0.105950043,-0.146539047,-0.0590883233,0.0769126341,-0.0506596938,-0.183822989,0.00842826441,0.00430065906,0.0492513627,-0.200913578,0.021600401,-0.080481343,0.437736273,-0.0490560681,0.125832617,-0.246752292,-0.0922985226,0.0942212641,0.446530104,-0.183125317,-0.083181791,0.0277251825,0.138738826,0.00976143219,0.31577599,0.385781825,0.0447457395,0.888623178,0.110630043,-0.0270954184,0.0654112101,0.396993101,-0.348058462,0.000967392698,0.970067143,-0.164497778,-0.0412427373,0.0219812803,-0.200913578,0.0216003992,-0.080481343,0.437736273,-0.0490560681,0.125832632,-0.246752292,-0.0922985226,0.0942212641,0.446530104,-0.183125317,-0.0831817836,0.0277251825,0.138738826,0.00976143219,0.31577599,0.385781825,0.0447457395,0.888623178,0.110630043,-0.0270954184,0.0654112101,0.396993101,-0.348058462,0.000967392698,0.970067143,-0.164497778,-0.0412427373,0.0219812803,-0.200913578,0.021600401,-0.080481343,0.437736273,-0.0490560681,0.125832617,-0.246752292,-0.0922985226,0.0942212641,0.446530104,-0.183125317,-0.083181791,0.0277251825,0.138738826,0.00976143219,0.31577599,0.385781825,0.0447457395,0.888623178,0.110630043,-0.0270954184,0.0654112101,0.396993101,-0.348058462,0.000967392698,0.970067143,-0.164497778,-0.0412427373,0.0219812803
0.885906579,3214754.53,0,0,0.00524901971,8.47689807e-06,0.99974221,0.271223951,0.0189246833,1,0.691877246,0.00914023537,-0.0116932411,-0.721862614,0.00112398213,-0.0615504831,-0.0289823841,-2.24207754e-44,2.24207754e-44,2.24207754e-44,-0.253770113,0.076427497,-0.0943194553,0.462593287,-0.218079001,0.0322651491,-0.184227437,-0.069033891,0.0786821917,0.547531068,-0.364791781,0.0460206345,0.0255271327,0.0132596195,-0.00872152857,0.312927485,0.247454971,0.00105890376,0.947987199,0.102899641,0.00443536043,0.0324640013,0.364109755,-0.317904532,0.0132036516,0.979921103,-0.167154178,-0.0419148616,0.0197064746,0.0755506009,0.0443676859,-0.0162388124,-0.149843797,0.117177695,0.0249796547,0.00530320546,0.0550261475,0.0211303923,-0.0320756882,0.0794408992,-0.0227007437,0.0630176812,0.0419642217,-0.01317426,-0.00428666826,-0.00456868764,-0.0507722348,-0.010034035,0.0517378859,-0.0943449736,-0.13745214,-0.0490361527,0.080042474,-0.0378138162,-0.163932592,0.00906734541,0.00434494996,0.0406625718,-0.199786127,0.0215295237,-0.0805146247,0.432659596,-0.0572868884,0.123476483,-0.249749452,-0.0899788588,0.0944412649,0.442258775,-0.20205,-0.0837443247,0.0283296555,0.14341791,0.0151958354,0.31613481,0.387092054,0.045250155,0.887610793,0.112561464,-0.0276936218,0.0636135712,0.398116171,-0.346590668,0.000922374427,0.968518734,-0.163269788,-0.0401761681,0.0221088417,-0.199786127,0.0215295237,-0.0805146247,0.432659596,-0.0572868884,0.123476475,-0.249749452,-0.0899788588,0.0944412649,0.442258775,-0.20205,-0.0837443247,0.0283296555,0.14341791,0.0151958354,0.31613481,0.387092054,0.045250155,0.887610793,0.112561464,-0.0276936218,0.0636135712,0.398116171,-0.346590668,0.000922374427,0.968518734,-0.163269788,-0.0401761681,0.0221088417,-0.199786127,0.0215295237,-0.0805146247,0.432659596,-0.0572868884,0.123476483,-0.249749452,-0.0899788588,0.0944412649,0.442258775,-0.20205,-0.0837443247,0.0283296555,0.14341791,0.0151958354,0.31613481,0.387092054,0.045250155,0.887610793,0.112561464,-0.0276936218,0.0636135712,0.398116171,-0.346590668,0.000922374427,0.968518734,-0.163269788,-0.0401761681,0.0221088417
0.896904353,3214754.54,0,0,0.0162467938,7.91065395e-06,0.999994934,0.271223951,0,1,0.691708803,0.00878611114,-0.0120301107,-0.722022891,-0.00235420605,-0.0598146468,-0.0241445862,-2.24207754e-44,2.24207754e-44,2.24207754e-44,-0.252437621,0.0771384388,-0.0945872515,0.459940344,-0.216105849,0.0324725993,-0.184050605,-0.0681619942,0.0790153742,0.546844304,-0.363495171,0.04550929,0.0265611447,0.0138641065,-0.00886112079,0.312888205,0.2473398,0.000415775896,0.947765827,0.104192995,0.00326058967,0.0302236248,0.363678873,-0.316471517,0.0127986735,0.977580607,-0.166970059,-0.0418173224,0.0201747324,0.082545191,0.0434730165,-0.0204200316,-0.170548961,0.126602113,0.00808778219,0.013694765,0.0535827875,0.0170570314,-0.0505459681,0.0832544342,-0.0367155522,0.0602606498,0.036255762,-0.00615408132,-0.0013235521,-0.00928579364,-0.0364393778,-0.01448486,0.0941630453,-0.0581280477,-0.136170611,-0.0125585152,0.0953017622,-0.016213432,-0.129353315,0.0128535926,0.00698168762,0.0217048824,-0.199786127,0.0215295237,-0.0805146247,0.432659596,-0.0572868884,0.123476483,-0.249749452,-0.0899788588,0.0944412649,0.442258775,-0.20205,-0.0837443247,0.0283296555,0.14341791,0.0151958354,0.31613481,0.387092054,0.045250155,0.887610793,0.112561464,-0.0276936218,0.0636135712,0.398116171,-0.346590668,0.000922374427,0.968518734,-0.163269788,-0.0401761681,0.0221088417,-0.199786127,0.0215295237,-0.0805146247,0.432659596,-0.0572868884,0.123476475,-0.249749452,-0.0899788588,0.0944412649,0.442258775,-0.20205,-0.0837443247,0.0283296555,0.14341791,0.0151958354,0.31613481,0.387092054,0.045250155,0.887610793,0.112561464,-0.0276936218,0.0636135712,0.398116171,-0.346590668,0.000922374427,0.968518734,-0.163269788,-0.0401761681,0.0221088417,-0.199786127,0.0215295237,-0.0805146247,0.432659596,-0.0572868884,0.123476483,-0.249749452,-0.0899788588,0.0944412649,0.442258775,-0.20205,-0.0837443247,0.0283296555,0.14341791,0.0151958354,0.31613481,0.387092054,0.045250155,0.887610793,0.112561464,-0.0276936218,0.0636135712,0.398116171,-0.346590668,0.000922374427,0.968518734,-0.163269788,-0.0401761681,0.0221088417
0.906910781,3214754.55,0,0,0.00627672393,1.00359321e-05,1,0.249447767,0.0199459642,1,0.691638649,0.00856914837,-0.0122010792,-0.722089827,-0.00744888652,-0.052659601,-0.0151398703,-2.24207754e-44,2.24207754e-44,2.24207754e-44,-0.251736671,0.0775574148,-0.0948497057,0.458338559,-0.214848265,0.0325602405,-0.183955267,-0.0676312894,0.079135403,0.546327651,-0.362640053,0.045143567,0.0270635318,0.0142343948,-0.00892155338,0.312882274,0.247222945,3.36002995e-06,0.947651207,0.105066091,0.00279339286,0.0290238578,0.363599926,-0.315500945,0.0126805175,0.976526797,-0.166839749,-0.0417475961,0.0203482155,0.0614990816,0.0409306288,-0.0299436487,-0.151703313,0.124560148,0.00955374073,0.00674567232,0.0528862663,0.00897534005,-0.0517106503,0.0869206339,-0.0358963832,0.0433597602,0.0377555527,-0.00534232473,-0.000183779033,-0.0136442194,-0.0445323698,-0.00945123471,0.0808876976,-0.0389528908,-0.107940756,-0.00577121135,0.0977225304,-0.00976539124,-0.0885648355,0.0130397025,0.00692014676,0.0148853026,-0.198702335,0.0225783791,-0.0812663436,0.427571237,-0.0650310367,0.122151025,-0.252220333,-0.0880623311,0.0945943594,0.438493639,-0.221995965,-0.0842665508,0.0288632251,0.147233486,0.0201818123,0.316853017,0.387755275,0.0454061292,0.886289299,0.114625782,-0.0275707766,0.0617434978,0.398384869,-0.346018553,0.00117711723,0.967254341,-0.162348509,-0.0391912907,0.0217362344,-0.198702335,0.0225783773,-0.0812663436,0.427571237,-0.0650310367,0.122151032,-0.252220333,-0.0880623311,0.0945943594,0.438493639,-0.221995965,-0.0842665508,0.0288632251,0.147233486,0.0201818123,0.316853017,0.387755275,0.0454061292,0.886289299,0.114625782,-0.0275707748,0.0617434941,0.398384869,-0.346018553,0.00117711723,0.967254341,-0.162348509,-0.0391912907,0.0217362344,-0.198702335,0.0225783791,-0.0812663436,0.427571237,-0.0650310367,0.122151025,-0.252220333,-0.0880623311,0.0945943594,0.438493639,-0.221995965,-0.0842665508,0.0288632251,0.147233486,0.0201818123,0.316853017,0.387755275,0.0454061292,0.886289299,0.114625782,-0.0275707766,0.0617434978,0.398384869,-0.346018553,0.00117711723,0.967254341,-0.162348509,-0.0391912907,0.0217362344
0.917897485,3214754.56,0,0,0.0172634278,4.41493466e-06,1,0.249447767,0,1,0.691573679,0.00836419314,-0.0123539343,-0.722151816,-0.00640761619,-0.0493018031,-0.0168349203,-2.24207754e-44,2.24207754e-44,2.24207754e-44,-0.251076967,0.0779567063,-0.0951246247,0.456703395,-0.213561669,0.0325975418,-0.183895499,-0.0671169907,0.0792513266,0.545782745,-0.361785352,0.044713784,0.0274821501,0.0145681109,-0.00895305164,0.312888891,0.247061178,-0.000308305025,0.947552741,0.106049038,0.00256825122,0.0279078782,0.36356765,-0.314476758,0.0125996256,0.975852072,-0.166694745,-0.0415554643,0.0204643626,0.065203391,0.0390421636,-0.027692223,-0.1663315,0.130313501,0.00167748216,0.00483581889,0.0505322851,0.0115965549,-0.0561225899,0.0856581703,-0.0452309996,0.0386471897,0.0316707864,-0.00203807093,0.00123065454,-0.0176396966,-0.0256295521,-0.00835934654,0.104139633,-0.0147802848,-0.110713683,-0.00203510979,0.104440369,-0.00726630399,-0.0531749949,0.0150840636,0.0248325672,0.0101299156,-0.198702335,0.0225783791,-0.0812663436,0.427571237,-0.0650310367,0.122151025,-0.252220333,-0.0880623311,0.0945943594,0.438493639,-0.221995965,-0.0842665508,0.0288632251,0.147233486,0.0201818123,0.316853017,0.387755275,0.0454061292,0.886289299,0.114625782,-0.0275707766,0.0617434978,0.398384869,-0.346018553,0.00117711723,0.967254341,-0.162348509,-0.0391912907,0.0217362344,-0.198702335,0.0225783773,-0.0812663436,0.427571237,-0.0650310367,0.122151032,-0.252220333,-0.0880623311,0.0945943594,0.438493639,-0.221995965,-0.0842665508,0.0288632251,0.147233486,0.0201818123,0.316853017,0.387755275,0.0454061292,0.886289299,0.114625782,-0.0275707748,0.0617434941,0.398384869,-0.346018553,0.00117711723,0.967254341,-0.162348509,-0.0391912907,0.0217362344,-0.198702335,0.0225783791,-0.0812663436,0.427571237,-0.0650310367,0.122151025,-0.252220333,-0.0880623311,0.0945943594,0.438493639,-0.221995965,-0.0842665508,0.0288632251,0.147233486,0.0201818123,0.316853017,0.387755275,0.0454061292,0.886289299,0.114625782,-0.0275707766,0.0617434978,0.398384869,-0.346018553,0.00117711723,0.967254341,-0.162348509,-0.0391912907,0.0217362344
0.92790093,3214754.57,0,0,0.00732724741,5.95441088e-06,1,0.195637811,0.0179380924,1,0.691521227,0.00816718396,-0.0124825537,-0.722202063,-0.0105968937,-0.0446758308,-0.0117115779,-2.24207754e-44,2.24207754e-44,2.24207754e-44,-0.25050357,0.078337796,-0.0954356939,0.455111563,-0.212268695,0.0326140709,-0.183866784,-0.0666142553,0.0793424547,0.545200884,-0.360908002,0.0442727096,0.027781263,0.0148898512,-0.00895765238,0.312931091,0.246867016,-0.00056577631,0.947490036,0.107028775,0.00248301192,0.0268979706,0.363557547,-0.313433021,0.0125344712,0.975517333,-0.166541815,-0.041282177,0.0205551647,0.0510711148,0.0376640484,-0.0336062014,-0.152117237,0.127748802,0.00211846968,0.00151428615,0.0503673591,0.00730839884,-0.0591888912,0.0892786458,-0.0426028222,0.023178963,0.033042822,0.000601963839,0.00732229836,-0.0206964761,-0.0270088371,-0.00522972643,0.0908097699,-0.00558220083,-0.0926968008,-0.000401337718,0.103484809,-0.00610671565,-0.0229340456,0.015300543,0.028747594,0.00861833524,-0.19772017,0.024218617,-0.082391873,0.423113793,-0.0705261678,0.121604525,-0.253952712,-0.0867636055,0.0946927369,0.43562153,-0.239934057,-0.0849865004,0.0291732065,0.150390029,0.0239518024,0.31741488,0.388073742,0.0452691652,0.884782434,0.116445616,-0.0268944465,0.0600863174,0.397996247,-0.346195549,0.00154166482,0.966274202,-0.161684766,-0.0383165106,0.0211374834,-0.19772017,0.0242186151,-0.082391873,0.423113793,-0.0705261678,0.121604525,-0.253952712,-0.0867636055,0.0946927369,0.43562153,-0.239934057,-0.084986493,0.0291732065,0.150390029,0.0239518024,0.31741488,0.388073742,0.0452691652,0.884782434,0.116445616,-0.0268944465,0.0600863174,0.397996247,-0.346195549,0.00154166482,0.966274202,-0.161684766,-0.0383165106,0.0211374834,-0.19772017,0.024218617,-0.082391873,0.423113793,-0.0705261678,0.121604525,-0.253952712,-0.0867636055,0.0946927369,0.43562153,-0.239934057,-0.0849865004,0.0291732065,0.150390029,0.0239518024,0.31741488,0.388073742,0.0452691652,0.884782434,0.116445616,-0.0268944465,0.0600863174,0.397996247,-0.346195549,0.00154166482,0.966274202,-0.161684766,-0.0383165106,0.0211374834
0.938897364,3214754.58,0,0,0.0183236813,4.31388617e-06,1,0.195637811,0,1,0.691460788,0.00794362929,-0.0126222083,-0.722259998,-0.00849623512,-0.0421242416,-0.0137368161,-2.24207754e-44,2.24207754e-44,2.24207754e-44,-0.249836445,0.0787662417,-0.0958141312,0.453157306,-0.210688919,0.0325783305,-0.18385379,-0.0660386458,0.0794569179,0.544470072,-0.359862864,0.0436820649,0.0279790908,0.0152290789,-0.00892509427,0.313123405,0.246615604,-0.000757216651,0.947428465,0.108245023,0.00245621474,0.0257456098,0.363566935,-0.312184095,0.0124708535,0.975342512,-0.166345447,-0.0406913273,0.0206414461,0.0563148558,0.0344229452,-0.0307570994,-0.166152164,0.133552507,-0.00497478526,0.000594110927,0.0464837514,0.0104072578,-0.0621289276,0.0873265266,-0.0507961065,0.0108339265,0.0258288663,0.00446934206,0.0223018359,-0.0209836289,-0.0109950826,-0.00500036357,0.10436108,-0.000645160151,-0.0956777781,0.00152389926,0.103566438,-0.00489297183,-0.0105625233,0.0167729352,0.0609809011,0.00654947665,-0.19772017,0.024218617,-0.082391873,0.423113793,-0.0705261678,0.121604525,-0.253952712,-0.0867636055,0.0946927369,0.43562153,-0.239934057,-0.0849865004,0.0291732065,0.150390029,0.0239518024,0.31741488,0.388073742,0.0452691652,0.884782434,0.116445616,-0.0268944465,0.0600863174,0.397996247,-0.346195549,0.00154166482,0.966274202,-0.161684766,-0.0383165106,0.0211374834,-0.19772017,0.0242186151,-0.082391873,0.423113793,-0.0705261678,0.121604525,-0.253952712,-0.0867636055,0.0946927369,0.43562153,-0.239934057,-0.084986493,0.0291732065,0.150390029,0.0239518024,0.31741488,0.388073742,0.0452691652,0.884782434,0.116445616,-0.0268944465,0.0600863174,0.397996247,-0.346195549,0.00154166482,0.966274202,-0.161684766,-0.0383165106,0.0211374834,-0.19772017,0.024218617,-0.082391873,0.423113793,-0.0705261678,0.121604525,-0.253952712,-0.0867636055,0.0946927369,0.43562153,-0.239934057,-0.0849865004,0.0291732065,0.150390029,0.0239518024,0.31741488,0.388073742,0.0452691652,0.884782434,0.116445616,-0.0268944465,0.0600863174,0.397996247,-0.346195549,0.00154166482,0.966274202,-0.161684766,-0.0383165106,0.0211374834
0.948927999,3214754.59,0,0,0.00830960972,4.15882096e-06,1,0.239998102,0.0158990324,1,0.691406012,0.00776188588,-0.0127329519,-0.72231245,-0.00919767283,-0.0416244119,-0.015029341,-2.24207754e-44,2.24207754e-44,2.24207754e-44,-0.249293789,0.0791043863,-0.0961164683,0.451532871,-0.209362417,0.0325227268,-0.183854178,-0.0655797571,0.0795688853,0.543847203,-0.35898155,0.0431744605,0.0280463714,0.0154801067,-0.00883535855,0.313398033,0.246415213,-0.000888224633,0.94737941,0.109238617,0.00246236962,0.0248431321,0.36359641,-0.311178118,0.012426123,0.975261688,-0.166177198,-0.0400369205,0.0207011811,0.0543574132,0.033009775,-0.0300441813,-0.162512004,0.132448599,-0.00693019899,-0.000206743134,0.0451587699,0.0117529808,-0.0621218309,0.08689861,-0.0534358621,0.00482360832,0.0242651217,0.011859729,0.0306729842,-0.0190633219,-0.0139593035,-0.00506484881,0.0990170762,0.00172638672,-0.0885709152,0.00448544882,0.0981459618,-0.00405261293,-0.00696692383,0.0168497916,0.0678894818,0.00529961754,-0.197577775,0.0259538461,-0.0837704912,0.419194818,-0.0743995905,0.121473141,-0.254918188,-0.0863004029,0.0945966542,0.433306575,-0.255833089,-0.0860019699,0.0293424726,0.153437883,0.0260022543,0.317458689,0.388091326,0.0449486375,0.883425355,0.118042052,-0.0258822031,0.0588526577,0.397252262,-0.346713722,0.00196120702,0.965764582,-0.161504939,-0.0374991,0.0205449462,-0.197577775,0.0259538461,-0.0837704912,0.419194818,-0.0743995905,0.121473148,-0.254918188,-0.0863004029,0.0945966542,0.433306575,-0.255833089,-0.0860019699,0.0293424726,0.153437883,0.0260022543,0.317458689,0.388091326,0.0449486375,0.883425355,0.118042052,-0.0258822031,0.058852654,0.397252262,-0.346713722,0.00196120702,0.965764582,-0.161504939,-0.0374991,0.0205449462,-0.197577775,0.0259538461,-0.0837704912,0.419194818,-0.0743995905,0.121473141,-0.254918188,-0.0863004029,0.0945966542,0.433306575,-0.255833089,-0.0860019699,0.0293424726,0.153437883,0.0260022543,0.317458689,0.388091326,0.0449486375,0.883425355,0.118042052,-0.0258822031,0.0588526577,0.397252262,-0.346713722,0.00196120702,0.965764582,-0.161504939,-0.0374991,0.0205449462
0.959899442,3214754.61,0,0,0.019281053,5.08129597e-06,1,0.239998102,0,1,0.691349983,0.00758110499,-0.0128399134,-0.722366154,-0.0104107782,-0.0408636592,-0.0145329563,-2.24207754e-44,2.24207754e-44,2.24207754e-44,-0.248770013,0.0794208348,-0.0964211598,0.449940503,-0.208049893,0.0324436203,-0.183861107,-0.0651402622,0.0796871334,0.543229997,-0.358119309,0.0426321663,0.0280786864,0.0157183986,-0.0086765876,0.313741744,0.246241823,-0.00106323382,0.947327852,0.110206477,0.00249179848,0.0239905212,0.363685966,-0.310247093,0.0123903714,0.975200236,-0.166009694,-0.0393727832,0.0207467601,0.0494116731,0.0310184788,-0.0311091356,-0.153839961,0.129304484,-0.0078213457,-0.00117915485,0.0435196795,0.0115710879,-0.0611778758,0.0864391327,-0.0530445129,0.00241781166,0.0243655648,0.0188212544,0.0363469347,-0.0162372105,-0.0217215139,-0.0051397332,0.0921365544,0.00352346525,-0.0812336504,0.0124051757,0.0890103579,-0.00332790986,-0.00572925853,0.0166259781,0.0623298213,0.00421905145,-0.197577775,0.0259538461,-0.0837704912,0.419194818,-0.0743995905,0.121473141,-0.254918188,-0.0863004029,0.0945966542,0.433306575,-0.255833089,-0.0860019699,0.0293424726,0.153437883,0.0260022543,0.317458689,0.388091326,0.0449486375,0.883425355,0.118042052,-0.0258822031,0.0588526577,0.397252262,-0.346713722,0.00196120702,0.965764582,-0.161504939,-0.0374991,0.0205449462,-0.197577775,0.0259538461,-0.0837704912,0.419194818,-0.0743995905,0.121473148,-0.254918188,-0.0863004029,0.0945966542,0.433306575,-0.255833089,-0.0860019699,0.0293424726,0.153437883,0.0260022543,0.317458689,0.388091326,0.0449486375,0.883425355,0.118042052,-0.0258822031,0.058852654,0.397252262,-0.346713722,0.00196120702,0.965764582,-0.161504939,-0.0374991,0.0205449462,-0.197577775,0.0259538461,-0.0837704912,0.419194818,-0.0743995905,0.121473141,-0.254918188,-0.0863004029,0.0945966542,0.433306575,-0.255833089,-0.0860019699,0.0293424726,0.153437883,0.0260022543,0.317458689,0.388091326,0.0449486375,0.883425355,0.118042052,-0.0258822031,0.0588526577,0.397252262,-0.346713722,0.00196120702,0.965764582,-0.161504939,-0.0374991,0.0205449462
0.970897379,3214754.62,0,0,0.0103033772,4.1462481e-06,1,0.212130137,0.0141786337,1,0.691289842,0.00735803368,-0.0129549829,-0.722423971,-0.0119252773,-0.0392170995,-0.012009033,-2.24207754e-44,2.24207754e-44,2.24207754e-44,-0.248250157,0.0797753334,-0.0968155637,0.448226273,-0.206548139,0.0323545411,-0.183885708,-0.0646295249,0.0798153132,0.542513728,-0.357087493,0.0420199074,0.0280991104,0.0160258636,-0.00839751679,0.314206451,0.246062368,-0.00140799768,0.947264314,0.111217074,0.00257363683,0.0231092535,0.363917768,-0.309281558,0.0123559879,0.975136817,-0.165816829,-0.0387185887,0.0207903795,0.04111702,0.0274531431,-0.0342283733,-0.140525371,0.124211855,-0.00812685862,-0.00241810665,0.0407911018,0.00999523886,-0.0595318526,0.0842274278,-0.0522693582,0.00145938899,0.0252331495,0.0243550483,0.0402583368,-0.0140697779,-0.0311443917,-0.00568872225,0.0853194296,0.0125366822,-0.0708718002,0.0247377213,0.0745587349,-0.00238652853,-0.00501865754,0.0154316463,0.0543617979,0.00295139337,-0.197740227,0.0272003245,-0.0849173516,0.416169316,-0.0772574469,0.121713646,-0.255710512,-0.0864700377,0.0947208703,0.430790544,-0.270011723,-0.0871004239,0.0295786019,0.155384988,0.0267855339,0.317227602,0.388367057,0.0445622243,0.882215023,0.119438775,-0.0246962234,0.0580995083,0.396437049,-0.347203195,0.00248017907,0.965587139,-0.161812156,-0.0367487743,0.0200304054,-0.197740227,0.0272003263,-0.0849173516,0.416169316,-0.0772574469,0.121713653,-0.255710512,-0.0864700377,0.0947208703,0.430790544,-0.270011723,-0.0871004239,0.0295786019,0.155384988,0.0267855339,0.317227602,0.388367057,0.0445622243,0.882215023,0.119438775,-0.0246962234,0.0580995046,0.396437049,-0.347203195,0.00248017907,0.965587139,-0.161812156,-0.0367487743,0.0200304054,-0.197740227,0.0272003245,-0.0849173516,0.416169316,-0.0772574469,0.121713646,-0.255710512,-0.0864700377,0.0947208703,0.430790544,-0.270011723,-0.0871004239,0.0295786019,0.155384988,0.0267855339,0.317227602,0.388367057,0.0445622243,0.882215023,0.119438775,-0.0246962234,0.0580995083,0.396437049,-0.347203195,0.00248017907,0.965587139,-0.161812156,-0.0367487743,0.0200304054
0.980918038,3214754.63,0,0,0.000353008974,7.05104321e-06,1,0.185742043,0.0124198794,1,0.691250443,0.0071785422,-0.0130423568,-0.722461879,-0.0126422551,-0.0372727476,-0.00931862369,-2.24207754e-44,2.24207754e-44,2.24207754e-44,-0.247881502,0.0800262466,-0.0971720442,0.446885943,-0.205330312,0.0322759561,-0.183918923,-0.0642421842,0.0799064934,0.541931033,-0.356253773,0.0415177085,0.0281116012,0.0162790678,-0.00813405775,0.314622372,0.245929673,-0.00175675307,0.947205961,0.112042733,0.00275779795,0.022448834,0.364225417,-0.308617562,0.0123358257,0.975089371,-0.165668473,-0.0382095538,0.0208151303,0.032761801,0.0237029381,-0.0364861526,-0.127666339,0.119369619,-0.0073098694,-0.00470814528,0.037568897,0.0085979579,-0.0565921143,0.083036527,-0.0478813909,0.00111740199,0.0256792903,0.0276573934,0.0425825864,-0.0128751965,-0.0377256609,-0.00583982142,0.0784294009,0.0213807188,-0.0618435256,0.0345906764,0.060545709,-0.00182901672,-0.00456804922,0.0144959614,0.0468295552,0.0022640219,-0.197740227,0.0272003245,-0.0849173516,0.416169316,-0.0772574469,0.121713646,-0.255710512,-0.0864700377,0.0947208703,0.430790544,-0.270011723,-0.0871004239,0.0295786019,0.155384988,0.0267855339,0.317227602,0.388367057,0.0445622243,0.882215023,0.119438775,-0.0246962234,0.0580995083,0.396437049,-0.347203195,0.00248017907,0.965587139,-0.161812156,-0.0367487743,0.0200304054,-0.197676569,0.0278501399,-0.0856371596,0.414188415,-0.078866981,0.122261867,-0.256930739,-0.0868121088,0.0950605273,0.428215623,-0.282431602,-0.0884163827,0.0298947059,0.156487435,0.0265876688,0.316713244,0.388727099,0.0441533402,0.881249368,0.120573655,-0.0235185493,0.0577505827,0.395499259,-0.347382188,0.0030670967,0.965616643,-0.162512809,-0.0362599418,0.0197037272,-0.197676569,0.0278501417,-0.0856371596,0.414188415,-0.078866981,0.122261859,-0.256930739,-0.0868121088,0.0950605273,0.428215623,-0.282431602,-0.0884163901,0.0298947059,0.156487435,0.0265876688,0.316713244,0.388727099,0.0441533402,0.881249368,0.120573655,-0.0235185474,0.0577505827,0.395499259,-0.347382188,0.0030670967,0.965616643,-0.162512809,-0.0362599418,0.0197037272
0.99215476,3214754.64,0,0,0.0115897311,7.5660646e-06,1,0.185742043,0,1,0.69121933,0.00700991182,-0.0131141124,-0.722492039,-0.0125283794,-0.0317937918,-0.00718800025,-2.24207754e-44,2.24207754e-44,2.24207754e-44,-0.247635022,0.080240719,-0.0975452736,0.445711911,-0.20417577,0.0322120301,-0.184011713,-0.0638852641,0.0799885765,0.541405797,-0.355436772,0.0410680138,0.0281224772,0.0165372379,-0.00785865914,0.315070212,0.24580282,-0.00216441741,0.947138429,0.112759277,0.00302426051,0.0218968764,0.364625216,-0.308103859,0.0123203313,0.975046694,-0.165530533,-0.0378021449,0.0208350364,0.0204986613,0.0193131436,-0.0378346704,-0.114337236,0.114264987,-0.00617626589,-0.0122838719,0.0338173434,0.00801425893,-0.0506720394,0.0796238855,-0.0456755571,0.00125439849,0.0249888543,0.0256862026,0.0463948958,-0.0125257969,-0.0417570919,-0.00898120925,0.0714381561,0.0347330458,-0.0521781109,0.0436982475,0.0456408784,-0.00122018019,-0.00397592084,0.0128750922,0.0401934087,0.00164005521,-0.197676569,0.0278501417,-0.0856371596,0.414188415,-0.078866981,0.122261859,-0.256930739,-0.0868121088,0.0950605273,0.428215623,-0.282431602,-0.0884163901,0.0298947059,0.156487435,0.0265876688,0.316713244,0.388727099,0.0441533402,0.881249368,0.120573655,-0.0235185474,0.0577505827,0.395499259,-0.347382188,0.0030670967,0.965616643,-0.162512809,-0.0362599418,0.0197037272,-0.197676569,0.0278501399,-0.0856371596,0.414188415,-0.078866981,0.122261867,-0.256930739,-0.0868121088,0.0950605273,0.428215623,-0.282431602,-0.0884163827,0.0298947059,0.156487435,0.0265876688,0.316713244,0.388727099,0.0441533402,0.881249368,0.120573655,-0.0235185493,0.0577505827,0.395499259,-0.347382188,0.0030670967,0.965616643,-0.162512809,-0.0362599418,0.0197037272,-0.197676569,0.0278501417,-0.0856371596,0.414188415,-0.078866981,0.122261859,-0.256930739,-0.0868121088,0.0950605273,0.428215623,-0.282431602,-0.0884163901,0.0298947059,0.156487435,0.0265876688,0.316713244,0.388727099,0.0441533402,0.881249368,0.120573655,-0.0235185474,0.0577505827,0.395499259,-0.347382188,0.0030670967,0.965616643,-0.162512809,-0.0362599418,0.0197037272
1.00289946,3214754.65,0,0,0.00228936411,4.82425094e-06,1,0.200701877,0.00991725922,1,0.691193223,0.00683689816,-0.013182166,-0.722517431,-0.0115067987,-0.0275800433,-0.00467707915,-2.24207754e-44,2.24207754e-44,2.24207754e-44,-0.247464374,0.080428794,-0.0980047435,0.444420666,-0.202837706,0.0321475379,-0.184207916,-0.0635202825,0.0800817013,0.540842891,-0.354513019,0.0405401774,0.0281395726,0.0168231614,-0.00755974324,0.315636903,0.245650917,-0.00267390092,0.947033107,0.113587387,0.00355869927,0.0213416927,0.365204543,-0.307682097,0.012310436,0.975004494,-0.165390953,-0.0373446643,0.0208496749,0.0097283572,0.0134181036,-0.038439054,-0.100732192,0.108612061,-0.00460694591,-0.0187851153,0.0282789543,0.00766616128,-0.0435110517,0.0756252781,-0.0411399081,0.00145418209,0.0234392211,0.0261980072,0.0474675149,-0.0129486723,-0.0427317135,-0.007545406,0.0644737408,0.0484928675,-0.0413492881,0.0505831763,0.0273278281,-0.000645924185,-0.0032338656,0.011000054,0.0346839949,0.00103337911,-0.196979135,0.0279329922,-0.0858429074,0.413360059,-0.078506358,0.12310078,-0.258522153,-0.0868955106,0.0955533087,0.425882101,-0.292348862,-0.090028666,0.0300793517,0.156904519,0.0255335718,0.315934092,0.389234483,0.0437920354,0.880441546,0.121573739,-0.0223986879,0.0576306432,0.394576609,-0.347230941,0.00377796404,0.965726018,-0.163492262,-0.0360211506,0.0195187703,-0.196979135,0.0279329903,-0.0858429074,0.413360059,-0.078506358,0.12310078,-0.258522153,-0.086895518,0.0955533087,0.425882101,-0.292348862,-0.090028666,0.0300793517,0.156904519,0.0255335718,0.315934092,0.389234483,0.0437920354,0.880441546,0.121573739,-0.0223986898,0.0576306432,0.394576609,-0.347230941,0.00377796404,0.965726018,-0.163492262,-0.0360211506,0.0195187684,-0.196979135,0.0279329922,-0.0858429074,0.413360059,-0.078506358,0.12310078,-0.258522153,-0.0868955106,0.0955533087,0.425882101,-0.292348862,-0.090028666,0.0300793517,0.156904519,0.0255335718,0.315934092,0.389234483,0.0437920354,0.880441546,0.121573739,-0.0223986879,0.0576306432,0.394576609,-0.347230941,0.00377796404,0.965726018,-0.163492262,-0.0360211506,0.0195187703
1.01389744,3214754.66,0,0,0.0132873491,4.34927642e-06,1,0.200701877,0,1,0.691176832,0.00670784106,-0.0132348025,-0.722533345,-0.00921945367,-0.0248830859,-0.00386874611,-2.24207754e-44,2.24207754e-44,2.24207754e-44,-0.247399256,0.0805312395,-0.0983800739,0.443456173,-0.201770008,0.0321125165,-0.184421584,-0.0632680953,0.0801652223,0.54044354,-0.353787959,0.0401219465,0.0281569622,0.0170387179,-0.00729663949,0.316119343,0.245520249,-0.00309253018,0.946950614,0.11422006,0.00414347695,0.0209765509,0.365726084,-0.307493657,0.0123082297,0.974977553,-0.165297881,-0.0370150134,0.0208568294,0.00497201178,0.00802284852,-0.0367406942,-0.094720237,0.105989903,-0.00274388678,-0.0228559058,0.0230241902,0.00890707225,-0.0379506983,0.0703765899,-0.0426846296,0.00195441907,0.0200124737,0.0259221587,0.0484974608,-0.0130200302,-0.0411302671,-0.00821571611,0.063690573,0.0658195615,-0.0335677639,0.0529120527,0.0135750826,6.62974344e-05,-0.00231105043,0.00807004143,0.032554131,0.000486807141,-0.196979135,0.0279329922,-0.0858429074,0.413360059,-0.078506358,0.12310078,-0.258522153,-0.0868955106,0.0955533087,0.425882101,-0.292348862,-0.090028666,0.0300793517,0.156904519,0.0255335718,0.315934092,0.389234483,0.0437920354,0.880441546,0.121573739,-0.0223986879,0.0576306432,0.394576609,-0.347230941,0.00377796404,0.965726018,-0.163492262,-0.0360211506,0.0195187703,-0.196979135,0.0279329903,-0.0858429074,0.413360059,-0.078506358,0.12310078,-0.258522153,-0.086895518,0.0955533087,0.425882101,-0.292348862,-0.090028666,0.0300793517,0.156904519,0.0255335718,0.315934092,0.389234483,0.0437920354,0.880441546,0.121573739,-0.0223986898,0.0576306432,0.394576609,-0.347230941,0.00377796404,0.965726018,-0.163492262,-0.0360211506,0.0195187684,-0.196979135,0.0279329922,-0.0858429074,0.413360059,-0.078506358,0.12310078,-0.258522153,-0.0868955106,0.0955533087,0.425882101,-0.292348862,-0.090028666,0.0300793517,0.156904519,0.0255335718,0.315934092,0.389234483,0.0437920354,0.880441546,0.121573739,-0.0223986879,0.0576306432,0.394576609,-0.347230941,0.00377796404,0.965726018,-0.163492262,-0.0360211506,0.0195187703
1.02389796,3214754.67,0,0,0.0033367509,4.48711216e-06,1,0.182796735,0.00847771764,1,0.691163003,0.00658663083,-0.0132937096,-0.722546637,-0.00778833823,-0.0267571453,-0.00321912044,-2.24207754e-44,2.24207754e-44,2.24207754e-44,-0.247362182,0.0805853531,-0.0987373292,0.442565709,-0.200738385,0.0320958532,-0.184652612,-0.0630653054,0.0802600756,0.540101469,-0.353102624,0.0397255942,0.0281773787,0.0172199402,-0.00700152712,0.316605657,0.245394036,-0.00348760327,0.946880639,0.114809878,0.00484827813,0.0206897594,0.366248637,-0.307410479,0.0123078031,0.974958301,-0.165226653,-0.0367199555,0.0208588503,0.00303805131,0.00393392192,-0.0350358747,-0.0845468417,0.100854993,-0.0010205576,-0.0229255222,0.0186742451,0.00984839164,-0.0314724818,0.0675021708,-0.0369485542,0.00206879084,0.0169236399,0.0326915458,0.0489749797,-0.0122687006,-0.0380440131,-0.0063103023,0.054606203,0.0721045732,-0.025459623,0.0513627529,0.00570828514,-0.00021046467,-0.0017104228,0.00666831899,0.0270290747,2.75009133e-05,-0.196185291,0.0274414998,-0.0856843144,0.413341582,-0.0774490312,0.124052696,-0.260566831,-0.086865738,0.0961681306,0.423410654,-0.300826579,-0.0916977152,0.0301912036,0.156782955,0.0241856091,0.315024316,0.389759034,0.043581225,0.879737794,0.122511297,-0.0212635808,0.0576618314,0.39382267,-0.346878916,0.00454067253,0.965838909,-0.164672136,-0.0358925499,0.0194557458,-0.196185291,0.0274414998,-0.0856843144,0.413341582,-0.0774490312,0.124052696,-0.260566831,-0.0868657455,0.0961681306,0.423410654,-0.300826579,-0.0916977152,0.0301912036,0.156782955,0.0241856091,0.315024316,0.389759034,0.043581225,0.879737794,0.122511297,-0.0212635808,0.0576618351,0.39382267,-0.346878916,0.00454067253,0.965838909,-0.164672136,-0.0358925499,0.0194557458,-0.196185291,0.0274414998,-0.0856843144,0.413341582,-0.0774490312,0.124052696,-0.260566831,-0.086865738,0.0961681306,0.423410654,-0.300826579,-0.0916977152,0.0301912036,0.156782955,0.0241856091,0.315024316,0.389759034,0.043581225,0.879737794,0.122511297,-0.0212635808,0.0576618314,0.39382267,-0.346878916,0.00454067253,0.965838909,-0.164672136,-0.0358925499,0.0194557458
1.03390305,3214754.68,0,0,0.013341845,6.7371875e-06,1,0.182796735,0,1,0.691150486,0.00648984173,-0.0133464625,-0.722558439,-0.00681041554,-0.0260133464,-0.00459829625,-2.24207754e-44,2.24207754e-44,2.24207754e-44,-0.24734579,0.0806075856,-0.0990019292,0.441919953,-0.199949682,0.0320969224,-0.184840336,-0.0629264787,0.080349125,0.539866805,-0.352577984,0.0394269712,0.0281967465,0.0173405334,-0.00673352787,0.317007691,0.245298937,-0.0037672983,0.946833014,0.11523518,0.00546629634,0.0205130782,0.36664775,-0.307379484,0.0123067303,0.974947929,-0.165185556,-0.0365148671,0.0208574049,0.00140932843,0.00221999944,-0.0315443054,-0.079273805,0.0975624621,0.000946856453,-0.0241139978,0.0166915283,0.0122027826,-0.0285887122,0.0643236116,-0.038582772,0.00271511893,0.0138098346,0.0327113532,0.0512114242,-0.0116812279,-0.0328540727,-0.00584301446,0.0540205464,0.0818710402,-0.0202527232,0.0489440002,0.00304542296,5.19316518e-06,-0.000997454743,0.00394373387,0.0254891496,-0.000301689317,-0.196185291,0.0274414998,-0.0856843144,0.413341582,-0.0774490312,0.124052696,-0.260566831,-0.086865738,0.0961681306,0.423410654,-0.300826579,-0.0916977152,0.0301912036,0.156782955,0.0241856091,0.315024316,0.389759034,0.043581225,0.879737794,0.122511297,-0.0212635808,0.0576618314,0.39382267,-0.346878916,0.00454067253,0.965838909,-0.164672136,-0.0358925499,0.0194557458,-0.196185291,0.0274414998,-0.0856843144,0.413341582,-0.0774490312,0.124052696,-0.260566831,-0.0868657455,0.0961681306,0.423410654,-0.300826579,-0.0916977152,0.0301912036,0.156782955,0.0241856091,0.315024316,0.389759034,0.043581225,0.879737794,0.122511297,-0.0212635808,0.0576618351,0.39382267,-0.346878916,0.00454067253,0.965838909,-0.164672136,-0.0358925499,0.0194557458,-0.196185291,0.0274414998,-0.0856843144,0.413341582,-0.0774490312,0.124052696,-0.260566831,-0.086865738,0.0961681306,0.423410654,-0.300826579,-0.0916977152,0.0301912036,0.156782955,0.0241856091,0.315024316,0.389759034,0.043581225,0.879737794,0.122511297,-0.0212635808,0.0576618314,0.39382267,-0.346878916,0.00454067253,0.965838909,-0.164672136,-0.0358925499,0.0194557458
1.04489936,3214754.69,0,0,0.00428507803,5.46732917e-06,1,0.216075219,0.00702637434,1,0.691117227,0.00632198248,-0.0134417498,-0.722590029,-0.00706401188,-0.028310243,-0.00718151079,-2.24207754e-44,2.24207754e-44,2.24207754e-44,-0.247338548,0.0806284919,-0.0994030461,0.440909982,-0.198647544,0.032128308,-0.185170725,-0.0627084821,0.0805495307,0.539498329,-0.35169363,0.0389302485,0.0282388013,0.0175033547,-0.00624280376,0.317761391,0.24514918,-0.00415548449,0.946759045,0.115935072,0.00669174735,0.0203000009,0.36727348,-0.307354987,0.0123072881,0.974940002,-0.165151209,-0.0361993723,0.0208504796,6.24832455e-06,0.00117112091,-0.0268784203,-0.0654117167,0.0888093784,0.00301628979,-0.0225442592,0.014947827,0.0156097095,-0.0242492426,0.0626443475,-0.0316203013,0.00307624647,0.0103555759,0.0383130237,0.056065429,-0.00970795099,-0.0239562299,-0.0047321571,0.0443141013,0.088454552,-0.0116042281,0.0408840887,0.00106645166,-2.22787526e-06,-0.000341054692,0.00179532391,0.019304717,-0.000593504345,-0.195659369,0.0265652817,-0.085294567,0.413833171,-0.0760369077,0.124961399,-0.26271376,-0.0868433565,0.0967787802,0.42114228,-0.307852954,-0.0933909789,0.0301943962,0.156516612,0.0230131038,0.314074963,0.390189052,0.0435018316,0.879194856,0.123336464,-0.0201662406,0.0577766001,0.393372983,-0.346434236,0.00522638112,0.965957105,-0.16588971,-0.0358146839,0.0195215009,-0.195659369,0.0265652798,-0.085294567,0.413833171,-0.0760369077,0.124961399,-0.26271376,-0.0868433565,0.0967787802,0.42114228,-0.307852954,-0.0933909789,0.0301943962,0.156516612,0.0230131038,0.314074963,0.390189052,0.0435018316,0.879194856,0.123336464,-0.0201662388,0.0577766001,0.393372983,-0.346434236,0.00522638112,0.965957105,-0.16588971,-0.0358146839,0.0195215009,-0.195659369,0.0265652817,-0.085294567,0.413833171,-0.0760369077,0.124961399,-0.26271376,-0.0868433565,0.0967787802,0.42114228,-0.307852954,-0.0933909789,0.0301943962,0.156516612,0.0230131038,0.314074963,0.390189052,0.0435018316,0.879194856,0.123336464,-0.0201662406,0.0577766001,0.393372983,-0.346434236,0.00522638112,0.965957105,-0.16588971,-0.0358146839,0.0195215009
1.05590126,3214754.7,0,0,0.0152869816,5.87198883e-06,1,0.216075219,0,1,0.69107753,0.00620164257,-0.0135121299,-0.722627699,-0.00649898499,-0.0273392349,-0.0120991217,-2.24207754e-44,2.24207754e-44,2.24207754e-44,-0.247352585,0.0806381479,-0.0996274427,0.440304667,-0.197794452,0.0321815796,-0.185412928,-0.062561214,0.0807460248,0.53927511,-0.351090342,0.0385944322,0.0282856617,0.0175830331,-0.00587724941,0.318351626,0.245060056,-0.00434337417,0.946714282,0.116382316,0.00763100851,0.0202102568,0.367643327,-0.307346284,0.0123115731,0.974940777,-0.165157467,-0.0360241272,0.0208453201,-0.00206808792,0.000866148446,-0.0203376599,-0.0566218719,0.0826345459,0.00643349113,-0.0243503172,0.0145444851,0.0214940999,-0.0212574787,0.0593724921,-0.0330804326,0.00497543905,0.00682787457,0.0366112143,0.0610279404,-0.00824782997,-0.0154272169,-0.0041990201,0.0435554124,0.0958591476,-0.00757585792,0.0339061953,0.000739306735,0.000603378227,0.000276626321,-0.00171011174,0.0160268955,-0.000483428157,-0.195659369,0.0265652817,-0.085294567,0.413833171,-0.0760369077,0.124961399,-0.26271376,-0.0868433565,0.0967787802,0.42114228,-0.307852954,-0.0933909789,0.0301943962,0.156516612,0.0230131038,0.314074963,0.390189052,0.0435018316,0.879194856,0.123336464,-0.0201662406,0.0577766001,0.393372983,-0.346434236,0.00522638112,0.965957105,-0.16588971,-0.0358146839,0.0195215009,-0.195659369,0.0265652798,-0.085294567,0.413833171,-0.0760369077,0.124961399,-0.26271376,-0.0868433565,0.0967787802,0.42114228,-0.307852954,-0.0933909789,0.0301943962,0.156516612,0.0230131038,0.314074963,0.390189052,0.0435018316,0.879194856,0.123336464,-0.0201662388,0.0577766001,0.393372983,-0.346434236,0.00522638112,0.965957105,-0.16588971,-0.0358146839,0.0195215009,-0.195659369,0.0265652817,-0.085294567,0.413833171,-0.0760369077,0.124961399,-0.26271376,-0.0868433565,0.0967787802,0.42114228,-0.307852954,-0.0933909789,0.0301943962,0.156516612,0.0230131038,0.314074963,0.390189052,0.0435018316,0.879194856,0.123336464,-0.0201662406,0.0577766001,0.393372983,-0.346434236,0.00522638112,0.965957105,-0.16588971,-0.0358146839,0.0195215009
1.06591413,3214754.71,0,0,0.00531679299,8.23382288e-06,1,0.186159741,0.00665566325,1,0.691017628,0.00604860717,-0.0135983508,-0.722684681,-0.00803404581,-0.0266955979,-0.0142014576,-2.24207754e-44,2.24207754e-44,2.24207754e-44,-0.247394279,0.080647409,-0.0998511165,0.439729661,-0.196869746,0.0322721712,-0.185690477,-0.0623902343,0.0810198486,0.53903991,-0.350387484,0.0382435806,0.0283397473,0.01765389,-0.00541379768,0.319126636,0.244983569,-0.0044708089,0.946672082,0.116832599,0.00876354985,0.0201343447,0.367981464,-0.307339519,0.0123202307,0.974946082,-0.165189385,-0.0358708985,0.0208399724,-0.00777011039,0.000720326498,-0.0175254773,-0.0409750901,0.0729632527,0.00884716026,-0.0251609161,0.0142525369,0.0237635132,-0.0183643233,0.0576223582,-0.0281779915,0.00494593056,0.00544105889,0.0359862,0.0674449801,-0.00500659086,-0.00790387671,-0.00311404164,0.034763094,0.0944616422,-0.00567044457,0.0256645717,0.000475336681,0.000878904364,0.000552544429,-0.00379350409,0.0110212099,-0.000331627525,-0.195494279,0.0255027469,-0.0847928971,0.41444087,-0.0752748176,0.125835806,-0.264872193,-0.0868232995,0.0973097533,0.418912411,-0.314508617,-0.0951823518,0.0301456489,0.156242698,0.0220497958,0.313234836,0.390442133,0.0435477532,0.878814578,0.124142356,-0.0191138089,0.0578993633,0.393413395,-0.346039653,0.00581867993,0.966101944,-0.167158231,-0.0357051194,0.0197267383,-0.195494279,0.0255027488,-0.0847928971,0.41444087,-0.0752748176,0.125835821,-0.264872193,-0.0868232995,0.0973097533,0.418912411,-0.314508617,-0.0951823592,0.0301456489,0.156242698,0.0220497958,0.313234836,0.390442133,0.0435477532,0.878814578,0.124142356,-0.0191138089,0.0578993633,0.393413395,-0.346039653,0.00581867993,0.966101944,-0.167158231,-0.0357051194,0.0197267383,-0.195494279,0.0255027469,-0.0847928971,0.41444087,-0.0752748176,0.125835806,-0.264872193,-0.0868232995,0.0973097533,0.418912411,-0.314508617,-0.0951823518,0.0301456489,0.156242698,0.0220497958,0.313234836,0.390442133,0.0435477532,0.878814578,0.124142356,-0.0191138089,0.0578993633,0.393413395,-0.346039653,0.00581867993,0.966101944,-0.167158231,-0.0357051194,0.0197267383
1.07689974,3214754.72,0,0,0.0163024021,4.92017716e-06,1,0.186159741,0,1,0.690962851,0.00594297331,-0.0136353588,-0.722737193,-0.0102799777,-0.0199354589,-0.0149010643,-2.24207754e-44,2.24207754e-44,2.24207754e-44,-0.247569993,0.0806540549,-0.100018151,0.439410597,-0.196188673,0.0323815234,-0.186003223,-0.0622451901,0.0812647864,0.538863719,-0.349823236,0.0379556715,0.0284054186,0.0177106783,-0.00514209038,0.319829404,0.244944692,-0.0045326259,0.946644723,0.117189676,0.00974530075,0.0200845283,0.368231654,-0.307335526,0.0123316962,0.974952877,-0.165246338,-0.0357713066,0.0208390281,-0.0203301627,0.000604101864,-0.0165030807,-0.0263997801,0.0649027154,0.0117270499,-0.0314355418,0.0144578191,0.024514975,-0.0176446158,0.0560944527,-0.0275218282,0.00708569353,0.00613092957,0.0264629219,0.0710399747,-0.00320475944,-0.00529677467,-0.00239581964,0.0346253067,0.099007301,-0.00447983993,0.0229585245,0.000348057598,0.00125236821,0.00072484964,-0.00651174923,0.00933760498,5.69608665e-06,-0.195494279,0.0255027469,-0.0847928971,0.41444087,-0.0752748176,0.125835806,-0.264872193,-0.0868232995,0.0973097533,0.418912411,-0.314508617,-0.0951823518,0.0301456489,0.156242698,0.0220497958,0.313234836,0.390442133,0.0435477532,0.878814578,0.124142356,-0.0191138089,0.0578993633,0.393413395,-0.346039653,0.00581867993,0.966101944,-0.167158231,-0.0357051194,0.0197267383,-0.195494279,0.0255027488,-0.0847928971,0.41444087,-0.0752748176,0.125835821,-0.264872193,-0.0868232995,0.0973097533,0.418912411,-0.314508617,-0.0951823592,0.0301456489,0.156242698,0.0220497958,0.313234836,0.390442133,0.0435477532,0.878814578,0.124142356,-0.0191138089,0.0578993633,0.393413395,-0.346039653,0.00581867993,0.966101944,-0.167158231,-0.0357051194,0.0197267383,-0.195494279,0.0255027469,-0.0847928971,0.41444087,-0.0752748176,0.125835806,-0.264872193,-0.0868232995,0.0973097533,0.418912411,-0.314508617,-0.0951823518,0.0301456489,0.156242698,0.0220497958,0.313234836,0.390442133,0.0435477532,0.878814578,0.124142356,-0.0191138089,0.0578993633,0.393413395,-0.346039653,0.00581867993,0.966101944,-0.167158231,-0.0357051194,0.0197267383
1.08691041,3214754.73,0,0,0.00627757097,4.10713255e-06,1,0.226065051,0.00585055351,1,0.69090724,0.00583304232,-0.0136608211,-0.722790778,-0.012214982,-0.0153933978,-0.0160703007,-2.24207754e-44,2.24207754e-44,2.24207754e-44,-0.24780421,0.080658786,-0.100177653,0.439222515,-0.195585489,0.0325068645,-0.186314598,-0.0621024892,0.0815120563,0.538689137,-0.349266589,0.0376990177,0.0284872018,0.0177789163,-0.00487724366,0.320549279,0.244920954,-0.00457697222,0.946626127,0.117510855,0.0107304109,0.0200464129,0.368428051,-0.307332397,0.0123455916,0.974960506,-0.165321648,-0.0356831104,0.0208408087,-0.0296492539,0.000400031189,-0.0147352479,-0.0136123477,0.0574341081,0.0138042802,-0.0357839316,0.0144363502,0.0259306282,-0.0165362246,0.0547140054,-0.0271641184,0.0103109013,0.00690853596,0.0205988716,0.073260285,-0.00194361003,-0.0039574299,-0.00165362121,0.0334434956,0.100612298,-0.00348544936,0.019562006,0.000341595907,0.00159246917,0.000811083941,-0.00890637282,0.0085794609,0.000447136321,-0.195024908,0.024545921,-0.0842058286,0.415137857,-0.0745597184,0.126759529,-0.267162681,-0.086355105,0.0977721363,0.417102456,-0.32035917,-0.0971057191,0.0300272722,0.155858487,0.0210410617,0.312504679,0.39052546,0.0436732769,0.878543079,0.124904349,-0.0181169435,0.0579325333,0.393880129,-0.345700741,0.00631580502,0.966280162,-0.168403059,-0.0356463231,0.0200093165,-0.195024908,0.0245459192,-0.0842058286,0.415137857,-0.0745597184,0.126759544,-0.267162681,-0.0863551125,0.0977721363,0.417102456,-0.32035917,-0.0971057191,0.0300272722,0.155858487,0.0210410617,0.312504679,0.39052546,0.0436732769,0.878543079,0.124904349,-0.0181169454,0.0579325333,0.393880129,-0.345700741,0.00631580502,0.966280162,-0.168403059,-0.0356463231,0.0200093165,-0.195024908,0.024545921,-0.0842058286,0.415137857,-0.0745597184,0.126759529,-0.267162681,-0.086355105,0.0977721363,0.417102456,-0.32035917,-0.0971057191,0.0300272722,0.155858487,0.0210410617,0.312504679,0.39052546,0.0436732769,0.878543079,0.124904349,-0.0181169435,0.0579325333,0.393880129,-0.345700741,0.00631580502,0.966280162,-0.168403059,-0.0356463231,0.0200093165
1.09789739,3214754.74,0,0,0.0172645547,4.23705205e-06,1,0.226065051,0,1,0.690844953,0.00574384537,-0.0136574488,-0.722851098,-0.0133939609,-0.0135391671,-0.0173929799,-2.24207754e-44,2.24207754e-44,2.24207754e-44,-0.248141482,0.0806598738,-0.100307837,0.439134121,-0.195043147,0.0326506905,-0.186696306,-0.0619623922,0.0817847326,0.538524508,-0.348724455,0.0374327302,0.0286118351,0.0178473685,-0.00470704772,0.321291745,0.244907409,-0.00461100042,0.946614623,0.117850758,0.0117483251,0.0200168379,0.368604124,-0.307328045,0.0123639172,0.974969208,-0.16542469,-0.0355996937,0.0208483655,-0.0332457535,-0.000132710848,-0.012182272,-0.00653895782,0.0523540601,0.0142558506,-0.036473576,0.013469846,0.0276739355,-0.0171272252,0.0543368198,-0.0248735528,0.0130713331,0.00691234088,0.0185983628,0.0743370429,-0.0009614398,-0.00307116774,-0.000751362124,0.0327277035,0.101010047,-0.00258057378,0.0148878647,0.000488339574,0.00194327394,0.000901359657,-0.0108751887,0.00820357539,0.000893589517,-0.195024908,0.024545921,-0.0842058286,0.415137857,-0.0745597184,0.126759529,-0.267162681,-0.086355105,0.0977721363,0.417102456,-0.32035917,-0.0971057191,0.0300272722,0.155858487,0.0210410617,0.312504679,0.39052546,0.0436732769,0.878543079,0.124904349,-0.0181169435,0.0579325333,0.393880129,-0.345700741,0.00631580502,0.966280162,-0.168403059,-0.0356463231,0.0200093165,-0.195024908,0.0245459192,-0.0842058286,0.415137857,-0.0745597184,0.126759544,-0.267162681,-0.0863551125,0.0977721363,0.417102456,-0.32035917,-0.0971057191,0.0300272722,0.155858487,0.0210410617,0.312504679,0.39052546,0.0436732769,0.878543079,0.124904349,-0.0181169454,0.0579325333,0.393880129,-0.345700741,0.00631580502,0.966280162,-0.168403059,-0.0356463231,0.0200093165,-0.195024908,0.024545921,-0.0842058286,0.415137857,-0.0745597184,0.126759529,-0.267162681,-0.086355105,0.0977721363,0.417102456,-0.32035917,-0.0971057191,0.0300272722,0.155858487,0.0210410617,0.312504679,0.39052546,0.0436732769,0.878543079,0.124904349,-0.0181169435,0.0579325333,0.393880129,-0.345700741,0.00631580502,0.966280162,-0.168403059,-0.0356463231,0.0200093165
1.10791589,3214754.75,0,0,0.00731449202,6.55697659e-06,1,0.194510911,0.00419744849,1,0.690781415,0.00563951349,-0.0136603909,-0.72291261,-0.0143810231,-0.0144310985,-0.0177686159,-2.24207754e-44,2.24207754e-44,2.24207754e-44,-0.248451397,0.0806541666,-0.100420333,0.439089298,-0.194541454,0.0327850617,-0.187022969,-0.0618378893,0.0820622593,0.538338959,-0.348176003,0.0372062288,0.0287432186,0.0179165006,-0.00448605232,0.322041899,0.244903579,-0.00463744625,0.946613431,0.118138939,0.0127200661,0.0199962258,0.368706971,-0.307322264,0.0123844584,0.974978328,-0.165537626,-0.0355194509,0.0208585989,-0.0323100947,-0.000878583931,-0.0103076017,-0.00326646632,0.0490740612,0.0131873749,-0.0335292555,0.0119641982,0.0282944329,-0.0187519901,0.0546691082,-0.0234620851,0.0136383194,0.00657554809,0.020385243,0.0761967599,-1.29438549e-05,-0.00233497261,0.000203414136,0.0278781559,0.0957925394,-0.0017725518,0.00850418862,0.000672863214,0.00218575541,0.000906015805,-0.011979064,0.00790639315,0.00120112533,-0.19433248,0.0240174439,-0.0837369934,0.415750474,-0.073050946,0.127644747,-0.269434869,-0.085272789,0.0980098248,0.416072309,-0.324556619,-0.0991381481,0.02978836,0.155412257,0.0201657638,0.311919838,0.390629828,0.043867752,0.87841928,0.125635177,-0.0171060078,0.0578972846,0.394422621,-0.345526516,0.00663852319,0.966376305,-0.16942203,-0.0356212966,0.0202473961,-0.19433248,0.024017442,-0.0837369934,0.415750474,-0.073050946,0.127644762,-0.269434869,-0.085272789,0.0980098248,0.416072309,-0.324556619,-0.0991381481,0.02978836,0.155412257,0.0201657638,0.311919838,0.390629828,0.043867752,0.87841928,0.125635177,-0.0171060078,0.0578972809,0.394422621,-0.345526516,0.00663852319,0.966376305,-0.16942203,-0.0356212966,0.0202473961,-0.19433248,0.0240174439,-0.0837369934,0.415750474,-0.073050946,0.127644747,-0.269434869,-0.085272789,0.0980098248,0.416072309,-0.324556619,-0.0991381481,0.02978836,0.155412257,0.0201657638,0.311919838,0.390629828,0.043867752,0.87841928,0.125635177,-0.0171060078,0.0578972846,0.394422621,-0.345526516,0.00663852319,0.966376305,-0.16942203,-0.0356212966,0.0202473961
1.11895672,3214754.76,0,0,0.0183553221,6.16209581e-06,1,0.194510911,0,1,0.690701544,0.00554002216,-0.0136370799,-0.722990155,-0.0142672062,-0.00921128038,-0.0178807471,-2.24207754e-44,2.24207754e-44,2.24207754e-44,-0.248898059,0.0806297511,-0.100524403,0.4390679,-0.193966269,0.0329431035,-0.187482089,-0.0617103688,0.0824155137,0.53811866,-0.34752807,0.0369062535,0.0289158188,0.0179791916,-0.00431913882,0.322979361,0.244910255,-0.00465931185,0.946621537,0.118493184,0.0138668055,0.0199799538,0.368787199,-0.307311952,0.0124137942,0.974988222,-0.165698737,-0.0354272872,0.0208773892,-0.0373668931,-0.00332551636,-0.00817164686,-0.00108292815,0.0470944084,0.0129503515,-0.0376607142,0.00897578709,0.0293602813,-0.01893452,0.0539270118,-0.0234385002,0.0143500436,0.00433282554,0.0138023216,0.0783706009,0.000919866143,-0.00154785253,0.00111715286,0.0289124791,0.0936831385,-0.00109134114,0.00498489337,0.000965415325,0.00255624484,0.000635724748,-0.0139608318,0.00745749287,0.00170800241,-0.19433248,0.0240174439,-0.0837369934,0.415750474,-0.073050946,0.127644747,-0.269434869,-0.085272789,0.0980098248,0.416072309,-0.324556619,-0.0991381481,0.02978836,0.155412257,0.0201657638,0.311919838,0.390629828,0.043867752,0.87841928,0.125635177,-0.0171060078,0.0578972846,0.394422621,-0.345526516,0.00663852319,0.966376305,-0.16942203,-0.0356212966,0.0202473961,-0.19433248,0.024017442,-0.0837369934,0.415750474,-0.073050946,0.127644762,-0.269434869,-0.085272789,0.0980098248,0.416072309,-0.324556619,-0.0991381481,0.02978836,0.155412257,0.0201657638,0.311919838,0.390629828,0.043867752,0.87841928,0.125635177,-0.0171060078,0.0578972809,0.394422621,-0.345526516,0.00663852319,0.966376305,-0.16942203,-0.0356212966,0.0202473961,-0.19433248,0.0240174439,-0.0837369934,0.415750474,-0.073050946,0.127644747,-0.269434869,-0.085272789,0.0980098248,0.416072309,-0.324556619,-0.0991381481,0.02978836,0.155412257,0.0201657638,0.311919838,0.390629828,0.043867752,0.87841928,0.125635177,-0.0171060078,0.0578972846,0.394422621,-0.345526516,0.00663852319,0.966376305,-0.16942203,-0.0356212966,0.0202473961
1.12897131,3214754.77,0,0,0.0084063299,9.33976844e-06,1,0.186653808,0.00333422422,1,0.690652609,0.00547243375,-0.0136246542,-0.723037601,-0.013854377,-0.00927077793,-0.0166548435,-2.24207754e-44,2.24207754e-44,2.24207754e-44,-0.249185726,0.0805894509,-0.100589156,0.439062715,-0.193595469,0.0330442637,-0.187764883,-0.0616554506,0.0826449096,0.537962735,-0.347099304,0.0367284194,0.0290304441,0.0180062279,-0.00419344939,0.323603123,0.244920045,-0.00467005232,0.946634233,0.118710309,0.0145892696,0.0199727248,0.368819028,-0.307303578,0.0124347536,0.974991322,-0.165812477,-0.0353696086,0.0208917446,-0.0369091816,-0.00587644475,-0.00773921842,-0.000333963224,0.0460699834,0.0125987586,-0.0362524204,0.00598760322,0.0287605431,-0.0190904345,0.0529137813,-0.0236977059,0.0145340012,0.00276868185,0.0145315621,0.0780967101,0.0013743469,-0.00117708847,0.00176888541,0.0274340119,0.0894418955,-0.000828738033,0.0036186513,0.00108240452,0.00268604211,0.000321321975,-0.0147134745,0.00711335056,0.00194966688,-0.193511128,0.0239507612,-0.0834730044,0.416113973,-0.0713599771,0.12850064,-0.271701038,-0.0836896896,0.0980628282,0.415463358,-0.327890843,-0.101068847,0.0295802262,0.155182377,0.0192602724,0.311606169,0.39060396,0.0440620296,0.878417134,0.126359314,-0.0160533711,0.0577936918,0.394984514,-0.345585763,0.00681975111,0.966446817,-0.170291454,-0.0355821885,0.0205079094,-0.193511128,0.023950763,-0.0834730044,0.416113973,-0.0713599771,0.12850064,-0.271701038,-0.0836896896,0.0980628282,0.415463358,-0.327890843,-0.101068854,0.0295802262,0.155182377,0.0192602724,0.311606169,0.39060396,0.0440620296,0.878417134,0.126359314,-0.0160533711,0.0577936955,0.394984514,-0.345585763,0.00681975111,0.966446817,-0.170291454,-0.0355821885,0.0205079075,-0.193511128,0.0239507612,-0.0834730044,0.416113973,-0.0713599771,0.12850064,-0.271701038,-0.0836896896,0.0980628282,0.415463358,-0.327890843,-0.101068847,0.0295802262,0.155182377,0.0192602724,0.311606169,0.39060396,0.0440620296,0.878417134,0.126359314,-0.0160533711,0.0577936918,0.394984514,-0.345585763,0.00681975111,0.966446817,-0.170291454,-0.0355821885,0.0205079094
1.13989861,3214754.79,0,0,0.0193336247,5.00679016e-06,1,0.186653808,0,1,0.690569699,0.00538405217,-0.0135770952,-0.723118365,-0.0138215506,-0.00264405599,-0.0159112178,-2.24207754e-44,2.24207754e-44,2.24207754e-44,-0.249767408,0.0804816931,-0.100685425,0.439070165,-0.192958698,0.0332151577,-0.188333392,-0.0615982302,0.08305455,0.537701845,-0.346371412,0.0363685004,0.0292391498,0.0180307049,-0.00406834902,0.324698359,0.244942173,-0.00468207663,0.946665466,0.119132012,0.0158351436,0.0199616402,0.368863404,-0.30728808,0.0124741979,0.974993765,-0.166035801,-0.0352730229,0.0209245179,-0.0434816964,-0.00897791516,-0.00658842875,0.00108703971,0.0448982306,0.0116408868,-0.0416093729,0.00259112031,0.0294034444,-0.0197652038,0.0525152348,-0.0237568989,0.0151682124,0.00128361373,0.0066888812,0.0778481141,0.00170559343,-0.000715368777,0.00259176223,0.0306611154,0.0876266211,-0.000768943515,0.002880899,0.00113079685,0.00287095318,3.15234975e-05,-0.0164215472,0.00673694396,0.00249839621,-0.193511128,0.0239507612,-0.0834730044,0.416113973,-0.0713599771,0.12850064,-0.271701038,-0.0836896896,0.0980628282,0.415463358,-0.327890843,-0.101068847,0.0295802262,0.155182377,0.0192602724,0.311606169,0.39060396,0.0440620296,0.878417134,0.126359314,-0.0160533711,0.0577936918,0.394984514,-0.345585763,0.00681975111,0.966446817,-0.170291454,-0.0355821885,0.0205079094,-0.193511128,0.023950763,-0.0834730044,0.416113973,-0.0713599771,0.12850064,-0.271701038,-0.0836896896,0.0980628282,0.415463358,-0.327890843,-0.101068854,0.0295802262,0.155182377,0.0192602724,0.311606169,0.39060396,0.0440620296,0.878417134,0.126359314,-0.0160533711,0.0577936955,0.394984514,-0.345585763,0.00681975111,0.966446817,-0.170291454,-0.0355821885,0.0205079075,-0.193511128,0.0239507612,-0.0834730044,0.416113973,-0.0713599771,0.12850064,-0.271701038,-0.0836896896,0.0980628282,0.415463358,-0.327890843,-0.101068847,0.0295802262,0.155182377,0.0192602724,0.311606169,0.39060396,0.0440620296,0.878417134,0.126359314,-0.0160533711,0.0577936918,0.394984514,-0.345585763,0.00681975111,0.966446817,-0.170291454,-0.0355821885,0.0205079094
1.15089849,3214754.8,0,0,0.010284177,4.59607691e-06,1,0.235993881,0.00257608294,1,0.690513134,0.00532277767,-0.0135383774,-0.723173559,-0.0142588019,-0.00214051758,-0.0159557071,-2.24207754e-44,2.24207754e-44,2.24207754e-44,-0.250186831,0.0803848356,-0.100747317,0.439084232,-0.192517817,0.0333226137,-0.188729391,-0.0615795255,0.0833508447,0.537499428,-0.345853567,0.0361076891,0.0293970332,0.0180414021,-0.00397803914,0.325458944,0.244961321,-0.00468719425,0.946696162,0.119428106,0.0166818649,0.0199546907,0.368888795,-0.307276309,0.0125034694,0.974991381,-0.166204467,-0.0352085531,0.0209518224,-0.0433941148,-0.0100760125,-0.00562396133,0.0015946558,0.0438745096,0.0102107581,-0.0415981524,0.00171491364,0.0302448496,-0.0190953072,0.0503518507,-0.0307267886,0.0161624979,0.000851905206,0.00743746292,0.0753518417,0.00200185436,-0.000338387879,0.00325176003,0.0306706671,0.0845331252,-0.000697837735,0.00248604571,0.00116600376,0.00297879823,-0.000306339702,-0.0175267477,0.00631343108,0.00302624097,-0.192465067,0.0245151054,-0.083546862,0.416151792,-0.0695861876,0.129338294,-0.273943901,-0.0816003531,0.0978829563,0.41538173,-0.330466926,-0.102821551,0.0294278935,0.155455649,0.0181764923,0.311631352,0.390322596,0.0441760793,0.878535688,0.127011955,-0.0149347335,0.0576401278,0.395502567,-0.345849514,0.0069039613,0.96653825,-0.171052679,-0.0355686434,0.0208096765,-0.192465067,0.0245151035,-0.083546862,0.416151792,-0.0695861876,0.129338309,-0.273943901,-0.0816003606,0.0978829563,0.41538173,-0.330466926,-0.102821551,0.0294278935,0.155455649,0.0181764923,0.311631352,0.390322596,0.0441760793,0.878535688,0.127011955,-0.0149347316,0.0576401278,0.395502567,-0.345849514,0.0069039613,0.96653825,-0.171052679,-0.0355686434,0.0208096746,-0.192465067,0.0245151054,-0.083546862,0.416151792,-0.0695861876,0.129338294,-0.273943901,-0.0816003531,0.0978829563,0.41538173,-0.330466926,-0.102821551,0.0294278935,0.155455649,0.0181764923,0.311631352,0.390322596,0.0441760793,0.878535688,0.127011955,-0.0149347335,0.0576401278,0.395502567,-0.345849514,0.0069039613,0.96653825,-0.171052679,-0.0355686434,0.0208096765
1.16090253,3214754.81,0,0,0.000305993017,6.30412251e-06,1,0.189872924,0.00299298763,1,0.690456271,0.00526799494,-0.0134900976,-0.72322917,-0.0149538526,-0.00218904996,-0.015573266,-2.24207754e-44,2.24207754e-44,2.24207754e-44,-0.250624985,0.0802789778,-0.100800291,0.439103603,-0.192085549,0.0334147252,-0.189144552,-0.0615667365,0.0836591348,0.53730154,-0.345350564,0.0357957371,0.029556999,0.0180485826,-0.00390673941,0.326201648,0.244983345,-0.00468866341,0.946732879,0.119725592,0.0175044276,0.0199485961,0.368911922,-0.307264447,0.0125336936,0.974986911,-0.166383252,-0.0351474695,0.0209842231,-0.0428499728,-0.0108935116,-0.00520575559,0.00216613128,0.0426677912,0.00851439778,-0.0398430824,0.000939865946,0.0311014093,-0.0209549163,0.0507562421,-0.0300521031,0.0158600882,0.000680338533,0.00853353925,0.0732245818,0.00236069271,-3.26814552e-05,0.00398662267,0.0282266941,0.0798777565,-0.000524207193,0.00214266591,0.00121938135,0.00304409978,-0.000580531487,-0.0179441534,0.00595501298,0.00331947324,-0.192465067,0.0245151054,-0.083546862,0.416151792,-0.0695861876,0.129338294,-0.273943901,-0.0816003531,0.0978829563,0.41538173,-0.330466926,-0.102821551,0.0294278935,0.155455649,0.0181764923,0.311631352,0.390322596,0.0441760793,0.878535688,0.127011955,-0.0149347335,0.0576401278,0.395502567,-0.345849514,0.0069039613,0.96653825,-0.171052679,-0.0355686434,0.0208096765,-0.191527903,0.0255288146,-0.0839807987,0.415798962,-0.0685401857,0.13020502,-0.276199549,-0.0794253945,0.0974953026,0.415528327,-0.333459914,-0.104358792,0.029343633,0.156492904,0.0170267224,0.312005013,0.389630497,0.0442263708,0.878747106,0.127615884,-0.013732342,0.0574572422,0.396025538,-0.346340179,0.00690274686,0.96670419,-0.17183882,-0.0355630293,0.0211452879,-0.191527903,0.0255288165,-0.0839807987,0.415798962,-0.0685401857,0.130205005,-0.276199549,-0.0794253945,0.0974953026,0.415528327,-0.333459914,-0.104358785,0.029343633,0.156492904,0.0170267224,0.312005013,0.389630497,0.0442263708,0.878747106,0.127615884,-0.0137323439,0.0574572384,0.396025538,-0.346340179,0.00690274686,0.96670419,-0.17183882,-0.0355630293,0.0211452879
1.17387921,3214754.82,0,0,0.0132826748,5.91482967e-06,1,0.189872924,0,1,0.690389037,0.00519807125,-0.0134302313,-0.723294914,-0.0155026093,0.000457750255,-0.015792517,-2.24207754e-44,2.24207754e-44,2.24207754e-44,-0.251140684,0.0801428705,-0.100858785,0.439132243,-0.191581562,0.0335023329,-0.189625368,-0.0615569428,0.0840425715,0.537055373,-0.344754726,0.0353834592,0.0297446381,0.0180550162,-0.00380084221,0.327058882,0.245013803,-0.00468597282,0.946784377,0.120051093,0.0184322949,0.0199434459,0.368936658,-0.307250053,0.0125705665,0.974979043,-0.166606322,-0.0350785851,0.0210282374,-0.0451123603,-0.0116642592,-0.00451378012,0.00246177567,0.04177716,0.00641808147,-0.0430995002,0.000938714831,0.0328237154,-0.0186707247,0.0479002073,-0.0404626578,0.0153146004,0.000376728538,0.00651505543,0.0703934208,0.00259673409,0.000426414132,0.00440037111,0.0279922709,0.0772961453,-0.00040755712,0.00211124914,0.00113677979,0.00309061911,-0.000625908957,-0.019320637,0.00561914966,0.00403787149,-0.191527903,0.0255288165,-0.0839807987,0.415798962,-0.0685401857,0.130205005,-0.276199549,-0.0794253945,0.0974953026,0.415528327,-0.333459914,-0.104358785,0.029343633,0.156492904,0.0170267224,0.312005013,0.389630497,0.0442263708,0.878747106,0.127615884,-0.0137323439,0.0574572384,0.396025538,-0.346340179,0.00690274686,0.96670419,-0.17183882,-0.0355630293,0.0211452879,-0.191527903,0.0255288146,-0.0839807987,0.415798962,-0.0685401857,0.13020502,-0.276199549,-0.0794253945,0.0974953026,0.415528327,-0.333459914,-0.104358792,0.029343633,0.156492904,0.0170267224,0.312005013,0.389630497,0.0442263708,0.878747106,0.127615884,-0.013732342,0.0574572422,0.396025538,-0.346340179,0.00690274686,0.96670419,-0.17183882,-0.0355630293,0.0211452879,-0.191527903,0.0255288165,-0.0839807987,0.415798962,-0.0685401857,0.130205005,-0.276199549,-0.0794253945,0.0974953026,0.415528327,-0.333459914,-0.104358785,0.029343633,0.156492904,0.0170267224,0.312005013,0.389630497,0.0442263708,0.878747106,0.127615884,-0.0137323439,0.0574572384,0.396025538,-0.346340179,0.00690274686,0.96670419,-0.17183882,-0.0355630293,0.0211452879
1.18389734,3214754.83,0,0,0.00332949311,4.41027805e-06,1,0.189876184,0.0032582283,1,0.690344393,0.00515873032,-0.0133809214,-0.723338723,-0.0159964263,0.00108785951,-0.0153685538,-2.24207754e-44,2.24207754e-44,2.24207754e-44,-0.251506507,0.080047287,-0.10089457,0.439153403,-0.191250816,0.0335462466,-0.189971417,-0.061551135,0.0843088999,0.536900342,-0.344368488,0.0350640118,0.0298604351,0.018057609,-0.00375376898,0.327613771,0.245035648,-0.00468142889,0.946821868,0.120265789,0.0190363824,0.0199408382,0.368953079,-0.307241023,0.0125953611,0.974973798,-0.166762263,-0.0350346342,0.0210617818,-0.0455213413,-0.0121041518,-0.00449339021,0.00277067139,0.0410324298,0.00493803294,-0.0425373949,0.000549068267,0.0334973596,-0.0202500913,0.0488161854,-0.0386834405,0.0139642488,0.000309915515,0.00620775158,0.0686283261,0.00282512209,0.000644975924,0.00488450844,0.0256856419,0.0739829987,-0.000266866235,0.00199622032,0.001137321,0.00310347718,-0.000690002693,-0.0195060298,0.00541167706,0.00424840255,-0.190748423,0.026901627,-0.0847597718,0.415180624,-0.0681330711,0.131175429,-0.278278559,-0.0773246139,0.0969926566,0.415901363,-0.336718142,-0.105603345,0.0293336175,0.158153325,0.0158945806,0.312680602,0.388622046,0.0441693589,0.879003704,0.12814191,-0.0125051588,0.0572638363,0.396507621,-0.347026378,0.00684635341,0.966895223,-0.1726861,-0.0355158262,0.0214679092,-0.190748423,0.026901627,-0.0847597718,0.415180624,-0.0681330711,0.131175444,-0.278278559,-0.0773246139,0.0969926566,0.415901363,-0.336718142,-0.105603345,0.0293336175,0.158153325,0.0158945806,0.312680602,0.388622046,0.0441693589,0.879003704,0.12814191,-0.0125051606,0.0572638363,0.396507621,-0.347026378,0.00684635341,0.966895223,-0.1726861,-0.0355158262,0.0214679074,-0.190748423,0.026901627,-0.0847597718,0.415180624,-0.0681330711,0.131175429,-0.278278559,-0.0773246139,0.0969926566,0.415901363,-0.336718142,-0.105603345,0.0293336175,0.158153325,0.0158945806,0.312680602,0.388622046,0.0441693589,0.879003704,0.12814191,-0.0125051588,0.0572638363,0.396507621,-0.347026378,0.00684635341,0.966895223,-0.1726861,-0.0355158262,0.0214679092
1.19390292,3214754.84,0,0,0.0133350729,6.36093318e-06,1,0.189876184,0,1,0.690279841,0.00509343203,-0.0133082289,-0.723402202,-0.0164421853,0.00183309766,-0.0149335703,-2.24207754e-44,2.24207754e-44,2.24207754e-44,-0.252039641,0.0798972622,-0.100949317,0.439188004,-0.190765589,0.0335921124,-0.1904677,-0.0615457259,0.0847168788,0.536659539,-0.343786806,0.0345560275,0.0300178491,0.0180607382,-0.00365868374,0.328407496,0.245071203,-0.00467149448,0.946884096,0.120547481,0.0198863968,0.0199388005,0.368976057,-0.307227671,0.0126325404,0.974964857,-0.167033389,-0.0349716917,0.0211152993,-0.0459084511,-0.0128845545,-0.0045714709,0.00275471737,0.0403199159,0.00310689304,-0.0445550047,0.00078876823,0.03450666,-0.0163197592,0.0457986332,-0.0537456125,0.0124733821,0.00016287381,0.00641763303,0.0644748285,0.00293376972,0.000977370772,0.00521032093,0.0239442661,0.0708022192,-0.000168709725,0.002004368,0.00100339612,0.00307925162,-0.000672486902,-0.0283195712,0.00518377405,0.00479836715,-0.190748423,0.026901627,-0.0847597718,0.415180624,-0.0681330711,0.131175429,-0.278278559,-0.0773246139,0.0969926566,0.415901363,-0.336718142,-0.105603345,0.0293336175,0.158153325,0.0158945806,0.312680602,0.388622046,0.0441693589,0.879003704,0.12814191,-0.0125051588,0.0572638363,0.396507621,-0.347026378,0.00684635341,0.966895223,-0.1726861,-0.0355158262,0.0214679092,-0.190748423,0.026901627,-0.0847597718,0.415180624,-0.0681330711,0.131175444,-0.278278559,-0.0773246139,0.0969926566,0.415901363,-0.336718142,-0.105603345,0.0293336175,0.158153325,0.0158945806,0.312680602,0.388622046,0.0441693589,0.879003704,0.12814191,-0.0125051606,0.0572638363,0.396507621,-0.347026378,0.00684635341,0.966895223,-0.1726861,-0.0355158262,0.0214679074,-0.190748423,0.026901627,-0.0847597718,0.415180624,-0.0681330711,0.131175429,-0.278278559,-0.0773246139,0.0969926566,0.415901363,-0.336718142,-0.105603345,0.0293336175,0.158153325,0.0158945806,0.312680602,0.388622046,0.0441693589,0.879003704,0.12814191,-0.0125051588,0.0572638363,0.396507621,-0.347026378,0.00684635341,0.966895223,-0.1726861,-0.0355158262,0.0214679092
1.20391564,3214754.85,0,0,0.00333264796,6.5821223e-06,1,0.199409667,0.00384733081,1,0.690228283,0.00504663214,-0.0132385436,-0.723452985,-0.0167975388,0.00245935027,-0.0139858061,-2.24207754e-44,2.24207754e-44,2.24207754e-44,-0.252506316,0.0797641203,-0.100997351,0.43921572,-0.190365031,0.0336136483,-0.190924063,-0.0615384579,0.0850659609,0.53650713,-0.343333393,0.0339832716,0.0301295351,0.0180619713,-0.00360355759,0.329033613,0.245100975,-0.00466048904,0.946938515,0.120778851,0.0205808319,0.0199375097,0.368996412,-0.307218283,0.0126632228,0.974958658,-0.167321771,-0.034920644,0.0211653318,-0.046360705,-0.0135519858,-0.00498639094,0.00283142808,0.0397992767,0.00151679898,-0.0449602976,0.000561935769,0.0351034291,-0.0157200135,0.0458493195,-0.0567682199,0.0103021264,0.000122198617,0.00579505041,0.0612946078,0.00303985924,0.00117190205,0.00565314991,0.0219106898,0.0677920282,-8.52119265e-05,0.00202183961,0.000922873383,0.00306531717,-0.000607194961,-0.0271877833,0.00504053757,0.00507416716,-0.190269798,0.0286193248,-0.0858514011,0.414299279,-0.0686039627,0.132215768,-0.2802791,-0.0753705949,0.0964285284,0.416375816,-0.340565473,-0.106507264,0.0294429027,0.160149068,0.0149682313,0.313716829,0.387329727,0.0440404005,0.879375517,0.128609836,-0.0111597665,0.0570896789,0.396823615,-0.347855389,0.00674607605,0.967107058,-0.173630029,-0.0354460739,0.0217399076,-0.190269798,0.0286193267,-0.0858514011,0.414299279,-0.0686039627,0.132215768,-0.2802791,-0.0753705874,0.0964285284,0.416375816,-0.340565473,-0.106507257,0.0294429027,0.160149068,0.0149682313,0.313716829,0.387329727,0.0440404005,0.879375517,0.128609836,-0.0111597665,0.0570896789,0.396823615,-0.347855389,0.00674607605,0.967107058,-0.173630029,-0.0354460739,0.0217399076,-0.190269798,0.0286193248,-0.0858514011,0.414299279,-0.0686039627,0.132215768,-0.2802791,-0.0753705949,0.0964285284,0.416375816,-0.340565473,-0.106507264,0.0294429027,0.160149068,0.0149682313,0.313716829,0.387329727,0.0440404005,0.879375517,0.128609836,-0.0111597665,0.0570896789,0.396823615,-0.347855389,0.00674607605,0.967107058,-0.173630029,-0.0354460739,0.0217399076
1.21491961,3214754.86,0,0,0.0143366191,1.3067387e-05,1,0.199409667,0,1,0.690169394,0.00499025499,-0.0131498398,-0.723511159,-0.0174635649,0.00417378824,-0.0133957407,-2.24207754e-44,2.24207754e-44,2.24207754e-44,-0.253068507,0.07960172,-0.101062171,0.439244866,-0.189891413,0.0336220935,-0.191493928,-0.0615227893,0.0854802579,0.536371231,-0.342818409,0.0331119858,0.0302465875,0.0180651341,-0.00354120531,0.329727471,0.245136186,-0.00464458484,0.947006166,0.121051706,0.0214026552,0.0199370757,0.369021952,-0.307209015,0.01269951,0.974953175,-0.167762026,-0.0348605961,0.0212305747,-0.0476928391,-0.0137030846,-0.00578182423,0.00215104804,0.0393406451,0.000143292695,-0.0498886704,0.00158454455,0.0338254943,-0.00781606231,0.0408115126,-0.0835087821,0.00915944111,0.000299667503,0.00419118861,0.0553579628,0.00283570332,0.00140987907,0.00564345019,0.0235522967,0.0693583339,-2.40041918e-05,0.00221776427,0.00064546807,0.0029882649,-0.000336967554,-0.0433891974,0.00498923147,0.00567628583,-0.190269798,0.0286193248,-0.0858514011,0.414299279,-0.0686039627,0.132215768,-0.2802791,-0.0753705949,0.0964285284,0.416375816,-0.340565473,-0.106507264,0.0294429027,0.160149068,0.0149682313,0.313716829,0.387329727,0.0440404005,0.879375517,0.128609836,-0.0111597665,0.0570896789,0.396823615,-0.347855389,0.00674607605,0.967107058,-0.173630029,-0.0354460739,0.0217399076,-0.190269798,0.0286193267,-0.0858514011,0.414299279,-0.0686039627,0.132215768,-0.2802791,-0.0753705874,0.0964285284,0.416375816,-0.340565473,-0.106507257,0.0294429027,0.160149068,0.0149682313,0.313716829,0.387329727,0.0440404005,0.879375517,0.128609836,-0.0111597665,0.0570896789,0.396823615,-0.347855389,0.00674607605,0.967107058,-0.173630029,-0.0354460739,0.0217399076,-0.190269798,0.0286193248,-0.0858514011,0.414299279,-0.0686039627,0.132215768,-0.2802791,-0.0753705949,0.0964285284,0.416375816,-0.340565473,-0.106507264,0.0294429027,0.160149068,0.0149682313,0.313716829,0.387329727,0.0440404005,0.879375517,0.128609836,-0.0111597665,0.0570896789,0.396823615,-0.347855389,0.00674607605,0.967107058,-0.173630029,-0.0354460739,0.0217399076
1.22589933,3214754.87,0,0,0.00529584568,5.50085679e-06,1,0.221442897,0.00443539023,1,0.690123856,0.0049443082,-0.0130727766,-0.72355628,-0.0176812746,0.0029855147,-0.0123363938,-2.24207754e-44,2.24207754e-44,2.24207754e-44,-0.253540426,0.079461053,-0.101123326,0.439266771,-0.189500943,0.0336148851,-0.191987649,-0.0615105033,0.0858149752,0.536297143,-0.342406332,0.032271564,0.0303283501,0.0180676673,-0.00349695189,0.330256581,0.245164871,-0.0046298583,0.947066605,0.121270329,0.0220751055,0.0199372545,0.369044274,-0.307203174,0.0127291875,0.974950373,-0.168161288,-0.034811303,0.0212879498,-0.0461871475,-0.0142470058,-0.00632802118,0.00224792724,0.038807895,-0.00127950509,-0.0478734747,0.000948599249,0.0332652442,-0.00814270042,0.0420253575,-0.0824776813,0.00756377727,0.000249829929,0.00524785556,0.0511821471,0.00292336778,0.00151734089,0.00665968377,0.020198876,0.0648869798,6.38815764e-05,0.00222121296,0.00056886836,0.00295917597,-0.000263223395,-0.0358744077,0.00487892609,0.00574109843,-0.190079719,0.0305298436,-0.087146394,0.413325101,-0.0698106587,0.133287758,-0.282237738,-0.0736956894,0.0959003866,0.416825622,-0.345000863,-0.106994383,0.0296469405,0.162134841,0.0143541023,0.315042198,0.385846972,0.0438528955,0.879820287,0.129035264,-0.00963293388,0.0569242984,0.396928906,-0.348761201,0.00662238523,0.967323005,-0.17464909,-0.0353555121,0.0219627768,-0.190079719,0.0305298436,-0.087146394,0.413325101,-0.0698106587,0.133287758,-0.282237738,-0.0736956894,0.0959003866,0.416825622,-0.345000863,-0.106994383,0.0296469405,0.162134841,0.0143541023,0.315042198,0.385846972,0.0438528955,0.879820287,0.129035264,-0.00963293482,0.0569242947,0.396928906,-0.348761201,0.00662238523,0.967323005,-0.17464909,-0.0353555121,0.0219627768,-0.190079719,0.0305298436,-0.087146394,0.413325101,-0.0698106587,0.133287758,-0.282237738,-0.0736956894,0.0959003866,0.416825622,-0.345000863,-0.106994383,0.0296469405,0.162134841,0.0143541023,0.315042198,0.385846972,0.0438528955,0.879820287,0.129035264,-0.00963293388,0.0569242984,0.396928906,-0.348761201,0.00662238523,0.967323005,-0.17464909,-0.0353555121,0.0219627768
1.23591082,3214754.88,0,0,0.0153073408,4.16487455e-06,1,0.221442897,0,1,0.690097094,0.00491525186,-0.0130248889,-0.723582864,-0.0185533389,0.00413381169,-0.0124946823,-2.24207754e-44,2.24207754e-44,2.24207754e-44,-0.253820986,0.0793794245,-0.101163842,0.439277887,-0.189270645,0.0336056873,-0.192285717,-0.0614985563,0.0860099345,0.536261976,-0.342166215,0.0317111388,0.0303762779,0.0180709064,-0.0034721042,0.33054927,0.245181382,-0.00462022284,0.947103858,0.121400759,0.0224793162,0.0199380182,0.3690584,-0.307200611,0.0127467113,0.974950075,-0.168435335,-0.0347816385,0.0213239193,-0.0469331332,-0.0133906845,-0.00696774852,0.0017072513,0.0382282026,-0.00167087116,-0.050271526,0.00233624084,0.0320698358,-0.00501014339,0.0392964743,-0.097694844,0.00807446428,0.00063505501,0.00375052681,0.0476005189,0.00268607726,0.00163995801,0.00606053695,0.0222948715,0.0682997108,0.000151445871,0.002396425,0.000371937378,0.00290317764,2.8149092e-05,-0.0496616364,0.00496424315,0.00608741352,-0.190079719,0.0305298436,-0.087146394,0.413325101,-0.0698106587,0.133287758,-0.282237738,-0.0736956894,0.0959003866,0.416825622,-0.345000863,-0.106994383,0.0296469405,0.162134841,0.0143541023,0.315042198,0.385846972,0.0438528955,0.879820287,0.129035264,-0.00963293388,0.0569242984,0.396928906,-0.348761201,0.00662238523,0.967323005,-0.17464909,-0.0353555121,0.0219627768,-0.190079719,0.0305298436,-0.087146394,0.413325101,-0.0698106587,0.133287758,-0.282237738,-0.0736956894,0.0959003866,0.416825622,-0.345000863,-0.106994383,0.0296469405,0.162134841,0.0143541023,0.315042198,0.385846972,0.0438528955,0.879820287,0.129035264,-0.00963293482,0.0569242947,0.396928906,-0.348761201,0.00662238523,0.967323005,-0.17464909,-0.0353555121,0.0219627768,-0.190079719,0.0305298436,-0.087146394,0.413325101,-0.0698106587,0.133287758,-0.282237738,-0.0736956894,0.0959003866,0.416825622,-0.345000863,-0.106994383,0.0296469405,0.162134841,0.0143541023,0.315042198,0.385846972,0.0438528955,0.879820287,0.129035264,-0.00963293388,0.0569242984,0.396928906,-0.348761201,0.00662238523,0.967323005,-0.17464909,-0.0353555121,0.0219627768
1.24690161,3214754.89,0,0,0.00630081492,5.9469603e-06,1,0.194398221,0.00490295887,1,0.690030575,0.00483577373,-0.0128937326,-0.723649204,-0.0190736894,0.00373039348,-0.0114934584,-2.24207754e-44,2.24207754e-44,2.24207754e-44,-0.254565179,0.0791614428,-0.101287112,0.439303637,-0.188665241,0.0335644819,-0.193085149,-0.0614673086,0.0865004435,0.536195397,-0.341540843,0.0300967302,0.0304955598,0.0180801433,-0.00341640599,0.331240088,0.245222569,-0.00459297746,0.947202921,0.121738836,0.023560496,0.0199410655,0.36909762,-0.307197511,0.0127921663,0.974952817,-0.169221207,-0.0347025953,0.0214232691,-0.0459471792,-0.0134720253,-0.0081212325,0.00161077431,0.0371919945,-0.00332604861,-0.0495257452,0.0020533572,0.0300841145,-0.00378143834,0.0388789326,-0.102476172,0.00746780448,0.000621122716,0.00330186798,0.0398051515,0.00249426626,0.00177265587,0.00649982179,0.0197943915,0.0663734749,0.000267841446,0.00248262426,5.32544727e-05,0.00278818794,0.000303970533,-0.0469860733,0.00493322732,0.00631160801,-0.190174073,0.0324864164,-0.0885224864,0.412351817,-0.0717339963,0.134326905,-0.284189492,-0.0723615289,0.0954651982,0.41716969,-0.349903822,-0.107146181,0.029897375,0.16389519,0.0141308196,0.316505522,0.384287149,0.0436370112,0.880310416,0.129424781,-0.00793771446,0.0567752793,0.39679572,-0.349690586,0.00647371635,0.967521131,-0.175679684,-0.035251461,0.0221674778,-0.190174073,0.0324864164,-0.0885224864,0.412351817,-0.0717339963,0.134326905,-0.284189492,-0.0723615289,0.0954651982,0.41716969,-0.349903822,-0.107146181,0.029897375,0.16389519,0.0141308196,0.316505522,0.384287149,0.0436370112,0.880310416,0.129424781,-0.00793771446,0.0567752793,0.39679572,-0.349690586,0.00647371635,0.967521131,-0.175679684,-0.035251461,0.0221674759,-0.190174073,0.0324864164,-0.0885224864,0.412351817,-0.0717339963,0.134326905,-0.284189492,-0.0723615289,0.0954651982,0.41716969,-0.349903822,-0.107146181,0.029897375,0.16389519,0.0141308196,0.316505522,0.384287149,0.0436370112,0.880310416,0.129424781,-0.00793771446,0.0567752793,0.39679572,-0.349690586,0.00647371635,0.967521131,-0.175679684,-0.035251461,0.0221674778
1.25691533,3214754.9,0,0,0.0163145326,1.01039186e-05,1,0.194398221,0,1,0.689989507,0.0047836476,-0.0128086535,-0.723690212,-0.0196499899,0.00394535251,-0.0112865027,-2.24207754e-44,2.24207754e-44,2.24207754e-44,-0.25502494,0.0790324807,-0.101373792,0.439318717,-0.188301057,0.0335266963,-0.193585217,-0.0614406355,0.0867929608,0.53616643,-0.341163248,0.0290251058,0.0305764712,0.0180879477,-0.0033891662,0.331602633,0.245245546,-0.00457460154,0.947262943,0.12194325,0.0242462251,0.0199445225,0.369122744,-0.307198763,0.0128193516,0.974957585,-0.169757262,-0.0346528254,0.0214882046,-0.0457464159,-0.0128969951,-0.0090218382,0.00152983982,0.0360908508,-0.00414872868,-0.049689617,0.00248380052,0.0286107771,-0.00283123017,0.037656419,-0.106927194,0.00804218091,0.000742973352,0.00265262555,0.034228038,0.00221687672,0.00186090125,0.00587917026,0.0199816916,0.0686904788,0.000372388284,0.00250061066,-0.000229198078,0.00267837662,0.000529764104,-0.0533206686,0.00496978685,0.00654399954,-0.190174073,0.0324864164,-0.0885224864,0.412351817,-0.0717339963,0.134326905,-0.284189492,-0.0723615289,0.0954651982,0.41716969,-0.349903822,-0.107146181,0.029897375,0.16389519,0.0141308196,0.316505522,0.384287149,0.0436370112,0.880310416,0.129424781,-0.00793771446,0.0567752793,0.39679572,-0.349690586,0.00647371635,0.967521131,-0.175679684,-0.035251461,0.0221674778,-0.190174073,0.0324864164,-0.0885224864,0.412351817,-0.0717339963,0.134326905,-0.284189492,-0.0723615289,0.0954651982,0.41716969,-0.349903822,-0.107146181,0.029897375,0.16389519,0.0141308196,0.316505522,0.384287149,0.0436370112,0.880310416,0.129424781,-0.00793771446,0.0567752793,0.39679572,-0.349690586,0.00647371635,0.967521131,-0.175679684,-0.035251461,0.0221674759,-0.190174073,0.0324864164,-0.0885224864,0.412351817,-0.0717339963,0.134326905,-0.284189492,-0.0723615289,0.0954651982,0.41716969,-0.349903822,-0.107146181,0.029897375,0.16389519,0.0141308196,0.316505522,0.384287149,0.0436370112,0.880310416,0.129424781,-0.00793771446,0.0567752793,0.39679572,-0.349690586,0.00647371635,0.967521131,-0.175679684,-0.035251461,0.0221674778
1.26790021,3214754.91,0,0,0.0072934418,5.70714474e-06,1,0.224748161,0.00529450178,1,0.689950705,0.00472875359,-0.012726129,-0.723729014,-0.0197155438,0.00325021707,-0.0109383063,-2.24207754e-44,2.24207754e-44,2.24207754e-44,-0.255474001,0.0789020956,-0.101467215,0.439336032,-0.187944457,0.0334783234,-0.194069698,-0.0614202954,0.0870736167,0.536134124,-0.340782434,0.0279832333,0.0306539647,0.0180941056,-0.00336039602,0.331921965,0.245267347,-0.00455564912,0.947322249,0.122121997,0.0249105319,0.0199486259,0.369147241,-0.307202101,0.0128456773,0.974963188,-0.170226395,-0.0346035808,0.0215535834,-0.0446858145,-0.0128278648,-0.00959422719,0.00186116458,0.0350738168,-0.00516967801,-0.0482684113,0.00219526724,0.0277941152,-0.00304118218,0.0376647636,-0.104642384,0.00798822474,0.000654105679,0.00266277115,0.0300905723,0.0020832303,0.00193083042,0.00577764492,0.0173074827,0.0662903935,0.000459262868,0.00243706815,-0.000434181595,0.0025903699,0.00064170314,-0.0467484258,0.00494252099,0.0066143116,-0.19053179,0.0343364626,-0.0898555294,0.411455452,-0.0743081123,0.135307282,-0.286082715,-0.0713785291,0.0951129347,0.417317092,-0.355198324,-0.107090466,0.0301557779,0.165300429,0.0142546296,0.317983031,0.382769883,0.0434176251,0.880784273,0.129803076,-0.00610676408,0.0566449761,0.396499276,-0.350594729,0.0063293688,0.967723787,-0.176680788,-0.0351289734,0.0223759934,-0.19053179,0.0343364589,-0.0898555294,0.411455452,-0.0743081123,0.135307282,-0.286082715,-0.0713785291,0.0951129347,0.417317092,-0.355198324,-0.107090458,0.0301557779,0.165300429,0.0142546296,0.317983031,0.382769883,0.0434176251,0.880784273,0.129803076,-0.00610676035,0.0566449799,0.396499276,-0.350594729,0.0063293688,0.967723787,-0.176680788,-0.0351289734,0.0223759934,-0.19053179,0.0343364626,-0.0898555294,0.411455452,-0.0743081123,0.135307282,-0.286082715,-0.0713785291,0.0951129347,0.417317092,-0.355198324,-0.107090466,0.0301557779,0.165300429,0.0142546296,0.317983031,0.382769883,0.0434176251,0.880784273,0.129803076,-0.00610676408,0.0566449761,0.396499276,-0.350594729,0.0063293688,0.967723787,-0.176680788,-0.0351289734,0.0223759934
1.27890303,3214754.92,0,0,0.0182962688,4.3627806e-06,1,0.224748161,0,1,0.689904094,0.00466259662,-0.0126240589,-0.723775685,-0.0198999103,0.00344008463,-0.0106337545,-2.24207754e-44,2.24207754e-44,2.24207754e-44,-0.25601247,0.0787535459,-0.101589791,0.439360946,-0.187536031,0.033411257,-0.19465284,-0.0613900945,0.0873969346,0.536104679,-0.340343833,0.0267075524,0.0307573415,0.0181028508,-0.00333577627,0.332234263,0.245289236,-0.00453196885,0.947387159,0.122338004,0.0257353242,0.0199549664,0.369176,-0.307209879,0.0128757246,0.974972785,-0.170862913,-0.0345435552,0.0216351543,-0.0445904545,-0.0124357548,-0.0105930474,0.00227925926,0.0336164311,-0.00603892887,-0.0480286963,0.00217019394,0.026317982,-0.00260328921,0.0365753137,-0.104112908,0.00848966744,0.000633953663,0.00203258195,0.0237221867,0.00172030181,0.00198963797,0.00538040558,0.0172884241,0.0684632361,0.00055403338,0.00232746382,-0.000767712248,0.00245620986,0.000839053013,-0.0510969311,0.00498861214,0.00683357287,-0.19053179,0.0343364626,-0.0898555294,0.411455452,-0.0743081123,0.135307282,-0.286082715,-0.0713785291,0.0951129347,0.417317092,-0.355198324,-0.107090466,0.0301557779,0.165300429,0.0142546296,0.317983031,0.382769883,0.0434176251,0.880784273,0.129803076,-0.00610676408,0.0566449761,0.396499276,-0.350594729,0.0063293688,0.967723787,-0.176680788,-0.0351289734,0.0223759934,-0.19053179,0.0343364589,-0.0898555294,0.411455452,-0.0743081123,0.135307282,-0.286082715,-0.0713785291,0.0951129347,0.417317092,-0.355198324,-0.107090458,0.0301557779,0.165300429,0.0142546296,0.317983031,0.382769883,0.0434176251,0.880784273,0.129803076,-0.00610676035,0.0566449799,0.396499276,-0.350594729,0.0063293688,0.967723787,-0.176680788,-0.0351289734,0.0223759934,-0.19053179,0.0343364626,-0.0898555294,0.411455452,-0.0743081123,0.135307282,-0.286082715,-0.0713785291,0.0951129347,0.417317092,-0.355198324,-0.107090466,0.0301557779,0.165300429,0.0142546296,0.317983031,0.382769883,0.0434176251,0.880784273,0.129803076,-0.00610676408,0.0566449761,0.396499276,-0.350594729,0.0063293688,0.967723787,-0.176680788,-0.0351289734,0.0223759934
1.28990138,3214754.94,0,0,0.00932969991,5.67501411e-06,1,0.193130691,0.00514358282,1,0.689866543,0.00460735569,-0.0125397388,-0.723813295,-0.0200138856,0.00409624167,-0.0106421737,-2.24207754e-44,2.24207754e-44,2.24207754e-44,-0.256458104,0.078630805,-0.101699844,0.43938753,-0.187207341,0.0333466902,-0.195131138,-0.0613686144,0.0876555666,0.536079526,-0.339982003,0.0256804135,0.0308432914,0.018108923,-0.00331830024,0.332443953,0.245304838,-0.00451179547,0.947439015,0.122505613,0.026423607,0.0199610889,0.369198322,-0.307219088,0.0128996531,0.974982023,-0.171366066,-0.0344933644,0.0217045154,-0.0451686829,-0.011973788,-0.0114015779,0.00295804744,0.0321215019,-0.00653998367,-0.0485284925,0.00242263102,0.0254721288,-0.00202680519,0.0352788046,-0.103551172,0.00901619997,0.000672853261,0.00117067143,0.018467553,0.00136216753,0.00203195936,0.00482994691,0.0176555347,0.071459651,0.000662393752,0.00217277417,-0.00106646901,0.00233462709,0.00102861295,-0.0552130528,0.00509798247,0.00709548779,-0.191124201,0.0359765515,-0.0910715535,0.410728067,-0.0770619884,0.136194587,-0.287842304,-0.0707434118,0.0948666483,0.417309105,-0.360341907,-0.106925897,0.0303967595,0.166270941,0.0146709457,0.319449484,0.381435484,0.04322901,0.881259024,0.130154923,-0.00420635194,0.0565585718,0.396037161,-0.351432621,0.00619151443,0.967914641,-0.177597851,-0.0349859148,0.0225884765,-0.191124201,0.0359765477,-0.0910715535,0.410728067,-0.0770619884,0.136194587,-0.287842304,-0.0707434118,0.0948666483,0.417309105,-0.360341907,-0.106925897,0.0303967595,0.166270941,0.0146709457,0.319449484,0.381435484,0.04322901,0.881259024,0.130154923,-0.00420635473,0.0565585718,0.396037161,-0.351432621,0.00619151443,0.967914641,-0.177597851,-0.0349859148,0.0225884765,-0.191124201,0.0359765515,-0.0910715535,0.410728067,-0.0770619884,0.136194587,-0.287842304,-0.0707434118,0.0948666483,0.417309105,-0.360341907,-0.106925897,0.0303967595,0.166270941,0.0146709457,0.319449484,0.381435484,0.04322901,0.881259024,0.130154923,-0.00420635194,0.0565585718,0.396037161,-0.351432621,0.00619151443,0.967914641,-0.177597851,-0.0349859148,0.0225884765
1.29992039,3214754.95,0,0,0.019348715,4.96208668e-06,1,0.193130691,0,1,0.689829886,0.00455468614,-0.0124534713,-0.723850012,-0.0196355432,0.00395101774,-0.0101342993,-2.24207754e-44,2.24207754e-44,2.24207754e-44,-0.256910056,0.0785106346,-0.101818301,0.439420909,-0.186891094,0.0332767442,-0.195612803,-0.0613484718,0.0879037976,0.536057591,-0.339628935,0.0246812161,0.0309303477,0.018114429,-0.00330723752,0.332602113,0.245317072,-0.00449134596,0.947486639,0.122676544,0.0271418914,0.0199681371,0.369218647,-0.307231247,0.0129224053,0.974992573,-0.171893895,-0.0344424061,0.0217760168,-0.0449156836,-0.0120558366,-0.0120370276,0.00357855717,0.0314151905,-0.00739558088,-0.0475781523,0.00173309713,0.0245510377,-0.00248019351,0.0356297828,-0.0969745144,0.00836530048,0.000448104605,0.00124163658,0.0144887548,0.00118406955,0.00206046132,0.00482398877,0.0160751026,0.0707958341,0.000735633832,0.00193699647,-0.00128386775,0.00224572443,0.0010466153,-0.0483518727,0.005067572,0.00714291399,-0.191124201,0.0359765515,-0.0910715535,0.410728067,-0.0770619884,0.136194587,-0.287842304,-0.0707434118,0.0948666483,0.417309105,-0.360341907,-0.106925897,0.0303967595,0.166270941,0.0146709457,0.319449484,0.381435484,0.04322901,0.881259024,0.130154923,-0.00420635194,0.0565585718,0.396037161,-0.351432621,0.00619151443,0.967914641,-0.177597851,-0.0349859148,0.0225884765,-0.191124201,0.0359765477,-0.0910715535,0.410728067,-0.0770619884,0.136194587,-0.287842304,-0.0707434118,0.0948666483,0.417309105,-0.360341907,-0.106925897,0.0303967595,0.166270941,0.0146709457,0.319449484,0.381435484,0.04322901,0.881259024,0.130154923,-0.00420635473,0.0565585718,0.396037161,-0.351432621,0.00619151443,0.967914641,-0.177597851,-0.0349859148,0.0225884765,-0.191124201,0.0359765515,-0.0910715535,0.410728067,-0.0770619884,0.136194587,-0.287842304,-0.0707434118,0.0948666483,0.417309105,-0.360341907,-0.106925897,0.0303967595,0.166270941,0.0146709457,0.319449484,0.381435484,0.04322901,0.881259024,0.130154923,-0.00420635194,0.0565585718,0.396037161,-0.351432621,0.00619151443,0.967914641,-0.177597851,-0.0349859148,0.0225884765
1.31089937,3214754.96,0,0,0.01036205,4.79258597e-06,1,0.159661286,0.00459298491,1,0.689788103,0.00449124957,-0.0123537797,-0.723891973,-0.0193322413,0.00418835785,-0.0094682714,-2.24207754e-44,2.24207754e-44,2.24207754e-44,-0.257445127,0.0783656389,-0.101968728,0.439471275,-0.186520994,0.0331821665,-0.196173072,-0.0613314249,0.0881924406,0.536024511,-0.339200258,0.0235648789,0.0310219247,0.0181185212,-0.00329202646,0.332753748,0.245330274,-0.00446610851,0.947544038,0.122851484,0.0279650018,0.0199778769,0.369240016,-0.307248145,0.0129486267,0.975005448,-0.172408313,-0.0343816839,0.0218622256,-0.0453362502,-0.0120704928,-0.0133300694,0.00495334109,0.0300523173,-0.00787146203,-0.0470065325,0.00135120715,0.0233300738,-0.00247504236,0.0349329039,-0.0917125195,0.0071943705,0.000361046317,0.0007756665,0.0105577009,0.000928683381,0.00212215655,0.00443625823,0.0149493404,0.0699339285,0.000883094093,0.00165845151,-0.00155739021,0.00211737282,0.00117141067,-0.0458432622,0.00514045916,0.00734916516,-0.191863239,0.0373190716,-0.092092678,0.410223335,-0.0795818195,0.136966616,-0.289422393,-0.0703823417,0.0947208703,0.417187095,-0.364934891,-0.106742822,0.0305961482,0.166807741,0.0152159072,0.320808917,0.380371749,0.043079976,0.881729901,0.130484879,-0.00232226402,0.0565188229,0.395461321,-0.352166176,0.00606436282,0.968100369,-0.178401619,-0.0348314978,0.022817716,-0.191863239,0.0373190679,-0.092092678,0.410223335,-0.0795818195,0.136966616,-0.289422393,-0.0703823417,0.0947208703,0.417187095,-0.364934891,-0.106742829,0.0305961482,0.166807741,0.0152159072,0.320808917,0.380371749,0.043079976,0.881729901,0.130484879,-0.00232226169,0.0565188192,0.395461321,-0.352166176,0.00606436282,0.968100369,-0.178401619,-0.0348314978,0.022817716,-0.191863239,0.0373190716,-0.092092678,0.410223335,-0.0795818195,0.136966616,-0.289422393,-0.0703823417,0.0947208703,0.417187095,-0.364934891,-0.106742822,0.0305961482,0.166807741,0.0152159072,0.320808917,0.380371749,0.043079976,0.881729901,0.130484879,-0.00232226402,0.0565188229,0.395461321,-0.352166176,0.00606436282,0.968100369,-0.178401619,-0.0348314978,0.022817716
1.320915,3214754.97,0,0,0.000291571021,9.6349977e-06,1,0.214289408,0.00403186679,1,0.689755559,0.00444104057,-0.0122695155,-0.723924696,-0.0190284457,0.00404423056,-0.00905596465,-2.24207754e-44,2.24207754e-44,2.24207754e-44,-0.25790149,0.0782457218,-0.102107503,0.439531028,-0.186227337,0.0331008993,-0.19663927,-0.0613193959,0.0884206593,0.535998464,-0.338851124,0.0226855259,0.0310877804,0.0181215797,-0.00328454492,0.332840741,0.245338753,-0.00444461731,0.94758755,0.122994363,0.0286576934,0.0199874472,0.369255155,-0.307264864,0.0129692834,0.975017488,-0.172844976,-0.0343301892,0.0219362974,-0.0455109552,-0.0119191399,-0.014063824,0.00662528258,0.028990237,-0.00837951619,-0.046038799,0.00108057854,0.0226279441,-0.00283040968,0.0351521671,-0.0849227384,0.00615277141,0.000243549846,0.000900106912,0.0078533031,0.000835696817,0.00217286753,0.00439215451,0.0133785848,0.0676560551,0.00100234663,0.00142574869,-0.00172455132,0.00203951378,0.00120374653,-0.0399370231,0.00512868538,0.00739995437,-0.191863239,0.0373190716,-0.092092678,0.410223335,-0.0795818195,0.136966616,-0.289422393,-0.0703823417,0.0947208703,0.417187095,-0.364934891,-0.106742822,0.0305961482,0.166807741,0.0152159072,0.320808917,0.380371749,0.043079976,0.881729901,0.130484879,-0.00232226402,0.0565188229,0.395461321,-0.352166176,0.00606436282,0.968100369,-0.178401619,-0.0348314978,0.022817716,-0.19269979,0.0383521467,-0.0929022878,0.409918249,-0.081813477,0.137602493,-0.290866673,-0.0701955408,0.0946681499,0.416927755,-0.368966758,-0.106571987,0.0307583027,0.166999146,0.0157526731,0.321983159,0.379580826,0.042985931,0.882185102,0.13079831,-0.0005009952,0.0565279908,0.394835204,-0.352776498,0.00593681261,0.968293011,-0.179089159,-0.0346761756,0.0230944939,-0.19269979,0.0383521467,-0.0929022878,0.409918249,-0.081813477,0.137602478,-0.290866673,-0.0701955408,0.0946681499,0.416927755,-0.368966758,-0.106571995,0.0307583027,0.166999146,0.0157526731,0.321983159,0.379580826,0.042985931,0.882185102,0.13079831,-0.00050099194,0.0565279871,0.394835204,-0.352776498,0.00593681261,0.968293011,-0.179089159,-0.0346761756,0.0230944939
1.33190957,3214754.98,0,0,0.0112861451,9.35606658e-06,1,0.214289408,0,1,0.689724684,0.0043912502,-0.0121864108,-0.72395581,-0.0190477185,0.00478488114,-0.00828367937,-2.24207754e-44,2.24207754e-44,2.24207754e-44,-0.258364379,0.0781275555,-0.10225483,0.439616621,-0.185948864,0.0330179594,-0.197096288,-0.0613095202,0.0886407793,0.535969734,-0.33850202,0.0218771938,0.0311416462,0.0181240533,-0.00327706127,0.332905918,0.245346397,-0.00442243973,0.947629631,0.123126633,0.0293201786,0.0199984387,0.36926806,-0.307283282,0.012989047,0.975030124,-0.173223779,-0.0342785828,0.0220114943,-0.047887858,-0.0117607061,-0.0156193068,0.0105962865,0.0266387183,-0.00788642,-0.046208974,0.00100475259,0.0212459564,-0.00260856724,0.0342330746,-0.0784936175,0.0048108059,0.00032789589,0.000270163378,0.00508439774,0.000657602039,0.00223867362,0.0038486796,0.0138979889,0.067393139,0.0011932248,0.00117754005,-0.00196152204,0.00191316078,0.00135406922,-0.0408786461,0.00524100894,0.00772185158,-0.19269979,0.0383521467,-0.0929022878,0.409918249,-0.081813477,0.137602478,-0.290866673,-0.0701955408,0.0946681499,0.416927755,-0.368966758,-0.106571995,0.0307583027,0.166999146,0.0157526731,0.321983159,0.379580826,0.042985931,0.882185102,0.13079831,-0.00050099194,0.0565279871,0.394835204,-0.352776498,0.00593681261,0.968293011,-0.179089159,-0.0346761756,0.0230944939,-0.19269979,0.0383521467,-0.0929022878,0.409918249,-0.081813477,0.137602493,-0.290866673,-0.0701955408,0.0946681499,0.416927755,-0.368966758,-0.106571987,0.0307583027,0.166999146,0.0157526731,0.321983159,0.379580826,0.042985931,0.882185102,0.13079831,-0.0005009952,0.0565279908,0.394835204,-0.352776498,0.00593681261,0.968293011,-0.179089159,-0.0346761756,0.0230944939,-0.19269979,0.0383521467,-0.0929022878,0.409918249,-0.081813477,0.137602478,-0.290866673,-0.0701955408,0.0946681499,0.416927755,-0.368966758,-0.106571995,0.0307583027,0.166999146,0.0157526731,0.321983159,0.379580826,0.042985931,0.882185102,0.13079831,-0.00050099194,0.0565279871,0.394835204,-0.352776498,0.00593681261,0.968293011,-0.179089159,-0.0346761756,0.0230944939
1.34289842,3214754.99,0,0,0.00231754687,4.42797318e-06,1,0.19934494,0.00292757154,1,0.689689755,0.0043348996,-0.0120836888,-0.723991215,-0.0187225305,0.00461287517,-0.00842561014,-2.24207754e-44,2.24207754e-44,2.24207754e-44,-0.258949101,0.0779900849,-0.102446891,0.439771503,-0.185644776,0.0329225473,-0.197647005,-0.0612980276,0.0888906345,0.535937607,-0.338091314,0.0210027862,0.0311927777,0.0181272458,-0.00327397254,0.332950801,0.245353609,-0.00439522043,0.947673976,0.123287246,0.0301090833,0.0200139843,0.369280368,-0.307308197,0.0130112479,0.975047052,-0.173684567,-0.0342154466,0.0221053604,-0.0485488288,-0.011192793,-0.0159254074,0.0140417228,0.024681909,-0.00819800049,-0.0451790839,0.000894173805,0.0207788534,-0.00287526567,0.0344948359,-0.0687328503,0.00401370786,0.000172210508,0.000504920434,0.00316443713,0.000590171723,0.0022885967,0.00374793122,0.0125482539,0.0632540435,0.00133765279,0.000943450781,-0.00212654914,0.00181821268,0.00142964185,-0.0339761823,0.00524338894,0.00781762507,-0.193543494,0.0390372351,-0.0934878066,0.409900904,-0.083261542,0.138097882,-0.292117059,-0.0701767653,0.0947110951,0.41669926,-0.37189433,-0.106494598,0.0308470502,0.166944563,0.0161972456,0.322895765,0.379112959,0.0429474972,0.882594466,0.131054476,0.00115399808,0.0565654188,0.394198447,-0.353261918,0.00579190627,0.968463898,-0.179652974,-0.0345348604,0.0234097876,-0.193543494,0.0390372351,-0.0934878066,0.409900904,-0.083261542,0.138097882,-0.292117059,-0.0701767579,0.0947110951,0.41669926,-0.37189433,-0.106494606,0.0308470502,0.166944563,0.0161972456,0.322895765,0.379112959,0.0429474972,0.882594466,0.131054476,0.00115399575,0.0565654151,0.394198447,-0.353261918,0.00579190627,0.968463898,-0.179652974,-0.0345348604,0.0234097876,-0.193543494,0.0390372351,-0.0934878066,0.409900904,-0.083261542,0.138097882,-0.292117059,-0.0701767653,0.0947110951,0.41669926,-0.37189433,-0.106494598,0.0308470502,0.166944563,0.0161972456,0.322895765,0.379112959,0.0429474972,0.882594466,0.131054476,0.00115399808,0.0565654188,0.394198447,-0.353261918,0.00579190627,0.968463898,-0.179652974,-0.0345348604,0.0234097876
1.3529,3214755,0,0,0.0123191252,5.81005588e-06,1,0.19934494,0,1,0.689658821,0.00428943569,-0.011998808,-0.724022329,-0.0185652599,0.005484764,-0.0089592943,-2.24207754e-44,2.24207754e-44,2.24207754e-44,-0.259446323,0.077881664,-0.102607071,0.439936966,-0.185413256,0.0328444913,-0.198100924,-0.0612886958,0.0890965313,0.535911024,-0.337750673,0.0203610547,0.0312299915,0.018128762,-0.00327287498,0.332977712,0.245358557,-0.0043721348,0.947707236,0.123414136,0.0307273287,0.0200283993,0.369288146,-0.307330847,0.0130284438,0.975062311,-0.174023226,-0.0341623202,0.0221861284,-0.0508415475,-0.0105891228,-0.0161086507,0.0184740126,0.0220043398,-0.00745438039,-0.045794446,0.000985295861,0.0204471219,-0.00243728701,0.0336992964,-0.0610569566,0.00352438982,0.000151174041,-0.000254921702,0.00240104483,0.000423284102,0.00231562112,0.00296602584,0.0128382696,0.0613122694,0.00152119272,0.000648724148,-0.0023723687,0.00164612255,0.00158786925,-0.0352796502,0.00536901411,0.00828493387,-0.193543494,0.0390372351,-0.0934878066,0.409900904,-0.083261542,0.138097882,-0.292117059,-0.0701767653,0.0947110951,0.41669926,-0.37189433,-0.106494598,0.0308470502,0.166944563,0.0161972456,0.322895765,0.379112959,0.0429474972,0.882594466,0.131054476,0.00115399808,0.0565654188,0.394198447,-0.353261918,0.00579190627,0.968463898,-0.179652974,-0.0345348604,0.0234097876,-0.193543494,0.0390372351,-0.0934878066,0.409900904,-0.083261542,0.138097882,-0.292117059,-0.0701767579,0.0947110951,0.41669926,-0.37189433,-0.106494606,0.0308470502,0.166944563,0.0161972456,0.322895765,0.379112959,0.0429474972,0.882594466,0.131054476,0.00115399575,0.0565654151,0.394198447,-0.353261918,0.00579190627,0.968463898,-0.179652974,-0.0345348604,0.0234097876,-0.193543494,0.0390372351,-0.0934878066,0.409900904,-0.083261542,0.138097882,-0.292117059,-0.0701767653,0.0947110951,0.41669926,-0.37189433,-0.106494598,0.0308470502,0.166944563,0.0161972456,0.322895765,0.379112959,0.0429474972,0.882594466,0.131054476,0.00115399808,0.0565654188,0.394198447,-0.353261918,0.00579190627,0.968463898,-0.179652974,-0.0345348604,0.0234097876
1.36296065,3214755.01,0,0,0.00223652972,5.93392178e-06,1,0.339583959,0.00207075477,1,0.689625144,0.00424552849,-0.0119147319,-0.724056065,-0.0180473793,0.00464219134,-0.00986371376,-2.24207754e-44,2.24207754e-44,2.24207754e-44,-0.25995028,0.077779986,-0.102763981,0.440133631,-0.185202032,0.0327682979,-0.19855085,-0.0612791069,0.089302443,0.535885632,-0.337413013,0.019795673,0.0312640704,0.0181291755,-0.0032730836,0.333000481,0.245362356,-0.00434894906,0.9477368,0.123535573,0.0313127264,0.0200438872,0.369293541,-0.307355195,0.013044361,0.975078642,-0.174337298,-0.0341086797,0.0222695302,-0.0495868996,-0.00989195053,-0.0153161669,0.0200467315,0.0207164027,-0.0078424681,-0.0441155992,0.00091882376,0.0207365751,-0.00269107264,0.0338882357,-0.0537751801,0.00336574437,-4.8395912e-05,0.000275480503,0.00226570969,0.000355453056,0.00232173735,0.00305467728,0.0117383301,0.0562633425,0.00154294434,0.000492845429,-0.00245654001,0.00156594894,0.00165849505,-0.0277973711,0.00534594525,0.00832745805,-0.19448033,0.0394158885,-0.0938876048,0.41007328,-0.0841225758,0.138469845,-0.293144673,-0.0702651292,0.0948028862,0.416466027,-0.373965085,-0.106541596,0.030872846,0.166737288,0.0164627358,0.323548675,0.378928244,0.0429595746,0.882970333,0.13126561,0.00258808583,0.0566377044,0.393647015,-0.353624701,0.00563120469,0.968617201,-0.180109575,-0.0343941674,0.0237684809,-0.19448033,0.0394158885,-0.0938876048,0.41007328,-0.0841225758,0.138469845,-0.293144673,-0.0702651292,0.0948028862,0.416466027,-0.373965085,-0.106541596,0.030872846,0.166737288,0.0164627358,0.323548675,0.378928244,0.0429595746,0.882970333,0.13126561,0.00258808536,0.0566377006,0.393647015,-0.353624701,0.00563120469,0.968617201,-0.180109575,-0.0343941674,0.023768479,-0.19448033,0.0394158885,-0.0938876048,0.41007328,-0.0841225758,0.138469845,-0.293144673,-0.0702651292,0.0948028862,0.416466027,-0.373965085,-0.106541596,0.030872846,0.166737288,0.0164627358,0.323548675,0.378928244,0.0429595746,0.882970333,0.13126561,0.00258808583,0.0566377044,0.393647015,-0.353624701,0.00563120469,0.968617201,-0.180109575,-0.0343941674,0.0237684809
1.37390567,3214755.02,0,0,0.01318155,8.24499875e-06,1,0.339583959,0,1,0.689589083,0.00420232443,-0.0118326824,-0.724092007,-0.0178320706,0.00534095615,-0.0103101777,-2.24207754e-44,2.24207754e-44,2.24207754e-44,-0.260454923,0.0776842609,-0.102917075,0.440356135,-0.185007587,0.0326946639,-0.198992357,-0.0612696186,0.0895078853,0.535860777,-0.337077945,0.0192948878,0.0312951244,0.0181285925,-0.0032741446,0.333021313,0.245365083,-0.00432584481,0.947763979,0.123652026,0.0318607576,0.0200599022,0.369297147,-0.307380795,0.013058926,0.975096166,-0.174619168,-0.0340544768,0.0223559346,-0.0514309295,-0.00935943797,-0.0153811965,0.0239876993,0.0185038317,-0.0069591552,-0.0444358215,0.000983788166,0.0203612819,-0.00228831568,0.0332014561,-0.0475070551,0.00290692854,-5.23003473e-05,-0.000454567547,0.00192987768,0.000218680929,0.00230085501,0.00242726062,0.0115635758,0.0542285703,0.00165472436,0.000258278451,-0.00263597467,0.00137642713,0.00181497436,-0.0291603431,0.00547936186,0.00888807047,-0.19448033,0.0394158885,-0.0938876048,0.41007328,-0.0841225758,0.138469845,-0.293144673,-0.0702651292,0.0948028862,0.416466027,-0.373965085,-0.106541596,0.030872846,0.166737288,0.0164627358,0.323548675,0.378928244,0.0429595746,0.882970333,0.13126561,0.00258808583,0.0566377044,0.393647015,-0.353624701,0.00563120469,0.968617201,-0.180109575,-0.0343941674,0.0237684809,-0.19448033,0.0394158885,-0.0938876048,0.41007328,-0.0841225758,0.138469845,-0.293144673,-0.0702651292,0.0948028862,0.416466027,-0.373965085,-0.106541596,0.030872846,0.166737288,0.0164627358,0.323548675,0.378928244,0.0429595746,0.882970333,0.13126561,0.00258808536,0.0566377006,0.393647015,-0.353624701,0.00563120469,0.968617201,-0.180109575,-0.0343941674,0.023768479,-0.19448033,0.0394158885,-0.0938876048,0.41007328,-0.0841225758,0.138469845,-0.293144673,-0.0702651292,0.0948028862,0.416466027,-0.373965085,-0.106541596,0.030872846,0.166737288,0.0164627358,0.323548675,0.378928244,0.0429595746,0.882970333,0.13126561,0.00258808583,0.0566377044,0.393647015,-0.353624701,0.00563120469,0.968617201,-0.180109575,-0.0343941674,0.0237684809
1.38489933,3214755.03,0,0,0.00429017097,5.6126155e-06,1,0.228483696,0.00152844191,1,0.689558744,0.00416885037,-0.0117676966,-0.724122167,-0.0174179468,0.00467208074,-0.0108901355,-2.24207754e-44,2.24207754e-44,2.24207754e-44,-0.260861874,0.0776119009,-0.103037618,0.440553159,-0.184864178,0.0326383971,-0.199341953,-0.0612619519,0.0896710083,0.535841942,-0.336812824,0.0189383496,0.0313176215,0.0181275345,-0.00327645359,0.333036512,0.245366529,-0.00430746935,0.947783411,0.12374305,0.0322793387,0.020073168,0.369298637,-0.307402164,0.0130695421,0.975111008,-0.174832389,-0.0340106152,0.0224276651,-0.0501825884,-0.00885420758,-0.0148151265,0.0247143228,0.0176846813,-0.00716013415,-0.043038398,0.000930982758,0.0204432961,-0.00243651425,0.0331379808,-0.0429640636,0.00278013712,-0.000192009611,-9.72169291e-05,0.00191118196,0.000159003015,0.00229467847,0.00249129883,0.0112720951,0.0509689786,0.00164729834,0.00015201421,-0.00267829048,0.00130499061,0.00187961548,-0.0247743446,0.00547378184,0.00897516124,-0.19548066,0.0395297706,-0.09414161,0.410382241,-0.0846188441,0.138727486,-0.293996155,-0.0703866333,0.0949505568,0.416220814,-0.375493526,-0.106698297,0.0308902264,0.166478544,0.0165660679,0.323978662,0.378948152,0.0430013686,0.883321166,0.131435186,0.00374481827,0.0567324534,0.39321506,-0.353872448,0.00546505675,0.968753994,-0.18050772,-0.0342409797,0.024158895,-0.19548066,0.0395297706,-0.09414161,0.410382241,-0.0846188441,0.138727501,-0.293996155,-0.0703866258,0.0949505568,0.416220814,-0.375493526,-0.106698304,0.0308902264,0.166478544,0.0165660679,0.323978662,0.378948152,0.0430013686,0.883321166,0.131435186,0.00374481874,0.0567324534,0.39321506,-0.353872448,0.00546505675,0.968753994,-0.18050772,-0.0342409797,0.024158895,-0.19548066,0.0395297706,-0.09414161,0.410382241,-0.0846188441,0.138727486,-0.293996155,-0.0703866333,0.0949505568,0.416220814,-0.375493526,-0.106698297,0.0308902264,0.166478544,0.0165660679,0.323978662,0.378948152,0.0430013686,0.883321166,0.131435186,0.00374481827,0.0567324534,0.39321506,-0.353872448,0.00546505675,0.968753994,-0.18050772,-0.0342409797,0.024158895
1.39590114,3214755.04,0,0,0.0152919791,5.26476651e-06,1,0.228483696,0,1,0.689502656,0.0041086087,-0.0116610834,-0.724177599,-0.016855007,0.00445065973,-0.0112635335,-2.24207754e-44,2.24207754e-44,2.24207754e-44,-0.261550009,0.0774932504,-0.103240214,0.440909177,-0.184626356,0.0325392634,-0.199926719,-0.0612496398,0.0899557322,0.535807014,-0.336353004,0.0183838271,0.0313540101,0.018123528,-0.00327682658,0.333062798,0.2453679,-0.00427563675,0.94781822,0.123898663,0.0329491571,0.0200960934,0.36929962,-0.3074404,0.0130863283,0.975138426,-0.175158605,-0.0339334644,0.0225750785,-0.0498231351,-0.0082653407,-0.0145734986,0.0270109326,0.0161985308,-0.00659872685,-0.0417312048,0.000881319284,0.0200061109,-0.00232232083,0.0323941521,-0.0371058695,0.00235027494,-0.000294769561,-0.00042785026,0.00172699336,5.13280756e-05,0.00225295778,0.00224596518,0.0110758226,0.0463554934,0.00168107147,-2.74277118e-05,-0.00281040696,0.00107617723,0.00203928794,-0.0234381724,0.0056001707,0.0128122997,-0.19548066,0.0395297706,-0.09414161,0.410382241,-0.0846188441,0.138727486,-0.293996155,-0.0703866333,0.0949505568,0.416220814,-0.375493526,-0.106698297,0.0308902264,0.166478544,0.0165660679,0.323978662,0.378948152,0.0430013686,0.883321166,0.131435186,0.00374481827,0.0567324534,0.39321506,-0.353872448,0.00546505675,0.968753994,-0.18050772,-0.0342409797,0.024158895,-0.19548066,0.0395297706,-0.09414161,0.410382241,-0.0846188441,0.138727501,-0.293996155,-0.0703866258,0.0949505568,0.416220814,-0.375493526,-0.106698304,0.0308902264,0.166478544,0.0165660679,0.323978662,0.378948152,0.0430013686,0.883321166,0.131435186,0.00374481874,0.0567324534,0.39321506,-0.353872448,0.00546505675,0.968753994,-0.18050772,-0.0342409797,0.024158895,-0.19548066,0.0395297706,-0.09414161,0.410382241,-0.0846188441,0.138727486,-0.293996155,-0.0703866333,0.0949505568,0.416220814,-0.375493526,-0.106698297,0.0308902264,0.166478544,0.0165660679,0.323978662,0.378948152,0.0430013686,0.883321166,0.131435186,0.00374481827,0.0567324534,0.39321506,-0.353872448,0.00546505675,0.968753994,-0.18050772,-0.0342409797,0.024158895
1.40689912,3214755.05,0,0,0.00630081119,5.50737604e-06,1,0.216715038,0.00123769045,1,0.689453363,0.00405814778,-0.0115730288,-0.724226236,-0.0162789635,0.00381368748,-0.0115478523,-2.24207754e-44,2.24207754e-44,2.24207754e-44,-0.262132376,0.0773978829,-0.103411034,0.441233188,-0.184436902,0.0324593484,-0.200412437,-0.0612398833,0.0901945606,0.535777748,-0.335967541,0.0179691315,0.0313810147,0.0181188472,-0.00327949598,0.333083332,0.245368123,-0.00424875086,0.947845876,0.124030188,0.0334723927,0.0201161448,0.369298458,-0.307474196,0.0130985212,0.975163579,-0.175420448,-0.0338661522,0.0227267351,-0.0482567139,-0.00777472556,-0.0141615355,0.0274869315,0.0153681161,-0.00644902745,-0.0399763733,0.000790636695,0.0197155122,-0.00240943138,0.0317990892,-0.0330567658,0.00214061909,-0.000421631994,-0.000328156486,0.00165752321,-3.28824103e-06,0.00222587795,0.00226687524,0.0109102316,0.0418391041,0.00167857367,-0.000151953427,-0.00284255762,0.000935026328,0.00214030105,-0.0217964109,0.00565076061,0.013671265,-0.196480751,0.0394459516,-0.0942877978,0.410801232,-0.084951736,0.138897777,-0.294773728,-0.0704797953,0.0951360315,0.415957183,-0.376731217,-0.106943928,0.0309338942,0.166222662,0.0165744536,0.324261189,0.37909925,0.0430582948,0.883672416,0.131582662,0.00465461612,0.0568288565,0.392852902,-0.35400039,0.00530203059,0.968865037,-0.180873036,-0.034093827,0.0245664157,-0.196480751,0.0394459516,-0.0942877978,0.410801232,-0.084951736,0.138897777,-0.294773728,-0.0704797953,0.0951360315,0.415957183,-0.376731217,-0.106943928,0.0309338942,0.166222662,0.0165744536,0.324261189,0.37909925,0.0430582948,0.883672416,0.131582662,0.00465461286,0.0568288602,0.392852902,-0.35400039,0.00530203059,0.968865037,-0.180873036,-0.034093827,0.0245664157,-0.196480751,0.0394459516,-0.0942877978,0.410801232,-0.084951736,0.138897777,-0.294773728,-0.0704797953,0.0951360315,0.415957183,-0.376731217,-0.106943928,0.0309338942,0.166222662,0.0165744536,0.324261189,0.37909925,0.0430582948,0.883672416,0.131582662,0.00465461612,0.0568288565,0.392852902,-0.35400039,0.00530203059,0.968865037,-0.180873036,-0.034093827,0.0245664157
1.41691708,3214755.06,0,0,0.0163187692,1.09761022e-05,1,0.216715038,0,1,0.689412713,0.00401897961,-0.0114990948,-0.72426635,-0.0160212442,0.00439226814,-0.0114035169,-2.24207754e-44,2.24207754e-44,2.24207754e-44,-0.262626082,0.0773215815,-0.103555106,0.441524416,-0.184290782,0.0324007832,-0.200815216,-0.0612318255,0.0903872475,0.535755813,-0.335654199,0.0176586527,0.03140058,0.0181148015,-0.00328729488,0.333098292,0.245368034,-0.00422661658,0.947866619,0.1241391,0.0338726901,0.0201334748,0.369295985,-0.307503223,0.0131065249,0.975185513,-0.175639778,-0.0338087752,0.0229022857,-0.0492129996,-0.00748939533,-0.0143626109,0.0294138305,0.0143152364,-0.00575387757,-0.0399667285,0.00078460027,0.0191078316,-0.00219082227,0.0311346203,-0.0297408458,0.00190225814,-0.00043354457,-0.000790054561,0.00145034678,-1.19496881e-05,0.00220938609,0.00206177379,0.0108448481,0.0385260917,0.00174570724,-0.00029712604,-0.00290854857,0.00075380574,0.00221750722,-0.0212959554,0.00575626036,0.0184532516,-0.196480751,0.0394459516,-0.0942877978,0.410801232,-0.084951736,0.138897777,-0.294773728,-0.0704797953,0.0951360315,0.415957183,-0.376731217,-0.106943928,0.0309338942,0.166222662,0.0165744536,0.324261189,0.37909925,0.0430582948,0.883672416,0.131582662,0.00465461612,0.0568288565,0.392852902,-0.35400039,0.00530203059,0.968865037,-0.180873036,-0.034093827,0.0245664157,-0.196480751,0.0394459516,-0.0942877978,0.410801232,-0.084951736,0.138897777,-0.294773728,-0.0704797953,0.0951360315,0.415957183,-0.376731217,-0.106943928,0.0309338942,0.166222662,0.0165744536,0.324261189,0.37909925,0.0430582948,0.883672416,0.131582662,0.00465461286,0.0568288602,0.392852902,-0.35400039,0.00530203059,0.968865037,-0.180873036,-0.034093827,0.0245664157,-0.196480751,0.0394459516,-0.0942877978,0.410801232,-0.084951736,0.138897777,-0.294773728,-0.0704797953,0.0951360315,0.415957183,-0.376731217,-0.106943928,0.0309338942,0.166222662,0.0165744536,0.324261189,0.37909925,0.0430582948,0.883672416,0.131582662,0.00465461612,0.0568288565,0.392852902,-0.35400039,0.00530203059,0.968865037,-0.180873036,-0.034093827,0.0245664157
1.42693526,3214755.07,0,0,0.00585411862,6.2417239e-06,1,0.180084258,0.00125044584,1,0.689371407,0.00397930527,-0.0114290118,-0.724306941,-0.0155259343,0.00376758794,-0.0115211662,-2.24207754e-44,2.24207754e-44,2.24207754e-44,-0.263101906,0.0772491172,-0.103695258,0.441810608,-0.184149146,0.0323417746,-0.201202184,-0.0612246953,0.0905775279,0.535732329,-0.335345358,0.0173745081,0.0314196087,0.0181096215,-0.00329217524,0.333113045,0.245367795,-0.00420460571,0.947888553,0.124246463,0.0342320204,0.0201506838,0.369292587,-0.307531983,0.0131137967,0.975207984,-0.175846249,-0.0337514132,0.0230749361,-0.0473218448,-0.00713636866,-0.0139673324,0.0287768859,0.0138713438,-0.0056938692,-0.0383558832,0.000706976221,0.0188543163,-0.00229523377,0.0305516198,-0.0278664082,0.00186329219,-0.000530899502,-0.000582883193,0.00144023367,-3.10103533e-05,0.00219014916,0.00219169492,0.0107045313,0.0344262868,0.00171911856,-0.000373153947,-0.0028811486,0.000667119864,0.00227656332,-0.020742001,0.00575860916,0.0177948829,-0.197382689,0.0392502174,-0.0943608433,0.4112674,-0.0853395537,0.139012665,-0.295547634,-0.0704816133,0.0953282714,0.415673733,-0.377981663,-0.107264765,0.0310007259,0.165990412,0.0165207162,0.324436426,0.379271239,0.0431104451,0.884034395,0.131734729,0.00537103415,0.0568998158,0.392557859,-0.354042053,0.00515750051,0.968959689,-0.181237131,-0.0339678079,0.0249831416,-0.197382689,0.0392502137,-0.0943608433,0.4112674,-0.0853395537,0.139012665,-0.295547634,-0.0704816133,0.0953282714,0.415673733,-0.377981663,-0.107264765,0.0310007259,0.165990412,0.0165207162,0.324436426,0.379271239,0.0431104451,0.884034395,0.131734729,0.00537103554,0.0568998158,0.392557859,-0.354042053,0.00515750051,0.968959689,-0.181237131,-0.0339678079,0.0249831416,-0.197382689,0.0392502174,-0.0943608433,0.4112674,-0.0853395537,0.139012665,-0.295547634,-0.0704816133,0.0953282714,0.415673733,-0.377981663,-0.107264765,0.0310007259,0.165990412,0.0165207162,0.324436426,0.379271239,0.0431104451,0.884034395,0.131734729,0.00537103415,0.0568998158,0.392557859,-0.354042053,0.00515750051,0.968959689,-0.181237131,-0.0339678079,0.0249831416
1.43791579,3214755.08,0,0,0.0168346497,5.58514148e-06,1,0.180084258,0,1,0.689355195,0.00396428443,-0.0114006586,-0.724322975,-0.0154892933,0.00430952478,-0.0113395443,-2.24207754e-44,2.24207754e-44,2.24207754e-44,-0.263294488,0.0772207305,-0.103751875,0.441929549,-0.184095412,0.0323207565,-0.201357022,-0.0612217262,0.0906518251,0.535723925,-0.335224569,0.0172647461,0.0314267799,0.0181076322,-0.00329583464,0.333118469,0.245367691,-0.00419587456,0.947896957,0.124289326,0.0343658403,0.0201576538,0.369290948,-0.307543635,0.0131161464,0.975217164,-0.17592977,-0.0337282009,0.0231554676,-0.0483161621,-0.00707683014,-0.0141918221,0.0299582444,0.0133138904,-0.00514778821,-0.038764786,0.000748603139,0.0184985586,-0.00206726766,0.03009969,-0.0272623319,0.0017765864,-0.00049159542,-0.000987762585,0.0013279093,-2.52523023e-05,0.00218105363,0.0020804021,0.0107129095,0.0331058316,0.00174820004,-0.000425753708,-0.00291913678,0.000566715316,0.00230701384,-0.0208177846,0.00581402611,0.0207235273,-0.197382689,0.0392502174,-0.0943608433,0.4112674,-0.0853395537,0.139012665,-0.295547634,-0.0704816133,0.0953282714,0.415673733,-0.377981663,-0.107264765,0.0310007259,0.165990412,0.0165207162,0.324436426,0.379271239,0.0431104451,0.884034395,0.131734729,0.00537103415,0.0568998158,0.392557859,-0.354042053,0.00515750051,0.968959689,-0.181237131,-0.0339678079,0.0249831416,-0.197382689,0.0392502137,-0.0943608433,0.4112674,-0.0853395537,0.139012665,-0.295547634,-0.0704816133,0.0953282714,0.415673733,-0.377981663,-0.107264765,0.0310007259,0.165990412,0.0165207162,0.324436426,0.379271239,0.0431104451,0.884034395,0.131734729,0.00537103554,0.0568998158,0.392557859,-0.354042053,0.00515750051,0.968959689,-0.181237131,-0.0339678079,0.0249831416,-0.197382689,0.0392502174,-0.0943608433,0.4112674,-0.0853395537,0.139012665,-0.295547634,-0.0704816133,0.0953282714,0.415673733,-0.377981663,-0.107264765,0.0310007259,0.165990412,0.0165207162,0.324436426,0.379271239,0.0431104451,0.884034395,0.131734729,0.00537103415,0.0568998158,0.392557859,-0.354042053,0.00515750051,0.968959689,-0.181237131,-0.0339678079,0.0249831416
1.44891756,3214755.09,0,0,0.00834138133,6.70738518e-06,1,0.198004767,0.00124496222,1,0.689282477,0.00389913097,-0.0112756165,-0.724394441,-0.0148392813,0.00428075111,-0.011243239,-2.24207754e-44,2.24207754e-44,2.24207754e-44,-0.26414749,0.0770985708,-0.104004271,0.44246605,-0.183865517,0.032232035,-0.202038705,-0.0612088665,0.0909785852,0.535687089,-0.334692866,0.0168062467,0.0314585157,0.0180978924,-0.003312947,0.333141059,0.245367214,-0.0041568079,0.947935104,0.124480307,0.0348899215,0.0201890189,0.36928162,-0.30759564,0.0131248794,0.975259304,-0.176294476,-0.0336235948,0.0235336609,-0.0468857884,-0.00657226006,-0.0139150126,0.029823374,0.0122531103,-0.00454712473,-0.0373652019,0.000733357854,0.0178172011,-0.00189424655,0.0288191997,-0.0250085331,0.00175250473,-0.000556658662,-0.00110186811,0.00117794867,-2.74199756e-05,0.00215501362,0.00213196711,0.0105508622,0.0261646286,0.00173326849,-0.000587495277,-0.0028728887,0.000391602458,0.00237548747,-0.0200963765,0.00582193211,0.0213382561,-0.198158115,0.039024137,-0.0944242701,0.411744326,-0.0857582912,0.139105976,-0.296361864,-0.0703364462,0.0955010951,0.415412307,-0.379226625,-0.107624255,0.0310782008,0.165788293,0.0164068453,0.324564517,0.379440784,0.043163158,0.884403467,0.13188991,0.00596734136,0.0569508523,0.39231506,-0.354029834,0.00503541715,0.969035327,-0.181591943,-0.0338614881,0.0253839642,-0.198158115,0.0390241332,-0.0944242701,0.411744326,-0.0857582912,0.139105976,-0.296361864,-0.0703364536,0.0955010951,0.415412307,-0.379226625,-0.107624263,0.0310782008,0.165788293,0.0164068453,0.324564517,0.379440784,0.043163158,0.884403467,0.13188991,0.00596734462,0.0569508523,0.39231506,-0.354029834,0.00503541715,0.969035327,-0.181591943,-0.0338614881,0.0253839623,-0.198158115,0.039024137,-0.0944242701,0.411744326,-0.0857582912,0.139105976,-0.296361864,-0.0703364462,0.0955010951,0.415412307,-0.379226625,-0.107624255,0.0310782008,0.165788293,0.0164068453,0.324564517,0.379440784,0.043163158,0.884403467,0.13188991,0.00596734136,0.0569508523,0.39231506,-0.354029834,0.00503541715,0.969035327,-0.181591943,-0.0338614881,0.0253839642
1.45991529,3214755.11,0,0,0.0193391112,4.32692468e-06,1,0.198004767,0,1,0.689242363,0.00386501127,-0.0112074474,-0.724433899,-0.0144430706,0.00408042502,-0.0112883039,-2.24207754e-44,2.24207754e-44,2.24207754e-44,-0.26461193,0.0770345107,-0.104142219,0.442763239,-0.183746636,0.0321890712,-0.202408537,-0.0612014271,0.0911545977,0.535669029,-0.334409863,0.0165601522,0.0314761177,0.0180921499,-0.00332473195,0.333152205,0.245366976,-0.00413535349,0.947956502,0.124585323,0.0351312682,0.0202062894,0.369275153,-0.307624191,0.0131281568,0.975283206,-0.176494524,-0.0335654318,0.0237492435,-0.0454950482,-0.00627379538,-0.0135725215,0.0290831123,0.0117971404,-0.00432352303,-0.0363386497,0.000715338683,0.0175603926,-0.00186014129,0.0280595813,-0.0242251512,0.00178955612,-0.000613900658,-0.00105087936,0.00110607373,-2.64284263e-05,0.00213872618,0.00218672515,0.0104446886,0.0227615833,0.00170961861,-0.00068144541,-0.00282427599,0.000310527656,0.00239830813,-0.019864887,0.00579219218,0.0204881113,-0.198158115,0.039024137,-0.0944242701,0.411744326,-0.0857582912,0.139105976,-0.296361864,-0.0703364462,0.0955010951,0.415412307,-0.379226625,-0.107624255,0.0310782008,0.165788293,0.0164068453,0.324564517,0.379440784,0.043163158,0.884403467,0.13188991,0.00596734136,0.0569508523,0.39231506,-0.354029834,0.00503541715,0.969035327,-0.181591943,-0.0338614881,0.0253839642,-0.198158115,0.0390241332,-0.0944242701,0.411744326,-0.0857582912,0.139105976,-0.296361864,-0.0703364536,0.0955010951,0.415412307,-0.379226625,-0.107624263,0.0310782008,0.165788293,0.0164068453,0.324564517,0.379440784,0.043163158,0.884403467,0.13188991,0.00596734462,0.0569508523,0.39231506,-0.354029834,0.00503541715,0.969035327,-0.181591943,-0.0338614881,0.0253839623,-0.198158115,0.039024137,-0.0944242701,0.411744326,-0.0857582912,0.139105976,-0.296361864,-0.0703364462,0.0955010951,0.415412307,-0.379226625,-0.107624255,0.0310782008,0.165788293,0.0164068453,0.324564517,0.379440784,0.043163158,0.884403467,0.13188991,0.00596734136,0.0569508523,0.39231506,-0.354029834,0.00503541715,0.969035327,-0.181591943,-0.0338614881,0.0253839642
1.47091832,3214755.12,0,0,0.0103444452,4.44334e-06,1,0.168616883,0.00113764405,1,0.689201593,0.00382990809,-0.0111437123,-0.724473834,-0.0140448827,0.00383419567,-0.0113077322,-2.24207754e-44,2.24207754e-44,2.24207754e-44,-0.265050024,0.0769735202,-0.104274541,0.443042636,-0.183629602,0.0321456827,-0.202760637,-0.0611946881,0.0913296714,0.535649657,-0.334133267,0.0163188204,0.031494312,0.0180855002,-0.00333362631,0.333163261,0.245366633,-0.00411410304,0.947979152,0.124688961,0.035339918,0.0202229861,0.36926797,-0.307652056,0.013130975,0.975307286,-0.176691249,-0.0335078724,0.0239343382,-0.0440062322,-0.00603469787,-0.0132809626,0.0283075385,0.0113421446,-0.00393576222,-0.0352778062,0.000729377032,0.0172875877,-0.00171652937,0.0271795094,-0.0245222766,0.00179160759,-0.000634674798,-0.00117598625,0.00103660498,-2.96291691e-05,0.00211754651,0.00222383416,0.0103671793,0.0197451301,0.00166128471,-0.000748681952,-0.00279863249,0.000214551867,0.00241170288,-0.0197407678,0.00577271963,0.0193123892,-0.198842704,0.0387877747,-0.0944846272,0.412225693,-0.0861032829,0.139184594,-0.297185957,-0.0701329261,0.0956541896,0.415193021,-0.380364269,-0.107988648,0.0311481226,0.165604845,0.0163231231,0.324669212,0.379598141,0.043215394,0.884753585,0.132043958,0.00646188855,0.056974262,0.392104149,-0.354005456,0.00493441336,0.96908468,-0.181922674,-0.0337626375,0.0257353857,-0.198842704,0.0387877747,-0.0944846272,0.412225693,-0.0861032829,0.139184594,-0.297185957,-0.0701329261,0.0956541896,0.415193021,-0.380364269,-0.107988648,0.0311481226,0.165604845,0.0163231231,0.324669212,0.379598141,0.043215394,0.884753585,0.132043958,0.00646188809,0.056974262,0.392104149,-0.354005456,0.00493441336,0.96908468,-0.181922674,-0.0337626375,0.0257353857,-0.198842704,0.0387877747,-0.0944846272,0.412225693,-0.0861032829,0.139184594,-0.297185957,-0.0701329261,0.0956541896,0.415193021,-0.380364269,-0.107988648,0.0311481226,0.165604845,0.0163231231,0.324669212,0.379598141,0.043215394,0.884753585,0.132043958,0.00646188855,0.056974262,0.392104149,-0.354005456,0.00493441336,0.96908468,-0.181922674,-0.0337626375,0.0257353857
1.48190043,3214755.13,0,0,0.00129861617,6.58724457e-06,1,0.222715084,0.00116145611,1,0.689152956,0.00379032851,-0.0110674547,-0.724521458,-0.0135673974,0.00348272221,-0.0114061516,-2.24207754e-44,2.24207754e-44,2.24207754e-44,-0.26557079,0.0769031197,-0.104431957,0.44337973,-0.183498025,0.0321017206,-0.203178465,-0.0611857437,0.0915349126,0.535630584,-0.333813459,0.0160278883,0.0315158777,0.0180777758,-0.00334891281,0.333174765,0.245366409,-0.00408877246,0.948005676,0.124812774,0.0355529413,0.0202426948,0.369258225,-0.307685405,0.0131328218,0.975336134,-0.176927269,-0.0334388427,0.024165865,-0.0420770533,-0.00572751928,-0.0128467325,0.0271811895,0.0108947176,-0.00373125891,-0.033943817,0.00070390373,0.0170906167,-0.00167635421,0.0263998918,-0.0238739252,0.00182236452,-0.000687557564,-0.00110557268,0.000946381711,-1.86138459e-05,0.00210387912,0.00225693593,0.0102491733,0.016358478,0.00161522196,-0.000849874574,-0.00274412939,0.000141528144,0.00239956961,-0.0194985196,0.00571228424,0.0177670456,-0.199485511,0.0386023968,-0.0945688114,0.412645608,-0.086456351,0.139254689,-0.298005998,-0.0698706657,0.095770359,0.415000737,-0.381525725,-0.108333923,0.0312140621,0.165440813,0.0162740164,0.324786484,0.379718423,0.0432677269,0.885090411,0.132202074,0.00688153505,0.0569741279,0.391937584,-0.353984505,0.00485215895,0.969121039,-0.182241499,-0.033664804,0.0260378495,-0.199485511,0.0386023968,-0.0945688114,0.412645608,-0.086456351,0.139254704,-0.298005998,-0.0698706582,0.095770359,0.415000737,-0.381525725,-0.108333923,0.0312140621,0.165440813,0.0162740164,0.324786484,0.379718423,0.0432677269,0.885090411,0.132202074,0.00688153272,0.0569741242,0.391937584,-0.353984505,0.00485215895,0.969121039,-0.182241499,-0.033664804,0.0260378476,-0.199485511,0.0386023968,-0.0945688114,0.412645608,-0.086456351,0.139254689,-0.298005998,-0.0698706657,0.095770359,0.415000737,-0.381525725,-0.108333923,0.0312140621,0.165440813,0.0162740164,0.324786484,0.379718423,0.0432677269,0.885090411,0.132202074,0.00688153505,0.0569741279,0.391937584,-0.353984505,0.00485215895,0.969121039,-0.182241499,-0.033664804,0.0260378495
1.49190423,3214755.14,0,0,0.0113024199,7.5250864e-06,1,0.222715084,0,1,0.689111829,0.00375588192,-0.0110090151,-0.724561632,-0.013188838,0.00315704825,-0.0114081297,-2.24207754e-44,2.24207754e-44,2.24207754e-44,-0.265974015,0.0768471509,-0.104557954,0.443639517,-0.183389723,0.0320639051,-0.203506112,-0.0611791424,0.0917051062,0.535613,-0.333553314,0.0157879777,0.0315341167,0.0180705171,-0.0033585534,0.333184123,0.245366201,-0.004067834,0.948028743,0.124914549,0.0357015356,0.0202584434,0.369249493,-0.307712495,0.0131340455,0.975360096,-0.177120388,-0.0333821252,0.0243233293,-0.0404004827,-0.00552650401,-0.0126175452,0.0262043513,0.010512406,-0.0034395149,-0.0327897035,0.000717532472,0.016814556,-0.00153161353,0.0255263411,-0.0245620105,0.00179687433,-0.000694019836,-0.00124525593,0.00087099144,-1.06583439e-05,0.00209240569,0.00226263027,0.0101858536,0.0139537631,0.00156097731,-0.000896600832,-0.00271814968,6.78183933e-05,0.00239458308,-0.019372182,0.00568506401,0.0163016915,-0.199485511,0.0386023968,-0.0945688114,0.412645608,-0.086456351,0.139254689,-0.298005998,-0.0698706657,0.095770359,0.415000737,-0.381525725,-0.108333923,0.0312140621,0.165440813,0.0162740164,0.324786484,0.379718423,0.0432677269,0.885090411,0.132202074,0.00688153505,0.0569741279,0.391937584,-0.353984505,0.00485215895,0.969121039,-0.182241499,-0.033664804,0.0260378495,-0.199485511,0.0386023968,-0.0945688114,0.412645608,-0.086456351,0.139254704,-0.298005998,-0.0698706582,0.095770359,0.415000737,-0.381525725,-0.108333923,0.0312140621,0.165440813,0.0162740164,0.324786484,0.379718423,0.0432677269,0.885090411,0.132202074,0.00688153272,0.0569741242,0.391937584,-0.353984505,0.00485215895,0.969121039,-0.182241499,-0.033664804,0.0260378476,-0.199485511,0.0386023968,-0.0945688114,0.412645608,-0.086456351,0.139254689,-0.298005998,-0.0698706657,0.095770359,0.415000737,-0.381525725,-0.108333923,0.0312140621,0.165440813,0.0162740164,0.324786484,0.379718423,0.0432677269,0.885090411,0.132202074,0.00688153505,0.0569741279,0.391937584,-0.353984505,0.00485215895,0.969121039,-0.182241499,-0.033664804,0.0260378495
1.50289876,3214755.15,0,0,0.00229706801,4.68175858e-06,1,0.215499196,0.00125068426,1,0.689062715,0.0037166304,-0.010939436,-0.724609613,-0.0127457576,0.00275375973,-0.0114519689,-2.24207754e-44,2.24207754e-44,2.24207754e-44,-0.266449988,0.076782681,-0.104707792,0.44394964,-0.183267623,0.0320250504,-0.203893274,-0.0611703657,0.0919044986,0.535596013,-0.333253711,0.0154938223,0.0315555148,0.0180621464,-0.00337477145,0.33319363,0.245366305,-0.00404272601,0.948055565,0.125036269,0.0358500667,0.0202768948,0.369238138,-0.30774489,0.013134283,0.975388646,-0.177351773,-0.0333142094,0.0245177709,-0.038361825,-0.00526462821,-0.0123107573,0.0249473639,0.0101036523,-0.00332576735,-0.0313778967,0.000687872875,0.0165591091,-0.00150258525,0.0246981643,-0.0242458079,0.00178220647,-0.000732897839,-0.00120992551,0.000766634126,1.63703698e-05,0.00208876072,0.00225397875,0.010080778,0.0112967659,0.00151280034,-0.000972296984,-0.00266473927,1.14513878e-05,0.00236945646,-0.0191055965,0.00561836176,0.0148881776,-0.200101703,0.0384770036,-0.0946938768,0.412987828,-0.0868496671,0.139319211,-0.298811942,-0.0695692748,0.0958534926,0.414838701,-0.382776409,-0.108646505,0.0312801003,0.165311635,0.0162694454,0.324926078,0.379788876,0.0433179103,0.885408878,0.132360995,0.00724571943,0.0569505394,0.39181006,-0.353983343,0.00478322059,0.969154537,-0.182556391,-0.0335634127,0.0262859687,-0.200101703,0.0384770036,-0.0946938768,0.412987828,-0.0868496671,0.139319211,-0.298811942,-0.0695692673,0.0958534926,0.414838701,-0.382776409,-0.108646512,0.0312801003,0.165311635,0.0162694454,0.324926078,0.379788876,0.0433179103,0.885408878,0.132360995,0.00724571617,0.0569505431,0.39181006,-0.353983343,0.00478322059,0.969154537,-0.182556391,-0.0335634127,0.0262859669,-0.200101703,0.0384770036,-0.0946938768,0.412987828,-0.0868496671,0.139319211,-0.298811942,-0.0695692748,0.0958534926,0.414838701,-0.382776409,-0.108646505,0.0312801003,0.165311635,0.0162694454,0.324926078,0.379788876,0.0433179103,0.885408878,0.132360995,0.00724571943,0.0569505394,0.39181006,-0.353983343,0.00478322059,0.969154537,-0.182556391,-0.0335634127,0.0262859687
1.51291668,3214755.16,0,0,0.0123149869,8.92579556e-06,1,0.215499196,0,1,0.689021945,0.00368488021,-0.0108828908,-0.724649429,-0.012580568,0.00345979072,-0.011308156,-2.24207754e-44,2.24207754e-44,2.24207754e-44,-0.266833872,0.0767312199,-0.104831204,0.444200635,-0.183170751,0.0319951773,-0.204207376,-0.0611627586,0.0920671523,0.535583973,-0.333013654,0.0152451424,0.0315729864,0.018055167,-0.00339025818,0.333200365,0.245366663,-0.00402176939,0.94807744,0.125137165,0.0359516069,0.0202917904,0.369228065,-0.307771534,0.0131338397,0.97541219,-0.177543402,-0.033257883,0.0246695578,-0.0387660116,-0.00506142154,-0.0124015966,0.0254538432,0.00935316831,-0.00270961714,-0.0316778682,0.000826809381,0.0160380471,-0.00095250312,0.0235353075,-0.0252034813,0.00172244222,-0.000665541564,-0.00183127495,0.000594475539,5.3210646e-05,0.00210378086,0.00212763995,0.010105242,0.00938106701,0.00147953944,-0.00103539811,-0.00266654021,-8.56006809e-05,0.00234223576,-0.0192332491,0.00564776547,0.0158354398,-0.200101703,0.0384770036,-0.0946938768,0.412987828,-0.0868496671,0.139319211,-0.298811942,-0.0695692748,0.0958534926,0.414838701,-0.382776409,-0.108646505,0.0312801003,0.165311635,0.0162694454,0.324926078,0.379788876,0.0433179103,0.885408878,0.132360995,0.00724571943,0.0569505394,0.39181006,-0.353983343,0.00478322059,0.969154537,-0.182556391,-0.0335634127,0.0262859687,-0.200101703,0.0384770036,-0.0946938768,0.412987828,-0.0868496671,0.139319211,-0.298811942,-0.0695692673,0.0958534926,0.414838701,-0.382776409,-0.108646512,0.0312801003,0.165311635,0.0162694454,0.324926078,0.379788876,0.0433179103,0.885408878,0.132360995,0.00724571617,0.0569505431,0.39181006,-0.353983343,0.00478322059,0.969154537,-0.182556391,-0.0335634127,0.0262859669,-0.200101703,0.0384770036,-0.0946938768,0.412987828,-0.0868496671,0.139319211,-0.298811942,-0.0695692748,0.0958534926,0.414838701,-0.382776409,-0.108646505,0.0312801003,0.165311635,0.0162694454,0.324926078,0.379788876,0.0433179103,0.885408878,0.132360995,0.00724571943,0.0569505394,0.39181006,-0.353983343,0.00478322059,0.969154537,-0.182556391,-0.0335634127,0.0262859687
1.52389776,3214755.17,0,0,0.00333366031,4.59514558e-06,1,0.190112274,0.0012293756,1,0.688981235,0.00365463574,-0.010826773,-0.724689126,-0.0121745327,0.00289021595,-0.0113867484,-2.24207754e-44,2.24207754e-44,2.24207754e-44,-0.267209858,0.0766819194,-0.104953751,0.444446325,-0.183078349,0.0319669805,-0.204516619,-0.0611548387,0.0922265351,0.53557384,-0.332781315,0.0149970762,0.0315901414,0.018048143,-0.00340738473,0.333205819,0.245367318,-0.00400072942,0.94809866,0.125237599,0.0360348672,0.0203063097,0.369217426,-0.307797819,0.0131329112,0.975435495,-0.177733943,-0.0332018211,0.0248134062,-0.0364215635,-0.00484541571,-0.0121091893,0.0236679781,0.0092417635,-0.00298123201,-0.0301509593,0.000744047167,0.0159113556,-0.00113446382,0.0230867937,-0.0245240983,0.0017125702,-0.000741443946,-0.00154056738,0.000531126512,7.01648241e-05,0.00210042484,0.00213423162,0.00998657104,0.00769299828,0.00142869446,-0.00107913837,-0.00259724911,-8.9598354e-05,0.00232422934,-0.0188808199,0.00556761306,0.0129385265,-0.200663149,0.0384158418,-0.0948528051,0.413281024,-0.0871779099,0.139391363,-0.299597859,-0.0692459643,0.0959093869,0.414741874,-0.384005785,-0.10893672,0.0313360915,0.165227979,0.0162928663,0.325080514,0.379816502,0.0433625877,0.885703683,0.132513478,0.0075667426,0.0569044948,0.391705364,-0.354006231,0.00472267531,0.969183683,-0.182861909,-0.0334627666,0.0264854208,-0.200663149,0.0384158418,-0.0948528051,0.413281024,-0.0871779099,0.139391378,-0.299597859,-0.0692459643,0.0959093869,0.414741874,-0.384005785,-0.108936727,0.0313360915,0.165227979,0.0162928663,0.325080514,0.379816502,0.0433625877,0.885703683,0.132513478,0.00756674027,0.0569044985,0.391705364,-0.354006231,0.00472267531,0.969183683,-0.182861909,-0.0334627666,0.0264854189,-0.200663149,0.0384158418,-0.0948528051,0.413281024,-0.0871779099,0.139391363,-0.299597859,-0.0692459643,0.0959093869,0.414741874,-0.384005785,-0.10893672,0.0313360915,0.165227979,0.0162928663,0.325080514,0.379816502,0.0433625877,0.885703683,0.132513478,0.0075667426,0.0569044948,0.391705364,-0.354006231,0.00472267531,0.969183683,-0.182861909,-0.0334627666,0.0264854208
1.53471579,3214755.18,0,0,0.014151698,6.15278259e-06,1,0.190112274,0,1,0.688948691,0.00363085559,-0.0107830809,-0.724720776,-0.0120512415,0.00347520038,-0.0112603689,-2.24207754e-44,2.24207754e-44,2.24207754e-44,-0.267499924,0.0766439587,-0.105050795,0.444634676,-0.183006495,0.0319445468,-0.204757497,-0.0611484647,0.0923518687,0.535566628,-0.332600951,0.0147956144,0.0316035375,0.0180423688,-0.00342149241,0.333209515,0.245367974,-0.00398387667,0.948115289,0.125317499,0.0360909738,0.020317493,0.369208634,-0.307818562,0.0131319109,0.975454032,-0.177885145,-0.0331572108,0.024915345,-0.0366694853,-0.00468148058,-0.0122113107,0.023852149,0.00873611588,-0.00258302595,-0.0304411594,0.000862640154,0.0154520422,-0.000638536469,0.0221365374,-0.0257371441,0.00164363463,-0.00068907364,-0.00202306523,0.000402598409,9.3760973e-05,0.00211496488,0.00202751462,0.0100079346,0.0065895142,0.00138238433,-0.00111465727,-0.00260287337,-0.000156098089,0.00230279984,-0.018983297,0.00559665309,0.0131534245,-0.200663149,0.0384158418,-0.0948528051,0.413281024,-0.0871779099,0.139391363,-0.299597859,-0.0692459643,0.0959093869,0.414741874,-0.384005785,-0.10893672,0.0313360915,0.165227979,0.0162928663,0.325080514,0.379816502,0.0433625877,0.885703683,0.132513478,0.0075667426,0.0569044948,0.391705364,-0.354006231,0.00472267531,0.969183683,-0.182861909,-0.0334627666,0.0264854208,-0.200663149,0.0384158418,-0.0948528051,0.413281024,-0.0871779099,0.139391378,-0.299597859,-0.0692459643,0.0959093869,0.414741874,-0.384005785,-0.108936727,0.0313360915,0.165227979,0.0162928663,0.325080514,0.379816502,0.0433625877,0.885703683,0.132513478,0.00756674027,0.0569044985,0.391705364,-0.354006231,0.00472267531,0.969183683,-0.182861909,-0.0334627666,0.0264854189,-0.200663149,0.0384158418,-0.0948528051,0.413281024,-0.0871779099,0.139391363,-0.299597859,-0.0692459643,0.0959093869,0.414741874,-0.384005785,-0.10893672,0.0313360915,0.165227979,0.0162928663,0.325080514,0.379816502,0.0433625877,0.885703683,0.132513478,0.0075667426,0.0569044948,0.391705364,-0.354006231,0.00472267531,0.969183683,-0.182861909,-0.0334627666,0.0264854208
1.54489859,3214755.19,0,0,0.00425256323,4.66825441e-06,1,0.264462084,0.00132423639,1,0.688892126,0.00359288929,-0.0107054934,-0.72477591,-0.0116007598,0.00339167356,-0.0113069182,-2.24207754e-44,2.24207754e-44,2.24207754e-44,-0.268002868,0.0765807107,-0.105220698,0.444959641,-0.182887465,0.0319083259,-0.205178112,-0.0611362308,0.0925653279,0.535558999,-0.33229661,0.0144377258,0.0316259228,0.0180324856,-0.00345060555,0.333213568,0.24536939,-0.00395427085,0.948142111,0.125457034,0.0361732394,0.0203363113,0.369192451,-0.307854712,0.0131294262,0.975485921,-0.178149343,-0.0330792442,0.0250851735,-0.0347769372,-0.00439825794,-0.0119920382,0.0222782753,0.00844542123,-0.00273698103,-0.0293393396,0.000837771804,0.0151836872,-0.000632999465,0.0215880964,-0.0251817536,0.00157114887,-0.000745291705,-0.00195482909,0.000222753573,9.83249774e-05,0.00210705562,0.00184893957,0.00990786497,0.00552263949,0.00131343119,-0.00117908616,-0.00255906582,-0.000181532261,0.00226234272,-0.0186904129,0.00552654592,0.0110675124,-0.20118621,0.0384086743,-0.09505146,0.413504004,-0.0875703022,0.139474183,-0.300361633,-0.0688872635,0.0959366858,0.414684653,-0.385330021,-0.109206356,0.0313946791,0.165212214,0.0163144507,0.325233847,0.379780948,0.0433952138,0.885988951,0.132667094,0.00785154104,0.0568464547,0.39162305,-0.354056597,0.00467039458,0.969217777,-0.183177412,-0.033364825,0.0266503468,-0.20118621,0.0384086743,-0.09505146,0.413504004,-0.0875703022,0.139474183,-0.300361633,-0.0688872635,0.0959366858,0.414684653,-0.385330021,-0.109206356,0.0313946791,0.165212214,0.0163144507,0.325233847,0.379780948,0.0433952138,0.885988951,0.132667094,0.00785153732,0.056846451,0.39162305,-0.354056597,0.00467039458,0.969217777,-0.183177412,-0.033364825,0.026650345,-0.20118621,0.0384086743,-0.09505146,0.413504004,-0.0875703022,0.139474183,-0.300361633,-0.0688872635,0.0959366858,0.414684653,-0.385330021,-0.109206356,0.0313946791,0.165212214,0.0163144507,0.325233847,0.379780948,0.0433952138,0.885988951,0.132667094,0.00785154104,0.0568464547,0.39162305,-0.354056597,0.00467039458,0.969217777,-0.183177412,-0.033364825,0.0266503468
1.55589946,3214755.2,0,0,0.015253433,5.16697764e-06,1,0.264462084,0,1,0.688851833,0.00356804486,-0.0106500294,-0.72481513,-0.0114121055,0.00402456429,-0.0112400744,-2.24207754e-44,2.24207754e-44,2.24207754e-44,-0.268352777,0.0765381679,-0.105341449,0.445182204,-0.1828067,0.0318831094,-0.205475032,-0.0611268245,0.0927135423,0.535557032,-0.332089603,0.0141746169,0.0316410847,0.0180253722,-0.00347372587,0.333214641,0.245370448,-0.00393310096,0.948159635,0.12555632,0.0362270474,0.0203489549,0.369180471,-0.307880312,0.0131271994,0.975508451,-0.178337291,-0.0330237299,0.0251946263,-0.0346275344,-0.00415993528,-0.0120448424,0.0218728781,0.00794177689,-0.00252655637,-0.029548401,0.000957189186,0.014676353,-9.81964986e-05,0.0203309674,-0.02651163,0.00149025919,-0.000718918222,-0.0023623656,5.12281295e-05,0.000108678825,0.00211817748,0.00171099475,0.00991115998,0.00530782668,0.0012346498,-0.00121165009,-0.00255085598,-0.000236316744,0.00224818476,-0.0187525433,0.00554165337,0.0104861716,-0.20118621,0.0384086743,-0.09505146,0.413504004,-0.0875703022,0.139474183,-0.300361633,-0.0688872635,0.0959366858,0.414684653,-0.385330021,-0.109206356,0.0313946791,0.165212214,0.0163144507,0.325233847,0.379780948,0.0433952138,0.885988951,0.132667094,0.00785154104,0.0568464547,0.39162305,-0.354056597,0.00467039458,0.969217777,-0.183177412,-0.033364825,0.0266503468,-0.20118621,0.0384086743,-0.09505146,0.413504004,-0.0875703022,0.139474183,-0.300361633,-0.0688872635,0.0959366858,0.414684653,-0.385330021,-0.109206356,0.0313946791,0.165212214,0.0163144507,0.325233847,0.379780948,0.0433952138,0.885988951,0.132667094,0.00785153732,0.056846451,0.39162305,-0.354056597,0.00467039458,0.969217777,-0.183177412,-0.033364825,0.026650345,-0.20118621,0.0384086743,-0.09505146,0.413504004,-0.0875703022,0.139474183,-0.300361633,-0.0688872635,0.0959366858,0.414684653,-0.385330021,-0.109206356,0.0313946791,0.165212214,0.0163144507,0.325233847,0.379780948,0.0433952138,0.885988951,0.132667094,0.00785154104,0.0568464547,0.39162305,-0.354056597,0.00467039458,0.969217777,-0.183177412,-0.033364825,0.0266503468
1.56590369,3214755.21,0,0,0.00534484908,7.31134787e-06,1,0.180346891,0.00113773346,1,0.688811183,0.00354335876,-0.0105969887,-0.724854648,-0.0109444,0.00320912222,-0.0113709029,-2.24207754e-44,2.24207754e-44,2.24207754e-44,-0.268682659,0.0764978379,-0.105459839,0.445387512,-0.182727233,0.0318552591,-0.205760226,-0.0611179247,0.0928599015,0.53555429,-0.331888527,0.0139132021,0.0316557996,0.0180175528,-0.00349498191,0.333214879,0.245371535,-0.00391200231,0.948176861,0.125654608,0.0362796783,0.0203608498,0.369168252,-0.307905585,0.0131247854,0.975530863,-0.178522274,-0.032968875,0.0252931733,-0.0316509642,-0.00395551231,-0.0116732791,0.0194818433,0.00798885431,-0.00299256993,-0.0276434124,0.000828151824,0.014632347,-0.000448619365,0.0199970491,-0.0258803889,0.00146132521,-0.000831164245,-0.00191704067,2.26620286e-05,0.000106702297,0.00210225419,0.00175003859,0.00976278912,0.00525060575,0.00115849089,-0.00122345705,-0.00250979769,-0.000242377864,0.00223731087,-0.0182934813,0.00544044934,0.00952817872,-0.201657295,0.0384374559,-0.0952666253,0.413718104,-0.0877759084,0.139570475,-0.301077098,-0.0685580671,0.0959604234,0.41470015,-0.386467755,-0.109449826,0.031441208,0.165246874,0.0163216814,0.325370789,0.379724145,0.0434179939,0.886237204,0.132803425,0.00809734315,0.0567800403,0.391532898,-0.354137391,0.00462469645,0.969247341,-0.183481872,-0.0332630724,0.0267747715,-0.201657295,0.0384374559,-0.0952666253,0.413718104,-0.0877759084,0.139570475,-0.301077098,-0.0685580671,0.0959604234,0.41470015,-0.386467755,-0.109449826,0.031441208,0.165246874,0.0163216814,0.325370789,0.379724145,0.0434179939,0.886237204,0.132803425,0.00809734315,0.0567800365,0.391532898,-0.354137391,0.00462469645,0.969247341,-0.183481872,-0.0332630724,0.0267747715,-0.201657295,0.0384374559,-0.0952666253,0.413718104,-0.0877759084,0.139570475,-0.301077098,-0.0685580671,0.0959604234,0.41470015,-0.386467755,-0.109449826,0.031441208,0.165246874,0.0163216814,0.325370789,0.379724145,0.0434179939,0.886237204,0.132803425,0.00809734315,0.0567800403,0.391532898,-0.354137391,0.00462469645,0.969247341,-0.183481872,-0.0332630724,0.0267747715
1.57690028,3214755.22,0,0,0.0163414381,5.55906445e-06,1,0.180346891,0,1,0.688762844,0.00351614761,-0.0105334716,-0.724901676,-0.0107110264,0.00400359789,-0.0112016564,-2.24207754e-44,2.24207754e-44,2.24207754e-44,-0.269068152,0.0764519125,-0.105601974,0.445623845,-0.182636037,0.0318230465,-0.206098258,-0.0611065738,0.0930300876,0.535555601,-0.331658959,0.0135868844,0.0316724032,0.0180082899,-0.00352348085,0.333213836,0.245372891,-0.00388663076,0.948196709,0.125772044,0.0363421179,0.0203740634,0.369153321,-0.307935923,0.0131214168,0.975557506,-0.178743765,-0.0329030491,0.025405623,-0.0317217894,-0.00373195438,-0.0118318489,0.0193074532,0.00745937508,-0.00268863467,-0.027984228,0.000953465817,0.0140114864,0.000223805473,0.0187996905,-0.0272479597,0.00135250774,-0.000777950627,-0.00242187013,-0.000136647228,0.000117496056,0.00211626454,0.0016269976,0.00975709036,0.00517682638,0.0010666314,-0.00126047642,-0.00252683554,-0.000295178877,0.0022114485,-0.0184010081,0.00547510525,0.00924110319,-0.201657295,0.0384374559,-0.0952666253,0.413718104,-0.0877759084,0.139570475,-0.301077098,-0.0685580671,0.0959604234,0.41470015,-0.386467755,-0.109449826,0.031441208,0.165246874,0.0163216814,0.325370789,0.379724145,0.0434179939,0.886237204,0.132803425,0.00809734315,0.0567800403,0.391532898,-0.354137391,0.00462469645,0.969247341,-0.183481872,-0.0332630724,0.0267747715,-0.201657295,0.0384374559,-0.0952666253,0.413718104,-0.0877759084,0.139570475,-0.301077098,-0.0685580671,0.0959604234,0.41470015,-0.386467755,-0.109449826,0.031441208,0.165246874,0.0163216814,0.325370789,0.379724145,0.0434179939,0.886237204,0.132803425,0.00809734315,0.0567800365,0.391532898,-0.354137391,0.00462469645,0.969247341,-0.183481872,-0.0332630724,0.0267747715,-0.201657295,0.0384374559,-0.0952666253,0.413718104,-0.0877759084,0.139570475,-0.301077098,-0.0685580671,0.0959604234,0.41470015,-0.386467755,-0.109449826,0.031441208,0.165246874,0.0163216814,0.325370789,0.379724145,0.0434179939,0.886237204,0.132803425,0.00809734315,0.0567800403,0.391532898,-0.354137391,0.00462469645,0.969247341,-0.183481872,-0.0332630724,0.0267747715
1.58790299,3214755.23,0,0,0.00733553199,7.14696944e-06,1,0.18811319,0.00101745129,1,0.688722491,0.00349381077,-0.0104830666,-0.724940896,-0.0102435816,0.00323795225,-0.0112711722,-2.24207754e-44,2.24207754e-44,2.24207754e-44,-0.2693699,0.076415658,-0.105718493,0.445804894,-0.182561398,0.0317937098,-0.20636785,-0.0610978194,0.0931698009,0.535555959,-0.331472397,0.0133198854,0.0316858143,0.0179999378,-0.00354523258,0.333212435,0.245374084,-0.00386553654,0.948213339,0.125868738,0.0363939069,0.0203843284,0.369140625,-0.307961017,0.0131184412,0.97557956,-0.178925171,-0.0328488722,0.0254963096,-0.0289993361,-0.00356147159,-0.011518077,0.017223997,0.00748507818,-0.00311240298,-0.0261610728,0.000815253239,0.0139594339,-0.000125783117,0.0185769256,-0.0263790954,0.0013358416,-0.000876044622,-0.001988695,-0.000134321686,0.000119542085,0.00210346142,0.00169679162,0.00960740447,0.00518750353,0.000999994925,-0.00127051573,-0.00249594497,-0.000297156192,0.00219670916,-0.0179526862,0.00537587097,0.00895911641,-0.20209384,0.0385015234,-0.0954920202,0.413920701,-0.0878541842,0.139677823,-0.301756024,-0.0682611316,0.0959839523,0.414749414,-0.387485206,-0.109667622,0.0314847007,0.165310055,0.0162980109,0.325488597,0.379643232,0.0434342436,0.886458874,0.132926285,0.00830937922,0.0567119196,0.391436964,-0.354241848,0.00458773412,0.969273925,-0.183792233,-0.0331608914,0.0268771909,-0.20209384,0.0385015234,-0.0954920202,0.413920701,-0.0878541842,0.139677823,-0.301756024,-0.0682611242,0.0959839523,0.414749414,-0.387485206,-0.109667622,0.0314847007,0.165310055,0.0162980109,0.325488597,0.379643232,0.0434342436,0.886458874,0.132926285,0.00830937736,0.0567119196,0.391436964,-0.354241848,0.00458773412,0.969273925,-0.183792233,-0.0331608914,0.0268771909,-0.20209384,0.0385015234,-0.0954920202,0.413920701,-0.0878541842,0.139677823,-0.301756024,-0.0682611316,0.0959839523,0.414749414,-0.387485206,-0.109667622,0.0314847007,0.165310055,0.0162980109,0.325488597,0.379643232,0.0434342436,0.886458874,0.132926285,0.00830937922,0.0567119196,0.391436964,-0.354241848,0.00458773412,0.969273925,-0.183792233,-0.0331608914,0.0268771909
1.59889907,3214755.24,0,0,0.0183316111,4.56394628e-06,1,0.18811319,0,1,0.688674331,0.00346828927,-0.0104243616,-0.724987566,-0.00995722134,0.00376926758,-0.0110847466,-2.24207754e-44,2.24207754e-44,2.24207754e-44,-0.269715756,0.0763742402,-0.105857648,0.446009398,-0.182474583,0.0317582451,-0.206681669,-0.061087478,0.0933332741,0.535558343,-0.331256777,0.012995258,0.0317012593,0.0179898292,-0.00357216154,0.333210111,0.245375559,-0.00384020526,0.948233306,0.125983775,0.0364558995,0.0203957316,0.369125187,-0.307991117,0.0131146414,0.975605726,-0.179141223,-0.0327841751,0.0256030336,-0.0287177842,-0.00336258532,-0.0116410078,0.0169214848,0.00705249375,-0.00287181558,-0.026148228,0.000883554341,0.0133878822,0.000403828395,0.0175604727,-0.0272119828,0.0012562155,-0.000825258088,-0.00238333433,-0.000239072309,0.000129781634,0.00211700751,0.00163064303,0.00956044067,0.00514343381,0.000917327416,-0.00130440167,-0.00251688738,-0.000329293951,0.00216794293,-0.0180079527,0.00539345667,0.00883464795,-0.20209384,0.0385015234,-0.0954920202,0.413920701,-0.0878541842,0.139677823,-0.301756024,-0.0682611316,0.0959839523,0.414749414,-0.387485206,-0.109667622,0.0314847007,0.165310055,0.0162980109,0.325488597,0.379643232,0.0434342436,0.886458874,0.132926285,0.00830937922,0.0567119196,0.391436964,-0.354241848,0.00458773412,0.969273925,-0.183792233,-0.0331608914,0.0268771909,-0.20209384,0.0385015234,-0.0954920202,0.413920701,-0.0878541842,0.139677823,-0.301756024,-0.0682611242,0.0959839523,0.414749414,-0.387485206,-0.109667622,0.0314847007,0.165310055,0.0162980109,0.325488597,0.379643232,0.0434342436,0.886458874,0.132926285,0.00830937736,0.0567119196,0.391436964,-0.354241848,0.00458773412,0.969273925,-0.183792233,-0.0331608914,0.0268771909,-0.20209384,0.0385015234,-0.0954920202,0.413920701,-0.0878541842,0.139677823,-0.301756024,-0.0682611316,0.0959839523,0.414749414,-0.387485206,-0.109667622,0.0314847007,0.165310055,0.0162980109,0.325488597,0.379643232,0.0434342436,0.886458874,0.132926285,0.00830937922,0.0567119196,0.391436964,-0.354241848,0.00458773412,0.969273925,-0.183792233,-0.0331608914,0.0268771909
1.609898,3214755.26,0,0,0.00934385415,4.53088433e-06,1,0.176317059,0.00095063448,1,0.688634694,0.00344898412,-0.0103757475,-0.725026011,-0.00969839655,0.00419739913,-0.0109711653,-2.24207754e-44,2.24207754e-44,2.24207754e-44,-0.269996673,0.0763416812,-0.105973691,0.446173519,-0.182405367,0.0317290984,-0.206939369,-0.0610788278,0.0934654921,0.535562932,-0.331084251,0.0127265435,0.0317136683,0.0179814752,-0.00359597593,0.333207428,0.245376915,-0.00381900789,0.948249578,0.126078799,0.0365071893,0.0204045456,0.369111955,-0.3080163,0.0131112756,0.975627244,-0.17932038,-0.0327304676,0.0256903935,-0.0284498949,-0.00318421004,-0.0117012318,0.0166032054,0.00673266035,-0.0027567884,-0.0261164997,0.000918707985,0.0130090797,0.000730388565,0.0169156976,-0.0270987302,0.00122068403,-0.000801543181,-0.00262175337,-0.000318199978,0.000136801493,0.00212823041,0.00158730499,0.00949804485,0.00510379579,0.000855217571,-0.00134492933,-0.00253510824,-0.00034874797,0.00213885424,-0.0180305652,0.00539491139,0.00871566683,-0.202493101,0.0385855064,-0.0957241282,0.414114356,-0.0878553316,0.139793485,-0.30240187,-0.067988351,0.0960118473,0.414812177,-0.388435841,-0.109860711,0.0315289944,0.165381327,0.0162340142,0.325583011,0.379540801,0.0434443429,0.886658728,0.133035332,0.0084990412,0.0566448122,0.391339839,-0.354359984,0.00455769151,0.96930331,-0.184114054,-0.0330598131,0.0269683413,-0.202493101,0.0385855027,-0.0957241282,0.414114356,-0.0878553316,0.1397935,-0.30240187,-0.067988351,0.0960118473,0.414812177,-0.388435841,-0.109860711,0.0315289944,0.165381327,0.0162340142,0.325583011,0.379540801,0.0434443429,0.886658728,0.133035332,0.00849904492,0.056644816,0.391339839,-0.354359984,0.00455769151,0.96930331,-0.184114054,-0.0330598131,0.0269683413,-0.202493101,0.0385855064,-0.0957241282,0.414114356,-0.0878553316,0.139793485,-0.30240187,-0.067988351,0.0960118473,0.414812177,-0.388435841,-0.109860711,0.0315289944,0.165381327,0.0162340142,0.325583011,0.379540801,0.0434443429,0.886658728,0.133035332,0.0084990412,0.0566448122,0.391339839,-0.354359984,0.00455769151,0.96930331,-0.184114054,-0.0330598131,0.0269683413
1.62089974,3214755.27,0,0,0.000339549966,5.12599945e-06,1,0.181197189,0.000735223293,1,0.688587725,0.00343026873,-0.0103151435,-0.725071609,-0.00934704673,0.00458074687,-0.0108998762,-2.24207754e-44,2.24207754e-44,2.24207754e-44,-0.270337582,0.0763051659,-0.106114469,0.446370363,-0.182327032,0.0316963345,-0.207253978,-0.0610676035,0.0936187357,0.535573781,-0.330885291,0.0124078235,0.0317281149,0.0179719124,-0.00362855801,0.333202839,0.245378613,-0.00379338837,0.948268116,0.126192138,0.0365679041,0.0204143655,0.369095355,-0.308046848,0.0131069645,0.975652635,-0.179536551,-0.032665845,0.0257938839,-0.0278141201,-0.00294003147,-0.0116630634,0.0158537049,0.00646409299,-0.00284650456,-0.0258633606,0.000901060295,0.0126742534,0.000854873215,0.0164411832,-0.0258816369,0.00120127667,-0.000822645321,-0.00260587945,-0.000401481404,0.000143745201,0.00213427423,0.00155315164,0.00938184746,0.00504517742,0.000792522158,-0.00140422792,-0.002541336,-0.000360890495,0.00209842809,-0.017878117,0.00535119511,0.00852765236,-0.202493101,0.0385855064,-0.0957241282,0.414114356,-0.0878553316,0.139793485,-0.30240187,-0.067988351,0.0960118473,0.414812177,-0.388435841,-0.109860711,0.0315289944,0.165381327,0.0162340142,0.325583011,0.379540801,0.0434443429,0.886658728,0.133035332,0.0084990412,0.0566448122,0.391339839,-0.354359984,0.00455769151,0.96930331,-0.184114054,-0.0330598131,0.0269683413,-0.202815205,0.0386709869,-0.0959489346,0.414344668,-0.087664254,0.139916241,-0.303011596,-0.0677505583,0.0960534662,0.414910942,-0.389171064,-0.110045008,0.0315640755,0.165423065,0.0161155649,0.325648993,0.379435599,0.0434534326,0.886833549,0.133121789,0.00866437331,0.0565764904,0.391237795,-0.354485005,0.00453550182,0.969331205,-0.18443349,-0.0329689346,0.0270445962,-0.202815205,0.0386709869,-0.0959489346,0.414344668,-0.087664254,0.139916241,-0.303011596,-0.0677505583,0.0960534662,0.414910942,-0.389171064,-0.110045008,0.0315640755,0.165423065,0.0161155649,0.325648993,0.379435599,0.0434534326,0.886833549,0.133121789,0.00866436958,0.0565764904,0.391237795,-0.354485005,0.00453550182,0.969331205,-0.18443349,-0.0329689346,0.027044598
1.63090365,3214755.28,0,0,0.010343458,7.73230568e-06,1,0.181197189,0,1,0.688548625,0.00341648655,-0.0102654602,-0.725109458,-0.00907484628,0.00517734326,-0.0108476924,-2.24207754e-44,2.24207754e-44,2.24207754e-44,-0.270611912,0.0762768537,-0.106230766,0.446524829,-0.182263479,0.0316679068,-0.207511127,-0.0610585548,0.0937442333,0.535583317,-0.330723494,0.0121525256,0.0317400806,0.0179635994,-0.00365481921,0.333198577,0.245380014,-0.00377203338,0.948283732,0.126285329,0.0366182737,0.0204218887,0.36908105,-0.308072358,0.0131033082,0.975673437,-0.179714903,-0.0326125249,0.0258782189,-0.0278408341,-0.00276546762,-0.0116952118,0.0156362355,0.00620834483,-0.00267842016,-0.0261353049,0.000964036444,0.0124220774,0.00122659409,0.0159156565,-0.0255828854,0.00118689158,-0.000807458186,-0.00283065368,-0.000466679077,0.000134989124,0.00214139628,0.00152964902,0.0093001537,0.00501476042,0.000721895485,-0.00145614776,-0.00257220003,-0.000374243216,0.00206772005,-0.0179554075,0.00534758531,0.0084022088,-0.202815205,0.0386709869,-0.0959489346,0.414344668,-0.087664254,0.139916241,-0.303011596,-0.0677505583,0.0960534662,0.414910942,-0.389171064,-0.110045008,0.0315640755,0.165423065,0.0161155649,0.325648993,0.379435599,0.0434534326,0.886833549,0.133121789,0.00866436958,0.0565764904,0.391237795,-0.354485005,0.00453550182,0.969331205,-0.18443349,-0.0329689346,0.027044598,-0.202815205,0.0386709869,-0.0959489346,0.414344668,-0.087664254,0.139916241,-0.303011596,-0.0677505583,0.0960534662,0.414910942,-0.389171064,-0.110045008,0.0315640755,0.165423065,0.0161155649,0.325648993,0.379435599,0.0434534326,0.886833549,0.133121789,0.00866437331,0.0565764904,0.391237795,-0.354485005,0.00453550182,0.969331205,-0.18443349,-0.0329689346,0.0270445962,-0.202815205,0.0386709869,-0.0959489346,0.414344668,-0.087664254,0.139916241,-0.303011596,-0.0677505583,0.0960534662,0.414910942,-0.389171064,-0.110045008,0.0315640755,0.165423065,0.0161155649,0.325648993,0.379435599,0.0434534326,0.886833549,0.133121789,0.00866436958,0.0565764904,0.391237795,-0.354485005,0.00453550182,0.969331205,-0.18443349,-0.0329689346,0.027044598
1.64092045,3214755.29,0,0,0.000355235301,5.25033101e-06,1,0.186006073,0.000572055578,1,0.688509762,0.0034059973,-0.0102145281,-0.725147128,-0.00874044094,0.00545601547,-0.0108531825,-2.24207754e-44,2.24207754e-44,2.24207754e-44,-0.270887524,0.0762503147,-0.106347263,0.446677476,-0.182202443,0.0316408724,-0.207771823,-0.0610489361,0.0938675627,0.535596251,-0.330566317,0.0119035468,0.0317519121,0.0179553833,-0.00368283293,0.33319363,0.245381311,-0.0037506267,0.948298991,0.126377672,0.0366682224,0.0204287395,0.369066179,-0.308098137,0.0130995307,0.975693941,-0.179893792,-0.0325593129,0.0259612836,-0.0272392686,-0.002582466,-0.0116033377,0.0149210664,0.00605295785,-0.00275682239,-0.0259148143,0.000948642148,0.012292048,0.00128274481,0.0156279448,-0.0244005714,0.00118134567,-0.000836792169,-0.00274229865,-0.000508693804,0.000125442981,0.00213824096,0.00153186114,0.00919109676,0.00498479791,0.00066321349,-0.00150259491,-0.00258009369,-0.000378657249,0.00203696312,-0.0178165138,0.00529836165,0.00824460853,-0.202815205,0.0386709869,-0.0959489346,0.414344668,-0.087664254,0.139916241,-0.303011596,-0.0677505583,0.0960534662,0.414910942,-0.389171064,-0.110045008,0.0315640755,0.165423065,0.0161155649,0.325648993,0.379435599,0.0434534326,0.886833549,0.133121789,0.00866436958,0.0565764904,0.391237795,-0.354485005,0.00453550182,0.969331205,-0.18443349,-0.0329689346,0.027044598,-0.203082532,0.0387310833,-0.0961559638,0.414604276,-0.087354444,0.140043408,-0.303583652,-0.0675352663,0.096106723,0.4150244,-0.389739215,-0.110233501,0.0315911919,0.165424019,0.0159401894,0.325679928,0.379329115,0.0434675477,0.886991382,0.133191377,0.00880400091,0.0565098859,0.391143173,-0.354614437,0.00451750308,0.969361007,-0.184756383,-0.0328861102,0.0271157101,-0.203082532,0.0387310833,-0.0961559638,0.414604276,-0.087354444,0.140043408,-0.303583652,-0.0675352663,0.096106723,0.4150244,-0.389739215,-0.110233508,0.0315911919,0.165424019,0.0159401894,0.325679928,0.379329115,0.0434675477,0.886991382,0.133191377,0.00880400091,0.0565098822,0.391143173,-0.354614437,0.00451750308,0.969361007,-0.184756383,-0.0328861102,0.0271157101
1.65191713,3214755.3,0,0,0.011351916,4.23798338e-06,1,0.186006073,0,1,0.688470781,0.00339724333,-0.0101643829,-0.725184858,-0.00843479857,0.00589703582,-0.0108407205,-2.24207754e-44,2.24207754e-44,2.24207754e-44,-0.271154732,0.0762255713,-0.106462546,0.4468216,-0.182142645,0.0316132903,-0.20802854,-0.0610395372,0.0939896256,0.535609603,-0.330412537,0.0116642118,0.0317636803,0.0179468542,-0.0037097123,0.333188415,0.245382488,-0.00372925913,0.948314607,0.126468763,0.036718078,0.0204349235,0.36905095,-0.308124006,0.0130957318,0.975714147,-0.18007119,-0.0325066559,0.0260426197,-0.0270155482,-0.00241268845,-0.0115668885,0.014535509,0.00586277898,-0.00258987304,-0.0260037072,0.000988962012,0.0121048782,0.00157920399,0.015131426,-0.0239313301,0.00116660516,-0.000835247629,-0.00284194364,-0.000551649835,0.000108943263,0.00214165519,0.00154932006,0.00907395594,0.00496917265,0.000584590831,-0.001547992,-0.00260968786,-0.000385507767,0.00201406609,-0.0178468172,0.00527146086,0.00809287466,-0.203082532,0.0387310833,-0.0961559638,0.414604276,-0.087354444,0.140043408,-0.303583652,-0.0675352663,0.096106723,0.4150244,-0.389739215,-0.110233508,0.0315911919,0.165424019,0.0159401894,0.325679928,0.379329115,0.0434675477,0.886991382,0.133191377,0.00880400091,0.0565098822,0.391143173,-0.354614437,0.00451750308,0.969361007,-0.184756383,-0.0328861102,0.0271157101,-0.203082532,0.0387310833,-0.0961559638,0.414604276,-0.087354444,0.140043408,-0.303583652,-0.0675352663,0.096106723,0.4150244,-0.389739215,-0.110233501,0.0315911919,0.165424019,0.0159401894,0.325679928,0.379329115,0.0434675477,0.886991382,0.133191377,0.00880400091,0.0565098859,0.391143173,-0.354614437,0.00451750308,0.969361007,-0.184756383,-0.0328861102,0.0271157101,-0.203082532,0.0387310833,-0.0961559638,0.414604276,-0.087354444,0.140043408,-0.303583652,-0.0675352663,0.096106723,0.4150244,-0.389739215,-0.110233508,0.0315911919,0.165424019,0.0159401894,0.325679928,0.379329115,0.0434675477,0.886991382,0.133191377,0.00880400091,0.0565098822,0.391143173,-0.354614437,0.00451750308,0.969361007,-0.184756383,-0.0328861102,0.0271157101
1.66289917,3214755.31,0,0,0.00228510611,4.80003655e-06,1,0.204138923,0.000532954931,1,0.688431859,0.00339119928,-0.0101137441,-0.725222588,-0.00806696434,0.00590379583,-0.0108732302,-2.24207754e-44,2.24207754e-44,2.24207754e-44,-0.27142033,0.0762025565,-0.106577449,0.446962237,-0.182084814,0.0315871798,-0.208286479,-0.0610297769,0.0941099599,0.535625696,-0.330263317,0.0114319194,0.0317753032,0.017938314,-0.0037372685,0.333182752,0.245383486,-0.00370786758,0.948330283,0.126558676,0.0367676914,0.0204403587,0.369035244,-0.308150172,0.0130918697,0.975734174,-0.180248708,-0.0324543081,0.0261224695,-0.0259570219,-0.00222337432,-0.011401087,0.0135428458,0.00575742871,-0.00269302586,-0.0254247747,0.00094456115,0.0120034367,0.00153269176,0.0148114907,-0.0226716362,0.00116174459,-0.000877740444,-0.00261853682,-0.000563852256,9.57618686e-05,0.00213466608,0.00160192815,0.00892842188,0.00496584503,0.000517895387,-0.00158170518,-0.00261207367,-0.000384497223,0.0019935919,-0.0176233184,0.00519891176,0.00790087227,-0.203304648,0.0387573391,-0.0963395536,0.414899707,-0.0868859813,0.140168488,-0.304116607,-0.0673464835,0.096177876,0.415142447,-0.390094876,-0.110414781,0.0316135474,0.165378213,0.0156938918,0.325683057,0.379233688,0.0434924625,0.887130141,0.133240044,0.00891368836,0.0564488918,0.391054779,-0.354738027,0.00450655073,0.969390154,-0.185075551,-0.0328079313,0.0271808505,-0.203304648,0.0387573354,-0.0963395536,0.414899707,-0.0868859813,0.140168503,-0.304116607,-0.0673464835,0.096177876,0.415142447,-0.390094876,-0.110414781,0.0316135474,0.165378213,0.0156938918,0.325683057,0.379233688,0.0434924625,0.887130141,0.133240044,0.0089136865,0.0564488955,0.391054779,-0.354738027,0.00450655073,0.969390154,-0.185075551,-0.0328079313,0.0271808505,-0.203304648,0.0387573391,-0.0963395536,0.414899707,-0.0868859813,0.140168488,-0.304116607,-0.0673464835,0.096177876,0.415142447,-0.390094876,-0.110414781,0.0316135474,0.165378213,0.0156938918,0.325683057,0.379233688,0.0434924625,0.887130141,0.133240044,0.00891368836,0.0564488918,0.391054779,-0.354738027,0.00450655073,0.969390154,-0.185075551,-0.0328079313,0.0271808505
1.67290414,3214755.32,0,0,0.012290075,8.40984285e-06,1,0.204138923,0,1,0.688392878,0.00338634057,-0.0100645246,-0.725260317,-0.00776199205,0.00630682148,-0.0108499201,-2.24207754e-44,2.24207754e-44,2.24207754e-44,-0.271675259,0.0761812851,-0.106690839,0.447093576,-0.182028025,0.0315608233,-0.208538413,-0.0610203482,0.094229199,0.53564167,-0.330117583,0.0112094041,0.0317868516,0.0179294366,-0.00376323774,0.33317706,0.245384336,-0.00368652306,0.948346674,0.126647115,0.0368173309,0.0204450972,0.36901924,-0.308176398,0.013088027,0.975754023,-0.180424497,-0.0324026011,0.0262005031,-0.0258048065,-0.0020764377,-0.0113778114,0.0133212963,0.00556938956,-0.0024307787,-0.0255053919,0.000990225119,0.0118370168,0.00183210359,0.0143604754,-0.0221853033,0.00114395795,-0.000869736483,-0.00275944569,-0.00059998862,7.44360004e-05,0.00214104028,0.00162530027,0.00880275108,0.00494054472,0.000441031414,-0.00162056449,-0.0026465673,-0.00038774882,0.00197432283,-0.0176994037,0.00517599564,0.00776605541,-0.203304648,0.0387573391,-0.0963395536,0.414899707,-0.0868859813,0.140168488,-0.304116607,-0.0673464835,0.096177876,0.415142447,-0.390094876,-0.110414781,0.0316135474,0.165378213,0.0156938918,0.325683057,0.379233688,0.0434924625,0.887130141,0.133240044,0.00891368836,0.0564488918,0.391054779,-0.354738027,0.00450655073,0.969390154,-0.185075551,-0.0328079313,0.0271808505,-0.203304648,0.0387573354,-0.0963395536,0.414899707,-0.0868859813,0.140168503,-0.304116607,-0.0673464835,0.096177876,0.415142447,-0.390094876,-0.110414781,0.0316135474,0.165378213,0.0156938918,0.325683057,0.379233688,0.0434924625,0.887130141,0.133240044,0.0089136865,0.0564488955,0.391054779,-0.354738027,0.00450655073,0.969390154,-0.185075551,-0.0328079313,0.0271808505,-0.203304648,0.0387573391,-0.0963395536,0.414899707,-0.0868859813,0.140168488,-0.304116607,-0.0673464835,0.096177876,0.415142447,-0.390094876,-0.110414781,0.0316135474,0.165378213,0.0156938918,0.325683057,0.379233688,0.0434924625,0.887130141,0.133240044,0.00891368836,0.0564488918,0.391054779,-0.354738027,0.00450655073,0.969390154,-0.185075551,-0.0328079313,0.0271808505
1.6838979,3214755.33,0,0,0.00328917196,4.27709892e-06,1,0.200046692,0.000567659736,1,0.688353956,0.00338394474,-0.010015035,-0.725297928,-0.00740356883,0.00625137566,-0.0108742667,-2.24207754e-44,2.24207754e-44,2.24207754e-44,-0.271928877,0.0761615708,-0.106803887,0.447222829,-0.181973204,0.0315367095,-0.208791122,-0.0610105395,0.0943468884,0.535660267,-0.329976022,0.0109944688,0.0317982398,0.0179205891,-0.00379008474,0.333170921,0.245384991,-0.0036651222,0.948363125,0.126734272,0.0368665829,0.0204491224,0.369002819,-0.308202922,0.0130841602,0.975773633,-0.180600658,-0.032351207,0.0262771379,-0.0247652158,-0.00189446018,-0.0112198191,0.0124427248,0.00545259938,-0.00246694824,-0.0248898957,0.000956104835,0.0117312092,0.00179729844,0.0140311848,-0.0210424177,0.00113834115,-0.00090463087,-0.00255602458,-0.000610298594,5.85316448e-05,0.00213615317,0.00167761743,0.00864998996,0.00492599048,0.000378388941,-0.00165165134,-0.00265087909,-0.000384057668,0.00195562583,-0.0174915865,0.00510443607,0.0075833709,-0.203499258,0.0387408584,-0.0964962468,0.415226519,-0.0863183215,0.14028728,-0.304615021,-0.0671860129,0.0962674022,0.415253818,-0.390286148,-0.110592864,0.0316357389,0.165285259,0.0153994896,0.325664043,0.379151523,0.0435296521,0.887256384,0.133269235,0.00899156928,0.0563934147,0.390967548,-0.354849517,0.00450170971,0.969414651,-0.185393006,-0.0327351876,0.0272434764,-0.203499258,0.0387408547,-0.0964962468,0.415226519,-0.0863183215,0.14028728,-0.304615021,-0.0671860129,0.0962674022,0.415253818,-0.390286148,-0.110592857,0.0316357389,0.165285259,0.0153994896,0.325664043,0.379151523,0.0435296521,0.887256384,0.133269235,0.00899156742,0.0563934185,0.390967548,-0.354849517,0.00450170971,0.969414651,-0.185393006,-0.0327351876,0.0272434764,-0.203499258,0.0387408584,-0.0964962468,0.415226519,-0.0863183215,0.14028728,-0.304615021,-0.0671860129,0.0962674022,0.415253818,-0.390286148,-0.110592864,0.0316357389,0.165285259,0.0153994896,0.325664043,0.379151523,0.0435296521,0.887256384,0.133269235,0.00899156928,0.0563934147,0.390967548,-0.354849517,0.00450170971,0.969414651,-0.185393006,-0.0327351876,0.0272434764
1.6938981,3214755.34,0,0,0.0132893659,4.45917249e-06,1,0.200046692,0,1,0.688307106,0.00338109955,-0.00995923858,-0.725343168,-0.00696617831,0.00609546108,-0.0108566498,-2.24207754e-44,2.24207754e-44,2.24207754e-44,-0.272211462,0.0761401504,-0.106936887,0.447360903,-0.181908175,0.0315064341,-0.209080115,-0.060999576,0.0944867879,0.535680473,-0.329810649,0.0107469382,0.0318118744,0.017909348,-0.00381840602,0.333163828,0.245385528,-0.00363958534,0.948384047,0.126836762,0.0369258337,0.0204531327,0.368982941,-0.308234662,0.0130796088,0.975797057,-0.180808097,-0.0322906412,0.0263665821,-0.02345182,-0.00173493463,-0.0110834194,0.011463101,0.00532136532,-0.00232394203,-0.0240637586,0.000935771735,0.011581894,0.00183435658,0.0135540767,-0.0204581339,0.00112836726,-0.000929130125,-0.00246315077,-0.000606852351,3.21777807e-05,0.00213316595,0.00175565504,0.008472424,0.00491230097,0.000297150633,-0.00167195674,-0.00266371481,-0.000379394885,0.00194051815,-0.0173467379,0.00503660925,0.00739557715,-0.203499258,0.0387408584,-0.0964962468,0.415226519,-0.0863183215,0.14028728,-0.304615021,-0.0671860129,0.0962674022,0.415253818,-0.390286148,-0.110592864,0.0316357389,0.165285259,0.0153994896,0.325664043,0.379151523,0.0435296521,0.887256384,0.133269235,0.00899156928,0.0563934147,0.390967548,-0.354849517,0.00450170971,0.969414651,-0.185393006,-0.0327351876,0.0272434764,-0.203499258,0.0387408547,-0.0964962468,0.415226519,-0.0863183215,0.14028728,-0.304615021,-0.0671860129,0.0962674022,0.415253818,-0.390286148,-0.110592857,0.0316357389,0.165285259,0.0153994896,0.325664043,0.379151523,0.0435296521,0.887256384,0.133269235,0.00899156742,0.0563934185,0.390967548,-0.354849517,0.00450170971,0.969414651,-0.185393006,-0.0327351876,0.0272434764,-0.203499258,0.0387408584,-0.0964962468,0.415226519,-0.0863183215,0.14028728,-0.304615021,-0.0671860129,0.0962674022,0.415253818,-0.390286148,-0.110592864,0.0316357389,0.165285259,0.0153994896,0.325664043,0.379151523,0.0435296521,0.887256384,0.133269235,0.00899156928,0.0563934147,0.390967548,-0.354849517,0.00450170971,0.969414651,-0.185393006,-0.0327351876,0.0272434764
1.70489754,3214755.35,0,0,0.00431854371,4.22587618e-06,1,0.199864618,0.000564321876,1,0.688268244,0.00338061363,-0.00991336815,-0.725380659,-0.00661765039,0.00601825863,-0.0108089801,-2.24207754e-44,2.24207754e-44,2.24207754e-44,-0.272442639,0.0761233196,-0.10704758,0.447473466,-0.181855962,0.0314849913,-0.209318787,-0.060990192,0.0946016461,0.535700023,-0.32967791,0.010544505,0.031823054,0.0179000273,-0.00384313054,0.333157539,0.245385677,-0.00361824571,0.948401749,0.126920521,0.0369745865,0.0204556864,0.368966013,-0.308261454,0.0130758276,0.975816309,-0.180981264,-0.0322405882,0.0264396016,-0.0225778669,-0.00164756994,-0.0110293496,0.0108672529,0.0051850928,-0.00210806984,-0.0235008709,0.000917610363,0.0114327455,0.00194240978,0.0130954878,-0.0200922694,0.00111257262,-0.00094573159,-0.0023878247,-0.00062970008,4.59308058e-06,0.0021297643,0.00179292914,0.008308121,0.00486298557,0.000229078258,-0.00170077523,-0.00267929467,-0.000375971664,0.00192135945,-0.0172169469,0.00497313309,0.00722693745,-0.203680187,0.0386730656,-0.0966222659,0.415574014,-0.0857539997,0.140397877,-0.30509147,-0.0670485348,0.0963750929,0.415334255,-0.390430093,-0.110765986,0.0316630304,0.165154755,0.0150786117,0.325628281,0.379077137,0.0435793251,0.887372613,0.133287236,0.009043172,0.0563389361,0.390884727,-0.354943573,0.00450439379,0.969435751,-0.185713887,-0.0326647237,0.0273077078,-0.203680187,0.0386730656,-0.0966222659,0.415574014,-0.0857539997,0.140397877,-0.30509147,-0.0670485422,0.0963750929,0.415334255,-0.390430063,-0.110765994,0.0316630304,0.165154755,0.0150786117,0.325628281,0.379077137,0.0435793251,0.887372613,0.133287236,0.00904317386,0.0563389398,0.390884727,-0.354943573,0.00450439379,0.969435751,-0.185713887,-0.0326647237,0.027307706,-0.203680187,0.0386730656,-0.0966222659,0.415574014,-0.0857539997,0.140397877,-0.30509147,-0.0670485348,0.0963750929,0.415334255,-0.390430093,-0.110765986,0.0316630304,0.165154755,0.0150786117,0.325628281,0.379077137,0.0435793251,0.887372613,0.133287236,0.009043172,0.0563389361,0.390884727,-0.354943573,0.00450439379,0.969435751,-0.185713887,-0.0326647237,0.0273077078
1.71490378,3214755.36,0,0,0.014324782,6.05219975e-06,1,0.199864618,0,1,0.688221931,0.00338223926,-0.00985904783,-0.725425303,-0.00629844842,0.00655082427,-0.0107166795,-2.24207754e-44,2.24207754e-44,2.24207754e-44,-0.272715956,0.0761039704,-0.107180454,0.447606921,-0.181796014,0.0314644948,-0.209602907,-0.0609786771,0.0947375894,0.535726726,-0.329524934,0.0103057455,0.0318363644,0.0178889055,-0.00387413288,0.333149433,0.245385438,-0.00359254656,0.948423147,0.127018943,0.0370319486,0.0204577781,0.368945211,-0.308293998,0.0130713368,0.975839138,-0.181189582,-0.0321810283,0.0265254863,-0.0229291394,-0.00158530404,-0.0111027379,0.0112943603,0.00485636294,-0.00144111353,-0.0238144435,0.000987669802,0.0112527721,0.00241859653,0.0125054503,-0.0197286252,0.00110731996,-0.000915185781,-0.00269607897,-0.000713980524,-3.97036347e-05,0.00214886246,0.00176813232,0.00812492613,0.00471427059,0.000137165887,-0.00175922294,-0.00273217214,-0.000372638751,0.00188544334,-0.0174410753,0.00495251874,0.0071049314,-0.203680187,0.0386730656,-0.0966222659,0.415574014,-0.0857539997,0.140397877,-0.30509147,-0.0670485348,0.0963750929,0.415334255,-0.390430093,-0.110765986,0.0316630304,0.165154755,0.0150786117,0.325628281,0.379077137,0.0435793251,0.887372613,0.133287236,0.009043172,0.0563389361,0.390884727,-0.354943573,0.00450439379,0.969435751,-0.185713887,-0.0326647237,0.0273077078,-0.203680187,0.0386730656,-0.0966222659,0.415574014,-0.0857539997,0.140397877,-0.30509147,-0.0670485422,0.0963750929,0.415334255,-0.390430063,-0.110765994,0.0316630304,0.165154755,0.0150786117,0.325628281,0.379077137,0.0435793251,0.887372613,0.133287236,0.00904317386,0.0563389398,0.390884727,-0.354943573,0.00450439379,0.969435751,-0.185713887,-0.0326647237,0.027307706,-0.203680187,0.0386730656,-0.0966222659,0.415574014,-0.0857539997,0.140397877,-0.30509147,-0.0670485348,0.0963750929,0.415334255,-0.390430093,-0.110765986,0.0316630304,0.165154755,0.0150786117,0.325628281,0.379077137,0.0435793251,0.887372613,0.133287236,0.009043172,0.0563389361,0.390884727,-0.354943573,0.00450439379,0.969435751,-0.185713887,-0.0326647237,0.0273077078
1.72591124,3214755.37,0,0,0.00527030416,5.21307811e-06,1,0.226594973,0.000576138496,1,0.688183546,0.00338471844,-0.00981513318,-0.725462317,-0.00591692142,0.00603468437,-0.0106829181,-2.24207754e-44,2.24207754e-44,2.24207754e-44,-0.272936046,0.0760885924,-0.107290767,0.447712988,-0.181747988,0.0314503014,-0.209834784,-0.0609692112,0.0948494375,0.535750329,-0.329402566,0.0101108551,0.0318474136,0.0178795084,-0.00389938033,0.333142251,0.245384827,-0.0035711478,0.948441148,0.127099171,0.0370788351,0.0204587672,0.368927509,-0.308321267,0.0130676627,0.975857913,-0.181362152,-0.0321320333,0.026595436,-0.0211811047,-0.00150395185,-0.0109647065,0.00998836569,0.0047868439,-0.00144743663,-0.022612391,0.000905755092,0.0111434171,0.00227079797,0.0120624509,-0.0193352588,0.00110270339,-0.000961309357,-0.00236841384,-0.000708337524,-7.38056842e-05,0.00213095802,0.00183374726,0.00795422308,0.00468378514,7.40668838e-05,-0.00177143887,-0.00272071664,-0.000363477156,0.00187407993,-0.0170895234,0.00485847192,0.00691444008,-0.203833967,0.0385614857,-0.0967217907,0.415943116,-0.0851778612,0.140497476,-0.305549771,-0.0669266433,0.0964991748,0.415395588,-0.390502691,-0.110935085,0.0316915512,0.164983183,0.0147629045,0.325584739,0.379020333,0.0436410569,0.887480915,0.133293733,0.0090738982,0.0562819019,0.390801698,-0.355014861,0.00451470725,0.969447136,-0.186028481,-0.0325994343,0.0273669474,-0.203833967,0.038561482,-0.0967217907,0.415943116,-0.0851778612,0.140497491,-0.305549771,-0.0669266433,0.0964991748,0.415395588,-0.390502661,-0.110935077,0.0316915512,0.164983183,0.0147629045,0.325584739,0.379020333,0.0436410569,0.887480915,0.133293733,0.00907389447,0.0562819019,0.390801698,-0.355014861,0.00451470725,0.969447136,-0.186028481,-0.0325994343,0.0273669474,-0.203833967,0.0385614857,-0.0967217907,0.415943116,-0.0851778612,0.140497476,-0.305549771,-0.0669266433,0.0964991748,0.415395588,-0.390502691,-0.110935085,0.0316915512,0.164983183,0.0147629045,0.325584739,0.379020333,0.0436410569,0.887480915,0.133293733,0.0090738982,0.0562819019,0.390801698,-0.355014861,0.00451470725,0.969447136,-0.186028481,-0.0325994343,0.0273669474
1.7369005,3214755.38,0,0,0.0162595692,5.10504469e-06,1,0.226594973,0,1,0.688160658,0.00338686653,-0.0097891232,-0.725484431,-0.00580076594,0.00650064042,-0.0106307939,-2.24207754e-44,2.24207754e-44,2.24207754e-44,-0.273066372,0.0760795996,-0.107356876,0.447776079,-0.181720287,0.0314439237,-0.209972814,-0.0609634519,0.0949160382,0.535765529,-0.329331368,0.00999545865,0.0318540707,0.0178739,-0.00391505472,0.33313778,0.245384276,-0.00355825922,0.948451996,0.127146527,0.0371064581,0.0204589702,0.36891675,-0.308337748,0.013065502,0.975869,-0.181465968,-0.0321028158,0.0266368221,-0.0218647905,-0.00149197911,-0.0110340379,0.010676071,0.00454218406,-0.000915308075,-0.0231048521,0.000976966694,0.0110746166,0.00262941862,0.0117690284,-0.0191638712,0.00111194188,-0.000926118111,-0.00268608169,-0.000764889352,-9.87678359e-05,0.00215353165,0.00180222187,0.00785983261,0.00456898846,1.64167341e-05,-0.00180748326,-0.00275687524,-0.000358411809,0.00184612104,-0.0173599683,0.00486769574,0.00688120909,-0.203833967,0.0385614857,-0.0967217907,0.415943116,-0.0851778612,0.140497476,-0.305549771,-0.0669266433,0.0964991748,0.415395588,-0.390502691,-0.110935085,0.0316915512,0.164983183,0.0147629045,0.325584739,0.379020333,0.0436410569,0.887480915,0.133293733,0.0090738982,0.0562819019,0.390801698,-0.355014861,0.00451470725,0.969447136,-0.186028481,-0.0325994343,0.0273669474,-0.203833967,0.038561482,-0.0967217907,0.415943116,-0.0851778612,0.140497491,-0.305549771,-0.0669266433,0.0964991748,0.415395588,-0.390502661,-0.110935077,0.0316915512,0.164983183,0.0147629045,0.325584739,0.379020333,0.0436410569,0.887480915,0.133293733,0.00907389447,0.0562819019,0.390801698,-0.355014861,0.00451470725,0.969447136,-0.186028481,-0.0325994343,0.0273669474,-0.203833967,0.0385614857,-0.0967217907,0.415943116,-0.0851778612,0.140497476,-0.305549771,-0.0669266433,0.0964991748,0.415395588,-0.390502691,-0.110935085,0.0316915512,0.164983183,0.0147629045,0.325584739,0.379020333,0.0436410569,0.887480915,0.133293733,0.0090738982,0.0562819019,0.390801698,-0.355014861,0.00451470725,0.969447136,-0.186028481,-0.0325994343,0.0273669474
1.74789979,3214755.39,0,0,0.00732876686,5.72483987e-06,1,0.192230102,0.000739857554,1,0.688099802,0.00339412317,-0.00972177647,-0.725542963,-0.00531570939,0.00620991969,-0.0105585512,-2.24207754e-44,2.24207754e-44,2.24207754e-44,-0.273403168,0.0760566592,-0.107532471,0.447938442,-0.181650236,0.0314325318,-0.210333586,-0.0609481595,0.0950917304,0.535808384,-0.329149365,0.00969439093,0.0318718813,0.0178588759,-0.00395659078,0.333125144,0.245382175,-0.0035238422,0.948481083,0.127269998,0.0371783152,0.0204582587,0.368887395,-0.308381915,0.0130599104,0.975898206,-0.18174167,-0.0320258699,0.0267448537,-0.0203902647,-0.00139305787,-0.0109120347,0.00974517502,0.00427241158,-0.00053079502,-0.0220948234,0.000937984616,0.010919176,0.00272859167,0.0110878004,-0.0185763184,0.00110920169,-0.00095014117,-0.00254385523,-0.000803750008,-0.000153964502,0.00215215562,0.00183843181,0.00759914471,0.00443096645,-9.86635569e-05,-0.00185435324,-0.00276371767,-0.000342147716,0.0018000562,-0.0171403084,0.0047650896,0.00665098475,-0.20394218,0.0384260491,-0.0967739597,0.416338712,-0.0844380036,0.140577227,-0.305967182,-0.0668345839,0.0966261774,0.415486217,-0.390339315,-0.111116938,0.031698443,0.16475752,0.0144822076,0.325527132,0.379004002,0.0437114686,0.887570143,0.133283705,0.00908643007,0.0562197343,0.390722454,-0.355067283,0.00452493317,0.969442308,-0.186301038,-0.0325415358,0.027415935,-0.20394218,0.0384260453,-0.0967739597,0.416338712,-0.0844380036,0.140577242,-0.305967182,-0.0668345839,0.0966261774,0.415486217,-0.390339315,-0.111116931,0.031698443,0.16475752,0.0144822076,0.325527132,0.379004002,0.0437114686,0.887570143,0.133283705,0.0090864338,0.0562197343,0.390722454,-0.355067283,0.00452493317,0.969442308,-0.186301038,-0.0325415358,0.0274159331,-0.20394218,0.0384260491,-0.0967739597,0.416338712,-0.0844380036,0.140577227,-0.305967182,-0.0668345839,0.0966261774,0.415486217,-0.390339315,-0.111116938,0.031698443,0.16475752,0.0144822076,0.325527132,0.379004002,0.0437114686,0.887570143,0.133283705,0.00908643007,0.0562197343,0.390722454,-0.355067283,0.00452493317,0.969442308,-0.186301038,-0.0325415358,0.027415935
1.7589024,3214755.4,0,0,0.0183313768,5.7797879e-06,1,0.192230102,0,1,0.688054442,0.00340076629,-0.00967330486,-0.725586593,-0.00499784993,0.00608061207,-0.0105137238,-2.24207754e-44,2.24207754e-44,2.24207754e-44,-0.273646295,0.0760403574,-0.107662879,0.448056698,-0.181600899,0.031430278,-0.210597456,-0.0609367564,0.0952220038,0.535843432,-0.329019517,0.00947466958,0.0318850316,0.017847525,-0.00398786971,0.333115071,0.245380104,-0.00349787017,0.948503137,0.127359584,0.0372302905,0.0204563029,0.368864715,-0.308415264,0.0130558908,0.975919306,-0.181947336,-0.0319691114,0.0268235356,-0.0196756292,-0.00132399995,-0.0108016413,0.00951287802,0.0040374645,-9.71329719e-05,-0.0215674806,0.000927697518,0.0108121401,0.00292951218,0.0106157428,-0.0181054659,0.00108770619,-0.000957677723,-0.00251905597,-0.000847002608,-0.000187728554,0.00216301577,0.00184932421,0.00737522356,0.00428952137,-0.000199913397,-0.00190304976,-0.00277502276,-0.000329338334,0.0017441886,-0.0170152709,0.00468875933,0.00647269748,-0.20394218,0.0384260491,-0.0967739597,0.416338712,-0.0844380036,0.140577227,-0.305967182,-0.0668345839,0.0966261774,0.415486217,-0.390339315,-0.111116938,0.031698443,0.16475752,0.0144822076,0.325527132,0.379004002,0.0437114686,0.887570143,0.133283705,0.00908643007,0.0562197343,0.390722454,-0.355067283,0.00452493317,0.969442308,-0.186301038,-0.0325415358,0.027415935,-0.20394218,0.0384260453,-0.0967739597,0.416338712,-0.0844380036,0.140577242,-0.305967182,-0.0668345839,0.0966261774,0.415486217,-0.390339315,-0.111116931,0.031698443,0.16475752,0.0144822076,0.325527132,0.379004002,0.0437114686,0.887570143,0.133283705,0.0090864338,0.0562197343,0.390722454,-0.355067283,0.00452493317,0.969442308,-0.186301038,-0.0325415358,0.0274159331,-0.20394218,0.0384260491,-0.0967739597,0.416338712,-0.0844380036,0.140577227,-0.305967182,-0.0668345839,0.0966261774,0.415486217,-0.390339315,-0.111116938,0.031698443,0.16475752,0.0144822076,0.325527132,0.379004002,0.0437114686,0.887570143,0.133283705,0.00908643007,0.0562197343,0.390722454,-0.355067283,0.00452493317,0.969442308,-0.186301038,-0.0325415358,0.027415935
1.76990096,3214755.42,0,0,0.00929478696,5.30900434e-06,1,0.199740753,0.000509932637,1,0.688016772,0.0034056243,-0.00963581633,-0.725622833,-0.00473350566,0.0058366796,-0.0104721226,-2.24207754e-44,2.24207754e-44,2.24207754e-44,-0.273834109,0.0760275051,-0.107770063,0.448146373,-0.18156147,0.031430155,-0.210806549,-0.0609278232,0.0953296572,0.535872281,-0.328916013,0.0092958305,0.0318958871,0.0178378001,-0.00401202822,0.333106637,0.245378047,-0.00347626233,0.948521912,0.127432317,0.0372728147,0.0204538889,0.368845642,-0.30844295,0.013052674,0.975936592,-0.182115912,-0.031922698,0.026887279,-0.0188115723,-0.00127405662,-0.0107148141,0.00913792197,0.00380030973,0.000232994193,-0.0209007859,0.000913967495,0.0107434038,0.00299362047,0.0101682115,-0.0177454315,0.00109293591,-0.000962171122,-0.00253077247,-0.00086390588,-0.00021713601,0.00217419816,0.00187696563,0.00720758364,0.00418749778,-0.000277332816,-0.00191922055,-0.00277604023,-0.000315704237,0.00170668913,-0.0169268493,0.00463626022,0.0063372599,-0.204082191,0.0382540151,-0.0968383178,0.416695386,-0.083928071,0.140640825,-0.306397825,-0.0667162985,0.0967638046,0.4154917,-0.390393555,-0.111271642,0.031730365,0.164540708,0.0142185576,0.325493217,0.378978908,0.0437954329,0.887674451,0.133283615,0.00909581035,0.0561654642,0.390667349,-0.355096757,0.00454276428,0.969436824,-0.18659164,-0.0324776061,0.0274694115,-0.204082191,0.0382540151,-0.0968383178,0.416695386,-0.083928071,0.14064084,-0.306397825,-0.066716291,0.0967638046,0.4154917,-0.390393525,-0.111271642,0.031730365,0.164540708,0.0142185576,0.325493217,0.378978908,0.0437954329,0.887674451,0.133283615,0.00909581035,0.0561654642,0.390667349,-0.355096757,0.00454276428,0.969436824,-0.18659164,-0.0324776061,0.0274694115,-0.204082191,0.0382540151,-0.0968383178,0.416695386,-0.083928071,0.140640825,-0.306397825,-0.0667162985,0.0967638046,0.4154917,-0.390393555,-0.111271642,0.031730365,0.164540708,0.0142185576,0.325493217,0.378978908,0.0437954329,0.887674451,0.133283615,0.00909581035,0.0561654642,0.390667349,-0.355096757,0.00454276428,0.969436824,-0.18659164,-0.0324776061,0.0274694115
1.77990373,3214755.43,0,0,0.0192975542,6.14719465e-06,1,0.199740753,0,1,0.687979221,0.00341133308,-0.00959898531,-0.725658894,-0.0045012976,0.00563977333,-0.0104388287,-2.24207754e-44,2.24207754e-44,2.24207754e-44,-0.274019629,0.0760150701,-0.107876912,0.448237568,-0.181525305,0.0314347744,-0.211013302,-0.0609186217,0.0954366475,0.535902977,-0.32881698,0.0091209216,0.0319068842,0.0178282149,-0.00403773412,0.333097726,0.245375708,-0.00345441652,0.948540628,0.127503425,0.0373138487,0.0204506982,0.36882627,-0.308470726,0.0130496053,0.9759534,-0.182284966,-0.0318766087,0.0269499179,-0.0180796999,-0.00121702161,-0.0106412349,0.00885362178,0.00353022199,0.000522845949,-0.0203189012,0.000904039829,0.0106661441,0.00305248541,0.00973010436,-0.0173206404,0.00110157102,-0.000965477375,-0.00251495466,-0.000896771322,-0.000245904579,0.00218482385,0.00188083691,0.00704589626,0.00406682398,-0.000342414423,-0.00194363389,-0.00277234754,-0.000301258115,0.00166532444,-0.0168100987,0.00457908818,0.00620299671,-0.204082191,0.0382540151,-0.0968383178,0.416695386,-0.083928071,0.140640825,-0.306397825,-0.0667162985,0.0967638046,0.4154917,-0.390393555,-0.111271642,0.031730365,0.164540708,0.0142185576,0.325493217,0.378978908,0.0437954329,0.887674451,0.133283615,0.00909581035,0.0561654642,0.390667349,-0.355096757,0.00454276428,0.969436824,-0.18659164,-0.0324776061,0.0274694115,-0.204082191,0.0382540151,-0.0968383178,0.416695386,-0.083928071,0.14064084,-0.306397825,-0.066716291,0.0967638046,0.4154917,-0.390393525,-0.111271642,0.031730365,0.164540708,0.0142185576,0.325493217,0.378978908,0.0437954329,0.887674451,0.133283615,0.00909581035,0.0561654642,0.390667349,-0.355096757,0.00454276428,0.969436824,-0.18659164,-0.0324776061,0.0274694115,-0.204082191,0.0382540151,-0.0968383178,0.416695386,-0.083928071,0.140640825,-0.306397825,-0.0667162985,0.0967638046,0.4154917,-0.390393555,-0.111271642,0.031730365,0.164540708,0.0142185576,0.325493217,0.378978908,0.0437954329,0.887674451,0.133283615,0.00909581035,0.0561654642,0.390667349,-0.355096757,0.00454276428,0.969436824,-0.18659164,-0.0324776061,0.0274694115
1.79090016,3214755.44,0,0,0.0102575989,5.10318205e-06,1,0.262127724,0.000414788723,1,0.68793422,0.00341684977,-0.00955848303,-0.725702047,-0.00421184674,0.00519614434,-0.0103887338,-2.24207754e-44,2.24207754e-44,2.24207754e-44,-0.274223179,0.0760010108,-0.108003505,0.448335618,-0.181484506,0.0314416774,-0.211247042,-0.0609083027,0.0955639854,0.535938501,-0.32870394,0.00891612656,0.031920135,0.0178164281,-0.00406636577,0.333087027,0.245372534,-0.0034282431,0.948563576,0.127586678,0.0373621434,0.0204461329,0.368802935,-0.308503807,0.0130461073,0.975973189,-0.182484165,-0.0318223387,0.02702301,-0.0168063901,-0.0011581158,-0.0105412751,0.00824903045,0.00321017718,0.000811031787,-0.0193165708,0.000875580008,0.0105873849,0.00304157077,0.00918014161,-0.0168985575,0.00111771876,-0.000972306356,-0.00248386711,-0.000910872128,-0.000276794744,0.00219473382,0.00190889183,0.0068616569,0.00395197421,-0.000417826552,-0.00195525005,-0.00275961612,-0.000282832538,0.00162463146,-0.0166302584,0.00450954214,0.00603605993,-0.204222202,0.0380537286,-0.0969030857,0.417024136,-0.0835598782,0.140687972,-0.306812614,-0.0665852427,0.0969025046,0.415482044,-0.390547276,-0.111415468,0.0317679271,0.16434741,0.0140125789,0.325471878,0.378964037,0.0438821502,0.887780964,0.133282229,0.00910519063,0.0561125055,0.390609711,-0.355105639,0.00456433557,0.969428778,-0.186867058,-0.0324163698,0.027514264,-0.204222202,0.0380537286,-0.0969030857,0.417024136,-0.0835598782,0.140687987,-0.306812614,-0.0665852427,0.0969025046,0.415482044,-0.390547276,-0.111415461,0.0317679271,0.16434741,0.0140125789,0.325471878,0.378964037,0.0438821502,0.887780964,0.133282229,0.00910519436,0.0561125055,0.390609711,-0.355105639,0.00456433557,0.969428778,-0.186867058,-0.0324163698,0.027514264,-0.204222202,0.0380537286,-0.0969030857,0.417024136,-0.0835598782,0.140687972,-0.306812614,-0.0665852427,0.0969025046,0.415482044,-0.390547276,-0.111415468,0.0317679271,0.16434741,0.0140125789,0.325471878,0.378964037,0.0438821502,0.887780964,0.133282229,0.00910519063,0.0561125055,0.390609711,-0.355105639,0.00456433557,0.969428778,-0.186867058,-0.0324163698,0.027514264
1.80091377,3214755.45,0,0,0.000322422013,5.30201942e-06,1,0.181614887,0.00041359663,1,0.687904418,0.00342087797,-0.00953218155,-0.725730658,-0.00405880157,0.00505683338,-0.0103575764,-2.24207754e-44,2.24207754e-44,2.24207754e-44,-0.274356216,0.0759919062,-0.108087726,0.448402107,-0.181460336,0.0314497054,-0.211400107,-0.0609012246,0.0956484154,0.535963356,-0.328632325,0.00878260657,0.0319291651,0.0178087074,-0.00408664299,0.333079547,0.245370224,-0.00341059873,0.948578775,0.127640948,0.0373931564,0.020442538,0.368787169,-0.30852586,0.0130439149,0.975986004,-0.182617053,-0.0317864381,0.0270707924,-0.0163485836,-0.00112108653,-0.0105039775,0.0081915902,0.00293651549,0.00106169132,-0.0189034883,0.000877679791,0.01053055,0.00310753915,0.00882200524,-0.0165636931,0.00113293435,-0.00096657715,-0.00251458073,-0.000940659782,-0.000295655598,0.00220775302,0.00190096477,0.00673650391,0.00384301087,-0.000465057848,-0.00197468046,-0.00275232759,-0.000269103941,0.00158825691,-0.0165515579,0.00446717814,0.00592853921,-0.204222202,0.0380537286,-0.0969030857,0.417024136,-0.0835598782,0.140687972,-0.306812614,-0.0665852427,0.0969025046,0.415482044,-0.390547276,-0.111415468,0.0317679271,0.16434741,0.0140125789,0.325471878,0.378964037,0.0438821502,0.887780964,0.133282229,0.00910519063,0.0561125055,0.390609711,-0.355105639,0.00456433557,0.969428778,-0.186867058,-0.0324163698,0.027514264,-0.204358935,0.0378354117,-0.0969527811,0.417342395,-0.08331687,0.140732408,-0.307226211,-0.0664592534,0.0970406681,0.41545558,-0.390794933,-0.111566804,0.0318034813,0.164178148,0.0138657801,0.325454116,0.378966153,0.0439750999,0.887879491,0.133289143,0.00911238417,0.0560577549,0.390544355,-0.355105489,0.00459695607,0.969413102,-0.18712534,-0.0323554464,0.0275495071,-0.204358935,0.0378354117,-0.0969527811,0.417342395,-0.08331687,0.140732408,-0.307226211,-0.0664592534,0.0970406681,0.41545558,-0.390794933,-0.111566804,0.0318034813,0.164178148,0.0138657801,0.325454116,0.378966153,0.0439750999,0.887879491,0.133289143,0.0091123879,0.0560577512,0.390544355,-0.355105489,0.00459695607,0.969413102,-0.18712534,-0.0323554464,0.027549509
1.8119155,3214755.46,0,0,0.0113241477,5.00772148e-06,1,0.181614887,0,1,0.687859774,0.00342631922,-0.00949498452,-0.725773394,-0.00385612203,0.00493280776,-0.010312668,-2.24207754e-44,2.24207754e-44,2.24207754e-44,-0.274544984,0.0759788603,-0.108213142,0.448497802,-0.181427777,0.0314644538,-0.211620748,-0.0608908385,0.0957742184,0.536000788,-0.328530222,0.00858697388,0.0319428816,0.017797105,-0.00411662413,0.333068103,0.245366499,-0.00338400947,0.948601663,0.127720535,0.0374383442,0.0204364713,0.368763357,-0.308558762,0.0130408574,0.97600472,-0.182814255,-0.0317333266,0.0271407049,-0.0158970859,-0.00107864768,-0.0104625179,0.00835527759,0.00244406005,0.00153059524,-0.0184311625,0.00089953444,0.0104634138,0.00326720742,0.00825772434,-0.0161229428,0.00115993666,-0.000947057444,-0.00264257612,-0.000985354534,-0.000321526226,0.0022363821,0.00188214146,0.00656421203,0.00366952457,-0.000545288029,-0.00200406392,-0.00274452404,-0.00024033252,0.00152597786,-0.016498547,0.00442115776,0.00577001646,-0.204358935,0.0378354117,-0.0969527811,0.417342395,-0.08331687,0.140732408,-0.307226211,-0.0664592534,0.0970406681,0.41545558,-0.390794933,-0.111566804,0.0318034813,0.164178148,0.0138657801,0.325454116,0.378966153,0.0439750999,0.887879491,0.133289143,0.0091123879,0.0560577512,0.390544355,-0.355105489,0.00459695607,0.969413102,-0.18712534,-0.0323554464,0.027549509,-0.204358935,0.0378354117,-0.0969527811,0.417342395,-0.08331687,0.140732408,-0.307226211,-0.0664592534,0.0970406681,0.41545558,-0.390794933,-0.111566804,0.0318034813,0.164178148,0.0138657801,0.325454116,0.378966153,0.0439750999,0.887879491,0.133289143,0.00911238417,0.0560577549,0.390544355,-0.355105489,0.00459695607,0.969413102,-0.18712534,-0.0323554464,0.0275495071,-0.204358935,0.0378354117,-0.0969527811,0.417342395,-0.08331687,0.140732408,-0.307226211,-0.0664592534,0.0970406681,0.41545558,-0.390794933,-0.111566804,0.0318034813,0.164178148,0.0138657801,0.325454116,0.378966153,0.0439750999,0.887879491,0.133289143,0.0091123879,0.0560577512,0.390544355,-0.355105489,0.00459695607,0.969413102,-0.18712534,-0.0323554464,0.027549509
1.8219163,3214755.47,0,0,0.00134173268,6.36978075e-06,1,0.16663596,0.00040024519,1,0.6878227,0.00343129737,-0.00946467556,-0.725808918,-0.00367783033,0.00460330024,-0.0102925766,-2.24207754e-44,2.24207754e-44,2.24207754e-44,-0.274700016,0.0759683847,-0.10831736,0.448580444,-0.18140541,0.0314810723,-0.211801648,-0.0608819053,0.0958784446,0.53603369,-0.328450143,0.00842824485,0.031954553,0.0177876446,-0.00414281711,0.333058029,0.245363161,-0.00336157484,0.948620379,0.12778534,0.0374742933,0.020430699,0.368743151,-0.308586121,0.0130385915,0.976019681,-0.182978153,-0.0316894762,0.0271975286,-0.0150112519,-0.00102114584,-0.010375848,0.00799983926,0.00214021537,0.00167924538,-0.0177056193,0.000872480683,0.0103916507,0.00325980131,0.00785508007,-0.015710935,0.00116743241,-0.000953093811,-0.00254740915,-0.0010094482,-0.000342069776,0.00224245735,0.00188122888,0.00642250711,0.0035627617,-0.000594384968,-0.00202500192,-0.00272354693,-0.000218809029,0.00148655777,-0.016260149,0.00435252208,0.00561794639,-0.204489827,0.037618123,-0.0970014557,0.417623341,-0.0831760094,0.140777349,-0.307626456,-0.0663229674,0.0971723497,0.415421337,-0.391127706,-0.111718528,0.0318341404,0.16403982,0.0137776099,0.32543987,0.378975511,0.0440680087,0.887975812,0.133304313,0.00912149251,0.0559996814,0.390482426,-0.355102837,0.00463779829,0.96939522,-0.187373966,-0.0322945379,0.0275771767,-0.204489827,0.0376181193,-0.0970014557,0.417623341,-0.0831760094,0.140777364,-0.307626456,-0.0663229674,0.0971723497,0.415421337,-0.391127706,-0.111718535,0.0318341404,0.16403982,0.0137776099,0.32543987,0.378975511,0.0440680087,0.887975812,0.133304313,0.00912149251,0.0559996851,0.390482426,-0.355102837,0.00463779829,0.96939522,-0.187373966,-0.0322945379,0.0275771767,-0.204489827,0.037618123,-0.0970014557,0.417623341,-0.0831760094,0.140777349,-0.307626456,-0.0663229674,0.0971723497,0.415421337,-0.391127706,-0.111718528,0.0318341404,0.16403982,0.0137776099,0.32543987,0.378975511,0.0440680087,0.887975812,0.133304313,0.00912149251,0.0559996814,0.390482426,-0.355102837,0.00463779829,0.96939522,-0.187373966,-0.0322945379,0.0275771767
1.83289742,3214755.48,0,0,0.0123228519,4.27989289e-06,1,0.16663596,0,1,0.687785625,0.00343561871,-0.00943620689,-0.725844383,-0.00354295084,0.00455031171,-0.0102660311,-2.24207754e-44,2.24207754e-44,2.24207754e-44,-0.274845868,0.0759584159,-0.108420707,0.44865936,-0.181386143,0.0314993709,-0.211975053,-0.0608732291,0.0959820598,0.536066592,-0.328374207,0.00827304833,0.0319662802,0.0177781377,-0.00416833162,0.333047837,0.245359629,-0.00333905709,0.948639214,0.127848789,0.0375092663,0.020424379,0.368722796,-0.308613271,0.0130365761,0.976034284,-0.183139905,-0.0316462368,0.0272528343,-0.0147517975,-0.000992266112,-0.0103448471,0.0082110893,0.0017005573,0.00206601247,-0.017409442,0.000897555845,0.0103530148,0.00341437617,0.00739078037,-0.0154025219,0.00118252053,-0.000934144075,-0.00266671414,-0.00104452705,-0.000360375183,0.0022696713,0.00186546112,0.0062985369,0.00342325005,-0.000667165208,-0.00204787846,-0.0027150407,-0.000185140321,0.00143218355,-0.016234614,0.00432467973,0.00548267784,-0.204489827,0.037618123,-0.0970014557,0.417623341,-0.0831760094,0.140777349,-0.307626456,-0.0663229674,0.0971723497,0.415421337,-0.391127706,-0.111718528,0.0318341404,0.16403982,0.0137776099,0.32543987,0.378975511,0.0440680087,0.887975812,0.133304313,0.00912149251,0.0559996814,0.390482426,-0.355102837,0.00463779829,0.96939522,-0.187373966,-0.0322945379,0.0275771767,-0.204489827,0.0376181193,-0.0970014557,0.417623341,-0.0831760094,0.140777364,-0.307626456,-0.0663229674,0.0971723497,0.415421337,-0.391127706,-0.111718535,0.0318341404,0.16403982,0.0137776099,0.32543987,0.378975511,0.0440680087,0.887975812,0.133304313,0.00912149251,0.0559996851,0.390482426,-0.355102837,0.00463779829,0.96939522,-0.187373966,-0.0322945379,0.0275771767,-0.204489827,0.037618123,-0.0970014557,0.417623341,-0.0831760094,0.140777349,-0.307626456,-0.0663229674,0.0971723497,0.415421337,-0.391127706,-0.111718528,0.0318341404,0.16403982,0.0137776099,0.32543987,0.378975511,0.0440680087,0.887975812,0.133304313,0.00912149251,0.0559996814,0.390482426,-0.355102837,0.00463779829,0.96939522,-0.187373966,-0.0322945379,0.0275771767
1.84289806,3214755.49,0,0,0.00232268125,4.41912562e-06,1,0.1772088,0.000477850437,1,0.68774128,0.00344112562,-0.00940287113,-0.725886822,-0.00336110475,0.0041962699,-0.0102474606,-2.24207754e-44,2.24207754e-44,2.24207754e-44,-0.275017291,0.0759469122,-0.108544275,0.448756129,-0.18136847,0.0315255858,-0.212179333,-0.060862571,0.0961058214,0.536107838,-0.328288674,0.00809113216,0.0319804847,0.0177669339,-0.00419994211,0.333035082,0.245355159,-0.00331173907,0.948661566,0.127923369,0.0375494584,0.0204159375,0.368698061,-0.308645666,0.0130345775,0.976051152,-0.183333188,-0.0315947942,0.027317455,-0.0137504386,-0.000931186602,-0.0102508478,0.00776585424,0.00135619415,0.00220273132,-0.0166183785,0.000867816736,0.0102821002,0.00340962037,0.00696947798,-0.0150042977,0.00118041143,-0.000939596503,-0.00256804214,-0.00106850464,-0.000382077531,0.00227527111,0.00186416192,0.00616031,0.00331480475,-0.000722936471,-0.00206749863,-0.00268929382,-0.000156666225,0.00138997869,-0.0159758758,0.00425426988,0.0053191781,-0.204562724,0.0374609828,-0.0970315263,0.41790843,-0.0826981589,0.140815288,-0.307982802,-0.0661989152,0.0972823352,0.415471435,-0.391125083,-0.111873649,0.0318277851,0.163875341,0.0136851445,0.325413764,0.379034221,0.0441574827,0.8880409,0.133300871,0.00913009048,0.0559455603,0.390419543,-0.355104387,0.00467961654,0.969361782,-0.187554836,-0.0322394781,0.0275823325,-0.204562724,0.0374609828,-0.0970315263,0.41790843,-0.0826981589,0.140815303,-0.307982802,-0.0661989152,0.0972823352,0.415471435,-0.391125083,-0.111873642,0.0318277851,0.163875341,0.0136851445,0.325413764,0.379034221,0.0441574827,0.8880409,0.133300871,0.00913009048,0.0559455641,0.390419543,-0.355104387,0.00467961654,0.969361782,-0.187554836,-0.0322394781,0.0275823306,-0.204562724,0.0374609828,-0.0970315263,0.41790843,-0.0826981589,0.140815288,-0.307982802,-0.0661989152,0.0972823352,0.415471435,-0.391125083,-0.111873649,0.0318277851,0.163875341,0.0136851445,0.325413764,0.379034221,0.0441574827,0.8880409,0.133300871,0.00913009048,0.0559455603,0.390419543,-0.355104387,0.00467961654,0.969361782,-0.187554836,-0.0322394781,0.0275823325
1.85290185,3214755.5,0,0,0.0123264743,5.71226701e-06,1,0.1772088,0,1,0.687704384,0.00344532914,-0.00937656593,-0.725922108,-0.00323894992,0.0041634948,-0.0102362167,-2.24207754e-44,2.24207754e-44,2.24207754e-44,-0.275152653,0.0759378299,-0.108646221,0.448834062,-0.181356221,0.0315490961,-0.212343723,-0.0608538687,0.0962084308,0.536143005,-0.328220725,0.0079426188,0.0319920406,0.0177575275,-0.00422593858,0.333024234,0.245351329,-0.00328883203,0.948680103,0.127984062,0.0375818908,0.0204082634,0.368677199,-0.308672488,0.0130332569,0.976064563,-0.183491856,-0.0315524936,0.0273695346,-0.0135466643,-0.000894452853,-0.0101670418,0.00793584343,0.00112478691,0.00248111947,-0.0164324306,0.000881945714,0.0102503523,0.00362049136,0.00668465486,-0.0147514353,0.0011356012,-0.000937648932,-0.00264893682,-0.00110146764,-0.000380122336,0.00230414257,0.00184268272,0.0060097645,0.00318629108,-0.000798961206,-0.00210562139,-0.00267706625,-0.000114633149,0.00131039252,-0.0158198029,0.00421850849,0.00513589755,-0.204562724,0.0374609828,-0.0970315263,0.41790843,-0.0826981589,0.140815288,-0.307982802,-0.0661989152,0.0972823352,0.415471435,-0.391125083,-0.111873649,0.0318277851,0.163875341,0.0136851445,0.325413764,0.379034221,0.0441574827,0.8880409,0.133300871,0.00913009048,0.0559455603,0.390419543,-0.355104387,0.00467961654,0.969361782,-0.187554836,-0.0322394781,0.0275823325,-0.204562724,0.0374609828,-0.0970315263,0.41790843,-0.0826981589,0.140815303,-0.307982802,-0.0661989152,0.0972823352,0.415471435,-0.391125083,-0.111873642,0.0318277851,0.163875341,0.0136851445,0.325413764,0.379034221,0.0441574827,0.8880409,0.133300871,0.00913009048,0.0559455641,0.390419543,-0.355104387,0.00467961654,0.969361782,-0.187554836,-0.0322394781,0.0275823306,-0.204562724,0.0374609828,-0.0970315263,0.41790843,-0.0826981589,0.140815288,-0.307982802,-0.0661989152,0.0972823352,0.415471435,-0.391125083,-0.111873649,0.0318277851,0.163875341,0.0136851445,0.325413764,0.379034221,0.0441574827,0.8880409,0.133300871,0.00913009048,0.0559455603,0.390419543,-0.355104387,0.00467961654,0.969361782,-0.187554836,-0.0322394781,0.0275823325
1.86726349,3214755.51,0,0,0.00666864496,1.07157975e-05,1,0.213630963,0.000355660915,1,0.687652707,0.00345038227,-0.0093421787,-0.72597146,-0.00302327913,0.00362018589,-0.0102285752,-2.24207754e-44,2.24207754e-44,2.24207754e-44,-0.275329739,0.075925976,-0.108786933,0.448938012,-0.181341931,0.0315836258,-0.212564424,-0.0608421527,0.0963513032,0.536192954,-0.328129947,0.00773938792,0.0320074931,0.0177441537,-0.00426122686,0.333008766,0.245345965,-0.00325657567,0.94870609,0.128066644,0.0376257896,0.0203966089,0.368647605,-0.308709651,0.0130319344,0.976082504,-0.183709234,-0.0314943083,0.0274394844,-0.0121396855,-0.00082026649,-0.00998839736,0.0071696071,0.000923748943,0.00250275969,-0.0153827369,0.000819187961,0.0101809427,0.00357748591,0.00631353399,-0.0143828206,0.0010837724,-0.000961047306,-0.0024942751,-0.00111134851,-0.000384482002,0.00231025321,0.00185958692,0.00582186505,0.00308714923,-0.000862200221,-0.00211903709,-0.00264212047,-7.71004925e-05,0.00125039299,-0.0153750386,0.00412357226,0.00489664357,-0.204673976,0.0373078287,-0.0970994085,0.418140709,-0.0823661312,0.14084214,-0.308338463,-0.0660513192,0.0973911434,0.415492296,-0.391297638,-0.112012707,0.0318417922,0.163778394,0.0136292428,0.325399816,0.379068196,0.0442431867,0.888121009,0.133309156,0.00913789868,0.0558969676,0.390373349,-0.355111063,0.0047167372,0.969334006,-0.187755495,-0.0321816057,0.0275912471,-0.204673976,0.0373078249,-0.0970994085,0.418140709,-0.0823661312,0.140842155,-0.308338463,-0.0660513192,0.0973911434,0.415492296,-0.391297638,-0.112012707,0.0318417922,0.163778394,0.0136292428,0.325399816,0.379068196,0.0442431867,0.888121009,0.133309156,0.00913790055,0.0558969676,0.390373349,-0.355111063,0.0047167372,0.969334006,-0.187755495,-0.0321816057,0.0275912471,-0.204673976,0.0373078287,-0.0970994085,0.418140709,-0.0823661312,0.14084214,-0.308338463,-0.0660513192,0.0973911434,0.415492296,-0.391297638,-0.112012707,0.0318417922,0.163778394,0.0136292428,0.325399816,0.379068196,0.0442431867,0.888121009,0.133309156,0.00913789868,0.0558969676,0.390373349,-0.355111063,0.0047167372,0.969334006,-0.187755495,-0.0321816057,0.0275912471
1.87792199,3214755.52,0,0,0.0173271452,6.04335219e-06,1,0.213630963,0,1,0.687615812,0.00345403864,-0.00931851845,-0.726006687,-0.00292642904,0.00362598547,-0.0102152703,-2.24207754e-44,2.24207754e-44,2.24207754e-44,-0.275451571,0.0759179294,-0.108886726,0.449011415,-0.181334272,0.0316101499,-0.212718472,-0.0608337522,0.0964529365,0.536230087,-0.328068644,0.00759677868,0.0320181474,0.0177346561,-0.0042871302,0.332997352,0.24534215,-0.00323328585,0.948724389,0.128124163,0.0376557671,0.0203876402,0.368626237,-0.308736026,0.0130313812,0.976094544,-0.183862612,-0.0314531848,0.0274875239,-0.0119654043,-0.000787347904,-0.00994799752,0.00724300323,0.00069146551,0.00267756591,-0.0152411899,0.0008327408,0.0101441927,0.0037297036,0.00602377811,-0.0141581288,0.00105287798,-0.000950762304,-0.00257967692,-0.0011540032,-0.000382526254,0.00233392115,0.00182557805,0.0057022511,0.00295552239,-0.000912337622,-0.00214042398,-0.00262905564,-4.4375658e-05,0.00118643034,-0.0152462665,0.00409117574,0.00474129058,-0.204673976,0.0373078287,-0.0970994085,0.418140709,-0.0823661312,0.14084214,-0.308338463,-0.0660513192,0.0973911434,0.415492296,-0.391297638,-0.112012707,0.0318417922,0.163778394,0.0136292428,0.325399816,0.379068196,0.0442431867,0.888121009,0.133309156,0.00913789868,0.0558969676,0.390373349,-0.355111063,0.0047167372,0.969334006,-0.187755495,-0.0321816057,0.0275912471,-0.204673976,0.0373078249,-0.0970994085,0.418140709,-0.0823661312,0.140842155,-0.308338463,-0.0660513192,0.0973911434,0.415492296,-0.391297638,-0.112012707,0.0318417922,0.163778394,0.0136292428,0.325399816,0.379068196,0.0442431867,0.888121009,0.133309156,0.00913790055,0.0558969676,0.390373349,-0.355111063,0.0047167372,0.969334006,-0.187755495,-0.0321816057,0.0275912471,-0.204673976,0.0373078287,-0.0970994085,0.418140709,-0.0823661312,0.14084214,-0.308338463,-0.0660513192,0.0973911434,0.415492296,-0.391297638,-0.112012707,0.0318417922,0.163778394,0.0136292428,0.325399816,0.379068196,0.0442431867,0.888121009,0.133309156,0.00913789868,0.0558969676,0.390373349,-0.355111063,0.0047167372,0.969334006,-0.187755495,-0.0321816057,0.0275912471
1.88818819,3214755.53,0,0,0.00760582183,7.77002424e-06,1,0.20246394,0.000321954489,1,0.687578976,0.00345680164,-0.00929667335,-0.726041853,-0.00276492466,0.00306812348,-0.0102063008,-2.24207754e-44,2.24207754e-44,2.24207754e-44,-0.275563359,0.0759104118,-0.10898532,0.449078679,-0.181327954,0.0316362008,-0.21286507,-0.0608258918,0.0965539813,0.536266387,-0.328009754,0.00745678879,0.0320284888,0.0177250039,-0.00431171805,0.332985818,0.245338306,-0.00320999767,0.948742747,0.128180444,0.0376850367,0.0203783959,0.368604869,-0.308762133,0.0130310394,0.976106286,-0.184012666,-0.0314127915,0.0275340006,-0.0105838757,-0.000727995066,-0.00979667716,0.00632953318,0.000600461906,0.00254463521,-0.0142189339,0.000750864332,0.0100776367,0.00354392943,0.00580222066,-0.0139054442,0.00102250278,-0.000976140844,-0.00237048906,-0.00114846427,-0.000386073953,0.0023236773,0.00184703339,0.00558363926,0.00291497749,-0.000930586597,-0.00213398156,-0.00259770709,-2.88006031e-05,0.00116711587,-0.0148371542,0.00400357414,0.00458918186,-0.204782546,0.0371692106,-0.0971916988,0.418332607,-0.0821022764,0.140862644,-0.308660418,-0.0658873767,0.0974879861,0.415534049,-0.391533315,-0.112139471,0.0318654478,0.163751975,0.0135908686,0.325401604,0.379088879,0.0443125814,0.888206959,0.133312821,0.00914753228,0.0558492541,0.390329868,-0.355118781,0.00474847667,0.969315231,-0.187949076,-0.0321253054,0.0275959708,-0.204782546,0.0371692069,-0.0971916988,0.418332607,-0.0821022764,0.140862644,-0.308660418,-0.0658873767,0.0974879861,0.415534049,-0.391533315,-0.112139471,0.0318654478,0.163751975,0.0135908686,0.325401604,0.379088879,0.0443125814,0.888206959,0.133312821,0.00914753415,0.0558492541,0.390329868,-0.355118781,0.00474847667,0.969315231,-0.187949076,-0.0321253054,0.0275959689,-0.204782546,0.0371692106,-0.0971916988,0.418332607,-0.0821022764,0.140862644,-0.308660418,-0.0658873767,0.0974879861,0.415534049,-0.391533315,-0.112139471,0.0318654478,0.163751975,0.0135908686,0.325401604,0.379088879,0.0443125814,0.888206959,0.133312821,0.00914753228,0.0558492541,0.390329868,-0.355118781,0.00474847667,0.969315231,-0.187949076,-0.0321253054,0.0275959708
1.89890176,3214755.54,0,0,0.0183193921,5.31598926e-06,1,0.20246394,0,1,0.687534809,0.00345949549,-0.00927214231,-0.726083934,-0.00265587983,0.00302887196,-0.0101691512,-2.24207754e-44,2.24207754e-44,2.24207754e-44,-0.27568835,0.0759018287,-0.109102853,0.449154764,-0.181322575,0.031667877,-0.213034123,-0.060816735,0.0966746211,0.536310196,-0.327942789,0.0072908462,0.0320406482,0.0177134536,-0.00434118509,0.332971752,0.245333701,-0.00318194763,0.948764741,0.128246516,0.037718989,0.0203668494,0.368579179,-0.308793217,0.0130309304,0.976119876,-0.184190005,-0.0313649252,0.0275878496,-0.0103074815,-0.000703150872,-0.00978850201,0.00635879859,0.000340611208,0.00269478746,-0.0139955543,0.000767608173,0.0100274682,0.0037201019,0.00542978663,-0.0137424609,0.00100536935,-0.000953177572,-0.00249770144,-0.00119186926,-0.000379933626,0.0023463252,0.00181199156,0.00544408103,0.00276418077,-0.00098234124,-0.00214680284,-0.00258244481,5.14914336e-06,0.00110588316,-0.0147098582,0.00397224585,0.00440792041,-0.204782546,0.0371692106,-0.0971916988,0.418332607,-0.0821022764,0.140862644,-0.308660418,-0.0658873767,0.0974879861,0.415534049,-0.391533315,-0.112139471,0.0318654478,0.163751975,0.0135908686,0.325401604,0.379088879,0.0443125814,0.888206959,0.133312821,0.00914753228,0.0558492541,0.390329868,-0.355118781,0.00474847667,0.969315231,-0.187949076,-0.0321253054,0.0275959708,-0.204782546,0.0371692069,-0.0971916988,0.418332607,-0.0821022764,0.140862644,-0.308660418,-0.0658873767,0.0974879861,0.415534049,-0.391533315,-0.112139471,0.0318654478,0.163751975,0.0135908686,0.325401604,0.379088879,0.0443125814,0.888206959,0.133312821,0.00914753415,0.0558492541,0.390329868,-0.355118781,0.00474847667,0.969315231,-0.187949076,-0.0321253054,0.0275959689,-0.204782546,0.0371692106,-0.0971916988,0.418332607,-0.0821022764,0.140862644,-0.308660418,-0.0658873767,0.0974879861,0.415534049,-0.391533315,-0.112139471,0.0318654478,0.163751975,0.0135908686,0.325401604,0.379088879,0.0443125814,0.888206959,0.133312821,0.00914753228,0.0558492541,0.390329868,-0.355118781,0.00474847667,0.969315231,-0.187949076,-0.0321253054,0.0275959708
1.91081511,3214755.56,0,0,0.0102397543,7.80029222e-06,1,0.197565183,0.00031426549,1,0.687490821,0.00346210785,-0.00924862269,-0.726125896,-0.00256172824,0.00302908709,-0.0101350499,-2.24207754e-44,2.24207754e-44,2.24207754e-44,-0.275808036,0.0758936554,-0.109219991,0.449229568,-0.181320071,0.031700518,-0.21319893,-0.0608076379,0.0967944488,0.536355376,-0.327879965,0.00712735206,0.0320526101,0.0177021045,-0.0043711965,0.332957208,0.245329186,-0.00315371901,0.948786259,0.128310859,0.0377512686,0.0203548074,0.36855334,-0.308824033,0.0130312089,0.97613281,-0.184364825,-0.0313176513,0.0276394337,-0.0101337731,-0.000676582451,-0.00979173556,0.00646001659,5.71897144e-05,0.00283008791,-0.0138506116,0.000785752956,0.00996451266,0.00392023241,0.005054357,-0.0135857891,0.000997835072,-0.000925087486,-0.00260342285,-0.0012387397,-0.000372862676,0.00236566272,0.0017707753,0.00530691398,0.00260859774,-0.0010279757,-0.00216397783,-0.00256935437,4.20783981e-05,0.00104927726,-0.0145727573,0.00393746421,0.00421915343,-0.204882711,0.0370463356,-0.097292766,0.418509424,-0.0819154456,0.140892863,-0.308974683,-0.0657240599,0.097576037,0.415589154,-0.391827881,-0.112269841,0.0318943262,0.163771585,0.0135627314,0.325412333,0.379101038,0.0443729199,0.888293982,0.133318111,0.00915706903,0.0558013394,0.390276879,-0.355137378,0.00478407368,0.969299972,-0.188138396,-0.0320710577,0.0275939927,-0.204882711,0.0370463356,-0.097292766,0.418509424,-0.0819154456,0.140892863,-0.308974683,-0.0657240599,0.097576037,0.415589154,-0.391827881,-0.112269849,0.0318943262,0.163771585,0.0135627314,0.325412333,0.379101038,0.0443729199,0.888293982,0.133318111,0.00915707089,0.0558013394,0.390276879,-0.355137378,0.00478407368,0.969299972,-0.188138396,-0.0320710577,0.0275939927,-0.204882711,0.0370463356,-0.097292766,0.418509424,-0.0819154456,0.140892863,-0.308974683,-0.0657240599,0.097576037,0.415589154,-0.391827881,-0.112269841,0.0318943262,0.163771585,0.0135627314,0.325412333,0.379101038,0.0443729199,0.888293982,0.133318111,0.00915706903,0.0558013394,0.390276879,-0.355137378,0.00478407368,0.969299972,-0.188138396,-0.0320710577,0.0275939927
1.92090134,3214755.57,0,0,0.000323444605,5.96186146e-06,1,0.198089052,0.000336170197,1,0.687454224,0.00346473465,-0.00922911987,-0.726160765,-0.00246644136,0.00285744271,-0.0101148728,-2.24207754e-44,2.24207754e-44,2.24207754e-44,-0.275907159,0.0758871138,-0.109317683,0.449293286,-0.181320623,0.0317288414,-0.213335782,-0.0607998706,0.0968936831,0.536394954,-0.327830881,0.00699272659,0.0320625231,0.0176929086,-0.00439703697,0.332944632,0.245325476,-0.00313002989,0.948803842,0.128363252,0.0377767161,0.0203443896,0.368531644,-0.308849633,0.0130317798,0.976143062,-0.184509218,-0.0312785879,0.0276807211,-0.00960514136,-0.00063534145,-0.00973497424,0.00618123123,-0.000105986379,0.00279648975,-0.0134545509,0.000756364258,0.0098934453,0.00393234286,0.00483032223,-0.0133679658,0.000984656974,-0.00092201191,-0.00253101275,-0.00126366888,-0.000369689282,0.00236710743,0.0017523712,0.00519423792,0.00251597026,-0.00104718108,-0.00217311573,-0.00254804059,6.45872569e-05,0.00101840857,-0.0143088177,0.00387762138,0.004070058,-0.204882711,0.0370463356,-0.097292766,0.418509424,-0.0819154456,0.140892863,-0.308974683,-0.0657240599,0.097576037,0.415589154,-0.391827881,-0.112269841,0.0318943262,0.163771585,0.0135627314,0.325412333,0.379101038,0.0443729199,0.888293982,0.133318111,0.00915706903,0.0558013394,0.390276879,-0.355137378,0.00478407368,0.969299972,-0.188138396,-0.0320710577,0.0275939927,-0.204956561,0.0369472876,-0.097405538,0.418660074,-0.0817890242,0.140943334,-0.309280217,-0.0655446872,0.0976514071,0.415662408,-0.392164052,-0.112400077,0.0319211185,0.163827389,0.0135343336,0.325423717,0.379091144,0.0444224104,0.888382256,0.133326218,0.00917083398,0.055751536,0.390224785,-0.35516721,0.00482388958,0.969291508,-0.188334137,-0.0320212059,0.0275895875,-0.204956561,0.0369472876,-0.097405538,0.418660074,-0.0817890242,0.140943319,-0.309280217,-0.0655446798,0.0976514071,0.415662408,-0.392164052,-0.112400077,0.0319211185,0.163827389,0.0135343336,0.325423717,0.379091144,0.0444224104,0.888382256,0.133326218,0.00917083025,0.0557515323,0.390224785,-0.35516721,0.00482388958,0.969291508,-0.188334137,-0.0320212059,0.0275895894
1.93189812,3214755.58,0,0,0.0113202236,4.61190939e-06,1,0.198089052,0,1,0.687417746,0.00346699194,-0.00921063777,-0.726195574,-0.00239566551,0.00286651147,-0.0100918524,-2.24207754e-44,2.24207754e-44,2.24207754e-44,-0.27600053,0.0758809373,-0.109414853,0.449353844,-0.181322798,0.0317569673,-0.213468418,-0.0607923791,0.0969922543,0.53643477,-0.327784181,0.00685969833,0.032072328,0.0176837593,-0.00442229817,0.332931876,0.245321795,-0.00310632982,0.948821306,0.128414571,0.0378013626,0.0203337502,0.368509859,-0.308875024,0.0130326003,0.976153076,-0.184651256,-0.0312400889,0.0277205277,-0.00945752207,-0.000614108751,-0.00974485278,0.00621288037,-0.000335866731,0.00289815571,-0.0133683616,0.000772886619,0.00984024908,0.00411483692,0.00452676881,-0.0133053912,0.000983081409,-0.000897749153,-0.00259979605,-0.00129304046,-0.000367491099,0.00237885211,0.00173325778,0.00509130489,0.00240977295,-0.00108321127,-0.00218461198,-0.00254111993,9.98032847e-05,0.000983355218,-0.0142267812,0.00384719903,0.00391875673,-0.204956561,0.0369472876,-0.097405538,0.418660074,-0.0817890242,0.140943319,-0.309280217,-0.0655446798,0.0976514071,0.415662408,-0.392164052,-0.112400077,0.0319211185,0.163827389,0.0135343336,0.325423717,0.379091144,0.0444224104,0.888382256,0.133326218,0.00917083025,0.0557515323,0.390224785,-0.35516721,0.00482388958,0.969291508,-0.188334137,-0.0320212059,0.0275895894,-0.204956561,0.0369472876,-0.097405538,0.418660074,-0.0817890242,0.140943334,-0.309280217,-0.0655446872,0.0976514071,0.415662408,-0.392164052,-0.112400077,0.0319211185,0.163827389,0.0135343336,0.325423717,0.379091144,0.0444224104,0.888382256,0.133326218,0.00917083398,0.055751536,0.390224785,-0.35516721,0.00482388958,0.969291508,-0.188334137,-0.0320212059,0.0275895875,-0.204956561,0.0369472876,-0.097405538,0.418660074,-0.0817890242,0.140943319,-0.309280217,-0.0655446798,0.0976514071,0.415662408,-0.392164052,-0.112400077,0.0319211185,0.163827389,0.0135343336,0.325423717,0.379091144,0.0444224104,0.888382256,0.133326218,0.00917083025,0.0557515323,0.390224785,-0.35516721,0.00482388958,0.969291508,-0.188334137,-0.0320212059,0.0275895894
1.94190016,3214755.59,0,0,0.00127350213,6.33206218e-06,1,0.241216272,0.000290215015,1,0.687381327,0.00346963294,-0.00919223484,-0.726230264,-0.00230984087,0.00273634982,-0.0100708297,-2.24207754e-44,2.24207754e-44,2.24207754e-44,-0.276093125,0.0758749917,-0.109512165,0.449415088,-0.181327239,0.031786032,-0.21360077,-0.060784705,0.0970902741,0.536476374,-0.327740252,0.0067274645,0.0320821069,0.0176748503,-0.00444814423,0.332918823,0.245318115,-0.00308252359,0.948838532,0.128464907,0.0378249586,0.0203227829,0.368487954,-0.308900356,0.013033757,0.976162791,-0.184792519,-0.0312018991,0.027758915,-0.00900740363,-0.000578190433,-0.00970563572,0.00596386241,-0.000495975197,0.00288115838,-0.0130516235,0.000751510612,0.00977236778,0.00415417738,0.00432641804,-0.0131523758,0.000972328184,-0.000891482166,-0.00254290923,-0.00131148077,-0.000367702916,0.0023785755,0.00172363757,0.00499560079,0.00233629299,-0.00110167998,-0.00219173403,-0.00252474844,0.000123402249,0.000960433797,-0.0140210744,0.00379371201,0.00378825306,-0.204995781,0.0368973836,-0.0975300446,0.418809116,-0.0815043673,0.141001523,-0.309570432,-0.0653752387,0.0977196395,0.415775269,-0.392335296,-0.112511523,0.0319361314,0.163865998,0.013474904,0.325431854,0.379082233,0.0444652289,0.888456285,0.133320034,0.00919223577,0.0557097644,0.390160799,-0.355208099,0.0048675146,0.969277859,-0.188506335,-0.0319768116,0.0275674164,-0.204995781,0.0368973799,-0.0975300446,0.418809116,-0.0815043673,0.141001523,-0.309570432,-0.0653752387,0.0977196395,0.415775269,-0.392335266,-0.112511523,0.0319361314,0.163865998,0.013474904,0.325431854,0.379082233,0.0444652289,0.888456285,0.133320034,0.00919223577,0.0557097644,0.390160799,-0.355208099,0.0048675146,0.969277859,-0.188506335,-0.0319768116,0.0275674146,-0.204995781,0.0368973836,-0.0975300446,0.418809116,-0.0815043673,0.141001523,-0.309570432,-0.0653752387,0.0977196395,0.415775269,-0.392335296,-0.112511523,0.0319361314,0.163865998,0.013474904,0.325431854,0.379082233,0.0444652289,0.888456285,0.133320034,0.00919223577,0.0557097644,0.390160799,-0.355208099,0.0048675146,0.969277859,-0.188506335,-0.0319768116,0.0275674164
1.95289766,3214755.6,0,0,0.0122710061,4.46010381e-06,1,0.241216272,0,1,0.687337697,0.00347240129,-0.00917135272,-0.726271808,-0.00221866579,0.00268633943,-0.0100453254,-2.24207754e-44,2.24207754e-44,2.24207754e-44,-0.276197374,0.0758683383,-0.109628342,0.449484587,-0.181334019,0.0318204872,-0.213754818,-0.0607758239,0.0972069651,0.536526918,-0.327689946,0.00657058693,0.0320936367,0.017664209,-0.00447841547,0.332902998,0.245313734,-0.00305396901,0.948859274,0.128523856,0.0378524698,0.0203093868,0.368461579,-0.308930546,0.0130355265,0.976174057,-0.184959009,-0.0311568398,0.0278029237,-0.00870667771,-0.000543873466,-0.00969649851,0.00584466103,-0.000628805486,0.00291495607,-0.0128894253,0.000755179033,0.00969839934,0.00434416579,0.00408025458,-0.0130527075,0.000952971634,-0.000875598402,-0.00257129502,-0.00133287802,-0.000363337225,0.00238579721,0.00171430747,0.00485270377,0.00224786182,-0.00113136054,-0.0022108003,-0.00251620426,0.000170424508,0.000917943195,-0.0138404062,0.00373986247,0.0035738817,-0.204995781,0.0368973836,-0.0975300446,0.418809116,-0.0815043673,0.141001523,-0.309570432,-0.0653752387,0.0977196395,0.415775269,-0.392335296,-0.112511523,0.0319361314,0.163865998,0.013474904,0.325431854,0.379082233,0.0444652289,0.888456285,0.133320034,0.00919223577,0.0557097644,0.390160799,-0.355208099,0.0048675146,0.969277859,-0.188506335,-0.0319768116,0.0275674164,-0.204995781,0.0368973799,-0.0975300446,0.418809116,-0.0815043673,0.141001523,-0.309570432,-0.0653752387,0.0977196395,0.415775269,-0.392335266,-0.112511523,0.0319361314,0.163865998,0.013474904,0.325431854,0.379082233,0.0444652289,0.888456285,0.133320034,0.00919223577,0.0557097644,0.390160799,-0.355208099,0.0048675146,0.969277859,-0.188506335,-0.0319768116,0.0275674146,-0.204995781,0.0368973836,-0.0975300446,0.418809116,-0.0815043673,0.141001523,-0.309570432,-0.0653752387,0.0977196395,0.415775269,-0.392335296,-0.112511523,0.0319361314,0.163865998,0.013474904,0.325431854,0.379082233,0.0444652289,0.888456285,0.133320034,0.00919223577,0.0557097644,0.390160799,-0.355208099,0.0048675146,0.969277859,-0.188506335,-0.0319768116,0.0275674164
1.96290323,3214755.61,0,0,0.00231218617,7.30296597e-06,1,0.184101984,0.000279337168,1,0.687301397,0.00347464834,-0.00915462151,-0.726306319,-0.00211795769,0.00238526147,-0.0100167282,-2.24207754e-44,2.24207754e-44,2.24207754e-44,-0.276280433,0.0758631751,-0.109724872,0.449540466,-0.181340694,0.0318491161,-0.213880822,-0.0607685372,0.0973034576,0.536570191,-0.327649951,0.00644115638,0.0321030244,0.0176554229,-0.0045034322,0.332889646,0.245310113,-0.00303015183,0.948876441,0.128571704,0.0378746986,0.0202980209,0.368439466,-0.30895561,0.0130373714,0.976183116,-0.185095593,-0.0311198737,0.0278377533,-0.00795700587,-0.000496304361,-0.00961488578,0.00538261468,-0.000697434065,0.00282035302,-0.0123237288,0.000703303318,0.00960814767,0.00427611079,0.00395452417,-0.0128545398,0.000928445661,-0.000881527376,-0.00243303133,-0.00133095006,-0.000361669256,0.00237661717,0.00172560965,0.00474173436,0.0022124392,-0.00113735907,-0.00221078331,-0.00249546277,0.000190986902,0.000900192361,-0.0135112414,0.00366283092,0.00342703448,-0.205036849,0.0368590504,-0.0976652354,0.418944746,-0.081243746,0.141062587,-0.309849769,-0.0652142167,0.0977856964,0.415891469,-0.39250946,-0.112610035,0.031953305,0.163914457,0.0134282932,0.325435311,0.379053056,0.0445027165,0.888528943,0.133313775,0.00921405852,0.0556702688,0.390094608,-0.355259538,0.00490786508,0.969270706,-0.18868199,-0.0319381729,0.0275441855,-0.205036849,0.0368590504,-0.0976652354,0.418944746,-0.081243746,0.141062587,-0.309849769,-0.0652142167,0.0977856964,0.415891469,-0.392509431,-0.112610027,0.031953305,0.163914457,0.0134282932,0.325435311,0.379053056,0.0445027165,0.888528943,0.133313775,0.00921405479,0.0556702688,0.390094608,-0.355259538,0.00490786508,0.969270706,-0.18868199,-0.0319381729,0.0275441855,-0.205036849,0.0368590504,-0.0976652354,0.418944746,-0.081243746,0.141062587,-0.309849769,-0.0652142167,0.0977856964,0.415891469,-0.39250946,-0.112610035,0.031953305,0.163914457,0.0134282932,0.325435311,0.379053056,0.0445027165,0.888528943,0.133313775,0.00921405852,0.0556702688,0.390094608,-0.355259538,0.00490786508,0.969270706,-0.18868199,-0.0319381729,0.0275441855
1.97389854,3214755.62,0,0,0.0133074899,4.09781933e-06,1,0.184101984,0,1,0.687265277,0.00347665325,-0.00913866144,-0.726340711,-0.00205659471,0.00244633527,-0.00999112427,-2.24207754e-44,2.24207754e-44,2.24207754e-44,-0.276359528,0.0758583322,-0.109821215,0.449594617,-0.181348413,0.0318777561,-0.21400395,-0.0607613847,0.0973991454,0.536614239,-0.327611625,0.00631291838,0.0321122333,0.0176467355,-0.00452821795,0.332876205,0.245306492,-0.00300633209,0.948893607,0.128618449,0.0378963985,0.0202865284,0.368417233,-0.308980584,0.0130395181,0.976191938,-0.18523027,-0.0310834963,0.0278709792,-0.00794534665,-0.000477834546,-0.00965402741,0.00545655843,-0.000810500642,0.00289307092,-0.0123795578,0.000728057872,0.00954948645,0.00451700808,0.0037494963,-0.0128122354,0.000916878285,-0.000860490254,-0.00252489303,-0.00135586888,-0.000361145881,0.00238707918,0.00170990592,0.00462928647,0.00213732012,-0.00115840149,-0.00223337486,-0.0024998188,0.000232080172,0.000865621667,-0.013459133,0.00362388557,0.00325107458,-0.205036849,0.0368590504,-0.0976652354,0.418944746,-0.081243746,0.141062587,-0.309849769,-0.0652142167,0.0977856964,0.415891469,-0.39250946,-0.112610035,0.031953305,0.163914457,0.0134282932,0.325435311,0.379053056,0.0445027165,0.888528943,0.133313775,0.00921405852,0.0556702688,0.390094608,-0.355259538,0.00490786508,0.969270706,-0.18868199,-0.0319381729,0.0275441855,-0.205036849,0.0368590504,-0.0976652354,0.418944746,-0.081243746,0.141062587,-0.309849769,-0.0652142167,0.0977856964,0.415891469,-0.392509431,-0.112610027,0.031953305,0.163914457,0.0134282932,0.325435311,0.379053056,0.0445027165,0.888528943,0.133313775,0.00921405479,0.0556702688,0.390094608,-0.355259538,0.00490786508,0.969270706,-0.18868199,-0.0319381729,0.0275441855,-0.205036849,0.0368590504,-0.0976652354,0.418944746,-0.081243746,0.141062587,-0.309849769,-0.0652142167,0.0977856964,0.415891469,-0.39250946,-0.112610035,0.031953305,0.163914457,0.0134282932,0.325435311,0.379053056,0.0445027165,0.888528943,0.133313775,0.00921405852,0.0556702688,0.390094608,-0.355259538,0.00490786508,0.969270706,-0.18868199,-0.0319381729,0.0275441855
1.98391534,3214755.63,0,0,0.00334759802,7.66012818e-06,1,0.188970007,0.000260919333,1,0.687236369,0.00347829703,-0.00912622921,-0.726368189,-0.0019870922,0.0022536316,-0.0099615911,-2.24207754e-44,2.24207754e-44,2.24207754e-44,-0.276420981,0.075854674,-0.109898254,0.449637055,-0.181355193,0.0319006592,-0.214101419,-0.0607556999,0.097475186,0.53665036,-0.327582151,0.00621114857,0.0321194828,0.0176398531,-0.00454805233,0.332865328,0.245303601,-0.00298725953,0.948907316,0.128655061,0.0379133262,0.0202772412,0.368399352,-0.309000522,0.0130414627,0.976198733,-0.185336888,-0.0310547911,0.0278964136,-0.00748292962,-0.00044219321,-0.009610462,0.00520571275,-0.000879205007,0.00284505938,-0.0120158885,0.000696055708,0.00947011821,0.00449079089,0.0036485875,-0.0126526523,0.000898467377,-0.000859577616,-0.00243715057,-0.00135892676,-0.000361480808,0.00238071033,0.00171213818,0.0045446041,0.00210548611,-0.00116044004,-0.0022359367,-0.00248827413,0.000247758377,0.000851884834,-0.0132292947,0.00356368744,0.0031390693,-0.205076069,0.0368300378,-0.0978069901,0.419072926,-0.0809954628,0.141125202,-0.310110688,-0.0650664866,0.097851187,0.416010559,-0.392669439,-0.112695001,0.0319744572,0.163967133,0.0133828074,0.325441688,0.379012465,0.0445339419,0.888599992,0.133301258,0.00923527777,0.0556331426,0.390025496,-0.355315238,0.00494476594,0.969268858,-0.188856542,-0.0319024362,0.0275197662,-0.205076069,0.0368300378,-0.0978069901,0.419072926,-0.0809954628,0.141125202,-0.310110688,-0.0650664866,0.097851187,0.416010559,-0.39266941,-0.112695001,0.0319744572,0.163967133,0.0133828074,0.325441688,0.379012465,0.0445339419,0.888599992,0.133301258,0.00923527963,0.0556331426,0.390025496,-0.355315238,0.00494476594,0.969268858,-0.188856542,-0.0319024362,0.0275197644,-0.205076069,0.0368300378,-0.0978069901,0.419072926,-0.0809954628,0.141125202,-0.310110688,-0.0650664866,0.097851187,0.416010559,-0.392669439,-0.112695001,0.0319744572,0.163967133,0.0133828074,0.325441688,0.379012465,0.0445339419,0.888599992,0.133301258,0.00923527777,0.0556331426,0.390025496,-0.355315238,0.00494476594,0.969268858,-0.188856542,-0.0319024362,0.0275197662
1.9949118,3214755.64,0,0,0.0143440552,4.65009362e-06,1,0.188970007,0,1,0.687186062,0.00348140625,-0.00910492428,-0.726416111,-0.00190239272,0.0023328315,-0.00992545765,-2.24207754e-44,2.24207754e-44,2.24207754e-44,-0.276526451,0.0758486688,-0.11003343,0.449711204,-0.181368783,0.031941317,-0.21427086,-0.060745649,0.0976070911,0.536715925,-0.327533156,0.0060347328,0.0321320184,0.0176280625,-0.00458315248,0.332845986,0.245298505,-0.00295384112,0.948931038,0.128717467,0.0379419699,0.0202608202,0.368367761,-0.30903545,0.0130453361,0.976210356,-0.185521841,-0.0310053173,0.0279385634,-0.00746579748,-0.000412743073,-0.00966562051,0.00525956461,-0.00101594883,0.00290713599,-0.0120903281,0.000719898322,0.00937999319,0.00477251969,0.0034063994,-0.0125242705,0.000890299445,-0.000835722371,-0.00251501566,-0.00139580888,-0.000367287052,0.0023878566,0.0016864374,0.00439064857,0.00200693565,-0.0011792091,-0.00226790621,-0.0024944446,0.000294953963,0.000816044689,-0.0131424647,0.00350259151,0.00291750184,-0.205076069,0.0368300378,-0.0978069901,0.419072926,-0.0809954628,0.141125202,-0.310110688,-0.0650664866,0.097851187,0.416010559,-0.392669439,-0.112695001,0.0319744572,0.163967133,0.0133828074,0.325441688,0.379012465,0.0445339419,0.888599992,0.133301258,0.00923527777,0.0556331426,0.390025496,-0.355315238,0.00494476594,0.969268858,-0.188856542,-0.0319024362,0.0275197662,-0.205076069,0.0368300378,-0.0978069901,0.419072926,-0.0809954628,0.141125202,-0.310110688,-0.0650664866,0.097851187,0.416010559,-0.39266941,-0.112695001,0.0319744572,0.163967133,0.0133828074,0.325441688,0.379012465,0.0445339419,0.888599992,0.133301258,0.00923527963,0.0556331426,0.390025496,-0.355315238,0.00494476594,0.969268858,-0.188856542,-0.0319024362,0.0275197644,-0.205076069,0.0368300378,-0.0978069901,0.419072926,-0.0809954628,0.141125202,-0.310110688,-0.0650664866,0.097851187,0.416010559,-0.392669439,-0.112695001,0.0319744572,0.163967133,0.0133828074,0.325441688,0.379012465,0.0445339419,0.888599992,0.133301258,0.00923527777,0.0556331426,0.390025496,-0.355315238,0.00494476594,0.969268858,-0.188856542,-0.0319024362,0.0275197662
2.00597134,3214755.65,0,0,0.00539603177,8.95094126e-06,1,0.19304594,0.00024959445,1,0.68715024,0.00348318228,-0.00909071881,-0.726450086,-0.00182762754,0.00194671704,-0.00986138452,-2.24207754e-44,2.24207754e-44,2.24207754e-44,-0.276597023,0.0758448765,-0.110129677,0.449762106,-0.181379661,0.0319700502,-0.214387998,-0.0607387833,0.097700052,0.536762893,-0.327499717,0.00591117423,0.0321407653,0.017619729,-0.00460724393,0.332832098,0.245294809,-0.00293006049,0.948947966,0.12876074,0.0379618853,0.0202490631,0.368345141,-0.309060276,0.013048348,0.976218522,-0.185651049,-0.0309708193,0.0279669911,-0.00674046855,-0.00035479755,-0.00959387328,0.00497684162,-0.00114746229,0.00285381358,-0.011408424,0.000661124941,0.00923274737,0.0046302164,0.00330072618,-0.0122360764,0.000863744179,-0.000831117446,-0.0023292324,-0.00138479075,-0.000369486748,0.002370439,0.00169864402,0.00428692624,0.00198512501,-0.00117233361,-0.00225691637,-0.00247591408,0.000303652021,0.000810711354,-0.0127586294,0.00341288513,0.00279678591,-0.205106169,0.0368013829,-0.0979489684,0.41920644,-0.0807520971,0.141192913,-0.310360283,-0.0649323612,0.0979189277,0.41613543,-0.392806649,-0.11277438,0.031996578,0.164014384,0.0133292228,0.32544902,0.378965616,0.0445623137,0.888669729,0.133282453,0.00925338268,0.0555963814,0.38995409,-0.355374634,0.00498222746,0.969271719,-0.18903017,-0.0318703912,0.0274922699,-0.205106169,0.0368013792,-0.0979489684,0.41920644,-0.0807520971,0.141192913,-0.310360283,-0.0649323612,0.0979189277,0.41613543,-0.392806649,-0.11277438,0.031996578,0.164014384,0.0133292228,0.32544902,0.378965616,0.0445623137,0.888669729,0.133282453,0.00925338082,0.0555963852,0.38995409,-0.355374634,0.00498222746,0.969271719,-0.18903017,-0.0318703912,0.0274922699,-0.205106169,0.0368013829,-0.0979489684,0.41920644,-0.0807520971,0.141192913,-0.310360283,-0.0649323612,0.0979189277,0.41613543,-0.392806649,-0.11277438,0.031996578,0.164014384,0.0133292228,0.32544902,0.378965616,0.0445623137,0.888669729,0.133282453,0.00925338268,0.0555963814,0.38995409,-0.355374634,0.00498222746,0.969271719,-0.18903017,-0.0318703912,0.0274922699
2.0169153,3214755.66,0,0,0.0163399908,4.22215089e-06,1,0.19304594,0,1,0.687107444,0.00348516926,-0.00907441322,-0.726490796,-0.00175090448,0.00196690019,-0.0098320609,-2.24207754e-44,2.24207754e-44,2.24207754e-44,-0.276678562,0.0758406743,-0.11024534,0.449822426,-0.181393951,0.032004904,-0.21452634,-0.0607305877,0.0978105366,0.536820829,-0.327461749,0.00576460548,0.0321512483,0.0176098775,-0.00463623274,0.332815289,0.245290294,-0.00290154247,0.948968291,0.128811121,0.0379851237,0.0202348214,0.368317813,-0.309090108,0.013052348,0.976228058,-0.185804471,-0.0309301745,0.027999077,-0.00667362753,-0.000334657263,-0.00964016654,0.00500049628,-0.00123820838,0.00291409809,-0.0114333807,0.000678235432,0.00916132517,0.00487667322,0.00309273927,-0.0121312365,0.00087070564,-0.000815330655,-0.0024053643,-0.0014047469,-0.000379369158,0.00237438735,0.00169222779,0.00414256938,0.0019114539,-0.00119009858,-0.002283782,-0.00248504942,0.000345876964,0.000788497098,-0.012705653,0.0033561734,0.00260198466,-0.205106169,0.0368013829,-0.0979489684,0.41920644,-0.0807520971,0.141192913,-0.310360283,-0.0649323612,0.0979189277,0.41613543,-0.392806649,-0.11277438,0.031996578,0.164014384,0.0133292228,0.32544902,0.378965616,0.0445623137,0.888669729,0.133282453,0.00925338268,0.0555963814,0.38995409,-0.355374634,0.00498222746,0.969271719,-0.18903017,-0.0318703912,0.0274922699,-0.205106169,0.0368013792,-0.0979489684,0.41920644,-0.0807520971,0.141192913,-0.310360283,-0.0649323612,0.0979189277,0.41613543,-0.392806649,-0.11277438,0.031996578,0.164014384,0.0133292228,0.32544902,0.378965616,0.0445623137,0.888669729,0.133282453,0.00925338082,0.0555963852,0.38995409,-0.355374634,0.00498222746,0.969271719,-0.18903017,-0.0318703912,0.0274922699,-0.205106169,0.0368013829,-0.0979489684,0.41920644,-0.0807520971,0.141192913,-0.310360283,-0.0649323612,0.0979189277,0.41613543,-0.392806649,-0.11277438,0.031996578,0.164014384,0.0133292228,0.32544902,0.378965616,0.0445623137,0.888669729,0.133282453,0.00925338268,0.0555963814,0.38995409,-0.355374634,0.00498222746,0.969271719,-0.18903017,-0.0318703912,0.0274922699
2.0270185,3214755.67,0,0,0.00646505505,8.28644261e-06,1,0.174287707,0.000245213509,1,0.687071979,0.00348619744,-0.00906191394,-0.726524472,-0.00168148836,0.001728317,-0.00978628639,-2.24207754e-44,2.24207754e-44,2.24207754e-44,-0.276742041,0.0758376122,-0.110341489,0.449871629,-0.181407154,0.0320339911,-0.214637533,-0.0607240424,0.0979013517,0.536869347,-0.327431589,0.00564476289,0.0321598649,0.0176017731,-0.00465955772,0.332801282,0.24528648,-0.00287787896,0.948985279,0.128851935,0.0380040742,0.0202229396,0.368294984,-0.309114903,0.0130558815,0.976235867,-0.185929745,-0.0308970828,0.0280243903,-0.00624932302,-0.000298011262,-0.0096141668,0.00491643837,-0.00136770471,0.00292327465,-0.0110576721,0.000652432966,0.00905485358,0.00493416702,0.00293837232,-0.0119433859,0.000865707116,-0.000808690034,-0.00233552651,-0.00140107283,-0.000385450083,0.00236568321,0.00170017488,0.00403546868,0.0018774335,-0.00119104912,-0.00228732848,-0.00247946545,0.000364422332,0.000779034337,-0.0124831982,0.00328550162,0.00247471989,-0.20513007,0.036767818,-0.0980865806,0.419340521,-0.0805414096,0.141267985,-0.310605496,-0.0648033172,0.0979880542,0.416254848,-0.392951488,-0.112850092,0.0320196375,0.164057761,0.013270162,0.325451761,0.378913105,0.0445899069,0.888738692,0.133261651,0.00927019119,0.0555623621,0.38988173,-0.35543251,0.00502047688,0.969278038,-0.189205453,-0.0318411849,0.0274657086,-0.20513007,0.0367678143,-0.0980865806,0.419340521,-0.0805414096,0.141268,-0.310605496,-0.0648033097,0.0979880542,0.416254848,-0.392951459,-0.112850092,0.0320196375,0.164057761,0.013270162,0.325451761,0.378913105,0.0445899069,0.888738692,0.133261651,0.00927019306,0.0555623621,0.38988173,-0.35543251,0.00502047688,0.969278038,-0.189205453,-0.0318411849,0.0274657067,-0.20513007,0.036767818,-0.0980865806,0.419340521,-0.0805414096,0.141267985,-0.310605496,-0.0648033172,0.0979880542,0.416254848,-0.392951488,-0.112850092,0.0320196375,0.164057761,0.013270162,0.325451761,0.378913105,0.0445899069,0.888738692,0.133261651,0.00927019119,0.0555623621,0.38988173,-0.35543251,0.00502047688,0.969278038,-0.189205453,-0.0318411849,0.0274657086
2.03789802,3214755.68,0,0,0.0173445777,4.19095159e-06,1,0.174287707,0,1,0.687029481,0.00348759047,-0.00904739276,-0.726564825,-0.00160774018,0.00168855954,-0.00975240208,-2.24207754e-44,2.24207754e-44,2.24207754e-44,-0.276816905,0.0758341476,-0.110457122,0.449931145,-0.181424335,0.0320696346,-0.214770779,-0.0607160889,0.0980096087,0.536930621,-0.327397823,0.0055022114,0.0321703479,0.0175921638,-0.00468816049,0.332784325,0.245281756,-0.00284947059,0.949005604,0.128899395,0.0380261131,0.0202085506,0.368267328,-0.309144706,0.0130605353,0.976245105,-0.186079353,-0.0308580585,0.0280528665,-0.00612961315,-0.000273399695,-0.00964440871,0.00494633662,-0.00148699176,0.0029955369,-0.0109969489,0.000660449208,0.00897668395,0.00511653814,0.00275920518,-0.011788493,0.000871363212,-0.000793232757,-0.00237579015,-0.00141740358,-0.000399634504,0.00236491417,0.00169579952,0.00390960462,0.00181591371,-0.00120141637,-0.00230989908,-0.00248415419,0.000397862517,0.000763846561,-0.012406637,0.00322615611,0.00231820298,-0.20513007,0.036767818,-0.0980865806,0.419340521,-0.0805414096,0.141267985,-0.310605496,-0.0648033172,0.0979880542,0.416254848,-0.392951488,-0.112850092,0.0320196375,0.164057761,0.013270162,0.325451761,0.378913105,0.0445899069,0.888738692,0.133261651,0.00927019119,0.0555623621,0.38988173,-0.35543251,0.00502047688,0.969278038,-0.189205453,-0.0318411849,0.0274657086,-0.20513007,0.0367678143,-0.0980865806,0.419340521,-0.0805414096,0.141268,-0.310605496,-0.0648033097,0.0979880542,0.416254848,-0.392951459,-0.112850092,0.0320196375,0.164057761,0.013270162,0.325451761,0.378913105,0.0445899069,0.888738692,0.133261651,0.00927019306,0.0555623621,0.38988173,-0.35543251,0.00502047688,0.969278038,-0.189205453,-0.0318411849,0.0274657067,-0.20513007,0.036767818,-0.0980865806,0.419340521,-0.0805414096,0.141267985,-0.310605496,-0.0648033172,0.0979880542,0.416254848,-0.392951488,-0.112850092,0.0320196375,0.164057761,0.013270162,0.325451761,0.378913105,0.0445899069,0.888738692,0.133261651,0.00927019119,0.0555623621,0.38988173,-0.35543251,0.00502047688,0.969278038,-0.189205453,-0.0318411849,0.0274657086
2.0479008,3214755.69,0,0,0.00730225118,4.74695116e-06,1,0.19716518,0.000236004591,1,0.686994255,0.00348832458,-0.00903616287,-0.726598322,-0.00152835262,0.00156314729,-0.00973856449,-2.24207754e-44,2.24207754e-44,2.24207754e-44,-0.276876032,0.0758316293,-0.110553399,0.449980229,-0.181439936,0.032099694,-0.214878872,-0.0607096292,0.0980987996,0.536982179,-0.327371091,0.0053855041,0.0321790501,0.0175842606,-0.00471151527,0.332770169,0.245277703,-0.00282587949,0.949022591,0.1289379,0.0380440652,0.0201965459,0.368244201,-0.309169501,0.0130646154,0.976252675,-0.186202183,-0.0308262017,0.0280753672,-0.00590436347,-0.000252067635,-0.00962069165,0.00494538946,-0.0016020959,0.00302326586,-0.0108793434,0.000647425593,0.00891473982,0.00535182515,0.00256448914,-0.0116532398,0.000883033324,-0.000793240557,-0.00235900446,-0.00142140151,-0.000409427332,0.00235999865,0.00169845414,0.00379605615,0.00177073409,-0.0012031825,-0.00232585426,-0.00248379563,0.000423459802,0.00074957608,-0.012265238,0.00316129322,0.00218265434,-0.205151439,0.0367260352,-0.0982210338,0.419476688,-0.0803627595,0.141343653,-0.310841501,-0.0646875352,0.09806256,0.416361958,-0.39309448,-0.112916492,0.0320455804,0.164091587,0.0132187083,0.325453013,0.378860027,0.044617895,0.888806641,0.133237675,0.00928538293,0.0555332154,0.389803737,-0.355484962,0.00506068207,0.969283342,-0.18937768,-0.031814158,0.0274357758,-0.205151439,0.0367260352,-0.0982210338,0.419476688,-0.0803627595,0.141343668,-0.310841501,-0.0646875352,0.09806256,0.416361958,-0.39309445,-0.112916492,0.0320455804,0.164091587,0.0132187083,0.325453013,0.378860027,0.044617895,0.888806641,0.133237675,0.00928538293,0.0555332117,0.389803737,-0.355484962,0.00506068207,0.969283342,-0.18937768,-0.031814158,0.027435774,-0.205151439,0.0367260352,-0.0982210338,0.419476688,-0.0803627595,0.141343653,-0.310841501,-0.0646875352,0.09806256,0.416361958,-0.39309448,-0.112916492,0.0320455804,0.164091587,0.0132187083,0.325453013,0.378860027,0.044617895,0.888806641,0.133237675,0.00928538293,0.0555332154,0.389803737,-0.355484962,0.00506068207,0.969283342,-0.18937768,-0.031814158,0.0274357758
2.05891654,3214755.7,0,0,0.0183179909,6.60773367e-06,1,0.19716518,0,1,0.686959028,0.00348912133,-0.00902543496,-0.726631761,-0.00146573584,0.00140153139,-0.00970105827,-2.24207754e-44,2.24207754e-44,2.24207754e-44,-0.276934028,0.0758292452,-0.110649541,0.450029731,-0.181456566,0.0321301296,-0.21498701,-0.060703218,0.0981875435,0.537036717,-0.327346414,0.00527011929,0.0321879126,0.0175763816,-0.00473500835,0.332755893,0.24527353,-0.00280231284,0.949039638,0.128975168,0.0380614921,0.0201845039,0.368220836,-0.309194326,0.0130690159,0.976260126,-0.18632403,-0.0307949707,0.0280963611,-0.00563328713,-0.00021912466,-0.00960954372,0.00491690822,-0.00170647015,0.00305468519,-0.010632799,0.000630645256,0.00882402528,0.00540603139,0.00243517011,-0.0114147933,0.000880432373,-0.000780147791,-0.00231148605,-0.00142528291,-0.000422376703,0.00235135807,0.00170453219,0.00368458708,0.00173164834,-0.00120293174,-0.00233553117,-0.00247858209,0.000447072554,0.000741957396,-0.0120889973,0.00309495023,0.00205323286,-0.205151439,0.0367260352,-0.0982210338,0.419476688,-0.0803627595,0.141343653,-0.310841501,-0.0646875352,0.09806256,0.416361958,-0.39309448,-0.112916492,0.0320455804,0.164091587,0.0132187083,0.325453013,0.378860027,0.044617895,0.888806641,0.133237675,0.00928538293,0.0555332154,0.389803737,-0.355484962,0.00506068207,0.969283342,-0.18937768,-0.031814158,0.0274357758,-0.205151439,0.0367260352,-0.0982210338,0.419476688,-0.0803627595,0.141343668,-0.310841501,-0.0646875352,0.09806256,0.416361958,-0.39309445,-0.112916492,0.0320455804,0.164091587,0.0132187083,0.325453013,0.378860027,0.044617895,0.888806641,0.133237675,0.00928538293,0.0555332117,0.389803737,-0.355484962,0.00506068207,0.969283342,-0.18937768,-0.031814158,0.027435774,-0.205151439,0.0367260352,-0.0982210338,0.419476688,-0.0803627595,0.141343653,-0.310841501,-0.0646875352,0.09806256,0.416361958,-0.39309448,-0.112916492,0.0320455804,0.164091587,0.0132187083,0.325453013,0.378860027,0.044617895,0.888806641,0.133237675,0.00928538293,0.0555332154,0.389803737,-0.355484962,0.00506068207,0.969283342,-0.18937768,-0.031814158,0.0274357758
2.06989734,3214755.72,0,0,0.00932972878,4.32413071e-06,1,0.188484788,0.000230848789,1,0.686923981,0.00348911132,-0.00901583303,-0.72666502,-0.00139143341,0.00124482124,-0.0096851103,-2.24207754e-44,2.24207754e-44,2.24207754e-44,-0.276987672,0.075827308,-0.11074549,0.450078458,-0.181474373,0.0321608968,-0.215090573,-0.0606970787,0.0982750878,0.53709048,-0.327322721,0.00515749538,0.0321967006,0.0175686423,-0.00475763297,0.332741708,0.245269239,-0.00277887122,0.949056745,0.129011393,0.0380786732,0.0201724935,0.368197471,-0.309219062,0.0130735897,0.976267517,-0.186443537,-0.0307644401,0.0281162225,-0.00538819376,-0.000199036556,-0.00958858989,0.00493429229,-0.00182681833,0.00310670771,-0.0104654599,0.000618283928,0.0087637566,0.00559917511,0.00225448771,-0.0112651242,0.000896488142,-0.000779637718,-0.00230056606,-0.00142359664,-0.000433488953,0.00234652869,0.0017141382,0.00357415993,0.0016942285,-0.00120372977,-0.00235051289,-0.00247653225,0.000473258173,0.000729774649,-0.0119573679,0.00303260586,0.00192390522,-0.205175161,0.036673978,-0.0983485132,0.419618487,-0.0802127495,0.141419411,-0.31107235,-0.0645844489,0.0981424153,0.416458368,-0.393239081,-0.112978689,0.0320715457,0.164110184,0.0131812841,0.325450808,0.378813326,0.0446479805,0.8888731,0.133212358,0.00929953903,0.0555066764,0.389719009,-0.355532169,0.00510251522,0.969287694,-0.18954581,-0.0317893252,0.0274041295,-0.205175161,0.036673978,-0.0983485132,0.419618487,-0.0802127495,0.141419411,-0.31107235,-0.0645844564,0.0981424153,0.416458368,-0.393239051,-0.112978689,0.0320715457,0.164110184,0.0131812841,0.325450808,0.378813326,0.0446479805,0.8888731,0.133212358,0.00929954089,0.0555066802,0.389719009,-0.355532169,0.00510251522,0.969287694,-0.18954581,-0.0317893252,0.0274041295,-0.205175161,0.036673978,-0.0983485132,0.419618487,-0.0802127495,0.141419411,-0.31107235,-0.0645844489,0.0981424153,0.416458368,-0.393239081,-0.112978689,0.0320715457,0.164110184,0.0131812841,0.325450808,0.378813326,0.0446479805,0.8888731,0.133212358,0.00929953903,0.0555066764,0.389719009,-0.355532169,0.00510251522,0.969287694,-0.18954581,-0.0317893252,0.0274041295
2.0798977,3214755.73,0,0,0.0193300848,4.3772161e-06,1,0.188484788,0,1,0.686888874,0.00348929688,-0.00900666695,-0.726698279,-0.00131968036,0.00110737525,-0.00966401212,-2.24207754e-44,2.24207754e-44,2.24207754e-44,-0.277040839,0.0758253932,-0.110841252,0.450128078,-0.181493253,0.0321921892,-0.215195194,-0.0606909469,0.0983625054,0.537148058,-0.327301264,0.00504578417,0.0322057381,0.0175608583,-0.0047806548,0.332727402,0.245264828,-0.00275542727,0.949073911,0.129046485,0.0380953401,0.0201604497,0.368173838,-0.309243828,0.0130784912,0.976274729,-0.186562493,-0.0307344701,0.0281346869,-0.0051744855,-0.00017522597,-0.00956772454,0.00493757986,-0.00193006697,0.00314024836,-0.0103118243,0.000602762331,0.00869961549,0.00574184489,0.00211096019,-0.0110565433,0.000899739156,-0.000772173575,-0.00227043149,-0.00142805988,-0.000446144841,0.00233964692,0.00171909353,0.00346928881,0.00165588292,-0.00120301126,-0.00236545666,-0.00247119251,0.000497276546,0.000719215954,-0.0118096471,0.00297054951,0.00180381874,-0.205175161,0.036673978,-0.0983485132,0.419618487,-0.0802127495,0.141419411,-0.31107235,-0.0645844489,0.0981424153,0.416458368,-0.393239081,-0.112978689,0.0320715457,0.164110184,0.0131812841,0.325450808,0.378813326,0.0446479805,0.8888731,0.133212358,0.00929953903,0.0555066764,0.389719009,-0.355532169,0.00510251522,0.969287694,-0.18954581,-0.0317893252,0.0274041295,-0.205175161,0.036673978,-0.0983485132,0.419618487,-0.0802127495,0.141419411,-0.31107235,-0.0645844564,0.0981424153,0.416458368,-0.393239051,-0.112978689,0.0320715457,0.164110184,0.0131812841,0.325450808,0.378813326,0.0446479805,0.8888731,0.133212358,0.00929954089,0.0555066802,0.389719009,-0.355532169,0.00510251522,0.969287694,-0.18954581,-0.0317893252,0.0274041295,-0.205175161,0.036673978,-0.0983485132,0.419618487,-0.0802127495,0.141419411,-0.31107235,-0.0645844489,0.0981424153,0.416458368,-0.393239081,-0.112978689,0.0320715457,0.164110184,0.0131812841,0.325450808,0.378813326,0.0446479805,0.8888731,0.133212358,0.00929953903,0.0555066764,0.389719009,-0.355532169,0.00510251522,0.969287694,-0.18954581,-0.0317893252,0.0274041295
2.09089818,3214755.74,0,0,0.010345215,4.77582216e-06,1,0.175228808,0.000224500895,1,0.686847091,0.00348799536,-0.0089974273,-0.726737916,-0.00129185908,0.00060608983,-0.0095501896,-2.24207754e-44,2.24207754e-44,2.24207754e-44,-0.277097523,0.075823836,-0.110955976,0.450185955,-0.181517348,0.0322302319,-0.215312243,-0.060684029,0.0984654352,0.537213743,-0.327275932,0.0049162074,0.0322163403,0.0175518058,-0.00480672251,0.332710445,0.245259374,-0.00272750761,0.949094713,0.129087463,0.0381151997,0.0201460756,0.368145615,-0.309273332,0.0130845085,0.976283431,-0.18670164,-0.0306993909,0.0281557068,-0.00440116785,-0.00010177731,-0.0095622912,0.00474538095,-0.00206817384,0.00320042996,-0.0093680229,0.000561960216,0.00849854387,0.00529596768,0.00210879045,-0.0106495954,0.000876019476,-0.00074394868,-0.0021146466,-0.00140321592,-0.000459101109,0.00231905677,0.00174781703,0.00338477595,0.00165678875,-0.00119549758,-0.00234575523,-0.00245109154,0.000502979499,0.000726885861,-0.0114701875,0.00289606373,0.00172414689,-0.205201328,0.0366090909,-0.0984672233,0.419766486,-0.0800885782,0.141493648,-0.31129685,-0.0644935966,0.0982282311,0.416541517,-0.393389106,-0.113037892,0.0320969447,0.164113641,0.0131587572,0.325444967,0.37877655,0.0446809232,0.888937473,0.133187026,0.0093114078,0.0554817021,0.389632225,-0.355573535,0.00514661334,0.969290912,-0.189709187,-0.0317652598,0.0273715556,-0.205201328,0.0366090909,-0.0984672233,0.419766486,-0.0800885782,0.141493663,-0.31129685,-0.0644935966,0.0982282311,0.416541517,-0.393389106,-0.113037892,0.0320969447,0.164113641,0.0131587572,0.325444967,0.37877655,0.0446809232,0.888937473,0.133187026,0.0093114078,0.0554817058,0.389632225,-0.355573535,0.00514661334,0.969290912,-0.189709187,-0.0317652598,0.0273715556,-0.205201328,0.0366090909,-0.0984672233,0.419766486,-0.0800885782,0.141493648,-0.31129685,-0.0644935966,0.0982282311,0.416541517,-0.393389106,-0.113037892,0.0320969447,0.164113641,0.0131587572,0.325444967,0.37877655,0.0446809232,0.888937473,0.133187026,0.0093114078,0.0554817021,0.389632225,-0.355573535,0.00514661334,0.969290912,-0.189709187,-0.0317652598,0.0273715556
2.10092762,3214755.75,0,0,0.000389134046,6.14998862e-06,1,0.187763013,0.000222295523,1,0.686812341,0.00348644797,-0.00899064355,-0.726770818,-0.00120569684,0.000566422998,-0.00957319047,-2.24207754e-44,2.24207754e-44,2.24207754e-44,-0.277141958,0.0758227333,-0.111051418,0.450234473,-0.181538627,0.0322628468,-0.215407535,-0.0606783666,0.0985506102,0.53726995,-0.327256531,0.00480991602,0.032225389,0.0175442658,-0.00482851733,0.332696348,0.245254725,-0.00270428206,0.949112236,0.129120514,0.0381313823,0.0201340839,0.368121892,-0.309297889,0.0130898049,0.976290524,-0.186816394,-0.0306707639,0.0281719584,-0.00437146192,-0.000102886377,-0.00953044277,0.00487032998,-0.0021667853,0.00328557403,-0.00948187243,0.000560729008,0.00849789567,0.00569996098,0.00187343895,-0.0105534513,0.000911239302,-0.000753742119,-0.00218104175,-0.00140940468,-0.000469623104,0.00232054503,0.00175113988,0.0032602977,0.00160126959,-0.0011986068,-0.0023788244,-0.00245435326,0.000540967041,0.00070365076,-0.011421226,0.00283695664,0.00157364004,-0.205201328,0.0366090909,-0.0984672233,0.419766486,-0.0800885782,0.141493648,-0.31129685,-0.0644935966,0.0982282311,0.416541517,-0.393389106,-0.113037892,0.0320969447,0.164113641,0.0131587572,0.325444967,0.37877655,0.0446809232,0.888937473,0.133187026,0.0093114078,0.0554817021,0.389632225,-0.355573535,0.00514661334,0.969290912,-0.189709187,-0.0317652598,0.0273715556,-0.205235511,0.0365295336,-0.0985767916,0.419915378,-0.0800101086,0.14156422,-0.311519146,-0.0644126981,0.098318994,0.416605026,-0.39356935,-0.113096453,0.0321236476,0.164104357,0.0131606683,0.325438023,0.378750861,0.0447168276,0.889002562,0.133164316,0.00932221673,0.0554592833,0.389542341,-0.35560751,0.00519174151,0.969292283,-0.189867184,-0.0317410901,0.0273381453,-0.205235511,0.0365295336,-0.0985767916,0.419915378,-0.0800101086,0.14156422,-0.311519146,-0.0644126981,0.098318994,0.416605026,-0.39356935,-0.113096453,0.0321236476,0.164104357,0.0131606683,0.325438023,0.378750861,0.0447168276,0.889002562,0.133164316,0.0093222186,0.0554592833,0.389542341,-0.35560751,0.00519174151,0.969292283,-0.189867184,-0.0317410901,0.0273381472
2.11191692,3214755.76,0,0,0.011378434,4.56208363e-06,1,0.187763013,0,1,0.686777592,0.00348479021,-0.00898443628,-0.72680378,-0.00112393254,0.000602583168,-0.00960486103,-2.24207754e-44,2.24207754e-44,2.24207754e-44,-0.277185559,0.075821735,-0.111146592,0.450284362,-0.181561142,0.0322963409,-0.215502575,-0.0606727675,0.0986354351,0.53732878,-0.327239007,0.00470531965,0.0322346389,0.0175367408,-0.0048505296,0.332682222,0.245249972,-0.00268108025,0.949129701,0.129152462,0.0381470732,0.0201220978,0.368097931,-0.309322417,0.0130954068,0.976297438,-0.186930135,-0.0306427274,0.0281869099,-0.00453142822,-0.000113851878,-0.00950808171,0.00516955275,-0.00232268288,0.00340869301,-0.00975607149,0.000569848984,0.00851506647,0.00620685797,0.00161526725,-0.0104613574,0.000946043641,-0.000758314796,-0.00225940254,-0.00142601971,-0.000478874048,0.00232514879,0.00174131617,0.003147237,0.0015334771,-0.0012013606,-0.0024176077,-0.00245884573,0.000579541782,0.000676784315,-0.0114090964,0.00278690085,0.00143037492,-0.205235511,0.0365295336,-0.0985767916,0.419915378,-0.0800101086,0.14156422,-0.311519146,-0.0644126981,0.098318994,0.416605026,-0.39356935,-0.113096453,0.0321236476,0.164104357,0.0131606683,0.325438023,0.378750861,0.0447168276,0.889002562,0.133164316,0.0093222186,0.0554592833,0.389542341,-0.35560751,0.00519174151,0.969292283,-0.189867184,-0.0317410901,0.0273381472,-0.205235511,0.0365295336,-0.0985767916,0.419915378,-0.0800101086,0.14156422,-0.311519146,-0.0644126981,0.098318994,0.416605026,-0.39356935,-0.113096453,0.0321236476,0.164104357,0.0131606683,0.325438023,0.378750861,0.0447168276,0.889002562,0.133164316,0.00932221673,0.0554592833,0.389542341,-0.35560751,0.00519174151,0.969292283,-0.189867184,-0.0317410901,0.0273381453,-0.205235511,0.0365295336,-0.0985767916,0.419915378,-0.0800101086,0.14156422,-0.311519146,-0.0644126981,0.098318994,0.416605026,-0.39356935,-0.113096453,0.0321236476,0.164104357,0.0131606683,0.325438023,0.378750861,0.0447168276,0.889002562,0.133164316,0.0093222186,0.0554592833,0.389542341,-0.35560751,0.00519174151,0.969292283,-0.189867184,-0.0317410901,0.0273381472
2.12291298,3214755.77,0,0,0.00238362281,5.55161387e-06,1,0.170812942,0.000209212303,1,0.686735749,0.00348309986,-0.00897744112,-0.726843357,-0.00105597835,0.000370719557,-0.00957119279,-2.24207754e-44,2.24207754e-44,2.24207754e-44,-0.277238131,0.0758205801,-0.111260347,0.450345844,-0.181589529,0.0323373228,-0.215618372,-0.060666129,0.0987372324,0.537403882,-0.32722044,0.00458191009,0.0322459824,0.0175276771,-0.00487725018,0.332665056,0.24524413,-0.00265324512,0.949150681,0.129189447,0.0381651744,0.0201077033,0.368068814,-0.309351832,0.0131025556,0.976305485,-0.187065646,-0.0306097679,0.0282032099,-0.00415366376,-7.14585694e-05,-0.00946272537,0.00504065678,-0.00239182962,0.00341987214,-0.00939735956,0.000534647261,0.0084237596,0.00614051009,0.0015425887,-0.010108998,0.000934637559,-0.000746024598,-0.00217141747,-0.00142535614,-0.000492259569,0.00231171888,0.00175371813,0.00304100406,0.00150123879,-0.00119609432,-0.00242501684,-0.00244025304,0.00060205895,0.000670770882,-0.0111608924,0.00271497457,0.00131831958,-0.205267519,0.0364375859,-0.0986773148,0.420074165,-0.0799335167,0.141631514,-0.311728358,-0.0643422753,0.0984139889,0.416662514,-0.39373678,-0.113156833,0.032147415,0.164081156,0.0131767616,0.325429499,0.378740728,0.0447541028,0.889066696,0.133142173,0.00933090597,0.0554369688,0.389453292,-0.35563457,0.00523918308,0.969291151,-0.190016717,-0.0317175873,0.0273032524,-0.205267519,0.0364375859,-0.0986773148,0.420074165,-0.0799335167,0.141631514,-0.311728358,-0.0643422678,0.0984139889,0.416662514,-0.39373678,-0.113156833,0.032147415,0.164081156,0.0131767616,0.325429499,0.378740728,0.0447541028,0.889066696,0.133142173,0.00933090597,0.0554369725,0.389453292,-0.35563457,0.00523918308,0.969291151,-0.190016717,-0.0317175873,0.0273032524,-0.205267519,0.0364375859,-0.0986773148,0.420074165,-0.0799335167,0.141631514,-0.311728358,-0.0643422753,0.0984139889,0.416662514,-0.39373678,-0.113156833,0.032147415,0.164081156,0.0131767616,0.325429499,0.378740728,0.0447541028,0.889066696,0.133142173,0.00933090597,0.0554369688,0.389453292,-0.35563457,0.00523918308,0.969291151,-0.190016717,-0.0317175873,0.0273032524
2.13390845,3214755.78,0,0,0.0133790858,7.99959525e-06,1,0.170812942,0,1,0.686707973,0.003481725,-0.008973266,-0.726869702,-0.00100593979,0.000433714245,-0.00959037244,-2.24207754e-44,2.24207754e-44,2.24207754e-44,-0.277272105,0.0758199915,-0.111336023,0.450387657,-0.181609362,0.0323653854,-0.215694278,-0.0606618151,0.0988045484,0.537454426,-0.327208877,0.00450162776,0.0322535299,0.0175217409,-0.00489483681,0.332653612,0.245240167,-0.00263474346,0.949164629,0.129213378,0.0381769277,0.0200981256,0.368049294,-0.309371352,0.0131075159,0.97631073,-0.18715474,-0.0305882301,0.0282132458,-0.00439581322,-8.30374993e-05,-0.00945598353,0.00540210959,-0.00254571857,0.00357016805,-0.00966014806,0.000548324315,0.00843337644,0.00652796542,0.00135631836,-0.0100240167,0.000955720316,-0.000743311946,-0.00223047822,-0.00144055206,-0.00049577537,0.00231604767,0.00174194365,0.00295833475,0.00144299481,-0.00119955849,-0.00245401333,-0.00244285818,0.000634567346,0.000649454072,-0.0111574894,0.00268135336,0.00120852364,-0.205267519,0.0364375859,-0.0986773148,0.420074165,-0.0799335167,0.141631514,-0.311728358,-0.0643422753,0.0984139889,0.416662514,-0.39373678,-0.113156833,0.032147415,0.164081156,0.0131767616,0.325429499,0.378740728,0.0447541028,0.889066696,0.133142173,0.00933090597,0.0554369688,0.389453292,-0.35563457,0.00523918308,0.969291151,-0.190016717,-0.0317175873,0.0273032524,-0.205267519,0.0364375859,-0.0986773148,0.420074165,-0.0799335167,0.141631514,-0.311728358,-0.0643422678,0.0984139889,0.416662514,-0.39373678,-0.113156833,0.032147415,0.164081156,0.0131767616,0.325429499,0.378740728,0.0447541028,0.889066696,0.133142173,0.00933090597,0.0554369725,0.389453292,-0.35563457,0.00523918308,0.969291151,-0.190016717,-0.0317175873,0.0273032524,-0.205267519,0.0364375859,-0.0986773148,0.420074165,-0.0799335167,0.141631514,-0.311728358,-0.0643422753,0.0984139889,0.416662514,-0.39373678,-0.113156833,0.032147415,0.164081156,0.0131767616,0.325429499,0.378740728,0.0447541028,0.889066696,0.133142173,0.00933090597,0.0554369688,0.389453292,-0.35563457,0.00523918308,0.969291151,-0.190016717,-0.0317175873,0.0273032524
2.14489803,3214755.79,0,0,0.00436609983,4.41074371e-06,1,0.18502539,0.000200480223,1,0.686659276,0.00347927073,-0.0089666415,-0.726915777,-0.000948901637,0.000166528829,-0.00953327026,-2.24207754e-44,2.24207754e-44,2.24207754e-44,-0.277330816,0.0758191496,-0.111468017,0.450462192,-0.181645468,0.0324155763,-0.215826973,-0.0606544055,0.0989219844,0.537545443,-0.327190459,0.00436417991,0.0322668441,0.0175113957,-0.00492538232,0.332633466,0.245233133,-0.00260241725,0.949189186,0.129253894,0.038196858,0.0200813487,0.368014872,-0.309405386,0.0131166326,0.97631979,-0.187308997,-0.0305512603,0.0282291882,-0.00393941207,-2.79296873e-05,-0.00941448379,0.00518217543,-0.00257934444,0.00358934002,-0.00918084569,0.000506179349,0.00830886979,0.00630913535,0.00134433853,-0.00961001683,0.000933578471,-0.000728178129,-0.00213242439,-0.00143214932,-0.000507698918,0.0022990196,0.00176294369,0.00285111903,0.00141769194,-0.00119407091,-0.00245210296,-0.00241705496,0.000657099765,0.0006476852,-0.0108556589,0.00260539446,0.00109992805,-0.205298603,0.0363346785,-0.0987685621,0.420240432,-0.0798464492,0.141694337,-0.311928838,-0.0642762929,0.0985120684,0.416718572,-0.393883944,-0.113222025,0.0321685188,0.164044932,0.0131995566,0.32541725,0.378745288,0.0447929017,0.88913101,0.133120626,0.00933649391,0.0554160178,0.389365852,-0.355656028,0.00528700836,0.969287932,-0.190157562,-0.0316942036,0.0272669271,-0.205298603,0.0363346785,-0.0987685621,0.420240432,-0.0798464492,0.141694352,-0.311928838,-0.0642762855,0.0985120684,0.416718572,-0.393883944,-0.113222033,0.0321685188,0.164044932,0.0131995566,0.32541725,0.378745288,0.0447929017,0.88913101,0.133120626,0.00933649391,0.0554160178,0.389365852,-0.355656028,0.00528700836,0.969287932,-0.190157562,-0.0316942036,0.0272669271,-0.205298603,0.0363346785,-0.0987685621,0.420240432,-0.0798464492,0.141694337,-0.311928838,-0.0642762929,0.0985120684,0.416718572,-0.393883944,-0.113222025,0.0321685188,0.164044932,0.0131995566,0.32541725,0.378745288,0.0447929017,0.88913101,0.133120626,0.00933649391,0.0554160178,0.389365852,-0.355656028,0.00528700836,0.969287932,-0.190157562,-0.0316942036,0.0272669271
2.15492031,3214755.8,0,0,0.0143883848,1.05197541e-05,1,0.18502539,0,1,0.686624527,0.00347739644,-0.00896235183,-0.726948619,-0.000897230173,0.00020249869,-0.00956567656,-2.24207754e-44,2.24207754e-44,2.24207754e-44,-0.277372867,0.07581871,-0.111562096,0.450517893,-0.181672662,0.0324529633,-0.215921432,-0.060649164,0.0990053415,0.53761214,-0.327178538,0.00426852563,0.0322763808,0.0175041258,-0.00494707515,0.332619011,0.245228067,-0.00257937121,0.949206769,0.129281759,0.0382105373,0.0200693589,0.367990077,-0.309429586,0.0131234918,0.976326048,-0.187417731,-0.0305254161,0.0282392707,-0.00420931261,-4.08116903e-05,-0.00939465314,0.00565486588,-0.00276609277,0.0037811473,-0.0094508417,0.000522629474,0.00832812209,0.00675037736,0.00114067842,-0.00948405173,0.000957253797,-0.000725283171,-0.0021553624,-0.00144755701,-0.000507476216,0.00230367272,0.00175822317,0.00274956506,0.00134994334,-0.00119941647,-0.00248819916,-0.00241741212,0.000698384189,0.00062060199,-0.0108300271,0.00256633549,0.000963140628,-0.205298603,0.0363346785,-0.0987685621,0.420240432,-0.0798464492,0.141694337,-0.311928838,-0.0642762929,0.0985120684,0.416718572,-0.393883944,-0.113222025,0.0321685188,0.164044932,0.0131995566,0.32541725,0.378745288,0.0447929017,0.88913101,0.133120626,0.00933649391,0.0554160178,0.389365852,-0.355656028,0.00528700836,0.969287932,-0.190157562,-0.0316942036,0.0272669271,-0.205298603,0.0363346785,-0.0987685621,0.420240432,-0.0798464492,0.141694352,-0.311928838,-0.0642762855,0.0985120684,0.416718572,-0.393883944,-0.113222033,0.0321685188,0.164044932,0.0131995566,0.32541725,0.378745288,0.0447929017,0.88913101,0.133120626,0.00933649391,0.0554160178,0.389365852,-0.355656028,0.00528700836,0.969287932,-0.190157562,-0.0316942036,0.0272669271,-0.205298603,0.0363346785,-0.0987685621,0.420240432,-0.0798464492,0.141694337,-0.311928838,-0.0642762929,0.0985120684,0.416718572,-0.393883944,-0.113222025,0.0321685188,0.164044932,0.0131995566,0.32541725,0.378745288,0.0447929017,0.88913101,0.133120626,0.00933649391,0.0554160178,0.389365852,-0.355656028,0.00528700836,0.969287932,-0.190157562,-0.0316942036,0.0272669271
2.16589752,3214755.81,0,0,0.00524566183,4.327856e-06,1,0.243789982,0.000193297863,1,0.686589956,0.00347500201,-0.00895876065,-0.726981401,-0.000886382652,-2.08391575e-05,-0.0094826268,-2.24207754e-44,2.24207754e-44,2.24207754e-44,-0.277412355,0.0758186132,-0.111655869,0.450572759,-0.181700125,0.0324907303,-0.216012985,-0.0606441721,0.099087894,0.537677586,-0.327166766,0.00417572027,0.0322858021,0.0174969472,-0.00496813003,0.332604617,0.245222956,-0.00255643018,0.949224472,0.129308805,0.0382240005,0.0200574007,0.367965251,-0.309453607,0.0131305493,0.976332307,-0.187524438,-0.0305000935,0.0282484964,-0.00378661859,1.57738232e-05,-0.00937313866,0.00535656139,-0.00272055482,0.00377703086,-0.00894287415,0.000481742638,0.00818708818,0.00635786355,0.00122392527,-0.0091316076,0.000925591623,-0.000709926826,-0.00208783546,-0.00143324293,-0.000514531275,0.0022862819,0.00177934323,0.00267825229,0.00134265283,-0.0011916518,-0.00247282069,-0.00239279028,0.000708112726,0.000625647896,-0.0105454149,0.00250729057,0.000900578976,-0.205328882,0.0362221152,-0.0988531858,0.420409054,-0.0797531977,0.141750336,-0.312122136,-0.0642098635,0.0986106992,0.416771024,-0.394021571,-0.113289438,0.0321891457,0.164003685,0.0132240467,0.3254008,0.378760844,0.0448320098,0.889196157,0.133100137,0.00933778286,0.0553962886,0.389282107,-0.355671465,0.00533492677,0.969283998,-0.190291613,-0.0316717289,0.0272299051,-0.205328882,0.0362221114,-0.0988531858,0.420409054,-0.0797531977,0.141750351,-0.312122136,-0.0642098635,0.0986106992,0.416771024,-0.394021541,-0.113289431,0.0321891457,0.164003685,0.0132240467,0.3254008,0.378760844,0.0448320098,0.889196157,0.133100137,0.00933778472,0.0553962924,0.389282107,-0.355671465,0.00533492677,0.969283998,-0.190291613,-0.0316717289,0.0272299051,-0.205328882,0.0362221152,-0.0988531858,0.420409054,-0.0797531977,0.141750336,-0.312122136,-0.0642098635,0.0986106992,0.416771024,-0.394021571,-0.113289438,0.0321891457,0.164003685,0.0132240467,0.3254008,0.378760844,0.0448320098,0.889196157,0.133100137,0.00933778286,0.0553962886,0.389282107,-0.355671465,0.00533492677,0.969283998,-0.190291613,-0.0316717289,0.0272299051
2.17594506,3214755.82,0,0,0.0152931986,5.04078344e-06,1,0.243789982,0,1,0.686555386,0.00347253471,-0.00895541441,-0.727014065,-0.000845695438,-2.781277e-05,-0.00952272303,-2.24207754e-44,2.24207754e-44,2.24207754e-44,-0.277452558,0.0758185908,-0.111749515,0.450630218,-0.18172875,0.0325300358,-0.216104716,-0.0606391504,0.0991701111,0.537744641,-0.327155977,0.00408466486,0.0322953053,0.0174898487,-0.00498919748,0.332590163,0.245217845,-0.00253350986,0.949242234,0.129335001,0.0382369421,0.0200454239,0.367940247,-0.309477568,0.0131379124,0.976338327,-0.187630132,-0.0304751992,0.0282566231,-0.00401066989,9.54305733e-07,-0.00935103279,0.0058388426,-0.00291170087,0.00397377275,-0.00916007161,0.000502077048,0.00821804535,0.00678256853,0.0010348775,-0.00903432257,0.000956586853,-0.000708766398,-0.00208520447,-0.00144510169,-0.000510874786,0.00229122862,0.00178308331,0.00258419267,0.00127784221,-0.00119882997,-0.00250845705,-0.00239258306,0.000748498831,0.000597888487,-0.0105292415,0.00247310707,0.000770067214,-0.205328882,0.0362221152,-0.0988531858,0.420409054,-0.0797531977,0.141750336,-0.312122136,-0.0642098635,0.0986106992,0.416771024,-0.394021571,-0.113289438,0.0321891457,0.164003685,0.0132240467,0.3254008,0.378760844,0.0448320098,0.889196157,0.133100137,0.00933778286,0.0553962886,0.389282107,-0.355671465,0.00533492677,0.969283998,-0.190291613,-0.0316717289,0.0272299051,-0.205328882,0.0362221114,-0.0988531858,0.420409054,-0.0797531977,0.141750351,-0.312122136,-0.0642098635,0.0986106992,0.416771024,-0.394021541,-0.113289431,0.0321891457,0.164003685,0.0132240467,0.3254008,0.378760844,0.0448320098,0.889196157,0.133100137,0.00933778472,0.0553962924,0.389282107,-0.355671465,0.00533492677,0.969283998,-0.190291613,-0.0316717289,0.0272299051,-0.205328882,0.0362221152,-0.0988531858,0.420409054,-0.0797531977,0.141750336,-0.312122136,-0.0642098635,0.0986106992,0.416771024,-0.394021571,-0.113289438,0.0321891457,0.164003685,0.0132240467,0.3254008,0.378760844,0.0448320098,0.889196157,0.133100137,0.00933778286,0.0553962886,0.389282107,-0.355671465,0.00533492677,0.969283998,-0.190291613,-0.0316717289,0.0272299051
2.1868992,3214755.83,0,0,0.00629125116,5.65405935e-06,1,0.225858763,0.000186622143,1,0.68651396,0.00346903736,-0.00895206723,-0.727053225,-0.000830029428,-0.000100574856,-0.00949478708,-2.24207754e-44,2.24207754e-44,2.24207754e-44,-0.277499229,0.0758188814,-0.111861579,0.450700134,-0.181763947,0.0325781815,-0.216212541,-0.0606332868,0.0992679894,0.537824988,-0.32714349,0.00397846103,0.0323066749,0.0174814425,-0.00501391152,0.332572877,0.245211706,-0.00250610057,0.949263752,0.129365385,0.0382520556,0.0200310703,0.367910147,-0.309506148,0.0131470459,0.976345479,-0.18775484,-0.0304459371,0.0282652117,-0.00404794561,1.71694683e-05,-0.00933830906,0.00608002953,-0.00302256946,0.00411270931,-0.00911995117,0.000500346243,0.00815971475,0.00689184992,0.000961358834,-0.00880679395,0.000958010787,-0.000697128125,-0.00208022539,-0.00144851545,-0.000509191887,0.00228603557,0.00179234077,0.00248999521,0.00122366298,-0.00119846198,-0.00252297916,-0.00237968564,0.000779012626,0.000580659718,-0.010380039,0.00242113601,0.000656179676,-0.20535928,0.0361043289,-0.098933652,0.420576513,-0.0796582177,0.141800106,-0.312308758,-0.0641412139,0.0987078995,0.416823804,-0.394153595,-0.113360189,0.0322097093,0.16396445,0.0132497437,0.325381726,0.378783405,0.0448705554,0.889262855,0.133079454,0.00933519751,0.0553780794,0.389199734,-0.355682254,0.0053817369,0.969278991,-0.19041957,-0.0316512808,0.0271922946,-0.20535928,0.0361043289,-0.098933652,0.420576513,-0.0796582177,0.14180012,-0.312308758,-0.0641412139,0.0987078995,0.416823804,-0.394153595,-0.113360189,0.0322097093,0.16396445,0.0132497437,0.325381726,0.378783405,0.0448705554,0.889262855,0.133079454,0.00933519937,0.0553780831,0.389199734,-0.355682254,0.0053817369,0.969278991,-0.19041957,-0.0316512808,0.0271922927,-0.20535928,0.0361043289,-0.098933652,0.420576513,-0.0796582177,0.141800106,-0.312308758,-0.0641412139,0.0987078995,0.416823804,-0.394153595,-0.113360189,0.0322097093,0.16396445,0.0132497437,0.325381726,0.378783405,0.0448705554,0.889262855,0.133079454,0.00933519751,0.0553780794,0.389199734,-0.355682254,0.0053817369,0.969278991,-0.19041957,-0.0316512808,0.0271922946
2.19690118,3214755.84,0,0,0.016293237,6.2128529e-06,1,0.225858763,0,1,0.686479449,0.0034661442,-0.00894943252,-0.727085888,-0.000811592559,-0.000238053544,-0.00949277636,-2.24207754e-44,2.24207754e-44,2.24207754e-44,-0.277540118,0.0758190751,-0.111954771,0.450762779,-0.181795016,0.0326198451,-0.216304138,-0.0606282651,0.0993495733,0.53789556,-0.327134579,0.00389134255,0.0323163271,0.0174744949,-0.00503443787,0.332558364,0.245206624,-0.00248324871,0.949281752,0.129389822,0.038264025,0.0200190805,0.367884815,-0.309529871,0.0131550031,0.976351142,-0.18785809,-0.0304219574,0.028271189,-0.00394473365,3.58195211e-05,-0.00930255,0.00619762344,-0.00310665602,0.00415590033,-0.00899530575,0.000489088241,0.00812621508,0.00696273288,0.000907275302,-0.00858802814,0.000958890771,-0.000691619411,-0.00200973847,-0.00144620368,-0.000507781981,0.00227986858,0.00181366911,0.00241345423,0.00119341398,-0.00119709258,-0.0025333541,-0.00236389972,0.000802326773,0.000570938922,-0.0102309044,0.0023771869,0.000568990537,-0.20535928,0.0361043289,-0.098933652,0.420576513,-0.0796582177,0.141800106,-0.312308758,-0.0641412139,0.0987078995,0.416823804,-0.394153595,-0.113360189,0.0322097093,0.16396445,0.0132497437,0.325381726,0.378783405,0.0448705554,0.889262855,0.133079454,0.00933519751,0.0553780794,0.389199734,-0.355682254,0.0053817369,0.969278991,-0.19041957,-0.0316512808,0.0271922946,-0.20535928,0.0361043289,-0.098933652,0.420576513,-0.0796582177,0.14180012,-0.312308758,-0.0641412139,0.0987078995,0.416823804,-0.394153595,-0.113360189,0.0322097093,0.16396445,0.0132497437,0.325381726,0.378783405,0.0448705554,0.889262855,0.133079454,0.00933519937,0.0553780831,0.389199734,-0.355682254,0.0053817369,0.969278991,-0.19041957,-0.0316512808,0.0271922927,-0.20535928,0.0361043289,-0.098933652,0.420576513,-0.0796582177,0.141800106,-0.312308758,-0.0641412139,0.0987078995,0.416823804,-0.394153595,-0.113360189,0.0322097093,0.16396445,0.0132497437,0.325381726,0.378783405,0.0448705554,0.889262855,0.133079454,0.00933519751,0.0553780794,0.389199734,-0.355682254,0.0053817369,0.969278991,-0.19041957,-0.0316512808,0.0271922946
2.20838713,3214755.85,0,0,0.00783638982,6.91786408e-06,1,0.17090328,0.000181823969,1,0.686438262,0.00346173858,-0.00894707069,-0.72712481,-0.000820211193,-0.000381827122,-0.00942830369,-2.24207754e-44,2.24207754e-44,2.24207754e-44,-0.277585179,0.0758199096,-0.112066321,0.450835466,-0.181831956,0.0326698311,-0.216408804,-0.0606226623,0.099445954,0.537976146,-0.327122897,0.00379078649,0.0323275998,0.0174663253,-0.0050583086,0.332541108,0.245200515,-0.00245602033,0.949303687,0.129418224,0.0382781997,0.0200047828,0.367854536,-0.309558034,0.0131647252,0.976358056,-0.18797873,-0.0303938929,0.0282775164,-0.00376627967,7.07964937e-05,-0.00928813592,0.00616175495,-0.00312527642,0.00423132116,-0.00871719792,0.000469757942,0.00802309997,0.00678535923,0.000931037182,-0.00833244156,0.000949172536,-0.000679543766,-0.00198481372,-0.00143973087,-0.000507051533,0.00226787268,0.00183434587,0.0023252347,0.0011544429,-0.00119318417,-0.00253273407,-0.00234282878,0.000825950585,0.000562967267,-0.010012947,0.00231779623,0.000473252643,-0.205387235,0.0359847769,-0.0990130156,0.420741171,-0.0795690343,0.141846269,-0.312490582,-0.0640660077,0.0988011211,0.416880846,-0.394293666,-0.11343611,0.0322301872,0.163933307,0.0132699199,0.325359255,0.378808171,0.044907257,0.889330029,0.133059412,0.00932810456,0.055360049,0.389122099,-0.355691314,0.00542876869,0.969275057,-0.190544128,-0.0316328406,0.0271534659,-0.205387235,0.0359847732,-0.0990130156,0.420741171,-0.0795690343,0.141846284,-0.312490582,-0.0640660077,0.0988011211,0.416880846,-0.394293666,-0.11343611,0.0322301872,0.163933307,0.0132699199,0.325359255,0.378808171,0.044907257,0.889330029,0.133059412,0.00932810456,0.0553600527,0.389122099,-0.355691314,0.00542876869,0.969275057,-0.190544128,-0.0316328406,0.0271534659,-0.205387235,0.0359847769,-0.0990130156,0.420741171,-0.0795690343,0.141846269,-0.312490582,-0.0640660077,0.0988011211,0.416880846,-0.394293666,-0.11343611,0.0322301872,0.163933307,0.0132699199,0.325359255,0.378808171,0.044907257,0.889330029,0.133059412,0.00932810456,0.055360049,0.389122099,-0.355691314,0.00542876869,0.969275057,-0.190544128,-0.0316328406,0.0271534659
2.21889708,3214755.86,0,0,0.018346339,4.11225483e-06,1,0.17090328,0,1,0.68640399,0.00345768756,-0.00894552283,-0.727157176,-0.000821624883,-0.000511297258,-0.00939952768,-2.24207754e-44,2.24207754e-44,2.24207754e-44,-0.277622253,0.0758206919,-0.112159021,0.450897753,-0.181863651,0.0327125341,-0.216495261,-0.0606180057,0.0995260179,0.538044393,-0.327113897,0.00370833301,0.032337144,0.0174595527,-0.00507789152,0.332526714,0.245195463,-0.00243337429,0.949322164,0.129441008,0.0382895246,0.0199928489,0.367829114,-0.309581399,0.013173135,0.976363599,-0.188078105,-0.0303709786,0.0282817055,-0.00364387035,9.19716113e-05,-0.00926296972,0.00620686123,-0.00317070796,0.0042785909,-0.00854465738,0.000456302136,0.0079662418,0.00675277924,0.000919529761,-0.00814911909,0.000947552675,-0.000671920425,-0.0019486954,-0.00143465679,-0.000504549593,0.00225990848,0.00185436371,0.00225320109,0.00112231344,-0.00119068602,-0.00253725098,-0.00232666242,0.00084667583,0.000553885242,-0.00985499006,0.00227099867,0.000393163791,-0.205387235,0.0359847769,-0.0990130156,0.420741171,-0.0795690343,0.141846269,-0.312490582,-0.0640660077,0.0988011211,0.416880846,-0.394293666,-0.11343611,0.0322301872,0.163933307,0.0132699199,0.325359255,0.378808171,0.044907257,0.889330029,0.133059412,0.00932810456,0.055360049,0.389122099,-0.355691314,0.00542876869,0.969275057,-0.190544128,-0.0316328406,0.0271534659,-0.205387235,0.0359847732,-0.0990130156,0.420741171,-0.0795690343,0.141846284,-0.312490582,-0.0640660077,0.0988011211,0.416880846,-0.394293666,-0.11343611,0.0322301872,0.163933307,0.0132699199,0.325359255,0.378808171,0.044907257,0.889330029,0.133059412,0.00932810456,0.0553600527,0.389122099,-0.355691314,0.00542876869,0.969275057,-0.190544128,-0.0316328406,0.0271534659,-0.205387235,0.0359847769,-0.0990130156,0.420741171,-0.0795690343,0.141846269,-0.312490582,-0.0640660077,0.0988011211,0.416880846,-0.394293666,-0.11343611,0.0322301872,0.163933307,0.0132699199,0.325359255,0.378808171,0.044907257,0.889330029,0.133059412,0.00932810456,0.055360049,0.389122099,-0.355691314,0.00542876869,0.969275057,-0.190544128,-0.0316328406,0.0271534659
2.22889891,3214755.87,0,0,0.00835132087,4.74788249e-06,1,0.169195235,0.000182807446,1,0.686370015,0.00345316855,-0.00894427206,-0.727189302,-0.000829828146,-0.000592966215,-0.0093682101,-2.24207754e-44,2.24207754e-44,2.24207754e-44,-0.277657896,0.0758218244,-0.11225161,0.450959325,-0.181895256,0.0327555202,-0.216579288,-0.0606135726,0.0996050164,0.538110614,-0.3271043,0.00362814404,0.0323465243,0.0174529105,-0.00509735476,0.332512408,0.245190427,-0.00241084769,0.949340761,0.129463166,0.0383005515,0.0199809913,0.367803782,-0.309604555,0.0131816836,0.976369083,-0.18817544,-0.0303485822,0.0282852538,-0.00359031279,0.000107739113,-0.00924880058,0.00626705866,-0.00321068219,0.00434907386,-0.0084421942,0.000449917134,0.00791339483,0.00674177287,0.000902092434,-0.0080248965,0.00095458288,-0.000666109554,-0.00193826854,-0.00143449265,-0.000501092873,0.00225322554,0.00186790386,0.00218179449,0.00107745954,-0.00118832104,-0.00254530367,-0.00231287349,0.000869616226,0.000541745918,-0.00972410198,0.00222402462,0.000306597853,-0.205412745,0.0358672142,-0.0990939066,0.420896411,-0.0795000866,0.14189142,-0.31267339,-0.063980177,0.0988888592,0.41694051,-0.39445734,-0.113515444,0.0322518498,0.163918748,0.0132903121,0.32533434,0.378830552,0.044941593,0.889398277,0.133040711,0.00931812823,0.0553424805,0.389047176,-0.35569939,0.00547559187,0.969272971,-0.190667331,-0.0316164568,0.0271126032,-0.205412745,0.0358672105,-0.0990939066,0.420896411,-0.0795000866,0.14189142,-0.31267339,-0.063980177,0.0988888592,0.41694051,-0.39445731,-0.113515444,0.0322518498,0.163918748,0.0132903121,0.32533434,0.378830552,0.044941593,0.889398277,0.133040711,0.00931812823,0.0553424843,0.389047176,-0.35569939,0.00547559187,0.969272971,-0.190667331,-0.0316164568,0.0271126032,-0.205412745,0.0358672142,-0.0990939066,0.420896411,-0.0795000866,0.14189142,-0.31267339,-0.063980177,0.0988888592,0.41694051,-0.39445734,-0.113515444,0.0322518498,0.163918748,0.0132903121,0.32533434,0.378830552,0.044941593,0.889398277,0.133040711,0.00931812823,0.0553424805,0.389047176,-0.35569939,0.00547559187,0.969272971,-0.190667331,-0.0316164568,0.0271126032
2.2399004,3214755.89,0,0,0.0193528058,5.43706119e-06,1,0.169195235,0,1,0.686363161,0.00345224375,-0.008944056,-0.72719574,-0.000825829862,-0.000607658643,-0.00937716383,-2.24207754e-44,2.24207754e-44,2.24207754e-44,-0.277665108,0.075822033,-0.112270094,0.450971961,-0.181901723,0.032764256,-0.216596216,-0.0606126674,0.0996208563,0.538124204,-0.327102572,0.00361209409,0.0323484503,0.0174515788,-0.00510121789,0.332509518,0.245189428,-0.00240634079,0.949344516,0.129467487,0.0383026823,0.0199786127,0.367798686,-0.309609175,0.0131834364,0.976370156,-0.188194871,-0.0303441491,0.0282858219,-0.00360465958,0.000105030696,-0.00924116373,0.00632978929,-0.00323934434,0.00436882535,-0.00846559182,0.000452512293,0.00792144611,0.00681281975,0.000871398486,-0.00802498311,0.000961995276,-0.00066676311,-0.00193164847,-0.00143533794,-0.00049948768,0.00225340435,0.00187238422,0.00216582906,0.00106588495,-0.00118928612,-0.00255073397,-0.00231150794,0.000876625709,0.000537379005,-0.00971787143,0.00221607252,0.000283347734,-0.205412745,0.0358672142,-0.0990939066,0.420896411,-0.0795000866,0.14189142,-0.31267339,-0.063980177,0.0988888592,0.41694051,-0.39445734,-0.113515444,0.0322518498,0.163918748,0.0132903121,0.32533434,0.378830552,0.044941593,0.889398277,0.133040711,0.00931812823,0.0553424805,0.389047176,-0.35569939,0.00547559187,0.969272971,-0.190667331,-0.0316164568,0.0271126032,-0.205412745,0.0358672105,-0.0990939066,0.420896411,-0.0795000866,0.14189142,-0.31267339,-0.063980177,0.0988888592,0.41694051,-0.39445731,-0.113515444,0.0322518498,0.163918748,0.0132903121,0.32533434,0.378830552,0.044941593,0.889398277,0.133040711,0.00931812823,0.0553424843,0.389047176,-0.35569939,0.00547559187,0.969272971,-0.190667331,-0.0316164568,0.0271126032,-0.205412745,0.0358672142,-0.0990939066,0.420896411,-0.0795000866,0.14189142,-0.31267339,-0.063980177,0.0988888592,0.41694051,-0.39445734,-0.113515444,0.0322518498,0.163918748,0.0132903121,0.32533434,0.378830552,0.044941593,0.889398277,0.133040711,0.00931812823,0.0553424805,0.389047176,-0.35569939,0.00547559187,0.969272971,-0.190667331,-0.0316164568,0.0271126032
2.24990329,3214755.9,0,0,0.00933126779,6.67618588e-06,1,0.193801709,0.000173211098,1,0.686302006,0.00344329048,-0.00894256867,-0.727253556,-0.00085532316,-0.000757212809,-0.00929716509,-2.24207754e-44,2.24207754e-44,2.24207754e-44,-0.277729005,0.0758242607,-0.112436101,0.451086879,-0.181960806,0.0328433476,-0.216746911,-0.0606047437,0.0997624025,0.53824687,-0.327086776,0.00347019918,0.032365676,0.0174397361,-0.00513570989,0.332483739,0.245180488,-0.00236590859,0.949378431,0.12950547,0.0383213125,0.0199573059,0.367752731,-0.309650481,0.0131994933,0.976379693,-0.188367248,-0.0303050242,0.0282898135,-0.0034798244,0.000147502942,-0.00921039749,0.00634861225,-0.00327679329,0.00440147147,-0.00824281201,0.000424306141,0.00779046491,0.00670504384,0.000913678377,-0.00774718774,0.000943778839,-0.000649223686,-0.0019107858,-0.00143060344,-0.000494116393,0.00223773834,0.00189344375,0.00206214143,0.00100930023,-0.00117675541,-0.00254884269,-0.00228150026,0.000905114168,0.000527291733,-0.00943126716,0.00213422184,0.000171322841,-0.205429643,0.035776563,-0.0991647094,0.421025753,-0.0794467106,0.141937077,-0.312841177,-0.0638926625,0.0989543498,0.417002738,-0.394630551,-0.113597564,0.032266818,0.163908169,0.0133012421,0.325309634,0.378848672,0.0449696258,0.889461696,0.133025482,0.0093075484,0.0553265959,0.388986915,-0.355712801,0.00552266464,0.969273269,-0.190776333,-0.0316033475,0.0270730928,-0.205429643,0.035776563,-0.0991647094,0.421025753,-0.0794467106,0.141937092,-0.312841177,-0.0638926625,0.0989543498,0.417002738,-0.394630551,-0.113597572,0.032266818,0.163908169,0.0133012421,0.325309634,0.378848672,0.0449696258,0.889461696,0.133025482,0.00930754654,0.0553265922,0.388986915,-0.355712801,0.00552266464,0.969273269,-0.190776333,-0.0316033475,0.0270730928,-0.205429643,0.035776563,-0.0991647094,0.421025753,-0.0794467106,0.141937077,-0.312841177,-0.0638926625,0.0989543498,0.417002738,-0.394630551,-0.113597564,0.032266818,0.163908169,0.0133012421,0.325309634,0.378848672,0.0449696258,0.889461696,0.133025482,0.0093075484,0.0553265959,0.388986915,-0.355712801,0.00552266464,0.969273269,-0.190776333,-0.0316033475,0.0270730928
2.26092488,3214755.91,0,0,0.00032443786,2.61198729e-05,1,0.190189574,0.000207722187,1,0.686261475,0.00343674049,-0.00894192141,-0.727291882,-0.000877392711,-0.00084033882,-0.00924563687,-2.24207754e-44,2.24207754e-44,2.24207754e-44,-0.277770579,0.0758261606,-0.112546325,0.45116356,-0.182000339,0.0328964293,-0.216845483,-0.0605997406,0.09985549,0.538327694,-0.327076107,0.00337775797,0.0323770009,0.017431967,-0.00515851472,0.332466573,0.245174631,-0.00233911746,0.949401319,0.129529595,0.0383330286,0.0199432261,0.367722094,-0.30967775,0.0132106058,0.976385951,-0.188479304,-0.0302798487,0.0282910708,-0.00340646622,0.000177350652,-0.00917498674,0.00633045193,-0.0032699802,0.00441715587,-0.00810991973,0.00040276529,0.00769988587,0.00661782222,0.0009311795,-0.00760882348,0.000930863898,-0.000641511579,-0.00189731782,-0.00142843055,-0.000487493497,0.00222584582,0.00191264541,0.00198098156,0.000961323269,-0.00116751273,-0.0025490839,-0.00226113177,0.000933476898,0.000518692366,-0.00923033431,0.00207079225,7.52530468e-05,-0.205429643,0.035776563,-0.0991647094,0.421025753,-0.0794467106,0.141937077,-0.312841177,-0.0638926625,0.0989543498,0.417002738,-0.394630551,-0.113597564,0.032266818,0.163908169,0.0133012421,0.325309634,0.378848672,0.0449696258,0.889461696,0.133025482,0.0093075484,0.0553265959,0.388986915,-0.355712801,0.00552266464,0.969273269,-0.190776333,-0.0316033475,0.0270730928,-0.205452025,0.0356788114,-0.0992627367,0.421161473,-0.0794058964,0.141984567,-0.313031107,-0.0637909323,0.0990326703,0.417073309,-0.394838274,-0.11367622,0.0322916284,0.163932204,0.0133312978,0.325285912,0.378855348,0.0449982733,0.889529943,0.133009434,0.00929725543,0.0553093366,0.388913572,-0.355726153,0.00556795858,0.969273865,-0.190901458,-0.031590268,0.0270257592,-0.205452025,0.0356788114,-0.0992627367,0.421161473,-0.0794058964,0.141984552,-0.313031107,-0.0637909323,0.0990326703,0.417073309,-0.394838274,-0.113676213,0.0322916284,0.163932204,0.0133312978,0.325285912,0.378855348,0.0449982733,0.889529943,0.133009434,0.0092972517,0.0553093404,0.388913572,-0.355726153,0.00556795858,0.969273865,-0.190901458,-0.031590268,0.0270257592
2.27189915,3214755.92,0,0,0.0112987077,5.01377508e-06,1,0.190189574,0,1,0.686227858,0.00343094883,-0.00894151162,-0.727323592,-0.000880015199,-0.000877759536,-0.00925643835,-2.24207754e-44,2.24207754e-44,2.24207754e-44,-0.277804464,0.0758280307,-0.112637982,0.451226801,-0.182033032,0.0329407379,-0.216926262,-0.0605957657,0.0999321789,0.538393676,-0.327066779,0.00330205867,0.0323863551,0.01742558,-0.00517744292,0.332452267,0.245169774,-0.00231690542,0.949420512,0.129549026,0.0383423753,0.0199315902,0.367696583,-0.30970028,0.0132200718,0.976391077,-0.188570872,-0.0302594341,0.0282913111,-0.00343622034,0.000176807982,-0.00915390439,0.00643838197,-0.00331824692,0.00445922138,-0.00817383546,0.000406429113,0.00769679062,0.00678216014,0.000860547181,-0.00762425456,0.000957420969,-0.000641797611,-0.00188157056,-0.00143251882,-0.000482046511,0.002222226,0.00192743167,0.00191288872,0.000908092654,-0.00116479851,-0.00256535574,-0.00225170306,0.000962410588,0.00050381961,-0.00916885957,0.00202478259,-3.0764415e-05,-0.205452025,0.0356788114,-0.0992627367,0.421161473,-0.0794058964,0.141984552,-0.313031107,-0.0637909323,0.0990326703,0.417073309,-0.394838274,-0.113676213,0.0322916284,0.163932204,0.0133312978,0.325285912,0.378855348,0.0449982733,0.889529943,0.133009434,0.0092972517,0.0553093404,0.388913572,-0.355726153,0.00556795858,0.969273865,-0.190901458,-0.031590268,0.0270257592,-0.205452025,0.0356788114,-0.0992627367,0.421161473,-0.0794058964,0.141984567,-0.313031107,-0.0637909323,0.0990326703,0.417073309,-0.394838274,-0.11367622,0.0322916284,0.163932204,0.0133312978,0.325285912,0.378855348,0.0449982733,0.889529943,0.133009434,0.00929725543,0.0553093366,0.388913572,-0.355726153,0.00556795858,0.969273865,-0.190901458,-0.031590268,0.0270257592,-0.205452025,0.0356788114,-0.0992627367,0.421161473,-0.0794058964,0.141984552,-0.313031107,-0.0637909323,0.0990326703,0.417073309,-0.394838274,-0.113676213,0.0322916284,0.163932204,0.0133312978,0.325285912,0.378855348,0.0449982733,0.889529943,0.133009434,0.0092972517,0.0553093404,0.388913572,-0.355726153,0.00556795858,0.969273865,-0.190901458,-0.031590268,0.0270257592
2.28290156,3214755.93,0,0,0.00231414381,6.00796193e-06,1,0.203920994,0.000238239765,1,0.686194241,0.00342497556,-0.00894126669,-0.727355361,-0.000902561529,-0.000946988584,-0.0092123691,-2.24207754e-44,2.24207754e-44,2.24207754e-44,-0.277838558,0.0758299008,-0.112729378,0.451291233,-0.182066232,0.0329852141,-0.217007592,-0.0605917946,0.100008838,0.538461387,-0.327058017,0.00322648347,0.0323959142,0.0174192153,-0.005196115,0.332437962,0.245164976,-0.00229473715,0.949439883,0.129567817,0.0383512639,0.0199199934,0.367670923,-0.309722692,0.0132297976,0.976396084,-0.188661724,-0.0302394703,0.0282905735,-0.00336490339,0.000201387724,-0.00913264044,0.00638909591,-0.00329750893,0.00443050964,-0.00805214606,0.000385054998,0.00762401428,0.00666984869,0.000922335195,-0.007477473,0.000946352084,-0.000630447816,-0.00186134258,-0.00142884569,-0.000479569135,0.00221138494,0.00193966285,0.00185764057,0.000880281907,-0.00115444174,-0.0025609897,-0.00223267544,0.000975897303,0.00050128455,-0.0090021044,0.00197640713,-9.22250038e-05,-0.20547241,0.0355878249,-0.0993709788,0.421281815,-0.0793948546,0.142038882,-0.313218474,-0.0636746436,0.0991032273,0.417154789,-0.395076513,-0.113753907,0.0323169231,0.163986683,0.0133668333,0.325266838,0.378854215,0.0450233445,0.889601529,0.132993355,0.00929054618,0.0552912652,0.388837367,-0.355738342,0.00561475381,0.969278157,-0.191027895,-0.0315792561,0.0269749127,-0.20547241,0.0355878212,-0.0993709788,0.421281815,-0.0793948546,0.142038897,-0.313218474,-0.0636746511,0.0991032273,0.417154789,-0.395076513,-0.1137539,0.0323169231,0.163986683,0.0133668333,0.325266838,0.378854215,0.0450233445,0.889601529,0.132993355,0.00929054618,0.0552912615,0.388837367,-0.355738342,0.00561475381,0.969278157,-0.191027895,-0.0315792561,0.0269749127,-0.20547241,0.0355878249,-0.0993709788,0.421281815,-0.0793948546,0.142038882,-0.313218474,-0.0636746436,0.0991032273,0.417154789,-0.395076513,-0.113753907,0.0323169231,0.163986683,0.0133668333,0.325266838,0.378854215,0.0450233445,0.889601529,0.132993355,0.00929054618,0.0552912652,0.388837367,-0.355738342,0.00561475381,0.969278157,-0.191027895,-0.0315792561,0.0269749127
2.29389895,3214755.94,0,0,0.0133115347,4.80469316e-06,1,0.203920994,0,1,0.686153829,0.00341756339,-0.00894117914,-0.727393508,-0.000883358531,-0.000996214221,-0.00927490462,-2.24207754e-44,2.24207754e-44,2.24207754e-44,-0.277879655,0.0758321434,-0.112838827,0.451369703,-0.182106718,0.033038646,-0.217105925,-0.0605870336,0.100100756,0.538544774,-0.327048212,0.00313577661,0.0324076191,0.0174116362,-0.00521818874,0.332420796,0.245159268,-0.00226819562,0.949463308,0.129589573,0.038361419,0.019906139,0.367639989,-0.309749424,0.013241793,0.976401985,-0.188769847,-0.0302160904,0.028288465,-0.00346129132,0.000177829104,-0.00910747051,0.00665405486,-0.00342905871,0.00445309002,-0.00828597136,0.00040166211,0.00768168084,0.00714685163,0.00074300688,-0.00759768626,0.000991644687,-0.000630968541,-0.00181831815,-0.00143330218,-0.000471687817,0.00221126876,0.00196700194,0.0017817542,0.000825731026,-0.00115381076,-0.00258868956,-0.00222255569,0.00101550773,0.000487134967,-0.00900493097,0.00192778429,-0.000232226084,-0.20547241,0.0355878249,-0.0993709788,0.421281815,-0.0793948546,0.142038882,-0.313218474,-0.0636746436,0.0991032273,0.417154789,-0.395076513,-0.113753907,0.0323169231,0.163986683,0.0133668333,0.325266838,0.378854215,0.0450233445,0.889601529,0.132993355,0.00929054618,0.0552912652,0.388837367,-0.355738342,0.00561475381,0.969278157,-0.191027895,-0.0315792561,0.0269749127,-0.20547241,0.0355878212,-0.0993709788,0.421281815,-0.0793948546,0.142038897,-0.313218474,-0.0636746511,0.0991032273,0.417154789,-0.395076513,-0.1137539,0.0323169231,0.163986683,0.0133668333,0.325266838,0.378854215,0.0450233445,0.889601529,0.132993355,0.00929054618,0.0552912615,0.388837367,-0.355738342,0.00561475381,0.969278157,-0.191027895,-0.0315792561,0.0269749127,-0.20547241,0.0355878249,-0.0993709788,0.421281815,-0.0793948546,0.142038882,-0.313218474,-0.0636746436,0.0991032273,0.417154789,-0.395076513,-0.113753907,0.0323169231,0.163986683,0.0133668333,0.325266838,0.378854215,0.0450233445,0.889601529,0.132993355,0.00929054618,0.0552912652,0.388837367,-0.355738342,0.00561475381,0.969278157,-0.191027895,-0.0315792561,0.0269749127
2.30390154,3214755.95,0,0,0.00327256508,6.32600859e-06,1,0.217791181,0.00026255846,1,0.686120272,0.00341105787,-0.00894133002,-0.727425218,-0.000924108899,-0.00108319416,-0.00917975791,-2.24207754e-44,2.24207754e-44,2.24207754e-44,-0.277913451,0.0758341476,-0.112929821,0.451435298,-0.182140559,0.033082746,-0.2171873,-0.0605832338,0.100176856,0.538614392,-0.327039957,0.00306115975,0.0324173346,0.0174054429,-0.00523625594,0.332406491,0.24515456,-0.00224617519,0.949483097,0.129607096,0.0383696109,0.0198946912,0.36761418,-0.309771508,0.0132519919,0.976406932,-0.188858569,-0.0301971138,0.0282859039,-0.00330804824,0.000220450747,-0.00909720361,0.0064527276,-0.00333660468,0.00438132882,-0.00800390169,0.000362813036,0.00754908239,0.00677472493,0.000912376039,-0.00735421665,0.000954503485,-0.000610826537,-0.00180363108,-0.00142344087,-0.000470985629,0.00219491706,0.00197923789,0.00173434825,0.000816755928,-0.00113769248,-0.0025684482,-0.00219506305,0.00102051522,0.000495655579,-0.00876750797,0.0018772909,-0.000265042065,-0.205492646,0.0355110615,-0.0994851813,0.42139107,-0.0794142261,0.142101616,-0.313404381,-0.063552767,0.0991667509,0.417243928,-0.395339072,-0.113830499,0.0323429927,0.164063662,0.0133999027,0.325250834,0.378849119,0.045046065,0.889674246,0.132977635,0.00928837806,0.0552740991,0.388761133,-0.355755299,0.00566315278,0.969286203,-0.191156089,-0.0315686166,0.0269241035,-0.205492646,0.0355110615,-0.0994851813,0.42139107,-0.0794142261,0.142101631,-0.313404381,-0.063552767,0.0991667509,0.417243928,-0.395339072,-0.113830499,0.0323429927,0.164063662,0.0133999027,0.325250834,0.378849119,0.045046065,0.889674246,0.132977635,0.00928837992,0.0552740954,0.388761133,-0.355755299,0.00566315278,0.969286203,-0.191156089,-0.0315686166,0.0269241035,-0.205492646,0.0355110615,-0.0994851813,0.42139107,-0.0794142261,0.142101616,-0.313404381,-0.063552767,0.0991667509,0.417243928,-0.395339072,-0.113830499,0.0323429927,0.164063662,0.0133999027,0.325250834,0.378849119,0.045046065,0.889674246,0.132977635,0.00928837806,0.0552740991,0.388761133,-0.355755299,0.00566315278,0.969286203,-0.191156089,-0.0315686166,0.0269241035
2.31390544,3214755.96,0,0,0.0132764671,8.00006092e-06,1,0.217791181,0,1,0.686086774,0.00340428739,-0.00894159544,-0.727456808,-0.000917571539,-0.00111613504,-0.00920900144,-2.24207754e-44,2.24207754e-44,2.24207754e-44,-0.277946711,0.0758363083,-0.113020763,0.451500326,-0.182174236,0.0331266858,-0.21726796,-0.0605795644,0.10025236,0.538683414,-0.327031374,0.00298709655,0.0324270688,0.0173993558,-0.00525418017,0.332392275,0.245149881,-0.00222424907,0.949503005,0.129624069,0.0383775532,0.0198833458,0.367588401,-0.309793383,0.0132623855,0.976411819,-0.188946083,-0.0301786028,0.0282826237,-0.00335848168,0.000208007943,-0.00908799283,0.00658122776,-0.00340769906,0.00440229755,-0.00814867299,0.000372959767,0.00756660383,0.00706588943,0.000789917656,-0.00746531412,0.000990262488,-0.000608386705,-0.00177954952,-0.00142524776,-0.000464867248,0.00219224161,0.00200044713,0.00167173939,0.000777846202,-0.00113346614,-0.00258789631,-0.00218590512,0.0010540681,0.000488984282,-0.00875855424,0.00183447974,-0.000375870528,-0.205492646,0.0355110615,-0.0994851813,0.42139107,-0.0794142261,0.142101616,-0.313404381,-0.063552767,0.0991667509,0.417243928,-0.395339072,-0.113830499,0.0323429927,0.164063662,0.0133999027,0.325250834,0.378849119,0.045046065,0.889674246,0.132977635,0.00928837806,0.0552740991,0.388761133,-0.355755299,0.00566315278,0.969286203,-0.191156089,-0.0315686166,0.0269241035,-0.205492646,0.0355110615,-0.0994851813,0.42139107,-0.0794142261,0.142101631,-0.313404381,-0.063552767,0.0991667509,0.417243928,-0.395339072,-0.113830499,0.0323429927,0.164063662,0.0133999027,0.325250834,0.378849119,0.045046065,0.889674246,0.132977635,0.00928837992,0.0552740954,0.388761133,-0.355755299,0.00566315278,0.969286203,-0.191156089,-0.0315686166,0.0269241035,-0.205492646,0.0355110615,-0.0994851813,0.42139107,-0.0794142261,0.142101616,-0.313404381,-0.063552767,0.0991667509,0.417243928,-0.395339072,-0.113830499,0.0323429927,0.164063662,0.0133999027,0.325250834,0.378849119,0.045046065,0.889674246,0.132977635,0.00928837806,0.0552740991,0.388761133,-0.355755299,0.00566315278,0.969286203,-0.191156089,-0.0315686166,0.0269241035
2.32489771,3214755.97,0,0,0.00427575829,4.43821773e-06,1,0.199818984,0.000297486782,1,0.686046779,0.00339582516,-0.00894212257,-0.727494597,-0.000959735771,-0.00120597158,-0.00910921022,-2.24207754e-44,2.24207754e-44,2.24207754e-44,-0.277986169,0.0758390501,-0.113129742,0.45157823,-0.182214588,0.0331790708,-0.217364252,-0.0605753213,0.100342341,0.538766384,-0.327020943,0.00289878203,0.0324387886,0.0173921902,-0.00527537661,0.332375228,0.245144323,-0.0021980484,0.949527144,0.129643738,0.0383867957,0.0198698621,0.367557436,-0.30981943,0.0132751213,0.97641772,-0.189049706,-0.0301569719,0.0282777548,-0.00320597482,0.000250550685,-0.00907955039,0.00636613136,-0.00329946238,0.0043343748,-0.00787285157,0.000333545235,0.00742690219,0.0066948235,0.000971590809,-0.0072459029,0.000959196768,-0.000587438873,-0.00176234497,-0.00141335651,-0.000462966855,0.00217529992,0.00201520836,0.00161830173,0.000768317783,-0.00111496868,-0.00256972807,-0.00215735892,0.00106247899,0.000497151457,-0.00851939712,0.00177917955,-0.000415537943,-0.205513597,0.0354442894,-0.0996120349,0.421491146,-0.0794738159,0.142173231,-0.313598692,-0.0634211302,0.0992259234,0.417342037,-0.395636559,-0.113906465,0.0323728658,0.164155573,0.0134371221,0.32523784,0.378832459,0.0450663604,0.889750719,0.132963032,0.00928926468,0.0552583411,0.388679653,-0.355778545,0.00571125187,0.969298244,-0.191291064,-0.0315592922,0.0268690363,-0.205513597,0.0354442894,-0.0996120349,0.421491146,-0.0794738159,0.142173246,-0.313598692,-0.0634211302,0.0992259234,0.417342037,-0.395636559,-0.113906465,0.0323728658,0.164155573,0.0134371221,0.32523784,0.378832459,0.0450663604,0.889750719,0.132963032,0.0092892684,0.0552583411,0.388679653,-0.355778545,0.00571125187,0.969298244,-0.191291064,-0.0315592922,0.0268690344,-0.205513597,0.0354442894,-0.0996120349,0.421491146,-0.0794738159,0.142173231,-0.313598692,-0.0634211302,0.0992259234,0.417342037,-0.395636559,-0.113906465,0.0323728658,0.164155573,0.0134371221,0.32523784,0.378832459,0.0450663604,0.889750719,0.132963032,0.00928926468,0.0552583411,0.388679653,-0.355778545,0.00571125187,0.969298244,-0.191291064,-0.0315592922,0.0268690363
2.3349164,3214755.98,0,0,0.0142944492,4.52529639e-06,1,0.199818984,0,1,0.686026752,0.00339150848,-0.00894244947,-0.727513492,-0.000935176562,-0.00120693946,-0.00917643029,-2.24207754e-44,2.24207754e-44,2.24207754e-44,-0.278005868,0.075840421,-0.113184214,0.451617301,-0.182234883,0.033205267,-0.217412651,-0.0605732054,0.100387216,0.538808525,-0.327015996,0.00285437913,0.0324447714,0.0173886437,-0.00528587634,0.332366735,0.245141566,-0.00218497915,0.949539304,0.129653275,0.0383912772,0.0198631752,0.367541909,-0.309832394,0.0132816257,0.976420701,-0.189101249,-0.0301463902,0.0282748397,-0.00331026828,0.000222266724,-0.00907687098,0.00656563416,-0.00341220689,0.00437175715,-0.00813267007,0.000357736397,0.00749269081,0.00714472635,0.000776996254,-0.00744823087,0.00100990478,-0.000591517892,-0.00174253504,-0.00141773687,-0.000458408496,0.00217852951,0.00203298521,0.00157795765,0.000738758477,-0.00111315388,-0.00259582349,-0.00215945649,0.00109199004,0.000491438201,-0.00860450882,0.00175506179,-0.000512920087,-0.205513597,0.0354442894,-0.0996120349,0.421491146,-0.0794738159,0.142173231,-0.313598692,-0.0634211302,0.0992259234,0.417342037,-0.395636559,-0.113906465,0.0323728658,0.164155573,0.0134371221,0.32523784,0.378832459,0.0450663604,0.889750719,0.132963032,0.00928926468,0.0552583411,0.388679653,-0.355778545,0.00571125187,0.969298244,-0.191291064,-0.0315592922,0.0268690363,-0.205513597,0.0354442894,-0.0996120349,0.421491146,-0.0794738159,0.142173246,-0.313598692,-0.0634211302,0.0992259234,0.417342037,-0.395636559,-0.113906465,0.0323728658,0.164155573,0.0134371221,0.32523784,0.378832459,0.0450663604,0.889750719,0.132963032,0.0092892684,0.0552583411,0.388679653,-0.355778545,0.00571125187,0.969298244,-0.191291064,-0.0315592922,0.0268690344,-0.205513597,0.0354442894,-0.0996120349,0.421491146,-0.0794738159,0.142173231,-0.313598692,-0.0634211302,0.0992259234,0.417342037,-0.395636559,-0.113906465,0.0323728658,0.164155573,0.0134371221,0.32523784,0.378832459,0.0450663604,0.889750719,0.132963032,0.00928926468,0.0552583411,0.388679653,-0.355778545,0.00571125187,0.969298244,-0.191291064,-0.0315592922,0.0268690363
2.34589882,3214755.99,0,0,0.00529649528,4.5360066e-06,1,0.192651991,0.000301718712,1,0.685980082,0.00338113704,-0.00894348603,-0.72755748,-0.00096123101,-0.00130905863,-0.00910235383,-2.24207754e-44,2.24207754e-44,2.24207754e-44,-0.278051704,0.0758436769,-0.113311186,0.451708972,-0.182282507,0.0332659855,-0.217525944,-0.0605683737,0.100491509,0.538908482,-0.327004731,0.00275079813,0.0324589051,0.0173805002,-0.00530995708,0.332346976,0.245135188,-0.00215457426,0.949567974,0.129674867,0.0384015106,0.0198477414,0.36750558,-0.309862435,0.0132970819,0.976427615,-0.189220488,-0.0301222783,0.0282670241,-0.00319537357,0.000253659236,-0.00906641409,0.00644358853,-0.00334315142,0.0042981864,-0.00795005169,0.000324702065,0.00737941684,0.00695140753,0.000904316432,-0.00728587667,0.000993407913,-0.000570875593,-0.0017095143,-0.00140369381,-0.00045514229,0.00216357387,0.00205771276,0.00151938398,0.000731362787,-0.00109217793,-0.00258425344,-0.00213210727,0.00110652682,0.00050105236,-0.00840032753,0.00169709139,-0.000571974495,-0.205535501,0.0354145765,-0.0997398496,0.421576351,-0.0795219466,0.142249465,-0.31378603,-0.0633041859,0.0992718339,0.41743958,-0.395938277,-0.113973044,0.0323971882,0.164227083,0.0134584792,0.325226724,0.378809899,0.0450800098,0.889822304,0.132947907,0.00929715484,0.0552449003,0.388602674,-0.355814964,0.0057624653,0.969309986,-0.191417202,-0.0315513387,0.0268115625,-0.205535501,0.0354145728,-0.0997398496,0.421576351,-0.0795219466,0.14224948,-0.31378603,-0.0633041859,0.0992718339,0.41743958,-0.395938277,-0.113973051,0.0323971882,0.164227083,0.0134584792,0.325226724,0.378809899,0.0450800098,0.889822304,0.132947907,0.00929715484,0.0552449003,0.388602674,-0.355814964,0.0057624653,0.969309986,-0.191417202,-0.0315513387,0.0268115625,-0.205535501,0.0354145765,-0.0997398496,0.421576351,-0.0795219466,0.142249465,-0.31378603,-0.0633041859,0.0992718339,0.41743958,-0.395938277,-0.113973044,0.0323971882,0.164227083,0.0134584792,0.325226724,0.378809899,0.0450800098,0.889822304,0.132947907,0.00929715484,0.0552449003,0.388602674,-0.355814964,0.0057624653,0.969309986,-0.191417202,-0.0315513387,0.0268115625
2.35689768,3214756,0,0,0.0162953502,4.25614417e-06,1,0.192651991,0,1,0.685946763,0.00337353512,-0.00894440711,-0.727588952,-0.000939191028,-0.00133177417,-0.00914446078,-2.24207754e-44,2.24207754e-44,2.24207754e-44,-0.278084368,0.0758460537,-0.113401853,0.451774657,-0.182316601,0.0333090909,-0.217607409,-0.0605649911,0.100565583,0.538981438,-0.326997191,0.00267646508,0.0324691571,0.0173747614,-0.00532693695,0.332332939,0.245130673,-0.00213293917,0.949588716,0.129689679,0.0384086706,0.0198368952,0.367479563,-0.309883773,0.0133084506,0.976432621,-0.189304963,-0.030105561,0.0282603931,-0.00327053946,0.000238606037,-0.00906379521,0.00658745877,-0.0034157061,0.0042975829,-0.00818031467,0.000336182769,0.00739566982,0.00737370644,0.000725098245,-0.0074498849,0.00103042647,-0.000571649056,-0.00168816175,-0.0014021541,-0.000448308827,0.00216082949,0.00208618538,0.00145926443,0.00071261212,-0.0010783975,-0.0026075046,-0.00213122927,0.00114881515,0.000500131922,-0.00842911936,0.00165468745,-0.000700964942,-0.205535501,0.0354145765,-0.0997398496,0.421576351,-0.0795219466,0.142249465,-0.31378603,-0.0633041859,0.0992718339,0.41743958,-0.395938277,-0.113973044,0.0323971882,0.164227083,0.0134584792,0.325226724,0.378809899,0.0450800098,0.889822304,0.132947907,0.00929715484,0.0552449003,0.388602674,-0.355814964,0.0057624653,0.969309986,-0.191417202,-0.0315513387,0.0268115625,-0.205535501,0.0354145728,-0.0997398496,0.421576351,-0.0795219466,0.14224948,-0.31378603,-0.0633041859,0.0992718339,0.41743958,-0.395938277,-0.113973051,0.0323971882,0.164227083,0.0134584792,0.325226724,0.378809899,0.0450800098,0.889822304,0.132947907,0.00929715484,0.0552449003,0.388602674,-0.355814964,0.0057624653,0.969309986,-0.191417202,-0.0315513387,0.0268115625,-0.205535501,0.0354145765,-0.0997398496,0.421576351,-0.0795219466,0.142249465,-0.31378603,-0.0633041859,0.0992718339,0.41743958,-0.395938277,-0.113973044,0.0323971882,0.164227083,0.0134584792,0.325226724,0.378809899,0.0450800098,0.889822304,0.132947907,0.00929715484,0.0552449003,0.388602674,-0.355814964,0.0057624653,0.969309986,-0.191417202,-0.0315513387,0.0268115625
2.36690006,3214756.01,0,0,0.00633005193,5.23077324e-06,1,0.188246835,0.000317454338,1,0.685907006,0.00336405309,-0.00894573238,-0.727626383,-0.000961526646,-0.00140133151,-0.00907129329,-2.24207754e-44,2.24207754e-44,2.24207754e-44,-0.278122663,0.0758492053,-0.113510631,0.451852262,-0.1823567,0.0333601721,-0.217703849,-0.0605612136,0.100653343,0.539067566,-0.326987296,0.00258840388,0.0324813202,0.0173680317,-0.00534708006,0.33231619,0.245125309,-0.00210712361,0.949613929,0.129706845,0.0384172536,0.01982411,0.36744839,-0.309909195,0.013322317,0.976438701,-0.189404652,-0.030086061,0.0282516852,-0.00317575736,0.000268810807,-0.00906970073,0.00643763551,-0.00332164741,0.0042531197,-0.00802244991,0.000309626252,0.00728070922,0.00716802757,0.000835104322,-0.00733371591,0.00101713033,-0.000556994055,-0.00167455943,-0.00138985959,-0.000446372724,0.00214707362,0.00210726866,0.00140742073,0.000711816305,-0.0010569843,-0.00259993458,-0.00211405498,0.00116695068,0.000509502366,-0.00827073772,0.00160401082,-0.000762778509,-0.20556137,0.0353871807,-0.0998727381,0.421664834,-0.0795865878,0.142330021,-0.313978672,-0.063192144,0.0993212909,0.41753751,-0.396255732,-0.114037402,0.032422699,0.164298058,0.0134860165,0.325214386,0.378776133,0.0450927652,0.889892697,0.132935122,0.00930787623,0.0552311987,0.388520539,-0.355859399,0.00581130572,0.969325304,-0.191548526,-0.0315440521,0.0267537311,-0.20556137,0.0353871807,-0.0998727381,0.421664834,-0.0795865878,0.142330021,-0.313978672,-0.063192144,0.0993212909,0.41753751,-0.396255732,-0.114037402,0.032422699,0.164298058,0.0134860165,0.325214386,0.378776133,0.0450927652,0.889892697,0.132935122,0.0093078725,0.0552311987,0.388520539,-0.355859399,0.00581130572,0.969325304,-0.191548526,-0.0315440521,0.0267537311,-0.20556137,0.0353871807,-0.0998727381,0.421664834,-0.0795865878,0.142330021,-0.313978672,-0.063192144,0.0993212909,0.41753751,-0.396255732,-0.114037402,0.032422699,0.164298058,0.0134860165,0.325214386,0.378776133,0.0450927652,0.889892697,0.132935122,0.00930787623,0.0552311987,0.388520539,-0.355859399,0.00581130572,0.969325304,-0.191548526,-0.0315440521,0.0267537311
2.37691004,3214756.02,0,0,0.0163400299,9.8249875e-06,1,0.188246835,0,1,0.685873926,0.00335605745,-0.00894699618,-0.727657676,-0.00094601704,-0.00144047476,-0.00908450689,-2.24207754e-44,2.24207754e-44,2.24207754e-44,-0.27815485,0.075851813,-0.113601305,0.451917559,-0.182390332,0.0334027596,-0.217785373,-0.060558062,0.100726217,0.539141655,-0.326979876,0.0025142075,0.03249171,0.0173624549,-0.00536366738,0.332302332,0.245120868,-0.0020856699,0.949635148,0.129720613,0.0384243056,0.0198136289,0.367422253,-0.309930354,0.0133341979,0.976443827,-0.189487547,-0.0300702639,0.0282433741,-0.00321097043,0.000265740964,-0.00906632375,0.00652370276,-0.00335240969,0.0042441776,-0.00814671349,0.000309812342,0.00726506859,0.00742313033,0.000744528545,-0.00740347197,0.0010391305,-0.000554378086,-0.00164819427,-0.00138438365,-0.000444132311,0.00214180094,0.00213116035,0.00135920779,0.000705747749,-0.00104166614,-0.00261471677,-0.00211304286,0.00119578454,0.000513174688,-0.00825608522,0.0015636473,-0.000857277424,-0.20556137,0.0353871807,-0.0998727381,0.421664834,-0.0795865878,0.142330021,-0.313978672,-0.063192144,0.0993212909,0.41753751,-0.396255732,-0.114037402,0.032422699,0.164298058,0.0134860165,0.325214386,0.378776133,0.0450927652,0.889892697,0.132935122,0.00930787623,0.0552311987,0.388520539,-0.355859399,0.00581130572,0.969325304,-0.191548526,-0.0315440521,0.0267537311,-0.20556137,0.0353871807,-0.0998727381,0.421664834,-0.0795865878,0.142330021,-0.313978672,-0.063192144,0.0993212909,0.41753751,-0.396255732,-0.114037402,0.032422699,0.164298058,0.0134860165,0.325214386,0.378776133,0.0450927652,0.889892697,0.132935122,0.0093078725,0.0552311987,0.388520539,-0.355859399,0.00581130572,0.969325304,-0.191548526,-0.0315440521,0.0267537311,-0.20556137,0.0353871807,-0.0998727381,0.421664834,-0.0795865878,0.142330021,-0.313978672,-0.063192144,0.0993212909,0.41753751,-0.396255732,-0.114037402,0.032422699,0.164298058,0.0134860165,0.325214386,0.378776133,0.0450927652,0.889892697,0.132935122,0.00930787623,0.0552311987,0.388520539,-0.355859399,0.00581130572,0.969325304,-0.191548526,-0.0315440521,0.0267537311
2.38789721,3214756.03,0,0,0.00681871502,4.04799357e-06,1,0.176426955,0.000331521034,1,0.685841024,0.00334774237,-0.00894843787,-0.72768867,-0.000979517819,-0.00151766196,-0.00897765998,-2.24207754e-44,2.24207754e-44,2.24207754e-44,-0.278186113,0.0758547187,-0.113691993,0.451981455,-0.182422996,0.0334448516,-0.217865184,-0.0605551824,0.100798033,0.539213479,-0.326971203,0.00244144397,0.0325019099,0.0173570141,-0.00538007123,0.332288563,0.245116413,-0.00206434471,0.949656546,0.129733995,0.0384314209,0.0198033191,0.367396206,-0.309951365,0.0133461673,0.976449013,-0.189568907,-0.0300548654,0.028234724,-0.00306215906,0.000309605908,-0.00907299295,0.00628106203,-0.00319708348,0.0041898028,-0.007850389,0.000272784557,0.00712033501,0.00698376307,0.000970704772,-0.0071845497,0.00100589858,-0.000537097396,-0.00163836358,-0.00136879098,-0.000445601851,0.00212618755,0.00214432925,0.00132669066,0.000715222268,-0.0010238887,-0.0025941527,-0.00209303433,0.00119606068,0.000524005329,-0.00805130601,0.00152487017,-0.000865212933,-0.205593288,0.0353599414,-0.100006588,0.421754926,-0.0796623901,0.142412603,-0.314172387,-0.0630888492,0.099371314,0.417630553,-0.396587253,-0.114099838,0.0324497297,0.164366633,0.013518963,0.325203329,0.378736764,0.0451037399,0.889963686,0.132923245,0.00932130218,0.0552171916,0.388433039,-0.355904996,0.00585944578,0.969341934,-0.191683188,-0.0315363482,0.0266957283,-0.205593288,0.0353599414,-0.100006588,0.421754926,-0.0796623901,0.142412603,-0.314172387,-0.0630888492,0.099371314,0.417630553,-0.396587253,-0.114099838,0.0324497297,0.164366633,0.013518963,0.325203329,0.378736764,0.0451037399,0.889963686,0.132923245,0.00932130031,0.0552171916,0.388433039,-0.355904996,0.00585944578,0.969341934,-0.191683188,-0.0315363482,0.0266957283,-0.205593288,0.0353599414,-0.100006588,0.421754926,-0.0796623901,0.142412603,-0.314172387,-0.0630888492,0.099371314,0.417630553,-0.396587253,-0.114099838,0.0324497297,0.164366633,0.013518963,0.325203329,0.378736764,0.0451037399,0.889963686,0.132923245,0.00932130218,0.0552171916,0.388433039,-0.355904996,0.00585944578,0.969341934,-0.191683188,-0.0315363482,0.0266957283
2.39789748,3214756.04,0,0,0.0168189844,4.08431515e-06,1,0.176426955,0,1,0.685801566,0.003337631,-0.00895034429,-0.727725863,-0.000955688243,-0.00154933508,-0.00900847372,-2.24207754e-44,2.24207754e-44,2.24207754e-44,-0.278223902,0.0758582428,-0.113800928,0.452058554,-0.182462156,0.0334956013,-0.217961773,-0.0605517514,0.100883722,0.539301395,-0.326961368,0.00235354062,0.032514438,0.0173505358,-0.00539954752,0.332272142,0.245111063,-0.00203884649,0.949682474,0.129749477,0.0384398922,0.019791143,0.367364794,-0.309976578,0.0133608598,0.976455331,-0.189666301,-0.0300368834,0.0282232407,-0.00314286747,0.000298420462,-0.00907758251,0.00643202011,-0.00325366133,0.00422282657,-0.00805488788,0.000280853914,0.00711479178,0.00736028934,0.000814377796,-0.00731460797,0.00104866712,-0.000536205247,-0.00161009631,-0.00136378477,-0.000446563907,0.00212018122,0.00217219791,0.00126940187,0.000706775114,-0.00100719067,-0.00262083253,-0.00209871004,0.00123420905,0.000528773235,-0.00808786042,0.00147975946,-0.000990878907,-0.205593288,0.0353599414,-0.100006588,0.421754926,-0.0796623901,0.142412603,-0.314172387,-0.0630888492,0.099371314,0.417630553,-0.396587253,-0.114099838,0.0324497297,0.164366633,0.013518963,0.325203329,0.378736764,0.0451037399,0.889963686,0.132923245,0.00932130218,0.0552171916,0.388433039,-0.355904996,0.00585944578,0.969341934,-0.191683188,-0.0315363482,0.0266957283,-0.205593288,0.0353599414,-0.100006588,0.421754926,-0.0796623901,0.142412603,-0.314172387,-0.0630888492,0.099371314,0.417630553,-0.396587253,-0.114099838,0.0324497297,0.164366633,0.013518963,0.325203329,0.378736764,0.0451037399,0.889963686,0.132923245,0.00932130031,0.0552171916,0.388433039,-0.355904996,0.00585944578,0.969341934,-0.191683188,-0.0315363482,0.0266957283,-0.205593288,0.0353599414,-0.100006588,0.421754926,-0.0796623901,0.142412603,-0.314172387,-0.0630888492,0.099371314,0.417630553,-0.396587253,-0.114099838,0.0324497297,0.164366633,0.013518963,0.325203329,0.378736764,0.0451037399,0.889963686,0.132923245,0.00932130218,0.0552171916,0.388433039,-0.355904996,0.00585944578,0.969341934,-0.191683188,-0.0315363482,0.0266957283
2.40790134,3214756.05,0,0,0.00730730221,6.05313107e-06,1,0.187874306,0.00034058094,1,0.685768843,0.00332897156,-0.00895212684,-0.727756739,-0.000950289425,-0.00159027393,-0.00899850763,-2.24207754e-44,2.24207754e-44,2.24207754e-44,-0.278254986,0.0758613572,-0.113891743,0.45212242,-0.182494253,0.0335377678,-0.218041673,-0.0605490543,0.100954354,0.539374232,-0.326952755,0.00228095753,0.0325249061,0.0173452403,-0.00541554531,0.332258582,0.245106593,-0.00201771711,0.949704289,0.129761949,0.0384469926,0.0197811611,0.367338598,-0.309997499,0.0133732799,0.976460636,-0.189746574,-0.0300223026,0.0282130595,-0.00315841823,0.000302651781,-0.00908402074,0.00647532381,-0.00325030973,0.0042479625,-0.00809143204,0.000276493432,0.00707298843,0.00745771499,0.00078226492,-0.00732531352,0.0010684611,-0.000530459511,-0.00159037882,-0.0013558683,-0.000449066254,0.00211172109,0.00219362485,0.00122710492,0.000706641469,-0.000993923401,-0.00263291295,-0.00209753402,0.00125742343,0.000535860658,-0.00806552079,0.00144485245,-0.00106661068,-0.205629766,0.0353280753,-0.100137077,0.421851963,-0.0797452405,0.142496943,-0.314366847,-0.062996909,0.0994253755,0.417715698,-0.396927834,-0.114160858,0.0324777588,0.164428651,0.0135556124,0.325193524,0.37869817,0.0451142788,0.890036404,0.132911474,0.00933749974,0.0552028269,0.388340354,-0.355948478,0.0059078671,0.969359577,-0.191819698,-0.0315279812,0.026638668,-0.205629766,0.0353280753,-0.100137077,0.421851963,-0.0797452405,0.142496943,-0.314366847,-0.062996909,0.0994253755,0.417715698,-0.396927834,-0.114160858,0.0324777588,0.164428651,0.0135556124,0.325193524,0.37869817,0.0451142788,0.890036404,0.132911474,0.00933750346,0.0552028269,0.388340354,-0.355948478,0.0059078671,0.969359577,-0.191819698,-0.0315279812,0.026638668,-0.205629766,0.0353280753,-0.100137077,0.421851963,-0.0797452405,0.142496943,-0.314366847,-0.062996909,0.0994253755,0.417715698,-0.396927834,-0.114160858,0.0324777588,0.164428651,0.0135556124,0.325193524,0.37869817,0.0451142788,0.890036404,0.132911474,0.00933749974,0.0552028269,0.388340354,-0.355948478,0.0059078671,0.969359577,-0.191819698,-0.0315279812,0.026638668
2.41889942,3214756.06,0,0,0.0183053799,5.46593219e-06,1,0.187874306,0,1,0.68573606,0.00332023995,-0.00895412173,-0.727787673,-0.000942501531,-0.00165490864,-0.00898269936,-2.24207754e-44,2.24207754e-44,2.24207754e-44,-0.278286755,0.0758643821,-0.113982558,0.452187866,-0.182526946,0.0335802995,-0.218123049,-0.0605463125,0.101024933,0.53944999,-0.326945335,0.00220768317,0.0325357094,0.0173399709,-0.00543124136,0.332245082,0.245102078,-0.0019966492,0.949726403,0.129773974,0.038454093,0.0197712947,0.367312193,-0.31001848,0.0133859962,0.97646606,-0.189827159,-0.0300080497,0.0282019395,-0.00315502402,0.000311555923,-0.00908161607,0.00653086323,-0.00324630155,0.00424111588,-0.00809150562,0.000265786512,0.00702472916,0.00753552094,0.000774225395,-0.00727496482,0.00107667956,-0.000521664275,-0.00155804877,-0.00134443468,-0.000452028995,0.00210166979,0.00221972191,0.00118804548,0.000715405797,-0.000981271616,-0.00263958564,-0.00209248625,0.00127597409,0.000545285759,-0.0080136843,0.00141201972,-0.00112653628,-0.205629766,0.0353280753,-0.100137077,0.421851963,-0.0797452405,0.142496943,-0.314366847,-0.062996909,0.0994253755,0.417715698,-0.396927834,-0.114160858,0.0324777588,0.164428651,0.0135556124,0.325193524,0.37869817,0.0451142788,0.890036404,0.132911474,0.00933749974,0.0552028269,0.388340354,-0.355948478,0.0059078671,0.969359577,-0.191819698,-0.0315279812,0.026638668,-0.205629766,0.0353280753,-0.100137077,0.421851963,-0.0797452405,0.142496943,-0.314366847,-0.062996909,0.0994253755,0.417715698,-0.396927834,-0.114160858,0.0324777588,0.164428651,0.0135556124,0.325193524,0.37869817,0.0451142788,0.890036404,0.132911474,0.00933750346,0.0552028269,0.388340354,-0.355948478,0.0059078671,0.969359577,-0.191819698,-0.0315279812,0.026638668,-0.205629766,0.0353280753,-0.100137077,0.421851963,-0.0797452405,0.142496943,-0.314366847,-0.062996909,0.0994253755,0.417715698,-0.396927834,-0.114160858,0.0324777588,0.164428651,0.0135556124,0.325193524,0.37869817,0.0451142788,0.890036404,0.132911474,0.00933749974,0.0552028269,0.388340354,-0.355948478,0.0059078671,0.969359577,-0.191819698,-0.0315279812,0.026638668
2.42989761,3214756.08,0,0,0.00921534514,4.25288454e-06,1,0.302681699,0.000352978706,1,0.685703456,0.00331120822,-0.00895633269,-0.727818429,-0.000939920777,-0.00170834735,-0.00896494649,-2.24207754e-44,2.24207754e-44,2.24207754e-44,-0.278317899,0.0758676529,-0.114073418,0.452252716,-0.182558954,0.033622697,-0.218203038,-0.0605437793,0.101094604,0.539524198,-0.32693696,0.00213571242,0.0325464346,0.0173348337,-0.00544671947,0.33223173,0.245097533,-0.00197571213,0.949748695,0.129785642,0.0384613089,0.0197615586,0.367285818,-0.310039341,0.0133988149,0.976471603,-0.189906627,-0.0299941245,0.0281904843,-0.00316122943,0.000318226113,-0.00908845291,0.00658521662,-0.00324544706,0.00428204145,-0.00808269996,0.00025979674,0.00697606755,0.0075775031,0.000763750169,-0.00725193368,0.00109405664,-0.000513759442,-0.00153745129,-0.00133404415,-0.000455963658,0.00209220429,0.00224367785,0.00114949234,0.000720106415,-0.000969970308,-0.0026494367,-0.00208901498,0.00129615318,0.000554077968,-0.00798566267,0.00138115848,-0.00118806493,-0.2056714,0.0352846161,-0.100263476,0.421958208,-0.0798448101,0.142582923,-0.314563245,-0.0629109591,0.099484399,0.417793751,-0.397280812,-0.114224724,0.032506898,0.164485961,0.0135983527,0.325183779,0.378663361,0.0451266021,0.890111864,0.13290076,0.0093550235,0.0551888719,0.388243496,-0.35598743,0.0059561003,0.969377697,-0.19195956,-0.031518843,0.0265836976,-0.2056714,0.0352846161,-0.100263476,0.421958208,-0.0798448101,0.142582923,-0.314563245,-0.0629109591,0.099484399,0.417793751,-0.397280782,-0.114224724,0.032506898,0.164485961,0.0135983527,0.325183779,0.378663361,0.0451266021,0.890111864,0.13290076,0.00935502723,0.0551888719,0.388243496,-0.35598743,0.0059561003,0.969377697,-0.19195956,-0.031518843,0.0265836958,-0.2056714,0.0352846161,-0.100263476,0.421958208,-0.0798448101,0.142582923,-0.314563245,-0.0629109591,0.099484399,0.417793751,-0.397280812,-0.114224724,0.032506898,0.164485961,0.0135983527,0.325183779,0.378663361,0.0451266021,0.890111864,0.13290076,0.0093550235,0.0551888719,0.388243496,-0.35598743,0.0059561003,0.969377697,-0.19195956,-0.031518843,0.0265836976
2.4398977,3214756.09,0,0,0.0192154413,4.35719267e-06,1,0.302681699,0,1,0.685670733,0.00330206752,-0.00895878952,-0.727849245,-0.000926186156,-0.00177680154,-0.00896755978,-2.24207754e-44,2.24207754e-44,2.24207754e-44,-0.278349787,0.0758708119,-0.114164278,0.452319592,-0.182591751,0.033665739,-0.218284339,-0.0605411828,0.101164274,0.539601326,-0.326929778,0.0020631412,0.0325575247,0.0173297301,-0.00546187628,0.332218438,0.245092958,-0.00195483328,0.949771345,0.129796907,0.0384685583,0.0197519157,0.367259234,-0.310060233,0.0134119121,0.976477146,-0.189986527,-0.0299804769,0.0281781983,-0.00318971812,0.000318547507,-0.00908566173,0.00672556646,-0.00328383269,0.00430851849,-0.00812694523,0.000256560568,0.00695137447,0.00774456048,0.000724324549,-0.00723642437,0.00111330871,-0.000507076387,-0.0015025785,-0.00132213603,-0.000459346862,0.00208481797,0.00227198261,0.00111533946,0.000730158761,-0.000960789504,-0.00266117812,-0.00208598282,0.00131500105,0.000561714522,-0.00797224976,0.00135492138,-0.00124423974,-0.2056714,0.0352846161,-0.100263476,0.421958208,-0.0798448101,0.142582923,-0.314563245,-0.0629109591,0.099484399,0.417793751,-0.397280812,-0.114224724,0.032506898,0.164485961,0.0135983527,0.325183779,0.378663361,0.0451266021,0.890111864,0.13290076,0.0093550235,0.0551888719,0.388243496,-0.35598743,0.0059561003,0.969377697,-0.19195956,-0.031518843,0.0265836976,-0.2056714,0.0352846161,-0.100263476,0.421958208,-0.0798448101,0.142582923,-0.314563245,-0.0629109591,0.099484399,0.417793751,-0.397280782,-0.114224724,0.032506898,0.164485961,0.0135983527,0.325183779,0.378663361,0.0451266021,0.890111864,0.13290076,0.00935502723,0.0551888719,0.388243496,-0.35598743,0.0059561003,0.969377697,-0.19195956,-0.031518843,0.0265836958,-0.2056714,0.0352846161,-0.100263476,0.421958208,-0.0798448101,0.142582923,-0.314563245,-0.0629109591,0.099484399,0.417793751,-0.397280812,-0.114224724,0.032506898,0.164485961,0.0135983527,0.325183779,0.378663361,0.0451266021,0.890111864,0.13290076,0.0093550235,0.0551888719,0.388243496,-0.35598743,0.0059561003,0.969377697,-0.19195956,-0.031518843,0.0265836976
2.44990653,3214756.1,0,0,0.00934643112,6.36372715e-06,1,0.182345975,0.000362038612,1,0.68563813,0.00329262973,-0.00896151364,-0.727879941,-0.000926185283,-0.00184647192,-0.00894561131,-2.24207754e-44,2.24207754e-44,2.24207754e-44,-0.278381377,0.07587412,-0.11425516,0.452386767,-0.182624325,0.0337088592,-0.21836482,-0.0605387241,0.101233304,0.539677978,-0.326922059,0.00199156697,0.0325686336,0.0173247382,-0.00547676813,0.332205325,0.245088339,-0.00193405966,0.949794233,0.129807875,0.0384759456,0.0197423752,0.367232651,-0.310081005,0.013425122,0.976482868,-0.190065682,-0.0299670901,0.0281655919,-0.00318932906,0.000327345246,-0.00909023825,0.00680576265,-0.00329388375,0.00435352698,-0.00808241591,0.000248577504,0.00689891633,0.00775736477,0.000716408889,-0.00717023853,0.00112652162,-0.000496612338,-0.00147893326,-0.00130971696,-0.000463510893,0.00207395852,0.00230005058,0.0010789365,0.000740032236,-0.000950173126,-0.00266896305,-0.00208019302,0.00133411086,0.000571783457,-0.00793649163,0.00132826541,-0.00129743211,-0.205720276,0.0352334455,-0.100383587,0.422072619,-0.0799531117,0.142667055,-0.314759046,-0.0628366917,0.0995478183,0.417859584,-0.397642851,-0.114288919,0.0325367525,0.164529055,0.0136461519,0.325174898,0.37863636,0.0451396331,0.890189409,0.132890582,0.00937445462,0.0551762432,0.388144195,-0.356022328,0.00600510463,0.96939373,-0.192098618,-0.031508252,0.0265295133,-0.205720276,0.0352334455,-0.100383587,0.422072619,-0.0799531117,0.142667055,-0.314759046,-0.0628366992,0.0995478183,0.417859584,-0.397642851,-0.114288911,0.0325367525,0.164529055,0.0136461519,0.325174898,0.37863636,0.0451396331,0.890189409,0.132890582,0.00937445275,0.0551762432,0.388144195,-0.356022328,0.00600510463,0.96939373,-0.192098618,-0.031508252,0.0265295133,-0.205720276,0.0352334455,-0.100383587,0.422072619,-0.0799531117,0.142667055,-0.314759046,-0.0628366917,0.0995478183,0.417859584,-0.397642851,-0.114288919,0.0325367525,0.164529055,0.0136461519,0.325174898,0.37863636,0.0451396331,0.890189409,0.132890582,0.00937445462,0.0551762432,0.388144195,-0.356022328,0.00600510463,0.96939373,-0.192098618,-0.031508252,0.0265295133
2.4609033,3214756.11,0,0,0.000356133096,6.50901347e-06,1,0.209594145,0.000372290611,1,0.685599029,0.00328099751,-0.00896511041,-0.727916777,-0.000936810451,-0.00194609538,-0.00889192242,-2.24207754e-44,2.24207754e-44,2.24207754e-44,-0.278419614,0.0758781433,-0.114364237,0.4524692,-0.182663977,0.0337613821,-0.21846135,-0.0605358221,0.101315632,0.539771199,-0.326913536,0.00190626807,0.0325822458,0.0173188746,-0.0054942756,0.332189709,0.245082736,-0.0019092703,0.949822068,0.129820526,0.0384849384,0.0197310615,0.367200553,-0.31010592,0.0134412851,0.976489782,-0.190160543,-0.0299513731,0.0281496067,-0.00313583389,0.000351570256,-0.0090925796,0.00682147639,-0.0032597247,0.00436921231,-0.0079311803,0.000228553079,0.00680500967,0.00762936566,0.00077905925,-0.00700639002,0.0011258435,-0.000480322662,-0.00144994515,-0.00129052892,-0.000469232618,0.00205791299,0.00233441661,0.00103828649,0.000758471666,-0.000936709112,-0.0026693258,-0.00206700666,0.00134961191,0.0005845782,-0.00783484802,0.00129560358,-0.00133795722,-0.205720276,0.0352334455,-0.100383587,0.422072619,-0.0799531117,0.142667055,-0.314759046,-0.0628366917,0.0995478183,0.417859584,-0.397642851,-0.114288919,0.0325367525,0.164529055,0.0136461519,0.325174898,0.37863636,0.0451396331,0.890189409,0.132890582,0.00937445462,0.0551762432,0.388144195,-0.356022328,0.00600510463,0.96939373,-0.192098618,-0.031508252,0.0265295133,-0.205774248,0.0351716727,-0.100496545,0.422197342,-0.0800694451,0.14274776,-0.314957976,-0.0627693087,0.0996161997,0.417915195,-0.398015141,-0.114355415,0.0325668827,0.164555922,0.0137009323,0.325164914,0.378618479,0.0451542288,0.890269518,0.132882029,0.00939520448,0.0551641621,0.388041645,-0.356052637,0.00605457462,0.969408453,-0.192236841,-0.0314968191,0.0264763366,-0.205774248,0.0351716727,-0.100496545,0.422197342,-0.0800694451,0.14274776,-0.314957976,-0.0627693087,0.0996161997,0.417915195,-0.398015141,-0.114355408,0.0325668827,0.164555922,0.0137009323,0.325164914,0.378618479,0.0451542288,0.890269518,0.132882029,0.00939520448,0.0551641583,0.388041645,-0.356052637,0.00605457462,0.969408453,-0.192236841,-0.0314968191,0.0264763385
2.4709047,3214756.12,0,0,0.0103575359,8.12113285e-06,1,0.209594145,0,1,0.685573161,0.00327296276,-0.00896766875,-0.727941155,-0.00093763211,-0.00198697159,-0.00888707023,-2.24207754e-44,2.24207754e-44,2.24207754e-44,-0.278444529,0.0758810341,-0.114437021,0.452523679,-0.18268986,0.0337965302,-0.218524247,-0.0605340488,0.101369746,0.539831579,-0.326907009,0.00185067451,0.0325912721,0.0173150767,-0.00550583377,0.332179457,0.245078966,-0.00189285888,0.949840844,0.129828706,0.0384910442,0.0197236091,0.367179185,-0.310122401,0.0134521332,0.976494491,-0.190222919,-0.0299411099,0.0281387735,-0.00316792936,0.000352261704,-0.00909753423,0.00692880433,-0.00329318922,0.00444952305,-0.00793348439,0.000229259589,0.00677940343,0.00768116396,0.000742122007,-0.00699532451,0.00115034438,-0.000475434295,-0.00143649674,-0.0012825611,-0.00047221643,0.00205048267,0.00235607917,0.00100989209,0.000762006151,-0.000930260576,-0.00268347026,-0.00206543226,0.00136843196,0.000588617171,-0.00784174167,0.00127760076,-0.00138805737,-0.205774248,0.0351716727,-0.100496545,0.422197342,-0.0800694451,0.14274776,-0.314957976,-0.0627693087,0.0996161997,0.417915195,-0.398015141,-0.114355408,0.0325668827,0.164555922,0.0137009323,0.325164914,0.378618479,0.0451542288,0.890269518,0.132882029,0.00939520448,0.0551641583,0.388041645,-0.356052637,0.00605457462,0.969408453,-0.192236841,-0.0314968191,0.0264763385,-0.205774248,0.0351716727,-0.100496545,0.422197342,-0.0800694451,0.14274776,-0.314957976,-0.0627693087,0.0996161997,0.417915195,-0.398015141,-0.114355415,0.0325668827,0.164555922,0.0137009323,0.325164914,0.378618479,0.0451542288,0.890269518,0.132882029,0.00939520448,0.0551641621,0.388041645,-0.356052637,0.00605457462,0.969408453,-0.192236841,-0.0314968191,0.0264763366,-0.205774248,0.0351716727,-0.100496545,0.422197342,-0.0800694451,0.14274776,-0.314957976,-0.0627693087,0.0996161997,0.417915195,-0.398015141,-0.114355408,0.0325668827,0.164555922,0.0137009323,0.325164914,0.378618479,0.0451542288,0.890269518,0.132882029,0.00939520448,0.0551641583,0.388041645,-0.356052637,0.00605457462,0.969408453,-0.192236841,-0.0314968191,0.0264763385
2.48380205,3214756.13,0,0,0.0027041221,6.23892993e-06,1,0.193081796,0.000382184982,1,0.685534298,0.00326068513,-0.00897177588,-0.727977753,-0.000948900939,-0.00207967404,-0.00884760544,-2.24207754e-44,2.24207754e-44,2.24207754e-44,-0.278482676,0.0758853108,-0.114546143,0.45260793,-0.182729691,0.0338503793,-0.218619257,-0.0605313443,0.101450793,0.539924204,-0.326898307,0.00176729867,0.0326052345,0.0173094403,-0.0055228225,0.332164168,0.245073274,-0.00186834007,0.949869394,0.129840553,0.0385002904,0.0197125152,0.367146879,-0.310147136,0.0134687098,0.976501584,-0.190316796,-0.0299259666,0.0281217154,-0.00313779037,0.000371848088,-0.00909373071,0.00698716752,-0.00328045106,0.00448441133,-0.00781736337,0.000213591673,0.00670427224,0.00760329468,0.000792216917,-0.00685312273,0.00115735107,-0.000462530472,-0.00140640745,-0.00126361579,-0.000476839021,0.00203582388,0.00239077932,0.000973368122,0.000779657974,-0.000919238548,-0.00268881721,-0.00205385708,0.00138397166,0.000597301347,-0.00775980344,0.00124934141,-0.00142610294,-0.205774248,0.0351716727,-0.100496545,0.422197342,-0.0800694451,0.14274776,-0.314957976,-0.0627693087,0.0996161997,0.417915195,-0.398015141,-0.114355408,0.0325668827,0.164555922,0.0137009323,0.325164914,0.378618479,0.0451542288,0.890269518,0.132882029,0.00939520448,0.0551641583,0.388041645,-0.356052637,0.00605457462,0.969408453,-0.192236841,-0.0314968191,0.0264763385,-0.205831856,0.0350988843,-0.100601979,0.42233029,-0.080192484,0.142824322,-0.315158665,-0.0627062172,0.0996877253,0.41796118,-0.398397326,-0.114426069,0.0325961784,0.164570212,0.013763532,0.325153172,0.378609776,0.0451706052,0.890351653,0.132875666,0.00941691734,0.055152256,0.387937784,-0.356077969,0.00610432215,0.969421625,-0.192373395,-0.0314849913,0.0264243186,-0.205831856,0.035098888,-0.100601979,0.42233029,-0.080192484,0.142824322,-0.315158665,-0.0627062172,0.0996877253,0.41796118,-0.398397326,-0.114426069,0.0325961784,0.164570212,0.013763532,0.325153172,0.378609776,0.0451706052,0.890351653,0.132875666,0.00941691548,0.0551522523,0.387937784,-0.356077969,0.00610432215,0.969421625,-0.192373395,-0.0314849913,0.0264243186
2.49390153,3214756.14,0,0,0.012803603,5.33275306e-06,1,0.193081796,0,1,0.685495794,0.00324786291,-0.00897610653,-0.728013992,-0.00097477535,-0.00214509247,-0.00878835935,-2.24207754e-44,2.24207754e-44,2.24207754e-44,-0.278519392,0.0758900866,-0.114655338,0.452690333,-0.182767987,0.0339042693,-0.218710914,-0.0605290011,0.101530232,0.5400123,-0.32688719,0.00168667373,0.0326189883,0.0173040051,-0.0055396799,0.332149178,0.245067507,-0.00184404128,0.949898183,0.129852012,0.0385097526,0.0197015703,0.367114693,-0.310171664,0.0134853302,0.976508856,-0.190408692,-0.0299111903,0.0281046107,-0.00309293182,0.000395560754,-0.00909950864,0.00694952719,-0.00322215166,0.00455843285,-0.00765862036,0.000198455135,0.0066128131,0.00739206513,0.000889903982,-0.00673203869,0.00116592995,-0.00045185897,-0.00139700249,-0.00124714815,-0.000481447263,0.00202084868,0.00241595041,0.000939971709,0.000788374979,-0.000909451686,-0.00269333017,-0.002042718,0.00139755569,0.000602244865,-0.0076736575,0.00122151931,-0.00145783753,-0.205831856,0.035098888,-0.100601979,0.42233029,-0.080192484,0.142824322,-0.315158665,-0.0627062172,0.0996877253,0.41796118,-0.398397326,-0.114426069,0.0325961784,0.164570212,0.013763532,0.325153172,0.378609776,0.0451706052,0.890351653,0.132875666,0.00941691548,0.0551522523,0.387937784,-0.356077969,0.00610432215,0.969421625,-0.192373395,-0.0314849913,0.0264243186,-0.205831856,0.0350988843,-0.100601979,0.42233029,-0.080192484,0.142824322,-0.315158665,-0.0627062172,0.0996877253,0.41796118,-0.398397326,-0.114426069,0.0325961784,0.164570212,0.013763532,0.325153172,0.378609776,0.0451706052,0.890351653,0.132875666,0.00941691734,0.055152256,0.387937784,-0.356077969,0.00610432215,0.969421625,-0.192373395,-0.0314849913,0.0264243186,-0.205831856,0.035098888,-0.100601979,0.42233029,-0.080192484,0.142824322,-0.315158665,-0.0627062172,0.0996877253,0.41796118,-0.398397326,-0.114426069,0.0325961784,0.164570212,0.013763532,0.325153172,0.378609776,0.0451706052,0.890351653,0.132875666,0.00941691548,0.0551522523,0.387937784,-0.356077969,0.00610432215,0.969421625,-0.192373395,-0.0314849913,0.0264243186
2.50390211,3214756.15,0,0,0.00334615167,6.08759001e-06,1,0.185131095,0.000395834446,1,0.685463727,0.00323696993,-0.00897987094,-0.728044212,-0.000988145126,-0.00220731297,-0.00876539294,-2.24207754e-44,2.24207754e-44,2.24207754e-44,-0.278550506,0.0758940727,-0.114746258,0.452760607,-0.182800427,0.0339502916,-0.218787432,-0.0605270416,0.101596184,0.540086567,-0.326878458,0.00161964376,0.0326307826,0.0172995199,-0.0055534807,0.33213678,0.245062679,-0.00182389363,0.949922562,0.129861236,0.0385176875,0.019692516,0.367087662,-0.310192049,0.0134994136,0.976514876,-0.190485314,-0.0298990998,0.0280897617,-0.00308601628,0.000408899738,-0.00908845384,0.00701038912,-0.00322005618,0.00460725743,-0.00758817606,0.000187839672,0.00656332122,0.00734532066,0.00091847399,-0.00664051622,0.00117706775,-0.000443998608,-0.00137223874,-0.00123267074,-0.000483989657,0.00200919644,0.00244295341,0.000911994721,0.000799418543,-0.000901886378,-0.0027019002,-0.00203447416,0.00141094613,0.000605659094,-0.00761909317,0.00119959598,-0.00148990424,-0.205892503,0.0350099504,-0.100703679,0.422472656,-0.0803246722,0.14289695,-0.315364391,-0.0626419783,0.099764362,0.417999536,-0.398793161,-0.114502005,0.0326265916,0.164579943,0.0138359629,0.32513997,0.378609359,0.0451889411,0.890437365,0.132871315,0.00943914801,0.0551404655,0.387830675,-0.356096745,0.00615460798,0.969434202,-0.192510322,-0.0314723514,0.0263717063,-0.205892503,0.0350099504,-0.100703679,0.422472656,-0.0803246722,0.14289695,-0.315364391,-0.0626419783,0.099764362,0.417999536,-0.398793161,-0.114502005,0.0326265916,0.164579943,0.0138359629,0.32513997,0.378609359,0.0451889411,0.890437365,0.132871315,0.00943914987,0.0551404655,0.387830675,-0.356096745,0.00615460798,0.969434202,-0.192510322,-0.0314723514,0.0263717044,-0.205892503,0.0350099504,-0.100703679,0.422472656,-0.0803246722,0.14289695,-0.315364391,-0.0626419783,0.099764362,0.417999536,-0.398793161,-0.114502005,0.0326265916,0.164579943,0.0138359629,0.32513997,0.378609359,0.0451889411,0.890437365,0.132871315,0.00943914801,0.0551404655,0.387830675,-0.356096745,0.00615460798,0.969434202,-0.192510322,-0.0314723514,0.0263717063
2.51391463,3214756.16,0,0,0.0133586717,6.41262159e-06,1,0.185131095,0,1,0.685431659,0.00322586624,-0.00898380484,-0.728074431,-0.000975525589,-0.00225417549,-0.00883025303,-2.24207754e-44,2.24207754e-44,2.24207754e-44,-0.278582186,0.0758980364,-0.114837043,0.452832848,-0.182833582,0.0339972414,-0.218864188,-0.0605250709,0.101662062,0.540161908,-0.326870233,0.00155282533,0.0326428711,0.017295083,-0.00556697091,0.332124472,0.245057836,-0.00180383387,0.949947178,0.129870176,0.0385257006,0.0196835101,0.367060453,-0.310212404,0.0135137094,0.976520956,-0.19056201,-0.0298871882,0.0280743744,-0.00323888846,0.000383545004,-0.00906842761,0.00740868459,-0.00340237818,0.00475482177,-0.0077608116,0.000205091113,0.00661560008,0.00771402102,0.000729713473,-0.00672067655,0.00123342581,-0.00044410702,-0.00132783852,-0.00122570363,-0.000482592906,0.00200449862,0.002481631,0.000882132619,0.000803827308,-0.000900021405,-0.00273837778,-0.00203693449,0.00144345488,0.000604939356,-0.00771520985,0.00118661067,-0.0015751539,-0.205892503,0.0350099504,-0.100703679,0.422472656,-0.0803246722,0.14289695,-0.315364391,-0.0626419783,0.099764362,0.417999536,-0.398793161,-0.114502005,0.0326265916,0.164579943,0.0138359629,0.32513997,0.378609359,0.0451889411,0.890437365,0.132871315,0.00943914801,0.0551404655,0.387830675,-0.356096745,0.00615460798,0.969434202,-0.192510322,-0.0314723514,0.0263717063,-0.205892503,0.0350099504,-0.100703679,0.422472656,-0.0803246722,0.14289695,-0.315364391,-0.0626419783,0.099764362,0.417999536,-0.398793161,-0.114502005,0.0326265916,0.164579943,0.0138359629,0.32513997,0.378609359,0.0451889411,0.890437365,0.132871315,0.00943914987,0.0551404655,0.387830675,-0.356096745,0.00615460798,0.969434202,-0.192510322,-0.0314723514,0.0263717044,-0.205892503,0.0350099504,-0.100703679,0.422472656,-0.0803246722,0.14289695,-0.315364391,-0.0626419783,0.099764362,0.417999536,-0.398793161,-0.114502005,0.0326265916,0.164579943,0.0138359629,0.32513997,0.378609359,0.0451889411,0.890437365,0.132871315,0.00943914801,0.0551404655,0.387830675,-0.356096745,0.00615460798,0.969434202,-0.192510322,-0.0314723514,0.0263717063
2.52489745,3214756.17,0,0,0.00430553779,4.24403697e-06,1,0.180387869,0.000404477119,1,0.685393095,0.00321215042,-0.00898881629,-0.728110731,-0.00101261609,-0.00235652179,-0.00875654258,-2.24207754e-44,2.24207754e-44,2.24207754e-44,-0.278620511,0.0759028345,-0.11494574,0.452921718,-0.182874098,0.0340541899,-0.218955934,-0.060522791,0.101740867,0.540253043,-0.326860577,0.00147364009,0.032657586,0.0172898602,-0.00558267394,0.332109958,0.24505204,-0.00177989202,0.949977219,0.129880577,0.0385355353,0.0196727775,0.36702764,-0.310236722,0.0135310823,0.976528227,-0.190653637,-0.0298731197,0.0280554127,-0.00312530529,0.000420839875,-0.00905381143,0.00731844222,-0.00331337703,0.00472247228,-0.00750227459,0.000173445733,0.00650844211,0.00739943422,0.000914585078,-0.00647848612,0.00121165905,-0.000427214516,-0.00130280689,-0.00120008818,-0.000485527678,0.00198697508,0.00251711416,0.000856330094,0.000831170124,-0.000889316958,-0.00272681401,-0.00201405073,0.00144639798,0.000615441066,-0.00754737528,0.00116059312,-0.00157128437,-0.205956191,0.034920685,-0.10079699,0.42261079,-0.080462791,0.1429663,-0.315564066,-0.0625770539,0.0998351276,0.418034345,-0.399197638,-0.114584528,0.0326530375,0.164585531,0.013910111,0.325126082,0.378617942,0.0452071577,0.890524149,0.132869571,0.00946099311,0.0551290289,0.387729585,-0.35611248,0.00620571896,0.969446242,-0.192641035,-0.0314600021,0.02632064,-0.205956191,0.0349206813,-0.10079699,0.42261079,-0.080462791,0.1429663,-0.315564066,-0.0625770614,0.0998351276,0.418034345,-0.399197638,-0.114584528,0.0326530375,0.164585531,0.013910111,0.325126082,0.378617942,0.0452071577,0.890524149,0.132869571,0.00946099311,0.0551290289,0.387729585,-0.35611248,0.00620571896,0.969446242,-0.192641035,-0.0314600021,0.02632064,-0.205956191,0.034920685,-0.10079699,0.42261079,-0.080462791,0.1429663,-0.315564066,-0.0625770539,0.0998351276,0.418034345,-0.399197638,-0.114584528,0.0326530375,0.164585531,0.013910111,0.325126082,0.378617942,0.0452071577,0.890524149,0.132869571,0.00946099311,0.0551290289,0.387729585,-0.35611248,0.00620571896,0.969446242,-0.192641035,-0.0314600021,0.02632064
2.53490124,3214756.18,0,0,0.0143093248,5.53717837e-06,1,0.180387869,0,1,0.685373783,0.00320515689,-0.00899140723,-0.72812885,-0.00100009213,-0.00237639342,-0.00881861057,-2.24207754e-44,2.24207754e-44,2.24207754e-44,-0.278639913,0.0759052336,-0.115000002,0.452967107,-0.182894737,0.0340830833,-0.21900177,-0.0605216585,0.101780191,0.540298939,-0.326855958,0.00143416622,0.0326650515,0.0172872804,-0.00559037831,0.332102746,0.245049149,-0.00176796946,0.949992478,0.129885659,0.038540516,0.0196674336,0.36701113,-0.310248822,0.0135398814,0.976531923,-0.190699413,-0.0298661701,0.028045686,-0.00326644443,0.000393841387,-0.00903846137,0.00765631162,-0.00348339067,0.00484541757,-0.00767717883,0.00019222527,0.00656684209,0.00774130784,0.000726528699,-0.00660470966,0.00125462806,-0.000430541812,-0.00127440633,-0.00119842344,-0.00048116807,0.00198635389,0.00254556094,0.000840565132,0.000831148878,-0.000890660856,-0.00275641354,-0.00201785052,0.00147382077,0.000613487209,-0.00765081262,0.00115615444,-0.00163846673,-0.205956191,0.034920685,-0.10079699,0.42261079,-0.080462791,0.1429663,-0.315564066,-0.0625770539,0.0998351276,0.418034345,-0.399197638,-0.114584528,0.0326530375,0.164585531,0.013910111,0.325126082,0.378617942,0.0452071577,0.890524149,0.132869571,0.00946099311,0.0551290289,0.387729585,-0.35611248,0.00620571896,0.969446242,-0.192641035,-0.0314600021,0.02632064,-0.205956191,0.0349206813,-0.10079699,0.42261079,-0.080462791,0.1429663,-0.315564066,-0.0625770614,0.0998351276,0.418034345,-0.399197638,-0.114584528,0.0326530375,0.164585531,0.013910111,0.325126082,0.378617942,0.0452071577,0.890524149,0.132869571,0.00946099311,0.0551290289,0.387729585,-0.35611248,0.00620571896,0.969446242,-0.192641035,-0.0314600021,0.02632064,-0.205956191,0.034920685,-0.10079699,0.42261079,-0.080462791,0.1429663,-0.315564066,-0.0625770539,0.0998351276,0.418034345,-0.399197638,-0.114584528,0.0326530375,0.164585531,0.013910111,0.325126082,0.378617942,0.0452071577,0.890524149,0.132869571,0.00946099311,0.0551290289,0.387729585,-0.35611248,0.00620571896,0.969446242,-0.192641035,-0.0314600021,0.02632064
2.54590383,3214756.19,0,0,0.0051239999,7.24801794e-06,1,0.396771822,0.00041359663,1,0.685328782,0.00318842079,-0.0089977365,-0.728171229,-0.00103708438,-0.00248846994,-0.00876537338,-2.24207754e-44,2.24207754e-44,2.24207754e-44,-0.27868554,0.0759108588,-0.115126327,0.453075498,-0.182943821,0.0341510959,-0.219108477,-0.0605190955,0.101871751,0.54040724,-0.326845318,0.00134264922,0.0326826349,0.0172813404,-0.0056078732,0.332086176,0.245042428,-0.00174026273,0.950028479,0.129897222,0.0385523699,0.0196550265,0.366972506,-0.310276926,0.0135606462,0.976540565,-0.190805867,-0.0298501588,0.0280225314,-0.00318893488,0.000422340701,-0.00901586004,0.00766701996,-0.0034489329,0.00482938392,-0.00747700594,0.000165165693,0.00648130383,0.00754897995,0.000871809141,-0.00641450938,0.00123949524,-0.000416005292,-0.00124082691,-0.00117132813,-0.000480308518,0.00197061873,0.00258971076,0.000815616746,0.000860904169,-0.000880651758,-0.00275011919,-0.00199468737,0.00148284819,0.000622995954,-0.00750908814,0.00113147171,-0.00164474093,-0.206024617,0.0348309502,-0.100888386,0.422748864,-0.0805994645,0.143032253,-0.31576404,-0.0625110716,0.0999043584,0.418068409,-0.399611235,-0.114671461,0.0326788202,0.164593175,0.013987679,0.325112015,0.37863189,0.0452250578,0.890612245,0.132869631,0.00948154926,0.0551180318,0.387632281,-0.356127501,0.00625666417,0.969457328,-0.192769736,-0.0314466506,0.0262695178,-0.206024617,0.0348309465,-0.100888386,0.422748864,-0.0805994645,0.143032268,-0.31576404,-0.0625110716,0.0999043584,0.418068409,-0.399611205,-0.114671461,0.0326788202,0.164593175,0.013987679,0.325112015,0.37863189,0.0452250578,0.890612245,0.132869631,0.00948154926,0.0551180318,0.387632281,-0.356127501,0.00625666417,0.969457328,-0.192769736,-0.0314466506,0.026269516,-0.206024617,0.0348309502,-0.100888386,0.422748864,-0.0805994645,0.143032253,-0.31576404,-0.0625110716,0.0999043584,0.418068409,-0.399611235,-0.114671461,0.0326788202,0.164593175,0.013987679,0.325112015,0.37863189,0.0452250578,0.890612245,0.132869631,0.00948154926,0.0551180318,0.387632281,-0.356127501,0.00625666417,0.969457328,-0.192769736,-0.0314466506,0.0262695178
2.55591315,3214756.2,0,0,0.015133325,1.13900751e-05,1,0.396771822,0,1,0.685296595,0.00317614083,-0.00900242385,-0.728201509,-0.00104047335,-0.00253102253,-0.00880821422,-2.24207754e-44,2.24207754e-44,2.24207754e-44,-0.278718442,0.0759149045,-0.115216337,0.453154683,-0.182979569,0.0342002697,-0.219184339,-0.0605173334,0.101936907,0.540484965,-0.326838046,0.00127763185,0.0326953232,0.0172771718,-0.00562006375,0.332074493,0.245037675,-0.00172058796,0.950054646,0.129905239,0.0385609828,0.0196462199,0.36694479,-0.310296863,0.0135757132,0.976546824,-0.19088161,-0.029838888,0.0280055329,-0.00330707734,0.000404752413,-0.00899066776,0.00798816886,-0.00360515551,0.00493504107,-0.00758140394,0.000173855689,0.00651146332,0.00779908802,0.000708561682,-0.00649328576,0.00127344904,-0.000414560316,-0.00120671291,-0.00116308092,-0.000473062333,0.001963577,0.00263358117,0.000794096151,0.000866256654,-0.000878718332,-0.00277709332,-0.00198998814,0.00151508953,0.000623783562,-0.00756653724,0.00112171471,-0.00171669037,-0.206024617,0.0348309502,-0.100888386,0.422748864,-0.0805994645,0.143032253,-0.31576404,-0.0625110716,0.0999043584,0.418068409,-0.399611235,-0.114671461,0.0326788202,0.164593175,0.013987679,0.325112015,0.37863189,0.0452250578,0.890612245,0.132869631,0.00948154926,0.0551180318,0.387632281,-0.356127501,0.00625666417,0.969457328,-0.192769736,-0.0314466506,0.0262695178,-0.206024617,0.0348309465,-0.100888386,0.422748864,-0.0805994645,0.143032268,-0.31576404,-0.0625110716,0.0999043584,0.418068409,-0.399611205,-0.114671461,0.0326788202,0.164593175,0.013987679,0.325112015,0.37863189,0.0452250578,0.890612245,0.132869631,0.00948154926,0.0551180318,0.387632281,-0.356127501,0.00625666417,0.969457328,-0.192769736,-0.0314466506,0.026269516,-0.206024617,0.0348309502,-0.100888386,0.422748864,-0.0805994645,0.143032253,-0.31576404,-0.0625110716,0.0999043584,0.418068409,-0.399611235,-0.114671461,0.0326788202,0.164593175,0.013987679,0.325112015,0.37863189,0.0452250578,0.890612245,0.132869631,0.00948154926,0.0551180318,0.387632281,-0.356127501,0.00625666417,0.969457328,-0.192769736,-0.0314466506,0.0262695178
2.56689873,3214756.21,0,0,0.00632009655,4.45265323e-06,1,0.19943295,0.000424861908,1,0.68525821,0.003160964,-0.00900816079,-0.728237629,-0.00108738197,-0.00259062997,-0.00874157157,-2.24207754e-44,2.24207754e-44,2.24207754e-44,-0.278757215,0.0759200379,-0.115324117,0.453249246,-0.183021978,0.0342591666,-0.219273314,-0.0605154969,0.102014244,0.540575624,-0.326828033,0.00120120088,0.0327103958,0.0172723029,-0.00563448202,0.332060695,0.245031998,-0.00169715006,0.950086474,0.129914626,0.0385715291,0.0196357537,0.36691156,-0.310320586,0.0135939149,0.976554334,-0.190971166,-0.0298255943,0.0279850066,-0.00321981777,0.000435038994,-0.0089752404,0.00787026063,-0.00352193089,0.00492198952,-0.00736098085,0.000146030972,0.00641846843,0.00747624179,0.000859701773,-0.00634517102,0.00125647581,-0.000402353064,-0.00119802076,-0.00114316877,-0.000470911269,0.00194683275,0.00266657118,0.000773006293,0.00088177406,-0.000869042822,-0.00277057593,-0.00196815748,0.00152396515,0.000630699913,-0.00743129151,0.00109985541,-0.00172296702,-0.206095517,0.0347430184,-0.100981399,0.422884822,-0.0807342902,0.143095046,-0.315965891,-0.0624393672,0.0999706835,0.418105096,-0.400036097,-0.114761747,0.0327050239,0.16460675,0.0140689947,0.325098276,0.378647417,0.0452411287,0.890702724,0.132871881,0.00950177014,0.0551068932,0.387536108,-0.356141448,0.00630705431,0.969467938,-0.192897528,-0.0314328596,0.0262173526,-0.206095517,0.0347430147,-0.100981399,0.422884822,-0.0807342902,0.143095061,-0.315965891,-0.0624393672,0.0999706835,0.418105096,-0.400036097,-0.114761747,0.0327050239,0.16460675,0.0140689947,0.325098276,0.378647417,0.0452411287,0.890702724,0.132871881,0.009501772,0.0551068932,0.387536108,-0.356141448,0.00630705431,0.969467938,-0.192897528,-0.0314328596,0.0262173507,-0.206095517,0.0347430184,-0.100981399,0.422884822,-0.0807342902,0.143095046,-0.315965891,-0.0624393672,0.0999706835,0.418105096,-0.400036097,-0.114761747,0.0327050239,0.16460675,0.0140689947,0.325098276,0.378647417,0.0452411287,0.890702724,0.132871881,0.00950177014,0.0551068932,0.387536108,-0.356141448,0.00630705431,0.969467938,-0.192897528,-0.0314328596,0.0262173526
2.57789792,3214756.22,0,0,0.0173192886,4.66685742e-06,1,0.19943295,0,1,0.685226202,0.00314814365,-0.00901297666,-0.728267729,-0.00109909696,-0.00262120878,-0.00876773987,-2.24207754e-44,2.24207754e-44,2.24207754e-44,-0.278790176,0.0759242699,-0.115413703,0.453329712,-0.183058038,0.0343089215,-0.219347805,-0.060513977,0.102078661,0.540652096,-0.326820344,0.00113699888,0.0327231847,0.0172682721,-0.00564625533,0.33204928,0.245027348,-0.0016777172,0.950113356,0.129922256,0.0385803469,0.0196270756,0.366883695,-0.310340226,0.0136093283,0.976560652,-0.191045851,-0.0298146419,0.0279673655,-0.00329727889,0.000426182611,-0.00894900877,0.00807164982,-0.00361199514,0.00497612776,-0.00743100466,0.000147071594,0.00643120194,0.00763369538,0.000783359341,-0.00640411582,0.00127977773,-0.000400729798,-0.00116678036,-0.00113384309,-0.000463367323,0.00193920441,0.00270253839,0.000757475907,0.000886437832,-0.000865405018,-0.00278921844,-0.00196056138,0.00154672307,0.000629676098,-0.00744806323,0.00108982541,-0.00177375425,-0.206095517,0.0347430184,-0.100981399,0.422884822,-0.0807342902,0.143095046,-0.315965891,-0.0624393672,0.0999706835,0.418105096,-0.400036097,-0.114761747,0.0327050239,0.16460675,0.0140689947,0.325098276,0.378647417,0.0452411287,0.890702724,0.132871881,0.00950177014,0.0551068932,0.387536108,-0.356141448,0.00630705431,0.969467938,-0.192897528,-0.0314328596,0.0262173526,-0.206095517,0.0347430147,-0.100981399,0.422884822,-0.0807342902,0.143095061,-0.315965891,-0.0624393672,0.0999706835,0.418105096,-0.400036097,-0.114761747,0.0327050239,0.16460675,0.0140689947,0.325098276,0.378647417,0.0452411287,0.890702724,0.132871881,0.009501772,0.0551068932,0.387536108,-0.356141448,0.00630705431,0.969467938,-0.192897528,-0.0314328596,0.0262173507,-0.206095517,0.0347430184,-0.100981399,0.422884822,-0.0807342902,0.143095046,-0.315965891,-0.0624393672,0.0999706835,0.418105096,-0.400036097,-0.114761747,0.0327050239,0.16460675,0.0140689947,0.325098276,0.378647417,0.0452411287,0.890702724,0.132871881,0.00950177014,0.0551068932,0.387536108,-0.356141448,0.00630705431,0.969467938,-0.192897528,-0.0314328596,0.0262173526
2.58790516,3214756.23,0,0,0.00734524708,7.58422539e-06,1,0.180698931,0.000434041023,1,0.685213387,0.00314293662,-0.00901491474,-0.728279769,-0.00111742143,-0.00264158496,-0.0087391464,-2.24207754e-44,2.24207754e-44,2.24207754e-44,-0.278803229,0.0759260133,-0.115449481,0.453361779,-0.183072358,0.034328755,-0.219377249,-0.0605134256,0.102104276,0.540682256,-0.326816976,0.00111158798,0.0327282697,0.0172666833,-0.00565090962,0.33204478,0.245025501,-0.00166997733,0.950124204,0.129925266,0.038583912,0.019623626,0.366872549,-0.310348034,0.0136155151,0.976563156,-0.191075474,-0.0298103057,0.0279602893,-0.00325072836,0.000439737923,-0.00894250907,0.00799491815,-0.00356287602,0.0049517015,-0.00733686425,0.000134056536,0.00639379025,0.00748705817,0.000867728901,-0.00633340329,0.0012685277,-0.000395924639,-0.00116305833,-0.00112606515,-0.000462795375,0.00193346536,0.00271203858,0.000751651532,0.00089339423,-0.000861426408,-0.002783417,-0.00195190241,0.00154645427,0.000632520125,-0.00738626579,0.0010822867,-0.00176724722,-0.206166118,0.0346598476,-0.101076655,0.423017204,-0.080867134,0.143156409,-0.31616798,-0.0623617917,0.100033045,0.418146163,-0.400470138,-0.11485479,0.0327307433,0.164630681,0.0141508915,0.325085819,0.378662884,0.0452553779,0.890794992,0.132875875,0.00952407718,0.0550950766,0.387441158,-0.356155545,0.00635692477,0.969478965,-0.193024442,-0.0314189903,0.0261651687,-0.206166118,0.0346598439,-0.101076655,0.423017204,-0.080867134,0.143156424,-0.31616798,-0.0623617843,0.100033045,0.418146163,-0.400470138,-0.11485479,0.0327307433,0.164630681,0.0141508915,0.325085819,0.378662884,0.0452553779,0.890794992,0.132875875,0.00952407531,0.0550950803,0.387441158,-0.356155545,0.00635692477,0.969478965,-0.193024442,-0.0314189903,0.0261651669,-0.206166118,0.0346598476,-0.101076655,0.423017204,-0.080867134,0.143156409,-0.31616798,-0.0623617917,0.100033045,0.418146163,-0.400470138,-0.11485479,0.0327307433,0.164630681,0.0141508915,0.325085819,0.378662884,0.0452553779,0.890794992,0.132875875,0.00952407718,0.0550950766,0.387441158,-0.356155545,0.00635692477,0.969478965,-0.193024442,-0.0314189903,0.0261651687
2.58902492,3214756.23,2,0,0.00846501486,0.000121585093,1,0.180698931,0,1,0.685187995,0.00313235307,-0.00901876297,-0.728303671,-0.0011632439,-0.00267153117,-0.00866249856,-2.24207754e-44,2.24207754e-44,2.24207754e-44,-0.278828591,0.0759297088,-0.115520999,0.453424484,-0.183100104,0.0343681015,-0.219434723,-0.0605125055,0.102154948,0.540740073,-0.32680884,0.00106174534,0.0327382758,0.0172635671,-0.00566023355,0.33203584,0.24502179,-0.00165456918,0.95014596,0.129931226,0.0385911204,0.0196167771,0.366850376,-0.310363561,0.0136278588,0.976568282,-0.191133812,-0.0298017301,0.0279462803,-0.00312857004,0.000472578948,-0.0089400094,0.00774786854,-0.00341444323,0.00490626972,-0.00710381195,0.000105559549,0.00630067196,0.00708495965,0.00110554963,-0.00618008291,0.00124209397,-0.000386236497,-0.00116786722,-0.00111078448,-0.000463419681,0.00192249741,0.00272256485,0.000741349708,0.000904459099,-0.00085310376,-0.00276711257,-0.00193462754,0.00154117518,0.000637434772,-0.00724522723,0.00106649508,-0.00174242433,-0.206166118,0.0346598476,-0.101076655,0.423017204,-0.080867134,0.143156409,-0.31616798,-0.0623617917,0.100033045,0.418146163,-0.400470138,-0.11485479,0.0327307433,0.164630681,0.0141508915,0.325085819,0.378662884,0.0452553779,0.890794992,0.132875875,0.00952407718,0.0550950766,0.387441158,-0.356155545,0.00635692477,0.969478965,-0.193024442,-0.0314189903,0.0261651687,-0.206166118,0.0346598439,-0.101076655,0.423017204,-0.080867134,0.143156424,-0.31616798,-0.0623617843,0.100033045,0.418146163,-0.400470138,-0.11485479,0.0327307433,0.164630681,0.0141508915,0.325085819,0.378662884,0.0452553779,0.890794992,0.132875875,0.00952407531,0.0550950803,0.387441158,-0.356155545,0.00635692477,0.969478965,-0.193024442,-0.0314189903,0.0261651669,-0.206166118,0.0346598476,-0.101076655,0.423017204,-0.080867134,0.143156409,-0.31616798,-0.0623617917,0.100033045,0.418146163,-0.400470138,-0.11485479,0.0327307433,0.164630681,0.0141508915,0.325085819,0.378662884,0.0452553779,0.890794992,0.132875875,0.00952407718,0.0550950766,0.387441158,-0.356155545,0.00635692477,0.969478965,-0.193024442,-0.0314189903,0.0261651687
