elapsed_s,steady_s,event,reason_mask,result_age_s,frame_age_s,command_gain,inference_ms,peak_control_target_step_rad,ready,qw,qx,qy,qz,gx,gy,gz,cmd_x,cmd_y,cmd_yaw,q0,q1,q2,q3,q4,q5,q6,q7,q8,q9,q10,q11,q12,q13,q14,q15,q16,q17,q18,q19,q20,q21,q22,q23,q24,q25,q26,q27,q28,dq0,dq1,dq2,dq3,dq4,dq5,dq6,dq7,dq8,dq9,dq10,dq11,dq12,dq13,dq14,dq15,dq16,dq17,dq18,dq19,dq20,dq21,dq22,dq23,dq24,dq25,dq26,dq27,dq28,previous_target0,previous_target1,previous_target2,previous_target3,previous_target4,previous_target5,previous_target6,previous_target7,previous_target8,previous_target9,previous_target10,previous_target11,previous_target12,previous_target13,previous_target14,previous_target15,previous_target16,previous_target17,previous_target18,previous_target19,previous_target20,previous_target21,previous_target22,previous_target23,previous_target24,previous_target25,previous_target26,previous_target27,previous_target28,candidate0,candidate1,candidate2,candidate3,candidate4,candidate5,candidate6,candidate7,candidate8,candidate9,candidate10,candidate11,candidate12,candidate13,candidate14,candidate15,candidate16,candidate17,candidate18,candidate19,candidate20,candidate21,candidate22,candidate23,candidate24,candidate25,candidate26,candidate27,candidate28,applied0,applied1,applied2,applied3,applied4,applied5,applied6,applied7,applied8,applied9,applied10,applied11,applied12,applied13,applied14,applied15,applied16,applied17,applied18,applied19,applied20,applied21,applied22,applied23,applied24,applied25,applied26,applied27,applied28
0,3179260.24,1,0,0,3.34586948e-05,0,0,0,0,-0.542297721,0.169975385,0.173429161,0.804328203,0.141165793,0.335836768,0.160534203,2.24207754e-44,-2.24207754e-44,-2.24207754e-44,-0.115825012,0.102130264,-0.183389843,0.267754972,-0.194227174,0.0130058303,-0.224246845,-0.0222236589,-0.0554374643,0.241902307,-0.172741383,-0.0469506755,0.0101836305,-0.0464663655,0.210181028,0.107502721,0.20696415,0.00320937904,1.05867386,0.132647291,-0.096199438,-0.0142816752,0.0905524567,-0.23305887,-0.0218527466,1.03019834,-0.123086989,0.0211343523,-0.0134690013,0.118245117,0.0207516178,0.590897143,0.112898827,0.0137051148,-0.0319577307,0.0302839279,0.124978118,0.195503503,0.182170108,0.311034292,-0.086962983,-0.0470023528,0.0274234749,-0.0883302391,-0.201142073,-0.0589842759,-0.0379612185,-0.221412733,0.0479848608,0.380542606,0.0372629426,-0.125311419,-0.0121399211,0.0704812482,-0.100132547,-0.0844211727,-0.0453553982,0.0453990139,-0.101181537,0.0119686211,-0.121081717,0.288459629,-0.192361608,0.00161522895,-0.105150178,-0.0266340263,-0.0473824739,0.275737762,-0.2256843,-0.000120810779,0.0077653029,-0.0120029664,-0.00325865299,0.0345157646,0.258884847,0.00722937519,1.01872623,0.138481826,-0.0897934139,-0.00888735428,0.0258334484,-0.246865988,-0.0160897728,0.994272947,-0.130399093,0.0110756587,-0.0103824344,-0.101181537,0.0119686211,-0.121081717,0.288459629,-0.192361608,0.00161522895,-0.105150178,-0.0266340263,-0.0473824739,0.275737762,-0.2256843,-0.000120810779,0.0077653029,-0.0120029664,-0.00325865299,0.0345157646,0.258884847,0.00722937519,1.01872623,0.138481826,-0.0897934139,-0.00888735428,0.0258334484,-0.246865988,-0.0160897728,0.994272947,-0.130399093,0.0110756587,-0.0103824344,-0.101181537,0.0119686211,-0.121081717,0.288459629,-0.192361608,0.00161522895,-0.105150178,-0.0266340263,-0.0473824739,0.275737762,-0.2256843,-0.000120810779,0.0077653029,-0.0120029664,-0.00325865299,0.0345157646,0.258884847,0.00722937519,1.01872623,0.138481826,-0.0897934139,-0.00888735428,0.0258334484,-0.246865988,-0.0160897728,0.994272947,-0.130399093,0.0110756587,-0.0103824344
0.0109252934,3179260.25,0,0,0.0103606051,4.1872263e-06,0,0.181755982,4.3913722e-05,1,-0.543479562,0.16804187,0.172860175,0.804059267,0.13643302,0.338645786,0.13916494,2.24207754e-44,-2.24207754e-44,-2.24207754e-44,-0.114390098,0.102211073,-0.177777052,0.268714517,-0.194013014,0.012781797,-0.223921672,-0.0208275188,-0.0530840307,0.244082376,-0.169042632,-0.0480448604,0.00969068985,-0.0462249815,0.209113806,0.105087504,0.206311017,0.0027730132,1.05609238,0.1331999,-0.0917967036,-0.0138497092,0.0890014768,-0.23316355,-0.0209968053,1.02901959,-0.124061376,0.0205965769,-0.0129381549,0.119856961,-0.00708247581,0.401499391,0.068316102,0.0179975349,-0.0143404538,0.0284195617,0.105725706,0.180961251,0.176434159,0.307925344,-0.098231636,-0.0447196662,0.0180946346,-0.0912989676,-0.201608479,-0.0527497828,-0.0343608856,-0.203513354,0.0426141545,0.34175384,0.0336559303,-0.1304124,-0.00746324565,0.0694015324,-0.095791705,-0.0753607005,-0.043701876,0.041881267,-0.101127274,0.0119125312,-0.121038191,0.288536429,-0.19238852,0.00161615794,-0.105270468,-0.0266283005,-0.0474036969,0.275683224,-0.225801617,-7.96497261e-05,0.00775243063,-0.0119581707,-0.00334415003,0.0345611721,0.258937538,0.00724413432,1.01869881,0.138464093,-0.0897840336,-0.00886627007,0.0259230565,-0.246892363,-0.0160922799,0.994256794,-0.130404606,0.0110687315,-0.0103522222,0.109546147,-0.205868974,0.0479509681,0.586712778,-0.296872675,0.0052229818,-0.572335601,-0.00439676456,-0.129802272,0.063959077,-0.681291997,0.159737349,-0.0422278196,0.161972702,-0.335305959,0.210859805,0.463490099,0.0645501763,0.912181735,0.0695865676,-0.0533599295,0.072998859,0.373846173,-0.349291742,-0.0258290451,0.931427181,-0.151810616,-0.0158291645,0.106954515,-0.101107471,0.0118920552,-0.121022306,0.288564473,-0.19239834,0.00161649694,-0.105314381,-0.0266262107,-0.0474114418,0.275663316,-0.225844443,-6.46238186e-05,0.00774773117,-0.0119418176,-0.00337536098,0.0345777459,0.25895676,0.00724952249,1.0186888,0.138457611,-0.0897806063,-0.00885857269,0.0259557683,-0.246901989,-0.0160931963,0.994250834,-0.130406618,0.0110662021,-0.0103411926
0.0209277361,3179260.26,0,0,0.000300837681,4.87966463e-06,0,0.15861867,0.000158071518,1,-0.544472992,0.166447327,0.17231302,0.803836226,0.126026243,0.346898615,0.137492314,2.24207754e-44,-2.24207754e-44,-2.24207754e-44,-0.113201901,0.101940796,-0.174058422,0.269500524,-0.193864316,0.0126084136,-0.22358574,-0.0199559908,-0.0517239571,0.245718211,-0.165972829,-0.0491198488,0.00912885927,-0.0459665693,0.208118439,0.103043839,0.205760092,0.002458676,1.05434513,0.133543834,-0.0889926404,-0.0135708917,0.0877579004,-0.233251452,-0.0204122607,1.02810073,-0.124676935,0.02018895,-0.0125790359,0.11680834,-0.0512899086,0.221632853,0.045664914,0.0149498954,-0.00586237246,0.0288114566,0.075154528,0.120222405,0.161590368,0.301280528,-0.110798493,-0.0473895445,0.0204052776,-0.104422815,-0.207312346,-0.0509137735,-0.0287523512,-0.15594402,0.0289152134,0.236449301,0.0240044594,-0.122045323,-0.0053078765,0.0538135841,-0.0867942497,-0.0518288761,-0.0383913592,0.0323172398,-0.100696214,0.0114669241,-0.120692424,0.289146543,-0.192602307,0.00162353786,-0.106226146,-0.0265828129,-0.0475722924,0.275250018,-0.226733595,0.000247355289,0.00765016489,-0.0116022862,-0.0040233843,0.0349218994,0.259356081,0.0073613897,1.0184809,0.138323158,-0.0897095054,-0.00869876426,0.0266349502,-0.247101888,-0.0161122028,0.994128227,-0.130448401,0.011013695,-0.0101121981,0.102036916,-0.203702539,0.0478298999,0.579709291,-0.294692516,0.00661515258,-0.560205638,-0.00343728065,-0.125142708,0.0660983473,-0.677330554,0.159962401,-0.0430867821,0.160646677,-0.329231083,0.207750857,0.466095448,0.0643525794,0.911222994,0.0719503462,-0.0512488782,0.0731022209,0.371697187,-0.348638296,-0.0258348621,0.931530178,-0.151879072,-0.0169445183,0.106316641,-0.100638278,0.0113920737,-0.120630175,0.289238214,-0.192635164,0.00162859506,-0.106366664,-0.0265720151,-0.0475903489,0.27517733,-0.226891667,0.000307134585,0.00762936147,-0.0115414271,-0.00413006498,0.0349788666,0.259438783,0.00738208089,1.01843882,0.138303965,-0.0896903723,-0.00866817404,0.0267580356,-0.247138053,-0.0161158238,0.99410522,-0.130456522,0.0110007534,-0.0100704664
0.0319251874,3179260.27,0,0,0.0112982891,3.97628173e-06,0,0.15861867,0.000379122794,1,-0.545273006,0.165179327,0.171786517,0.803668141,0.0986764729,0.359039783,0.154107377,2.24207754e-44,-2.24207754e-44,-2.24207754e-44,-0.112335064,0.101651318,-0.171128049,0.270302176,-0.193771362,0.0123773301,-0.223319337,-0.0193982422,-0.0510694794,0.246895418,-0.163581669,-0.0499781966,0.00863291975,-0.0456298329,0.207169026,0.101404831,0.205294609,0.00224592653,1.05326605,0.133742139,-0.0875145495,-0.0134038357,0.0868794173,-0.233340293,-0.0200952888,1.02740932,-0.125007376,0.0199079718,-0.0123422509,0.104208618,-0.0330070853,0.414718419,0.120054752,0.0115539311,-0.0362780653,0.032622613,0.0660300553,0.0637680516,0.141375512,0.295413494,-0.105872922,-0.0655461177,0.0511284284,-0.127763718,-0.202598184,-0.0606837831,-0.0251768976,-0.124702096,0.0228251275,0.155940056,0.0198429544,-0.102276042,-0.013172321,0.0322507471,-0.0859773085,-0.0356438085,-0.033305008,0.0291711129,-0.0994428098,0.0101233488,-0.119636521,0.29095155,-0.193237141,0.00165800808,-0.109043613,-0.0264355559,-0.0480477884,0.27394411,-0.229548559,0.00124885375,0.0073302146,-0.0105257835,-0.00604765862,0.035997957,0.260657728,0.00771811884,1.01780641,0.137912586,-0.0894636288,-0.00818585511,0.0287926421,-0.247736752,-0.0161731523,0.993736148,-0.130582869,0.0108359195,-0.00938396249,0.102036916,-0.203702539,0.0478298999,0.579709291,-0.294692516,0.00661515258,-0.560205638,-0.00343728065,-0.125142708,0.0660983473,-0.677330554,0.159962401,-0.0430867821,0.160646677,-0.329231083,0.207750857,0.466095448,0.0643525794,0.911222994,0.0719503462,-0.0512488782,0.0731022209,0.371697187,-0.348638296,-0.0258348621,0.931530178,-0.151879072,-0.0169445183,0.106316641,-0.0992735028,0.00994366501,-0.119495794,0.291194201,-0.193322405,0.00166217366,-0.109422736,-0.0264162291,-0.0481125712,0.273769438,-0.229924843,0.00138222473,0.00728784828,-0.0103819435,-0.00631923741,0.0361422859,0.260830373,0.00776570989,1.01771688,0.137857154,-0.0894315168,-0.00811754726,0.0290807933,-0.24782154,-0.0161812697,0.993683875,-0.130600765,0.010812575,-0.00928673614
0.0419286503,3179260.28,0,0,0.00133133028,6.76698983e-06,0,0.130606815,0.000616043806,1,-0.546374619,0.163211077,0.170907348,0.803509533,0.0892078578,0.378938049,0.112284191,2.24207754e-44,-2.24207754e-44,-2.24207754e-44,-0.111142337,0.100731619,-0.1694244,0.270990193,-0.193623811,0.0122485626,-0.223110616,-0.0188175272,-0.0506093092,0.248588815,-0.160332739,-0.0513029471,0.00816112664,-0.0451121889,0.205462039,0.0990394726,0.204681367,0.00199780613,1.05188107,0.133980423,-0.0862781182,-0.0131472787,0.0858198479,-0.233421266,-0.0198174678,1.02642894,-0.125337586,0.0195419807,-0.0119276168,0.0911748484,-0.0781069249,0.052855894,0.0355400816,0.012131637,-0.0011976111,0.00958151743,0.0427803695,0.0236425288,0.135575041,0.255204916,-0.105485119,-0.024092434,0.0431674458,-0.153591335,-0.187315375,-0.045257777,-0.0167477317,-0.115220934,0.01802136,0.0723096132,0.0250072032,-0.0778406709,-0.00403469149,0.0175441001,-0.0816646516,-0.0238782372,-0.0286813863,0.0418597348,-0.0973863527,0.00783038791,-0.117830545,0.293996751,-0.194271117,0.0017200408,-0.113730773,-0.0261679757,-0.0488037318,0.271735996,-0.234350532,0.00297415187,0.00674806954,-0.00869515538,-0.00941369869,0.0377429575,0.262899399,0.00833033957,1.01662576,0.137250796,-0.0890236944,-0.007293161,0.0324874707,-0.248802379,-0.0162824895,0.993083537,-0.130792901,0.0105137518,-0.00815701857,0.0963813439,-0.203451961,0.0481618568,0.576701462,-0.291763216,0.00707133347,-0.55182308,-0.00237320177,-0.121367633,0.0674208254,-0.67681545,0.160991117,-0.0451879799,0.160189062,-0.323666781,0.202510998,0.467867792,0.0645413846,0.909381509,0.0743993372,-0.0497247092,0.0741002411,0.372216403,-0.347667158,-0.0261218697,0.932357192,-0.150899038,-0.018175073,0.105464205,-0.0971165672,0.00753622176,-0.117599435,0.29439038,-0.194406852,0.00172749138,-0.114340723,-0.0261348467,-0.0489047617,0.271451533,-0.234966576,0.0031941575,0.00667575933,-0.00846001878,-0.00985123031,0.0379723608,0.263184786,0.00840860233,1.01647639,0.137163296,-0.0889689773,-0.00717983814,0.0329604708,-0.248940021,-0.0162961893,0.992999017,-0.130820885,0.0104738083,-0.00799882505
0.0529258451,3179260.29,0,0,0.0123285251,4.29712236e-06,0,0.130606815,0.000912383199,1,-0.547227144,0.161545724,0.169995248,0.803459466,0.0492403582,0.405182123,0.117566392,2.24207754e-44,-2.24207754e-44,-2.24207754e-44,-0.110549286,0.100264035,-0.167401925,0.272171915,-0.193562612,0.0120696193,-0.22306478,-0.0183072109,-0.0505615249,0.249788016,-0.157986179,-0.0522036143,0.0077968766,-0.0444413982,0.20366542,0.0974274129,0.20421432,0.00186972041,1.05060399,0.134138986,-0.0857631862,-0.012785174,0.0852641463,-0.233534381,-0.0196912475,1.02548659,-0.125558451,0.019250771,-0.0113343541,0.0412865616,-0.030270841,0.317038149,0.178182796,0.00277021481,-0.0296908189,0.000835054321,0.0563096143,-0.00621681241,0.111397177,0.219099209,-0.0827719867,-0.045228824,0.0830789432,-0.197277561,-0.142298579,-0.0475838035,-0.0110387001,-0.137802467,0.0144725638,0.0410146788,0.0443523861,-0.039123442,-0.0169415418,0.0103436159,-0.103927247,-0.0212908369,-0.0305181351,0.0711682364,-0.0937843174,0.00390276406,-0.114744835,0.299252093,-0.196083441,0.00181951839,-0.121874668,-0.0257256441,-0.050152652,0.267937869,-0.24257572,0.00591160124,0.00578260655,-0.00555568933,-0.0152554922,0.0408059023,0.266709656,0.00937527232,1.01463211,0.136082426,-0.0882931501,-0.00578010269,0.0388028473,-0.250640213,-0.0164653976,0.991954684,-0.131166667,0.009980442,-0.00604486186,0.0963813439,-0.203451961,0.0481618568,0.576701462,-0.291763216,0.00707133347,-0.55182308,-0.00237320177,-0.121367633,0.0674208254,-0.67681545,0.160991117,-0.0451879799,0.160189062,-0.323666781,0.202510998,0.467867792,0.0645413846,0.909381509,0.0743993372,-0.0497247092,0.0741002411,0.372216403,-0.347667158,-0.0261218697,0.932357192,-0.150899038,-0.018175073,0.105464205,-0.0933847502,0.0034670867,-0.114402547,0.299835026,-0.196284473,0.00183055317,-0.122778043,-0.0256765764,-0.0503022857,0.267516583,-0.243488103,0.00623744214,0.00567551097,-0.00520743895,-0.0159035027,0.0411456674,0.267132312,0.00949118286,1.01441097,0.135952815,-0.0882121101,-0.00561226392,0.0395033881,-0.250844091,-0.0164856873,0.991829455,-0.131208122,0.00992128346,-0.00581056764
0.0639253673,3179260.3,0,0,0.00329889823,4.23612073e-06,0,0.158500858,0.00135865808,1,-0.548096359,0.159451038,0.168747127,0.803548515,0.0380958915,0.431876332,0.0557525791,2.24207754e-44,-2.24207754e-44,-2.24207754e-44,-0.110238731,0.0995415524,-0.166066244,0.273824006,-0.1935523,0.0119814705,-0.223274857,-0.0176893119,-0.0506406687,0.251078725,-0.155909285,-0.0532016121,0.0074834954,-0.0435519032,0.201022789,0.0961876959,0.203869477,0.00176217302,1.04857314,0.134276941,-0.0853451565,-0.0120012118,0.0850295797,-0.233655676,-0.0195876546,1.02411139,-0.125826925,0.0188185629,-0.0101105776,0.0087872874,-0.0615347959,0.0471194722,0.138530657,-0.00273545715,0.00126482418,-0.0293854289,0.0507852584,-0.00837811083,0.104085617,0.138029084,-0.0753805116,-0.0171738081,0.0726219937,-0.235899091,-0.0697705671,-0.0167889372,-0.00774180843,-0.19492197,0.00917427149,0.0335457623,0.0828130692,-0.0101974867,-0.00797339622,0.00788564608,-0.12155237,-0.0244665835,-0.0400382243,0.126811087,-0.0888725221,-0.0017381208,-0.110322662,0.306848019,-0.19849965,0.00189309858,-0.133235022,-0.0250039119,-0.0519322045,0.262616903,-0.254410505,0.0102220327,0.00413642451,-0.00106477086,-0.0231270771,0.0445606597,0.272251755,0.0109234741,1.01154554,0.1345976,-0.0872686356,-0.00348541373,0.0480325297,-0.253049165,-0.0167640299,0.990460157,-0.131520092,0.00914334878,-0.00310724555,0.0937241837,-0.205069229,0.0492813028,0.579628348,-0.289553642,0.00601512427,-0.549856424,-0.000822171569,-0.119424671,0.0679771751,-0.680546045,0.163651794,-0.0496957563,0.161196664,-0.317862958,0.19357051,0.470541656,0.0657231733,0.905023932,0.0769775808,-0.0498150401,0.0766490698,0.377342284,-0.344772667,-0.0267662313,0.933900118,-0.14814955,-0.0195212867,0.104815722,-0.0883426815,-0.00232812855,-0.109859541,0.307639539,-0.198763862,0.00190505944,-0.134443939,-0.0249337442,-0.0521280468,0.262052119,-0.255647033,0.0106672412,0.00398021936,-0.000593935139,-0.0239823144,0.0449930429,0.272827148,0.0110824872,1.01123643,0.134430408,-0.087159954,-0.0032528867,0.048988089,-0.2533153,-0.0167930536,0.990296066,-0.131568357,0.00906017236,-0.00279408414
0.0749260471,3179260.32,0,0,0.014299578,4.75067645e-06,0,0.158500858,0.00155735016,1,-0.548703313,0.157622799,0.167504132,0.803754985,-0.00270380382,0.474474907,0.0498022549,2.24207754e-44,-2.24207754e-44,-2.24207754e-44,-0.110744961,0.0991605967,-0.163978219,0.276610762,-0.193907499,0.0118700629,-0.223748013,-0.0172220655,-0.0511733852,0.251990199,-0.155032501,-0.0537862144,0.00708400551,-0.0425524712,0.198282331,0.0958296955,0.203723401,0.00169483828,1.0464958,0.13433741,-0.0849119052,-0.010885423,0.0851123035,-0.233891144,-0.0195128657,1.02274716,-0.126090288,0.0183272902,-0.00845875498,-0.0866066217,-0.0274407957,0.331932306,0.376485497,-0.059482459,-0.0196731035,-0.059777528,0.0411545821,-0.085437201,0.0812144727,0.0599156767,-0.0468599163,-0.0503351577,0.119154222,-0.300453007,-0.0196713619,-0.0144344298,-0.0060536121,-0.208712727,0.0039129653,0.0513917208,0.129053086,0.0273935683,-0.0362337716,0.00727949478,-0.151931867,-0.02782497,-0.0560385361,0.188942254,-0.0823557526,-0.00899488758,-0.104626492,0.316583365,-0.20174931,0.00204021111,-0.148103982,-0.0241408795,-0.0543409698,0.255670339,-0.269619018,0.0156978499,0.00221518613,0.00472624321,-0.0336460248,0.0498787314,0.279328614,0.0128792431,1.00774384,0.13254118,-0.0859319344,-0.00062546134,0.0597853959,-0.256322712,-0.0171210039,0.988441586,-0.132113591,0.00812032446,0.000744461082,0.0937241837,-0.205069229,0.0492813028,0.579628348,-0.289553642,0.00601512427,-0.549856424,-0.000822171569,-0.119424671,0.0679771751,-0.680546045,0.163651794,-0.0496957563,0.161196664,-0.317862958,0.19357051,0.470541656,0.0657231733,0.905023932,0.0769775808,-0.0498150401,0.0766490698,0.377342284,-0.344772667,-0.0267662313,0.933900118,-0.14814955,-0.0195212867,0.104815722,-0.0816884339,-0.00973797683,-0.104043208,0.317580283,-0.202082068,0.00205527549,-0.149626568,-0.0240525063,-0.0545876287,0.254959017,-0.271176368,0.0162585713,0.00201845216,0.0053192405,-0.0347231627,0.0504233018,0.280053258,0.0130795129,1.0073545,0.132330611,-0.0857950598,-0.000332604162,0.0609888881,-0.256657928,-0.0171575565,0.988234878,-0.132174373,0.00801556744,0.00113887433
0.0859259143,3179260.33,0,0,0.00531193893,4.57605347e-06,0,0.144093763,0.00271698833,1,-0.549185574,0.155083686,0.165789977,0.804274797,-0.00270590559,0.561809838,-0.0473427884,2.24207754e-44,-2.24207754e-44,-2.24207754e-44,-0.112496965,0.0983119756,-0.162265077,0.280871361,-0.1947584,0.011862658,-0.225197211,-0.0169731602,-0.0522675887,0.252886087,-0.154705927,-0.054143928,0.00678797206,-0.0412697867,0.193852842,0.0962031782,0.203740716,0.0016446329,1.04364753,0.134327203,-0.0840349495,-0.0088725416,0.085986644,-0.234363317,-0.0194255114,1.02041256,-0.126505911,0.0174705479,-0.00559320254,-0.20277831,-0.0849810243,0.0731463283,0.384119868,-0.114418715,0.00659180153,-0.16172868,0.010571314,-0.101339296,0.0603031963,0.00839476753,-0.0204264093,-0.0137278801,0.106641322,-0.421738505,0.0742020011,0.0129287057,-0.00318928109,-0.263957769,-0.00437206635,0.0874498188,0.192379624,0.10995245,-0.0458696075,0.00737142609,-0.232368201,-0.0397628658,-0.0835174918,0.273817629,-0.0747540891,-0.0179802626,-0.0974491835,0.329826415,-0.205586314,0.00188218593,-0.166677505,-0.0228713769,-0.0572026893,0.247497603,-0.289232552,0.0229614936,-0.00126052601,0.0121541871,-0.045485124,0.0544866398,0.288516164,0.0155675281,1.00204182,0.130490169,-0.0845494792,0.0034233937,0.0757704005,-0.2595945,-0.0176791586,0.986318767,-0.132118851,0.00671511283,0.00538780168,0.090843223,-0.205643266,0.0506348759,0.589035273,-0.288453728,0.00355496816,-0.552214503,0.000705797225,-0.118737251,0.0705416352,-0.687432945,0.167597771,-0.057817366,0.163525581,-0.310080826,0.179626331,0.474189252,0.0678153187,0.897495389,0.0804135874,-0.0516904145,0.0805639029,0.388680845,-0.339352667,-0.0276384205,0.936476827,-0.142895028,-0.0206085499,0.104205832,-0.073967889,-0.0188712217,-0.0967461318,0.331057042,-0.205979735,0.00189012778,-0.168507904,-0.0227594413,-0.0574948341,0.246657476,-0.291123092,0.0236481763,-0.00152903842,0.0128728459,-0.0467413329,0.0550807565,0.289397687,0.015815584,1.00154543,0.130252421,-0.0843934789,0.00378963072,0.0772559866,-0.259973139,-0.0177264418,0.986082137,-0.132170007,0.00658538938,0.00585695542
0.09692545,3179260.34,0,0,0.0163114746,4.40096483e-06,0,0.144093763,0.00217983127,1,-0.549411952,0.15213801,0.163694263,0.805111587,-0.0303509161,0.649037302,-0.122528642,2.24207754e-44,-2.24207754e-44,-2.24207754e-44,-0.116064027,0.0974581242,-0.158687696,0.288045704,-0.197051927,0.0118297264,-0.227733895,-0.0169545859,-0.0540618524,0.253417134,-0.155490965,-0.0542945825,0.00630681077,-0.0395865589,0.187886357,0.0980216786,0.204034358,0.00161700242,1.03981781,0.134219423,-0.0827883407,-0.00606887182,0.0881021693,-0.235266536,-0.019336801,1.01675582,-0.126888216,0.0161481928,-0.00172489288,-0.336666226,-0.0981500894,0.245089725,0.618537366,-0.201832876,0.00865838304,-0.255694211,-0.00801761169,-0.15107055,0.047012873,-0.133516595,-0.00829876214,-0.0322252102,0.139704257,-0.544602573,0.209744051,0.0454817414,-0.00148346927,-0.362850875,-0.0127433948,0.114831232,0.26245755,0.220835477,-0.0856102481,0.00744256238,-0.353064001,-0.0298302211,-0.129738569,0.357316881,-0.065504849,-0.028461948,-0.08917813,0.344304204,-0.210214764,0.00197561714,-0.188211203,-0.0215545036,-0.0606396273,0.237613946,-0.311473548,0.0310399737,-0.00441943808,0.0206088461,-0.0602637865,0.0614761598,0.298886716,0.018485764,0.996202469,0.127693206,-0.0827141777,0.00773198158,0.0932476223,-0.264049292,-0.0182354208,0.983534873,-0.132720739,0.0051889834,0.0109071601,0.090843223,-0.205643266,0.0506348759,0.589035273,-0.288453728,0.00355496816,-0.552214503,0.000705797225,-0.118737251,0.0705416352,-0.687432945,0.167597771,-0.057817366,0.163525581,-0.310080826,0.179626331,0.474189252,0.0678153187,0.897495389,0.0804135874,-0.0516904145,0.0805639029,0.388680845,-0.339352667,-0.0276384205,0.936476827,-0.142895028,-0.0206085499,0.104205832,-0.0646010637,-0.0294861682,-0.0883699208,0.34571892,-0.210667029,0.00198474689,-0.190315366,-0.0214258246,-0.0609754696,0.236648157,-0.313646823,0.0318293646,-0.0047281119,0.0214349963,-0.0617078878,0.0621591434,0.299900055,0.0187709201,0.995631933,0.127419904,-0.0825348422,0.00815299526,0.0949554145,-0.264484584,-0.0182897747,0.983262837,-0.132779554,0.00503985723,0.0114464853
0.106925457,3179260.35,0,0,0.00634113187,4.21097502e-06,0,0.117665157,0.00582876801,1,-0.549218833,0.149283007,0.161767334,0.806166589,-0.0577818379,0.73925519,-0.19343631,2.24207754e-44,-2.24207754e-44,-2.24207754e-44,-0.120151334,0.0962580815,-0.156789377,0.2948246,-0.199622691,0.0119192097,-0.230870068,-0.01716966,-0.055756066,0.253875881,-0.157815665,-0.0543264709,0.00596038252,-0.0381307751,0.181784481,0.100915149,0.204790011,0.00161271135,1.03565335,0.133956328,-0.0815424919,-0.00309239607,0.0908889696,-0.236281589,-0.0192619879,1.01262498,-0.127188921,0.0145997014,0.00225470983,-0.492956519,-0.103097901,0.354622751,0.858479679,-0.321458608,-0.00359772099,-0.355412036,-0.028865492,-0.215726927,0.0435682349,-0.316257596,0.000957628712,-0.073041901,0.173899353,-0.668838441,0.352536947,0.0879725963,0.000322563283,-0.457809806,-0.0379995592,0.130282313,0.330610424,0.324802339,-0.123574317,0.00737021957,-0.460715055,-0.026396377,-0.17599608,0.427482158,-0.0579083115,-0.0381702967,-0.0804734677,0.362551123,-0.214920595,0.00143884914,-0.210864782,-0.0201939456,-0.0642069876,0.229496479,-0.336133331,0.0402683988,-0.0105429795,0.0303897895,-0.0728428438,0.0642756522,0.309834063,0.0219330303,0.987810433,0.126197785,-0.0817145407,0.0133485571,0.115682818,-0.26641646,-0.019144753,0.981726229,-0.1313252,0.0032409234,0.0162356216,0.0828494057,-0.201260507,0.0516156927,0.603553534,-0.288299739,0.000865126494,-0.55472976,0.000754132867,-0.118933216,0.0790843666,-0.695398331,0.171645105,-0.070095554,0.168283552,-0.299183995,0.161077619,0.475560009,0.0697605908,0.887248516,0.0862406939,-0.0554358624,0.0856767967,0.407941878,-0.33000955,-0.0290818885,0.940914631,-0.134337634,-0.0222436469,0.102817953,-0.0569520593,-0.0392782651,-0.0795761123,0.364188403,-0.215419114,0.00143495144,-0.213200867,-0.0200516339,-0.064578779,0.228474647,-0.338574052,0.0411609188,-0.0109475553,0.0313265808,-0.0743805096,0.0649332851,0.310959935,0.0222579502,0.987127244,0.125926346,-0.0815360174,0.0138399266,0.117668301,-0.266848475,-0.0192122608,0.981448948,-0.131345674,0.00306779146,0.0168238264
0.117955295,3179260.36,0,0,0.01737097,2.14842148e-05,0,0.117665157,0.0027191937,1,-0.548790812,0.146129385,0.159544751,0.807477772,-0.0580986887,0.803319037,-0.310465455,2.24207754e-44,-2.24207754e-44,-2.24207754e-44,-0.125656426,0.0950134397,-0.152699977,0.304472715,-0.203115433,0.0119830268,-0.234891504,-0.0176285841,-0.0581940636,0.254328996,-0.162145197,-0.0542372279,0.00502226083,-0.0362496674,0.174568668,0.105269514,0.206030622,0.00162800704,1.03053141,0.133275047,-0.0802000538,0.00062382262,0.0947823003,-0.237746209,-0.0191908702,1.00740075,-0.127400652,0.0125300121,0.00686497334,-0.571680665,-0.172979802,0.250873059,0.918515682,-0.35848251,0.0193465576,-0.441284001,-0.0621244125,-0.237306952,0.0524326414,-0.509934366,0.0170428995,-0.0826308876,0.176026016,-0.754618943,0.489265233,0.159518361,0.00237105158,-0.54803884,-0.0952180997,0.138773903,0.396753103,0.432869941,-0.152475789,0.00696238549,-0.559920192,-0.0188701116,-0.226326182,0.485600024,-0.0469599254,-0.0508557484,-0.0701993406,0.381296724,-0.220628157,0.00139422389,-0.237611219,-0.018564567,-0.0684636906,0.21779716,-0.364077628,0.050487116,-0.0151750837,0.0411154106,-0.0904480591,0.0718050748,0.322724521,0.0256531425,0.979988515,0.123089857,-0.079670541,0.0189743768,0.138415247,-0.271362841,-0.01991768,0.978551805,-0.131559521,0.00125868805,0.0229701493,0.0828494057,-0.201260507,0.0516156927,0.603553534,-0.288299739,0.000865126494,-0.55472976,0.000754132867,-0.118933216,0.0790843666,-0.695398331,0.171645105,-0.070095554,0.168283552,-0.299183995,0.161077619,0.475560009,0.0697605908,0.887248516,0.0862406939,-0.0554358624,0.0856767967,0.407941878,-0.33000955,-0.0290818885,0.940914631,-0.134337634,-0.0222436469,0.102817953,-0.0458945557,-0.0520901456,-0.0691995844,0.383120835,-0.221183553,0.00138988148,-0.240213871,-0.0184060149,-0.0688779056,0.216658711,-0.366796821,0.0514814779,-0.015625827,0.0421591029,-0.0921611935,0.07253775,0.323978871,0.0260151401,0.979227424,0.122787431,-0.0794716403,0.0195218157,0.140627295,-0.271844149,-0.0199928917,0.978242934,-0.13158232,0.00106579997,0.0236254763
0.128925218,3179260.37,0,0,0.00835742382,4.10387293e-06,0,0.101641752,0.0112937242,1,-0.54796344,0.142680034,0.157107979,0.809132576,-0.113353975,0.891954303,-0.369082063,2.24207754e-44,-2.24207754e-44,-2.24207754e-44,-0.132021278,0.0936089829,-0.146519691,0.316426009,-0.207222074,0.0119552938,-0.239723757,-0.018289037,-0.0610900894,0.254776448,-0.168441325,-0.0535757914,0.00373148033,-0.0339489952,0.166348398,0.11106573,0.207923055,0.00166442629,1.02464497,0.132001877,-0.0787984952,0.00493008131,0.0999014825,-0.239707187,-0.0191246234,1.00120723,-0.12755695,0.00999846403,0.0120216748,-0.713562667,-0.140414298,0.7427665,1.3638947,-0.464946866,0.0117420899,-0.53751272,-0.0759482235,-0.335886508,0.0638911352,-0.745002508,0.108756378,-0.18625474,0.26247251,-0.885940552,0.650622427,0.213678956,0.00476733176,-0.623928308,-0.133024499,0.134998575,0.467745155,0.567341387,-0.220359981,0.00608385121,-0.660001874,-0.0112467548,-0.27637738,0.533868194,-0.0404512584,-0.0592609346,-0.0594638735,0.406783044,-0.228622869,0.00108010543,-0.267257154,-0.0175144896,-0.0741309822,0.21157366,-0.396713614,0.0627466589,-0.0260654483,0.0556405038,-0.104546033,0.0720675364,0.334816813,0.0297263209,0.967264533,0.122330643,-0.0798792988,0.0268308297,0.173072189,-0.272517204,-0.0215544421,0.977096021,-0.127450272,-0.00147985108,0.0292641725,0.0682419762,-0.186745465,0.050817892,0.618554711,-0.293522179,0.000122357218,-0.557391346,-0.00119261816,-0.122004673,0.0967346728,-0.702816725,0.175264984,-0.0866147131,0.176706776,-0.28582716,0.139276579,0.470717549,0.0699906796,0.87515986,0.0934237316,-0.0621353202,0.0907581747,0.436595738,-0.318427026,-0.0313349441,0.946353316,-0.122172542,-0.0239513274,0.100222483,-0.039439749,-0.0604473203,-0.0584375858,0.408753783,-0.229226828,0.00107119256,-0.269957155,-0.0173625983,-0.0745765045,0.210504964,-0.39956224,0.0637937635,-0.0266289245,0.0567671582,-0.106233053,0.0726929903,0.336081505,0.0301010236,0.966407359,0.122061633,-0.0797141716,0.0274257436,0.175524577,-0.27294445,-0.0216454603,0.976809919,-0.127401143,-0.00168897212,0.0299245175
0.138925288,3179260.38,0,0,0.0183574939,4.18303534e-06,0,0.101641752,0.00294071436,1,-0.54644686,0.138013914,0.15398781,0.81156373,-0.108321317,0.960275114,-0.53143394,2.24207754e-44,-2.24207754e-44,-2.24207754e-44,-0.140937388,0.0906099007,-0.141969055,0.331231207,-0.213105991,0.0123950141,-0.24708131,-0.0196269415,-0.0649826005,0.256015718,-0.179336011,-0.0513670705,0.00132203603,-0.0310605187,0.155130312,0.119949371,0.211453706,0.00182797678,1.0166117,0.130330801,-0.0773142353,0.0110938558,0.107706875,-0.242434576,-0.0190640502,0.992750704,-0.127620727,0.00627722684,0.018605534,-0.782453835,-0.251804084,0.484434307,1.3504647,-0.524163783,0.0064949044,-0.645442903,-0.120515607,-0.348798394,0.0985889435,-1.0077033,0.240839124,-0.229371578,0.267991006,-0.975318253,0.803144813,0.336493015,0.026522845,-0.694748402,-0.153067097,0.122717202,0.537769377,0.723156929,-0.25341472,0.00442937016,-0.743136346,-0.00227432139,-0.329881996,0.565982342,-0.0301728919,-0.0713162646,-0.0490352958,0.426808804,-0.234759942,0.000989537919,-0.294693112,-0.0159710459,-0.0786580667,0.200714141,-0.425659657,0.0733867288,-0.0317911655,0.0670888945,-0.12168853,0.0784230232,0.347667992,0.0335338414,0.958554804,0.119597115,-0.0782013759,0.0328759924,0.197991773,-0.276858598,-0.0224793162,0.974188924,-0.126951188,-0.00360482186,0.0359742045,0.0682419762,-0.186745465,0.050817892,0.618554711,-0.293522179,0.000122357218,-0.557391346,-0.00119261816,-0.122004673,0.0967346728,-0.702816725,0.175264984,-0.0866147131,0.176706776,-0.28582716,0.139276579,0.470717549,0.0699906796,0.87515986,0.0934237316,-0.0621353202,0.0907581747,0.436595738,-0.318427026,-0.0313349441,0.946353316,-0.122172542,-0.0239513274,0.100222483,-0.0291286856,-0.0725409985,-0.0479758233,0.42884329,-0.235383421,0.000980336801,-0.297480434,-0.015814241,-0.0791179836,0.199610889,-0.428600371,0.0744676888,-0.0323728621,0.0682519749,-0.123430088,0.0790687054,0.348973572,0.0339206606,0.957669973,0.119319409,-0.0780309141,0.03349014,0.200523436,-0.277299643,-0.0225732774,0.973893583,-0.126900479,-0.0038207043,0.0366559029
0.148925474,3179260.39,0,0,0.00835339213,4.36324626e-06,0,0.107562169,0.0174946636,1,-0.54513818,0.134730548,0.151644289,0.81343472,-0.142596856,1.04480624,-0.594377398,2.24207754e-44,-2.24207754e-44,-2.24207754e-44,-0.147640273,0.0888700783,-0.135605469,0.344036698,-0.217765525,0.0124583999,-0.252600104,-0.0205914695,-0.0682165101,0.256888926,-0.188517541,-0.0489686392,-0.000963784929,-0.028428372,0.146834731,0.126894563,0.214387,0.00221061218,1.01092398,0.129074618,-0.0764386207,0.0155900121,0.114210926,-0.244787127,-0.0190364104,0.986495554,-0.1275132,0.00349988439,0.0232081227,-0.896330833,-0.266918361,0.599901199,1.5624336,-0.660175502,0.0656827614,-0.768177092,-0.139830202,-0.422201484,0.174583644,-1.28880119,0.340569288,-0.320792168,0.329649806,-1.09154344,0.910548747,0.399262488,0.0624697804,-0.725332737,-0.142121911,0.0828889161,0.588938236,0.86550194,-0.297127157,0.00248234929,-0.801268816,0.0377152599,-0.360779136,0.568720996,-0.0313025415,-0.0674461946,-0.0417215303,0.450769484,-0.250049919,0.00304031558,-0.324341565,-0.0179181639,-0.0856646746,0.204489022,-0.456484318,0.08499071,-0.0458776094,0.0826252177,-0.131184697,0.0710303783,0.353062093,0.0349960439,0.943065166,0.120135047,-0.0828443393,0.0410696194,0.239936873,-0.274974912,-0.0246967338,0.973629892,-0.119034104,-0.00621532649,0.0405716151,0.0440303013,-0.15305911,0.0438325107,0.625747204,-0.31224066,0.0045766267,-0.560640216,-0.00852205232,-0.126934692,0.127679497,-0.705297649,0.176744953,-0.103707209,0.184638873,-0.269095033,0.11039485,0.454589605,0.0649298206,0.861498952,0.100356348,-0.0753529146,0.0949255973,0.470750481,-0.305277675,-0.0339754447,0.951375663,-0.106782109,-0.0248558261,0.0955024809,-0.0303958654,-0.0684766024,-0.0406918302,0.452875495,-0.250798434,0.00305880629,-0.327185571,-0.0178050753,-0.0861613899,0.203564554,-0.459478974,0.0860950351,-0.0465736277,0.0838530213,-0.132844567,0.0715041533,0.354284048,0.0353563167,0.942083478,0.119896993,-0.0827541798,0.0417178124,0.242714867,-0.275339633,-0.0248084106,0.973362029,-0.118886642,-0.00643967651,0.0412327424
0.159928779,3179260.4,0,0,0.0193566969,4.09595668e-06,0,0.107562169,0.00301718712,1,-0.542780995,0.129330441,0.147787735,0.816591203,-0.149676397,1.10875595,-0.743680596,2.24207754e-44,-2.24207754e-44,-2.24207754e-44,-0.159012482,0.0853647292,-0.128107741,0.363935828,-0.226496741,0.0131681291,-0.262841344,-0.0224942844,-0.0738817006,0.259813547,-0.206633225,-0.0435300395,-0.00562778534,-0.0239176936,0.133007824,0.138589159,0.219934702,0.00334022776,1.00190532,0.127545968,-0.0759186894,0.0231565367,0.126250833,-0.248740971,-0.0190320145,0.97633642,-0.126426414,-0.00114055921,0.029951971,-0.931781471,-0.359179497,0.428481936,1.53633714,-0.74063772,0.0698052123,-0.89385879,-0.181146786,-0.459681153,0.270373553,-1.61498845,0.517753661,-0.38493669,0.367628694,-1.1671381,1.00237787,0.524013579,0.118328728,-0.765043437,-0.131088629,0.0265071411,0.646713674,1.09613347,-0.33760348,-0.0010008543,-0.860264421,0.118217126,-0.399119318,0.563199937,-0.0213339776,-0.078775093,-0.0304004177,0.473923773,-0.258279443,0.00324361119,-0.355610251,-0.0166748054,-0.0911258161,0.194325045,-0.489409029,0.097132273,-0.0535300262,0.0961243734,-0.14943397,0.0762393549,0.366496921,0.0389570892,0.932271719,0.117517792,-0.0818530247,0.0481962189,0.270479739,-0.278984785,-0.0259245578,0.970685065,-0.117412835,-0.00868196785,0.0478404462,0.0440303013,-0.15305911,0.0438325107,0.625747204,-0.31224066,0.0045766267,-0.560640216,-0.00852205232,-0.126934692,0.127679497,-0.705297649,0.176744953,-0.103707209,0.184638873,-0.269095033,0.11039485,0.454589605,0.0649298206,0.861498952,0.100356348,-0.0753529146,0.0949255973,0.470750481,-0.305277675,-0.0339754447,0.951375663,-0.106782109,-0.0248558261,0.0955024809,-0.0204291567,-0.0798033848,-0.0293728411,0.476025403,-0.259026408,0.00326206349,-0.358448446,-0.0165619478,-0.0916215032,0.193402499,-0.492397547,0.0982343256,-0.0542246141,0.0973496512,-0.151090384,0.0767121613,0.367716372,0.0393166207,0.931292057,0.11728023,-0.081763044,0.0488430783,0.27325201,-0.279348761,-0.0260360036,0.970417738,-0.117265679,-0.00890585594,0.0485002175
0.16995552,3179260.41,0,0,0.00940554403,2.14502215e-05,0,0.110546127,0.0291048363,1,-0.540408075,0.124559008,0.144224852,0.819538474,-0.225542307,1.25602126,-0.765686095,2.24207754e-44,-2.24207754e-44,-2.24207754e-44,-0.168937683,0.0824209228,-0.119871914,0.382293493,-0.235100508,0.0139280334,-0.272629648,-0.0242561065,-0.0795107707,0.263197631,-0.225062743,-0.0373319574,-0.0104382467,-0.0191839095,0.120438606,0.149096236,0.225534633,0.00455548568,0.994097233,0.12628895,-0.0759305507,0.0299245194,0.138769954,-0.25267303,-0.0190612432,0.967407644,-0.124227785,-0.00525623234,0.0354774669,-1.09085274,-0.339244485,0.584090114,1.77304006,-1.0329833,0.195718154,-1.13015819,-0.206038296,-0.628747284,0.487947792,-2.09813857,0.709172845,-0.553559721,0.498981893,-1.35802734,1.08985341,0.602991283,0.110467471,-0.804505348,-0.10701365,-0.0378215238,0.716887593,1.36255157,-0.402315348,-0.00457557943,-0.91597122,0.348084986,-0.423113108,0.528904378,-0.0355941877,-0.0561702177,-0.0308301523,0.488918304,-0.285733819,0.0126706986,-0.383202434,-0.0234890692,-0.101320945,0.213429719,-0.517143428,0.108923279,-0.0707680807,0.11176122,-0.155327797,0.0616577342,0.362766951,0.0352880135,0.913084507,0.118325092,-0.0930189192,0.0568256564,0.319286644,-0.275319666,-0.0281743295,0.969671428,-0.105762072,-0.0114027988,0.0508786887,0.00609425455,-0.0994804278,0.0265352838,0.616333246,-0.34508276,0.0196977425,-0.559937179,-0.0214900821,-0.135605156,0.173825666,-0.70239979,0.178233564,-0.120685235,0.190427855,-0.25198552,0.0789096355,0.428796202,0.0531225652,0.845936775,0.105513126,-0.0950691029,0.0985939652,0.505810499,-0.293405324,-0.0358554795,0.954034269,-0.0901023597,-0.0256904922,0.0898173004,-0.0349269882,-0.0568633676,-0.0299120545,0.490957499,-0.286683649,0.0127831614,-0.386030972,-0.0234570783,-0.101869643,0.212795883,-0.520108342,0.110032544,-0.0715669766,0.113020234,-0.156874746,0.0619338416,0.363823712,0.0355734453,0.912009835,0.118120044,-0.0930517316,0.05749413,0.322271824,-0.275609136,-0.0282972604,0.969421148,-0.105511449,-0.0116314646,0.0515018776
0.180926515,3179260.42,0,0,0.000386709813,4.7981739e-06,0,0.100910664,0.0536705181,1,-0.537239492,0.118387274,0.139538005,0.823339164,-0.296677262,1.26478446,-0.840259314,2.24207754e-44,-2.24207754e-44,-2.24207754e-44,-0.181799635,0.0785020366,-0.113432042,0.402417988,-0.247976527,0.0160863139,-0.286793202,-0.026955137,-0.0876344815,0.269919991,-0.252164423,-0.0271608662,-0.0176186841,-0.0127233015,0.104220077,0.16197063,0.233694583,0.00585423782,0.984169245,0.125092953,-0.0767737105,0.0386918038,0.157146409,-0.25769484,-0.019405378,0.956352293,-0.118943803,-0.0104362136,0.0415007025,-1.04499114,-0.205052331,1.03429937,1.91325879,-1.07714641,0.100449145,-1.1599915,-0.202661276,-0.745115161,0.538736403,-2.31839871,0.925146282,-0.650779486,0.631208718,-1.34402287,1.0553273,0.710526288,0.110612027,-0.838372052,-0.105600476,-0.0778962299,0.728678346,1.66798377,-0.46088165,-0.0531492867,-0.923759103,0.46172443,-0.434247762,0.500210047,-0.0285826251,-0.063454546,-0.0211818889,0.510348141,-0.29571569,0.0138525739,-0.412927389,-0.0231528617,-0.107087195,0.206768736,-0.548301578,0.120580539,-0.0791636258,0.124992125,-0.171584606,0.0645593256,0.373872399,0.0382875986,0.901790917,0.11617025,-0.0933637396,0.0638506413,0.350658,-0.278361499,-0.0294662192,0.967041433,-0.103128269,-0.0138058402,0.0574277565,-0.0598897673,-0.0199018251,-0.0131798796,0.571383834,-0.394711971,0.0547465235,-0.54155612,-0.0446635485,-0.146770269,0.246627122,-0.689847291,0.175016403,-0.130583078,0.192436114,-0.232090637,0.0617108047,0.390248477,0.033129245,0.835398376,0.102485687,-0.116060004,0.0960351229,0.533959508,-0.284395516,-0.0348797366,0.957440913,-0.08054322,-0.0278741419,0.0813891143,-0.0729985163,-0.00978402887,-0.0474350899,0.481564879,-0.330472529,0.0378791206,-0.403011918,-0.0389397815,-0.115217976,0.255868763,-0.542491138,0.119416207,-0.0866621137,0.12753357,-0.159444153,0.0530772917,0.348544925,0.0249069054,0.893598795,0.113913253,-0.107721239,0.0627257526,0.37264657,-0.272481143,-0.028914554,0.969133854,-0.0963707864,-0.0155088883,0.052254729
0.191955648,3179260.43,0,0,0.0114158429,2.24453397e-05,0,0.100910664,0.00297603011,1,-0.534188867,0.112965815,0.135408998,0.826768041,-0.277953714,1.43415487,-0.930698216,2.24207754e-44,-2.24207754e-44,-2.24207754e-44,-0.192254543,0.0752542615,-0.109138869,0.417211711,-0.260200351,0.0196264703,-0.30000487,-0.0294599719,-0.0951230451,0.277109861,-0.277971953,-0.0170893725,-0.0240433998,-0.00668015657,0.0900708064,0.172315195,0.24161391,0.00682989461,0.975787699,0.123653471,-0.0784233958,0.0457729772,0.17546773,-0.262156069,-0.0202563591,0.947668612,-0.114004053,-0.0148185669,0.0460632257,-1.12466919,-0.349475771,0.108791649,1.26153719,-1.43502223,0.597567558,-1.53182721,-0.289032549,-0.828964829,0.968757331,-2.92424154,1.11474609,-0.690476954,0.630586684,-1.53270578,1.03870201,0.830865741,0.0644067526,-0.838538289,-0.187006682,-0.292553812,0.692744076,1.96975946,-0.447600871,-0.102372482,-0.845507145,0.553750038,-0.451238304,0.394226551,-0.0706929564,-0.011563546,-0.0414102897,0.497362256,-0.341770947,0.0408457592,-0.427379012,-0.0399464741,-0.120767392,0.254243344,-0.568408132,0.129195169,-0.0943869278,0.138948619,-0.172221214,0.0545957536,0.355879754,0.02635305,0.883362532,0.111903369,-0.109187864,0.0685842037,0.401018262,-0.274576634,-0.0299637094,0.967077315,-0.0935870409,-0.0176836886,0.0573788807,-0.0598897673,-0.0199018251,-0.0131798796,0.571383834,-0.394711971,0.0547465235,-0.54155612,-0.0446635485,-0.146770269,0.246627122,-0.689847291,0.175016403,-0.130583078,0.192436114,-0.232090637,0.0617108047,0.390248477,0.033129245,0.835398376,0.102485687,-0.116060004,0.0960351229,0.533959508,-0.284395516,-0.0348797366,0.957440913,-0.08054322,-0.0278741419,0.0813891143,-0.0704654157,-0.0117391655,-0.0408156961,0.498921275,-0.342885971,0.0411385335,-0.429783821,-0.0400458276,-0.121315062,0.254082948,-0.570965886,0.130160257,-0.0951492935,0.140075177,-0.17348218,0.0547456108,0.356603622,0.0264957696,0.882352293,0.11170502,-0.109332606,0.0691623688,0.40381828,-0.274783462,-0.0300672501,0.966874361,-0.0933123082,-0.0178983193,0.0578845814
0.20292598,3179260.44,0,0,0.00229830202,4.74788249e-06,0,0.159904826,0.0950784385,1,-0.530468702,0.106013298,0.129839197,0.83096689,-0.336031944,1.42815173,-0.950165033,2.24207754e-44,-2.24207754e-44,-2.24207754e-44,-0.205628827,0.0723692104,-0.10904076,0.429867744,-0.278692961,0.0263919812,-0.319144964,-0.0331541002,-0.106314592,0.290077746,-0.314596117,-0.00172697334,-0.0330247134,0.00156614557,0.0719587654,0.183888584,0.252321988,0.007233073,0.965331674,0.120972537,-0.083205469,0.0537117831,0.201461002,-0.267635882,-0.021967547,0.938213944,-0.107199483,-0.0202215519,0.0501977056,-1.07654428,-0.146747038,0.0199173186,0.95018667,-1.56592083,0.502397895,-1.56827688,-0.303342313,-0.976754129,1.06812227,-3.0309999,1.3484515,-0.772888601,0.722822607,-1.45378315,0.890757084,0.935070693,0.020379357,-0.895862222,-0.234366998,-0.426598251,0.638366938,2.29721975,-0.464629114,-0.171335489,-0.729174137,0.545598686,-0.438096792,0.330474943,-0.155126721,0.0644115582,-0.0916379541,0.437995613,-0.40807277,0.0757308304,-0.413260043,-0.0523433834,-0.141625047,0.348408818,-0.569982886,0.13237603,-0.104829252,0.159769252,-0.159741223,0.0708317235,0.323565245,0.00840819906,0.874946177,0.104020678,-0.123942204,0.0662105083,0.441779673,-0.270137787,-0.0283659957,0.965557873,-0.0934786722,-0.0228461046,0.0530781522,-0.16903621,0.0779336989,-0.0840460286,0.476552665,-0.463692784,0.0948411524,-0.4927046,-0.0589724109,-0.165924996,0.367146671,-0.658758461,0.166539654,-0.133861169,0.204059824,-0.200089425,0.0801956058,0.340242773,0.00871215295,0.83787322,0.095135048,-0.132747293,0.0855740979,0.549029231,-0.276138306,-0.0315313563,0.958153844,-0.0839589313,-0.0315926522,0.0694411397,-0.155456766,0.0647324175,-0.0914578065,0.438910484,-0.409392536,0.0761842802,-0.415145159,-0.0525006801,-0.142201632,0.348853439,-0.572089374,0.133186668,-0.105518132,0.160820186,-0.160698593,0.0710539073,0.32396099,0.00841541123,0.874066472,0.103809834,-0.124151133,0.0666699708,0.444324523,-0.270280182,-0.028441105,0.965382218,-0.0932527855,-0.0230536442,0.0534664169
0.213925933,3179260.45,0,0,0.0132982549,4.59887087e-06,0,0.159904826,0.00251826644,1,-0.527573645,0.0999412462,0.12475998,0.834333718,-0.35681358,1.63680303,-0.810776234,2.24207754e-44,-2.24207754e-44,-2.24207754e-44,-0.217231065,0.0714208707,-0.109410867,0.437033862,-0.292931706,0.0306915827,-0.337755412,-0.037014626,-0.117371388,0.305282682,-0.350183636,0.0135435313,-0.0417249277,0.00907852408,0.0562809817,0.192410752,0.261918902,0.00733202463,0.956224322,0.117791235,-0.0888695568,0.0589734204,0.226462632,-0.272309154,-0.0236967355,0.931814432,-0.102677211,-0.024657011,0.0524003282,-1.23783219,-0.0714352354,-0.0971426442,0.550136149,-1.30112004,0.364137799,-2.09995914,-0.470192105,-1.22740376,1.9016515,-3.97734308,1.69684792,-0.964601815,0.768581927,-1.65754902,0.831044436,0.967624962,0.00377045968,-0.92484647,-0.387840688,-0.683731973,0.438814372,2.6451776,-0.465228945,-0.169695258,-0.584019244,0.383168727,-0.453444213,0.13289471,-0.15855965,0.0677488968,-0.0897642225,0.447511673,-0.421800107,0.0804473609,-0.432867408,-0.0539794639,-0.147622406,0.353033423,-0.591893196,0.140807793,-0.11199449,0.170700401,-0.169699371,0.0731427819,0.327681363,0.00848321617,0.865796328,0.101827651,-0.126115352,0.0709895492,0.46824947,-0.271618754,-0.0291472226,0.963730514,-0.0911291465,-0.0250047985,0.0571166277,-0.16903621,0.0779336989,-0.0840460286,0.476552665,-0.463692784,0.0948411524,-0.4927046,-0.0589724109,-0.165924996,0.367146671,-0.658758461,0.166539654,-0.133861169,0.204059824,-0.200089425,0.0801956058,0.340242773,0.00871215295,0.83787322,0.095135048,-0.132747293,0.0855740979,0.549029231,-0.276138306,-0.0315313563,0.958153844,-0.0839589313,-0.0315926522,0.0694411397,-0.158849388,0.068030566,-0.0896060839,0.448314846,-0.422958672,0.0808454305,-0.434522212,-0.0541175492,-0.148128569,0.353423715,-0.593742371,0.141519427,-0.112599231,0.171622977,-0.170539826,0.0733378306,0.328028768,0.00848954823,0.865024149,0.101642564,-0.126298755,0.0713928938,0.470483482,-0.271743745,-0.0292131584,0.963576317,-0.0909308493,-0.0251869913,0.0574574694
0.224925224,3179260.47,0,0,0.00436935108,4.09502536e-06,0,0.116548967,0.190992177,1,-0.525021613,0.0925704166,0.118412428,0.837712049,-0.333915114,1.6212579,-0.677155912,2.24207754e-44,-2.24207754e-44,-2.24207754e-44,-0.231210262,0.0710868165,-0.110655889,0.441552073,-0.306662083,0.0335167646,-0.362981498,-0.0435917452,-0.133045793,0.330049545,-0.396662056,0.0352195874,-0.0541982651,0.0181671157,0.0379209481,0.200397789,0.273731858,0.00722543197,0.944889069,0.112924539,-0.0975348875,0.0631716549,0.260645658,-0.277611792,-0.0259083714,0.926379383,-0.0990892947,-0.0298118517,0.0531421639,-1.1372776,-0.0143298842,-0.139210299,0.134893358,-0.828237772,0.101362549,-2.35584664,-0.558371127,-1.25005019,2.56112075,-3.92241192,1.75282681,-1.01226246,0.742472053,-1.5284059,0.56000644,0.989038706,-0.0523347594,-0.926748335,-0.419926912,-0.750367701,0.232101277,3.00690317,-0.419656634,-0.164665759,-0.340446085,0.214102656,-0.419442564,-0.00948204193,-0.309432179,0.206471756,-0.197537154,0.312024087,-0.495501518,0.135875732,-0.369185746,-0.0521604344,-0.157450825,0.550088286,-0.536593139,0.114181004,-0.0996166021,0.193783998,-0.127693877,0.154938206,0.267598331,-0.0201624129,0.891474843,0.0962413251,-0.130869865,0.0500752218,0.457167178,-0.259108394,-0.0185255613,0.951094925,-0.10667941,-0.0340451822,0.0466646254,-0.335353017,0.230681434,-0.207053512,0.314957142,-0.533233166,0.152587056,-0.402050078,-0.0553376935,-0.171150967,0.584236562,-0.575291753,0.128408089,-0.112982363,0.219398171,-0.143182248,0.16992712,0.268682897,-0.0235718526,0.875635922,0.0909836814,-0.135982633,0.0574142598,0.510855019,-0.260632187,-0.0188287422,0.945720553,-0.103727035,-0.0396613479,0.0537652411,-0.310277104,0.207260892,-0.197847337,0.312119693,-0.49673146,0.136420459,-0.37025702,-0.0522640049,-0.157897398,0.551201403,-0.537854552,0.114644751,-0.100052275,0.194618911,-0.128198743,0.155426785,0.267633677,-0.0202735476,0.890958548,0.0960699469,-0.13103652,0.0503144488,0.458917171,-0.259158045,-0.0185354427,0.950919747,-0.106583178,-0.0342282504,0.0468960777
0.234927629,3179260.48,0,0,0.014371756,4.87174839e-06,0,0.116548967,0.00172162056,1,-0.523093641,0.0859140456,0.112728663,0.840407073,-0.391405672,1.6819849,-0.537100613,2.24207754e-44,-2.24207754e-44,-2.24207754e-44,-0.242235497,0.070774354,-0.11428006,0.438116312,-0.307362884,0.0314579271,-0.393454939,-0.0487124361,-0.144116983,0.369755536,-0.435672075,0.0504724272,-0.0636559799,0.0258067716,0.0222942904,0.204900756,0.283197433,0.00558785954,0.936584413,0.108400464,-0.105722487,0.062838845,0.292212129,-0.281401396,-0.0267994944,0.924518228,-0.0985412151,-0.0339257121,0.0516595542,-1.06061852,-0.0434159972,-0.558044076,-0.488736719,0.199645117,-0.367370665,-3.23563695,-0.523988187,-1.10806143,4.75527096,-3.38469577,1.3990798,-1.01635194,0.801227868,-1.45659459,0.356819898,0.902333498,-0.217912227,-0.784347653,-0.453804284,-0.827649951,-0.149657607,3.23000908,-0.351127625,-0.0553818271,-0.110015936,-0.0180739388,-0.382332534,-0.195748553,-0.317240119,0.21376425,-0.20040369,0.312907577,-0.50686717,0.140909567,-0.379085243,-0.0531174988,-0.161577612,0.560374498,-0.54825002,0.118466526,-0.103642672,0.201499566,-0.132359326,0.159453213,0.267925024,-0.021189414,0.886703789,0.0946576074,-0.132409945,0.0522859059,0.47333917,-0.25956738,-0.0186168868,0.949476004,-0.105790086,-0.0357369035,0.0488034934,-0.335353017,0.230681434,-0.207053512,0.314957142,-0.533233166,0.152587056,-0.402050078,-0.0553376935,-0.171150967,0.584236562,-0.575291753,0.128408089,-0.112982363,0.219398171,-0.143182248,0.16992712,0.268682897,-0.0235718526,0.875635922,0.0909836814,-0.135982633,0.0574142598,0.510855019,-0.260632187,-0.0188287422,0.945720553,-0.103727035,-0.0396613479,0.0537652411,-0.317920327,0.214399561,-0.200653434,0.312984556,-0.507857323,0.141348094,-0.379947662,-0.0532008782,-0.161937147,0.561270654,-0.549265563,0.118839867,-0.103993416,0.202171728,-0.13276577,0.159846544,0.267953485,-0.0212788843,0.886288166,0.0945196375,-0.132544115,0.0524784997,0.474748045,-0.259607375,-0.0186248422,0.949334979,-0.105712608,-0.0358842835,0.048989825
0.245925998,3179260.49,0,0,0.00535639329,4.46522608e-06,0,0.12972299,0.222623587,1,-0.522689819,0.0817255229,0.108052872,0.841689289,-0.543904364,1.41005337,-0.110705361,2.24207754e-44,-2.24207754e-44,-2.24207754e-44,-0.24990885,0.0707452819,-0.120388925,0.434511185,-0.30566588,0.0284104832,-0.417083621,-0.0528598316,-0.152754292,0.410740048,-0.455316603,0.0603314191,-0.0731660277,0.0328330584,0.0127896406,0.206555352,0.289721161,0.00362048252,0.930692136,0.105145782,-0.111763544,0.0613902956,0.31875661,-0.283827722,-0.0271116495,0.924292088,-0.098877348,-0.0363381431,0.0502166785,-0.911343098,0.0467627905,-0.858421385,-0.405510068,0.186262503,-0.358413219,-2.72183967,-0.488561839,-1.05407941,5.13265085,-2.08581972,1.16625738,-1.28146684,0.935738802,-1.04949927,0.124327123,0.755731702,-0.257884502,-0.712011814,-0.373900652,-0.69961071,-0.181175098,3.38097358,-0.271850646,-0.0351031274,0.0345670022,-0.045541998,-0.253634453,-0.159208179,-0.535115421,0.348816842,-0.324429572,0.112900272,-0.60373801,0.200925186,-0.268493712,-0.0284468587,-0.116819628,0.793477118,-0.482018173,0.0802854449,-0.0640248582,0.195077688,-0.0122762742,0.325499326,0.186183184,-0.0492750593,0.951417923,0.105132237,-0.12748313,0.0138407331,0.386687875,-0.252422124,-0.00240183435,0.916334093,-0.143195838,-0.0497304946,0.042659983,-0.557092011,0.365876526,-0.334728122,0.104009062,-0.624572158,0.211019248,-0.276766241,-0.0285386704,-0.120336279,0.819698036,-0.495000184,0.0843576267,-0.0676606745,0.205565304,-0.0127329724,0.340236217,0.182501197,-0.0521367304,0.948009074,0.10344325,-0.129391924,0.0149917984,0.404963374,-0.252703518,-0.00170860812,0.912386894,-0.143843934,-0.0528100245,0.0453463234,-0.536152422,0.349621832,-0.324915528,0.11248073,-0.604721069,0.201401487,-0.268884063,-0.0284511913,-0.116985567,0.794714391,-0.48263073,0.0804776028,-0.0641964227,0.19557257,-0.012297825,0.326194733,0.186009437,-0.0494100936,0.95125705,0.105052546,-0.127573192,0.0138950478,0.387550235,-0.252435416,-0.00236912351,0.916147828,-0.14322643,-0.0498758033,0.0427867472
0.256925347,3179260.5,0,0,0.0163557422,4.32599336e-06,0,0.12972299,0.00120222569,1,-0.522630811,0.0764988884,0.100875206,0.843106806,-0.667151451,1.33216929,-0.051401291,2.24207754e-44,-2.24207754e-44,-2.24207754e-44,-0.2564376,0.0714846328,-0.134048313,0.419881433,-0.292264193,0.0191081688,-0.454003632,-0.0540004931,-0.150593564,0.498218775,-0.470302105,0.0675755516,-0.0855477899,0.0439405106,0.0009094181,0.207214072,0.296673656,9.61278929e-05,0.924892902,0.10261564,-0.119932629,0.0533288568,0.36060524,-0.285415441,-0.0268172994,0.927563787,-0.106717974,-0.0389742479,0.0475761071,-0.284373671,0.0860441104,-1.47022557,-1.76452076,1.69353628,-1.05787158,-3.19879413,0.197140768,0.864905357,8.71397209,-0.662154377,0.266225815,-0.948693931,0.990114331,-0.912801683,0.0380645245,0.402151436,-0.321182787,-0.286050916,-0.107126795,-0.671169698,-1.03694522,3.5065825,-0.0417506918,0.0830262825,0.45897758,-1.09695601,-0.196589112,-0.264828652,-0.544955015,0.356454968,-0.329040557,0.108919412,-0.613066077,0.205444604,-0.272197574,-0.0284879655,-0.118394144,0.805217028,-0.487830639,0.0821086839,-0.0656527281,0.199773312,-0.0124807525,0.332097501,0.184534639,-0.050556317,0.949891686,0.104376033,-0.128337756,0.0143560991,0.394870371,-0.252548128,-0.00209145527,0.914566815,-0.143486008,-0.0511092916,0.0438627377,-0.557092011,0.365876526,-0.334728122,0.104009062,-0.624572158,0.211019248,-0.276766241,-0.0285386704,-0.120336279,0.819698036,-0.495000184,0.0843576267,-0.0676606745,0.205565304,-0.0127329724,0.340236217,0.182501197,-0.0521367304,0.948009074,0.10344325,-0.129391924,0.0149917984,0.404963374,-0.252703518,-0.00170860812,0.912386894,-0.143843934,-0.0528100245,0.0453463234,-0.545682728,0.357019901,-0.329381585,0.10862498,-0.613756001,0.205778867,-0.272471488,-0.0284910053,-0.118510589,0.806085289,-0.488260508,0.0822435319,-0.065773122,0.200120598,-0.0124958754,0.332585484,0.184412718,-0.0506510772,0.949778795,0.104320094,-0.128400967,0.0143942162,0.395475566,-0.252557427,-0.00206850003,0.914436102,-0.143507481,-0.0512112677,0.0439516976
0.266925469,3179260.51,0,0,0.00636671297,4.20305878e-06,0,0.119058881,0.137864828,1,-0.524383485,0.0741851404,0.0934426561,0.843081832,-1.19614375,1.13761067,0.615881145,2.24207754e-44,-2.24207754e-44,-2.24207754e-44,-0.25861147,0.0749621019,-0.152554139,0.402188301,-0.276586175,0.00935773924,-0.4786461,-0.0496273451,-0.144532472,0.581284702,-0.473745346,0.0694867074,-0.0971095487,0.0569294579,-0.00638938323,0.207444146,0.297955096,-0.00394557556,0.923404455,0.102077097,-0.125350356,0.0424412824,0.395651698,-0.284948051,-0.0255849436,0.934265256,-0.118138686,-0.0402005613,0.0453095883,-0.208598092,0.572645187,-1.99964797,-1.73158646,1.4258374,-0.862111449,-1.9167732,0.605129778,0.392184407,7.74025774,-0.203523338,0.186148569,-1.24200141,1.49943924,-0.649346232,0.0151940193,-0.0563611425,-0.458809286,-0.0860744864,-0.0298247598,-0.435910702,-1.05577922,3.52391553,0.120071761,0.141285524,0.808611512,-1.08850956,-0.0757785439,-0.189608037,-0.689136505,0.331488729,-0.306327403,0.112402692,-0.679266036,0.211336836,-0.205268353,-0.0956086814,-0.0270884857,0.941911995,-0.521258533,0.0521487817,-0.00278499583,0.150381878,0.109386228,0.461314052,0.160461217,-0.0469530262,1.00250804,0.120115228,-0.11794021,-0.00339633459,0.27518025,-0.269880533,0.0239462201,0.882549524,-0.171965495,-0.0354175195,0.0443330929,-0.697023451,0.335774809,-0.30881229,0.110041052,-0.685797393,0.214150056,-0.206611335,-0.0965339094,-0.0268162601,0.950848103,-0.525223374,0.0528499298,-0.00292651914,0.152560115,0.110897258,0.467039168,0.159140959,-0.0476798341,1.00229049,0.11986886,-0.118317775,-0.00332267769,0.278525025,-0.270189255,0.0244832672,0.881050885,-0.172523066,-0.0360411815,0.0450670496,-0.68975389,0.331824273,-0.306521922,0.112217829,-0.679777324,0.21155706,-0.205373466,-0.095681116,-0.0270671751,0.942611516,-0.521568894,0.0522036664,-0.00279607484,0.150552392,0.109504513,0.46176222,0.160357863,-0.0470099226,1.002491,0.120095946,-0.117969766,-0.00339056877,0.275442094,-0.269904703,0.02398826,0.882432222,-0.17200914,-0.0354663357,0.0443905443
0.276925563,3179260.52,0,0,0.0163668073,4.241243e-06,0,0.119058881,0.000682413578,1,-0.526070058,0.0713791922,0.085025236,0.843164265,-0.891876698,1.11557889,0.296323061,2.24207754e-44,-2.24207754e-44,-2.24207754e-44,-0.261990875,0.0823707357,-0.167392954,0.38688007,-0.277252614,0.00539813656,-0.502924025,-0.0383796617,-0.122573078,0.686643124,-0.483198375,0.0680377781,-0.102435805,0.069615528,-0.0138123678,0.207721278,0.295091778,-0.00798173435,0.923075974,0.105103955,-0.129239485,0.0277713146,0.436574221,-0.281158268,-0.017827848,0.94600141,-0.135552675,-0.035619352,0.0435563549,-0.331864864,0.727695167,-0.962109804,-1.01994419,-0.707581401,-0.0268792268,-1.6663605,1.05642796,2.1225369,8.66191578,-0.77541852,-0.165644467,-0.172562689,0.95867002,-0.515041471,0.0554023162,-0.443608373,-0.262433052,0.0226729363,0.362820357,-0.241084635,-1.21262491,3.27063131,0.416742831,0.914492965,1.09645391,-1.52251041,0.619691551,-0.0915377811,-0.693989873,0.334126264,-0.30785653,0.110949397,-0.683285236,0.213068008,-0.206094787,-0.0961780399,-0.0269209649,0.947411001,-0.52369839,0.0525802486,-0.00287208566,0.151722297,0.110316075,0.464837134,0.159648776,-0.0474002846,1.00237417,0.119963616,-0.118172556,-0.00335100805,0.277238548,-0.270070523,0.0242767017,0.881627321,-0.172308609,-0.0358012989,0.0447847545,-0.697023451,0.335774809,-0.30881229,0.110041052,-0.685797393,0.214150056,-0.206611335,-0.0965339094,-0.0268162601,0.950848103,-0.525223374,0.0528499298,-0.00292651914,0.152560115,0.110897258,0.467039168,0.159140959,-0.0476798341,1.00229049,0.11986886,-0.118317775,-0.00332267769,0.278525025,-0.270189255,0.0244832672,0.881050885,-0.172523066,-0.0360411815,0.0450670496,-0.694325209,0.334308505,-0.307962179,0.110848993,-0.683562934,0.21318762,-0.206151888,-0.096217379,-0.0269093905,0.94779098,-0.523866951,0.0526100583,-0.00287810201,0.151814923,0.110380322,0.465080559,0.159592628,-0.0474311858,1.00236487,0.119953148,-0.118188605,-0.00334787648,0.277380764,-0.270083636,0.0242995378,0.881563604,-0.172332317,-0.0358278155,0.0448159575
0.286956478,3179260.53,0,0,0.00638514617,2.20830552e-05,0,0.13112789,0.0859442353,1,-0.527844787,0.0700315088,0.0791402236,0.842740953,-1.10381329,1.0939213,0.636030734,2.24207754e-44,-2.24207754e-44,-2.24207754e-44,-0.265402973,0.0896747783,-0.174848512,0.379782081,-0.28458789,0.00668866513,-0.510795116,-0.0300103948,-0.108369954,0.748299956,-0.487910956,0.0669573322,-0.103650451,0.0781518891,-0.0172810946,0.208802477,0.289453655,-0.00988453534,0.923814833,0.107979409,-0.130562082,0.0192508698,0.461439729,-0.277188182,-0.00960402656,0.955556512,-0.14655453,-0.029907234,0.0431394614,-0.500401497,1.02464759,-0.921260595,-0.831629992,-1.00465727,0.25371477,-0.582461298,1.0251317,1.53944027,7.07481909,-0.514488101,-0.126153216,-0.145727053,1.13766229,-0.418219894,0.195962012,-0.857644498,-0.234349594,0.132833093,0.342758864,-0.12274009,-0.963138402,3.01640749,0.549123347,1.06747842,1.24448955,-1.26203835,0.745466709,-0.0339644887,-0.690946579,0.249193579,-0.251913518,0.169979081,-0.621367574,0.181090683,-0.209730864,-0.117893666,0.0282170177,1.00734401,-0.567676902,0.038863115,0.041623801,0.0915302485,0.147414207,0.50669533,0.21440658,-0.0502904542,1.03610218,0.129004255,-0.0994068757,-0.00197673356,0.219114006,-0.289784551,0.0375096276,0.87591821,-0.182865992,-0.0114303678,0.0423639566,-0.691631079,0.249468923,-0.252065361,0.169841558,-0.621865511,0.181299001,-0.209852248,-0.117999583,0.0283047687,1.00819325,-0.568073869,0.0389083661,0.0416631028,0.0916504189,0.147589117,0.507243395,0.214354947,-0.0503572188,1.03612232,0.128993258,-0.0994180366,-0.00196871208,0.219338343,-0.28983438,0.0375718437,0.875780821,-0.182926893,-0.0114564924,0.0424251817,-0.691074729,0.249245107,-0.251941949,0.169953346,-0.621460795,0.181129679,-0.209753573,-0.117913485,0.0282334462,1.00750303,-0.567751229,0.0388715863,0.0416311584,0.0915527418,0.14744696,0.50679791,0.214396909,-0.0503029525,1.03610587,0.129002199,-0.0994089693,-0.0019752318,0.219155997,-0.289793879,0.0375212729,0.87589246,-0.182877392,-0.0114352591,0.0423754156
0.297925776,3179260.54,0,0,0.0173544441,4.36697155e-06,0,0.13112789,0.000131607056,1,-0.529210567,0.0671906099,0.0721072331,0.842746794,-0.596306086,1.03593171,0.183518425,2.24207754e-44,-2.24207754e-44,-2.24207754e-44,-0.270041257,0.100295603,-0.177234754,0.371607721,-0.302562207,0.0155616272,-0.513800502,-0.0179161355,-0.0805064514,0.830945671,-0.502573609,0.063051559,-0.095005706,0.0852125809,-0.0208512116,0.21088092,0.279608279,-0.0164959505,0.927531362,0.113515854,-0.129814416,0.0107129728,0.493996471,-0.267864883,0.00659866445,0.971280575,-0.16054295,-0.015606394,0.0429529957,-0.434197038,0.810924053,0.000171084641,-0.55386138,-1.75033402,0.933543503,0.144916773,0.883488357,2.41436148,6.33140612,-1.29116857,-0.345064253,1.00218916,0.394255877,-0.243347108,0.259698689,-0.873514175,-0.678304493,0.417495161,0.482372165,0.15521428,-0.543521821,2.44208264,0.875721216,1.46965969,1.34680688,-1.04402876,1.36607933,-0.00297298073,-0.69161737,0.249463394,-0.252062321,0.169844329,-0.621855497,0.181294814,-0.209849805,-0.117997453,0.0283030048,1.00817621,-0.568065882,0.0389074571,0.041662313,0.0916480049,0.147585601,0.507232368,0.21435599,-0.0503558777,1.03612196,0.128993481,-0.0994178131,-0.0019688732,0.219333827,-0.289833367,0.0375705883,0.875783563,-0.182925671,-0.0114559662,0.0424239486,-0.691631079,0.249468923,-0.252065361,0.169841558,-0.621865511,0.181299001,-0.209852248,-0.117999583,0.0283047687,1.00819325,-0.568073869,0.0389083661,0.0416631028,0.0916504189,0.147589117,0.507243395,0.214354947,-0.0503572188,1.03612232,0.128993258,-0.0994180366,-0.00196871208,0.219338343,-0.28983438,0.0375718437,0.875780821,-0.182926893,-0.0114564924,0.0424251817,-0.691625237,0.249466568,-0.252064079,0.169842735,-0.621861279,0.181297228,-0.209851205,-0.117998689,0.0283040181,1.00818598,-0.568070471,0.0389079787,0.0416627675,0.0916493908,0.147587627,0.507238686,0.214355379,-0.0503566489,1.0361222,0.128993347,-0.0994179398,-0.00196878053,0.219336435,-0.289833963,0.037571311,0.875782013,-0.182926372,-0.0114562679,0.0424246565
0.308925677,3179260.55,0,0,0.00835293485,4.29106876e-06,0,0.133052003,0.238122016,1,-0.530793369,0.0643496811,0.0666421875,0.842422903,-0.530641139,1.05100203,0.289122611,2.24207754e-44,-2.24207754e-44,-2.24207754e-44,-0.275886297,0.107972816,-0.177729875,0.366807491,-0.319541126,0.0258895736,-0.506271899,-0.011615051,-0.0594824366,0.883301198,-0.513472974,0.0600919239,-0.0850028694,0.0888202116,-0.0228815004,0.215716362,0.269606441,-0.0234191176,0.932518363,0.117648616,-0.127603367,0.00690132473,0.514650285,-0.258617967,0.0211336426,0.984640419,-0.16885218,-0.00217718887,0.0430860482,-0.547727287,0.690364599,-0.0497666113,-0.562940001,-1.24825251,1.16263151,1.11570334,0.5505808,2.14436412,4.5996294,-1.00241423,-0.244003817,1.16389585,0.25383541,-0.112162083,0.58916527,-1.01531577,-0.723110318,0.516562402,0.340271831,0.315667242,-0.261385679,1.81191444,0.971366107,1.45640528,1.31732047,-0.661343396,1.34645116,-0.0447867811,-0.544949889,0.134744242,-0.207068056,0.270565838,-0.383743376,0.130139157,-0.283150911,-0.0666920543,0.0472742915,1.00462604,-0.573326886,0.0436494946,0.0594080873,0.0634918138,0.120104134,0.471553445,0.31655401,-0.0312698632,1.02445793,0.124625161,-0.0870735645,0.0137149673,0.21937567,-0.301519066,0.0473862514,0.891555071,-0.178522617,0.00830857642,0.023066083,-0.544949889,0.134744242,-0.207068056,0.270565838,-0.383743376,0.130139157,-0.283150911,-0.0666920543,0.0472742878,1.00462604,-0.573326886,0.0436494946,0.0594080873,0.0634918138,0.120104134,0.471553445,0.31655401,-0.0312698632,1.02445793,0.124625161,-0.0870735645,0.0137149673,0.21937567,-0.301519066,0.0473862551,0.891555071,-0.178522617,0.00830857642,0.023066083,-0.544949889,0.134744242,-0.207068056,0.270565838,-0.383743376,0.130139157,-0.283150911,-0.0666920543,0.0472742915,1.00462604,-0.573326886,0.0436494946,0.0594080873,0.0634918138,0.120104134,0.471553445,0.31655401,-0.0312698632,1.02445793,0.124625161,-0.0870735645,0.0137149673,0.21937567,-0.301519066,0.0473862514,0.891555071,-0.178522617,0.00830857642,0.023066083
0.318925915,3179260.56,0,0,0.018353173,4.26592305e-06,0,0.133052003,0,1,-0.53088516,0.0611583702,0.0627047196,0.842904925,-0.263679087,0.981641352,-0.0941563249,2.24207754e-44,-2.24207754e-44,-2.24207754e-44,-0.279355377,0.112607874,-0.178288519,0.359148055,-0.321702749,0.0392838493,-0.491214097,-0.00591991236,-0.0334589146,0.922082782,-0.522776067,0.0584215485,-0.0685113296,0.0884079933,-0.0219622031,0.222769007,0.260724187,-0.0311757755,0.937227309,0.119676322,-0.122403406,0.00613538921,0.528769195,-0.248330355,0.0360325091,0.997226357,-0.172827691,0.0117183896,0.0407364219,-0.400376081,0.330275506,-0.157540292,-0.712012529,0.00315262564,1.29306245,1.74178028,0.484514922,2.64509678,3.32490087,-0.863157809,-0.160717949,1.76112819,-0.14162907,0.135631546,0.860101759,-0.83853811,-0.747938156,0.452369452,0.130904377,0.588013053,0.0134728877,1.13645291,1.01919305,1.45953977,1.19907355,-0.262234122,1.35454214,-0.290749758,-0.544949889,0.134744242,-0.207068056,0.270565838,-0.383743376,0.130139157,-0.283150911,-0.0666920543,0.0472742915,1.00462604,-0.573326886,0.0436494946,0.0594080873,0.0634918138,0.120104134,0.471553445,0.31655401,-0.0312698632,1.02445793,0.124625161,-0.0870735645,0.0137149673,0.21937567,-0.301519066,0.0473862514,0.891555071,-0.178522617,0.00830857642,0.023066083,-0.544949889,0.134744242,-0.207068056,0.270565838,-0.383743376,0.130139157,-0.283150911,-0.0666920543,0.0472742878,1.00462604,-0.573326886,0.0436494946,0.0594080873,0.0634918138,0.120104134,0.471553445,0.31655401,-0.0312698632,1.02445793,0.124625161,-0.0870735645,0.0137149673,0.21937567,-0.301519066,0.0473862551,0.891555071,-0.178522617,0.00830857642,0.023066083,-0.544949889,0.134744242,-0.207068056,0.270565838,-0.383743376,0.130139157,-0.283150911,-0.0666920543,0.0472742915,1.00462604,-0.573326886,0.0436494946,0.0594080873,0.0634918138,0.120104134,0.471553445,0.31655401,-0.0312698632,1.02445793,0.124625161,-0.0870735645,0.0137149673,0.21937567,-0.301519066,0.0473862514,0.891555071,-0.178522617,0.00830857642,0.023066083
0.329926104,3179260.57,0,0,0.00935970992,5.01424074e-06,0,0.126669183,0.271310925,1,-0.531063795,0.0565996617,0.0582653359,0.843429208,-0.164773807,0.875662565,-0.0498172604,2.24207754e-44,-2.24207754e-44,-2.24207754e-44,-0.287042171,0.11428114,-0.18269895,0.353272766,-0.314209253,0.0519950949,-0.465359986,-0.00345206284,-0.00483615976,0.949555874,-0.531125844,0.0566025525,-0.0490526743,0.0857272893,-0.0195048153,0.237179071,0.251627654,-0.0382350162,0.942338467,0.120231472,-0.115555368,0.0078437943,0.536293924,-0.237121731,0.0514068492,1.00941777,-0.174389645,0.0249708444,0.0366943032,-0.546984315,-0.0337622799,-0.582156479,-0.382242739,2.47736382,0.828412414,2.63853168,0.0800359771,2.33819485,1.43564427,-0.461759806,-0.10899929,1.53712869,-0.33796376,0.540880978,1.35208011,-0.636558652,-0.459459782,0.337166816,-0.0565223992,0.562707007,0.351911634,0.217640355,0.879076481,1.16000056,0.859061062,-0.0518473201,0.800840139,-0.544602692,-0.32026732,0.057979539,-0.178375125,0.372380614,-0.112432465,0.0876134932,-0.38730216,-0.0119811017,0.0438561663,0.948245525,-0.558723748,0.0482424572,0.0275656357,0.0855503604,0.0530751683,0.34860909,0.404005915,-0.00653554732,0.967830122,0.107652225,-0.0949098617,0.0361543857,0.288113981,-0.302017689,0.0513971224,0.914294243,-0.167487383,0.00057061296,-0.000466855243,-0.32026732,0.057979539,-0.178375125,0.372380614,-0.112432465,0.0876134932,-0.38730216,-0.0119811017,0.0438561663,0.948245525,-0.558723748,0.0482424572,0.0275656357,0.0855503604,0.0530751683,0.34860909,0.404005915,-0.00653554732,0.967830122,0.107652225,-0.0949098617,0.0361543857,0.288113981,-0.302017689,0.0513971262,0.914294243,-0.167487383,0.000570613192,-0.000466855709,-0.32026732,0.057979539,-0.178375125,0.372380614,-0.112432465,0.0876134932,-0.38730216,-0.0119811017,0.0438561663,0.948245525,-0.558723748,0.0482424572,0.0275656357,0.0855503604,0.0530751683,0.34860909,0.404005915,-0.00653554732,0.967830122,0.107652225,-0.0949098617,0.0361543857,0.288113981,-0.302017689,0.0513971224,0.914294243,-0.167487383,0.00057061296,-0.000466855243
0.340928178,3179260.58,0,0,0.00032164529,5.65918162e-06,0,0.140264165,0.152413398,1,-0.530411482,0.0525803268,0.0553710237,0.844294369,-0.000797954563,0.920373142,-0.261418104,2.24207754e-44,-2.24207754e-44,-2.24207754e-44,-0.293807715,0.111778259,-0.189322338,0.353405535,-0.271006256,0.05931082,-0.429968446,-0.00427793991,0.022655068,0.955780923,-0.534200907,0.0556980856,-0.0314451233,0.0797744617,-0.0110090766,0.25633949,0.246809319,-0.0416009091,0.945144475,0.118294179,-0.109502099,0.0145954518,0.533983707,-0.228167012,0.0628286675,1.01599205,-0.174270719,0.0297649037,0.0275277831,-0.70873332,-0.296263129,-0.401371747,0.310363799,3.44332719,0.526794076,2.96832013,-0.223683819,2.16330481,0.0386915803,-0.208992347,-0.076826781,1.40180588,-0.591824412,0.626468778,1.81306398,-0.238255069,-0.160992041,0.209386036,-0.194466129,0.43873167,0.615187645,-0.429792404,0.627650976,0.781671882,0.314276248,0.0354171023,0.20476371,-0.795417547,-0.32026732,0.057979539,-0.178375125,0.372380614,-0.112432465,0.0876134932,-0.38730216,-0.0119811017,0.0438561663,0.948245525,-0.558723748,0.0482424572,0.0275656357,0.0855503604,0.0530751683,0.34860909,0.404005915,-0.00653554732,0.967830122,0.107652225,-0.0949098617,0.0361543857,0.288113981,-0.302017689,0.0513971224,0.914294243,-0.167487383,0.00057061296,-0.000466855243,-0.167853922,0.0316736959,-0.173770964,0.381637514,-0.0888477489,0.0859743282,-0.421875149,0.0242143162,0.0281873532,0.812128365,-0.559225142,0.0299109742,-0.0192596391,0.177190498,-0.0435719602,0.209012762,0.446360886,0.015732022,0.910276771,0.0812854394,-0.116478436,0.0617737994,0.416989148,-0.306006312,0.0538052507,0.958555162,-0.172288314,-0.0128460266,-0.0186695121,-0.167853922,0.0316736959,-0.173770964,0.381637514,-0.0888477489,0.0859743282,-0.421875119,0.0242143162,0.0281873494,0.812128365,-0.559225142,0.0299109742,-0.0192596391,0.177190498,-0.0435719602,0.209012762,0.446360886,0.015732022,0.910276771,0.0812854394,-0.116478436,0.0617738031,0.416989148,-0.306006312,0.0538052469,0.958555162,-0.172288314,-0.0128460266,-0.0186695121
0.351925744,3179260.59,0,0,0.0113192112,4.55090776e-06,0,0.140264165,0,1,-0.529808223,0.0490009524,0.0527214035,0.845057726,-0.249777853,0.731737971,-0.0373027809,2.24207754e-44,-2.24207754e-44,-2.24207754e-44,-0.299948096,0.10881155,-0.193420142,0.356566668,-0.239284873,0.0639462546,-0.396357924,-0.00810190663,0.0397854783,0.944469571,-0.535830498,0.0533210561,-0.0204009432,0.0747570843,-0.00417138403,0.27596879,0.245819062,-0.0422883928,0.947878957,0.114204347,-0.106436945,0.022077499,0.526875556,-0.223967016,0.0685861856,1.01755297,-0.173927575,0.0286398102,0.0189211871,-0.359240949,-0.237940982,-0.572608113,0.184803739,3.12275863,0.415547103,3.96764779,-0.425774902,1.27296865,-2.49805307,-0.0970237106,-0.442537308,0.774444222,-0.29582265,0.85673964,1.98342788,-0.0448930413,-0.00267908769,0.341519564,-0.706216514,0.193307772,0.94732213,-0.864004433,0.251923501,0.439227134,0.0875671282,0.0240019746,-0.439023495,-1.00697744,-0.167853922,0.0316736959,-0.173770964,0.381637514,-0.0888477489,0.0859743282,-0.421875119,0.0242143162,0.0281873494,0.812128365,-0.559225142,0.0299109742,-0.0192596391,0.177190498,-0.0435719602,0.209012762,0.446360886,0.015732022,0.910276771,0.0812854394,-0.116478436,0.0617738031,0.416989148,-0.306006312,0.0538052469,0.958555162,-0.172288314,-0.0128460266,-0.0186695121,-0.167853922,0.0316736959,-0.173770964,0.381637514,-0.0888477489,0.0859743282,-0.421875149,0.0242143162,0.0281873532,0.812128365,-0.559225142,0.0299109742,-0.0192596391,0.177190498,-0.0435719602,0.209012762,0.446360886,0.015732022,0.910276771,0.0812854394,-0.116478436,0.0617737994,0.416989148,-0.306006312,0.0538052507,0.958555162,-0.172288314,-0.0128460266,-0.0186695121,-0.167853922,0.0316736959,-0.173770964,0.381637514,-0.0888477489,0.0859743282,-0.421875119,0.0242143162,0.0281873494,0.812128365,-0.559225142,0.0299109742,-0.0192596391,0.177190498,-0.0435719602,0.209012762,0.446360886,0.015732022,0.910276771,0.0812854394,-0.116478436,0.0617738031,0.416989148,-0.306006312,0.0538052469,0.958555162,-0.172288314,-0.0128460266,-0.0186695121
0.362925542,3179260.6,0,0,0.0022995919,4.21889126e-06,0,0.156903174,0.16873008,1,-0.529448509,0.0453510843,0.0486723185,0.845729589,-0.185773358,1.04098976,-0.250460267,2.24207754e-44,-2.24207754e-44,-2.24207754e-44,-0.302756578,0.105632141,-0.198745534,0.356317103,-0.206318274,0.0682805181,-0.348201782,-0.0144807464,0.0513417237,0.902351022,-0.536825895,0.0484728888,-0.0124423625,0.0712561905,0.00268547051,0.300742716,0.24788484,-0.0409088619,0.952590644,0.103878796,-0.105311736,0.0340951942,0.515941858,-0.223211035,0.0713814199,1.01663959,-0.173760563,0.0199800581,0.00665288931,-0.206503794,-0.327929884,-0.269856751,-0.121567495,2.44094944,0.325564861,3.77918673,-0.627906919,0.849613905,-3.72698021,-0.121740013,-0.34451288,0.685419917,-0.386995316,0.306073219,2.11602235,0.361100018,0.19446969,0.400113344,-0.848350883,0.0497134961,0.946814775,-0.9347139,-0.0509282313,0.123866253,-0.220016152,0.00948145334,-0.810276031,-0.952470243,-0.065339908,0.0238523558,-0.169807002,0.357516795,-0.211479351,0.0962073654,-0.381762564,0.0486488901,0.00459851697,0.643398285,-0.563013792,0.0198695194,-0.054016415,0.272019804,-0.13966912,0.092810601,0.42232132,0.0286802072,0.850914299,0.048106119,-0.158394024,0.0747787505,0.577545643,-0.318745494,0.0480583087,1.03314126,-0.183480263,-0.00501117669,-0.0324154869,-0.065339908,0.0238523558,-0.169807002,0.357516795,-0.211479351,0.0962073654,-0.381762594,0.0486488901,0.0045985179,0.643398285,-0.563013792,0.0198695194,-0.054016415,0.272019804,-0.139669135,0.092810601,0.42232132,0.0286802072,0.850914299,0.048106119,-0.158394024,0.0747787431,0.577545643,-0.318745494,0.0480583124,1.03314126,-0.183480263,-0.00501117669,-0.0324154869,-0.065339908,0.0238523558,-0.169807002,0.357516795,-0.211479351,0.0962073654,-0.381762564,0.0486488901,0.00459851697,0.643398285,-0.563013792,0.0198695194,-0.054016415,0.272019804,-0.13966912,0.092810601,0.42232132,0.0286802072,0.850914299,0.048106119,-0.158394024,0.0747787505,0.577545643,-0.318745494,0.0480583087,1.03314126,-0.183480263,-0.00501117669,-0.0324154869
0.373925507,3179260.61,0,0,0.0132995569,4.31993976e-06,0,0.156903174,0,1,-0.529253304,0.0427928232,0.0446073674,0.846209109,-0.623297989,0.733105183,0.104013063,2.24207754e-44,-2.24207754e-44,-2.24207754e-44,-0.299948901,0.103724189,-0.202392489,0.351080805,-0.197082251,0.072489284,-0.303661108,-0.020592561,0.0537409931,0.848740935,-0.537696064,0.0441014282,-0.00841294695,0.0705687627,0.00665954594,0.320362031,0.251558453,-0.0368046686,0.957074225,0.0922665596,-0.107594036,0.0433839001,0.506932199,-0.226053402,0.0718817636,1.01452005,-0.174337462,0.0110631259,-0.0033009036,0.650586188,-0.0659876466,-0.443265498,-0.877032042,-0.133664429,0.486729831,5.02448845,-0.565158904,-0.21674192,-6.71749163,-0.0472695604,-0.496262789,0.190865263,0.202567413,0.433683634,1.82943547,0.339019477,0.5693928,0.468442619,-1.43048978,-0.455327809,0.933447242,-0.808583379,-0.445196807,0.00472522294,-0.147640422,-0.11333923,-0.939745188,-1.05233383,-0.065339908,0.0238523558,-0.169807002,0.357516795,-0.211479351,0.0962073654,-0.381762564,0.0486488901,0.00459851697,0.643398285,-0.563013792,0.0198695194,-0.054016415,0.272019804,-0.13966912,0.092810601,0.42232132,0.0286802072,0.850914299,0.048106119,-0.158394024,0.0747787505,0.577545643,-0.318745494,0.0480583087,1.03314126,-0.183480263,-0.00501117669,-0.0324154869,-0.065339908,0.0238523558,-0.169807002,0.357516795,-0.211479351,0.0962073654,-0.381762594,0.0486488901,0.0045985179,0.643398285,-0.563013792,0.0198695194,-0.054016415,0.272019804,-0.139669135,0.092810601,0.42232132,0.0286802072,0.850914299,0.048106119,-0.158394024,0.0747787431,0.577545643,-0.318745494,0.0480583124,1.03314126,-0.183480263,-0.00501117669,-0.0324154869,-0.065339908,0.0238523558,-0.169807002,0.357516795,-0.211479351,0.0962073654,-0.381762564,0.0486488901,0.00459851697,0.643398285,-0.563013792,0.0198695194,-0.054016415,0.272019804,-0.13966912,0.092810601,0.42232132,0.0286802072,0.850914299,0.048106119,-0.158394024,0.0747787505,0.577545643,-0.318745494,0.0480583087,1.03314126,-0.183480263,-0.00501117669,-0.0324154869
0.383925528,3179260.62,0,0,0.00336851692,4.32319939e-06,0,0.11719577,0.108432591,1,-0.529411256,0.0397860557,0.0400850959,0.84648329,-0.180860445,1.2070986,-0.0922760814,2.24207754e-44,-2.24207754e-44,-2.24207754e-44,-0.294445366,0.100676924,-0.209917575,0.337972313,-0.192704022,0.0729383379,-0.257369906,-0.027456237,0.0511232428,0.780257523,-0.538824677,0.0399114676,-0.005765846,0.07035207,0.00645536557,0.337454289,0.257026196,-0.0298314672,0.960573614,0.0780686289,-0.113320045,0.051804468,0.500599623,-0.230911911,0.0714146271,1.01362622,-0.175719947,0.00268385932,-0.0129413744,0.276488811,-0.6508286,-1.28514683,-1.59258604,1.44013071,-0.52226609,4.14201832,-0.885369182,-0.180422693,-6.49665117,-0.193201348,-0.371801823,0.334399313,-0.374117732,-0.317784131,1.60117173,0.751250982,0.769395411,0.255692571,-1.32947147,-0.598845422,0.766915321,-0.586728156,-0.437014431,-0.0755972862,-0.0534635484,-0.142055616,-0.725065589,-0.871501148,-0.00758021325,0.00983178616,-0.158858731,0.338074952,-0.256219119,0.108338118,-0.337983519,0.0678227097,-0.0224022456,0.534965694,-0.540778697,0.0142064001,-0.0704101175,0.294497102,-0.194740027,0.0274167955,0.356768072,0.0338600874,0.806044221,0.0361405686,-0.194945037,0.0791392922,0.679269671,-0.320648968,0.0492980182,1.08119988,-0.19487828,0.000161455944,-0.0408864021,-0.00758021325,0.00983178616,-0.158858731,0.338074952,-0.256219119,0.108338118,-0.337983519,0.0678227097,-0.0224022456,0.534965694,-0.540778697,0.0142064001,-0.0704101175,0.294497102,-0.194740027,0.0274167955,0.356768072,0.0338600874,0.806044221,0.0361405686,-0.194945037,0.0791392922,0.679269671,-0.320648968,0.0492980219,1.08119988,-0.19487828,0.000161456177,-0.0408864021,-0.00758021325,0.00983178616,-0.158858731,0.338074952,-0.256219119,0.108338118,-0.337983519,0.0678227097,-0.0224022456,0.534965694,-0.540778697,0.0142064001,-0.0704101175,0.294497102,-0.194740027,0.0274167955,0.356768072,0.0338600874,0.806044221,0.0361405686,-0.194945037,0.0791392922,0.679269671,-0.320648968,0.0492980182,1.08119988,-0.19487828,0.000161455944,-0.0408864021
0.39392571,3179260.63,0,0,0.0133686988,4.35905531e-06,0,0.11719577,0,1,-0.529524922,0.0350465961,0.0371000879,0.84675777,0.0658683479,1.0002321,0.0414863452,2.24207754e-44,-2.24207754e-44,-2.24207754e-44,-0.293501198,0.0926012471,-0.225053594,0.323591381,-0.174415261,0.0653308481,-0.215362608,-0.0383991934,0.0463984534,0.711928904,-0.53840214,0.0357748419,-0.00343036675,0.0644968078,0.00425708387,0.349597037,0.265330702,-0.0197320301,0.961928487,0.0655682832,-0.121766217,0.0587498918,0.495170295,-0.235045254,0.0701852366,1.01408386,-0.178515434,-0.00344021362,-0.0212302897,0.0429952405,-0.808653116,-1.46804345,-1.25757349,1.82520115,-0.766244888,4.37965679,-1.18251383,-0.70545584,-7.23157072,0.216773629,-0.438932329,0.162898257,-0.656240702,-0.0901316255,0.911349297,0.829428315,1.18636,0.0759852007,-1.21572864,-1.05917215,0.659198761,-0.478645205,-0.410014689,-0.150751129,0.11673566,-0.392745435,-0.549917996,-0.82285732,-0.00758021325,0.00983178616,-0.158858731,0.338074952,-0.256219119,0.108338118,-0.337983519,0.0678227097,-0.0224022456,0.534965694,-0.540778697,0.0142064001,-0.0704101175,0.294497102,-0.194740027,0.0274167955,0.356768072,0.0338600874,0.806044221,0.0361405686,-0.194945037,0.0791392922,0.679269671,-0.320648968,0.0492980182,1.08119988,-0.19487828,0.000161455944,-0.0408864021,-0.00758021325,0.00983178616,-0.158858731,0.338074952,-0.256219119,0.108338118,-0.337983519,0.0678227097,-0.0224022456,0.534965694,-0.540778697,0.0142064001,-0.0704101175,0.294497102,-0.194740027,0.0274167955,0.356768072,0.0338600874,0.806044221,0.0361405686,-0.194945037,0.0791392922,0.679269671,-0.320648968,0.0492980219,1.08119988,-0.19487828,0.000161456177,-0.0408864021,-0.00758021325,0.00983178616,-0.158858731,0.338074952,-0.256219119,0.108338118,-0.337983519,0.0678227097,-0.0224022456,0.534965694,-0.540778697,0.0142064001,-0.0704101175,0.294497102,-0.194740027,0.0274167955,0.356768072,0.0338600874,0.806044221,0.0361405686,-0.194945037,0.0791392922,0.679269671,-0.320648968,0.0492980182,1.08119988,-0.19487828,0.000161455944,-0.0408864021
0.403925909,3179260.64,0,0,0.00335608376,4.58490103e-06,2.13164299e-06,0.129837077,0.0646513999,1,-0.528419435,0.0310634356,0.0334372148,0.84775579,-0.483201355,1.06877398,-0.510817945,2.24207754e-44,-2.24207754e-44,-2.24207754e-44,-0.296015352,0.0910141319,-0.23420535,0.314752609,-0.158511177,0.0585125014,-0.187203363,-0.0435133278,0.0415718146,0.655832171,-0.52438724,0.0323151536,0.00137260125,0.0621195994,0.003110928,0.353645027,0.271849573,-0.00719731906,0.962135434,0.0551742837,-0.132611081,0.064665556,0.490798593,-0.240693733,0.0682371855,1.01605904,-0.182623893,-0.00757695641,-0.0284119602,-0.409696013,0.339609861,-0.589895666,-0.637966096,1.40591073,-0.604429901,1.62129354,0.0320853665,-0.317683041,-4.24296141,2.09064269,-0.249441609,0.644542694,0.149698019,-0.0746167973,0.0635026395,0.494937748,1.25186467,-0.0124341976,-0.904573023,-1.04345226,0.545624077,-0.45831567,-0.704750538,-0.21926403,0.247684687,-0.392031848,-0.315692455,-0.629731238,-0.0289508179,-0.00707969349,-0.151697829,0.310755134,-0.282983989,0.125485748,-0.28363204,0.0745475888,-0.0308701359,0.470314294,-0.524411142,0.0171449371,-0.0651717335,0.272808284,-0.195375085,0.035133779,0.293245912,0.0299259275,0.802570999,0.0425631106,-0.204585597,0.0832163692,0.714644194,-0.317584425,0.0520854369,1.07450187,-0.207870722,-0.000494103879,-0.0402199626,-0.0289508179,-0.00707969256,-0.151697829,0.310755134,-0.282983989,0.125485748,-0.28363204,0.0745475888,-0.0308701359,0.470314294,-0.524411142,0.0171449371,-0.0651717335,0.272808284,-0.195375085,0.035133779,0.293245912,0.0299259275,0.802570999,0.0425631106,-0.204585597,0.0832163692,0.714644194,-0.317584425,0.0520854406,1.07450187,-0.207870722,-0.000494103413,-0.0402199626,-0.0289508179,-0.00707969349,-0.151697829,0.310755134,-0.282983989,0.125485748,-0.28363204,0.0745475888,-0.0308701359,0.470314294,-0.524411142,0.0171449371,-0.0651717335,0.272808284,-0.195375085,0.035133779,0.293245912,0.0299259275,0.802570999,0.0425631106,-0.204585597,0.0832163692,0.714644194,-0.317584425,0.0520854369,1.07450187,-0.207870722,-0.000494103879,-0.0402199626
0.414925249,3179260.66,0,0,0.0143554239,4.27523628e-06,0.000210187252,0.129837077,0,1,-0.526910841,0.0295943338,0.0274027307,0.848963022,-0.834211051,0.518138349,-0.0888131037,2.24207754e-44,-2.24207754e-44,-2.24207754e-44,-0.298547,0.098856464,-0.240340173,0.309093595,-0.146215528,0.0549711138,-0.172386765,-0.0387142226,0.0356807671,0.61604172,-0.495419949,0.0307581034,0.00542133627,0.0683852583,0.00631311676,0.348646939,0.275121629,0.00745583046,0.960047483,0.0483595729,-0.144617394,0.0710563138,0.486666858,-0.25088501,0.0655956939,1.01802766,-0.188891634,-0.00960349198,-0.0339555815,-0.0291628297,0.754263401,-0.491146296,-0.439503074,0.731473565,-0.10022527,1.20235288,0.530097842,-0.624273479,-2.930583,2.40513396,-0.0679507777,0.102553517,0.674942851,0.423998892,-0.713056028,0.144399479,1.1732142,-0.314550608,-0.339206696,-0.961788356,0.522228718,-0.170623526,-0.910436749,-0.212889895,0.0883130729,-0.613354862,-0.0919052809,-0.351790369,-0.0289508179,-0.00707969349,-0.151697829,0.310755134,-0.282983989,0.125485748,-0.28363204,0.0745475888,-0.0308701359,0.470314294,-0.524411142,0.0171449371,-0.0651717335,0.272808284,-0.195375085,0.035133779,0.293245912,0.0299259275,0.802570999,0.0425631106,-0.204585597,0.0832163692,0.714644194,-0.317584425,0.0520854369,1.07450187,-0.207870722,-0.000494103879,-0.0402199626,-0.0289508179,-0.00707969256,-0.151697829,0.310755134,-0.282983989,0.125485748,-0.28363204,0.0745475888,-0.0308701359,0.470314294,-0.524411142,0.0171449371,-0.0651717335,0.272808284,-0.195375085,0.035133779,0.293245912,0.0299259275,0.802570999,0.0425631106,-0.204585597,0.0832163692,0.714644194,-0.317584425,0.0520854406,1.07450187,-0.207870722,-0.000494103413,-0.0402199626,-0.0289508179,-0.00707969349,-0.151697829,0.310755134,-0.282983989,0.125485748,-0.28363204,0.0745475888,-0.0308701359,0.470314294,-0.524411142,0.0171449371,-0.0651717335,0.272808284,-0.195375085,0.035133779,0.293245912,0.0299259275,0.802570999,0.0425631106,-0.204585597,0.0832163692,0.714644194,-0.317584425,0.0520854369,1.07450187,-0.207870722,-0.000494103879,-0.0402199626
0.424925395,3179260.67,0,0,0.00435304688,4.36929986e-06,0.00102723134,0.133072026,0.0655095875,1,-0.52705133,0.0297904834,0.0230546333,0.848998189,-0.680953741,0.381433487,0.119458742,2.24207754e-44,-2.24207754e-44,-2.24207754e-44,-0.297425032,0.10597986,-0.243803233,0.304146439,-0.14230369,0.0558950603,-0.161237001,-0.0337608568,0.0295604672,0.591327429,-0.478391677,0.030382337,0.00519558182,0.0744881704,0.00972285494,0.338934839,0.276267469,0.0175256226,0.954898775,0.0464514084,-0.153141037,0.075572215,0.487948328,-0.259990215,0.0636694655,1.01853347,-0.194524929,-0.0101057831,-0.0364626497,0.20416078,0.659305453,-0.237434193,-0.552066863,0.205499798,0.215782613,1.07337749,0.442166567,-0.581530631,-2.21296477,1.24709964,-0.0242547076,-0.0825453475,0.534238279,0.260162473,-1.13276029,0.112902783,0.878057897,-0.644175112,-0.12119782,-0.774557054,0.395626366,0.335255295,-0.900204122,-0.179173678,0.0343150087,-0.505887985,-0.0315002985,-0.193210423,-0.0944604054,-0.0381368399,-0.134127527,0.282620609,-0.309728593,0.129738703,-0.234182656,0.0295830742,0.000986166298,0.41903013,-0.513325632,0.0178314075,-0.0236863252,0.24627696,-0.176225811,0.0986087173,0.272034377,0.0298257191,0.830992222,0.0556934029,-0.191967681,0.0868591368,0.665993929,-0.302847147,0.0514501631,1.03604674,-0.223445892,-0.00296828058,-0.03413748,-0.0944604054,-0.0381368399,-0.134127527,0.282620609,-0.309728593,0.129738703,-0.234182656,0.0295830742,0.000986164436,0.41903013,-0.513325632,0.0178314075,-0.0236863233,0.246276945,-0.176225811,0.0986087173,0.272034377,0.0298257191,0.830992222,0.0556934029,-0.191967681,0.0868591294,0.665993929,-0.302847147,0.0514501669,1.03604674,-0.223445892,-0.00296828081,-0.03413748,-0.0944604054,-0.0381368399,-0.134127527,0.282620609,-0.309728593,0.129738703,-0.234182656,0.0295830742,0.000986166298,0.41903013,-0.513325632,0.0178314075,-0.0236863252,0.24627696,-0.176225811,0.0986087173,0.272034377,0.0298257191,0.830992222,0.0556934029,-0.191967681,0.0868591368,0.665993929,-0.302847147,0.0514501631,1.03604674,-0.223445892,-0.00296828058,-0.03413748
0.434925679,3179260.68,0,0,0.0143533307,4.40469012e-06,0.00283125415,0.133072026,0,1,-0.527027667,0.0295761209,0.0203046203,0.849090576,-0.304836035,0.306603938,-0.033823166,2.24207754e-44,-2.24207754e-44,-2.24207754e-44,-0.292559326,0.111118957,-0.242983222,0.29663825,-0.144520044,0.0600138493,-0.149783343,-0.0311078224,0.0264023226,0.568196297,-0.462013304,0.030522801,0.00770676183,0.077545628,0.0106073283,0.324375302,0.277075052,0.0245081689,0.948014617,0.0465993397,-0.158558607,0.0792545006,0.495568693,-0.267824024,0.0610904582,1.01786089,-0.201504827,-0.0102334963,-0.0374497548,0.618540585,0.402715266,0.231572121,-0.834119201,-0.503483117,0.505656004,1.17857051,0.148031458,-0.186216965,-2.32194805,1.65272641,0.0333601236,0.388369441,0.175251305,-0.0336039364,-1.62791109,0.0528078452,0.581591845,-0.726824164,0.0753793269,-0.416708767,0.341378093,1.00506353,-0.727646053,-0.280403525,-0.111428708,-0.758748889,-0.00442260411,-0.0558165722,-0.0944604054,-0.0381368399,-0.134127527,0.282620609,-0.309728593,0.129738703,-0.234182656,0.0295830742,0.000986166298,0.41903013,-0.513325632,0.0178314075,-0.0236863252,0.24627696,-0.176225811,0.0986087173,0.272034377,0.0298257191,0.830992222,0.0556934029,-0.191967681,0.0868591368,0.665993929,-0.302847147,0.0514501631,1.03604674,-0.223445892,-0.00296828058,-0.03413748,-0.0944604054,-0.0381368399,-0.134127527,0.282620609,-0.309728593,0.129738703,-0.234182656,0.0295830742,0.000986164436,0.41903013,-0.513325632,0.0178314075,-0.0236863233,0.246276945,-0.176225811,0.0986087173,0.272034377,0.0298257191,0.830992222,0.0556934029,-0.191967681,0.0868591294,0.665993929,-0.302847147,0.0514501669,1.03604674,-0.223445892,-0.00296828081,-0.03413748,-0.0944604054,-0.0381368399,-0.134127527,0.282620609,-0.309728593,0.129738703,-0.234182656,0.0295830742,0.000986166298,0.41903013,-0.513325632,0.0178314075,-0.0236863252,0.24627696,-0.176225811,0.0986087173,0.272034377,0.0298257191,0.830992222,0.0556934029,-0.191967681,0.0868591368,0.665993929,-0.302847147,0.0514501631,1.03604674,-0.223445892,-0.00296828058,-0.03413748
0.445927104,3179260.69,0,0,0.00533968676,4.26359475e-06,0.00634006783,0.122095924,0.0807191133,1,-0.526964128,0.0286239777,0.018925624,0.849194527,-0.019415712,0.296097577,-0.0645771697,2.24207754e-44,-2.24207754e-44,-2.24207754e-44,-0.285492986,0.113368161,-0.239466295,0.287837118,-0.152689576,0.0661526546,-0.13796179,-0.031261757,0.0256483313,0.54606235,-0.449300438,0.0310756806,0.0118687479,0.0778006762,0.00848727487,0.306651741,0.27719146,0.0285516288,0.939940274,0.0477059297,-0.161498681,0.0820992514,0.508012354,-0.274742872,0.0585421398,1.01663601,-0.20851633,-0.0100871241,-0.0376132727,0.803084314,0.123195402,0.465194762,-0.951759934,-0.880108714,0.721221864,1.19103181,-0.113361515,0.0473863594,-2.17955351,1.18413901,0.0841585398,0.505459964,-0.0746775717,-0.302935988,-1.86369276,-0.0104097174,0.280890346,-0.862107754,0.168187082,-0.150636196,0.256116837,1.38365567,-0.655753136,-0.258677602,-0.158402771,-0.680528998,0.0704162195,0.0331350826,-0.138705209,-0.0486175269,-0.136198714,0.276467204,-0.259061873,0.125674516,-0.193001211,0.00040435046,0.0224070698,0.402327031,-0.482404947,0.028447099,0.0176843069,0.218240753,-0.144102305,0.178215608,0.286944598,0.0251945294,0.862702489,0.0640414506,-0.160635099,0.090185225,0.585274816,-0.282913595,0.0502059981,0.996340215,-0.232266292,-0.00116279628,-0.0276252739,-0.138705209,-0.0486175269,-0.136198714,0.276467204,-0.259061873,0.125674516,-0.193001211,0.00040435046,0.0224070661,0.402327031,-0.482404947,0.028447099,0.0176843069,0.218240753,-0.14410232,0.178215608,0.286944598,0.0251945294,0.862702489,0.0640414506,-0.160635099,0.090185225,0.585274816,-0.282913595,0.0502060018,0.996340215,-0.232266292,-0.00116279605,-0.0276252739,-0.138705209,-0.0486175269,-0.136198714,0.276467204,-0.259061873,0.125674516,-0.193001211,0.00040435046,0.0224070698,0.402327031,-0.482404947,0.028447099,0.0176843069,0.218240753,-0.144102305,0.178215608,0.286944598,0.0251945294,0.862702489,0.0640414506,-0.160635099,0.090185225,0.585274816,-0.282913595,0.0502059981,0.996340215,-0.232266292,-0.00116279628,-0.0276252739
0.456925499,3179260.7,0,0,0.016338082,4.40422446e-06,0.0117920022,0.122095924,0,1,-0.526015878,0.027042402,0.0188235212,0.84983629,0.223705724,0.297354341,-0.282236755,2.24207754e-44,-2.24207754e-44,-2.24207754e-44,-0.27585578,0.113151714,-0.233331203,0.27718395,-0.160808712,0.0748149753,-0.126163095,-0.0336302258,0.028610291,0.524351656,-0.436112404,0.0324997678,0.0192350019,0.0757171512,0.00446351711,0.287162542,0.276674539,0.0299867168,0.93067348,0.0507342443,-0.160035521,0.0844057426,0.523135781,-0.280631304,0.0555833876,1.0141058,-0.215402454,-0.00790240429,-0.0361774936,0.979054809,-0.134510159,0.625041604,-1.04775703,-0.886536598,0.879056334,1.13786209,-0.318421543,0.385267138,-2.10579896,1.2125721,0.168589279,0.770240963,-0.269772381,-0.491579086,-1.95002866,-0.0936377943,0.0820681974,-0.95901978,0.341936141,0.257741719,0.207300037,1.54514384,-0.573278785,-0.288563132,-0.2720294,-0.651387155,0.275475234,0.188322678,-0.138705209,-0.0486175269,-0.136198714,0.276467204,-0.259061873,0.125674516,-0.193001211,0.00040435046,0.0224070698,0.402327031,-0.482404947,0.028447099,0.0176843069,0.218240753,-0.144102305,0.178215608,0.286944598,0.0251945294,0.862702489,0.0640414506,-0.160635099,0.090185225,0.585274816,-0.282913595,0.0502059981,0.996340215,-0.232266292,-0.00116279628,-0.0276252739,-0.138705209,-0.0486175269,-0.136198714,0.276467204,-0.259061873,0.125674516,-0.193001211,0.00040435046,0.0224070661,0.402327031,-0.482404947,0.028447099,0.0176843069,0.218240753,-0.14410232,0.178215608,0.286944598,0.0251945294,0.862702489,0.0640414506,-0.160635099,0.090185225,0.585274816,-0.282913595,0.0502060018,0.996340215,-0.232266292,-0.00116279605,-0.0276252739,-0.138705209,-0.0486175269,-0.136198714,0.276467204,-0.259061873,0.125674516,-0.193001211,0.00040435046,0.0224070698,0.402327031,-0.482404947,0.028447099,0.0176843069,0.218240753,-0.144102305,0.178215608,0.286944598,0.0251945294,0.862702489,0.0640414506,-0.160635099,0.090185225,0.585274816,-0.282913595,0.0502059981,0.996340215,-0.232266292,-0.00116279628,-0.0276252739
0.467948332,3179260.71,0,0,0.00739120925,4.7152862e-06,0.019498717,0.117598101,0.12918897,1,-0.524707735,0.0242378693,0.019355014,0.850717187,0.371298164,0.360261291,-0.283408254,2.24207754e-44,-2.24207754e-44,-2.24207754e-44,-0.2652677,0.109452009,-0.226342991,0.266193628,-0.172246739,0.0849641934,-0.113851048,-0.0388599448,0.0337246917,0.501378775,-0.425898075,0.0347472876,0.0266230628,0.0718914494,-0.00302808778,0.26497367,0.274562269,0.0303206872,0.918853998,0.0545023121,-0.156626195,0.0862783343,0.540674806,-0.287755549,0.0526798777,1.01140928,-0.221625194,-0.00441270322,-0.0338123925,0.838279665,-0.391440868,0.661499679,-0.887597919,-0.53713727,0.77742815,0.968543768,-0.507806718,0.468203455,-1.80549562,0.763578117,0.196382686,0.493501365,-0.354788095,-0.653235793,-1.75412071,-0.206115291,-0.0165774971,-1.03159332,0.317154318,0.404106259,0.109438956,1.34359241,-0.594532847,-0.248748451,-0.223355457,-0.43573907,0.343333036,0.205972493,-0.181255668,-0.0305075385,-0.141747355,0.275680929,-0.129872903,0.110245854,-0.15674001,-0.0276589561,0.0382024497,0.408303589,-0.435967147,0.0273703299,0.0345912799,0.187562004,-0.0924371183,0.241083622,0.326482296,0.0318943784,0.883785903,0.0709882304,-0.123737186,0.0872086138,0.516512811,-0.267928243,0.0435685962,0.961506486,-0.235237867,0.00445922976,-0.0249220654,-0.181255668,-0.0305075366,-0.141747355,0.275680929,-0.129872903,0.110245854,-0.15674001,-0.0276589561,0.0382024497,0.408303589,-0.435967147,0.0273703299,0.0345912799,0.187562004,-0.0924371183,0.241083622,0.326482296,0.0318943784,0.883785903,0.0709882304,-0.123737186,0.0872086063,0.516512811,-0.267928243,0.0435686,0.961506486,-0.235237867,0.00445922976,-0.0249220654,-0.181255668,-0.0305075385,-0.141747355,0.275680929,-0.129872903,0.110245854,-0.15674001,-0.0276589561,0.0382024497,0.408303589,-0.435967147,0.0273703299,0.0345912799,0.187562004,-0.0924371183,0.241083622,0.326482296,0.0318943784,0.883785903,0.0709882304,-0.123737186,0.0872086138,0.516512811,-0.267928243,0.0435685962,0.961506486,-0.235237867,0.00445922976,-0.0249220654
0.478925728,3179260.72,0,0,0.0183686051,4.42285091e-06,0.029630322,0.117598101,0,1,-0.523030281,0.0210002586,0.0205433443,0.851807654,0.470793873,0.392582268,-0.383110762,2.24207754e-44,-2.24207754e-44,-2.24207754e-44,-0.256236941,0.103914671,-0.215588138,0.256177783,-0.165844545,0.0919074789,-0.103448309,-0.0458137132,0.0404780768,0.481456488,-0.414960027,0.0372080356,0.0306886435,0.0670293793,-0.0102814864,0.246097997,0.272593319,0.0291115493,0.905553758,0.0590268038,-0.147319451,0.0868985876,0.553459048,-0.294439107,0.0485205799,1.00767386,-0.225999251,0.00152512768,-0.0311095528,0.612748861,-0.542044044,0.899347067,-0.641825855,0.662603438,0.503828943,0.729188621,-0.616437554,0.606428087,-1.48600936,0.824254632,0.209649101,0.218998909,-0.414241135,-0.626555264,-1.43915462,-0.142116547,-0.144673258,-1.08360696,0.370762944,0.870758414,0.0255408026,0.871703267,-0.548754752,-0.379053384,-0.333061785,-0.301156759,0.522494435,0.208990559,-0.181255668,-0.0305075385,-0.141747355,0.275680929,-0.129872903,0.110245854,-0.15674001,-0.0276589561,0.0382024497,0.408303589,-0.435967147,0.0273703299,0.0345912799,0.187562004,-0.0924371183,0.241083622,0.326482296,0.0318943784,0.883785903,0.0709882304,-0.123737186,0.0872086138,0.516512811,-0.267928243,0.0435685962,0.961506486,-0.235237867,0.00445922976,-0.0249220654,-0.181255668,-0.0305075366,-0.141747355,0.275680929,-0.129872903,0.110245854,-0.15674001,-0.0276589561,0.0382024497,0.408303589,-0.435967147,0.0273703299,0.0345912799,0.187562004,-0.0924371183,0.241083622,0.326482296,0.0318943784,0.883785903,0.0709882304,-0.123737186,0.0872086063,0.516512811,-0.267928243,0.0435686,0.961506486,-0.235237867,0.00445922976,-0.0249220654,-0.181255668,-0.0305075385,-0.141747355,0.275680929,-0.129872903,0.110245854,-0.15674001,-0.0276589561,0.0382024497,0.408303589,-0.435967147,0.0273703299,0.0345912799,0.187562004,-0.0924371183,0.241083622,0.326482296,0.0318943784,0.883785903,0.0709882304,-0.123737186,0.0872086138,0.516512811,-0.267928243,0.0435685962,0.961506486,-0.235237867,0.00445922976,-0.0249220654
0.489925492,3179260.73,0,0,0.00936369086,4.15509567e-06,0.042405583,0.122088939,0.125930518,1,-0.521381319,0.018188566,0.02171853,0.852853477,0.482414275,0.264688551,-0.404248297,2.24207754e-44,-2.24207754e-44,-2.24207754e-44,-0.250689596,0.0979117379,-0.205807537,0.251681656,-0.151254222,0.0946236998,-0.0965805054,-0.0523774102,0.0464337952,0.467826694,-0.405758649,0.0388394818,0.0309707504,0.062979795,-0.0154804243,0.233489856,0.2717731,0.0273844711,0.894840479,0.0625815019,-0.137916863,0.0870318636,0.559286892,-0.299823314,0.0442356169,1.00380325,-0.228012085,0.00697146216,-0.0291713942,0.5961712,-0.603550494,1.18769205,-0.338195056,2.61939192,-0.00510288496,0.758873761,-0.688026428,0.544085205,-1.36706245,1.19229841,0.0976258293,-0.140472785,-0.394074619,-0.354626864,-1.117769,-0.0112089226,-0.191774264,-1.13267267,0.372894526,1.0789113,0.00912757963,0.362144917,-0.525578201,-0.498420179,-0.48464191,-0.127044901,0.608906507,0.206324667,-0.208634168,0.00616914593,-0.151190445,0.267335951,-0.00394238532,0.0858316272,-0.120571747,-0.0565676279,0.0492321253,0.409017414,-0.390226215,0.011011051,0.032704398,0.144156009,-0.0420374908,0.275146246,0.383997262,0.0414020531,0.882601202,0.0756589621,-0.100621022,0.0905757248,0.486930728,-0.274070144,0.032571964,0.940173328,-0.229708582,0.0117417043,-0.0226751994,-0.208634168,0.00616914593,-0.151190445,0.267335951,-0.00394238532,0.0858316272,-0.120571747,-0.0565676279,0.0492321216,0.409017414,-0.390226215,0.011011051,0.032704398,0.144156009,-0.0420374908,0.275146246,0.383997262,0.0414020531,0.882601202,0.0756589621,-0.100621022,0.0905757174,0.486930728,-0.274070144,0.0325719677,0.940173328,-0.229708582,0.0117417043,-0.0226751994,-0.208634168,0.00616914593,-0.151190445,0.267335951,-0.00394238532,0.0858316272,-0.120571747,-0.0565676279,0.0492321253,0.409017414,-0.390226215,0.011011051,0.032704398,0.144156009,-0.0420374908,0.275146246,0.383997262,0.0414020531,0.882601202,0.0756589621,-0.100621022,0.0905757248,0.486930728,-0.274070144,0.032571964,0.940173328,-0.229708582,0.0117417043,-0.0226751994
0.500927011,3179260.74,0,0,0.00037579285,4.73298132e-06,0.0579152331,0.111780129,0.0773567855,1,-0.51941216,0.0157588106,0.0229794197,0.854069412,0.434065133,0.311737061,-0.54429853,2.24207754e-44,-2.24207754e-44,-2.24207754e-44,-0.245078579,0.0915166065,-0.192928731,0.250980079,-0.123891212,0.0940057933,-0.0902264714,-0.0592498742,0.0517899208,0.455977231,-0.394141734,0.0392900631,0.028616244,0.0595122762,-0.0188961979,0.224342361,0.272646397,0.0252575763,0.884141386,0.0660634562,-0.127206922,0.0870867595,0.560800672,-0.304987758,0.0388341881,0.998015225,-0.228701025,0.0127784954,-0.0273775943,0.532665431,-0.681051731,1.24822783,0.0899107382,2.53619719,-0.0472274758,0.513703167,-0.677698553,0.544793785,-1.02953005,1.0572629,0.0210568272,-0.262243539,-0.310308069,-0.370693594,-0.790208578,0.147341251,-0.217593715,-0.984683454,0.31660077,1.00158155,0.00359518453,0.0282861218,-0.511066377,-0.544068873,-0.611828804,-0.0426370688,0.526013017,0.14947696,-0.208634168,0.00616914593,-0.151190445,0.267335951,-0.00394238532,0.0858316272,-0.120571747,-0.0565676279,0.0492321253,0.409017414,-0.390226215,0.011011051,0.032704398,0.144156009,-0.0420374908,0.275146246,0.383997262,0.0414020531,0.882601202,0.0756589621,-0.100621022,0.0905757248,0.486930728,-0.274070144,0.032571964,0.940173328,-0.229708582,0.0117417043,-0.0226751994,-0.231071919,0.0605486184,-0.165720165,0.221396729,0.0734144002,0.0607898645,-0.0849406868,-0.0749988854,0.0545656383,0.41571337,-0.350296944,-0.00224241242,0.00874800049,0.118135959,0.00204424933,0.279828072,0.422675073,0.0442785844,0.864658356,0.0776644126,-0.0906940252,0.103855416,0.491089851,-0.291992605,0.0182783902,0.939313829,-0.212119669,0.0112253958,-0.00908040814,-0.231071919,0.0605486184,-0.165720165,0.221396729,0.0734144002,0.0607898645,-0.0849406868,-0.0749988854,0.0545656383,0.41571337,-0.350296944,-0.00224241242,0.00874800049,0.118135951,0.00204424933,0.279828072,0.422675073,0.0442785844,0.864658356,0.0776644126,-0.0906940252,0.103855416,0.491089851,-0.291992605,0.018278392,0.939313829,-0.212119669,0.0112253958,-0.00908040814
0.511925493,3179260.75,0,0,0.0113742752,4.26126644e-06,0.0762038305,0.111780129,0,1,-0.516400218,0.0130503159,0.0239859298,0.855911911,0.284620553,0.197386488,-0.5499385,2.24207754e-44,-2.24207754e-44,-2.24207754e-44,-0.237110838,0.0829715729,-0.180550933,0.250090569,-0.0911129117,0.091358237,-0.0848151073,-0.0669604614,0.0574354306,0.445404321,-0.381498188,0.0378848799,0.0236152597,0.0568269752,-0.0226810034,0.217859894,0.27587682,0.0227749888,0.873622477,0.0691232607,-0.116924636,0.0880040601,0.557756722,-0.311070561,0.0322894715,0.990743697,-0.227962151,0.0173070766,-0.0250187069,0.89975673,-0.665933073,0.882715106,-0.56183964,3.49626088,-0.548742115,0.567095816,-0.605490565,0.310313612,-0.9051916,1.26292253,-0.331841409,-0.704964995,-0.148268878,-0.161871403,-0.294603169,0.39706558,-0.21292989,-0.910485148,0.227095962,0.835812211,0.215366259,-0.538369238,-0.512360275,-0.595524907,-0.594045043,0.228929102,0.267054975,0.359710276,-0.231071919,0.0605486184,-0.165720165,0.221396729,0.0734144002,0.0607898645,-0.0849406868,-0.0749988854,0.0545656383,0.41571337,-0.350296944,-0.00224241242,0.00874800049,0.118135951,0.00204424933,0.279828072,0.422675073,0.0442785844,0.864658356,0.0776644126,-0.0906940252,0.103855416,0.491089851,-0.291992605,0.018278392,0.939313829,-0.212119669,0.0112253958,-0.00908040814,-0.231071919,0.0605486184,-0.165720165,0.221396729,0.0734144002,0.0607898645,-0.0849406868,-0.0749988854,0.0545656383,0.41571337,-0.350296944,-0.00224241242,0.00874800049,0.118135959,0.00204424933,0.279828072,0.422675073,0.0442785844,0.864658356,0.0776644126,-0.0906940252,0.103855416,0.491089851,-0.291992605,0.0182783902,0.939313829,-0.212119669,0.0112253958,-0.00908040814,-0.231071919,0.0605486184,-0.165720165,0.221396729,0.0734144002,0.0607898645,-0.0849406868,-0.0749988854,0.0545656383,0.41571337,-0.350296944,-0.00224241242,0.00874800049,0.118135951,0.00204424933,0.279828072,0.422675073,0.0442785844,0.864658356,0.0776644126,-0.0906940252,0.103855416,0.491089851,-0.291992605,0.018278392,0.939313829,-0.212119669,0.0112253958,-0.00908040814
0.521977157,3179260.76,0,0,0.00142224133,4.34601679e-06,0.0953537375,0.115624629,0.0391477123,1,-0.514025509,0.0115267579,0.0242016781,0.857355952,0.112157732,0.289960295,-0.601320446,2.24207754e-44,-2.24207754e-44,-2.24207754e-44,-0.227710351,0.0770274252,-0.173683479,0.242282823,-0.0583970584,0.086140126,-0.080126211,-0.0720333904,0.0599059239,0.437689304,-0.369897604,0.0343007408,0.0152247613,0.0562499985,-0.0244588759,0.216913536,0.281405866,0.0206109993,0.86522615,0.0710456446,-0.109445974,0.0908499509,0.550494969,-0.315905988,0.0261969473,0.98477602,-0.224720582,0.0188181698,-0.0206745751,0.900227547,-0.547059715,0.557156861,-0.806733251,2.92978764,-0.450922906,0.340700209,-0.432573676,0.239128694,-0.645990729,1.03474939,-0.340425372,-0.851911545,0.00258980738,-0.238346025,0.00127440644,0.647696972,-0.209928066,-0.752572238,0.167106345,0.665092647,0.293488324,-0.804193318,-0.453111351,-0.595768809,-0.602662206,0.345251828,0.0914816633,0.434460998,-0.234975874,0.0996963307,-0.178535298,0.190233201,0.0763843209,0.0474474616,-0.0613118671,-0.0801159739,0.0526017398,0.421737969,-0.329836845,0.000797419343,-0.0105008222,0.102525681,0.0214799494,0.264701009,0.422421753,0.0368334576,0.843637466,0.0784990564,-0.0929367542,0.116209686,0.517933011,-0.307512701,0.00349306501,0.955414534,-0.191891521,0.0043970882,-0.00252131559,-0.234975874,0.0996963307,-0.178535298,0.190233201,0.0763843209,0.0474474616,-0.0613118671,-0.0801159739,0.0526017398,0.421737969,-0.329836845,0.000797419343,-0.0105008222,0.102525681,0.0214799494,0.264701009,0.422421753,0.0368334576,0.843637466,0.0784990564,-0.0929367542,0.116209678,0.517933011,-0.307512701,0.00349306501,0.955414534,-0.191891521,0.0043970882,-0.00252131559,-0.234975874,0.0996963307,-0.178535298,0.190233201,0.0763843209,0.0474474616,-0.0613118671,-0.0801159739,0.0526017398,0.421737969,-0.329836845,0.000797419343,-0.0105008222,0.102525681,0.0214799494,0.264701009,0.422421753,0.0368334576,0.843637466,0.0784990564,-0.0929367542,0.116209686,0.517933011,-0.307512701,0.00349306501,0.955414534,-0.191891521,0.0043970882,-0.00252131559
0.532925485,3179260.77,0,0,0.0123705692,4.25986946e-06,0.118818298,0.115624629,0,1,-0.511411965,0.0102072163,0.0234049913,0.858956277,-0.116430312,0.253811687,-0.579218924,2.24207754e-44,-2.24207754e-44,-2.24207754e-44,-0.218363672,0.0727355033,-0.170016363,0.232809305,-0.0324401371,0.0809826329,-0.0772688091,-0.0750603601,0.0617277101,0.432118922,-0.360160142,0.0310255457,0.00632192567,0.0573763624,-0.0266157147,0.217955783,0.289130747,0.0186003335,0.858592153,0.0723796412,-0.104087941,0.0944980457,0.541263342,-0.319817364,0.0201832913,0.979159832,-0.219868764,0.0185871795,-0.0163959134,1.03941751,-0.316430092,0.235898331,-1.19287252,2.47206831,-0.645904303,0.349052548,-0.202926666,0.102302827,-0.566823184,0.999718785,-0.324231535,-0.989258707,0.198317751,-0.13180548,0.190603599,0.857025385,-0.212889075,-0.667106152,0.115037784,0.462181091,0.486765057,-1.02807128,-0.349287719,-0.649120092,-0.494542927,0.696854293,-0.145039126,0.462211102,-0.234975874,0.0996963307,-0.178535298,0.190233201,0.0763843209,0.0474474616,-0.0613118671,-0.0801159739,0.0526017398,0.421737969,-0.329836845,0.000797419343,-0.0105008222,0.102525681,0.0214799494,0.264701009,0.422421753,0.0368334576,0.843637466,0.0784990564,-0.0929367542,0.116209686,0.517933011,-0.307512701,0.00349306501,0.955414534,-0.191891521,0.0043970882,-0.00252131559,-0.234975874,0.0996963307,-0.178535298,0.190233201,0.0763843209,0.0474474616,-0.0613118671,-0.0801159739,0.0526017398,0.421737969,-0.329836845,0.000797419343,-0.0105008222,0.102525681,0.0214799494,0.264701009,0.422421753,0.0368334576,0.843637466,0.0784990564,-0.0929367542,0.116209678,0.517933011,-0.307512701,0.00349306501,0.955414534,-0.191891521,0.0043970882,-0.00252131559,-0.234975874,0.0996963307,-0.178535298,0.190233201,0.0763843209,0.0474474616,-0.0613118671,-0.0801159739,0.0526017398,0.421737969,-0.329836845,0.000797419343,-0.0105008222,0.102525681,0.0214799494,0.264701009,0.422421753,0.0368334576,0.843637466,0.0784990564,-0.0929367542,0.116209686,0.517933011,-0.307512701,0.00349306501,0.955414534,-0.191891521,0.0043970882,-0.00252131559
0.542926444,3179260.78,0,0,0.00230445014,4.38420102e-06,0.142558262,0.151243992,0.0310041308,1,-0.508412957,0.00936670788,0.0211604033,0.860802412,-0.355263531,0.355029196,-0.60786289,2.24207754e-44,-2.24207754e-44,-2.24207754e-44,-0.206582054,0.0710565373,-0.168663487,0.217925519,-0.00755705778,0.0741523355,-0.0744179934,-0.0758421496,0.0618687049,0.42682609,-0.349495292,0.0277726129,-0.0050546024,0.0610557683,-0.028473191,0.220805019,0.30082956,0.0163472705,0.851517856,0.0734426603,-0.100084968,0.100782752,0.528626382,-0.322823226,0.0124848671,0.974034846,-0.210500374,0.0155111561,-0.011401345,0.889139831,-0.0253692865,0.0551156141,-1.15579629,1.79153097,-0.491053075,0.125232801,0.0230787247,-0.0358542949,-0.333043635,0.801787913,-0.224740356,-0.859951794,0.371017486,-0.192327559,0.230557576,1.04540563,-0.14900586,-0.506751776,0.0712705404,0.246967405,0.492783874,-1.03096604,-0.173488498,-0.60030812,-0.396769434,0.745221436,-0.294829369,0.353056908,-0.207644671,0.11975947,-0.190973133,0.185144693,0.0487477779,0.0520032309,-0.0618436523,-0.0697009638,0.0444201082,0.435639262,-0.316845238,0.0135961995,-0.0217738897,0.106919631,0.0140896402,0.235573381,0.391417623,0.0213564802,0.830498517,0.0749950632,-0.103392802,0.124801904,0.547273278,-0.316408098,-0.0067504961,0.975588024,-0.169640571,-0.00313020311,-0.00162603892,-0.207644671,0.11975947,-0.190973133,0.185144693,0.0487477779,0.0520032309,-0.0618436523,-0.0697009638,0.0444201045,0.435639262,-0.316845238,0.0135961995,-0.0217738897,0.106919631,0.0140896402,0.235573381,0.391417623,0.0213564802,0.830498517,0.0749950632,-0.103392802,0.124801897,0.547273278,-0.316408098,-0.0067504961,0.975588024,-0.169640571,-0.00313020335,-0.00162603939,-0.207644671,0.11975947,-0.190973133,0.185144693,0.0487477779,0.0520032309,-0.0618436523,-0.0697009638,0.0444201082,0.435639262,-0.316845238,0.0135961995,-0.0217738897,0.106919631,0.0140896402,0.235573381,0.391417623,0.0213564802,0.830498517,0.0749950632,-0.103392802,0.124801904,0.547273278,-0.316408098,-0.0067504961,0.975588024,-0.169640571,-0.00313020311,-0.00162603892
0.553925538,3179260.79,0,0,0.0133035444,4.2594038e-06,0.171095774,0.151243992,0,1,-0.505849183,0.00899686199,0.0183437988,0.862379968,-0.445338041,0.335147381,-0.535371423,2.24207754e-44,-2.24207754e-44,-2.24207754e-44,-0.198124543,0.0720519572,-0.169760361,0.207795724,0.00448274007,0.0688229427,-0.073598668,-0.074800089,0.0604194328,0.424892098,-0.342386216,0.026314646,-0.0127078453,0.06539426,-0.0298307613,0.222300127,0.311715215,0.0149656786,0.847411871,0.0738943443,-0.0986923203,0.10620524,0.51861763,-0.323567837,0.0067145233,0.971261024,-0.201287806,0.0112187862,-0.0085856095,0.742924213,0.174401894,-0.146066293,-0.829283774,0.650876284,-1.07227361,0.0633289665,0.0668462142,-0.237839356,-0.113286719,0.652404487,-0.0957733989,-0.769520164,0.355810225,-0.096199967,0.091218248,1.14156246,-0.127194107,-0.348585784,0.0292131845,0.0747837201,0.59613353,-1.01251829,0.0396570079,-0.557056546,-0.161412448,1.07986057,-0.516865492,0.241644502,-0.207644671,0.11975947,-0.190973133,0.185144693,0.0487477779,0.0520032309,-0.0618436523,-0.0697009638,0.0444201082,0.435639262,-0.316845238,0.0135961995,-0.0217738897,0.106919631,0.0140896402,0.235573381,0.391417623,0.0213564802,0.830498517,0.0749950632,-0.103392802,0.124801904,0.547273278,-0.316408098,-0.0067504961,0.975588024,-0.169640571,-0.00313020311,-0.00162603892,-0.207644671,0.11975947,-0.190973133,0.185144693,0.0487477779,0.0520032309,-0.0618436523,-0.0697009638,0.0444201045,0.435639262,-0.316845238,0.0135961995,-0.0217738897,0.106919631,0.0140896402,0.235573381,0.391417623,0.0213564802,0.830498517,0.0749950632,-0.103392802,0.124801897,0.547273278,-0.316408098,-0.0067504961,0.975588024,-0.169640571,-0.00313020335,-0.00162603939,-0.207644671,0.11975947,-0.190973133,0.185144693,0.0487477779,0.0520032309,-0.0618436523,-0.0697009638,0.0444201082,0.435639262,-0.316845238,0.0135961995,-0.0217738897,0.106919631,0.0140896402,0.235573381,0.391417623,0.0213564802,0.830498517,0.0749950632,-0.103392802,0.124801904,0.547273278,-0.316408098,-0.0067504961,0.975588024,-0.169640571,-0.00313020311,-0.00162603892
0.564925367,3179260.81,0,0,0.0043371208,4.03774902e-06,0.202025175,0.147501007,0.0685013682,1,-0.50415498,0.00779145071,0.016626019,0.863417983,-0.0109850708,0.389783382,-0.345038146,2.24207754e-44,-2.24207754e-44,-2.24207754e-44,-0.193940029,0.0733252019,-0.169257015,0.203647673,0.00467992667,0.0438009351,-0.0738068372,-0.0770883039,0.0574797057,0.42464748,-0.336192608,0.0257746223,-0.020731179,0.0646121278,-0.0309541561,0.222227067,0.324479491,0.014280986,0.84513551,0.0740717649,-0.0984002948,0.111826397,0.508281291,-0.320269018,0.0020652893,0.970824063,-0.190951377,0.00650360994,-0.00679433811,0.275202692,0.0402388237,0.169994593,-0.213422671,-0.272678912,-2.86321759,-0.0622090399,-0.407667309,-0.282318801,0.0261239037,0.596340179,-0.0356030203,-0.760162234,-0.340447098,-0.110986918,-0.095055081,1.33794487,-0.0414894223,-0.144415006,0.0125409197,0.0131946625,0.515020788,-1.00775671,0.503201425,-0.39685753,-0.00400892319,0.948899925,-0.424026489,0.138228223,-0.139143303,0.14771165,-0.216889486,0.20608893,0.045809865,0.0798063055,-0.101919889,-0.0372328199,0.0335186571,0.466585577,-0.311813533,0.0223993286,-0.0251416955,0.121767305,-0.00364822336,0.217803121,0.35185045,0.00213563628,0.821036696,0.0772129521,-0.117246144,0.133851886,0.554037809,-0.327792019,-0.00467163324,0.984202266,-0.147879854,-0.00912147574,-0.00586844049,-0.139143303,0.14771165,-0.216889486,0.20608893,0.045809865,0.0798063055,-0.101919889,-0.0372328199,0.0335186571,0.466585577,-0.311813533,0.0223993286,-0.0251416937,0.121767312,-0.00364822336,0.217803121,0.35185045,0.00213563628,0.821036696,0.0772129521,-0.117246144,0.133851886,0.554037809,-0.327792019,-0.00467163324,0.984202266,-0.147879854,-0.00912147574,-0.00586844049,-0.139143303,0.14771165,-0.216889486,0.20608893,0.045809865,0.0798063055,-0.101919889,-0.0372328199,0.0335186571,0.466585577,-0.311813533,0.0223993286,-0.0251416955,0.121767305,-0.00364822336,0.217803121,0.35185045,0.00213563628,0.821036696,0.0772129521,-0.117246144,0.133851886,0.554037809,-0.327792019,-0.00467163324,0.984202266,-0.147879854,-0.00912147574,-0.00586844049
0.57492555,3179260.82,0,0,0.014337304,4.30224463e-06,0.232058123,0.147501007,0,1,-0.502623141,0.00589924166,0.0163431913,0.864331007,0.190125212,0.314015687,-0.37837407,2.24207754e-44,-2.24207754e-44,-2.24207754e-44,-0.191886395,0.072687,-0.166259661,0.203535661,-0.00065730972,0.0179231577,-0.0756593794,-0.0820023566,0.0557768233,0.429204792,-0.331759244,0.0255236477,-0.0264485553,0.0590046458,-0.0312905312,0.219615877,0.337540567,0.0138400001,0.844380796,0.0741809905,-0.099444136,0.117389582,0.498999655,-0.313688606,-0.00034880577,0.971206486,-0.18029879,0.00216328353,-0.00600829301,0.185106844,-0.103954047,0.352801085,0.101583645,-0.663159609,-2.3365252,-0.264122307,-0.485823542,-0.102191657,0.785269678,0.347062677,-0.0209323689,-0.442256004,-0.643186867,0.0312303845,-0.37227723,1.24394548,-0.0468744822,-0.0443868972,0.010941782,-0.200186253,0.606361866,-0.86667645,0.730581403,-0.144892752,0.0625621751,1.18795228,-0.458528906,0.045699358,-0.139143303,0.14771165,-0.216889486,0.20608893,0.045809865,0.0798063055,-0.101919889,-0.0372328199,0.0335186571,0.466585577,-0.311813533,0.0223993286,-0.0251416955,0.121767305,-0.00364822336,0.217803121,0.35185045,0.00213563628,0.821036696,0.0772129521,-0.117246144,0.133851886,0.554037809,-0.327792019,-0.00467163324,0.984202266,-0.147879854,-0.00912147574,-0.00586844049,-0.139143303,0.14771165,-0.216889486,0.20608893,0.045809865,0.0798063055,-0.101919889,-0.0372328199,0.0335186571,0.466585577,-0.311813533,0.0223993286,-0.0251416937,0.121767312,-0.00364822336,0.217803121,0.35185045,0.00213563628,0.821036696,0.0772129521,-0.117246144,0.133851886,0.554037809,-0.327792019,-0.00467163324,0.984202266,-0.147879854,-0.00912147574,-0.00586844049,-0.139143303,0.14771165,-0.216889486,0.20608893,0.045809865,0.0798063055,-0.101919889,-0.0372328199,0.0335186571,0.466585577,-0.311813533,0.0223993286,-0.0251416955,0.121767305,-0.00364822336,0.217803121,0.35185045,0.00213563628,0.821036696,0.0772129521,-0.117246144,0.133851886,0.554037809,-0.327792019,-0.00467163324,0.984202266,-0.147879854,-0.00912147574,-0.00586844049
0.584927208,3179260.83,0,0,0.00433443487,4.91086394e-06,0.263749957,0.152314082,0.0804678351,1,-0.500925899,0.00400196621,0.0163779911,0.865325928,0.102786191,0.25635013,-0.335534722,2.24207754e-44,-2.24207754e-44,-2.24207754e-44,-0.189839661,0.0714958534,-0.162557691,0.205875531,-0.00950250402,-0.00518715614,-0.0786661804,-0.0867478102,0.0540261641,0.439433008,-0.330788821,0.0253658686,-0.0301389676,0.0517165512,-0.0302641075,0.213519439,0.350135118,0.0135215651,0.844101548,0.0743754953,-0.102560267,0.124133587,0.490497231,-0.304290026,-0.00105874345,0.971716821,-0.167171046,-0.00294413581,-0.00582427811,0.14077349,-0.0559214652,0.279699922,0.259419978,-0.772570014,-1.61647153,-0.354318708,-0.291880518,-0.171610981,1.09461677,-0.178575546,-0.0144589925,-0.200760439,-0.530740142,0.10311304,-0.582394123,0.881027877,-0.0166471601,-0.0220364816,0.0432730652,-0.305127859,0.537932336,-0.610959113,0.78135711,0.02049811,0.0256313421,1.05102229,-0.424460143,-0.025447268,-0.0586754717,0.180701748,-0.247488856,0.239109576,0.0777437538,0.117868192,-0.169240236,-0.000648066401,0.0221646577,0.516297996,-0.317939728,0.0186082944,-0.0301628914,0.14304471,-0.0241776463,0.205293879,0.319335371,-0.00951140374,0.810195684,0.0845379308,-0.12587142,0.139184475,0.548042893,-0.342367798,0.00198388286,0.978956401,-0.131572455,-0.0189233813,-0.0139176305,-0.0586754717,0.180701748,-0.247488871,0.239109576,0.0777437538,0.117868192,-0.169240236,-0.000648066401,0.0221646614,0.516297996,-0.317939728,0.0186082944,-0.0301628895,0.14304471,-0.0241776463,0.205293879,0.319335371,-0.00951140374,0.810195684,0.0845379308,-0.12587142,0.139184475,0.548042893,-0.342367798,0.00198388286,0.978956401,-0.131572455,-0.0189233813,-0.0139176305,-0.0586754717,0.180701748,-0.247488856,0.239109576,0.0777437538,0.117868192,-0.169240236,-0.000648066401,0.0221646577,0.516297996,-0.317939728,0.0186082944,-0.0301628914,0.14304471,-0.0241776463,0.205293879,0.319335371,-0.00951140374,0.810195684,0.0845379308,-0.12587142,0.139184475,0.548042893,-0.342367798,0.00198388286,0.978956401,-0.131572455,-0.0189233813,-0.0139176305
0.595925685,3179260.84,0,0,0.0153329116,4.25288454e-06,0.300293326,0.152314082,0,1,-0.499259353,0.0029801731,0.015696371,0.866305292,-0.114924893,0.198155805,-0.377557576,2.24207754e-44,-2.24207754e-44,-2.24207754e-44,-0.188778549,0.0721272975,-0.160043508,0.209374577,-0.0175563414,-0.0176689643,-0.0851788446,-0.0876500234,0.0522384122,0.457400709,-0.334412217,0.0248546433,-0.0310597196,0.0480564088,-0.0287164338,0.207255125,0.356434613,0.0134060634,0.843436658,0.075480625,-0.106358901,0.129624501,0.484826565,-0.29723385,0.000701483921,0.971863449,-0.156123504,-0.00775076216,-0.00686817057,0.124560088,0.142451972,0.189372435,0.381415278,-0.806435585,-1.0586344,-0.707876742,0.0347827449,-0.240784675,1.98942447,-0.290068299,-0.0727077723,-0.0685411692,-0.242118865,0.215223193,-0.651302636,0.459485084,-0.00936970022,-0.101461492,0.133147359,-0.398885608,0.523879707,-0.536372602,0.656352997,0.247064322,0.00907245558,1.06091285,-0.488678247,-0.130321965,-0.0586754717,0.180701748,-0.247488856,0.239109576,0.0777437538,0.117868192,-0.169240236,-0.000648066401,0.0221646577,0.516297996,-0.317939728,0.0186082944,-0.0301628914,0.14304471,-0.0241776463,0.205293879,0.319335371,-0.00951140374,0.810195684,0.0845379308,-0.12587142,0.139184475,0.548042893,-0.342367798,0.00198388286,0.978956401,-0.131572455,-0.0189233813,-0.0139176305,-0.0586754717,0.180701748,-0.247488871,0.239109576,0.0777437538,0.117868192,-0.169240236,-0.000648066401,0.0221646614,0.516297996,-0.317939728,0.0186082944,-0.0301628895,0.14304471,-0.0241776463,0.205293879,0.319335371,-0.00951140374,0.810195684,0.0845379308,-0.12587142,0.139184475,0.548042893,-0.342367798,0.00198388286,0.978956401,-0.131572455,-0.0189233813,-0.0139176305,-0.0586754717,0.180701748,-0.247488856,0.239109576,0.0777437538,0.117868192,-0.169240236,-0.000648066401,0.0221646577,0.516297996,-0.317939728,0.0186082944,-0.0301628914,0.14304471,-0.0241776463,0.205293879,0.319335371,-0.00951140374,0.810195684,0.0845379308,-0.12587142,0.139184475,0.548042893,-0.342367798,0.00198388286,0.978956401,-0.131572455,-0.0189233813,-0.0139176305
0.606925426,3179260.85,0,0,0.00634150486,4.1439198e-06,0.338359177,0.144417863,0.0703150034,1,-0.497925699,0.00301306299,0.0143761318,0.867095292,-0.306203157,0.081123583,-0.256779641,2.24207754e-44,-2.24207754e-44,-2.24207754e-44,-0.186746985,0.0744916201,-0.159295931,0.212907434,-0.0252453741,-0.0259668976,-0.0912743509,-0.0847914666,0.0503121726,0.476446062,-0.333072633,0.024220109,-0.0319135636,0.0470159575,-0.0259319581,0.200735003,0.358919948,0.0132019939,0.841736972,0.0767576396,-0.110102326,0.133944571,0.480148584,-0.29110086,0.0036008344,0.971909404,-0.147355974,-0.0121382717,-0.00806820951,0.253859073,0.29025805,-0.00154961704,0.320333838,-0.737657726,-0.686242521,-0.524331808,0.459706575,-0.138582125,1.78959644,0.394659966,-0.0552850366,-0.100941472,-0.0277863629,0.297157586,-0.642409563,0.128082439,-0.0434287749,-0.214789212,0.117361583,-0.348730445,0.362634301,-0.410697073,0.592290401,0.303857595,0.00242698472,0.741421163,-0.393948168,-0.10484229,0.00376219302,0.20175685,-0.263052434,0.263272673,0.13690801,0.152176991,-0.23955524,0.00145573169,0.0208144262,0.5564152,-0.325872958,0.00364135904,-0.0434965529,0.161833912,-0.0466995984,0.174264982,0.304350346,-0.0115011875,0.797980011,0.0866801068,-0.13207987,0.140636623,0.555496812,-0.349756598,0.00389468484,0.975985765,-0.123087227,-0.0270828474,-0.0187064502,0.00376219302,0.20175685,-0.263052434,0.263272673,0.13690801,0.152176991,-0.23955524,0.00145573169,0.0208144244,0.5564152,-0.325872958,0.00364135904,-0.0434965529,0.161833912,-0.0466995984,0.174264982,0.304350346,-0.0115011875,0.797980011,0.0866801068,-0.13207987,0.140636623,0.555496812,-0.349756598,0.00389468484,0.975985765,-0.123087227,-0.0270828493,-0.0187064502,0.00376219302,0.20175685,-0.263052434,0.263272673,0.13690801,0.152176991,-0.23955524,0.00145573169,0.0208144262,0.5564152,-0.325872958,0.00364135904,-0.0434965529,0.161833912,-0.0466995984,0.174264982,0.304350346,-0.0115011875,0.797980011,0.0866801068,-0.13207987,0.140636623,0.555496812,-0.349756598,0.00389468484,0.975985765,-0.123087227,-0.0270828474,-0.0187064502
0.616925723,3179260.86,0,0,0.0163418022,4.48012725e-06,0.374047577,0.144417863,0,1,-0.496683776,0.00321082724,0.0124242324,0.867836714,-0.409038007,0.15780443,-0.275214136,2.24207754e-44,-2.24207754e-44,-2.24207754e-44,-0.184810147,0.0779803619,-0.159417704,0.215574712,-0.0319780856,-0.0295096524,-0.100096539,-0.0783400312,0.0494087376,0.500683367,-0.33088851,0.0212171096,-0.0328336284,0.0473485515,-0.0241524968,0.194925562,0.358360887,0.012901294,0.838821709,0.078065142,-0.113724552,0.136965305,0.476606637,-0.285838574,0.00731555233,0.971889794,-0.140209198,-0.0166064929,-0.00961417425,0.208293438,0.39272052,-0.0470484942,0.219928518,-0.629092336,-0.203027278,-0.979757607,0.761444926,-0.105727993,2.61358309,0.161867023,-0.346575499,-0.11755652,0.087049745,0.15754275,-0.554170787,-0.178956434,-0.0291046742,-0.332287371,0.131290421,-0.359909803,0.259514302,-0.323239803,0.483229846,0.392095715,-0.00573495356,0.670069218,-0.46073693,-0.170712158,0.00376219302,0.20175685,-0.263052434,0.263272673,0.13690801,0.152176991,-0.23955524,0.00145573169,0.0208144262,0.5564152,-0.325872958,0.00364135904,-0.0434965529,0.161833912,-0.0466995984,0.174264982,0.304350346,-0.0115011875,0.797980011,0.0866801068,-0.13207987,0.140636623,0.555496812,-0.349756598,0.00389468484,0.975985765,-0.123087227,-0.0270828474,-0.0187064502,0.00376219302,0.20175685,-0.263052434,0.263272673,0.13690801,0.152176991,-0.23955524,0.00145573169,0.0208144244,0.5564152,-0.325872958,0.00364135904,-0.0434965529,0.161833912,-0.0466995984,0.174264982,0.304350346,-0.0115011875,0.797980011,0.0866801068,-0.13207987,0.140636623,0.555496812,-0.349756598,0.00389468484,0.975985765,-0.123087227,-0.0270828493,-0.0187064502,0.00376219302,0.20175685,-0.263052434,0.263272673,0.13690801,0.152176991,-0.23955524,0.00145573169,0.0208144262,0.5564152,-0.325872958,0.00364135904,-0.0434965529,0.161833912,-0.0466995984,0.174264982,0.304350346,-0.0115011875,0.797980011,0.0866801068,-0.13207987,0.140636623,0.555496812,-0.349756598,0.00389468484,0.975985765,-0.123087227,-0.0270828474,-0.0187064502
0.627925351,3179260.87,0,0,0.00732519291,4.03821468e-06,0.414217889,0.159990974,0.0857394636,1,-0.495695621,0.00424259109,0.00955770444,0.868433356,-0.530539155,0.0958555937,-0.188115165,2.24207754e-44,-2.24207754e-44,-2.24207754e-44,-0.181051403,0.0834977552,-0.161368281,0.217099234,-0.0386940688,-0.0298435371,-0.110526957,-0.0673194677,0.0465114415,0.529235959,-0.328587234,0.0176272392,-0.0352416746,0.0496364459,-0.0218487885,0.188365355,0.353789508,0.0121236974,0.83448261,0.0794003159,-0.117579222,0.139118224,0.473650664,-0.280815572,0.0116532743,0.971551716,-0.133925915,-0.0215664655,-0.0114107747,0.337471336,0.488292366,-0.178125843,0.0535753705,-0.503283799,0.153355882,-0.957196474,0.999633253,-0.271427453,2.423522,0.113931946,-0.413068742,-0.195916995,0.22103025,0.142319724,-0.541619003,-0.51008141,-0.0804505423,-0.381106317,0.0957499817,-0.293514162,0.11783614,-0.175191551,0.374602079,0.351756692,-0.0493660532,0.415877968,-0.376479089,-0.126491711,0.0572565496,0.222175434,-0.275547445,0.284422398,0.222647473,0.17908372,-0.317040175,-0.0163439438,0.0286200643,0.602848589,-0.343568683,-0.020436747,-0.0553144403,0.180040553,-0.0621971525,0.132598624,0.302273571,-0.00748387584,0.782359004,0.0870408341,-0.136924624,0.138979375,0.567657351,-0.353868812,0.00856117532,0.977403402,-0.122908577,-0.0296641383,-0.0185744613,0.057256557,0.222175434,-0.275547445,0.284422398,0.222647473,0.17908372,-0.317040175,-0.0163439438,0.0286200643,0.602848589,-0.343568683,-0.020436747,-0.0553144403,0.180040553,-0.0621971525,0.132598624,0.302273571,-0.00748387584,0.782359004,0.0870408341,-0.136924624,0.138979375,0.567657351,-0.353868812,0.00856117532,0.977403402,-0.122908577,-0.0296641402,-0.0185744613,0.0572565496,0.222175434,-0.275547445,0.284422398,0.222647473,0.17908372,-0.317040175,-0.0163439438,0.0286200643,0.602848589,-0.343568683,-0.020436747,-0.0553144403,0.180040553,-0.0621971525,0.132598624,0.302273571,-0.00748387584,0.782359004,0.0870408341,-0.136924624,0.138979375,0.567657351,-0.353868812,0.00856117532,0.977403402,-0.122908577,-0.0296641383,-0.0185744613
0.637925484,3179260.88,0,0,0.0173253259,4.16999683e-06,0.451320529,0.159990974,0,1,-0.494504035,0.00471845409,0.00695891073,0.869134665,-0.505483985,0.166019619,-0.277385384,2.24207754e-44,-2.24207754e-44,-2.24207754e-44,-0.177969486,0.0883161649,-0.162347272,0.216687307,-0.0429368913,-0.0253617615,-0.12392246,-0.0570412315,0.044247333,0.558397889,-0.329147726,0.0109200003,-0.036615245,0.0514926575,-0.0215519145,0.182955742,0.347380161,0.0115394043,0.830333412,0.0801926404,-0.120315686,0.139751881,0.472544819,-0.277707785,0.0154576842,0.970715046,-0.130878448,-0.0250314474,-0.0123409033,0.338404685,0.486030251,-0.0974703804,-0.0950398147,-0.381603062,0.579425991,-1.42741609,1.04584074,-0.266100436,2.97954035,-0.0618525967,-0.673276782,-0.151778311,0.192251772,0.0272289272,-0.556368351,-0.731682837,-0.057828214,-0.424912006,0.0676426813,-0.256683737,0.0386924632,-0.0779350922,0.264489889,0.37925595,-0.106412016,0.236812904,-0.319344103,-0.0705963075,0.0572565496,0.222175434,-0.275547445,0.284422398,0.222647473,0.17908372,-0.317040175,-0.0163439438,0.0286200643,0.602848589,-0.343568683,-0.020436747,-0.0553144403,0.180040553,-0.0621971525,0.132598624,0.302273571,-0.00748387584,0.782359004,0.0870408341,-0.136924624,0.138979375,0.567657351,-0.353868812,0.00856117532,0.977403402,-0.122908577,-0.0296641383,-0.0185744613,0.057256557,0.222175434,-0.275547445,0.284422398,0.222647473,0.17908372,-0.317040175,-0.0163439438,0.0286200643,0.602848589,-0.343568683,-0.020436747,-0.0553144403,0.180040553,-0.0621971525,0.132598624,0.302273571,-0.00748387584,0.782359004,0.0870408341,-0.136924624,0.138979375,0.567657351,-0.353868812,0.00856117532,0.977403402,-0.122908577,-0.0296641402,-0.0185744613,0.0572565496,0.222175434,-0.275547445,0.284422398,0.222647473,0.17908372,-0.317040175,-0.0163439438,0.0286200643,0.602848589,-0.343568683,-0.020436747,-0.0553144403,0.180040553,-0.0621971525,0.132598624,0.302273571,-0.00748387584,0.782359004,0.0870408341,-0.136924624,0.138979375,0.567657351,-0.353868812,0.00856117532,0.977403402,-0.122908577,-0.0296641383,-0.0185744613
0.647925778,3179260.89,0,0,0.00730953226,4.26126644e-06,0.488734812,0.149580184,0.091613248,1,-0.493598968,0.00563527411,0.0043868213,0.869660318,-0.516402721,0.0958305374,-0.232054576,2.24207754e-44,-2.24207754e-44,-2.24207754e-44,-0.17370522,0.0932393074,-0.164414525,0.215112135,-0.0460982732,-0.019018013,-0.137140363,-0.0464012101,0.0402579606,0.584679723,-0.329935491,0.00539904134,-0.0390764549,0.0538326018,-0.0207168683,0.177033976,0.338843524,0.0106180394,0.826188922,0.0807557926,-0.122519769,0.139922917,0.472137451,-0.275744796,0.0188403279,0.969621956,-0.129278317,-0.0276227985,-0.0127556697,0.460002512,0.474365443,-0.233580783,-0.234794393,-0.228325829,0.658950865,-1.426929,1.0478723,-0.408183932,2.68580723,-0.262071699,-0.615983665,-0.242966115,0.204974219,0.0642458349,-0.601046503,-0.909199595,-0.0992107019,-0.43130818,0.0647497922,-0.189080089,-0.00654386776,-0.0228573065,0.160424083,0.333027124,-0.0982348919,0.112306841,-0.201627344,-0.0203219969,0.0966852009,0.237064376,-0.280082464,0.294398367,0.314260721,0.194658577,-0.379144013,-0.0281931721,0.0312939882,0.663378835,-0.376317888,-0.0410830453,-0.0663166791,0.193888471,-0.0724249333,0.102052167,0.313162327,0.000381195452,0.765709996,0.0899292827,-0.138674766,0.134432077,0.581236839,-0.350280523,0.0157853831,0.982791364,-0.125016108,-0.0250765402,-0.0118878316,0.0966852084,0.237064376,-0.280082464,0.294398367,0.314260721,0.194658577,-0.379144013,-0.0281931721,0.0312939845,0.663378835,-0.376317888,-0.0410830453,-0.0663166791,0.193888471,-0.0724249333,0.102052167,0.313162327,0.000381195685,0.765709996,0.0899292827,-0.138674766,0.134432077,0.581236839,-0.350280523,0.0157853812,0.982791364,-0.125016108,-0.025076542,-0.0118878316,0.0966852009,0.237064376,-0.280082464,0.294398367,0.314260721,0.194658577,-0.379144013,-0.0281931721,0.0312939882,0.663378835,-0.376317888,-0.0410830453,-0.0663166791,0.193888471,-0.0724249333,0.102052167,0.313162327,0.000381195452,0.765709996,0.0899292827,-0.138674766,0.134432077,0.581236839,-0.350280523,0.0157853831,0.982791364,-0.125016108,-0.0250765402,-0.0118878316
0.657925779,3179260.9,0,0,0.017309533,4.41074371e-06,0.526220024,0.149580184,0,1,-0.492046326,0.00599817978,0.00223762775,0.870545447,-0.382286519,0.126192629,-0.359083503,2.24207754e-44,-2.24207754e-44,-2.24207754e-44,-0.16892834,0.0971998349,-0.16689761,0.211316228,-0.046496518,-0.0121302838,-0.155336142,-0.0368165746,0.0367732048,0.616709292,-0.335994035,-0.00257695443,-0.0409418009,0.0546194129,-0.0208039731,0.171060145,0.329395115,0.00987718441,0.821238637,0.0817659348,-0.123915255,0.139347419,0.472011179,-0.274585128,0.0224719867,0.968781888,-0.128626823,-0.0287040174,-0.0126187233,0.51576215,0.354273707,-0.332284003,-0.429358274,0.0453470461,0.710564137,-1.88977516,0.910612285,-0.389945447,3.21406269,-0.572007179,-0.757490933,-0.224136651,0.0452570803,0.0114221461,-0.614785194,-0.978621066,-0.0747356936,-0.509539247,0.111375615,-0.116306797,-0.0783732235,-0.00816633739,0.0788059533,0.358032227,-0.0757342204,0.0438361503,-0.065891616,0.0301453732,0.0966852009,0.237064376,-0.280082464,0.294398367,0.314260721,0.194658577,-0.379144013,-0.0281931721,0.0312939882,0.663378835,-0.376317888,-0.0410830453,-0.0663166791,0.193888471,-0.0724249333,0.102052167,0.313162327,0.000381195452,0.765709996,0.0899292827,-0.138674766,0.134432077,0.581236839,-0.350280523,0.0157853831,0.982791364,-0.125016108,-0.0250765402,-0.0118878316,0.0966852084,0.237064376,-0.280082464,0.294398367,0.314260721,0.194658577,-0.379144013,-0.0281931721,0.0312939845,0.663378835,-0.376317888,-0.0410830453,-0.0663166791,0.193888471,-0.0724249333,0.102052167,0.313162327,0.000381195685,0.765709996,0.0899292827,-0.138674766,0.134432077,0.581236839,-0.350280523,0.0157853812,0.982791364,-0.125016108,-0.025076542,-0.0118878316,0.0966852009,0.237064376,-0.280082464,0.294398367,0.314260721,0.194658577,-0.379144013,-0.0281931721,0.0312939882,0.663378835,-0.376317888,-0.0410830453,-0.0663166791,0.193888471,-0.0724249333,0.102052167,0.313162327,0.000381195452,0.765709996,0.0899292827,-0.138674766,0.134432077,0.581236839,-0.350280523,0.0157853831,0.982791364,-0.125016108,-0.0250765402,-0.0118878316
0.668925188,3179260.91,0,0,0.00831744773,4.01167199e-06,0.567248821,0.140151009,0.0645869374,1,-0.490612984,0.00672899047,0.000500807539,0.87135148,-0.342926115,0.0256419238,-0.370092899,2.24207754e-44,-2.24207754e-44,-2.24207754e-44,-0.162860364,0.100328669,-0.172154412,0.206681505,-0.045466654,-0.00442641368,-0.173319489,-0.028111307,0.0321208574,0.645060897,-0.34059912,-0.00916750263,-0.0439282469,0.055053737,-0.0199483261,0.164427966,0.319179446,0.00875595491,0.816295385,0.082881622,-0.124863498,0.138373181,0.472112179,-0.274188757,0.0253278557,0.968242943,-0.128348917,-0.0289175212,-0.0121389013,0.664612055,0.279331237,-0.614325762,-0.532996833,0.169413865,0.783541799,-1.85208321,0.826729953,-0.459483892,2.76823854,-0.606797874,-0.682722926,-0.277733356,0.00752049126,0.0878396183,-0.681067586,-1.02687025,-0.132512733,-0.512104869,0.134945676,-0.0738509521,-0.140084505,0.0421021841,0.0219428204,0.24795492,-0.0685740635,0.0178518184,0.0493167602,0.0946478099,0.107354969,0.249734536,-0.278939068,0.290045351,0.378847659,0.196295932,-0.410089791,-0.045688808,0.0337685496,0.709661722,-0.409569442,-0.0546629913,-0.0694839507,0.210422099,-0.0766406208,0.0915226489,0.333080024,0.00827103853,0.751297116,0.095217213,-0.138217166,0.128342748,0.594182134,-0.339349866,0.0222458784,0.97907722,-0.130058542,-0.0117936265,-0.00285828998,0.107354976,0.249734536,-0.278939068,0.290045351,0.378847659,0.196295932,-0.410089821,-0.045688808,0.0337685496,0.709661722,-0.409569442,-0.0546629913,-0.0694839507,0.210422099,-0.0766406208,0.0915226489,0.333080024,0.00827103853,0.751297116,0.095217213,-0.138217166,0.128342748,0.594182134,-0.339349866,0.0222458802,0.97907722,-0.130058542,-0.0117936255,-0.00285828998,0.107354969,0.249734536,-0.278939068,0.290045351,0.378847659,0.196295932,-0.410089791,-0.045688808,0.0337685496,0.709661722,-0.409569442,-0.0546629913,-0.0694839507,0.210422099,-0.0766406208,0.0915226489,0.333080024,0.00827103853,0.751297116,0.095217213,-0.138217166,0.128342748,0.594182134,-0.339349866,0.0222458784,0.97907722,-0.130058542,-0.0117936265,-0.00285828998
0.678925329,3179260.92,0,0,0.0183175891,4.11411747e-06,0.604107738,0.140151009,0,1,-0.487973601,0.00730216224,-0.000958953693,0.872827291,-0.346107155,0.0230653863,-0.726384699,2.24207754e-44,-2.24207754e-44,-2.24207754e-44,-0.154326946,0.102262273,-0.185949653,0.198374867,-0.0455911681,0.0100946566,-0.194488004,-0.0199765973,0.0284300558,0.674672544,-0.350336969,-0.016861558,-0.0450005159,0.0549708083,-0.019598851,0.157957435,0.309103817,0.00732015306,0.810139537,0.0849164575,-0.1252819,0.135940984,0.473307967,-0.274553627,0.0275673419,0.966591775,-0.128290147,-0.0267958883,-0.00995606836,1.00575852,0.167999089,-2.02675891,-1.0100441,-0.199944988,1.88009214,-2.17193484,0.844469249,-0.358619153,2.85498524,-0.949857771,-0.723888934,-0.0395567417,0.045393806,0.0425663888,-0.624199808,-1.00775743,-0.157622561,-0.663685441,0.222457036,-0.0295216329,-0.276911408,0.156565189,-0.0937930346,0.197948426,-0.209780335,0.000475531589,0.273242265,0.264125258,0.107354969,0.249734536,-0.278939068,0.290045351,0.378847659,0.196295932,-0.410089791,-0.045688808,0.0337685496,0.709661722,-0.409569442,-0.0546629913,-0.0694839507,0.210422099,-0.0766406208,0.0915226489,0.333080024,0.00827103853,0.751297116,0.095217213,-0.138217166,0.128342748,0.594182134,-0.339349866,0.0222458784,0.97907722,-0.130058542,-0.0117936265,-0.00285828998,0.107354976,0.249734536,-0.278939068,0.290045351,0.378847659,0.196295932,-0.410089821,-0.045688808,0.0337685496,0.709661722,-0.409569442,-0.0546629913,-0.0694839507,0.210422099,-0.0766406208,0.0915226489,0.333080024,0.00827103853,0.751297116,0.095217213,-0.138217166,0.128342748,0.594182134,-0.339349866,0.0222458802,0.97907722,-0.130058542,-0.0117936255,-0.00285828998,0.107354969,0.249734536,-0.278939068,0.290045351,0.378847659,0.196295932,-0.410089791,-0.045688808,0.0337685496,0.709661722,-0.409569442,-0.0546629913,-0.0694839507,0.210422099,-0.0766406208,0.0915226489,0.333080024,0.00827103853,0.751297116,0.095217213,-0.138217166,0.128342748,0.594182134,-0.339349866,0.0222458784,0.97907722,-0.130058542,-0.0117936265,-0.00285828998
0.688925833,3179260.93,0,0,0.00832723733,4.34415415e-06,0.640304983,0.131448265,0.0447284579,1,-0.484245837,0.00839593261,-0.00253744517,0.874888003,-0.378601164,-0.0483230203,-0.922539055,2.24207754e-44,-2.24207754e-44,-2.24207754e-44,-0.142821968,0.104765765,-0.2087107,0.187190861,-0.0475917459,0.0249662586,-0.215608522,-0.0114885615,0.0243756976,0.698573351,-0.358275324,-0.0231137611,-0.0452099964,0.0561186336,-0.0188168623,0.152041838,0.299192548,0.00548888138,0.803368628,0.0869058296,-0.125641853,0.133148253,0.475095391,-0.276269823,0.029092906,0.964360118,-0.128393248,-0.023709951,-0.00723269349,1.21057355,0.29467988,-2.23647094,-1.17878032,-0.117249593,1.09864771,-2.08785963,0.79804194,-0.433713257,2.07837677,-0.789574027,-0.594801009,-0.0167411547,0.120752349,0.069282271,-0.562585473,-0.965406239,-0.191324323,-0.681870162,0.1579016,-0.0357742198,-0.31944406,0.216160595,-0.208697796,0.120993011,-0.285431534,-0.0399463549,0.421367317,0.304439664,0.0733706355,0.236369565,-0.269742966,0.267036378,0.423576117,0.178410202,-0.397778511,-0.0739279464,0.0451550931,0.71641016,-0.42330578,-0.0596293397,-0.0720000118,0.247605339,-0.0693964213,0.0889300555,0.343256891,0.0135191772,0.745984435,0.0899637043,-0.135544479,0.1187215,0.613787889,-0.323472142,0.027266847,0.967109084,-0.137846053,0.0104357805,0.0067639146,0.073370643,0.236369565,-0.269742966,0.267036378,0.423576117,0.178410202,-0.397778511,-0.0739279464,0.0451550968,0.71641016,-0.42330578,-0.0596293397,-0.0720000118,0.247605339,-0.0693964213,0.0889300555,0.343256891,0.0135191772,0.745984435,0.0899637043,-0.135544479,0.118721493,0.613787889,-0.323472142,0.0272668451,0.967109084,-0.137846053,0.0104357805,0.00676391413,0.0733706355,0.236369565,-0.269742966,0.267036378,0.423576117,0.178410202,-0.397778511,-0.0739279464,0.0451550931,0.71641016,-0.42330578,-0.0596293397,-0.0720000118,0.247605339,-0.0693964213,0.0889300555,0.343256891,0.0135191772,0.745984435,0.0899637043,-0.135544479,0.1187215,0.613787889,-0.323472142,0.027266847,0.967109084,-0.137846053,0.0104357805,0.0067639146
0.698926031,3179260.94,0,0,0.018327435,4.80609015e-06,0.675611019,0.131448265,0,1,-0.479911,0.00928722881,-0.00368942972,0.877260268,-0.244617909,-0.0485614613,-1.01572895,2.24207754e-44,-2.24207754e-44,-2.24207754e-44,-0.130617395,0.107683584,-0.227398992,0.175167859,-0.0469780974,0.0313277729,-0.236307532,-0.00538648944,0.0197770391,0.714916408,-0.367125064,-0.0288460925,-0.0457167625,0.056724567,-0.0186745878,0.14687039,0.290174395,0.00364020397,0.796630085,0.0877747387,-0.125851825,0.128766865,0.478220284,-0.278657645,0.0298459511,0.95964855,-0.129535541,-0.0165132694,-0.00331849069,1.21751142,0.27756381,-1.62585294,-1.15525532,0.107882619,0.508182466,-2.02743173,0.495709628,-0.467366785,1.31625485,-0.860052645,-0.528032064,-0.0867401585,0.0308400411,0.00447455281,-0.500467479,-0.860172987,-0.188096628,-0.65198642,0.0550471805,-0.0149010168,-0.469024748,0.356091321,-0.262212604,0.0489980876,-0.534430921,-0.139493063,0.812862992,0.407254428,0.0733706355,0.236369565,-0.269742966,0.267036378,0.423576117,0.178410202,-0.397778511,-0.0739279464,0.0451550931,0.71641016,-0.42330578,-0.0596293397,-0.0720000118,0.247605339,-0.0693964213,0.0889300555,0.343256891,0.0135191772,0.745984435,0.0899637043,-0.135544479,0.1187215,0.613787889,-0.323472142,0.027266847,0.967109084,-0.137846053,0.0104357805,0.0067639146,0.073370643,0.236369565,-0.269742966,0.267036378,0.423576117,0.178410202,-0.397778511,-0.0739279464,0.0451550968,0.71641016,-0.42330578,-0.0596293397,-0.0720000118,0.247605339,-0.0693964213,0.0889300555,0.343256891,0.0135191772,0.745984435,0.0899637043,-0.135544479,0.118721493,0.613787889,-0.323472142,0.0272668451,0.967109084,-0.137846053,0.0104357805,0.00676391413,0.0733706355,0.236369565,-0.269742966,0.267036378,0.423576117,0.178410202,-0.397778511,-0.0739279464,0.0451550931,0.71641016,-0.42330578,-0.0596293397,-0.0720000118,0.247605339,-0.0693964213,0.0889300555,0.343256891,0.0135191772,0.745984435,0.0899637043,-0.135544479,0.1187215,0.613787889,-0.323472142,0.027266847,0.967109084,-0.137846053,0.0104357805,0.0067639146
0.708957857,3179260.95,0,0,0.00828402676,2.32500024e-05,0.709914684,0.203839038,0.0795517191,1,-0.475377053,0.0100646419,-0.00422789576,0.879714429,-0.133578777,-0.101242073,-0.987675369,2.24207754e-44,-2.24207754e-44,-2.24207754e-44,-0.11885678,0.11001046,-0.239928633,0.16529505,-0.0458350927,0.0357940048,-0.255504698,-0.00190841057,0.0155110396,0.722924232,-0.374588966,-0.0332671255,-0.0472233444,0.0566739216,-0.0186311211,0.141858563,0.282252461,0.00152101496,0.790801287,0.0879898816,-0.125961274,0.124354951,0.482259333,-0.281615287,0.0301420745,0.954367042,-0.131056637,-0.00849154778,0.000313568482,1.1312902,0.191689059,-1.02639914,-0.863502026,0.164079666,0.30148685,-1.75392902,0.248957232,-0.377802849,0.249665782,-0.608603001,-0.343556195,-0.217132196,-0.0198079795,0.0047319564,-0.518820703,-0.746317446,-0.251294732,-0.520851195,-0.0335190594,-0.00729621761,-0.444093615,0.4639422,-0.308764696,0.0249503739,-0.569795191,-0.215831429,0.904725075,0.344899982,-0.00618108362,0.208435372,-0.266423404,0.236848742,0.423853517,0.148741692,-0.336087286,-0.105542764,0.0713096857,0.665977836,-0.414008468,-0.0462917238,-0.0614586286,0.281967998,-0.0469012707,0.0999139845,0.348905653,0.0103469156,0.747055292,0.0756048188,-0.131163627,0.111508936,0.611459613,-0.303250968,0.0374784321,0.950245738,-0.150381118,0.0405786298,0.013202535,-0.00618108362,0.208435372,-0.266423404,0.236848742,0.423853517,0.148741692,-0.336087286,-0.105542764,0.0713096857,0.665977836,-0.414008468,-0.0462917238,-0.0614586286,0.281967998,-0.0469012707,0.0999139845,0.348905653,0.0103469156,0.747055292,0.0756048188,-0.131163627,0.111508936,0.611459613,-0.303250968,0.0374784321,0.950245738,-0.150381118,0.0405786298,0.0132025359,-0.00618108362,0.208435372,-0.266423404,0.236848742,0.423853517,0.148741692,-0.336087286,-0.105542764,0.0713096857,0.665977836,-0.414008468,-0.0462917238,-0.0614586286,0.281967998,-0.0469012707,0.0999139845,0.348905653,0.0103469156,0.747055292,0.0756048188,-0.131163627,0.111508936,0.611459613,-0.303250968,0.0374784321,0.950245738,-0.150381118,0.0405786298,0.013202535
0.719925976,3179260.96,0,0,0.0192521461,4.5131892e-06,0.745896697,0.203839038,0,1,-0.470910966,0.0109371459,-0.00397639116,0.88210398,0.0587617792,-0.15318957,-0.807636797,2.24207754e-44,-2.24207754e-44,-2.24207754e-44,-0.106598504,0.110743478,-0.248269036,0.157656699,-0.0421560556,0.0359853879,-0.271645516,-0.00110447442,0.013434995,0.711626291,-0.379510969,-0.035244748,-0.0508452468,0.0559359416,-0.0186874643,0.134671614,0.274354935,-0.00279735914,0.785965145,0.0860054418,-0.125967517,0.118506342,0.489926249,-0.285038054,0.030449206,0.94596678,-0.135847807,0.00640905369,0.00435500406,0.94619137,-0.0572094843,-0.441026181,-0.474934757,0.354841024,-0.0188653134,-1.1867106,-0.0735144541,0.00878143217,-1.44934893,-0.418639272,-0.0904392675,-0.291621506,-0.127980337,-0.0204243232,-0.654750586,-0.58776468,-0.411268234,-0.342864394,-0.203107193,0.00228156918,-0.474600941,0.740910828,-0.257376254,0.024088202,-0.693980694,-0.442504108,1.29189992,0.304077178,-0.00618108362,0.208435372,-0.266423404,0.236848742,0.423853517,0.148741692,-0.336087286,-0.105542764,0.0713096857,0.665977836,-0.414008468,-0.0462917238,-0.0614586286,0.281967998,-0.0469012707,0.0999139845,0.348905653,0.0103469156,0.747055292,0.0756048188,-0.131163627,0.111508936,0.611459613,-0.303250968,0.0374784321,0.950245738,-0.150381118,0.0405786298,0.013202535,-0.00618108362,0.208435372,-0.266423404,0.236848742,0.423853517,0.148741692,-0.336087286,-0.105542764,0.0713096857,0.665977836,-0.414008468,-0.0462917238,-0.0614586286,0.281967998,-0.0469012707,0.0999139845,0.348905653,0.0103469156,0.747055292,0.0756048188,-0.131163627,0.111508936,0.611459613,-0.303250968,0.0374784321,0.950245738,-0.150381118,0.0405786298,0.0132025359,-0.00618108362,0.208435372,-0.266423404,0.236848742,0.423853517,0.148741692,-0.336087286,-0.105542764,0.0713096857,0.665977836,-0.414008468,-0.0462917238,-0.0614586286,0.281967998,-0.0469012707,0.0999139845,0.348905653,0.0103469156,0.747055292,0.0756048188,-0.131163627,0.111508936,0.611459613,-0.303250968,0.0374784321,0.950245738,-0.150381118,0.0405786298,0.013202535
0.730925399,3179260.97,0,0,0.010296315,4.12715599e-06,0.780134916,0.187911093,0.121621244,1,-0.467058718,0.0114533398,-0.00258764881,0.884148359,0.167980209,-0.212876037,-0.595484734,2.24207754e-44,-2.24207754e-44,-2.24207754e-44,-0.0965913385,0.108297691,-0.250777453,0.154813901,-0.0374851786,0.0343328975,-0.282616645,-0.00367245823,0.0171067044,0.685406804,-0.382867277,-0.0345565677,-0.0539288223,0.053857021,-0.0190098621,0.125767887,0.268294215,-0.00862712692,0.782866895,0.0825054944,-0.125729546,0.113510743,0.500145435,-0.287739187,0.0313827395,0.939079702,-0.142357722,0.0217941292,0.00698100962,0.743479311,-0.261133581,-0.103837416,-0.049945984,0.415623069,-0.356012553,-0.477218568,-0.241575375,0.568035185,-3.2868619,0.0234068707,0.268375605,-0.239941195,-0.124480292,-0.0239696074,-0.833966315,-0.465926945,-0.608843148,-0.155229747,-0.477904499,0.0527237244,-0.393259227,0.953767717,-0.21328558,0.185583532,-0.506580651,-0.787203014,1.46119666,0.143880323,-0.127802327,0.176603973,-0.257227033,0.197227478,0.354429007,0.115835302,-0.232934356,-0.122153237,0.100307241,0.583286524,-0.388945967,-0.021490667,-0.0334482305,0.299218714,-0.00971796829,0.135800108,0.354012489,0.0017001424,0.764722466,0.0599076152,-0.124109827,0.108449757,0.565709114,-0.290628314,0.0536545888,0.935213089,-0.172902569,0.0672741607,0.0133064259,-0.127802327,0.176603973,-0.257227033,0.197227478,0.354429007,0.115835302,-0.232934356,-0.122153237,0.100307241,0.583286524,-0.388945967,-0.021490667,-0.0334482305,0.299218714,-0.00971796829,0.135800108,0.354012489,0.0017001424,0.764722466,0.0599076152,-0.124109827,0.10844975,0.565709114,-0.290628314,0.0536545925,0.935213089,-0.172902569,0.0672741607,0.0133064268,-0.127802327,0.176603973,-0.257227033,0.197227478,0.354429007,0.115835302,-0.232934356,-0.122153237,0.100307241,0.583286524,-0.388945967,-0.021490667,-0.0334482305,0.299218714,-0.00971796829,0.135800108,0.354012489,0.0017001424,0.764722466,0.0599076152,-0.124109827,0.108449757,0.565709114,-0.290628314,0.0536545888,0.935213089,-0.172902569,0.0672741607,0.0133064259
0.740929059,3179260.98,0,0,0.00030892482,5.70481643e-06,0.809470713,0.179272611,0.132437453,1,-0.464753866,0.0116865104,-0.000919845013,0.885362327,0.356233418,-0.175398141,-0.494798988,2.24207754e-44,-2.24207754e-44,-2.24207754e-44,-0.0904205143,0.104114488,-0.250589132,0.156044468,-0.0332873538,0.0309668183,-0.285161823,-0.00727758557,0.0263035372,0.646971226,-0.382582337,-0.0321031921,-0.0552915037,0.0520734712,-0.0197941698,0.116853945,0.26429984,-0.0152867408,0.781853199,0.0769862905,-0.125063553,0.110018887,0.510508001,-0.289333045,0.0341753513,0.935645521,-0.151140571,0.0366032682,0.00787111092,0.538031399,-0.542090237,0.0978737175,0.222066984,0.424269974,-0.291790992,-0.200842544,-0.47374472,1.12380803,-3.92912912,0.00499874353,0.198371097,-0.0749897733,-0.241465196,-0.108227722,-0.904704928,-0.351225972,-0.661332488,-0.0970673561,-0.545974076,0.0654164031,-0.31202814,1.06498802,-0.116900943,0.3199175,-0.221686453,-0.86215961,1.41986334,0.0653349385,-0.127802327,0.176603973,-0.257227033,0.197227478,0.354429007,0.115835302,-0.232934356,-0.122153237,0.100307241,0.583286524,-0.388945967,-0.021490667,-0.0334482305,0.299218714,-0.00971796829,0.135800108,0.354012489,0.0017001424,0.764722466,0.0599076152,-0.124109827,0.108449757,0.565709114,-0.290628314,0.0536545888,0.935213089,-0.172902569,0.0672741607,0.0133064259,-0.26023978,0.142546713,-0.234743491,0.125457317,0.234015867,0.0847908333,-0.109872863,-0.118554905,0.113525316,0.518242717,-0.358408928,-0.00620386424,-0.00686394051,0.279708266,0.0298384726,0.1895805,0.374091625,-0.0056025763,0.792991161,0.0475045294,-0.112059258,0.110699803,0.496569753,-0.290532261,0.0621017255,0.930708885,-0.18188557,0.0837291926,0.0108467843,-0.26023978,0.142546713,-0.234743491,0.125457317,0.234015867,0.0847908333,-0.109872863,-0.118554905,0.113525316,0.518242717,-0.358408928,-0.00620386424,-0.00686394004,0.279708266,0.0298384726,0.1895805,0.374091625,-0.0056025763,0.792991161,0.0475045294,-0.112059258,0.110699803,0.496569753,-0.290532261,0.0621017218,0.930708885,-0.18188557,0.0837291926,0.0108467843
0.751925461,3179260.99,0,0,0.0113053266,4.28594649e-06,0.8395437,0.179272611,0,1,-0.463030756,0.0117189381,0.00138726924,0.886263669,0.41651994,-0.246662676,-0.316217303,2.24207754e-44,-2.24207754e-44,-2.24207754e-44,-0.0846990868,0.0981910676,-0.247383788,0.157931969,-0.0287329294,0.0266515259,-0.283297092,-0.0129421018,0.0401582718,0.601375937,-0.37983647,-0.0285041146,-0.0555511601,0.0497199185,-0.0205745678,0.10800577,0.261576951,-0.0226380657,0.781140685,0.0706813261,-0.123776257,0.107838042,0.520904899,-0.290112346,0.0383021533,0.935483754,-0.159642935,0.0511839315,0.00826797541,0.615480125,-0.602757573,0.484785944,0.127447471,0.469121575,-0.520287395,0.495765626,-0.615260482,1.55210149,-5.06576014,0.450401038,0.469179571,0.0046634879,-0.213921905,-0.0609133393,-0.858049035,-0.214981675,-0.802826762,-0.0431672037,-0.703984022,0.181704447,-0.15269953,1.00549912,-0.0553902909,0.482832223,0.140118659,-0.848262846,1.50900102,0.0244390145,-0.26023978,0.142546713,-0.234743491,0.125457317,0.234015867,0.0847908333,-0.109872863,-0.118554905,0.113525316,0.518242717,-0.358408928,-0.00620386424,-0.00686394004,0.279708266,0.0298384726,0.1895805,0.374091625,-0.0056025763,0.792991161,0.0475045294,-0.112059258,0.110699803,0.496569753,-0.290532261,0.0621017218,0.930708885,-0.18188557,0.0837291926,0.0108467843,-0.26023978,0.142546713,-0.234743491,0.125457317,0.234015867,0.0847908333,-0.109872863,-0.118554905,0.113525316,0.518242717,-0.358408928,-0.00620386424,-0.00686394051,0.279708266,0.0298384726,0.1895805,0.374091625,-0.0056025763,0.792991161,0.0475045294,-0.112059258,0.110699803,0.496569753,-0.290532261,0.0621017255,0.930708885,-0.18188557,0.0837291926,0.0108467843,-0.26023978,0.142546713,-0.234743491,0.125457317,0.234015867,0.0847908333,-0.109872863,-0.118554905,0.113525316,0.518242717,-0.358408928,-0.00620386424,-0.00686394004,0.279708266,0.0298384726,0.1895805,0.374091625,-0.0056025763,0.792991161,0.0475045294,-0.112059258,0.110699803,0.496569753,-0.290532261,0.0621017218,0.930708885,-0.18188557,0.0837291926,0.0108467843
0.761926408,3179261,0,0,0.00126633933,4.54997644e-06,0.864771128,0.189377926,0.0955291688,1,-0.461972922,0.0113130864,0.00399900181,0.886812866,0.549742043,-0.109771289,-0.196196467,2.24207754e-44,-2.24207754e-44,-2.24207754e-44,-0.0794931799,0.0910724178,-0.241433874,0.159048557,-0.0244709942,0.022475671,-0.27825442,-0.0208619963,0.0568890907,0.553043723,-0.37704578,-0.0246575531,-0.0549198762,0.0472182781,-0.0221455563,0.100357153,0.260255307,-0.0303101353,0.78083539,0.0641771927,-0.121942677,0.106867194,0.530496299,-0.2902821,0.0436557233,0.938845038,-0.166956186,0.0651280656,0.00841965247,0.439631701,-0.787295938,0.626747906,0.114729799,0.390602976,-0.356823593,0.437928885,-0.922354341,1.69726479,-4.48088789,0.171934843,0.329699844,0.0894935206,-0.271289617,-0.217014283,-0.695077956,-0.0836746469,-0.708515227,-0.0327602625,-0.58458972,0.169900775,-0.0693276003,0.921396494,0.0107597113,0.544306755,0.446517825,-0.635716021,1.28013253,0.0114431418,-0.325532794,0.112125203,-0.228131711,0.0715814233,0.138486698,0.0588044673,-0.048830647,-0.081596978,0.101929754,0.514010072,-0.339244127,0.00229311315,0.0106320148,0.223013923,0.0566781946,0.230735987,0.40744397,-0.0144884195,0.810875118,0.0374384075,-0.10238263,0.114054471,0.442585498,-0.294672191,0.0591332242,0.938744545,-0.168044001,0.0852802619,0.00803088397,-0.325532794,0.112125203,-0.228131711,0.0715814233,0.138486698,0.0588044673,-0.048830647,-0.081596978,0.101929754,0.514010072,-0.339244127,0.00229311315,0.0106320148,0.223013923,0.0566781946,0.230735987,0.40744397,-0.0144884195,0.810875118,0.0374384075,-0.10238263,0.114054471,0.442585498,-0.294672191,0.0591332279,0.938744545,-0.168044001,0.0852802619,0.00803088397,-0.325532794,0.112125203,-0.228131711,0.0715814233,0.138486698,0.0588044673,-0.048830647,-0.081596978,0.101929754,0.514010072,-0.339244127,0.00229311315,0.0106320148,0.223013923,0.0566781946,0.230735987,0.40744397,-0.0144884195,0.810875118,0.0374384075,-0.10238263,0.114054471,0.442585498,-0.294672191,0.0591332242,0.938744545,-0.168044001,0.0852802619,0.00803088397
0.772926016,3179261.01,0,0,0.0122659472,4.3110922e-06,0.890046358,0.189377926,0,1,-0.461413056,0.0104082841,0.00674860179,0.88709873,0.556402624,-0.118155971,-0.105126172,2.24207754e-44,-2.24207754e-44,-2.24207754e-44,-0.0750185922,0.0829764754,-0.235251844,0.158906236,-0.0216664765,0.0186658725,-0.274377853,-0.0313205123,0.0731480569,0.514886618,-0.374801874,-0.0211887099,-0.0537029542,0.0446881652,-0.0240525007,0.094502598,0.260371953,-0.0368696377,0.780337751,0.0586862713,-0.120206647,0.106469944,0.538274467,-0.289646953,0.0485659949,0.945503116,-0.171216354,0.0758192837,0.00849657878,0.539598167,-0.770749867,0.615624845,-0.205024198,0.17911531,-0.444264412,0.424098283,-1.07273281,1.57237887,-3.43163395,0.363693446,0.403016001,0.160670161,-0.224211723,-0.128465667,-0.507798791,0.11133258,-0.691706896,-0.0575923845,-0.593236864,0.205054909,-0.0223061722,0.629368246,0.107266165,0.438975722,0.88533473,-0.259078175,0.932153583,0.00463962834,-0.325532794,0.112125203,-0.228131711,0.0715814233,0.138486698,0.0588044673,-0.048830647,-0.081596978,0.101929754,0.514010072,-0.339244127,0.00229311315,0.0106320148,0.223013923,0.0566781946,0.230735987,0.40744397,-0.0144884195,0.810875118,0.0374384075,-0.10238263,0.114054471,0.442585498,-0.294672191,0.0591332242,0.938744545,-0.168044001,0.0852802619,0.00803088397,-0.325532794,0.112125203,-0.228131711,0.0715814233,0.138486698,0.0588044673,-0.048830647,-0.081596978,0.101929754,0.514010072,-0.339244127,0.00229311315,0.0106320148,0.223013923,0.0566781946,0.230735987,0.40744397,-0.0144884195,0.810875118,0.0374384075,-0.10238263,0.114054471,0.442585498,-0.294672191,0.0591332279,0.938744545,-0.168044001,0.0852802619,0.00803088397,-0.325532794,0.112125203,-0.228131711,0.0715814233,0.138486698,0.0588044673,-0.048830647,-0.081596978,0.101929754,0.514010072,-0.339244127,0.00229311315,0.0106320148,0.223013923,0.0566781946,0.230735987,0.40744397,-0.0144884195,0.810875118,0.0374384075,-0.10238263,0.114054471,0.442585498,-0.294672191,0.0591332242,0.938744545,-0.168044001,0.0852802619,0.00803088397
0.782927425,3179261.02,0,0,0.00231976667,4.74369153e-06,0.910690367,0.167351682,0.0772167891,1,-0.461411983,0.00957642682,0.00915358216,0.887087107,0.46260637,-0.0307485629,0.0731155947,2.24207754e-44,-2.24207754e-44,-2.24207754e-44,-0.0698651597,0.0756816119,-0.2307484,0.155853793,-0.0207590684,0.0142340185,-0.27061829,-0.0424117409,0.0867125317,0.487356097,-0.371259511,-0.0175973382,-0.0522157364,0.0432861559,-0.025411766,0.090962328,0.262630135,-0.0434520133,0.779782832,0.0530830659,-0.118093356,0.106370606,0.542843759,-0.288078398,0.0521253981,0.956215441,-0.17249383,0.0835115239,0.00852667168,0.464776188,-0.70460254,0.321617901,-0.331687331,0.043136932,-0.436490238,0.326179743,-1.13070226,1.18940604,-2.28805304,0.314854503,0.317551225,0.126953855,-0.0786144137,-0.157036796,-0.24769783,0.289690495,-0.604255259,-0.049898982,-0.50861603,0.202207848,-0.00457592495,0.359862208,0.186827436,0.302977324,1.14110351,-0.0687611029,0.674034894,0.0025555701,-0.303861767,0.0868094489,-0.22507751,0.0746903718,0.080380246,0.0478401147,-0.0621433221,-0.0478096455,0.0927438736,0.507659078,-0.337546408,0.0158942714,0.0214973129,0.145797133,0.0705668926,0.243213788,0.416607141,-0.0206417553,0.822139144,0.0342895165,-0.0985470861,0.115614548,0.417447925,-0.301117331,0.0517708361,0.952451468,-0.144157797,0.0734832287,0.00200426951,-0.303861767,0.0868094489,-0.22507751,0.0746903718,0.080380246,0.0478401147,-0.0621433221,-0.0478096455,0.0927438736,0.507659078,-0.337546408,0.0158942714,0.0214973129,0.145797133,0.0705668926,0.243213788,0.416607141,-0.0206417553,0.822139144,0.0342895165,-0.0985470861,0.115614548,0.417447925,-0.301117331,0.0517708398,0.952451468,-0.144157797,0.0734832287,0.00200426928,-0.303861767,0.0868094489,-0.22507751,0.0746903718,0.080380246,0.0478401147,-0.0621433221,-0.0478096455,0.0927438736,0.507659078,-0.337546408,0.0158942714,0.0214973129,0.145797133,0.0705668926,0.243213788,0.416607141,-0.0206417553,0.822139144,0.0342895165,-0.0985470861,0.115614548,0.417447925,-0.301117331,0.0517708361,0.952451468,-0.144157797,0.0734832287,0.00200426951
0.793925291,3179261.03,0,0,0.013317633,4.01120633e-06,0.930754602,0.167351682,0,1,-0.461804777,0.00863073859,0.0112627633,0.88686806,0.319612563,-0.0201997757,0.0664389059,2.24207754e-44,-2.24207754e-44,-2.24207754e-44,-0.0640884191,0.0683573782,-0.227890953,0.151075751,-0.0233149491,0.010246031,-0.267168403,-0.0549632721,0.098915197,0.468548387,-0.367474407,-0.0122205727,-0.0489632003,0.0432184823,-0.0265957154,0.0894568935,0.26780656,-0.0500773452,0.779469192,0.0478393622,-0.11564514,0.106401272,0.54489553,-0.284844011,0.0541908666,0.971882224,-0.168208644,0.0880779028,0.00810428988,0.482423693,-0.531110108,0.178929418,-0.408433169,-0.379821658,-0.279049426,0.281569988,-0.962327123,0.881813765,-1.12366641,0.323697001,0.498467594,0.376140326,0.0493781827,-0.0503391512,-0.0443884395,0.532321036,-0.509924233,-0.0112545714,-0.388056666,0.211909831,0.00612345524,0.038289085,0.324040174,0.091700457,1.39297354,0.654812634,0.194036886,-0.0605500452,-0.303861767,0.0868094489,-0.22507751,0.0746903718,0.080380246,0.0478401147,-0.0621433221,-0.0478096455,0.0927438736,0.507659078,-0.337546408,0.0158942714,0.0214973129,0.145797133,0.0705668926,0.243213788,0.416607141,-0.0206417553,0.822139144,0.0342895165,-0.0985470861,0.115614548,0.417447925,-0.301117331,0.0517708361,0.952451468,-0.144157797,0.0734832287,0.00200426951,-0.303861767,0.0868094489,-0.22507751,0.0746903718,0.080380246,0.0478401147,-0.0621433221,-0.0478096455,0.0927438736,0.507659078,-0.337546408,0.0158942714,0.0214973129,0.145797133,0.0705668926,0.243213788,0.416607141,-0.0206417553,0.822139144,0.0342895165,-0.0985470861,0.115614548,0.417447925,-0.301117331,0.0517708398,0.952451468,-0.144157797,0.0734832287,0.00200426928,-0.303861767,0.0868094489,-0.22507751,0.0746903718,0.080380246,0.0478401147,-0.0621433221,-0.0478096455,0.0927438736,0.507659078,-0.337546408,0.0158942714,0.0214973129,0.145797133,0.0705668926,0.243213788,0.416607141,-0.0206417553,0.822139144,0.0342895165,-0.0985470861,0.115614548,0.417447925,-0.301117331,0.0517708361,0.952451468,-0.144157797,0.0734832287,0.00200426951
0.803925618,3179261.04,0,0,0.00331980688,4.1439198e-06,0.946577847,0.164947007,0.0767437816,1,-0.46248886,0.0080719972,0.0121787759,0.88650471,0.146452904,0.0472428501,0.216806516,2.24207754e-44,-2.24207754e-44,-2.24207754e-44,-0.0601908453,0.0640913323,-0.226961672,0.147707194,-0.0280207004,0.00706551829,-0.264059693,-0.0636513308,0.105320148,0.461107016,-0.364383548,-0.00804941822,-0.0452610031,0.0446644872,-0.0269470159,0.090398483,0.273982227,-0.0538708717,0.779464304,0.0447728112,-0.113679752,0.106482819,0.54402113,-0.281319916,0.0546955317,0.985064864,-0.161261901,0.0890830904,0.00755095854,0.317221701,-0.354892135,0.0522692762,-0.292428434,-0.535354495,-0.343234539,0.335044175,-0.802006781,0.489686936,-0.525724769,0.298038095,0.375313967,0.352969199,0.207838356,-0.0374565162,0.193078637,0.668674707,-0.281888276,0.00856539328,-0.25290069,0.181160107,0.00990998,-0.160200655,0.366158426,0.0321169421,1.23168886,0.666696191,0.0592158847,-0.046772562,-0.227117985,0.0613533892,-0.215123296,0.119897395,0.0656523556,0.0538464934,-0.109000564,-0.0333621427,0.0904065967,0.478102624,-0.337743342,0.0285839178,0.022680372,0.083803013,0.0606494769,0.224316612,0.395172387,-0.0226052571,0.831235707,0.0358453766,-0.104097188,0.120927811,0.419037193,-0.313778043,0.0442806408,0.970465481,-0.121281177,0.053048715,-0.00468807202,-0.227117985,0.0613533892,-0.215123296,0.119897395,0.0656523556,0.0538464934,-0.109000564,-0.0333621427,0.0904065967,0.478102624,-0.337743342,0.0285839178,0.022680372,0.083803013,0.0606494732,0.224316612,0.395172387,-0.0226052571,0.831235707,0.0358453766,-0.104097188,0.120927803,0.419037193,-0.313778043,0.0442806445,0.970465481,-0.121281177,0.0530487113,-0.00468807202,-0.227117985,0.0613533892,-0.215123296,0.119897395,0.0656523556,0.0538464934,-0.109000564,-0.0333621427,0.0904065967,0.478102624,-0.337743342,0.0285839178,0.022680372,0.083803013,0.0606494769,0.224316612,0.395172387,-0.0226052571,0.831235707,0.0358453766,-0.104097188,0.120927811,0.419037193,-0.313778043,0.0442806408,0.970465481,-0.121281177,0.053048715,-0.00468807202
0.813956537,3179261.05,0,0,0.0133507261,2.20602378e-05,0.960145056,0.164947007,0,1,-0.46351096,0.00776150078,0.0124639589,0.88596952,0.0542666912,0.0118398266,0.214412585,2.24207754e-44,-2.24207754e-44,-2.24207754e-44,-0.0576044843,0.0611356944,-0.225881234,0.146685109,-0.035265319,0.0047762352,-0.259329647,-0.0706789643,0.1089532,0.456240416,-0.360975474,-0.00312895933,-0.0409317091,0.0470617339,-0.0266375057,0.0927865654,0.281168878,-0.0553951859,0.781022608,0.0431308262,-0.112555213,0.107449673,0.541120648,-0.27746731,0.0548710823,0.997199595,-0.152538016,0.08685828,0.00639313133,0.223547161,-0.272063047,0.17207177,0.0508350171,-0.862148285,-0.133150801,0.574373186,-0.640440285,0.305065155,-0.523264229,0.365189463,0.568247497,0.510848522,0.238959819,0.0798006803,0.250013947,0.751437426,-0.088891983,0.282363415,-0.108965993,0.0654380694,0.172805563,-0.380328089,0.39661774,0.0104994113,1.22427475,1.05281532,-0.445311666,-0.175149843,-0.227117985,0.0613533892,-0.215123296,0.119897395,0.0656523556,0.0538464934,-0.109000564,-0.0333621427,0.0904065967,0.478102624,-0.337743342,0.0285839178,0.022680372,0.083803013,0.0606494769,0.224316612,0.395172387,-0.0226052571,0.831235707,0.0358453766,-0.104097188,0.120927811,0.419037193,-0.313778043,0.0442806408,0.970465481,-0.121281177,0.053048715,-0.00468807202,-0.227117985,0.0613533892,-0.215123296,0.119897395,0.0656523556,0.0538464934,-0.109000564,-0.0333621427,0.0904065967,0.478102624,-0.337743342,0.0285839178,0.022680372,0.083803013,0.0606494732,0.224316612,0.395172387,-0.0226052571,0.831235707,0.0358453766,-0.104097188,0.120927803,0.419037193,-0.313778043,0.0442806445,0.970465481,-0.121281177,0.0530487113,-0.00468807202,-0.227117985,0.0613533892,-0.215123296,0.119897395,0.0656523556,0.0538464934,-0.109000564,-0.0333621427,0.0904065967,0.478102624,-0.337743342,0.0285839178,0.022680372,0.083803013,0.0606494769,0.224316612,0.395172387,-0.0226052571,0.831235707,0.0358453766,-0.104097188,0.120927811,0.419037193,-0.313778043,0.0442806408,0.970465481,-0.121281177,0.053048715,-0.00468807202
0.824926032,3179261.07,0,0,0.00432240684,4.56813723e-06,0.972397923,0.136684161,0.0954618007,1,-0.464703023,0.00743958028,0.0124157881,0.88534832,0.0037331176,0.0618391894,0.225455463,2.24207754e-44,-2.24207754e-44,-2.24207754e-44,-0.0562345833,0.0582601056,-0.223232552,0.149148926,-0.0475833379,0.00398380123,-0.251619726,-0.077151455,0.111496329,0.450657427,-0.357078403,0.0025285508,-0.0343325101,0.0496718176,-0.0259369481,0.0971501321,0.291049898,-0.0553019345,0.786010683,0.0423778258,-0.112337947,0.110305168,0.535016119,-0.272714138,0.0549388342,1.01000655,-0.140318036,0.0801396444,0.00419483101,0.0513246171,-0.226863995,0.260978401,0.333352745,-1.15729249,0.0213127136,0.697613418,-0.475644827,0.140296221,-0.428904146,0.393904626,0.3975797,0.560735822,0.192812309,0.0725575462,0.430481106,0.84935838,0.11685615,0.520738423,-0.0421070531,-0.0600853972,0.327051818,-0.616645753,0.379790217,0.00373593927,0.969732404,0.99073571,-0.697494447,-0.180301577,-0.131656185,0.0550702363,-0.211452708,0.175469667,0.0991437286,0.0805880055,-0.173051447,-0.0242970064,0.084332183,0.459157109,-0.320675045,0.0263737552,0.0114240851,0.0611300468,0.0246346593,0.170290858,0.367426634,-0.0213473588,0.82302171,0.0355497301,-0.121398516,0.134523153,0.439082682,-0.335179687,0.0398508906,0.990343034,-0.107714184,0.0298166163,-0.0075046001,-0.131656185,0.0550702363,-0.211452708,0.175469667,0.0991437286,0.0805880055,-0.173051447,-0.0242970064,0.084332183,0.459157109,-0.320675045,0.0263737552,0.0114240851,0.0611300468,0.0246346593,0.170290858,0.367426634,-0.0213473588,0.82302171,0.0355497301,-0.121398516,0.134523153,0.439082682,-0.335179687,0.0398508944,0.990343034,-0.107714184,0.0298166163,-0.0075046001,-0.131656185,0.0550702363,-0.211452708,0.175469667,0.0991437286,0.0805880055,-0.173051447,-0.0242970064,0.084332183,0.459157109,-0.320675045,0.0263737552,0.0114240851,0.0611300468,0.0246346593,0.170290858,0.367426634,-0.0213473588,0.82302171,0.0355497301,-0.121398516,0.134523153,0.439082682,-0.335179687,0.0398508906,0.990343034,-0.107714184,0.0298166163,-0.0075046001
0.835925255,3179261.08,0,0,0.0153216301,4.09921631e-06,0.982087672,0.136684161,0,1,-0.465605587,0.00722312508,0.0122981463,0.884877384,0.00295893615,0.0613039359,0.189412266,2.24207754e-44,-2.24207754e-44,-2.24207754e-44,-0.0564886518,0.0559274741,-0.219731033,0.154607356,-0.0608186461,0.00552664464,-0.244165197,-0.0812643468,0.112184078,0.446574807,-0.351188183,0.00577490916,-0.0286658388,0.0510973632,-0.0247742329,0.101781644,0.299279064,-0.052235499,0.792779267,0.0420461446,-0.114549018,0.115557209,0.527372301,-0.269462347,0.0549696758,1.01917231,-0.130074352,0.070007436,0.00239758031,-0.0778366104,-0.230957285,0.400735229,0.638525844,-1.3865453,0.142379701,0.752221107,-0.363889754,0.0367839634,-0.366262943,0.607863009,0.29375115,0.564393401,0.105790451,0.116833359,0.504310191,0.813328207,0.418144554,0.747904837,-0.0304748919,-0.28093335,0.604895055,-0.8473804,0.289039671,0.00282111322,0.834517837,0.987384915,-1.12375236,-0.168876112,-0.131656185,0.0550702363,-0.211452708,0.175469667,0.0991437286,0.0805880055,-0.173051447,-0.0242970064,0.084332183,0.459157109,-0.320675045,0.0263737552,0.0114240851,0.0611300468,0.0246346593,0.170290858,0.367426634,-0.0213473588,0.82302171,0.0355497301,-0.121398516,0.134523153,0.439082682,-0.335179687,0.0398508906,0.990343034,-0.107714184,0.0298166163,-0.0075046001,-0.131656185,0.0550702363,-0.211452708,0.175469667,0.0991437286,0.0805880055,-0.173051447,-0.0242970064,0.084332183,0.459157109,-0.320675045,0.0263737552,0.0114240851,0.0611300468,0.0246346593,0.170290858,0.367426634,-0.0213473588,0.82302171,0.0355497301,-0.121398516,0.134523153,0.439082682,-0.335179687,0.0398508944,0.990343034,-0.107714184,0.0298166163,-0.0075046001,-0.131656185,0.0550702363,-0.211452708,0.175469667,0.0991437286,0.0805880055,-0.173051447,-0.0242970064,0.084332183,0.459157109,-0.320675045,0.0263737552,0.0114240851,0.0611300468,0.0246346593,0.170290858,0.367426634,-0.0213473588,0.82302171,0.0355497301,-0.121398516,0.134523153,0.439082682,-0.335179687,0.0398508906,0.990343034,-0.107714184,0.0298166163,-0.0075046001
0.845925364,3179261.09,0,0,0.00535869878,4.05218452e-06,0.988786817,0.127481762,0.100808047,1,-0.466252744,0.00689817686,0.0121318735,0.884541452,0.000551212579,0.112314865,0.179998219,2.24207754e-44,-2.24207754e-44,-2.24207754e-44,-0.0574461743,0.0541456491,-0.216579899,0.159799188,-0.0720849931,0.00623396086,-0.238254517,-0.0836262032,0.112319276,0.444279194,-0.346943527,0.00791937299,-0.0243338495,0.0516027361,-0.024076812,0.106470115,0.305813134,-0.0481945835,0.798904419,0.0417816564,-0.116610788,0.120296448,0.519976199,-0.26753208,0.0549905971,1.02431118,-0.123346925,0.0615203157,0.00126617786,-0.138572261,-0.215573072,0.373188376,0.638306916,-1.41788423,0.0642246753,0.731537163,-0.25012958,0.00785047747,-0.240735173,0.485977381,0.252819538,0.523604512,0.0425489843,0.0677886978,0.637759328,0.819826841,0.544627905,0.765987039,-0.0351609141,-0.229678467,0.567861617,-0.966548085,0.210824594,0.00246963743,0.515765607,0.743264019,-0.995502114,-0.124544702,-0.030848138,0.0811684355,-0.216745079,0.222317904,0.148407355,0.126091138,-0.248216659,-0.00397564657,0.0701487735,0.463067889,-0.306182057,0.0152087305,-0.0137347244,0.0756360292,-0.0239154641,0.0894528627,0.345123649,-0.0165137313,0.792814195,0.0334440991,-0.146670297,0.152501345,0.472899497,-0.355344534,0.0379075259,1.00488019,-0.105465695,0.00587993767,-0.00778269488,-0.030848138,0.0811684355,-0.216745079,0.222317904,0.148407355,0.126091138,-0.248216659,-0.00397564657,0.0701487735,0.463067889,-0.306182057,0.0152087305,-0.0137347244,0.0756360292,-0.0239154641,0.0894528627,0.345123649,-0.0165137313,0.792814195,0.0334440991,-0.146670297,0.152501345,0.472899497,-0.355344534,0.0379075296,1.00488019,-0.105465695,0.00587993767,-0.00778269488,-0.030848138,0.0811684355,-0.216745079,0.222317904,0.148407355,0.126091138,-0.248216659,-0.00397564657,0.0701487735,0.463067889,-0.306182057,0.0152087305,-0.0137347244,0.0756360292,-0.0239154641,0.0894528627,0.345123649,-0.0165137313,0.792814195,0.0334440991,-0.146670297,0.152501345,0.472899497,-0.355344534,0.0379075259,1.00488019,-0.105465695,0.00587993767,-0.00778269488
0.855925505,3179261.1,0,0,0.0153588396,4.29200009e-06,0.993656874,0.127481762,0,1,-0.467288435,0.00634384807,0.0114359269,0.884008169,-0.104490139,0.148775026,0.19928287,2.24207754e-44,-2.24207754e-44,-2.24207754e-44,-0.059592966,0.0519919954,-0.213955641,0.167795002,-0.0911602154,0.0114671392,-0.230586886,-0.08518143,0.109937221,0.444671661,-0.339637101,0.00964673981,-0.0195476934,0.0523517728,-0.0233277287,0.115060516,0.31482631,-0.0398752391,0.80795002,0.0408858284,-0.121336393,0.129209846,0.506918192,-0.266470253,0.0550157279,1.02819192,-0.116580479,0.0474085733,0.000173000837,-0.193311527,-0.136715502,0.13073124,0.665126562,-1.67760301,0.599986672,0.561663091,-0.0391930155,-0.36514309,0.239758611,0.683321774,0.0729175434,0.308148384,0.0833806321,0.0643078387,0.751256883,0.690740705,0.790903449,0.729895592,-0.103907526,-0.522513688,0.874240875,-1.16972959,-0.00266804919,0.0017142006,0.202213928,0.451880962,-1.32573366,-0.0715974718,-0.030848138,0.0811684355,-0.216745079,0.222317904,0.148407355,0.126091138,-0.248216659,-0.00397564657,0.0701487735,0.463067889,-0.306182057,0.0152087305,-0.0137347244,0.0756360292,-0.0239154641,0.0894528627,0.345123649,-0.0165137313,0.792814195,0.0334440991,-0.146670297,0.152501345,0.472899497,-0.355344534,0.0379075259,1.00488019,-0.105465695,0.00587993767,-0.00778269488,-0.030848138,0.0811684355,-0.216745079,0.222317904,0.148407355,0.126091138,-0.248216659,-0.00397564657,0.0701487735,0.463067889,-0.306182057,0.0152087305,-0.0137347244,0.0756360292,-0.0239154641,0.0894528627,0.345123649,-0.0165137313,0.792814195,0.0334440991,-0.146670297,0.152501345,0.472899497,-0.355344534,0.0379075296,1.00488019,-0.105465695,0.00587993767,-0.00778269488,-0.030848138,0.0811684355,-0.216745079,0.222317904,0.148407355,0.126091138,-0.248216659,-0.00397564657,0.0701487735,0.463067889,-0.306182057,0.0152087305,-0.0137347244,0.0756360292,-0.0239154641,0.0894528627,0.345123649,-0.0165137313,0.792814195,0.0334440991,-0.146670297,0.152501345,0.472899497,-0.355344534,0.0379075259,1.00488019,-0.105465695,0.00587993767,-0.00778269488
0.865925876,3179261.11,0,0,0.00535141118,4.25241888e-06,0.996918976,0.134769827,0.0959927067,1,-0.468115538,0.00595822185,0.0104306033,0.883585632,-0.156290948,0.173368216,0.178289175,2.24207754e-44,-2.24207754e-44,-2.24207754e-44,-0.0612699129,0.0512659214,-0.212970689,0.173399359,-0.107525349,0.0160919968,-0.22549589,-0.0842851698,0.105766281,0.448177308,-0.333319753,0.0100542204,-0.0169445165,0.053141512,-0.0228720251,0.122709915,0.321326524,-0.0318621211,0.814558446,0.0397760868,-0.12636894,0.137565807,0.494453341,-0.26727578,0.0550257713,1.0291034,-0.113268763,0.0346249454,-0.00042613098,-0.14619492,-0.0391787924,0.0720225126,0.481264979,-1.60331404,0.394922376,0.484401047,0.173055813,-0.42580983,0.390244335,0.591739058,0.0272256713,0.237512842,0.0682945549,0.0300947372,0.764999986,0.628531098,0.783034265,0.609497249,-0.109916024,-0.46054557,0.775165081,-1.28949285,-0.125794083,0.000471761217,0.0187992062,0.258452743,-1.20138872,-0.0544116683,0.0651445687,0.122162908,-0.227175727,0.267686158,0.212091282,0.172634557,-0.327389807,0.00953048468,0.0566953868,0.486335099,-0.295641929,-0.0128217349,-0.0442543812,0.109491944,-0.0703977644,0.00846070051,0.326236427,-0.0131295267,0.755050659,0.0324193984,-0.173604429,0.165418655,0.512299538,-0.368473053,0.038215369,1.01252496,-0.114086971,-0.0144884661,-0.00628243759,0.0651445761,0.122162908,-0.227175727,0.267686158,0.212091282,0.172634557,-0.327389807,0.00953048468,0.0566953868,0.486335099,-0.295641929,-0.0128217349,-0.0442543812,0.109491944,-0.0703977644,0.00846070051,0.326236427,-0.0131295267,0.755050659,0.0324193984,-0.173604429,0.165418655,0.512299538,-0.368473053,0.0382153727,1.01252496,-0.114086971,-0.0144884661,-0.00628243759,0.0651445687,0.122162908,-0.227175727,0.267686158,0.212091282,0.172634557,-0.327389807,0.00953048468,0.0566953868,0.486335099,-0.295641929,-0.0128217349,-0.0442543812,0.109491944,-0.0703977644,0.00846070051,0.326236427,-0.0131295267,0.755050659,0.0324193984,-0.173604429,0.165418655,0.512299538,-0.368473053,0.038215369,1.01252496,-0.114086971,-0.0144884661,-0.00628243759
0.876925643,3179261.12,0,0,0.0163511778,4.43682075e-06,0.998971641,0.134769827,0,1,-0.469015598,0.00512316637,0.00960425567,0.883122802,0.0550698377,0.169669181,0.149081379,2.24207754e-44,-2.24207754e-44,-2.24207754e-44,-0.0645607412,0.0495546348,-0.213082671,0.180640921,-0.121785089,0.0151328687,-0.223200262,-0.0825297385,0.0987812653,0.460391879,-0.325553656,0.00595497945,-0.0160395112,0.0518572181,-0.0224635135,0.131540194,0.328060299,-0.0215925258,0.820367336,0.0382342041,-0.134556547,0.148096919,0.477425963,-0.269457966,0.0550463796,1.02837622,-0.111830749,0.0181549694,-0.000774783839,-0.331677794,-0.249539316,-0.021394385,0.682332993,-0.792391002,-0.500755668,0.0772463828,0.102766745,-0.610302329,1.26319075,0.673300385,-0.374158353,-0.00176125881,-0.273737043,0.0604230464,0.680535436,0.523884714,0.860131025,0.409749478,-0.130862936,-0.745093226,0.873438239,-1.49164724,-0.193136886,0.00179872231,-0.13712047,0.0576363876,-1.37679505,-0.0181151293,0.0651445687,0.122162908,-0.227175727,0.267686158,0.212091282,0.172634557,-0.327389807,0.00953048468,0.0566953868,0.486335099,-0.295641929,-0.0128217349,-0.0442543812,0.109491944,-0.0703977644,0.00846070051,0.326236427,-0.0131295267,0.755050659,0.0324193984,-0.173604429,0.165418655,0.512299538,-0.368473053,0.038215369,1.01252496,-0.114086971,-0.0144884661,-0.00628243759,0.0651445761,0.122162908,-0.227175727,0.267686158,0.212091282,0.172634557,-0.327389807,0.00953048468,0.0566953868,0.486335099,-0.295641929,-0.0128217349,-0.0442543812,0.109491944,-0.0703977644,0.00846070051,0.326236427,-0.0131295267,0.755050659,0.0324193984,-0.173604429,0.165418655,0.512299538,-0.368473053,0.0382153727,1.01252496,-0.114086971,-0.0144884661,-0.00628243759,0.0651445687,0.122162908,-0.227175727,0.267686158,0.212091282,0.172634557,-0.327389807,0.00953048468,0.0566953868,0.486335099,-0.295641929,-0.0128217349,-0.0442543812,0.109491944,-0.0703977644,0.00846070051,0.326236427,-0.0131295267,0.755050659,0.0324193984,-0.173604429,0.165418655,0.512299538,-0.368473053,0.038215369,1.01252496,-0.114086971,-0.0144884661,-0.00628243759
0.886926185,3179261.13,0,0,0.00637609512,4.69619408e-06,0.999789417,0.111104921,0.0732834637,1,-0.469452232,0.00441933982,0.00972571597,0.882893264,0.130311981,0.123320676,0.106059797,2.24207754e-44,-2.24207754e-44,-2.24207754e-44,-0.0671779737,0.047051888,-0.213166431,0.186325908,-0.126529098,0.0117463442,-0.222667128,-0.0814241543,0.0942836702,0.470284671,-0.320220381,0.00348639698,-0.0161679462,0.0490266979,-0.0218860228,0.13622427,0.331760764,-0.0153000122,0.823136151,0.0372784883,-0.14005284,0.154307455,0.465546787,-0.271217108,0.055055555,1.0262661,-0.111595787,0.00814670324,-0.000884062261,-0.312302679,-0.336663842,-0.00394188706,0.71388638,-0.500730038,-0.337935925,0.0781067535,0.176278651,-0.525944531,1.1795516,0.653218746,-0.282762796,-0.0167866722,-0.38231951,0.0772792101,0.522566557,0.420903742,0.729996443,0.308868438,-0.110813044,-0.636511326,0.707009017,-1.46784246,-0.239872068,0.000682229234,-0.342545122,0.0170458816,-1.16092348,-0.0118496865,0.134011984,0.183906496,-0.253657341,0.301244199,0.264174819,0.215505317,-0.40067327,0.0121831,0.0441285595,0.516271472,-0.309196979,-0.0384499803,-0.0671328306,0.143354446,-0.0968661606,-0.0476887859,0.308953106,-0.0177043024,0.721507668,0.0371536016,-0.194692671,0.173595548,0.541779101,-0.369258434,0.0457324088,1.01209044,-0.124651141,-0.0222089868,-0.00751945935,0.134011984,0.183906496,-0.253657341,0.301244199,0.264174819,0.215505317,-0.40067327,0.0121831,0.0441285595,0.516271472,-0.309196979,-0.0384499803,-0.0671328306,0.143354446,-0.0968661606,-0.0476887822,0.308953106,-0.0177043024,0.721507668,0.0371536016,-0.194692671,0.173595548,0.541779101,-0.369258434,0.0457324125,1.01209044,-0.124651141,-0.0222089868,-0.00751945935,0.134011984,0.183906496,-0.253657341,0.301244199,0.264174819,0.215505317,-0.40067327,0.0121831,0.0441285595,0.516271472,-0.309196979,-0.0384499803,-0.0671328306,0.143354446,-0.0968661606,-0.0476887859,0.308953106,-0.0177043024,0.721507668,0.0371536016,-0.194692671,0.173595548,0.541779101,-0.369258434,0.0457324088,1.01209044,-0.124651141,-0.0222089868,-0.00751945935
0.897925176,3179261.14,0,0,0.017375086,4.15695831e-06,0.999997854,0.111104921,0,1,-0.47016564,0.00353652448,0.00960332435,0.882518888,-0.0189092383,0.119340457,0.135543868,2.24207754e-44,-2.24207754e-44,-2.24207754e-44,-0.0720159337,0.0437044166,-0.214113936,0.19606033,-0.131612048,0.0105304159,-0.224820524,-0.0774536729,0.0855195969,0.490222722,-0.316081047,-0.00480300328,-0.0179433562,0.0456471629,-0.0213584378,0.140831947,0.334872216,-0.00821083598,0.824900448,0.0365835838,-0.149170861,0.162835687,0.448862225,-0.275358319,0.055373773,1.01912344,-0.11356122,-0.00476475246,-0.00126239192,-0.38531813,-0.205331817,-0.110637069,0.803146839,-0.370784938,0.032337185,-0.257404715,0.479961097,-0.795842111,1.78221762,0.266669601,-0.703946114,-0.195326865,-0.190488771,0.0461745113,0.245121434,0.145906061,0.462621748,0.0729657486,-0.0339475907,-0.790381074,0.662733316,-1.31768477,-0.410284787,0.0261833575,-0.743662894,-0.235769585,-0.988909245,-0.0436361171,0.134011984,0.183906496,-0.253657341,0.301244199,0.264174819,0.215505317,-0.40067327,0.0121831,0.0441285595,0.516271472,-0.309196979,-0.0384499803,-0.0671328306,0.143354446,-0.0968661606,-0.0476887859,0.308953106,-0.0177043024,0.721507668,0.0371536016,-0.194692671,0.173595548,0.541779101,-0.369258434,0.0457324088,1.01209044,-0.124651141,-0.0222089868,-0.00751945935,0.134011984,0.183906496,-0.253657341,0.301244199,0.264174819,0.215505317,-0.40067327,0.0121831,0.0441285595,0.516271472,-0.309196979,-0.0384499803,-0.0671328306,0.143354446,-0.0968661606,-0.0476887822,0.308953106,-0.0177043024,0.721507668,0.0371536016,-0.194692671,0.173595548,0.541779101,-0.369258434,0.0457324125,1.01209044,-0.124651141,-0.0222089868,-0.00751945935,0.134011984,0.183906496,-0.253657341,0.301244199,0.264174819,0.215505317,-0.40067327,0.0121831,0.0441285595,0.516271472,-0.309196979,-0.0384499803,-0.0671328306,0.143354446,-0.0968661606,-0.0476887859,0.308953106,-0.0177043024,0.721507668,0.0371536016,-0.194692671,0.173595548,0.541779101,-0.369258434,0.0457324088,1.01209044,-0.124651141,-0.0222089868,-0.00751945935
0.907925431,3179261.15,0,0,0.00737904804,4.21376899e-06,1,0.107367989,0.049174428,1,-0.470673412,0.00335851684,0.00897037238,0.882255495,-0.12845321,0.116359144,0.100164726,2.24207754e-44,-2.24207754e-44,-2.24207754e-44,-0.0749747157,0.0426349603,-0.215264753,0.20288451,-0.13459909,0.0123628061,-0.227949321,-0.0708412752,0.0774833113,0.508075595,-0.314083517,-0.0115192123,-0.020158533,0.0446522757,-0.0210338254,0.141866833,0.335218281,-0.00520098442,0.824374855,0.0364202857,-0.156576142,0.168202072,0.436684549,-0.280062884,0.0556746237,1.01042151,-0.116379447,-0.0131467767,-0.00177039113,-0.280166745,-0.0577825941,-0.11753282,0.587423742,-0.238812432,0.290657341,-0.488580197,0.736670315,-0.874680817,2.04247069,-0.00130076939,-0.822902799,-0.262151659,-0.057377927,-0.0228253603,0.040775355,-0.0428431928,0.234605312,-0.172866181,0.00139181269,-0.71889174,0.446050197,-1.14224839,-0.510015726,0.0558510311,-0.992999434,-0.382553399,-0.715466559,-0.0548451915,0.168381065,0.229961336,-0.273131579,0.312756598,0.313075304,0.235232785,-0.449847698,-0.00885312445,0.039974235,0.554629207,-0.333675385,-0.0579882823,-0.081737116,0.172032833,-0.107614756,-0.065154165,0.298115551,-0.0168676246,0.707456708,0.0453677252,-0.202012166,0.173252612,0.558348656,-0.360001475,0.0523345992,1.00216579,-0.135667384,-0.0213849861,-0.00729697291,0.168381065,0.229961336,-0.273131579,0.312756598,0.313075304,0.235232785,-0.449847698,-0.00885312445,0.039974235,0.554629207,-0.333675385,-0.0579882823,-0.081737116,0.172032833,-0.107614756,-0.065154165,0.298115551,-0.0168676246,0.707456708,0.0453677252,-0.202012166,0.173252612,0.558348656,-0.360001475,0.0523346029,1.00216579,-0.135667384,-0.0213849861,-0.00729697291,0.168381065,0.229961336,-0.273131579,0.312756598,0.313075304,0.235232785,-0.449847698,-0.00885312445,0.039974235,0.554629207,-0.333675385,-0.0579882823,-0.081737116,0.172032833,-0.107614756,-0.065154165,0.298115551,-0.0168676246,0.707456708,0.0453677252,-0.202012166,0.173252612,0.558348656,-0.360001475,0.0523345992,1.00216579,-0.135667384,-0.0213849861,-0.00729697291
0.917925497,3179261.16,0,0,0.0173791139,4.34368849e-06,1,0.107367989,0,1,-0.471138149,0.00336912507,0.00786577724,0.88201791,-0.248144284,0.0738728866,0.118093111,2.24207754e-44,-2.24207754e-44,-2.24207754e-44,-0.0769250169,0.0429486223,-0.216708079,0.207123026,-0.136159748,0.0163158923,-0.234254301,-0.0623350926,0.0678380057,0.530228615,-0.314987063,-0.0198934488,-0.023500748,0.0448935255,-0.0214254297,0.140928611,0.333498329,-0.00366478995,0.82107383,0.0366589054,-0.163198844,0.171378478,0.426337868,-0.285586655,0.0563919805,0.999259174,-0.121067159,-0.0187933892,-0.0023494733,-0.117932893,0.0981354266,-0.170952126,0.318617135,-0.109833248,0.451289594,-0.647058308,0.941734374,-0.989668846,2.16294456,-0.0658999905,-0.751180947,-0.37469551,0.087969467,-0.0296552703,-0.206726998,-0.261915207,0.097798273,-0.411426961,0.0349510908,-0.610949337,0.237356842,-0.962126076,-0.573071718,0.0668313205,-1.15556002,-0.475419402,-0.485785991,-0.0589200035,0.168381065,0.229961336,-0.273131579,0.312756598,0.313075304,0.235232785,-0.449847698,-0.00885312445,0.039974235,0.554629207,-0.333675385,-0.0579882823,-0.081737116,0.172032833,-0.107614756,-0.065154165,0.298115551,-0.0168676246,0.707456708,0.0453677252,-0.202012166,0.173252612,0.558348656,-0.360001475,0.0523345992,1.00216579,-0.135667384,-0.0213849861,-0.00729697291,0.168381065,0.229961336,-0.273131579,0.312756598,0.313075304,0.235232785,-0.449847698,-0.00885312445,0.039974235,0.554629207,-0.333675385,-0.0579882823,-0.081737116,0.172032833,-0.107614756,-0.065154165,0.298115551,-0.0168676246,0.707456708,0.0453677252,-0.202012166,0.173252612,0.558348656,-0.360001475,0.0523346029,1.00216579,-0.135667384,-0.0213849861,-0.00729697291,0.168381065,0.229961336,-0.273131579,0.312756598,0.313075304,0.235232785,-0.449847698,-0.00885312445,0.039974235,0.554629207,-0.333675385,-0.0579882823,-0.081737116,0.172032833,-0.107614756,-0.065154165,0.298115551,-0.0168676246,0.707456708,0.0453677252,-0.202012166,0.173252612,0.558348656,-0.360001475,0.0523345992,1.00216579,-0.135667384,-0.0213849861,-0.00729697291
0.92892522,3179261.17,0,0,0.00832737936,4.1811727e-06,1,0.130296219,0.0502506495,1,-0.471799672,0.00403734902,0.0060537695,0.88167572,-0.326619387,0.0742674693,0.105203643,2.24207754e-44,-2.24207754e-44,-2.24207754e-44,-0.0770270526,0.0452726707,-0.219018981,0.20895496,-0.136705413,0.0228405613,-0.242208526,-0.0493455008,0.056330543,0.553409874,-0.316001862,-0.0280501433,-0.0281737596,0.0469010137,-0.0220550634,0.13583611,0.328525782,-0.00310382689,0.814855933,0.0377924629,-0.169066489,0.172771841,0.416615248,-0.292538375,0.0568691194,0.985562384,-0.126138508,-0.0232163537,-0.00298504764,0.0197354443,0.225655153,-0.172013983,0.0244318321,0.0198974907,0.584425092,-0.826985657,1.10449719,-0.977951646,2.02920961,-0.221449375,-0.762256384,-0.377851546,0.175168499,-0.124588042,-0.545809984,-0.497392714,0.024705749,-0.628784716,0.240887821,-0.36644733,0.0281181466,-0.679533899,-0.568451166,0.0271053072,-1.18692517,-0.434666872,-0.23775278,-0.0372158252,0.166579545,0.253912002,-0.279997736,0.313616723,0.363325953,0.229798168,-0.466638446,-0.0486430936,0.0434001833,0.59146893,-0.344547808,-0.0717090294,-0.0837850571,0.187738582,-0.099095583,-0.0477269329,0.305576742,-0.0107556581,0.707165718,0.0578124672,-0.196589053,0.166089207,0.55900532,-0.345317006,0.0570080504,0.98567754,-0.142824128,-0.013369957,-0.00365360826,0.166579545,0.253912002,-0.279997736,0.313616723,0.363325953,0.229798168,-0.466638476,-0.0486430936,0.0434001833,0.59146893,-0.344547808,-0.0717090294,-0.0837850571,0.187738582,-0.099095583,-0.0477269292,0.305576742,-0.0107556581,0.707165718,0.0578124672,-0.196589053,0.166089207,0.55900532,-0.345317006,0.0570080541,0.98567754,-0.142824128,-0.013369957,-0.00365360826,0.166579545,0.253912002,-0.279997736,0.313616723,0.363325953,0.229798168,-0.466638446,-0.0486430936,0.0434001833,0.59146893,-0.344547808,-0.0717090294,-0.0837850571,0.187738582,-0.099095583,-0.0477269329,0.305576742,-0.0107556581,0.707165718,0.0578124672,-0.196589053,0.166089207,0.55900532,-0.345317006,0.0570080504,0.98567754,-0.142824128,-0.013369957,-0.00365360826
0.938925417,3179261.18,0,0,0.0183275761,4.31714579e-06,1,0.130296219,0,1,-0.472150028,0.00434983755,0.00474785455,0.881494701,-0.33006236,0.0715963393,0.1084892,2.24207754e-44,-2.24207754e-44,-2.24207754e-44,-0.0765750259,0.0471882485,-0.220323369,0.208230987,-0.136063874,0.0277066026,-0.249967024,-0.0407003425,0.0481831692,0.570396066,-0.318210363,-0.0342592411,-0.0312686749,0.04827144,-0.0233469512,0.130527899,0.323989302,-0.00299063395,0.809031487,0.0408706143,-0.171113685,0.172417819,0.412122577,-0.296929389,0.057018429,0.975808263,-0.129712448,-0.0242809895,-0.00316274981,0.095745936,0.251799643,-0.169897959,-0.150652379,0.108282007,0.624255896,-1.00222254,1.07556558,-1.03099895,2.09452343,-0.256915867,-0.737851143,-0.401569456,0.177749485,-0.156830966,-0.743967831,-0.611611128,0.00899511483,-0.770906389,0.437687099,-0.204760343,-0.079424724,-0.500765264,-0.53795588,0.014810198,-1.21448469,-0.436712414,-0.0874316543,-0.0157707073,0.166579545,0.253912002,-0.279997736,0.313616723,0.363325953,0.229798168,-0.466638446,-0.0486430936,0.0434001833,0.59146893,-0.344547808,-0.0717090294,-0.0837850571,0.187738582,-0.099095583,-0.0477269329,0.305576742,-0.0107556581,0.707165718,0.0578124672,-0.196589053,0.166089207,0.55900532,-0.345317006,0.0570080504,0.98567754,-0.142824128,-0.013369957,-0.00365360826,0.166579545,0.253912002,-0.279997736,0.313616723,0.363325953,0.229798168,-0.466638476,-0.0486430936,0.0434001833,0.59146893,-0.344547808,-0.0717090294,-0.0837850571,0.187738582,-0.099095583,-0.0477269292,0.305576742,-0.0107556581,0.707165718,0.0578124672,-0.196589053,0.166089207,0.55900532,-0.345317006,0.0570080541,0.98567754,-0.142824128,-0.013369957,-0.00365360826,0.166579545,0.253912002,-0.279997736,0.313616723,0.363325953,0.229798168,-0.466638446,-0.0486430936,0.0434001833,0.59146893,-0.344547808,-0.0717090294,-0.0837850571,0.187738582,-0.099095583,-0.0477269329,0.305576742,-0.0107556581,0.707165718,0.0578124672,-0.196589053,0.166089207,0.55900532,-0.345317006,0.0570080504,0.98567754,-0.142824128,-0.013369957,-0.00365360826
0.949958213,3179261.19,0,0,0.00940695079,2.22930685e-05,1,0.112288166,0.050750494,1,-0.472809821,0.00530260568,0.00290082907,0.881143749,-0.313934177,-0.00783654023,0.0848894939,2.24207754e-44,-2.24207754e-44,-2.24207754e-44,-0.0739745498,0.0505589657,-0.22279945,0.204976425,-0.134003699,0.0348914228,-0.261580169,-0.0276932418,0.0365704298,0.592141986,-0.320353121,-0.0416860059,-0.0362221003,0.0505642369,-0.0246562529,0.119178556,0.315559864,-0.00300319726,0.799295545,0.046386458,-0.172693923,0.170541689,0.407645226,-0.302925766,0.057135921,0.962414742,-0.134004399,-0.0243257824,-0.00326734455,0.293981731,0.276310563,-0.219108745,-0.407720864,0.286575317,0.42830193,-1.06047249,1.04147136,-0.900278091,1.82846951,-0.244924918,-0.628278971,-0.356377035,0.147157222,-0.113357276,-1.05436587,-0.730006397,-0.00569782499,-0.88025707,0.570631325,-0.0291973483,-0.292844445,-0.261809558,-0.448797852,0.0072850408,-1.09816194,-0.32408601,0.126925513,-0.00473625818,0.144417167,0.270040929,-0.284914047,0.304919422,0.414076447,0.204816461,-0.459519446,-0.0808955729,0.0482875556,0.624456406,-0.348239899,-0.0791283324,-0.0749878585,0.195325434,-0.0732285976,-0.00725361705,0.320556939,-0.00471667433,0.713016391,0.0717291608,-0.18110548,0.154417306,0.547536612,-0.331278026,0.0600358769,0.968006611,-0.146021068,-0.00313409232,-0.00203554891,0.144417167,0.270040929,-0.284914047,0.304919422,0.414076447,0.204816461,-0.459519476,-0.0808955729,0.0482875593,0.624456406,-0.348239899,-0.0791283324,-0.0749878585,0.195325434,-0.0732285976,-0.00725361705,0.320556939,-0.00471667433,0.713016391,0.0717291608,-0.18110548,0.154417306,0.547536612,-0.331278026,0.0600358807,0.968006611,-0.146021068,-0.00313409255,-0.00203554938,0.144417167,0.270040929,-0.284914047,0.304919422,0.414076447,0.204816461,-0.459519446,-0.0808955729,0.0482875556,0.624456406,-0.348239899,-0.0791283324,-0.0749878585,0.195325434,-0.0732285976,-0.00725361705,0.320556939,-0.00471667433,0.713016391,0.0717291608,-0.18110548,0.154417306,0.547536612,-0.331278026,0.0600358769,0.968006611,-0.146021068,-0.00313409232,-0.00203554891
0.9609279,3179261.2,0,0,0.000377734192,5.48316166e-06,1,0.110975932,0.063046366,1,-0.473116666,0.00627196534,0.00161434256,0.880975962,-0.247957438,-0.0798567384,0.0716304556,2.24207754e-44,-2.24207754e-44,-2.24207754e-44,-0.0694794729,0.0534156822,-0.226367623,0.198758185,-0.129113406,0.0380922928,-0.275136232,-0.016479848,0.0265455786,0.61326462,-0.323243797,-0.0486429557,-0.0401204936,0.0515891388,-0.0257755015,0.105190665,0.306661636,-0.00334835192,0.788013101,0.0542732626,-0.171942919,0.165376127,0.405963182,-0.307402164,0.0572022051,0.950127721,-0.137341663,-0.021317197,-0.00329109421,0.420942575,0.212517932,-0.373027563,-0.540831566,0.442545146,0.254253,-1.10728371,0.8702389,-0.790535629,1.56896722,-0.183048949,-0.509585321,-0.339111298,0.0657031089,-0.0614705533,-1.2440666,-0.751998484,-0.0635500476,-0.942049623,0.636606812,0.0785267875,-0.459039927,-0.075688906,-0.327693492,0.00465010386,-0.914299667,-0.233711034,0.276899666,-0.000831601792,0.144417167,0.270040929,-0.284914047,0.304919422,0.414076447,0.204816461,-0.459519446,-0.0808955729,0.0482875556,0.624456406,-0.348239899,-0.0791283324,-0.0749878585,0.195325434,-0.0732285976,-0.00725361705,0.320556939,-0.00471667433,0.713016391,0.0717291608,-0.18110548,0.154417306,0.547536612,-0.331278026,0.0600358769,0.968006611,-0.146021068,-0.00313409232,-0.00203554891,0.0905740038,0.283250034,-0.286737472,0.28098619,0.431630075,0.168965757,-0.416721135,-0.115293115,0.0603858307,0.627862215,-0.343667567,-0.0782406926,-0.0559147783,0.194482371,-0.0280322768,0.0557927489,0.335689485,-0.00208335696,0.727798522,0.0824740008,-0.158772945,0.139575511,0.520109177,-0.322751522,0.0606158637,0.947702527,-0.150804624,0.0135027599,-0.00768357608,0.0905739963,0.283250034,-0.286737472,0.28098619,0.431630075,0.168965757,-0.416721106,-0.115293115,0.0603858307,0.627862215,-0.343667567,-0.0782406926,-0.0559147783,0.194482371,-0.0280322768,0.0557927489,0.335689485,-0.00208335696,0.727798522,0.0824740008,-0.158772945,0.139575511,0.520109177,-0.322751522,0.0606158599,0.947702527,-0.150804624,0.0135027599,-0.00768357608
0.971925551,3179261.21,0,0,0.0113753849,4.327856e-06,1,0.110975932,0,1,-0.473200023,0.00735991402,0.000999450451,0.880923688,-0.180782989,-0.162366346,-0.0314799324,2.24207754e-44,-2.24207754e-44,-2.24207754e-44,-0.0641890615,0.0553134717,-0.231032953,0.192321867,-0.123495482,0.0383903496,-0.285389602,-0.00867282879,0.019867748,0.625400245,-0.324388355,-0.05290474,-0.0428201295,0.0518696234,-0.0259651802,0.0924085975,0.299363017,-0.00463199895,0.778194368,0.0611254834,-0.169265538,0.159300953,0.4059349,-0.309978575,0.057236813,0.941721618,-0.13978079,-0.0163813699,-0.00371348136,0.603644073,0.169638991,-0.544899046,-0.724768519,0.645014882,-0.122261815,-0.972245574,0.711589158,-0.575063229,0.968372881,-0.0757385716,-0.375878453,-0.200099871,-0.000863781141,-0.000246197538,-1.27838624,-0.70605284,-0.175970912,-1.01506829,0.735619664,0.426264048,-0.730011404,0.0502872244,-0.208425015,0.00267892005,-0.813869298,-0.263776362,0.674501121,-0.0771541521,0.0905739963,0.283250034,-0.286737472,0.28098619,0.431630075,0.168965757,-0.416721106,-0.115293115,0.0603858307,0.627862215,-0.343667567,-0.0782406926,-0.0559147783,0.194482371,-0.0280322768,0.0557927489,0.335689485,-0.00208335696,0.727798522,0.0824740008,-0.158772945,0.139575511,0.520109177,-0.322751522,0.0606158599,0.947702527,-0.150804624,0.0135027599,-0.00768357608,0.0905740038,0.283250034,-0.286737472,0.28098619,0.431630075,0.168965757,-0.416721135,-0.115293115,0.0603858307,0.627862215,-0.343667567,-0.0782406926,-0.0559147783,0.194482371,-0.0280322768,0.0557927489,0.335689485,-0.00208335696,0.727798522,0.0824740008,-0.158772945,0.139575511,0.520109177,-0.322751522,0.0606158637,0.947702527,-0.150804624,0.0135027599,-0.00768357608,0.0905739963,0.283250034,-0.286737472,0.28098619,0.431630075,0.168965757,-0.416721106,-0.115293115,0.0603858307,0.627862215,-0.343667567,-0.0782406926,-0.0559147783,0.194482371,-0.0280322768,0.0557927489,0.335689485,-0.00208335696,0.727798522,0.0824740008,-0.158772945,0.139575511,0.520109177,-0.322751522,0.0606158599,0.947702527,-0.150804624,0.0135027599,-0.00768357608
0.981925915,3179261.22,0,0,0.00138845481,4.37162817e-06,1,0.0988682732,0.0902566835,1,-0.472840637,0.00849566516,0.000792027684,0.881106675,-0.120082729,-0.189975321,-0.108454295,2.24207754e-44,-2.24207754e-44,-2.24207754e-44,-0.0579259433,0.0564896576,-0.237579793,0.185210228,-0.117015325,0.037665762,-0.294625998,-0.00266076974,0.0152713442,0.631901503,-0.325101823,-0.0562171601,-0.0443763919,0.0516190492,-0.0259548388,0.0798991621,0.292613685,-0.00703243725,0.768401921,0.0678511485,-0.164664432,0.151998907,0.406892627,-0.311532378,0.0572591685,0.934942365,-0.14219594,-0.0091627771,-0.00462284032,0.624055862,0.0843350664,-0.685254335,-0.672915637,0.644707143,-0.0516124405,-0.89802134,0.524585545,-0.38522929,0.460275859,-0.0771940276,-0.303877205,-0.138286844,-0.0402637199,0.00136900344,-1.22597945,-0.654173315,-0.275615305,-0.936979711,0.604761779,0.438267559,-0.690742731,0.116749406,-0.123632565,0.00207229657,-0.569256425,-0.216844454,0.704300165,-0.0913104638,0.000317312777,0.277357042,-0.285578966,0.24512279,0.413851738,0.127907306,-0.332279682,-0.146009207,0.0816683918,0.59111017,-0.328456283,-0.0720039979,-0.0334715769,0.192195743,0.028397847,0.127730176,0.342380077,-0.004322981,0.749564946,0.0834922791,-0.134739339,0.125111118,0.485755801,-0.324257493,0.0575476512,0.928334832,-0.156634957,0.0344259329,-0.0186345,0.000317312777,0.277357042,-0.285578966,0.24512279,0.413851738,0.127907306,-0.332279682,-0.146009207,0.0816683918,0.59111017,-0.328456283,-0.0720039979,-0.0334715769,0.192195743,0.028397847,0.127730176,0.342380077,-0.004322981,0.749564946,0.0834922791,-0.134739339,0.125111118,0.485755801,-0.324257493,0.057547655,0.928334832,-0.156634957,0.0344259329,-0.0186345,0.000317312777,0.277357042,-0.285578966,0.24512279,0.413851738,0.127907306,-0.332279682,-0.146009207,0.0816683918,0.59111017,-0.328456283,-0.0720039979,-0.0334715769,0.192195743,0.028397847,0.127730176,0.342380077,-0.004322981,0.749564946,0.0834922791,-0.134739339,0.125111118,0.485755801,-0.324257493,0.0575476512,0.928334832,-0.156634957,0.0344259329,-0.0186345
0.99292556,3179261.23,0,0,0.0123880999,4.24776226e-06,1,0.0988682732,0,1,-0.472311735,0.0098036984,0.000977738877,0.881376505,-0.0773834959,-0.309853077,-0.103831135,2.24207754e-44,-2.24207754e-44,-2.24207754e-44,-0.0514088087,0.0571589097,-0.24369885,0.17907542,-0.109643005,0.0339925624,-0.3015396,0.00140679616,0.0127552859,0.630874932,-0.325193554,-0.0584484227,-0.0456971452,0.0511499383,-0.0253783874,0.0682659,0.286382854,-0.0103123961,0.759702563,0.0727530122,-0.159804031,0.145056605,0.408359826,-0.312318146,0.0572730117,0.930255175,-0.144414052,-0.00123845483,-0.00627151923,0.696467519,0.0705385357,-0.531131268,-0.594900191,0.868376493,-0.785994351,-0.431348324,0.320065528,-0.152978197,-0.710657775,0.0847355276,-0.144308582,-0.129969075,-0.0421733223,0.123001046,-1.10543656,-0.602272153,-0.375210762,-0.838237345,0.423110992,0.617029428,-0.77800566,0.176875412,-0.0485359095,0.000751415733,-0.460399806,-0.263045877,0.979705989,-0.275398135,0.000317312777,0.277357042,-0.285578966,0.24512279,0.413851738,0.127907306,-0.332279682,-0.146009207,0.0816683918,0.59111017,-0.328456283,-0.0720039979,-0.0334715769,0.192195743,0.028397847,0.127730176,0.342380077,-0.004322981,0.749564946,0.0834922791,-0.134739339,0.125111118,0.485755801,-0.324257493,0.0575476512,0.928334832,-0.156634957,0.0344259329,-0.0186345,0.000317312777,0.277357042,-0.285578966,0.24512279,0.413851738,0.127907306,-0.332279682,-0.146009207,0.0816683918,0.59111017,-0.328456283,-0.0720039979,-0.0334715769,0.192195743,0.028397847,0.127730176,0.342380077,-0.004322981,0.749564946,0.0834922791,-0.134739339,0.125111118,0.485755801,-0.324257493,0.057547655,0.928334832,-0.156634957,0.0344259329,-0.0186345,0.000317312777,0.277357042,-0.285578966,0.24512279,0.413851738,0.127907306,-0.332279682,-0.146009207,0.0816683918,0.59111017,-0.328456283,-0.0720039979,-0.0334715769,0.192195743,0.028397847,0.127730176,0.342380077,-0.004322981,0.749564946,0.0834922791,-0.134739339,0.125111118,0.485755801,-0.324257493,0.0575476512,0.928334832,-0.156634957,0.0344259329,-0.0186345
1.00292617,3179261.24,0,0,0.00233716378,4.83682379e-06,1,0.120433979,0.120418906,1,-0.471567243,0.0114486273,0.00182208093,0.881753922,0.0537451394,-0.284592897,-0.180394962,2.24207754e-44,-2.24207754e-44,-2.24207754e-44,-0.0436567292,0.0569544397,-0.248663887,0.173385054,-0.0990401059,0.024935158,-0.304857314,0.00298485975,0.0132700065,0.61639905,-0.324579686,-0.0595189631,-0.0466098972,0.0502047464,-0.0242272019,0.0569052137,0.279698461,-0.0153723126,0.750891209,0.0765313357,-0.151992828,0.135901362,0.411149651,-0.31254366,0.0572881922,0.925849915,-0.147562727,0.011209514,-0.0102927461,0.581163108,-0.0952991992,-0.326071441,-0.368336022,0.864001095,-0.645826757,-0.256657511,-0.00483977236,0.193408504,-1.35339379,0.0262247715,-0.077228494,-0.0395858474,-0.115995161,0.0565865263,-0.816390336,-0.520672202,-0.431773603,-0.65037632,0.243184566,0.605567932,-0.695829868,0.257618934,-0.00261713751,0.00165141118,-0.274561077,-0.238212541,0.985010028,-0.331498533,-0.120101593,0.25102824,-0.27696687,0.191349357,0.346181154,0.0898702294,-0.221381634,-0.154600322,0.102018714,0.541585743,-0.322069675,-0.0627380535,-0.0148064103,0.185852721,0.0775372088,0.194062576,0.351257861,-0.00883710943,0.77486074,0.0754996091,-0.113580741,0.117286131,0.449142694,-0.329963326,0.0552632213,0.91871345,-0.156020164,0.0532414317,-0.026584819,-0.120101593,0.25102824,-0.27696687,0.191349357,0.346181154,0.0898702294,-0.221381634,-0.154600322,0.102018714,0.541585743,-0.322069675,-0.0627380535,-0.0148064103,0.185852721,0.0775372088,0.194062576,0.351257861,-0.00883710943,0.77486074,0.0754996091,-0.113580741,0.117286123,0.449142694,-0.329963326,0.055263225,0.91871345,-0.156020164,0.053241428,-0.026584819,-0.120101593,0.25102824,-0.27696687,0.191349357,0.346181154,0.0898702294,-0.221381634,-0.154600322,0.102018714,0.541585743,-0.322069675,-0.0627380535,-0.0148064103,0.185852721,0.0775372088,0.194062576,0.351257861,-0.00883710943,0.77486074,0.0754996091,-0.113580741,0.117286131,0.449142694,-0.329963326,0.0552632213,0.91871345,-0.156020164,0.0532414317,-0.026584819
1.01392516,3179261.25,0,0,0.0133361598,4.02983278e-06,1,0.120433979,0,1,-0.470977426,0.0126823401,0.00288665202,0.882049382,0.0762775093,-0.334659964,-0.0887495354,2.24207754e-44,-2.24207754e-44,-2.24207754e-44,-0.0379069671,0.0558364876,-0.250703543,0.170313597,-0.0897402242,0.0158538464,-0.304070622,0.00204201345,0.0177089162,0.595677733,-0.323676854,-0.0599857382,-0.0473417901,0.0493066907,-0.0234089624,0.0506239161,0.274917185,-0.0201732349,0.745605648,0.0779667348,-0.145303637,0.129276007,0.413786709,-0.312515914,0.0573030822,0.924022019,-0.149371848,0.0219751336,-0.0140788183,0.571244419,-0.119033046,-0.128324315,-0.280655235,0.976478755,-1.08517694,0.347206384,-0.142491221,0.640783846,-2.64642525,0.110330492,-0.0231863838,-0.0951717496,-0.0654770359,0.0885528103,-0.491252333,-0.447791249,-0.52458328,-0.440699369,0.0838282406,0.741566956,-0.656592607,0.273833215,0.00501671713,0.00128775812,-0.12752673,-0.14059487,1.1740433,-0.422138721,-0.120101593,0.25102824,-0.27696687,0.191349357,0.346181154,0.0898702294,-0.221381634,-0.154600322,0.102018714,0.541585743,-0.322069675,-0.0627380535,-0.0148064103,0.185852721,0.0775372088,0.194062576,0.351257861,-0.00883710943,0.77486074,0.0754996091,-0.113580741,0.117286131,0.449142694,-0.329963326,0.0552632213,0.91871345,-0.156020164,0.0532414317,-0.026584819,-0.120101593,0.25102824,-0.27696687,0.191349357,0.346181154,0.0898702294,-0.221381634,-0.154600322,0.102018714,0.541585743,-0.322069675,-0.0627380535,-0.0148064103,0.185852721,0.0775372088,0.194062576,0.351257861,-0.00883710943,0.77486074,0.0754996091,-0.113580741,0.117286123,0.449142694,-0.329963326,0.055263225,0.91871345,-0.156020164,0.053241428,-0.026584819,-0.120101593,0.25102824,-0.27696687,0.191349357,0.346181154,0.0898702294,-0.221381634,-0.154600322,0.102018714,0.541585743,-0.322069675,-0.0627380535,-0.0148064103,0.185852721,0.0775372088,0.194062576,0.351257861,-0.00883710943,0.77486074,0.0754996091,-0.113580741,0.117286131,0.449142694,-0.329963326,0.0552632213,0.91871345,-0.156020164,0.0532414317,-0.026584819
1.02392567,3179261.26,0,0,0.0033559259,4.40189615e-06,1,0.129955821,0.109540448,1,-0.470574588,0.0135965608,0.0042311633,0.882245302,0.203068063,-0.252755314,-0.0959408134,2.24207754e-44,-2.24207754e-44,-2.24207754e-44,-0.0330882184,0.0535797849,-0.251374751,0.168380022,-0.0803464353,0.00663186936,-0.299990416,-0.000998235773,0.0263892673,0.568187416,-0.323109597,-0.060075026,-0.0478780419,0.0482572168,-0.0230521355,0.0477274284,0.271015584,-0.0254899263,0.742520809,0.0783854127,-0.138227522,0.123485535,0.416849703,-0.312363893,0.0573117621,0.923343897,-0.150321394,0.0332336538,-0.018072132,0.412412345,-0.303317368,-0.0383464471,-0.127714336,0.910388529,-0.815064073,0.392453551,-0.431362689,0.974174619,-2.65855122,0.0303289294,-0.00322413887,-0.0283093192,-0.136010811,0.0064673936,-0.165838003,-0.352501094,-0.517232776,-0.212957636,0.0230719708,0.655116677,-0.514068544,0.325130403,0.0206087101,0.000598121318,-0.0401162691,-0.0695314407,1.05262053,-0.365659326,-0.22084868,0.204789698,-0.261198997,0.124491453,0.236640707,0.0627454594,-0.129071251,-0.12944296,0.102318347,0.518259525,-0.333830714,-0.0447315425,-0.00581339141,0.171887845,0.106078267,0.233414128,0.375256717,-0.013281256,0.789865911,0.0648581237,-0.103982709,0.116727009,0.424295604,-0.332624674,0.0553862005,0.926347971,-0.145830169,0.0637281239,-0.0304468051,-0.22084868,0.204789698,-0.261198997,0.124491453,0.236640707,0.0627454594,-0.129071251,-0.12944296,0.102318347,0.518259525,-0.333830714,-0.0447315425,-0.00581339188,0.171887845,0.106078267,0.233414128,0.375256717,-0.013281256,0.789865911,0.0648581237,-0.103982709,0.116727009,0.424295604,-0.332624674,0.0553862043,0.926347971,-0.145830169,0.0637281239,-0.0304468051,-0.22084868,0.204789698,-0.261198997,0.124491453,0.236640707,0.0627454594,-0.129071251,-0.12944296,0.102318347,0.518259525,-0.333830714,-0.0447315425,-0.00581339141,0.171887845,0.106078267,0.233414128,0.375256717,-0.013281256,0.789865911,0.0648581237,-0.103982709,0.116727009,0.424295604,-0.332624674,0.0553862005,0.926347971,-0.145830169,0.0637281239,-0.0304468051
1.03492555,3179261.28,0,0,0.014355808,4.34136018e-06,1,0.129955821,0,1,-0.470448047,0.0142845539,0.00602553645,0.882291496,0.225701824,-0.207041249,0.0124435313,2.24207754e-44,-2.24207754e-44,-2.24207754e-44,-0.0273730047,0.0500658378,-0.250663757,0.164811671,-0.0698107928,-0.0032097837,-0.291978478,-0.00726661365,0.0404163413,0.53292793,-0.324602157,-0.0573390536,-0.0484800935,0.0470394194,-0.0231456626,0.0491953269,0.268400311,-0.0330158845,0.741310418,0.0767579749,-0.130368009,0.118685037,0.420533568,-0.312123924,0.0573300235,0.924736679,-0.150606379,0.0456196666,-0.0223132707,0.470324725,-0.307503134,0.114558361,-0.367227495,0.829959571,-0.757745922,0.75397408,-0.614952624,1.2538023,-2.91050887,-0.217617542,0.252058268,-0.0492238402,-0.0911087841,-0.03799849,0.327605575,-0.130163565,-0.660353959,-0.0495428629,-0.204220802,0.63095957,-0.324568689,0.300841928,0.0212152656,0.00181126571,0.214365259,-0.00319140265,0.969004214,-0.325746089,-0.22084868,0.204789698,-0.261198997,0.124491453,0.236640707,0.0627454594,-0.129071251,-0.12944296,0.102318347,0.518259525,-0.333830714,-0.0447315425,-0.00581339141,0.171887845,0.106078267,0.233414128,0.375256717,-0.013281256,0.789865911,0.0648581237,-0.103982709,0.116727009,0.424295604,-0.332624674,0.0553862005,0.926347971,-0.145830169,0.0637281239,-0.0304468051,-0.22084868,0.204789698,-0.261198997,0.124491453,0.236640707,0.0627454594,-0.129071251,-0.12944296,0.102318347,0.518259525,-0.333830714,-0.0447315425,-0.00581339188,0.171887845,0.106078267,0.233414128,0.375256717,-0.013281256,0.789865911,0.0648581237,-0.103982709,0.116727009,0.424295604,-0.332624674,0.0553862043,0.926347971,-0.145830169,0.0637281239,-0.0304468051,-0.22084868,0.204789698,-0.261198997,0.124491453,0.236640707,0.0627454594,-0.129071251,-0.12944296,0.102318347,0.518259525,-0.333830714,-0.0447315425,-0.00581339141,0.171887845,0.106078267,0.233414128,0.375256717,-0.013281256,0.789865911,0.0648581237,-0.103982709,0.116727009,0.424295604,-0.332624674,0.0553862005,0.926347971,-0.145830169,0.0637281239,-0.0304468051
1.04492578,3179261.29,0,0,0.00435208715,4.55603004e-06,1,0.134052243,0.098977834,1,-0.470697969,0.0142552033,0.00739306631,0.882148266,0.251455456,-0.0697035268,0.0799051151,2.24207754e-44,-2.24207754e-44,-2.24207754e-44,-0.0236555282,0.0466615967,-0.249148145,0.161225125,-0.0625842065,-0.00954684429,-0.285057813,-0.0148340166,0.0527216196,0.507584393,-0.32743296,-0.0549838059,-0.048753012,0.0462470166,-0.024173446,0.0546856299,0.26779294,-0.0390897766,0.741364241,0.0745045617,-0.124883704,0.11622908,0.423607767,-0.311907709,0.0573467091,0.927823842,-0.150272414,0.0538375229,-0.024997972,0.298100084,-0.354828835,0.194547445,-0.330962896,0.597626507,-0.493758261,0.632022679,-0.845580399,1.17465389,-2.21015906,-0.374173492,0.354196727,0.000477045221,-0.0681434572,-0.137338147,0.668824553,-0.00488004228,-0.588892996,0.0737751573,-0.280155063,0.45644331,-0.182164401,0.298588157,0.0250962395,0.00131344295,0.416303009,0.142428845,0.690409303,-0.229897901,-0.257335871,0.149801835,-0.245272532,0.0984681249,0.137662873,0.0531887077,-0.0931889713,-0.0960234255,0.0926970541,0.515110195,-0.352247328,-0.0191615317,0.0014756294,0.150910228,0.109205633,0.237956345,0.398789167,-0.0200383309,0.79998827,0.0519834682,-0.10603895,0.120724097,0.413036644,-0.329279691,0.0545578301,0.947267711,-0.128174126,0.0646562725,-0.031212952,-0.257335871,0.149801835,-0.245272532,0.0984681249,0.137662873,0.0531887077,-0.0931889713,-0.0960234255,0.0926970541,0.515110195,-0.352247328,-0.0191615317,0.0014756294,0.150910228,0.109205633,0.237956345,0.398789167,-0.0200383309,0.79998827,0.0519834682,-0.10603895,0.120724089,0.413036644,-0.329279691,0.0545578338,0.947267711,-0.128174126,0.0646562725,-0.031212952,-0.257335871,0.149801835,-0.245272532,0.0984681249,0.137662873,0.0531887077,-0.0931889713,-0.0960234255,0.0926970541,0.515110195,-0.352247328,-0.0191615317,0.0014756294,0.150910228,0.109205633,0.237956345,0.398789167,-0.0200383309,0.79998827,0.0519834682,-0.10603895,0.120724097,0.413036644,-0.329279691,0.0545578301,0.947267711,-0.128174126,0.0646562725,-0.031212952
1.05492589,3179261.3,0,0,0.0143521898,4.34368849e-06,1,0.134052243,0,1,-0.471294224,0.013825926,0.00848038774,0.881826878,0.217567205,0.00683928421,0.179558665,2.24207754e-44,-2.24207754e-44,-2.24207754e-44,-0.0213490576,0.0432936698,-0.246221572,0.158289641,-0.0589101873,-0.0124374814,-0.278850138,-0.0240648184,0.0633798242,0.48965475,-0.332875103,-0.0488571972,-0.0482254028,0.0458830073,-0.0255464725,0.0625961125,0.268910021,-0.0452972911,0.743643939,0.0700267479,-0.121901035,0.115264677,0.426098078,-0.311478943,0.0573530495,0.934501231,-0.14606002,0.0587839149,-0.0268601682,0.172126994,-0.321835458,0.324457824,-0.262193143,0.246988714,-0.235013351,0.607481122,-0.97295922,0.966106594,-1.51430857,-0.550793767,0.591315508,0.0723113418,-0.0114860404,-0.13971518,0.87318033,0.17739974,-0.601878941,0.31342268,-0.492787153,0.217678457,-0.0580754504,0.226771221,0.0558880158,0.000345108157,0.786446691,0.518143117,0.395275056,-0.153247207,-0.257335871,0.149801835,-0.245272532,0.0984681249,0.137662873,0.0531887077,-0.0931889713,-0.0960234255,0.0926970541,0.515110195,-0.352247328,-0.0191615317,0.0014756294,0.150910228,0.109205633,0.237956345,0.398789167,-0.0200383309,0.79998827,0.0519834682,-0.10603895,0.120724097,0.413036644,-0.329279691,0.0545578301,0.947267711,-0.128174126,0.0646562725,-0.031212952,-0.257335871,0.149801835,-0.245272532,0.0984681249,0.137662873,0.0531887077,-0.0931889713,-0.0960234255,0.0926970541,0.515110195,-0.352247328,-0.0191615317,0.0014756294,0.150910228,0.109205633,0.237956345,0.398789167,-0.0200383309,0.79998827,0.0519834682,-0.10603895,0.120724089,0.413036644,-0.329279691,0.0545578338,0.947267711,-0.128174126,0.0646562725,-0.031212952,-0.257335871,0.149801835,-0.245272532,0.0984681249,0.137662873,0.0531887077,-0.0931889713,-0.0960234255,0.0926970541,0.515110195,-0.352247328,-0.0191615317,0.0014756294,0.150910228,0.109205633,0.237956345,0.398789167,-0.0200383309,0.79998827,0.0519834682,-0.10603895,0.120724097,0.413036644,-0.329279691,0.0545578301,0.947267711,-0.128174126,0.0646562725,-0.031212952
1.06495872,3179261.31,0,0,0.00436036801,2.22045928e-05,1,0.158216804,0.0673029423,1,-0.472462505,0.0132145882,0.00913279317,0.881204367,0.14949578,0.0539669096,0.290644735,2.24207754e-44,-2.24207754e-44,-2.24207754e-44,-0.0204225965,0.0404296778,-0.243062004,0.156114101,-0.0578262098,-0.0148554677,-0.272728384,-0.0342468955,0.0714686215,0.47819072,-0.33760336,-0.0436517932,-0.0472299196,0.0462562144,-0.0267887581,0.0723225772,0.271410286,-0.0504068509,0.747838616,0.0654270723,-0.120436013,0.11503046,0.428300083,-0.310686618,0.0573532693,0.943146348,-0.140791357,0.0617610663,-0.0279157627,0.0612240918,-0.260968477,0.346691698,-0.166345686,-0.0223241635,-0.172104493,0.652621508,-1.02685475,0.736171484,-0.988518596,-0.433067322,0.609208703,0.171571031,0.0661987886,-0.0934609249,0.990494311,0.296281338,-0.473040879,0.528297722,-0.467067093,0.082361415,0.020033408,0.222787902,0.101052202,-0.000734792615,0.946029961,0.587335587,0.202799812,-0.0793462172,-0.223984003,0.102359772,-0.230689779,0.115986228,0.0703599304,0.0568138957,-0.105797961,-0.0726942867,0.0877007842,0.49197036,-0.359603107,0.00336332293,0.00928850658,0.1264382,0.0948557854,0.215038314,0.399175495,-0.0265340339,0.806102395,0.0428317934,-0.118067384,0.129240543,0.411654979,-0.326277405,0.0528077185,0.968069792,-0.111942269,0.0542319566,-0.0308244079,-0.223984003,0.102359772,-0.230689779,0.115986228,0.0703599304,0.0568138957,-0.105797961,-0.0726942867,0.0877007842,0.49197036,-0.359603107,0.00336332293,0.00928850658,0.1264382,0.0948557854,0.215038314,0.399175495,-0.0265340321,0.806102395,0.0428317934,-0.118067384,0.129240543,0.411654979,-0.326277405,0.0528077222,0.968069792,-0.111942269,0.0542319529,-0.0308244079,-0.223984003,0.102359772,-0.230689779,0.115986228,0.0703599304,0.0568138957,-0.105797961,-0.0726942867,0.0877007842,0.49197036,-0.359603107,0.00336332293,0.00928850658,0.1264382,0.0948557854,0.215038314,0.399175495,-0.0265340339,0.806102395,0.0428317934,-0.118067384,0.129240543,0.411654979,-0.326277405,0.0528077185,0.968069792,-0.111942269,0.0542319566,-0.0308244079
1.07592539,3179261.32,0,0,0.0153270331,4.30596992e-06,1,0.158216804,0,1,-0.473771542,0.0127434712,0.00945934467,0.880504787,0.0775995702,0.0623848811,0.322007746,2.24207754e-44,-2.24207754e-44,-2.24207754e-44,-0.0202413686,0.0382417217,-0.238490433,0.15575251,-0.0605855174,-0.0147119565,-0.265105933,-0.0442069694,0.0782413408,0.46883291,-0.341679484,-0.0355846696,-0.0436282158,0.0472596623,-0.0272571892,0.0817412734,0.27504918,-0.0549154468,0.755230308,0.0601439476,-0.120709874,0.116184548,0.430684894,-0.309228927,0.0573349036,0.954346836,-0.133193225,0.0620683879,-0.028428318,-0.0234187432,-0.190416679,0.486648291,0.0318626426,-0.396908492,0.0335513651,0.818184435,-0.979601383,0.615738034,-0.864471853,-0.389180928,0.766183496,0.435249656,0.121383376,-0.0269034635,0.942862093,0.40710488,-0.39738065,0.827707469,-0.523906589,-0.0625404269,0.153199568,0.242878035,0.174537301,-0.0018905293,1.18413329,0.789317727,-0.0301941372,-0.0338788182,-0.223984003,0.102359772,-0.230689779,0.115986228,0.0703599304,0.0568138957,-0.105797961,-0.0726942867,0.0877007842,0.49197036,-0.359603107,0.00336332293,0.00928850658,0.1264382,0.0948557854,0.215038314,0.399175495,-0.0265340339,0.806102395,0.0428317934,-0.118067384,0.129240543,0.411654979,-0.326277405,0.0528077185,0.968069792,-0.111942269,0.0542319566,-0.0308244079,-0.223984003,0.102359772,-0.230689779,0.115986228,0.0703599304,0.0568138957,-0.105797961,-0.0726942867,0.0877007842,0.49197036,-0.359603107,0.00336332293,0.00928850658,0.1264382,0.0948557854,0.215038314,0.399175495,-0.0265340321,0.806102395,0.0428317934,-0.118067384,0.129240543,0.411654979,-0.326277405,0.0528077222,0.968069792,-0.111942269,0.0542319529,-0.0308244079,-0.223984003,0.102359772,-0.230689779,0.115986228,0.0703599304,0.0568138957,-0.105797961,-0.0726942867,0.0877007842,0.49197036,-0.359603107,0.00336332293,0.00928850658,0.1264382,0.0948557854,0.215038314,0.399175495,-0.0265340339,0.806102395,0.0428317934,-0.118067384,0.129240543,0.411654979,-0.326277405,0.0528077185,0.968069792,-0.111942269,0.0542319566,-0.0308244079
1.0859258,3179261.33,0,0,0.00532638514,4.59095463e-06,1,0.131270848,0.085658744,1,-0.475515217,0.0122810919,0.00935398415,0.879572034,-0.00404974166,0.0977339223,0.41204828,2.24207754e-44,-2.24207754e-44,-2.24207754e-44,-0.0212723352,0.0366827957,-0.234159917,0.156851307,-0.0660934821,-0.0140548432,-0.256405592,-0.0536658764,0.0833840445,0.461805433,-0.345086753,-0.0290039983,-0.0389246643,0.0487584881,-0.0273456983,0.0916186273,0.279709011,-0.0574955866,0.763969064,0.0555918775,-0.121432185,0.118014038,0.433090538,-0.307088375,0.0573217049,0.966156065,-0.126032293,0.061442405,-0.0286264867,-0.144138888,-0.133873612,0.405962646,0.197411731,-0.718338072,0.238420948,0.907892585,-0.896373868,0.473740369,-0.620290041,-0.268474728,0.649438322,0.536373734,0.17250672,0.0218244512,0.977483094,0.490290821,-0.164324552,0.937144816,-0.427166462,-0.147157937,0.261969507,0.236652493,0.237906083,-0.00156773813,1.21268976,0.726430535,-0.181383401,-0.0125070829,-0.138325259,0.0779257342,-0.2242883,0.160487235,0.046944201,0.0800252408,-0.158230484,-0.0433642678,0.080269888,0.471277177,-0.352031946,0.0121305194,0.0106072342,0.111383691,0.0591679253,0.163097188,0.382005036,-0.0274419505,0.800391793,0.0375180021,-0.139088124,0.143953025,0.413802773,-0.327414334,0.0499493033,0.985988319,-0.096347779,0.0324628539,-0.0287897177,-0.138325259,0.0779257342,-0.2242883,0.160487235,0.046944201,0.0800252408,-0.158230484,-0.0433642678,0.080269888,0.471277177,-0.352031946,0.0121305194,0.0106072342,0.111383691,0.0591679253,0.163097188,0.382005036,-0.0274419505,0.800391793,0.0375180021,-0.139088124,0.143953025,0.413802773,-0.327414334,0.049949307,0.985988319,-0.096347779,0.0324628539,-0.0287897177,-0.138325259,0.0779257342,-0.2242883,0.160487235,0.046944201,0.0800252408,-0.158230484,-0.0433642678,0.080269888,0.471277177,-0.352031946,0.0121305194,0.0106072342,0.111383691,0.0591679253,0.163097188,0.382005036,-0.0274419505,0.800391793,0.0375180021,-0.139088124,0.143953025,0.413802773,-0.327414334,0.0499493033,0.985988319,-0.096347779,0.0324628539,-0.0287897177
1.09592598,3179261.34,0,0,0.015326573,4.84567136e-06,1,0.131270848,0,1,-0.477188438,0.012050895,0.00882843602,0.87867403,-0.0988845825,0.107223168,0.389164001,2.24207754e-44,-2.24207754e-44,-2.24207754e-44,-0.0232650656,0.0358177163,-0.229948595,0.160629183,-0.0762607902,-0.00856205449,-0.24687998,-0.0613938831,0.0878497288,0.456225455,-0.346504182,-0.0222729594,-0.0319053121,0.050848309,-0.0265725404,0.100542232,0.284887731,-0.0583371706,0.774665236,0.0513156019,-0.125031218,0.122823596,0.435324878,-0.304400712,0.0573000051,0.979268134,-0.117633946,0.0564468093,-0.0286772102,-0.254136115,-0.050947886,0.418128222,0.456284672,-1.12210298,0.527934492,0.9620924,-0.708305657,0.400091857,-0.496093959,-0.0875455067,0.626845241,0.752740085,0.223177388,0.0855712593,0.878373027,0.554257333,-0.0434657298,1.09624457,-0.407877982,-0.427014828,0.566546321,0.209697455,0.28975755,-0.00190863514,1.31752825,0.838558793,-0.604152739,-0.00113697653,-0.138325259,0.0779257342,-0.2242883,0.160487235,0.046944201,0.0800252408,-0.158230484,-0.0433642678,0.080269888,0.471277177,-0.352031946,0.0121305194,0.0106072342,0.111383691,0.0591679253,0.163097188,0.382005036,-0.0274419505,0.800391793,0.0375180021,-0.139088124,0.143953025,0.413802773,-0.327414334,0.0499493033,0.985988319,-0.096347779,0.0324628539,-0.0287897177,-0.138325259,0.0779257342,-0.2242883,0.160487235,0.046944201,0.0800252408,-0.158230484,-0.0433642678,0.080269888,0.471277177,-0.352031946,0.0121305194,0.0106072342,0.111383691,0.0591679253,0.163097188,0.382005036,-0.0274419505,0.800391793,0.0375180021,-0.139088124,0.143953025,0.413802773,-0.327414334,0.049949307,0.985988319,-0.096347779,0.0324628539,-0.0287897177,-0.138325259,0.0779257342,-0.2242883,0.160487235,0.046944201,0.0800252408,-0.158230484,-0.0433642678,0.080269888,0.471277177,-0.352031946,0.0121305194,0.0106072342,0.111383691,0.0591679253,0.163097188,0.382005036,-0.0274419505,0.800391793,0.0375180021,-0.139088124,0.143953025,0.413802773,-0.327414334,0.0499493033,0.985988319,-0.096347779,0.0324628539,-0.0287897177
1.10692531,3179261.35,0,0,0.00635901513,4.18629497e-06,1,0.126806088,0.111011274,1,-0.479484349,0.0117319012,0.00757795386,0.87743926,-0.205674499,0.158357069,0.429287344,2.24207754e-44,-2.24207754e-44,-2.24207754e-44,-0.0273006223,0.0358155817,-0.226003855,0.166739181,-0.0913513377,-0.00221178448,-0.235591516,-0.0686203837,0.0913772509,0.452359378,-0.346352428,-0.0161073189,-0.0231286157,0.0536586381,-0.0255445875,0.111533023,0.292270899,-0.0573470555,0.787011147,0.0471488312,-0.130464584,0.130216226,0.437216431,-0.300651789,0.0572893508,0.993822217,-0.108961672,0.048627127,-0.0284802075,-0.374285609,0.0365605429,0.245213181,0.584906697,-1.4895438,0.920136213,0.883396208,-0.480195165,0.230390817,-0.125963584,0.214184418,0.408369631,0.734758079,0.263186336,0.113115728,0.903971374,0.616394401,0.233313382,1.00668418,-0.335073799,-0.602913737,0.758608162,0.100107476,0.305021614,-0.000670546899,1.18166637,0.697240889,-0.874065936,0.0589046814,-0.0273139849,0.076292105,-0.223248154,0.212207228,0.0674121529,0.125163913,-0.237798542,-0.00601699576,0.0676539317,0.468509138,-0.325341463,0.00863187201,-0.00400321884,0.115867086,0.00255600363,0.0826478004,0.362719029,-0.0205149986,0.776608944,0.0332188606,-0.167150036,0.162685305,0.427518547,-0.338151127,0.0464866608,0.999674201,-0.0876337662,0.00384140853,-0.0245663319,-0.0273139849,0.076292105,-0.223248154,0.212207228,0.0674121529,0.125163913,-0.237798542,-0.00601699576,0.0676539317,0.468509138,-0.325341463,0.00863187201,-0.00400321931,0.115867086,0.00255600363,0.0826478004,0.362719029,-0.0205149986,0.776608944,0.0332188606,-0.167150036,0.162685305,0.427518547,-0.338151127,0.0464866646,0.999674201,-0.0876337662,0.00384140876,-0.0245663319,-0.0273139849,0.076292105,-0.223248154,0.212207228,0.0674121529,0.125163913,-0.237798542,-0.00601699576,0.0676539317,0.468509138,-0.325341463,0.00863187201,-0.00400321884,0.115867086,0.00255600363,0.0826478004,0.362719029,-0.0205149986,0.776608944,0.0332188606,-0.167150036,0.162685305,0.427518547,-0.338151127,0.0464866608,0.999674201,-0.0876337662,0.00384140853,-0.0245663319
1.11792542,3179261.36,0,0,0.0173591292,4.24031168e-06,1,0.126806088,0,1,-0.481298119,0.011678624,0.00591766555,0.876459181,-0.32440412,0.179112241,0.422455996,2.24207754e-44,-2.24207754e-44,-2.24207754e-44,-0.0312978886,0.0370437652,-0.223923653,0.172915444,-0.107876934,0.00816508848,-0.227590814,-0.0717155114,0.092820093,0.453256041,-0.342905343,-0.0127515467,-0.0160038415,0.0567175932,-0.0241572764,0.120275863,0.298276156,-0.0531039126,0.796438515,0.0439155363,-0.137914181,0.139074564,0.437672138,-0.297839016,0.0572853275,1.00453615,-0.102427058,0.0377423428,-0.0273949429,-0.410749227,0.187291175,0.196811289,0.599389493,-1.68150151,0.913391352,0.759906888,-0.204484001,0.0895290002,0.192591742,0.353361905,0.31136024,0.673658431,0.324961364,0.146673143,0.867120147,0.602448463,0.52916044,0.87017709,-0.302810669,-0.763727784,0.90192759,0.0128522208,0.269111693,-6.32484807e-05,0.955716908,0.592532992,-1.12254536,0.127217308,-0.0273139849,0.076292105,-0.223248154,0.212207228,0.0674121529,0.125163913,-0.237798542,-0.00601699576,0.0676539317,0.468509138,-0.325341463,0.00863187201,-0.00400321884,0.115867086,0.00255600363,0.0826478004,0.362719029,-0.0205149986,0.776608944,0.0332188606,-0.167150036,0.162685305,0.427518547,-0.338151127,0.0464866608,0.999674201,-0.0876337662,0.00384140853,-0.0245663319,-0.0273139849,0.076292105,-0.223248154,0.212207228,0.0674121529,0.125163913,-0.237798542,-0.00601699576,0.0676539317,0.468509138,-0.325341463,0.00863187201,-0.00400321931,0.115867086,0.00255600363,0.0826478004,0.362719029,-0.0205149986,0.776608944,0.0332188606,-0.167150036,0.162685305,0.427518547,-0.338151127,0.0464866646,0.999674201,-0.0876337662,0.00384140876,-0.0245663319,-0.0273139849,0.076292105,-0.223248154,0.212207228,0.0674121529,0.125163913,-0.237798542,-0.00601699576,0.0676539317,0.468509138,-0.325341463,0.00863187201,-0.00400321884,0.115867086,0.00255600363,0.0826478004,0.362719029,-0.0205149986,0.776608944,0.0332188606,-0.167150036,0.162685305,0.427518547,-0.338151127,0.0464866608,0.999674201,-0.0876337662,0.00384140853,-0.0245663319
1.12792544,3179261.37,0,0,0.00735747768,4.21563163e-06,1,0.128665008,0.109534629,1,-0.483234584,0.0116787683,0.00381304976,0.875404716,-0.393250525,0.231854543,0.446285367,2.24207754e-44,-2.24207754e-44,-2.24207754e-44,-0.0354508236,0.039534241,-0.222437069,0.178093567,-0.124730304,0.0161954407,-0.220621198,-0.0724726766,0.0931816697,0.456413537,-0.339417011,-0.0100958785,-0.0101882275,0.0599195659,-0.022749519,0.128930688,0.304525107,-0.0467961393,0.803737581,0.0412856713,-0.144879758,0.14737995,0.437259108,-0.295304775,0.0572902858,1.01196992,-0.0977879986,0.027380608,-0.0260676965,-0.433892936,0.28421399,0.104568414,0.479584813,-1.74666381,0.941576242,0.569561064,0.0268264674,-0.00500655454,0.555499971,0.439023405,0.181079373,0.505809128,0.324268669,0.12314979,0.862915874,0.620802343,0.729373813,0.642649293,-0.258741975,-0.724427819,0.827177286,-0.0927367136,0.225671962,0.000748767052,0.630485713,0.366581112,-1.0751909,0.154672623,0.0822206438,0.0882462636,-0.224202991,0.25805366,0.126216009,0.176614434,-0.326531261,0.0355057754,0.0501152575,0.495510429,-0.299048543,-0.0105935307,-0.0329362489,0.140130073,-0.0587178133,-0.0026011765,0.342717469,-0.0104932003,0.745005786,0.0286429897,-0.195533901,0.176878512,0.461780667,-0.356079727,0.0421755016,1.01323509,-0.0898660719,-0.0222931672,-0.0202018227,0.0822206512,0.0882462636,-0.224202991,0.25805366,0.126216009,0.176614434,-0.326531261,0.0355057754,0.0501152575,0.495510429,-0.299048543,-0.0105935307,-0.0329362489,0.140130073,-0.0587178133,-0.0026011765,0.342717469,-0.0104932003,0.745005786,0.0286429897,-0.195533901,0.176878512,0.461780667,-0.356079727,0.0421755053,1.01323509,-0.0898660719,-0.0222931672,-0.0202018227,0.0822206438,0.0882462636,-0.224202991,0.25805366,0.126216009,0.176614434,-0.326531261,0.0355057754,0.0501152575,0.495510429,-0.299048543,-0.0105935307,-0.0329362489,0.140130073,-0.0587178133,-0.0026011765,0.342717469,-0.0104932003,0.745005786,0.0286429897,-0.195533901,0.176878512,0.461780667,-0.356079727,0.0421755016,1.01323509,-0.0898660719,-0.0222931672,-0.0202018227
1.13892529,3179261.38,0,0,0.0183573267,4.22494486e-06,1,0.128665008,0,1,-0.485279858,0.011300724,0.0014893054,0.874284565,-0.140017822,0.21736525,0.344845295,2.24207754e-44,-2.24207754e-44,-2.24207754e-44,-0.0414721705,0.0420242436,-0.222629175,0.184219867,-0.141624585,0.0223393217,-0.21760048,-0.0714584365,0.0924671665,0.470948398,-0.330959737,-0.00985222962,-0.00616890099,0.061706543,-0.0209209844,0.138695881,0.311882824,-0.0352670439,0.810210288,0.0377578214,-0.155716419,0.158275947,0.433847725,-0.292680651,0.0573006906,1.01856387,-0.0953517258,0.011674339,-0.0234831087,-0.555385411,0.060481187,-0.116479732,0.559377372,-0.834634125,-0.354545206,0.125279069,0.01498044,-0.0634625256,1.44918621,0.764475286,-0.00891501829,0.230334237,-0.101607822,0.199478492,0.756350577,0.648514152,1.06002533,0.482820541,-0.292526335,-0.915362,0.890660584,-0.432347834,0.269721657,0.000926192501,0.48066926,0.116273575,-1.31872046,0.222603574,0.0822206438,0.0882462636,-0.224202991,0.25805366,0.126216009,0.176614434,-0.326531261,0.0355057754,0.0501152575,0.495510429,-0.299048543,-0.0105935307,-0.0329362489,0.140130073,-0.0587178133,-0.0026011765,0.342717469,-0.0104932003,0.745005786,0.0286429897,-0.195533901,0.176878512,0.461780667,-0.356079727,0.0421755016,1.01323509,-0.0898660719,-0.0222931672,-0.0202018227,0.0822206512,0.0882462636,-0.224202991,0.25805366,0.126216009,0.176614434,-0.326531261,0.0355057754,0.0501152575,0.495510429,-0.299048543,-0.0105935307,-0.0329362489,0.140130073,-0.0587178133,-0.0026011765,0.342717469,-0.0104932003,0.745005786,0.0286429897,-0.195533901,0.176878512,0.461780667,-0.356079727,0.0421755053,1.01323509,-0.0898660719,-0.0222931672,-0.0202018227,0.0822206438,0.0882462636,-0.224202991,0.25805366,0.126216009,0.176614434,-0.326531261,0.0355057754,0.0501152575,0.495510429,-0.299048543,-0.0105935307,-0.0329362489,0.140130073,-0.0587178133,-0.0026011765,0.342717469,-0.0104932003,0.745005786,0.0286429897,-0.195533901,0.176878512,0.461780667,-0.356079727,0.0421755016,1.01323509,-0.0898660719,-0.0222931672,-0.0202018227
1.14892532,3179261.39,0,0,0.0083275619,4.27523628e-06,1,0.129784923,0.0845589936,1,-0.486512363,0.0104835043,0.000935564574,0.873610258,0.0309457146,0.230638325,0.23675932,2.24207754e-44,-2.24207754e-44,-2.24207754e-44,-0.0473912321,0.0412412211,-0.224032551,0.190556675,-0.146424904,0.018348122,-0.217322811,-0.0715486631,0.0912912115,0.486386776,-0.32446897,-0.0105662365,-0.00471524149,0.0589184649,-0.0187458992,0.145276845,0.318341672,-0.0247295443,0.814385474,0.03522522,-0.163969785,0.16620554,0.428680271,-0.289897114,0.0573346615,1.02159059,-0.0946889371,-0.000213912354,-0.0215058196,-0.675213397,-0.136502579,-0.145334616,0.705835342,-0.331250072,-0.246720374,-0.197262272,0.0168990046,-0.216916993,1.90177548,0.449533403,-0.214951426,0.0694616958,-0.342630029,0.167771593,0.608102798,0.610231459,1.06813693,0.353849679,-0.223113224,-0.84527272,0.76534307,-0.556330562,0.252372235,0.00938233454,0.188255921,0.0381048843,-1.17896199,0.196542427,0.161190391,0.130626947,-0.244986311,0.288832217,0.183208957,0.226422966,-0.411090255,0.0707311034,0.0295688882,0.53744328,-0.317966044,-0.0253763981,-0.059838336,0.167940199,-0.09975411,-0.0670480132,0.32054162,-0.00917779654,0.713044167,0.0293070897,-0.217551738,0.183398604,0.499780655,-0.369716287,0.0441857204,1.02170753,-0.0971584767,-0.0345851406,-0.018135421,0.161190391,0.130626947,-0.244986311,0.288832217,0.183208957,0.226422966,-0.411090285,0.0707311034,0.0295688882,0.53744328,-0.317966044,-0.0253763981,-0.059838336,0.167940199,-0.09975411,-0.0670480132,0.32054162,-0.00917779654,0.713044167,0.0293070897,-0.217551738,0.183398604,0.499780655,-0.369716287,0.0441857241,1.02170753,-0.0971584767,-0.0345851444,-0.018135421,0.161190391,0.130626947,-0.244986311,0.288832217,0.183208957,0.226422966,-0.411090255,0.0707311034,0.0295688882,0.53744328,-0.317966044,-0.0253763981,-0.059838336,0.167940199,-0.09975411,-0.0670480132,0.32054162,-0.00917779654,0.713044167,0.0293070897,-0.217551738,0.183398604,0.499780655,-0.369716287,0.0441857204,1.02170753,-0.0971584767,-0.0345851406,-0.018135421
1.15892542,3179261.4,0,0,0.0183276637,4.15882096e-06,1,0.129784923,0,1,-0.487186253,0.00970126316,0.000529517012,0.873244047,-0.0204139259,0.183637202,0.170736834,2.24207754e-44,-2.24207754e-44,-2.24207754e-44,-0.0528245084,0.0403278992,-0.225221321,0.196384698,-0.148240149,0.0180736165,-0.220257565,-0.0704308301,0.0884662122,0.503936529,-0.322228014,-0.0127701703,-0.00494416896,0.0563997179,-0.0174153075,0.149353445,0.322570205,-0.0163968056,0.816487551,0.0337365828,-0.170776755,0.171958312,0.42385754,-0.28839308,0.0574268177,1.0223738,-0.0945489407,-0.00958827045,-0.0200095307,-0.634626985,-0.0808128715,-0.151796654,0.714423776,-0.173101023,0.0748407394,-0.391038299,0.231436446,-0.42047888,2.23547339,0.235923037,-0.257171273,-0.0806649253,-0.277590036,0.197808892,0.433471203,0.476401895,1.0033325,0.210022509,-0.165049881,-0.825294435,0.67670536,-0.626088738,0.146938518,0.0104470681,0.0447966717,0.00852860603,-1.14076293,0.174542859,0.161190391,0.130626947,-0.244986311,0.288832217,0.183208957,0.226422966,-0.411090255,0.0707311034,0.0295688882,0.53744328,-0.317966044,-0.0253763981,-0.059838336,0.167940199,-0.09975411,-0.0670480132,0.32054162,-0.00917779654,0.713044167,0.0293070897,-0.217551738,0.183398604,0.499780655,-0.369716287,0.0441857204,1.02170753,-0.0971584767,-0.0345851406,-0.018135421,0.161190391,0.130626947,-0.244986311,0.288832217,0.183208957,0.226422966,-0.411090285,0.0707311034,0.0295688882,0.53744328,-0.317966044,-0.0253763981,-0.059838336,0.167940199,-0.09975411,-0.0670480132,0.32054162,-0.00917779654,0.713044167,0.0293070897,-0.217551738,0.183398604,0.499780655,-0.369716287,0.0441857241,1.02170753,-0.0971584767,-0.0345851444,-0.018135421,0.161190391,0.130626947,-0.244986311,0.288832217,0.183208957,0.226422966,-0.411090255,0.0707311034,0.0295688882,0.53744328,-0.317966044,-0.0253763981,-0.059838336,0.167940199,-0.09975411,-0.0670480132,0.32054162,-0.00917779654,0.713044167,0.0293070897,-0.217551738,0.183398604,0.499780655,-0.369716287,0.0441857204,1.02170753,-0.0971584767,-0.0345851406,-0.018135421
1.16992539,3179261.41,0,0,0.0093750041,4.26312909e-06,1,0.111797825,0.0551399291,1,-0.487830102,0.00941043813,-0.000400465011,0.87288779,-0.161443695,0.148624271,0.1126386,2.24207754e-44,-2.24207754e-44,-2.24207754e-44,-0.0588867925,0.0407216214,-0.227037281,0.203694329,-0.149279401,0.0218682475,-0.225099608,-0.0646795928,0.0821832195,0.529686928,-0.321204126,-0.0157423858,-0.00694576697,0.0544796064,-0.0147790536,0.152194411,0.326818347,-0.00620313827,0.817794621,0.0323335826,-0.179302797,0.178393573,0.416555375,-0.287728965,0.0577302352,1.02095449,-0.0949699283,-0.0210422054,-0.0184696112,-0.509897649,0.0894137248,-0.173647538,0.544679999,-0.0369057246,0.53878504,-0.612401783,0.620904922,-0.646599233,2.44659495,-0.442989826,-0.362520754,-0.278428227,-0.0923338681,0.136401638,0.126221582,0.262580872,0.768043756,0.0546151474,-0.0747580975,-0.672454953,0.430300146,-0.569263756,-0.0180333424,0.0771533549,-0.285222799,-0.140156835,-0.778495431,0.102512777,0.199390203,0.173042387,-0.270297915,0.301585436,0.224872306,0.258384287,-0.465443611,0.0608610697,0.0235112756,0.587713242,-0.373105973,-0.0376783945,-0.0812990665,0.19252418,-0.120565891,-0.0958035886,0.303897917,-0.00855364278,0.700157821,0.0342443064,-0.22566469,0.182666659,0.530627668,-0.371851981,0.0524745062,1.01904643,-0.108420439,-0.0321401656,-0.0169479158,0.199390203,0.173042387,-0.270297915,0.301585436,0.224872306,0.258384287,-0.465443611,0.0608610697,0.0235112738,0.587713242,-0.373105973,-0.0376783945,-0.0812990665,0.19252418,-0.120565891,-0.0958035886,0.303897917,-0.00855364278,0.700157821,0.0342443064,-0.22566469,0.182666659,0.530627668,-0.371851981,0.0524745099,1.01904643,-0.108420439,-0.0321401656,-0.0169479158,0.199390203,0.173042387,-0.270297915,0.301585436,0.224872306,0.258384287,-0.465443611,0.0608610697,0.0235112756,0.587713242,-0.373105973,-0.0376783945,-0.0812990665,0.19252418,-0.120565891,-0.0958035886,0.303897917,-0.00855364278,0.700157821,0.0342443064,-0.22566469,0.182666659,0.530627668,-0.371851981,0.0524745062,1.01904643,-0.108420439,-0.0321401656,-0.0169479158
1.18092692,3179261.42,0,0,0.00038993312,4.75207344e-06,1,0.0984868966,0.0476838797,1,-0.488349319,0.00934180524,-0.00180508359,0.872596383,-0.300012231,0.110925853,0.123655424,2.24207754e-44,-2.24207754e-44,-2.24207754e-44,-0.0634122789,0.0425226837,-0.229206026,0.207856804,-0.149029434,0.029102277,-0.232929066,-0.0567169748,0.0743872747,0.556340337,-0.328102499,-0.019620968,-0.011246155,0.0545342341,-0.0139694791,0.15197432,0.32832396,0.00029021001,0.817705333,0.0319179893,-0.185527936,0.181541532,0.411468536,-0.288749874,0.0590091236,1.01628637,-0.0974112153,-0.0269212574,-0.0176608916,-0.35978812,0.260217875,-0.239707991,0.308966577,0.0667160451,0.799142122,-0.792429447,0.933811188,-0.832584739,2.60117912,-0.611923158,-0.344001383,-0.501951039,0.0842945054,0.0857215673,-0.14907819,0.0837384835,0.534330845,-0.0462187342,-0.0265558269,-0.566316485,0.24334766,-0.462099761,-0.149487033,0.138157234,-0.556331038,-0.272831768,-0.485129774,0.0649798885,0.199390203,0.173042387,-0.270297915,0.301585436,0.224872306,0.258384287,-0.465443611,0.0608610697,0.0235112756,0.587713242,-0.373105973,-0.0376783945,-0.0812990665,0.19252418,-0.120565891,-0.0958035886,0.303897917,-0.00855364278,0.700157821,0.0342443064,-0.22566469,0.182666659,0.530627668,-0.371851981,0.0524745062,1.01904643,-0.108420439,-0.0321401656,-0.0169479158,0.195961297,0.195038319,-0.281411618,0.299846649,0.269719005,0.254465312,-0.482207537,0.01317719,0.0279255994,0.63166523,-0.401815832,-0.0509871095,-0.0903930217,0.205710411,-0.12314868,-0.0874083936,0.304969251,-0.00208029151,0.702823639,0.0425904468,-0.220565096,0.175742298,0.549863458,-0.359843373,0.0588847063,1.00846231,-0.12046726,-0.0220651664,-0.0125976782,0.195961297,0.195038319,-0.281411618,0.299846649,0.269719005,0.254465312,-0.482207537,0.01317719,0.0279255956,0.63166523,-0.401815832,-0.0509871095,-0.0903930217,0.205710411,-0.12314868,-0.0874083936,0.304969251,-0.00208029104,0.702823639,0.0425904468,-0.220565096,0.175742298,0.549863458,-0.359843373,0.0588847026,1.00846231,-0.12046726,-0.0220651645,-0.0125976782
1.19192562,3179261.43,0,0,0.0113886283,4.39723954e-06,1,0.0984868966,0,1,-0.488924712,0.0100350436,-0.00393781625,0.872259378,-0.360809684,0.105779789,0.117754109,2.24207754e-44,-2.24207754e-44,-2.24207754e-44,-0.0660497323,0.0468213558,-0.232213691,0.209217489,-0.147286162,0.0398361348,-0.242976278,-0.0435691215,0.0634473637,0.585858941,-0.336272389,-0.0240813289,-0.0180603992,0.0565396063,-0.0133375144,0.147425085,0.328145415,0.00442964118,0.816072404,0.0320035703,-0.190541446,0.183050081,0.407486767,-0.291183919,0.0605918765,1.00805151,-0.10138423,-0.0307843424,-0.0168928839,-0.189449281,0.367787838,-0.257086486,-0.0372831449,0.22925052,0.947945654,-1.03235757,1.09375119,-1.04597747,2.6604197,-1.02297771,-0.496902317,-0.635234833,0.165447652,-0.0416065864,-0.505796134,-0.0759027377,0.264869452,-0.230293408,0.0540212356,-0.28763327,0.0335659571,-0.208453968,-0.231999502,0.145222157,-0.837199569,-0.461871207,-0.169795439,0.0953192338,0.195961297,0.195038319,-0.281411618,0.299846649,0.269719005,0.254465312,-0.482207537,0.01317719,0.0279255956,0.63166523,-0.401815832,-0.0509871095,-0.0903930217,0.205710411,-0.12314868,-0.0874083936,0.304969251,-0.00208029104,0.702823639,0.0425904468,-0.220565096,0.175742298,0.549863458,-0.359843373,0.0588847026,1.00846231,-0.12046726,-0.0220651645,-0.0125976782,0.195961297,0.195038319,-0.281411618,0.299846649,0.269719005,0.254465312,-0.482207537,0.01317719,0.0279255994,0.63166523,-0.401815832,-0.0509871095,-0.0903930217,0.205710411,-0.12314868,-0.0874083936,0.304969251,-0.00208029151,0.702823639,0.0425904468,-0.220565096,0.175742298,0.549863458,-0.359843373,0.0588847063,1.00846231,-0.12046726,-0.0220651664,-0.0125976782,0.195961297,0.195038319,-0.281411618,0.299846649,0.269719005,0.254465312,-0.482207537,0.01317719,0.0279255956,0.63166523,-0.401815832,-0.0509871095,-0.0903930217,0.205710411,-0.12314868,-0.0874083936,0.304969251,-0.00208029104,0.702823639,0.0425904468,-0.220565096,0.175742298,0.549863458,-0.359843373,0.0588847026,1.00846231,-0.12046726,-0.0220651645,-0.0125976782
1.20192827,3179261.44,0,0,0.00135866506,5.26243821e-06,1,0.130733941,0.046209015,1,-0.489502102,0.0106724715,-0.00574315619,0.871917903,-0.3947815,0.023951441,0.146217108,2.24207754e-44,-2.24207754e-44,-2.24207754e-44,-0.0668334812,0.0507876426,-0.234994054,0.207341552,-0.14432238,0.0496961251,-0.253643543,-0.0323502682,0.0523042493,0.611287177,-0.345761329,-0.0285416152,-0.0250983369,0.0584670641,-0.013752846,0.140383169,0.326517344,0.00617154967,0.813000143,0.0328406133,-0.192322165,0.182703719,0.406459123,-0.293778211,0.0619745292,0.999141157,-0.106402837,-0.0315843448,-0.015801236,0.00466250256,0.424255013,-0.288598627,-0.272195548,0.326501429,1.01127696,-1.0405755,1.16348398,-1.11450326,2.34692621,-0.821336508,-0.388848454,-0.733339846,0.220235556,-0.0280876383,-0.847061217,-0.224296093,0.112390094,-0.345260769,0.0933062136,-0.123643398,-0.0672053918,-0.0425488427,-0.274941057,0.125776798,-0.878109455,-0.48608318,-0.044200357,0.107743442,0.162737876,0.212891102,-0.287792832,0.28749004,0.309394836,0.221696869,-0.47178942,-0.033031825,0.0339569226,0.667529583,-0.412779659,-0.0577502251,-0.0837657899,0.212115347,-0.103279263,-0.0491639115,0.317299306,0.00436246721,0.710485101,0.0552275702,-0.205329493,0.163945168,0.551439106,-0.342041641,0.0649228543,0.992702842,-0.127574041,-0.00777556561,-0.00971323811,0.162737876,0.212891102,-0.287792832,0.28749004,0.309394836,0.221696869,-0.47178942,-0.033031825,0.0339569226,0.667529583,-0.412779659,-0.0577502251,-0.0837657899,0.212115347,-0.103279263,-0.0491639078,0.317299306,0.00436246721,0.710485101,0.0552275702,-0.205329493,0.163945168,0.551439106,-0.342041641,0.0649228543,0.992702842,-0.127574041,-0.00777556561,-0.00971323811,0.162737876,0.212891102,-0.287792832,0.28749004,0.309394836,0.221696869,-0.47178942,-0.033031825,0.0339569226,0.667529583,-0.412779659,-0.0577502251,-0.0837657899,0.212115347,-0.103279263,-0.0491639115,0.317299306,0.00436246721,0.710485101,0.0552275702,-0.205329493,0.163945168,0.551439106,-0.342041641,0.0649228543,0.992702842,-0.127574041,-0.00777556561,-0.00971323811
1.21292524,3179261.45,0,0,0.0123556377,4.18676063e-06,1,0.130733941,0,1,-0.4899804,0.0115649737,-0.00747178495,0.871624708,-0.357588232,0.0404756069,0.0794083551,2.24207754e-44,-2.24207754e-44,-2.24207754e-44,-0.0658833236,0.0552871116,-0.237526342,0.203068525,-0.140321031,0.0586653799,-0.264662683,-0.0206170846,0.0414233878,0.633115232,-0.353982091,-0.0324173458,-0.0320210159,0.0606695637,-0.0144808767,0.130048946,0.323521584,0.00677746022,0.808652937,0.0348967463,-0.192539349,0.180773467,0.407417148,-0.296540737,0.0630282685,0.990199149,-0.111068688,-0.0306124538,-0.0147423763,0.129416779,0.450314075,-0.211170822,-0.56274116,0.482133806,0.707716346,-1.23803127,1.11749196,-1.10905313,2.25183797,-0.932142079,-0.426646501,-0.639464855,0.190640494,-0.142978698,-1.12778652,-0.330519378,0.0377501659,-0.529352903,0.359508246,0.0805955678,-0.342739105,0.217915878,-0.266554266,0.0992865637,-0.969943821,-0.492605239,0.272082627,0.114972554,0.162737876,0.212891102,-0.287792832,0.28749004,0.309394836,0.221696869,-0.47178942,-0.033031825,0.0339569226,0.667529583,-0.412779659,-0.0577502251,-0.0837657899,0.212115347,-0.103279263,-0.0491639115,0.317299306,0.00436246721,0.710485101,0.0552275702,-0.205329493,0.163945168,0.551439106,-0.342041641,0.0649228543,0.992702842,-0.127574041,-0.00777556561,-0.00971323811,0.162737876,0.212891102,-0.287792832,0.28749004,0.309394836,0.221696869,-0.47178942,-0.033031825,0.0339569226,0.667529583,-0.412779659,-0.0577502251,-0.0837657899,0.212115347,-0.103279263,-0.0491639078,0.317299306,0.00436246721,0.710485101,0.0552275702,-0.205329493,0.163945168,0.551439106,-0.342041641,0.0649228543,0.992702842,-0.127574041,-0.00777556561,-0.00971323811,0.162737876,0.212891102,-0.287792832,0.28749004,0.309394836,0.221696869,-0.47178942,-0.033031825,0.0339569226,0.667529583,-0.412779659,-0.0577502251,-0.0837657899,0.212115347,-0.103279263,-0.0491639115,0.317299306,0.00436246721,0.710485101,0.0552275702,-0.205329493,0.163945168,0.551439106,-0.342041641,0.0649228543,0.992702842,-0.127574041,-0.00777556561,-0.00971323811
1.22292604,3179261.46,0,0,0.00232569082,4.72692773e-06,1,0.133417081,0.0624406077,1,-0.490308821,0.0123816915,-0.00892368425,0.871415138,-0.32208398,-0.0420725532,0.0888078585,2.24207754e-44,-2.24207754e-44,-2.24207754e-44,-0.0637321025,0.0596449487,-0.239556387,0.19652538,-0.135086417,0.0648939162,-0.277084291,-0.0101042353,0.0304367822,0.653714538,-0.362331986,-0.0361872241,-0.0382462405,0.0623943172,-0.0157690011,0.117204018,0.319596499,0.00697582448,0.802468359,0.0393835194,-0.191200733,0.176342562,0.41071251,-0.299085915,0.0638595819,0.980742574,-0.115642458,-0.0268725865,-0.0136550413,0.271696806,0.424002945,-0.20716688,-0.682566941,0.528363585,0.614669383,-1.20215929,1.02057993,-1.06546688,1.85251892,-0.736174524,-0.333470821,-0.620158672,0.167396098,-0.10250359,-1.39090407,-0.438187987,0.0109086111,-0.65891242,0.46192947,0.138818115,-0.468119919,0.387970358,-0.247326002,0.0700551197,-0.884645939,-0.412920028,0.391228199,0.098669447,0.108816773,0.230019435,-0.294334948,0.261493385,0.329870999,0.17233941,-0.431613266,-0.0708326623,0.043963477,0.681258738,-0.414301336,-0.0598479621,-0.0668635666,0.209668666,-0.0623265207,0.0132766962,0.33216089,0.00723992428,0.723828077,0.0654599443,-0.181689188,0.149044305,0.537315845,-0.324539065,0.068131119,0.974285841,-0.134136602,0.0112127876,-0.0124324895,0.10881678,0.230019435,-0.294334948,0.261493385,0.329870999,0.17233941,-0.431613266,-0.0708326623,0.043963477,0.681258738,-0.414301336,-0.0598479621,-0.0668635666,0.209668666,-0.0623265207,0.0132766962,0.33216089,0.00723992428,0.723828077,0.0654599443,-0.181689188,0.149044305,0.537315845,-0.324539065,0.068131119,0.974285841,-0.134136602,0.0112127876,-0.0124324895,0.108816773,0.230019435,-0.294334948,0.261493385,0.329870999,0.17233941,-0.431613266,-0.0708326623,0.043963477,0.681258738,-0.414301336,-0.0598479621,-0.0668635666,0.209668666,-0.0623265207,0.0132766962,0.33216089,0.00723992428,0.723828077,0.0654599443,-0.181689188,0.149044305,0.537315845,-0.324539065,0.068131119,0.974285841,-0.134136602,0.0112127876,-0.0124324895
1.23392526,3179261.47,0,0,0.0133249117,4.21563163e-06,1,0.133417081,0,1,-0.490580589,0.0135052809,-0.0099305734,0.871234536,-0.24209787,-0.131779343,0.0257565901,2.24207754e-44,-2.24207754e-44,-2.24207754e-44,-0.0600309595,0.0636418238,-0.24196139,0.188906908,-0.129046276,0.0686817765,-0.288448811,-0.000514366955,0.0208768193,0.668999612,-0.368996173,-0.0392021164,-0.0438003689,0.063715741,-0.0165078603,0.102107041,0.314764798,0.00697891787,0.794923961,0.0444174446,-0.188693643,0.170769185,0.415599227,-0.30121246,0.0643222928,0.972542107,-0.11947187,-0.0217435807,-0.0129791647,0.456599623,0.378017575,-0.287912816,-0.869060814,0.723354876,0.0333421566,-1.10399985,0.887187779,-0.879345477,1.35478771,-0.657704473,-0.292994976,-0.473275781,0.085441798,-0.0581982434,-1.5588789,-0.492336273,-0.0110096326,-0.861171126,0.587919533,0.430465519,-0.694980681,0.572500467,-0.17201826,0.0307277255,-0.839438975,-0.405578613,0.710341632,0.0419162735,0.108816773,0.230019435,-0.294334948,0.261493385,0.329870999,0.17233941,-0.431613266,-0.0708326623,0.043963477,0.681258738,-0.414301336,-0.0598479621,-0.0668635666,0.209668666,-0.0623265207,0.0132766962,0.33216089,0.00723992428,0.723828077,0.0654599443,-0.181689188,0.149044305,0.537315845,-0.324539065,0.068131119,0.974285841,-0.134136602,0.0112127876,-0.0124324895,0.10881678,0.230019435,-0.294334948,0.261493385,0.329870999,0.17233941,-0.431613266,-0.0708326623,0.043963477,0.681258738,-0.414301336,-0.0598479621,-0.0668635666,0.209668666,-0.0623265207,0.0132766962,0.33216089,0.00723992428,0.723828077,0.0654599443,-0.181689188,0.149044305,0.537315845,-0.324539065,0.068131119,0.974285841,-0.134136602,0.0112127876,-0.0124324895,0.108816773,0.230019435,-0.294334948,0.261493385,0.329870999,0.17233941,-0.431613266,-0.0708326623,0.043963477,0.681258738,-0.414301336,-0.0598479621,-0.0668635666,0.209668666,-0.0623265207,0.0132766962,0.33216089,0.00723992428,0.723828077,0.0654599443,-0.181689188,0.149044305,0.537315845,-0.324539065,0.068131119,0.974285841,-0.134136602,0.0112127876,-0.0124324895
1.24392544,3179261.48,0,0,0.00337054068,4.25381586e-06,1,0.1157308,0.0833325088,1,-0.490574419,0.0149108414,-0.0103526665,0.871210217,-0.13339591,-0.193893254,-0.0139480671,2.24207754e-44,-2.24207754e-44,-2.24207754e-44,-0.0540395528,0.067201376,-0.246344715,0.178546056,-0.119907379,0.0677853525,-0.300892085,0.00851116702,0.011930434,0.681026936,-0.375978649,-0.0422032364,-0.0486643575,0.0640651286,-0.0171539895,0.0828715935,0.308662117,0.00618679542,0.783777714,0.0513698459,-0.182575464,0.162000164,0.423490494,-0.302714944,0.0645377487,0.963888347,-0.123912625,-0.0121376971,-0.0127448672,0.505216539,0.232116029,-0.415889025,-0.809422731,0.746364176,-0.0551274829,-0.98897481,0.661881149,-0.639307082,0.751452923,-0.523705482,-0.219652712,-0.373954862,-0.00342642958,-0.0520918928,-1.62328708,-0.519928992,-0.110268146,-0.937925458,0.525189996,0.484402806,-0.687960565,0.696759701,-0.0998251587,0.0123207662,-0.588872313,-0.321320027,0.776835382,0.00953069422,0.0254842639,0.24378264,-0.29965204,0.222742468,0.33033812,0.118389808,-0.35701108,-0.105387807,0.0627154261,0.657063365,-0.400730371,-0.0579845086,-0.0429944061,0.201512054,-0.000131523237,0.0929008722,0.3407197,0.00540011888,0.743206024,0.0675775334,-0.155138016,0.132471591,0.507727504,-0.316820353,0.0673673749,0.953842759,-0.142515033,0.0345648043,-0.0223308131,0.0254842564,0.24378264,-0.29965204,0.222742468,0.33033812,0.118389808,-0.35701108,-0.105387807,0.0627154261,0.657063365,-0.400730371,-0.0579845086,-0.0429944061,0.201512054,-0.000131523237,0.0929008722,0.3407197,0.00540011888,0.743206024,0.0675775334,-0.155138016,0.132471591,0.507727504,-0.316820353,0.0673673749,0.953842759,-0.142515033,0.0345648043,-0.0223308131,0.0254842639,0.24378264,-0.29965204,0.222742468,0.33033812,0.118389808,-0.35701108,-0.105387807,0.0627154261,0.657063365,-0.400730371,-0.0579845086,-0.0429944061,0.201512054,-0.000131523237,0.0929008722,0.3407197,0.00540011888,0.743206024,0.0675775334,-0.155138016,0.132471591,0.507727504,-0.316820353,0.0673673749,0.953842759,-0.142515033,0.0345648043,-0.0223308131
1.25392578,3179261.49,0,0,0.013370879,4.63007018e-06,1,0.1157308,0,1,-0.490376145,0.0163667779,-0.0101337666,0.871298254,-0.0838663653,-0.322836399,-0.0782303661,2.24207754e-44,-2.24207754e-44,-2.24207754e-44,-0.0478658341,0.0693584383,-0.251657307,0.169888109,-0.111170582,0.0622805357,-0.308233887,0.0143498601,0.00741895707,0.682162702,-0.379326999,-0.0437893085,-0.0516025238,0.0639395863,-0.017019419,0.0670354962,0.303466439,0.00422450714,0.773861587,0.0559205674,-0.176263571,0.154147729,0.430972546,-0.303337783,0.0646232292,0.958507657,-0.127565816,-0.00225304812,-0.0137047172,0.697271645,0.203855559,-0.62458849,-0.921252191,0.969595253,-0.896730661,-0.54507488,0.527224123,-0.31075269,-0.358957708,-0.202217475,-0.119967833,-0.224151909,-0.018933773,0.0483267345,-1.52897596,-0.514424622,-0.260625243,-1.03539038,0.413382769,0.766322315,-0.882463515,0.786527991,-0.0371615738,0.00685180677,-0.528495431,-0.414860278,1.17900026,-0.181028545,0.0254842639,0.24378264,-0.29965204,0.222742468,0.33033812,0.118389808,-0.35701108,-0.105387807,0.0627154261,0.657063365,-0.400730371,-0.0579845086,-0.0429944061,0.201512054,-0.000131523237,0.0929008722,0.3407197,0.00540011888,0.743206024,0.0675775334,-0.155138016,0.132471591,0.507727504,-0.316820353,0.0673673749,0.953842759,-0.142515033,0.0345648043,-0.0223308131,0.0254842564,0.24378264,-0.29965204,0.222742468,0.33033812,0.118389808,-0.35701108,-0.105387807,0.0627154261,0.657063365,-0.400730371,-0.0579845086,-0.0429944061,0.201512054,-0.000131523237,0.0929008722,0.3407197,0.00540011888,0.743206024,0.0675775334,-0.155138016,0.132471591,0.507727504,-0.316820353,0.0673673749,0.953842759,-0.142515033,0.0345648043,-0.0223308131,0.0254842639,0.24378264,-0.29965204,0.222742468,0.33033812,0.118389808,-0.35701108,-0.105387807,0.0627154261,0.657063365,-0.400730371,-0.0579845086,-0.0429944061,0.201512054,-0.000131523237,0.0929008722,0.3407197,0.00540011888,0.743206024,0.0675775334,-0.155138016,0.132471591,0.507727504,-0.316820353,0.0673673749,0.953842759,-0.142515033,0.0345648043,-0.0223308131
1.2649262,3179261.51,0,0,0.00437860098,4.43076715e-06,1,0.108622015,0.113860607,1,-0.489769936,0.017822139,-0.00939657912,0.871618867,0.0320538282,-0.321219862,-0.186530456,2.24207754e-44,-2.24207754e-44,-2.24207754e-44,-0.0410440527,0.0704076737,-0.258662164,0.161423251,-0.101854682,0.0541747995,-0.312879235,0.0180590022,0.00582225807,0.675402522,-0.381117553,-0.0448960513,-0.0530164875,0.0633203313,-0.0167785585,0.0529740304,0.298444778,0.00101973128,0.763686538,0.0592716075,-0.168878078,0.145708069,0.438970715,-0.303526282,0.0646845922,0.954456389,-0.131473675,0.00955169648,-0.0158471391,0.655319273,0.0375886373,-0.707138836,-0.768760324,0.893253326,-0.742692828,-0.441042572,0.25347057,-0.0850886703,-0.79814589,-0.193453118,-0.106261045,-0.0979756415,-0.0915943831,0.0115424842,-1.31747758,-0.493731618,-0.34577632,-0.987262011,0.282450438,0.671298623,-0.77947104,0.791802168,-0.0109594818,0.00573439989,-0.304404169,-0.355573803,1.12067938,-0.216208309,-0.0883763433,0.237822086,-0.297935337,0.170883119,0.298581481,0.0760454535,-0.256845713,-0.119882748,0.0852891058,0.614978313,-0.391155928,-0.0494797528,-0.0235037562,0.196356133,0.0607923493,0.168681532,0.344523847,-0.000878408086,0.770231009,0.0595866442,-0.128599718,0.120884508,0.47393924,-0.318620205,0.0658607036,0.940909922,-0.146718845,0.0540730059,-0.0291998498,-0.0883763433,0.237822086,-0.297935337,0.170883119,0.298581481,0.0760454535,-0.256845713,-0.119882748,0.0852891058,0.614978313,-0.391155928,-0.0494797528,-0.0235037543,0.196356133,0.0607923456,0.168681532,0.344523847,-0.000878408551,0.770231009,0.0595866442,-0.128599718,0.120884508,0.47393924,-0.318620205,0.0658607036,0.940909922,-0.146718845,0.0540730059,-0.0291998498,-0.0883763433,0.237822086,-0.297935337,0.170883119,0.298581481,0.0760454535,-0.256845713,-0.119882748,0.0852891058,0.614978313,-0.391155928,-0.0494797528,-0.0235037562,0.196356133,0.0607923493,0.168681532,0.344523847,-0.000878408086,0.770231009,0.0595866442,-0.128599718,0.120884508,0.47393924,-0.318620205,0.0658607036,0.940909922,-0.146718845,0.0540730059,-0.0291998498
1.27592517,3179261.52,0,0,0.0153775648,4.04985622e-06,1,0.108622015,0,1,-0.488840789,0.0194636993,-0.00803768355,0.872118831,0.0883538872,-0.350807458,-0.185346365,2.24207754e-44,-2.24207754e-44,-2.24207754e-44,-0.0332202762,0.0706356019,-0.266019911,0.152726606,-0.0898269117,0.0395709425,-0.314169914,0.0198359843,0.00807083212,0.656260312,-0.382515848,-0.045599401,-0.0542590953,0.0624587983,-0.0165422615,0.0400063321,0.292741239,-0.0041651465,0.752839684,0.0611352511,-0.159691304,0.136380911,0.447973698,-0.303593129,0.0647415593,0.952243626,-0.135537699,0.0243141614,-0.0192279033,0.640385687,-0.00620627683,-0.537885606,-0.694258332,1.05425751,-1.43019128,0.125112757,0.0799958482,0.426368117,-2.15017462,-0.0591862574,-0.0270012803,-0.0957738161,-0.0614717975,0.0112355007,-0.891493797,-0.457848817,-0.495458245,-0.828144372,0.0794532746,0.845514834,-0.781529605,0.721111536,-0.00290225958,0.0042038057,-0.113199949,-0.327903003,1.31414032,-0.325880855,-0.0883763433,0.237822086,-0.297935337,0.170883119,0.298581481,0.0760454535,-0.256845713,-0.119882748,0.0852891058,0.614978313,-0.391155928,-0.0494797528,-0.0235037562,0.196356133,0.0607923493,0.168681532,0.344523847,-0.000878408086,0.770231009,0.0595866442,-0.128599718,0.120884508,0.47393924,-0.318620205,0.0658607036,0.940909922,-0.146718845,0.0540730059,-0.0291998498,-0.0883763433,0.237822086,-0.297935337,0.170883119,0.298581481,0.0760454535,-0.256845713,-0.119882748,0.0852891058,0.614978313,-0.391155928,-0.0494797528,-0.0235037543,0.196356133,0.0607923456,0.168681532,0.344523847,-0.000878408551,0.770231009,0.0595866442,-0.128599718,0.120884508,0.47393924,-0.318620205,0.0658607036,0.940909922,-0.146718845,0.0540730059,-0.0291998498,-0.0883763433,0.237822086,-0.297935337,0.170883119,0.298581481,0.0760454535,-0.256845713,-0.119882748,0.0852891058,0.614978313,-0.391155928,-0.0494797528,-0.0235037562,0.196356133,0.0607923493,0.168681532,0.344523847,-0.000878408086,0.770231009,0.0595866442,-0.128599718,0.120884508,0.47393924,-0.318620205,0.0658607036,0.940909922,-0.146718845,0.0540730059,-0.0291998498
1.2859258,3179261.53,0,0,0.00535177207,4.5071356e-06,1,0.107847154,0.112507105,1,-0.487814397,0.0203665104,-0.00654239301,0.872685254,0.226034746,-0.264222294,-0.277067751,2.24207754e-44,-2.24207754e-44,-2.24207754e-44,-0.0277906209,0.0694575384,-0.270363837,0.147029087,-0.0800367594,0.0273035709,-0.31285876,0.0190923233,0.0145881036,0.634382367,-0.383111477,-0.0457313918,-0.0547580048,0.0614275597,-0.0169625692,0.0334378332,0.288458616,-0.00922115799,0.745806575,0.0615418702,-0.15208222,0.129556432,0.454858243,-0.303611547,0.0647780746,0.951654971,-0.138270408,0.0364646725,-0.0222455207,0.468196183,-0.195549294,-0.358618796,-0.47523436,0.928582907,-1.11351585,0.0991047695,-0.196909308,0.757758498,-2.10175586,-0.0807653219,-0.00762645062,-0.0288574472,-0.133332819,-0.0716692135,-0.499941796,-0.408698469,-0.494344115,-0.615624905,0.0232997481,0.675783575,-0.601081073,0.661672175,-0.00193806307,0.00312267314,-0.0334719345,-0.232691094,1.11478221,-0.273881048,-0.200883448,0.211926103,-0.286849022,0.102566898,0.221419349,0.0568552203,-0.157907128,-0.105931506,0.0968535841,0.586741745,-0.392828315,-0.0294296537,-0.0151965059,0.18835178,0.102949485,0.222826838,0.356160998,-0.00819500722,0.789878607,0.049359709,-0.114639714,0.11583665,0.448560297,-0.321456611,0.0684348047,0.940770984,-0.144755468,0.0678559542,-0.0310016349,-0.200883448,0.211926103,-0.286849022,0.102566898,0.221419349,0.0568552203,-0.157907128,-0.105931506,0.0968535841,0.586741745,-0.392828315,-0.0294296537,-0.0151965059,0.18835178,0.102949485,0.222826838,0.356160998,-0.00819500722,0.789878607,0.049359709,-0.114639714,0.115836643,0.448560297,-0.321456611,0.0684348047,0.940770984,-0.144755468,0.0678559542,-0.0310016349,-0.200883448,0.211926103,-0.286849022,0.102566898,0.221419349,0.0568552203,-0.157907128,-0.105931506,0.0968535841,0.586741745,-0.392828315,-0.0294296537,-0.0151965059,0.18835178,0.102949485,0.222826838,0.356160998,-0.00819500722,0.789878607,0.049359709,-0.114639714,0.11583665,0.448560297,-0.321456611,0.0684348047,0.940770984,-0.144755468,0.0678559542,-0.0310016349
1.29595741,3179261.54,0,0,0.0153833819,2.27959827e-05,1,0.107847154,0,1,-0.486863852,0.0210647546,-0.00488149747,0.873210192,0.22841011,-0.26320675,-0.201551974,2.24207754e-44,-2.24207754e-44,-2.24207754e-44,-0.0224048141,0.0677740574,-0.27258116,0.141012117,-0.0706952512,0.0156282615,-0.308644772,0.016865639,0.0249503851,0.608663201,-0.383935601,-0.0432704724,-0.0558551513,0.0606791861,-0.0174417347,0.0313327052,0.284992963,-0.0150826061,0.741340935,0.0605180897,-0.145278454,0.124059975,0.460579216,-0.303761452,0.0648267344,0.952008843,-0.139653355,0.0480166525,-0.0247300547,0.537459254,-0.177059874,-0.142360434,-0.640644431,0.906470537,-1.12015522,0.541814744,-0.274296254,1.17278528,-2.70100808,-0.11276076,0.293662995,-0.138280824,-0.0527318679,-0.0608811677,-0.0322219655,-0.308729619,-0.625423372,-0.326771677,-0.155828759,0.658575416,-0.506565392,0.525782228,-0.0193093494,0.00547176227,0.0812709779,-0.0900778919,1.1302346,-0.226105139,-0.200883448,0.211926103,-0.286849022,0.102566898,0.221419349,0.0568552203,-0.157907128,-0.105931506,0.0968535841,0.586741745,-0.392828315,-0.0294296537,-0.0151965059,0.18835178,0.102949485,0.222826838,0.356160998,-0.00819500722,0.789878607,0.049359709,-0.114639714,0.11583665,0.448560297,-0.321456611,0.0684348047,0.940770984,-0.144755468,0.0678559542,-0.0310016349,-0.200883448,0.211926103,-0.286849022,0.102566898,0.221419349,0.0568552203,-0.157907128,-0.105931506,0.0968535841,0.586741745,-0.392828315,-0.0294296537,-0.0151965059,0.18835178,0.102949485,0.222826838,0.356160998,-0.00819500722,0.789878607,0.049359709,-0.114639714,0.115836643,0.448560297,-0.321456611,0.0684348047,0.940770984,-0.144755468,0.0678559542,-0.0310016349,-0.200883448,0.211926103,-0.286849022,0.102566898,0.221419349,0.0568552203,-0.157907128,-0.105931506,0.0968535841,0.586741745,-0.392828315,-0.0294296537,-0.0151965059,0.18835178,0.102949485,0.222826838,0.356160998,-0.00819500722,0.789878607,0.049359709,-0.114639714,0.11583665,0.448560297,-0.321456611,0.0684348047,0.940770984,-0.144755468,0.0678559542,-0.0310016349
1.30692604,3179261.55,0,0,0.00636958703,4.65475023e-06,1,0.117265619,0.0826807916,1,-0.485969603,0.0211808532,-0.0029230637,0.873714149,0.299631238,-0.134594664,-0.157614216,2.24207754e-44,-2.24207754e-44,-2.24207754e-44,-0.0172759611,0.0648562387,-0.273097366,0.133639187,-0.0613043196,0.00493762922,-0.30232814,0.0115461918,0.0399572738,0.579351187,-0.38642469,-0.0396238044,-0.0575326867,0.0600709133,-0.019044606,0.0344587192,0.282074869,-0.0227934346,0.739431322,0.0580442399,-0.13857007,0.119212836,0.466088384,-0.303944409,0.0649769157,0.954181254,-0.140237764,0.0594930314,-0.0267737135,0.40508759,-0.270067841,0.068244122,-0.658526599,0.667647839,-0.659101486,0.565945506,-0.536307037,1.32551181,-2.27408504,-0.313300997,0.526743948,-0.144457877,-0.0525549166,-0.150169685,0.476899505,-0.162697062,-0.708573461,-0.0701129586,-0.332818359,0.470422029,-0.314703345,0.375218242,-0.00991504081,0.0331454203,0.321428925,-0.0221940521,0.828338325,-0.119050093,-0.265656978,0.161242366,-0.268994749,0.0543804169,0.138738558,0.052545175,-0.0989976674,-0.0776143521,0.0954143405,0.580098033,-0.402161956,-0.00664406363,-0.0108880103,0.172506467,0.11888054,0.241419151,0.377888709,-0.0167230386,0.800117254,0.0373478159,-0.115120731,0.116949096,0.434651107,-0.319432259,0.07131055,0.954470158,-0.13564083,0.0728906542,-0.0294504762,-0.265656978,0.161242366,-0.268994749,0.0543804169,0.138738558,0.052545175,-0.0989976674,-0.0776143521,0.0954143405,0.580098033,-0.402161956,-0.00664406363,-0.0108880103,0.172506467,0.11888054,0.241419151,0.377888709,-0.0167230386,0.800117254,0.0373478159,-0.115120731,0.116949096,0.434651107,-0.319432259,0.07131055,0.954470158,-0.13564083,0.0728906542,-0.0294504762,-0.265656978,0.161242366,-0.268994749,0.0543804169,0.138738558,0.052545175,-0.0989976674,-0.0776143521,0.0954143405,0.580098033,-0.402161956,-0.00664406363,-0.0108880103,0.172506467,0.11888054,0.241419151,0.377888709,-0.0167230386,0.800117254,0.0373478159,-0.115120731,0.116949096,0.434651107,-0.319432259,0.07131055,0.954470158,-0.13564083,0.0728906542,-0.0294504762
1.31792563,3179261.56,0,0,0.0173691791,4.22075391e-06,1,0.117265619,0,1,-0.485548526,0.020754572,-0.0013674692,0.873962224,0.315860182,-0.0241187811,-0.0596545748,2.24207754e-44,-2.24207754e-44,-2.24207754e-44,-0.0138182938,0.0620348267,-0.271267444,0.126749545,-0.0559041277,-9.50990507e-05,-0.296378672,0.0051096254,0.0531104803,0.55926466,-0.39007473,-0.0337128416,-0.0590501651,0.0597124286,-0.0208105445,0.0415540151,0.281232476,-0.0302543994,0.739782572,0.0536375679,-0.13496843,0.11695683,0.468960792,-0.303989112,0.0656038672,0.958987713,-0.140267998,0.0663613826,-0.0274420511,0.272896469,-0.293561727,0.229970589,-0.673474431,0.462671936,-0.455868155,0.583210468,-0.727444291,1.25550938,-1.78248668,-0.361314178,0.522821903,-0.153672069,-0.0207276084,-0.203489602,0.848608553,-0.0489429794,-0.732419789,0.1064867,-0.455378324,0.296234757,-0.179689035,0.247171625,-0.000853443693,0.0802745968,0.550804853,0.0055765491,0.595770776,-0.042517934,-0.265656978,0.161242366,-0.268994749,0.0543804169,0.138738558,0.052545175,-0.0989976674,-0.0776143521,0.0954143405,0.580098033,-0.402161956,-0.00664406363,-0.0108880103,0.172506467,0.11888054,0.241419151,0.377888709,-0.0167230386,0.800117254,0.0373478159,-0.115120731,0.116949096,0.434651107,-0.319432259,0.07131055,0.954470158,-0.13564083,0.0728906542,-0.0294504762,-0.265656978,0.161242366,-0.268994749,0.0543804169,0.138738558,0.052545175,-0.0989976674,-0.0776143521,0.0954143405,0.580098033,-0.402161956,-0.00664406363,-0.0108880103,0.172506467,0.11888054,0.241419151,0.377888709,-0.0167230386,0.800117254,0.0373478159,-0.115120731,0.116949096,0.434651107,-0.319432259,0.07131055,0.954470158,-0.13564083,0.0728906542,-0.0294504762,-0.265656978,0.161242366,-0.268994749,0.0543804169,0.138738558,0.052545175,-0.0989976674,-0.0776143521,0.0954143405,0.580098033,-0.402161956,-0.00664406363,-0.0108880103,0.172506467,0.11888054,0.241419151,0.377888709,-0.0167230386,0.800117254,0.0373478159,-0.115120731,0.116949096,0.434651107,-0.319432259,0.07131055,0.954470158,-0.13564083,0.0728906542,-0.0294504762
1.32892509,3179261.57,0,0,0.00837936299,4.09921631e-06,1,0.106927007,0.0657754838,1,-0.485711485,0.0196909197,0.000138281335,0.873897374,0.301506698,0.0284276754,0.0745581314,2.24207754e-44,-2.24207754e-44,-2.24207754e-44,-0.0121066859,0.0583186373,-0.268015444,0.119941235,-0.0523501001,-0.0045782025,-0.289252222,-0.00520953583,0.0661583692,0.542467415,-0.394144535,-0.0274835471,-0.0604534224,0.0599073134,-0.0231133718,0.0535716563,0.281098932,-0.038233202,0.742862523,0.0485460199,-0.132534161,0.115485281,0.471448094,-0.303713709,0.0666166469,0.966349065,-0.13968417,0.0715509951,-0.0277109537,0.0770633146,-0.325381666,0.381378531,-0.428915352,0.125632331,-0.245546743,0.698339522,-0.934721947,1.00637686,-1.28757334,-0.378978461,0.73272568,-0.0452817716,0.0301972851,-0.13008292,1.03588545,0.0337215215,-0.677830875,0.4265742,-0.489665031,0.103144638,-0.0730503947,0.170808256,0.0597776547,0.0702127889,0.726935804,0.16088742,0.274205148,-0.0114383595,-0.257936984,0.109563082,-0.250461042,0.0613855422,0.0729630738,0.0529003404,-0.0869040638,-0.059506353,0.0940249413,0.557587564,-0.414069861,0.0163003113,-0.00466042338,0.145647034,0.108906135,0.228615031,0.3917858,-0.024830332,0.807739198,0.0259336755,-0.12556617,0.1234027,0.43319425,-0.315139174,0.0711999536,0.973942637,-0.125368208,0.0683791637,-0.0265121125,-0.257936984,0.109563082,-0.250461042,0.0613855422,0.0729630738,0.0529003404,-0.0869040638,-0.059506353,0.0940249413,0.557587564,-0.414069861,0.0163003113,-0.00466042291,0.145647034,0.108906135,0.228615031,0.3917858,-0.0248303302,0.807739198,0.0259336755,-0.12556617,0.1234027,0.43319425,-0.315139174,0.0711999536,0.973942637,-0.125368208,0.0683791637,-0.0265121125,-0.257936984,0.109563082,-0.250461042,0.0613855422,0.0729630738,0.0529003404,-0.0869040638,-0.059506353,0.0940249413,0.557587564,-0.414069861,0.0163003113,-0.00466042338,0.145647034,0.108906135,0.228615031,0.3917858,-0.024830332,0.807739198,0.0259336755,-0.12556617,0.1234027,0.43319425,-0.315139174,0.0711999536,0.973942637,-0.125368208,0.0683791637,-0.0265121125
1.33895413,3179261.58,0,0,0.0184084,2.01910734e-05,1,0.106927007,0,1,-0.486318856,0.0188478027,0.00136075949,0.873577058,0.292547703,0.0451534018,0.177382603,2.24207754e-44,-2.24207754e-44,-2.24207754e-44,-0.0122217778,0.0548734479,-0.262807131,0.117424659,-0.0529634207,-0.00584593695,-0.28091079,-0.0151935229,0.0754226521,0.530346215,-0.398219168,-0.0194933619,-0.059835773,0.0602385402,-0.0238377638,0.064066723,0.282020539,-0.0450402685,0.74906981,0.0430338159,-0.132363603,0.115158804,0.472858042,-0.302532524,0.0671626553,0.974860013,-0.136884332,0.0729857236,-0.0277499072,-0.0851234049,-0.354967773,0.565653384,-0.154485524,-0.163812771,-0.0772142708,0.888295233,-1.03602612,0.858861625,-1.11086571,-0.396661133,0.719667494,0.117695116,0.0372496955,-0.0566086508,1.07744479,0.123618864,-0.644819617,0.712719619,-0.541172624,-0.00797164254,-0.0150412982,0.130036443,0.154030591,0.0506629087,0.892427146,0.313511044,0.0857348964,-0.000218995483,-0.257936984,0.109563082,-0.250461042,0.0613855422,0.0729630738,0.0529003404,-0.0869040638,-0.059506353,0.0940249413,0.557587564,-0.414069861,0.0163003113,-0.00466042338,0.145647034,0.108906135,0.228615031,0.3917858,-0.024830332,0.807739198,0.0259336755,-0.12556617,0.1234027,0.43319425,-0.315139174,0.0711999536,0.973942637,-0.125368208,0.0683791637,-0.0265121125,-0.257936984,0.109563082,-0.250461042,0.0613855422,0.0729630738,0.0529003404,-0.0869040638,-0.059506353,0.0940249413,0.557587564,-0.414069861,0.0163003113,-0.00466042291,0.145647034,0.108906135,0.228615031,0.3917858,-0.0248303302,0.807739198,0.0259336755,-0.12556617,0.1234027,0.43319425,-0.315139174,0.0711999536,0.973942637,-0.125368208,0.0683791637,-0.0265121125,-0.257936984,0.109563082,-0.250461042,0.0613855422,0.0729630738,0.0529003404,-0.0869040638,-0.059506353,0.0940249413,0.557587564,-0.414069861,0.0163003113,-0.00466042338,0.145647034,0.108906135,0.228615031,0.3917858,-0.024830332,0.807739198,0.0259336755,-0.12556617,0.1234027,0.43319425,-0.315139174,0.0711999536,0.973942637,-0.125368208,0.0683791637,-0.0265121125
1.34965444,3179261.59,0,0,0.00906972867,7.28294253e-06,1,0.119024888,0.0621525049,1,-0.487298399,0.0180154461,0.00236216327,0.873046458,0.225539476,0.0102991592,0.219515562,2.24207754e-44,-2.24207754e-44,-2.24207754e-44,-0.0138162458,0.0514046215,-0.256849438,0.117451705,-0.0566823855,-0.00511247059,-0.270833582,-0.025642423,0.0828806534,0.51978755,-0.401765972,-0.0123938899,-0.0573292598,0.0608859845,-0.0238899402,0.0747191235,0.283467382,-0.0506897122,0.757671952,0.0380914807,-0.133438781,0.116056405,0.47419998,-0.300465703,0.0675921813,0.984284461,-0.133059144,0.0725033432,-0.0276775714,-0.176916704,-0.329699844,0.654509425,0.155047745,-0.571991801,0.241111532,1.15180349,-1.02570355,0.67285049,-1.14836872,-0.334950566,0.816034853,0.395293802,0.093561925,0.0697974935,0.994092584,0.148188233,-0.535829723,1.00730622,-0.493462861,-0.245299622,0.226842463,0.142258063,0.245464906,0.0295388773,1.01917458,0.493492514,-0.197219759,0.0161024928,-0.195784479,0.0792609602,-0.239556924,0.0950651467,0.0300995409,0.0619701855,-0.112392113,-0.0379966162,0.0866662115,0.526106238,-0.421299279,0.0310876034,-0.000204815995,0.126431137,0.0842626095,0.191794693,0.386290401,-0.0296507236,0.807113707,0.0203675926,-0.142500699,0.135342687,0.440857351,-0.313389003,0.0690813363,0.992155671,-0.113812581,0.0555013418,-0.0244903546,-0.195784479,0.0792609602,-0.239556924,0.0950651467,0.0300995409,0.0619701855,-0.112392113,-0.0379966162,0.0866662115,0.526106238,-0.421299279,0.0310876034,-0.000204815529,0.126431137,0.0842626095,0.191794693,0.386290401,-0.0296507217,0.807113707,0.0203675926,-0.142500699,0.135342687,0.440857351,-0.313389003,0.0690813363,0.992155671,-0.113812581,0.0555013381,-0.0244903546,-0.195784479,0.0792609602,-0.239556924,0.0950651467,0.0300995409,0.0619701855,-0.112392113,-0.0379966162,0.0866662115,0.526106238,-0.421299279,0.0310876034,-0.000204815995,0.126431137,0.0842626095,0.191794693,0.386290401,-0.0296507236,0.807113707,0.0203675926,-0.142500699,0.135342687,0.440857351,-0.313389003,0.0690813363,0.992155671,-0.113812581,0.0555013418,-0.0244903546
1.35992545,3179261.6,0,0,0.0193407466,4.2556785e-06,1,0.119024888,0,1,-0.488388658,0.0173958838,0.00306201098,0.872447431,0.164233461,0.0725949332,0.273945451,2.24207754e-44,-2.24207754e-44,-2.24207754e-44,-0.0165343173,0.0483977273,-0.25017491,0.120375134,-0.0639536902,-0.00308443233,-0.258625299,-0.0355433598,0.0885621458,0.508781791,-0.405063897,-0.00500854431,-0.052105058,0.0620157346,-0.0232057534,0.0846493468,0.285166174,-0.0548491701,0.768421352,0.0336882249,-0.136540741,0.119277135,0.475699544,-0.297488421,0.0678150654,0.994663119,-0.127827913,0.0697895885,-0.0273160059,-0.342410982,-0.282889962,0.639417648,0.350285947,-0.800152242,0.144587785,1.23296678,-0.964107692,0.50173831,-1.00957096,-0.324043036,0.659362733,0.572823524,0.119161472,0.0487319008,1.02378714,0.191181704,-0.315399438,1.07256007,-0.391301572,-0.309544057,0.348585904,0.147719756,0.328776151,0.0249044392,1.0163914,0.501766741,-0.275573045,0.048659943,-0.195784479,0.0792609602,-0.239556924,0.0950651467,0.0300995409,0.0619701855,-0.112392113,-0.0379966162,0.0866662115,0.526106238,-0.421299279,0.0310876034,-0.000204815995,0.126431137,0.0842626095,0.191794693,0.386290401,-0.0296507236,0.807113707,0.0203675926,-0.142500699,0.135342687,0.440857351,-0.313389003,0.0690813363,0.992155671,-0.113812581,0.0555013418,-0.0244903546,-0.195784479,0.0792609602,-0.239556924,0.0950651467,0.0300995409,0.0619701855,-0.112392113,-0.0379966162,0.0866662115,0.526106238,-0.421299279,0.0310876034,-0.000204815529,0.126431137,0.0842626095,0.191794693,0.386290401,-0.0296507217,0.807113707,0.0203675926,-0.142500699,0.135342687,0.440857351,-0.313389003,0.0690813363,0.992155671,-0.113812581,0.0555013381,-0.0244903546,-0.195784479,0.0792609602,-0.239556924,0.0950651467,0.0300995409,0.0619701855,-0.112392113,-0.0379966162,0.0866662115,0.526106238,-0.421299279,0.0310876034,-0.000204815995,0.126431137,0.0842626095,0.191794693,0.386290401,-0.0296507236,0.807113707,0.0203675926,-0.142500699,0.135342687,0.440857351,-0.313389003,0.0690813363,0.992155671,-0.113812581,0.0555013418,-0.0244903546
1.3699257,3179261.61,0,0,0.0093329479,4.39491123e-06,1,0.124794897,0.103494942,1,-0.489744753,0.0169112496,0.00330977375,0.871695578,0.0237759389,0.00217835652,0.311561465,2.24207754e-44,-2.24207754e-44,-2.24207754e-44,-0.0201471914,0.0460614339,-0.245100856,0.124675885,-0.0741435736,0.000321099884,-0.245342225,-0.0443847217,0.0921041816,0.499064118,-0.407497108,0.000766827608,-0.0457672216,0.0636551306,-0.0221080817,0.0948547572,0.287256896,-0.0565701835,0.779083371,0.0304452386,-0.140345931,0.1237984,0.476938248,-0.293949753,0.068098411,1.00445008,-0.122652531,0.0657537058,-0.0265763514,-0.322804868,-0.18056199,0.406453997,0.514361382,-1.25578177,0.644448221,1.45784509,-0.802051246,0.222759962,-1.06610727,-0.155182689,0.531136334,0.704637587,0.224154815,0.20904927,0.956988275,0.203914493,-0.101781979,1.10233319,-0.293487102,-0.520098686,0.603302479,0.107561342,0.360391021,0.0197069477,0.986517608,0.597273648,-0.619259477,0.0996641368,-0.0922895372,0.0777679235,-0.240040824,0.142279655,0.0244674236,0.0877474844,-0.171499684,-0.0141579174,0.0733031258,0.491964698,-0.418588519,0.0318848826,-0.00560465222,0.121929355,0.0410014167,0.126416042,0.371578813,-0.028915396,0.79146421,0.0187951177,-0.165505216,0.150339186,0.456618905,-0.318207502,0.0634013563,1.00502801,-0.102309607,0.0338292532,-0.022313498,-0.0922895372,0.0777679235,-0.240040824,0.142279655,0.0244674236,0.0877474844,-0.171499684,-0.0141579174,0.0733031258,0.491964698,-0.418588519,0.0318848826,-0.00560465269,0.121929355,0.0410014167,0.126416042,0.371578813,-0.0289153941,0.79146421,0.0187951177,-0.165505216,0.150339186,0.456618905,-0.318207502,0.0634013563,1.00502801,-0.102309607,0.0338292532,-0.022313498,-0.0922895372,0.0777679235,-0.240040824,0.142279655,0.0244674236,0.0877474844,-0.171499684,-0.0141579174,0.0733031258,0.491964698,-0.418588519,0.0318848826,-0.00560465222,0.121929355,0.0410014167,0.126416042,0.371578813,-0.028915396,0.79146421,0.0187951177,-0.165505216,0.150339186,0.456618905,-0.318207502,0.0634013563,1.00502801,-0.102309607,0.0338292532,-0.022313498
1.38092869,3179261.62,0,0,0.00031163916,5.72111458e-06,1,0.149060972,0.110056765,1,-0.491324335,0.0168220792,0.00297377701,0.870809138,2.37201148e-05,0.0870590806,0.285536736,2.24207754e-44,-2.24207754e-44,-2.24207754e-44,-0.0246126316,0.0448679812,-0.241259024,0.131042883,-0.0903366134,0.00602771062,-0.228133038,-0.0524156317,0.0934537128,0.487572998,-0.408726037,0.00629361346,-0.0365216024,0.0665176585,-0.0198741574,0.106411763,0.290453523,-0.0568291694,0.79135406,0.0275648292,-0.147159547,0.131973073,0.477886915,-0.289326519,0.0682417974,1.01521766,-0.115702219,0.0570637845,-0.0251015145,-0.438392669,-0.112980202,0.223923549,0.514424801,-1.17637944,0.00165685988,1.35589576,-0.644163668,0.0821474567,-0.792389214,-0.0993966684,0.413865298,0.791719735,0.142853498,0.137856364,1.00428486,0.345794946,0.0522031896,0.931549668,-0.200613469,-0.53575772,0.666823328,0.0310443901,0.434099108,0.00909900013,0.811970174,0.516175032,-0.700325847,0.128383011,-0.0922895372,0.0777679235,-0.240040824,0.142279655,0.0244674236,0.0877474844,-0.171499684,-0.0141579174,0.0733031258,0.491964698,-0.418588519,0.0318848826,-0.00560465222,0.121929355,0.0410014167,0.126416042,0.371578813,-0.028915396,0.79146421,0.0187951177,-0.165505216,0.150339186,0.456618905,-0.318207502,0.0634013563,1.00502801,-0.102309607,0.0338292532,-0.022313498,0.0177672282,0.0945489332,-0.242440641,0.191988081,0.0563340932,0.132402331,-0.247998714,0.0052139312,0.0609520152,0.480489433,-0.407777429,0.0182304159,-0.0262034722,0.132944971,-0.0177166481,0.0413922668,0.354673743,-0.0219344571,0.763038278,0.0204104781,-0.191472396,0.167733252,0.483721018,-0.333978832,0.0567427389,1.01398873,-0.098248519,0.00678625517,-0.0177219268,0.0177672282,0.0945489332,-0.242440641,0.191988081,0.0563340932,0.132402331,-0.247998714,0.0052139312,0.0609520152,0.480489433,-0.407777429,0.0182304159,-0.026203474,0.132944971,-0.0177166481,0.0413922668,0.354673743,-0.0219344571,0.763038278,0.0204104781,-0.191472396,0.167733252,0.483721018,-0.333978832,0.0567427352,1.01398873,-0.098248519,0.00678625517,-0.0177219268
1.39192576,3179261.63,0,0,0.0113087143,4.25428152e-06,1,0.149060972,0,1,-0.492349207,0.0158867296,0.00356492144,0.870245457,0.309137136,0.0847769976,0.195107922,2.24207754e-44,-2.24207754e-44,-2.24207754e-44,-0.0299998596,0.0417823233,-0.240324229,0.136960849,-0.0968864933,-0.000891507603,-0.215685278,-0.0601368397,0.0941982344,0.482170492,-0.409350455,0.00929253921,-0.0288926959,0.0648776665,-0.0184972938,0.116816111,0.294940382,-0.0545808747,0.799983263,0.0261269435,-0.152896434,0.139108375,0.47684145,-0.284051657,0.0683131739,1.02259886,-0.11129979,0.0492012724,-0.0235262513,-0.591007352,-0.441837281,0.0490509607,0.711707473,-0.458726496,-0.684753656,1.18946624,-0.836725354,0.0432043448,-0.386871994,-0.00748747494,0.18566823,0.714995444,-0.330825925,0.179643735,1.03258431,0.473393381,0.380849987,0.847495377,-0.0986265764,-0.697613895,0.839902043,-0.205646306,0.554420829,0.00537094567,0.703947842,0.417516768,-0.997528791,0.205253184,0.0177672282,0.0945489332,-0.242440641,0.191988081,0.0563340932,0.132402331,-0.247998714,0.0052139312,0.0609520152,0.480489433,-0.407777429,0.0182304159,-0.026203474,0.132944971,-0.0177166481,0.0413922668,0.354673743,-0.0219344571,0.763038278,0.0204104781,-0.191472396,0.167733252,0.483721018,-0.333978832,0.0567427352,1.01398873,-0.098248519,0.00678625517,-0.0177219268,0.0177672282,0.0945489332,-0.242440641,0.191988081,0.0563340932,0.132402331,-0.247998714,0.0052139312,0.0609520152,0.480489433,-0.407777429,0.0182304159,-0.0262034722,0.132944971,-0.0177166481,0.0413922668,0.354673743,-0.0219344571,0.763038278,0.0204104781,-0.191472396,0.167733252,0.483721018,-0.333978832,0.0567427389,1.01398873,-0.098248519,0.00678625517,-0.0177219268,0.0177672282,0.0945489332,-0.242440641,0.191988081,0.0563340932,0.132402331,-0.247998714,0.0052139312,0.0609520152,0.480489433,-0.407777429,0.0182304159,-0.026203474,0.132944971,-0.0177166481,0.0413922668,0.354673743,-0.0219344571,0.763038278,0.0204104781,-0.191472396,0.167733252,0.483721018,-0.333978832,0.0567427352,1.01398873,-0.098248519,0.00678625517,-0.0177219268
1.40192607,3179261.64,0,0,0.00133747561,4.38978896e-06,1,0.120668672,0.0737549365,1,-0.492998838,0.0146451751,0.00503374496,0.86989212,0.4006311,0.0676114708,0.104009204,2.24207754e-44,-2.24207754e-44,-2.24207754e-44,-0.0362831838,0.0364795551,-0.239945874,0.145030811,-0.100042909,-0.00573546113,-0.20451203,-0.068241246,0.0943852663,0.479884267,-0.40902102,0.010292219,-0.0224751439,0.0604547858,-0.0163917392,0.127019867,0.299756736,-0.0492347293,0.807817161,0.0254963748,-0.160148934,0.147864848,0.473835111,-0.278663635,0.0683575496,1.02792287,-0.107748955,0.0382779911,-0.0212520324,-0.63789022,-0.551142275,0.0439384505,0.831186533,-0.240523517,-0.373305053,1.06971765,-0.757283807,0.00893116929,-0.143028989,0.0480107665,0.0634657145,0.599373519,-0.47865358,0.218213871,1.01335299,0.483995348,0.604052126,0.727327585,-0.0489263646,-0.691972196,0.848639131,-0.347989589,0.515458405,0.00419548526,0.389748633,0.305671334,-1.08121884,0.225320578,0.0799453259,0.154834479,-0.263191879,0.226029634,0.0405424237,0.189837381,-0.307797343,0.035716366,0.0410510078,0.491434485,-0.419684052,0.00493110297,-0.0479031093,0.152278349,-0.0562867112,-0.0323626734,0.336971045,-0.023138687,0.723440766,0.0322191119,-0.214043677,0.184248239,0.513352394,-0.348610461,0.0610979646,1.0189054,-0.0961798057,-0.0132317916,-0.0175943617,0.0799453333,0.154834479,-0.263191879,0.226029634,0.0405424237,0.189837381,-0.307797343,0.035716366,0.0410510078,0.491434485,-0.419684052,0.00493110297,-0.0479031093,0.152278349,-0.0562867112,-0.0323626697,0.336971045,-0.023138687,0.723440766,0.0322191119,-0.214043677,0.184248239,0.513352394,-0.348610461,0.0610979684,1.0189054,-0.0961798057,-0.0132317916,-0.0175943617,0.0799453259,0.154834479,-0.263191879,0.226029634,0.0405424237,0.189837381,-0.307797343,0.035716366,0.0410510078,0.491434485,-0.419684052,0.00493110297,-0.0479031093,0.152278349,-0.0562867112,-0.0323626734,0.336971045,-0.023138687,0.723440766,0.0322191119,-0.214043677,0.184248239,0.513352394,-0.348610461,0.0610979646,1.0189054,-0.0961798057,-0.0132317916,-0.0175943617
1.41292556,3179261.65,0,0,0.0123369629,4.327856e-06,1,0.120668672,0,1,-0.493402332,0.0133888498,0.00622500572,0.869675875,0.239376724,0.143803462,0.104981557,2.24207754e-44,-2.24207754e-44,-2.24207754e-44,-0.0434502363,0.031660907,-0.239769861,0.154139429,-0.102362886,-0.00767786475,-0.195163056,-0.0739918724,0.0933864117,0.480374783,-0.408613861,0.0102190385,-0.0177411344,0.0563832298,-0.0145984096,0.137074053,0.30428645,-0.0427392237,0.813756168,0.0251961648,-0.166832134,0.15656133,0.469751328,-0.274427742,0.0687771589,1.02998579,-0.105253011,0.0270852204,-0.0192826781,-0.832107782,-0.397026241,-0.0365291722,1.03812981,-0.284065545,-0.0459613986,0.792824388,-0.408097953,-0.24603039,0.259536117,0.0209297817,-0.0783602297,0.340465754,-0.302295506,0.131247312,0.998463035,0.407621562,0.674931943,0.475775599,-0.0112392148,-0.719405234,0.975521743,-0.452294767,0.333015442,0.0955829173,0.121473603,0.229529694,-1.25229383,0.175376415,0.0799453259,0.154834479,-0.263191879,0.226029634,0.0405424237,0.189837381,-0.307797343,0.035716366,0.0410510078,0.491434485,-0.419684052,0.00493110297,-0.0479031093,0.152278349,-0.0562867112,-0.0323626734,0.336971045,-0.023138687,0.723440766,0.0322191119,-0.214043677,0.184248239,0.513352394,-0.348610461,0.0610979646,1.0189054,-0.0961798057,-0.0132317916,-0.0175943617,0.0799453333,0.154834479,-0.263191879,0.226029634,0.0405424237,0.189837381,-0.307797343,0.035716366,0.0410510078,0.491434485,-0.419684052,0.00493110297,-0.0479031093,0.152278349,-0.0562867112,-0.0323626697,0.336971045,-0.023138687,0.723440766,0.0322191119,-0.214043677,0.184248239,0.513352394,-0.348610461,0.0610979684,1.0189054,-0.0961798057,-0.0132317916,-0.0175943617,0.0799453259,0.154834479,-0.263191879,0.226029634,0.0405424237,0.189837381,-0.307797343,0.035716366,0.0410510078,0.491434485,-0.419684052,0.00493110297,-0.0479031093,0.152278349,-0.0562867112,-0.0323626734,0.336971045,-0.023138687,0.723440766,0.0322191119,-0.214043677,0.184248239,0.513352394,-0.348610461,0.0610979646,1.0189054,-0.0961798057,-0.0132317916,-0.0175943617
1.42392574,3179261.66,0,0,0.00336630363,4.29479405e-06,1,0.119728036,0.0413849354,1,-0.493694484,0.0124610318,0.00630143704,0.869523287,-0.00727088237,0.103720732,0.00321788713,2.24207754e-44,-2.24207754e-44,-2.24207754e-44,-0.0531092435,0.0291769244,-0.240206316,0.166391522,-0.105767824,-0.00636575231,-0.18717733,-0.0750067458,0.0889223218,0.485963374,-0.408541471,0.00940777455,-0.0148831736,0.0546669587,-0.0128357252,0.147816554,0.30846855,-0.0350159891,0.817106545,0.0252495501,-0.175100714,0.168008298,0.463456392,-0.271862298,0.0703748837,1.02993,-0.103086434,0.0119315498,-0.0177081171,-0.735884607,-0.0731277764,-0.0197628196,0.942572117,-0.255429357,0.202069432,0.606316447,0.145373091,-0.413041532,0.543206334,0.000910987612,-0.0502786599,0.196745902,-0.0480653271,0.165774673,0.796674073,0.317132831,0.596469104,0.156802908,0.0110420557,-0.629057229,0.869215727,-0.561734021,0.145124108,0.138882637,-0.107507452,0.142206699,-1.18148434,0.100958399,0.101020694,0.196219414,-0.277134597,0.234614819,0.02301009,0.230435014,-0.332614064,0.0175793543,0.0387157798,0.500912309,-0.421717823,-0.0135059254,-0.0644425899,0.168581739,-0.0796022415,-0.0646461546,0.317455471,-0.021625923,0.708979607,0.0406004339,-0.226741344,0.189735532,0.541042566,-0.356672138,0.0631752461,1.01764345,-0.105179325,-0.0233549085,-0.0209423676,0.101020686,0.196219414,-0.277134597,0.234614819,0.02301009,0.230435014,-0.332614064,0.0175793543,0.0387157761,0.500912309,-0.421717823,-0.0135059254,-0.0644425899,0.168581739,-0.0796022415,-0.0646461546,0.317455471,-0.021625923,0.708979607,0.0406004339,-0.226741344,0.189735532,0.541042566,-0.356672138,0.0631752461,1.01764345,-0.105179325,-0.0233549085,-0.0209423676,0.101020694,0.196219414,-0.277134597,0.234614819,0.02301009,0.230435014,-0.332614064,0.0175793543,0.0387157798,0.500912309,-0.421717823,-0.0135059254,-0.0644425899,0.168581739,-0.0796022415,-0.0646461546,0.317455471,-0.021625923,0.708979607,0.0406004339,-0.226741344,0.189735532,0.541042566,-0.356672138,0.0631752461,1.01764345,-0.105179325,-0.0233549085,-0.0209423676
1.43492553,3179261.68,0,0,0.0143660968,4.22773883e-06,1,0.119728036,0,1,-0.493716925,0.0121828727,0.00553317741,0.869519711,-0.168914393,0.142544836,0.015618802,2.24207754e-44,-2.24207754e-44,-2.24207754e-44,-0.0603672788,0.0295972079,-0.240748048,0.175104395,-0.108180828,-0.0014750046,-0.182418138,-0.0716710836,0.0830248594,0.49260819,-0.408578992,0.0066795703,-0.0140942279,0.0551875196,-0.0117353555,0.154395834,0.310887873,-0.0292082634,0.817931592,0.0264023505,-0.181537181,0.175814509,0.457981169,-0.271198273,0.071735993,1.02728391,-0.102279678,0.000785773969,-0.0171158351,-0.725068927,0.112339117,-0.0826606378,0.823373199,-0.232036173,0.69922024,0.379218012,0.443142265,-0.72219193,0.754324555,-0.00632547121,-0.417409331,-0.00733620534,0.116658732,0.0649593547,0.554258704,0.180730924,0.57904321,0.0483539663,0.199173406,-0.673307002,0.731491327,-0.523392856,0.0152994422,0.131986707,-0.37499696,0.0432755239,-1.08705842,0.0345195234,0.101020694,0.196219414,-0.277134597,0.234614819,0.02301009,0.230435014,-0.332614064,0.0175793543,0.0387157798,0.500912309,-0.421717823,-0.0135059254,-0.0644425899,0.168581739,-0.0796022415,-0.0646461546,0.317455471,-0.021625923,0.708979607,0.0406004339,-0.226741344,0.189735532,0.541042566,-0.356672138,0.0631752461,1.01764345,-0.105179325,-0.0233549085,-0.0209423676,0.101020686,0.196219414,-0.277134597,0.234614819,0.02301009,0.230435014,-0.332614064,0.0175793543,0.0387157761,0.500912309,-0.421717823,-0.0135059254,-0.0644425899,0.168581739,-0.0796022415,-0.0646461546,0.317455471,-0.021625923,0.708979607,0.0406004339,-0.226741344,0.189735532,0.541042566,-0.356672138,0.0631752461,1.01764345,-0.105179325,-0.0233549085,-0.0209423676,0.101020694,0.196219414,-0.277134597,0.234614819,0.02301009,0.230435014,-0.332614064,0.0175793543,0.0387157798,0.500912309,-0.421717823,-0.0135059254,-0.0644425899,0.168581739,-0.0796022415,-0.0646461546,0.317455471,-0.021625923,0.708979607,0.0406004339,-0.226741344,0.189735532,0.541042566,-0.356672138,0.0631752461,1.01764345,-0.105179325,-0.0233549085,-0.0209423676
1.44592542,3179261.69,0,0,0.00537009025,4.13041562e-06,1,0.116338022,0.0454879254,1,-0.493571728,0.0122922575,0.00375910313,0.869610071,-0.314949453,0.129909649,-0.0282025654,2.24207754e-44,-2.24207754e-44,-2.24207754e-44,-0.0677406043,0.0327242576,-0.241630092,0.182682902,-0.110061698,0.0085610142,-0.178922251,-0.0635415912,0.0740007386,0.501653135,-0.408622354,0.00251646875,-0.0147982752,0.05771593,-0.0113533037,0.158236757,0.31210959,-0.0232531205,0.818030536,0.0291420687,-0.189029634,0.182777852,0.452283204,-0.271794021,0.0729625747,1.02109003,-0.102261603,-0.0104824202,-0.0169668067,-0.559811115,0.330146462,-0.0880608112,0.516354918,-0.105949968,0.96232599,0.227893353,0.788817763,-0.804594755,0.737059295,0.00775661645,-0.3715792,-0.125480533,0.253794789,-0.00243541203,0.170404896,0.0554707237,0.431987137,-0.0355784521,0.248309478,-0.582849741,0.450609952,-0.434720516,-0.0943361819,0.0863102227,-0.620982587,-0.0755388513,-0.801410079,-0.00892269704,0.0957477987,0.212134689,-0.287222922,0.241683483,0.0275266916,0.24232246,-0.334853947,-0.0279085692,0.0463381559,0.507844865,-0.411553621,-0.0266694129,-0.0706198514,0.173420325,-0.0853272229,-0.0622851588,0.308558106,-0.0201844852,0.709950566,0.0458035916,-0.230407596,0.186717063,0.558565974,-0.357526183,0.0646236688,1.01258278,-0.117239133,-0.0214263815,-0.0246755276,0.0957477912,0.212134689,-0.287222922,0.241683483,0.0275266916,0.24232246,-0.334853947,-0.0279085692,0.0463381559,0.507844865,-0.411553621,-0.0266694129,-0.0706198514,0.173420325,-0.0853272229,-0.0622851551,0.308558106,-0.0201844852,0.709950566,0.0458035916,-0.230407596,0.186717063,0.558565974,-0.357526183,0.0646236688,1.01258278,-0.117239133,-0.0214263815,-0.0246755276,0.0957477987,0.212134689,-0.287222922,0.241683483,0.0275266916,0.24232246,-0.334853947,-0.0279085692,0.0463381559,0.507844865,-0.411553621,-0.0266694129,-0.0706198514,0.173420325,-0.0853272229,-0.0622851588,0.308558106,-0.0201844852,0.709950566,0.0458035916,-0.230407596,0.186717063,0.558565974,-0.357526183,0.0646236688,1.01258278,-0.117239133,-0.0214263815,-0.0246755276
1.45592603,3179261.7,0,0,0.0153706972,4.19607386e-06,1,0.116338022,0,1,-0.493620098,0.012477302,0.00198049517,0.869585872,-0.338256419,0.13166979,0.0115886265,2.24207754e-44,-2.24207754e-44,-2.24207754e-44,-0.0732126161,0.0360729657,-0.243040621,0.187059984,-0.110679083,0.0203417446,-0.177538797,-0.0555606261,0.0647385716,0.50892669,-0.408244431,-0.00223045121,-0.0173000749,0.0602926612,-0.011900912,0.158322841,0.3122513,-0.0197359249,0.816936493,0.0320734233,-0.194446474,0.185572714,0.448660433,-0.273248971,0.0737361163,1.01350462,-0.104706012,-0.0166544598,-0.0174663253,-0.497429878,0.356742471,-0.14381066,0.358622462,-0.0256917048,1.25464416,0.0993504226,0.836604536,-0.923196614,0.699627161,0.0503888801,-0.448210806,-0.284871727,0.262735486,-0.0625982806,-0.11882408,-0.0118643101,0.285047352,-0.157256827,0.296937674,-0.498675764,0.183942035,-0.31719479,-0.17418386,0.064659439,-0.815999269,-0.303259641,-0.515624881,-0.0685821697,0.0957477987,0.212134689,-0.287222922,0.241683483,0.0275266916,0.24232246,-0.334853947,-0.0279085692,0.0463381559,0.507844865,-0.411553621,-0.0266694129,-0.0706198514,0.173420325,-0.0853272229,-0.0622851588,0.308558106,-0.0201844852,0.709950566,0.0458035916,-0.230407596,0.186717063,0.558565974,-0.357526183,0.0646236688,1.01258278,-0.117239133,-0.0214263815,-0.0246755276,0.0957477912,0.212134689,-0.287222922,0.241683483,0.0275266916,0.24232246,-0.334853947,-0.0279085692,0.0463381559,0.507844865,-0.411553621,-0.0266694129,-0.0706198514,0.173420325,-0.0853272229,-0.0622851551,0.308558106,-0.0201844852,0.709950566,0.0458035916,-0.230407596,0.186717063,0.558565974,-0.357526183,0.0646236688,1.01258278,-0.117239133,-0.0214263815,-0.0246755276,0.0957477987,0.212134689,-0.287222922,0.241683483,0.0275266916,0.24232246,-0.334853947,-0.0279085692,0.0463381559,0.507844865,-0.411553621,-0.0266694129,-0.0706198514,0.173420325,-0.0853272229,-0.0622851588,0.308558106,-0.0201844852,0.709950566,0.0458035916,-0.230407596,0.186717063,0.558565974,-0.357526183,0.0646236688,1.01258278,-0.117239133,-0.0214263815,-0.0246755276
1.46593066,3179261.71,0,0,0.00537307607,6.74463809e-06,1,0.118273776,0.034612231,1,-0.493454278,0.0129168024,0.000201081624,0.869675815,-0.362158716,0.078255251,-0.0625677407,2.24207754e-44,-2.24207754e-44,-2.24207754e-44,-0.0770948976,0.0401416235,-0.244122535,0.189238742,-0.110343024,0.0330916271,-0.176933974,-0.0463092551,0.0566181168,0.515048563,-0.407710433,-0.0059833508,-0.020054346,0.0629726201,-0.0124875298,0.15505828,0.311750501,-0.0179713313,0.814693451,0.0346867107,-0.198620349,0.186568245,0.446064353,-0.275343329,0.0741433203,1.00537181,-0.107648008,-0.020744415,-0.0182312019,-0.320285708,0.438059896,-0.0843578354,0.133900046,0.068282187,1.27940822,0.0376587212,0.981323361,-0.732982635,0.54245764,0.0518466718,-0.339274406,-0.267119914,0.269955695,-0.0571335852,-0.463771015,-0.0772388652,0.111115843,-0.267887831,0.232203856,-0.36381045,0.0611749142,-0.225582242,-0.232553795,0.0273602568,-0.787934303,-0.271094471,-0.348197341,-0.0772595182,0.0734012425,0.221399948,-0.297254562,0.239109293,0.0502656549,0.229962975,-0.318639368,-0.062520802,0.0522488728,0.515575171,-0.398414493,-0.0308117792,-0.0646343976,0.172038138,-0.07361155,-0.0348452069,0.310298592,-0.0188637283,0.715228081,0.0515568554,-0.224910587,0.180207133,0.56191802,-0.350620747,0.0649742186,1.00388432,-0.126002833,-0.0137860142,-0.0279197358,0.073401235,0.221399948,-0.297254562,0.239109293,0.0502656549,0.229962975,-0.318639368,-0.062520802,0.0522488728,0.515575171,-0.398414493,-0.0308117792,-0.0646343976,0.172038138,-0.07361155,-0.0348452032,0.310298592,-0.0188637283,0.715228081,0.0515568554,-0.224910587,0.180207133,0.56191802,-0.350620747,0.0649742186,1.00388432,-0.126002833,-0.0137860142,-0.0279197358,0.0734012425,0.221399948,-0.297254562,0.239109293,0.0502656549,0.229962975,-0.318639368,-0.062520802,0.0522488728,0.515575171,-0.398414493,-0.0308117792,-0.0646343976,0.172038138,-0.07361155,-0.0348452069,0.310298592,-0.0188637283,0.715228081,0.0515568554,-0.224910587,0.180207133,0.56191802,-0.350620747,0.0649742186,1.00388432,-0.126002833,-0.0137860142,-0.0279197358
1.47692537,3179261.72,0,0,0.0163677903,4.08105552e-06,1,0.118273776,0,1,-0.493217736,0.0134866303,-0.00146040285,0.869800091,-0.332353234,0.0514994822,-0.0498683862,2.24207754e-44,-2.24207754e-44,-2.24207754e-44,-0.0798134133,0.044430811,-0.245188087,0.189680874,-0.108987495,0.0449823625,-0.177025542,-0.0370970406,0.0488449447,0.51989758,-0.405636907,-0.00954165682,-0.0228441264,0.0654191151,-0.0132288076,0.148724332,0.310526043,-0.0173712913,0.810841978,0.0377123915,-0.200875491,0.186265171,0.444840878,-0.277889132,0.0743067488,0.997088194,-0.111520767,-0.022551598,-0.0195890851,-0.232363656,0.422356367,-0.108362816,-0.0132584162,0.172280446,1.14731598,-0.0363878384,0.889198661,-0.770771146,0.445982128,0.252249449,-0.340572,-0.280529797,0.223928481,-0.0782517046,-0.744511962,-0.153736994,0.0366120599,-0.452415675,0.325020999,-0.15535298,-0.0770903528,-0.0720692948,-0.269084334,0.0113085043,-0.812272012,-0.425059915,-0.105143823,-0.159941331,0.0734012425,0.221399948,-0.297254562,0.239109293,0.0502656549,0.229962975,-0.318639368,-0.062520802,0.0522488728,0.515575171,-0.398414493,-0.0308117792,-0.0646343976,0.172038138,-0.07361155,-0.0348452069,0.310298592,-0.0188637283,0.715228081,0.0515568554,-0.224910587,0.180207133,0.56191802,-0.350620747,0.0649742186,1.00388432,-0.126002833,-0.0137860142,-0.0279197358,0.073401235,0.221399948,-0.297254562,0.239109293,0.0502656549,0.229962975,-0.318639368,-0.062520802,0.0522488728,0.515575171,-0.398414493,-0.0308117792,-0.0646343976,0.172038138,-0.07361155,-0.0348452032,0.310298592,-0.0188637283,0.715228081,0.0515568554,-0.224910587,0.180207133,0.56191802,-0.350620747,0.0649742186,1.00388432,-0.126002833,-0.0137860142,-0.0279197358,0.0734012425,0.221399948,-0.297254562,0.239109293,0.0502656549,0.229962975,-0.318639368,-0.062520802,0.0522488728,0.515575171,-0.398414493,-0.0308117792,-0.0646343976,0.172038138,-0.07361155,-0.0348452069,0.310298592,-0.0188637283,0.715228081,0.0515568554,-0.224910587,0.180207133,0.56191802,-0.350620747,0.0649742186,1.00388432,-0.126002833,-0.0137860142,-0.0279197358
1.48692696,3179261.73,0,0,0.00633077789,4.94811684e-06,1,0.184266362,0.0487518348,1,-0.49280569,0.0142824799,-0.00310886931,0.870016634,-0.287380636,-0.00212545111,-0.0887274221,2.24207754e-44,-2.24207754e-44,-2.24207754e-44,-0.0816833228,0.049380295,-0.246186271,0.188492656,-0.106403187,0.0580251738,-0.177885652,-0.0268426947,0.0408509895,0.5241611,-0.402812481,-0.0129441107,-0.0260400288,0.0676157475,-0.0141458232,0.137618974,0.308026493,-0.0171704292,0.804478765,0.0412871912,-0.202092141,0.184849471,0.444562167,-0.281412184,0.0743896216,0.98880136,-0.116149113,-0.0229288358,-0.0215414502,-0.0972600058,0.410992652,-0.070002079,-0.169755578,0.257574052,0.953799427,-0.0751075968,0.816072047,-0.605842352,0.242536396,0.286590636,-0.248067826,-0.245015725,0.156078413,-0.0746539831,-1.03958106,-0.240836024,0.00480307452,-0.593843222,0.298890114,-0.0573755167,-0.177167326,0.0270279981,-0.305264384,0.00390950823,-0.633523643,-0.379725099,0.0740105063,-0.187716737,0.0339161158,0.229511991,-0.305538774,0.226659149,0.0678760856,0.199246094,-0.280791759,-0.0922854245,0.0589930862,0.510744631,-0.383937359,-0.0309212841,-0.0499580055,0.15961355,-0.0452491418,0.0139066279,0.324725837,-0.0188758429,0.72510314,0.0574501529,-0.212483481,0.172154933,0.553187132,-0.340941608,0.0636437386,0.990840793,-0.133770809,-0.00029791519,-0.0341351442,0.0339161232,0.229511991,-0.305538774,0.226659149,0.0678760856,0.199246094,-0.280791759,-0.0922854319,0.0589930899,0.510744631,-0.383937359,-0.0309212841,-0.0499580055,0.15961355,-0.0452491418,0.0139066279,0.324725837,-0.0188758429,0.72510314,0.0574501529,-0.212483481,0.172154933,0.553187132,-0.340941608,0.0636437386,0.990840793,-0.133770809,-0.000297914958,-0.0341351442,0.0339161158,0.229511991,-0.305538774,0.226659149,0.0678760856,0.199246094,-0.280791759,-0.0922854245,0.0589930862,0.510744631,-0.383937359,-0.0309212841,-0.0499580055,0.15961355,-0.0452491418,0.0139066279,0.324725837,-0.0188758429,0.72510314,0.0574501529,-0.212483481,0.172154933,0.553187132,-0.340941608,0.0636437386,0.990840793,-0.133770809,-0.00029791519,-0.0341351442
1.49792548,3179261.74,0,0,0.0173293031,4.07034531e-06,1,0.184266362,0,1,-0.49236986,0.0150363063,-0.00416794373,0.870246232,-0.232842475,-0.0370292813,-0.101988897,2.24207754e-44,-2.24207754e-44,-2.24207754e-44,-0.0819909573,0.0534265116,-0.246834174,0.185883552,-0.103213131,0.064792797,-0.178335547,-0.019627396,0.0351101719,0.524597466,-0.398728907,-0.0150612248,-0.0280203838,0.0687841997,-0.0149084553,0.126286298,0.305476844,-0.0174066946,0.79755646,0.044755891,-0.201999635,0.181832522,0.445800483,-0.284435183,0.0743941963,0.982446551,-0.120449297,-0.0199586507,-0.0241834912,-0.00210505212,0.384156376,-0.0554265194,-0.294574589,0.338627189,0.585023522,-0.0421767831,0.656015515,-0.529015183,-0.04514255,0.401391447,-0.191181034,-0.173631504,0.0805831626,-0.0816631988,-1.18903863,-0.26052776,-0.0460907444,-0.739268541,0.349372357,0.0263597053,-0.343187153,0.172589093,-0.300306618,-0.0012091276,-0.597593367,-0.426248789,0.382722706,-0.285732061,0.0339161158,0.229511991,-0.305538774,0.226659149,0.0678760856,0.199246094,-0.280791759,-0.0922854245,0.0589930862,0.510744631,-0.383937359,-0.0309212841,-0.0499580055,0.15961355,-0.0452491418,0.0139066279,0.324725837,-0.0188758429,0.72510314,0.0574501529,-0.212483481,0.172154933,0.553187132,-0.340941608,0.0636437386,0.990840793,-0.133770809,-0.00029791519,-0.0341351442,0.0339161232,0.229511991,-0.305538774,0.226659149,0.0678760856,0.199246094,-0.280791759,-0.0922854319,0.0589930899,0.510744631,-0.383937359,-0.0309212841,-0.0499580055,0.15961355,-0.0452491418,0.0139066279,0.324725837,-0.0188758429,0.72510314,0.0574501529,-0.212483481,0.172154933,0.553187132,-0.340941608,0.0636437386,0.990840793,-0.133770809,-0.000297914958,-0.0341351442,0.0339161158,0.229511991,-0.305538774,0.226659149,0.0678760856,0.199246094,-0.280791759,-0.0922854245,0.0589930862,0.510744631,-0.383937359,-0.0309212841,-0.0499580055,0.15961355,-0.0452491418,0.0139066279,0.324725837,-0.0188758429,0.72510314,0.0574501529,-0.212483481,0.172154933,0.553187132,-0.340941608,0.0636437386,0.990840793,-0.133770809,-0.00029791519,-0.0341351442
1.50892575,3179261.75,0,0,0.00819759164,4.51505184e-06,1,0.256953295,0.0573226213,1,-0.491895914,0.0157594848,-0.00487787742,0.870497704,-0.177280441,-0.0870795697,-0.0991369933,2.24207754e-44,-2.24207754e-44,-2.24207754e-44,-0.0816502646,0.0569551885,-0.247284979,0.182588726,-0.0996215865,0.0693004802,-0.178575322,-0.0139745083,0.0308396686,0.522699594,-0.394606233,-0.0168186687,-0.0295547955,0.0691462979,-0.0157582164,0.113869667,0.30286178,-0.0183486696,0.789592147,0.0478624105,-0.201240137,0.178168893,0.448072135,-0.287417918,0.0742218792,0.977311373,-0.124412984,-0.0153380409,-0.0270410813,0.102266185,0.348526776,-0.0491503514,-0.406009823,0.410249144,0.22510837,0.0646167696,0.504553854,-0.352325439,-0.417582452,0.55663538,-0.181812048,-0.139682144,0.0138343778,-0.0626631975,-1.25054848,-0.247223809,-0.14769645,-0.874659777,0.28699556,0.207100645,-0.431301773,0.274025887,-0.284905702,-0.0520026684,-0.507100582,-0.426507771,0.608918846,-0.31192866,-0.0207344219,0.230006784,-0.30884555,0.20392248,0.0903664082,0.155416355,-0.227282137,-0.117843851,0.0700948536,0.497824907,-0.3653934,-0.0334351547,-0.0349152572,0.149034277,-0.00528665073,0.0712292492,0.34142226,-0.018815184,0.736238718,0.0583870709,-0.192808405,0.163300753,0.538879752,-0.332109034,0.0594332218,0.977967441,-0.141245097,0.0153646506,-0.0393735357,-0.0207344219,0.230006784,-0.30884555,0.20392248,0.0903664082,0.155416355,-0.227282137,-0.117843851,0.0700948536,0.497824907,-0.3653934,-0.0334351547,-0.0349152572,0.149034277,-0.00528665073,0.0712292492,0.34142226,-0.018815184,0.736238718,0.0583870709,-0.192808405,0.163300753,0.538879752,-0.332109034,0.0594332255,0.977967441,-0.141245097,0.0153646506,-0.0393735357,-0.0207344219,0.230006784,-0.30884555,0.20392248,0.0903664082,0.155416355,-0.227282137,-0.117843851,0.0700948536,0.497824907,-0.3653934,-0.0334351547,-0.0349152572,0.149034277,-0.00528665073,0.0712292492,0.34142226,-0.018815184,0.736238718,0.0583870709,-0.192808405,0.163300753,0.538879752,-0.332109034,0.0594332218,0.977967441,-0.141245097,0.0153646506,-0.0393735357
1.51892753,3179261.76,0,0,0.0181993707,4.96674329e-06,1,0.256953295,0,1,-0.491468996,0.0165273789,-0.00516136922,0.87072295,-0.0838213488,-0.0954005644,-0.0973790735,2.24207754e-44,-2.24207754e-44,-2.24207754e-44,-0.0801250711,0.0600061491,-0.247683674,0.177860171,-0.0951063484,0.0696691945,-0.177243203,-0.0101536158,0.0286070984,0.516330421,-0.388632029,-0.0185252689,-0.0307254158,0.0686959773,-0.0163705498,0.101582825,0.300727934,-0.020528635,0.780100584,0.0503163189,-0.197871387,0.173335165,0.451376706,-0.290009648,0.073213771,0.972683728,-0.128786907,-0.007885308,-0.0302953422,0.146557078,0.25891453,-0.0284878407,-0.479177713,0.454926044,-0.00224161823,0.126411393,0.288840204,-0.141538739,-0.691714883,0.537431121,-0.154815599,-0.105157912,-0.0922531262,-0.0841112882,-1.20833457,-0.193098217,-0.251415133,-0.965375721,0.214951292,0.363171637,-0.481666923,0.359250009,-0.246011168,-0.122013122,-0.402403086,-0.413689971,0.767934263,-0.314701706,-0.0207344219,0.230006784,-0.30884555,0.20392248,0.0903664082,0.155416355,-0.227282137,-0.117843851,0.0700948536,0.497824907,-0.3653934,-0.0334351547,-0.0349152572,0.149034277,-0.00528665073,0.0712292492,0.34142226,-0.018815184,0.736238718,0.0583870709,-0.192808405,0.163300753,0.538879752,-0.332109034,0.0594332218,0.977967441,-0.141245097,0.0153646506,-0.0393735357,-0.0207344219,0.230006784,-0.30884555,0.20392248,0.0903664082,0.155416355,-0.227282137,-0.117843851,0.0700948536,0.497824907,-0.3653934,-0.0334351547,-0.0349152572,0.149034277,-0.00528665073,0.0712292492,0.34142226,-0.018815184,0.736238718,0.0583870709,-0.192808405,0.163300753,0.538879752,-0.332109034,0.0594332255,0.977967441,-0.141245097,0.0153646506,-0.0393735357,-0.0207344219,0.230006784,-0.30884555,0.20392248,0.0903664082,0.155416355,-0.227282137,-0.117843851,0.0700948536,0.497824907,-0.3653934,-0.0334351547,-0.0349152572,0.149034277,-0.00528665073,0.0712292492,0.34142226,-0.018815184,0.736238718,0.0583870709,-0.192808405,0.163300753,0.538879752,-0.332109034,0.0594332218,0.977967441,-0.141245097,0.0153646506,-0.0393735357
1.52992559,3179261.77,0,0,0.00924825994,4.2100437e-06,1,0.208078884,0.0654822588,1,-0.490998715,0.0170622617,-0.00501495227,0.870978773,0.00752804754,-0.119604588,-0.0757116675,2.24207754e-44,-2.24207754e-44,-2.24207754e-44,-0.0786445811,0.0622423999,-0.248110205,0.172425032,-0.089684844,0.0681909621,-0.175867692,-0.00859281607,0.0282017309,0.507598042,-0.382808596,-0.0202161688,-0.0320233032,0.0668518394,-0.0175711382,0.087670587,0.298756838,-0.0239410773,0.768872559,0.0521863177,-0.193635374,0.16823554,0.455931395,-0.292814434,0.0714568868,0.969455063,-0.132948443,0.000850900251,-0.0334708504,0.169860691,0.161923781,-0.0843286589,-0.498411655,0.516151071,-0.462891251,0.220465019,0.047134459,0.0975639671,-0.92827177,0.59453541,-0.145365924,-0.110952169,-0.18498075,-0.0692177415,-1.1023767,-0.124196477,-0.340773076,-0.943405509,0.10101217,0.468989849,-0.413759232,0.390966237,-0.212770864,-0.189428881,-0.204748556,-0.346565068,0.803285182,-0.234967828,-0.0857647732,0.215352982,-0.305079758,0.177251756,0.107328489,0.105278157,-0.161799878,-0.133701816,0.0844635963,0.482815981,-0.350378722,-0.0353764072,-0.0199044365,0.13821286,0.0314540192,0.128323302,0.360096037,-0.0208359621,0.750626922,0.053630732,-0.169910669,0.158272862,0.520752251,-0.327285022,0.055509679,0.97109127,-0.146983847,0.0312962532,-0.0410325266,-0.0857647732,0.215352982,-0.305079758,0.177251756,0.107328489,0.105278157,-0.161799878,-0.133701816,0.0844635963,0.482815981,-0.350378722,-0.0353764072,-0.0199044365,0.13821286,0.0314540192,0.128323302,0.360096037,-0.0208359621,0.750626922,0.053630732,-0.169910669,0.158272862,0.520752251,-0.327285022,0.0555096827,0.97109127,-0.146983847,0.0312962532,-0.0410325266,-0.0857647732,0.215352982,-0.305079758,0.177251756,0.107328489,0.105278157,-0.161799878,-0.133701816,0.0844635963,0.482815981,-0.350378722,-0.0353764072,-0.0199044365,0.13821286,0.0314540192,0.128323302,0.360096037,-0.0208359621,0.750626922,0.053630732,-0.169910669,0.158272862,0.520752251,-0.327285022,0.055509679,0.97109127,-0.146983847,0.0312962532,-0.0410325266
1.5399263,3179261.78,0,0,0.0192489708,4.28408384e-06,1,0.208078884,0,1,-0.490693241,0.0175589994,-0.00439324277,0.871144354,0.09669552,-0.144744784,-0.0771815553,2.24207754e-44,-2.24207754e-44,-2.24207754e-44,-0.0764907375,0.0633847043,-0.249351799,0.167017519,-0.0839905664,0.0606115572,-0.172487706,-0.00922667701,0.0310762897,0.49628371,-0.376418501,-0.021623766,-0.0329634026,0.0644994006,-0.0179898124,0.0776267201,0.298068792,-0.0279164407,0.759544075,0.0527509265,-0.187519774,0.16420421,0.459956944,-0.294641107,0.069087185,0.968099892,-0.136468828,0.0098229032,-0.0355051234,0.213052973,0.0717073902,-0.127934054,-0.537151873,0.569364071,-0.833319485,0.364302844,-0.149529353,0.392634034,-1.17914653,0.600679815,-0.132335141,-0.0774931759,-0.270459324,-0.0460751578,-0.935210049,-0.0415496156,-0.412740797,-0.901512802,0.0364024155,0.65105027,-0.382731557,0.412811041,-0.16890116,-0.254850209,-0.0874607041,-0.337174118,0.914780676,-0.180402756,-0.0857647732,0.215352982,-0.305079758,0.177251756,0.107328489,0.105278157,-0.161799878,-0.133701816,0.0844635963,0.482815981,-0.350378722,-0.0353764072,-0.0199044365,0.13821286,0.0314540192,0.128323302,0.360096037,-0.0208359621,0.750626922,0.053630732,-0.169910669,0.158272862,0.520752251,-0.327285022,0.055509679,0.97109127,-0.146983847,0.0312962532,-0.0410325266,-0.0857647732,0.215352982,-0.305079758,0.177251756,0.107328489,0.105278157,-0.161799878,-0.133701816,0.0844635963,0.482815981,-0.350378722,-0.0353764072,-0.0199044365,0.13821286,0.0314540192,0.128323302,0.360096037,-0.0208359621,0.750626922,0.053630732,-0.169910669,0.158272862,0.520752251,-0.327285022,0.0555096827,0.97109127,-0.146983847,0.0312962532,-0.0410325266,-0.0857647732,0.215352982,-0.305079758,0.177251756,0.107328489,0.105278157,-0.161799878,-0.133701816,0.0844635963,0.482815981,-0.350378722,-0.0353764072,-0.0199044365,0.13821286,0.0314540192,0.128323302,0.360096037,-0.0208359621,0.750626922,0.053630732,-0.169910669,0.158272862,0.520752251,-0.327285022,0.055509679,0.97109127,-0.146983847,0.0312962532,-0.0410325266
1.54995727,3179261.79,0,0,0.00929331779,2.24127434e-05,1,0.222099014,0.0715540275,1,-0.490313977,0.017651286,-0.00345829129,0.871360242,0.183799759,-0.115563437,-0.0835262761,2.24207754e-44,-2.24207754e-44,-2.24207754e-44,-0.0750564113,0.0633665472,-0.250242531,0.162365779,-0.0789292678,0.0527918898,-0.169228598,-0.012193325,0.0360286124,0.485144258,-0.371564925,-0.0226626638,-0.0335403234,0.0613651723,-0.0188601222,0.0695118755,0.297951162,-0.0318750404,0.751664042,0.0529133901,-0.181538746,0.161082685,0.464245349,-0.296312451,0.066623874,0.967698276,-0.139136329,0.0183361173,-0.0368335396,0.147845715,-0.0352816656,-0.0953814387,-0.46155262,0.517233431,-0.939336717,0.420295,-0.367611289,0.629994333,-1.27350748,0.522062242,-0.0706782416,-0.0602577999,-0.336472124,-0.0738910958,-0.715655267,0.0224896446,-0.409326136,-0.727151632,-0.00529173762,0.660763025,-0.2633304,0.420288026,-0.158854768,-0.256146044,-0.00831411686,-0.227349475,0.880899012,-0.089634493,-0.157318801,0.186096445,-0.288985461,0.149382859,0.100836411,0.0613640398,-0.0935000777,-0.144198731,0.100566238,0.462459177,-0.342399597,-0.0279522184,-0.00753493188,0.125734985,0.0559737571,0.174604252,0.383973658,-0.0225109961,0.76718998,0.0448475853,-0.148947805,0.158175319,0.49630174,-0.324192405,0.0523882583,0.971948445,-0.147809446,0.044060722,-0.0378532596,-0.157318801,0.186096445,-0.288985461,0.149382859,0.100836411,0.0613640398,-0.0935000777,-0.144198731,0.100566238,0.462459177,-0.342399597,-0.0279522184,-0.00753493235,0.125734985,0.0559737571,0.174604252,0.383973658,-0.0225109961,0.76718998,0.0448475853,-0.148947805,0.158175319,0.49630174,-0.324192405,0.052388262,0.971948445,-0.147809446,0.0440607183,-0.0378532596,-0.157318801,0.186096445,-0.288985461,0.149382859,0.100836411,0.0613640398,-0.0935000777,-0.144198731,0.100566238,0.462459177,-0.342399597,-0.0279522184,-0.00753493188,0.125734985,0.0559737571,0.174604252,0.383973658,-0.0225109961,0.76718998,0.0448475853,-0.148947805,0.158175319,0.49630174,-0.324192405,0.0523882583,0.971948445,-0.147809446,0.044060722,-0.0378532596
1.56092961,3179261.8,0,0,0.000227978919,5.79096377e-06,1,0.228601042,0.0547513515,1,-0.489877731,0.0174075309,-0.00185589504,0.87161535,0.302477568,-0.0673938245,-0.101872049,2.24207754e-44,-2.24207754e-44,-2.24207754e-44,-0.0737610087,0.0619773604,-0.251148373,0.157291129,-0.0729523301,0.0401607975,-0.163180739,-0.0185164679,0.0457214937,0.468372494,-0.365780026,-0.0230797958,-0.0340755545,0.0567210466,-0.0199527368,0.0632202476,0.298899591,-0.0366819091,0.744611979,0.0525698327,-0.173022836,0.158781976,0.468991905,-0.298065364,0.0635706559,0.968550026,-0.141149417,0.028768206,-0.0373583734,0.0579646155,-0.181699231,-0.0429498143,-0.370846063,0.454869747,-1.02575731,0.499361992,-0.663556576,0.867514908,-1.33873248,0.396569252,-0.0201329459,-0.0264138374,-0.423545182,-0.110672995,-0.388487071,0.110004462,-0.366920888,-0.470035791,-0.0357349329,0.674994349,-0.147314593,0.375879198,-0.141671106,-0.239204794,0.129172683,-0.126978889,0.804566205,-0.0233338177,-0.157318801,0.186096445,-0.288985461,0.149382859,0.100836411,0.0613640398,-0.0935000777,-0.144198731,0.100566238,0.462459177,-0.342399597,-0.0279522184,-0.00753493188,0.125734985,0.0559737571,0.174604252,0.383973658,-0.0225109961,0.76718998,0.0448475853,-0.148947805,0.158175319,0.49630174,-0.324192405,0.0523882583,0.971948445,-0.147809446,0.044060722,-0.0378532596,-0.2081981,0.150080964,-0.268720895,0.134873897,0.0767175108,0.0358535424,-0.0387487225,-0.151527539,0.113373727,0.439262062,-0.334563494,-0.0130451918,0.000187762082,0.115513951,0.0634081364,0.198407382,0.408054173,-0.0243337657,0.781686008,0.0339020342,-0.138469309,0.160892278,0.476170301,-0.322984993,0.0500998236,0.978738427,-0.144970402,0.051480718,-0.0337035023,-0.2081981,0.150080964,-0.268720895,0.134873897,0.0767175108,0.0358535424,-0.0387487262,-0.151527539,0.113373727,0.439262062,-0.334563494,-0.0130451918,0.000187762082,0.115513943,0.0634081364,0.198407382,0.408054173,-0.0243337657,0.781686008,0.0339020342,-0.138469309,0.160892278,0.476170301,-0.322984993,0.0500998199,0.978738427,-0.144970402,0.051480718,-0.0337035023
1.5719297,3179261.81,0,0,0.0112280711,6.31995499e-06,1,0.228601042,0,1,-0.489535004,0.0168440901,-0.000164847559,0.871820927,0.378355652,-0.0833119079,-0.0563592128,2.24207754e-44,-2.24207754e-44,-2.24207754e-44,-0.0736171752,0.0594493225,-0.251241744,0.1544597,-0.0690905154,0.0301093869,-0.157357901,-0.0266859848,0.0548544861,0.454540521,-0.361671746,-0.0224991608,-0.0344186984,0.0522295609,-0.020850623,0.0608687364,0.300513953,-0.0402314067,0.741557062,0.0512851067,-0.166807115,0.157820687,0.472220123,-0.299426615,0.0613483489,0.970873833,-0.141978458,0.0359589197,-0.0373804346,-0.00145707256,-0.300634503,0.0163649805,-0.217705801,0.33734709,-1.01410735,0.724317431,-0.904822469,0.990948617,-1.58007717,0.486849099,0.153935015,-0.0488004982,-0.46596992,-0.060018342,-0.139084533,0.217414767,-0.390789598,-0.191397294,-0.258326262,0.627500415,-0.0605497621,0.2730138,-0.126153857,-0.221325815,0.333310872,-0.0548762083,0.693271816,0.017381072,-0.2081981,0.150080964,-0.268720895,0.134873897,0.0767175108,0.0358535424,-0.0387487262,-0.151527539,0.113373727,0.439262062,-0.334563494,-0.0130451918,0.000187762082,0.115513943,0.0634081364,0.198407382,0.408054173,-0.0243337657,0.781686008,0.0339020342,-0.138469309,0.160892278,0.476170301,-0.322984993,0.0500998199,0.978738427,-0.144970402,0.051480718,-0.0337035023,-0.2081981,0.150080964,-0.268720895,0.134873897,0.0767175108,0.0358535424,-0.0387487225,-0.151527539,0.113373727,0.439262062,-0.334563494,-0.0130451918,0.000187762082,0.115513951,0.0634081364,0.198407382,0.408054173,-0.0243337657,0.781686008,0.0339020342,-0.138469309,0.160892278,0.476170301,-0.322984993,0.0500998236,0.978738427,-0.144970402,0.051480718,-0.0337035023,-0.2081981,0.150080964,-0.268720895,0.134873897,0.0767175108,0.0358535424,-0.0387487262,-0.151527539,0.113373727,0.439262062,-0.334563494,-0.0130451918,0.000187762082,0.115513943,0.0634081364,0.198407382,0.408054173,-0.0243337657,0.781686008,0.0339020342,-0.138469309,0.160892278,0.476170301,-0.322984993,0.0500998199,0.978738427,-0.144970402,0.051480718,-0.0337035023
1.58292722,3179261.82,0,0,0.0022300072,4.97931615e-06,1,0.223683659,0.0411110073,1,-0.489274561,0.0160367861,0.00180070451,0.871980488,0.451778263,-0.0183454324,-0.0767218694,2.24207754e-44,-2.24207754e-44,-2.24207754e-44,-0.0742693692,0.0558020286,-0.250879675,0.153023213,-0.066781275,0.0209546052,-0.149764732,-0.0370559506,0.065359287,0.438946933,-0.357513398,-0.0211171489,-0.034563031,0.047354959,-0.0216240548,0.0611778684,0.303349853,-0.0440207459,0.740677357,0.0479599275,-0.160714582,0.157486647,0.474465311,-0.300603449,0.0593205467,0.975179553,-0.142312989,0.0422148444,-0.0370645635,-0.123041004,-0.403352976,0.0726012364,-0.0950554982,0.194406763,-0.935510755,0.740255296,-1.13453019,1.05448377,-1.45874953,0.346551359,0.111786798,0.00376419071,-0.505487502,-0.0987295359,0.151768669,0.322069764,-0.345435381,-0.0259793457,-0.342758656,0.576367795,-0.0212211534,0.193275422,-0.111594975,-0.184646949,0.477669746,-0.0237632282,0.571860135,0.0364402086,-0.230000585,0.117478758,-0.250901818,0.136379302,0.0356065035,0.0305043329,-0.01025673,-0.146375492,0.117823452,0.420873582,-0.331653267,0.00559137901,0.00417693285,0.109915555,0.0566866882,0.195554346,0.424363673,-0.026024336,0.790008187,0.0255019367,-0.140018031,0.166621,0.465438157,-0.32139191,0.0494802818,0.987556338,-0.140522033,0.0502248555,-0.0299265422,-0.230000585,0.117478758,-0.250901818,0.136379302,0.0356065035,0.0305043329,-0.01025673,-0.146375492,0.117823452,0.420873582,-0.331653267,0.00559137901,0.00417693285,0.109915555,0.0566866882,0.195554346,0.424363673,-0.026024336,0.790008187,0.0255019367,-0.140018031,0.166621,0.465438157,-0.32139191,0.0494802855,0.987556338,-0.140522033,0.0502248555,-0.0299265422,-0.230000585,0.117478758,-0.250901818,0.136379302,0.0356065035,0.0305043329,-0.01025673,-0.146375492,0.117823452,0.420873582,-0.331653267,0.00559137901,0.00417693285,0.109915555,0.0566866882,0.195554346,0.424363673,-0.026024336,0.790008187,0.0255019367,-0.140018031,0.166621,0.465438157,-0.32139191,0.0494802818,0.987556338,-0.140522033,0.0502248555,-0.0299265422
1.59295716,3179261.83,0,0,0.0122599448,2.18488276e-05,1,0.223683659,0,1,-0.488997906,0.014794277,0.00395974051,0.872150481,0.527551293,0.00698936032,-0.0551405922,2.24207754e-44,-2.24207754e-44,-2.24207754e-44,-0.0763336495,0.0511448532,-0.249470115,0.153212562,-0.0653051212,0.0112736085,-0.14209573,-0.0498185605,0.0757401958,0.425149411,-0.354215235,-0.0186072756,-0.0343191102,0.0420114137,-0.0225763302,0.0641083047,0.307188839,-0.0470930934,0.741883516,0.0442275368,-0.156022668,0.157540008,0.47583732,-0.301512539,0.0576854013,0.98076272,-0.142445326,0.046808444,-0.0364306718,-0.264847159,-0.51952827,0.171997592,0.13549149,0.0875626132,-0.914985299,0.846513152,-1.36113334,1.05200529,-1.44654703,0.360331506,0.449536026,0.0353137366,-0.555202425,-0.0773999766,0.361710608,0.4368563,-0.31370315,0.254683554,-0.439184844,0.377990663,0.0344717242,0.0918019414,-0.0708899796,-0.156327203,0.643532276,-0.00531950779,0.368858457,0.101189218,-0.230000585,0.117478758,-0.250901818,0.136379302,0.0356065035,0.0305043329,-0.01025673,-0.146375492,0.117823452,0.420873582,-0.331653267,0.00559137901,0.00417693285,0.109915555,0.0566866882,0.195554346,0.424363673,-0.026024336,0.790008187,0.0255019367,-0.140018031,0.166621,0.465438157,-0.32139191,0.0494802818,0.987556338,-0.140522033,0.0502248555,-0.0299265422,-0.230000585,0.117478758,-0.250901818,0.136379302,0.0356065035,0.0305043329,-0.01025673,-0.146375492,0.117823452,0.420873582,-0.331653267,0.00559137901,0.00417693285,0.109915555,0.0566866882,0.195554346,0.424363673,-0.026024336,0.790008187,0.0255019367,-0.140018031,0.166621,0.465438157,-0.32139191,0.0494802855,0.987556338,-0.140522033,0.0502248555,-0.0299265422,-0.230000585,0.117478758,-0.250901818,0.136379302,0.0356065035,0.0305043329,-0.01025673,-0.146375492,0.117823452,0.420873582,-0.331653267,0.00559137901,0.00417693285,0.109915555,0.0566866882,0.195554346,0.424363673,-0.026024336,0.790008187,0.0255019367,-0.140018031,0.166621,0.465438157,-0.32139191,0.0494802818,0.987556338,-0.140522033,0.0502248555,-0.0299265422
1.60392557,3179261.84,0,0,0.00324372994,4.27663326e-06,1,0.211417675,0.0458136201,1,-0.488653362,0.0129072592,0.00681611523,0.872355938,0.587547243,0.0706178844,-0.0962590203,2.24207754e-44,-2.24207754e-44,-2.24207754e-44,-0.0806249455,0.0442565009,-0.246688887,0.15623413,-0.0649026409,0.000414587586,-0.131865412,-0.0675284937,0.0881900564,0.40949589,-0.350663632,-0.0138325598,-0.0330888703,0.0350762717,-0.0235541053,0.0700841099,0.313245416,-0.0502115376,0.746955633,0.0390485078,-0.152723551,0.158177286,0.476407766,-0.301976681,0.0561925583,0.98898083,-0.1424274,0.0500024408,-0.034928143,-0.414978832,-0.596206367,0.268423885,0.305308551,0.0113086579,-0.927656174,0.825745821,-1.54511821,1.00053585,-1.130705,0.243546948,0.329374582,0.151706204,-0.583384693,-0.0854201242,0.603137672,0.541847885,-0.197137967,0.513226449,-0.389053613,0.223899141,0.0566121489,0.0257376526,-0.0210409798,-0.0923312455,0.670292914,0.00452405727,0.212226927,0.127685994,-0.217002064,0.0960290432,-0.237895787,0.150465131,-0.0102071166,0.0442356057,-0.0109597668,-0.124971539,0.115256503,0.406742603,-0.331240356,0.0245564617,0.00426986162,0.110156164,0.0428186096,0.167805329,0.431163937,-0.0252597164,0.787164867,0.024248451,-0.152240053,0.178279459,0.462606788,-0.320303559,0.0512010828,0.994803965,-0.132977858,0.03846398,-0.0255172979,-0.217002064,0.0960290432,-0.237895787,0.150465131,-0.0102071166,0.0442356057,-0.0109597668,-0.124971539,0.115256503,0.406742603,-0.331240356,0.0245564617,0.00426986162,0.110156164,0.0428186096,0.167805329,0.431163937,-0.0252597146,0.787164867,0.024248451,-0.152240053,0.178279459,0.462606788,-0.320303559,0.0512010865,0.994803965,-0.132977858,0.03846398,-0.0255172979,-0.217002064,0.0960290432,-0.237895787,0.150465131,-0.0102071166,0.0442356057,-0.0109597668,-0.124971539,0.115256503,0.406742603,-0.331240356,0.0245564617,0.00426986162,0.110156164,0.0428186096,0.167805329,0.431163937,-0.0252597164,0.787164867,0.024248451,-0.152240053,0.178279459,0.462606788,-0.320303559,0.0512010828,0.994803965,-0.132977858,0.03846398,-0.0255172979
1.61392559,3179261.85,0,0,0.0132437511,4.31016088e-06,1,0.211417675,0,1,-0.488219589,0.0111415377,0.00918329321,0.87260139,0.575538516,0.0766520351,-0.116269365,2.24207754e-44,-2.24207754e-44,-2.24207754e-44,-0.085567005,0.0381315574,-0.243729651,0.1608942,-0.065867573,-0.0075145252,-0.123252429,-0.083204031,0.0978866667,0.399058491,-0.348164648,-0.0086027151,-0.0309532117,0.0294558275,-0.0241041966,0.0767685398,0.318962693,-0.0516083054,0.753448188,0.0357846208,-0.15147227,0.160154536,0.476521045,-0.302045673,0.0556717888,0.995548785,-0.141749755,0.0507108383,-0.0332432874,-0.54930383,-0.618095815,0.312515706,0.589282334,-0.17762883,-0.686976492,0.897606254,-1.5635035,0.956639349,-1.01469326,0.2563802,0.650333583,0.258305281,-0.542620003,-0.0318339393,0.697804689,0.589889348,-0.105641596,0.742363751,-0.287556112,0.0543592274,0.316242844,0.00300171692,0.00430454034,-0.0324463174,0.65364641,0.119024351,-0.0362789929,0.203951418,-0.217002064,0.0960290432,-0.237895787,0.150465131,-0.0102071166,0.0442356057,-0.0109597668,-0.124971539,0.115256503,0.406742603,-0.331240356,0.0245564617,0.00426986162,0.110156164,0.0428186096,0.167805329,0.431163937,-0.0252597164,0.787164867,0.024248451,-0.152240053,0.178279459,0.462606788,-0.320303559,0.0512010828,0.994803965,-0.132977858,0.03846398,-0.0255172979,-0.217002064,0.0960290432,-0.237895787,0.150465131,-0.0102071166,0.0442356057,-0.0109597668,-0.124971539,0.115256503,0.406742603,-0.331240356,0.0245564617,0.00426986162,0.110156164,0.0428186096,0.167805329,0.431163937,-0.0252597146,0.787164867,0.024248451,-0.152240053,0.178279459,0.462606788,-0.320303559,0.0512010865,0.994803965,-0.132977858,0.03846398,-0.0255172979,-0.217002064,0.0960290432,-0.237895787,0.150465131,-0.0102071166,0.0442356057,-0.0109597668,-0.124971539,0.115256503,0.406742603,-0.331240356,0.0245564617,0.00426986162,0.110156164,0.0428186096,0.167805329,0.431163937,-0.0252597164,0.787164867,0.024248451,-0.152240053,0.178279459,0.462606788,-0.320303559,0.0512010828,0.994803965,-0.132977858,0.03846398,-0.0255172979
1.62392582,3179261.86,0,0,0.00322412094,4.35486436e-06,1,0.230405945,0.0522641242,1,-0.487646371,0.00939004682,0.0113866525,0.87291646,0.537092566,0.101410381,-0.151387334,2.24207754e-44,-2.24207754e-44,-2.24207754e-44,-0.0915039331,0.0322375894,-0.240428671,0.167385787,-0.0678590462,-0.014679281,-0.114300631,-0.098592557,0.106795654,0.390546978,-0.346020222,-0.00314295059,-0.0278365836,0.0243618079,-0.0242625754,0.0845651776,0.32522741,-0.0521723777,0.761412978,0.0334733874,-0.151255682,0.163856655,0.476412565,-0.301761568,0.0554903187,1.00145519,-0.14039883,0.0497309193,-0.0311458744,-0.614818215,-0.564143896,0.335859776,0.662261248,-0.193127245,-0.759168804,0.885543525,-1.51877987,0.83352083,-0.724438787,0.188794643,0.478795886,0.337238342,-0.486835152,-0.0085836295,0.84300375,0.655299187,-0.0331886783,0.813841701,-0.196704432,0.0104591614,0.378766954,-0.0226064399,0.0463219993,-0.0115592899,0.536768138,0.13277626,-0.116435848,0.202423513,-0.174292892,0.0892593265,-0.23122786,0.17268452,-0.0455793738,0.0749137029,-0.0420633703,-0.0933201462,0.109101444,0.402054548,-0.321609318,0.0341303349,-0.00164609542,0.119979762,0.019955609,0.115541205,0.427444845,-0.0205774698,0.773174465,0.0275082365,-0.17277649,0.193294436,0.463148892,-0.32292521,0.0525127575,0.999471247,-0.123728842,0.0181434248,-0.0210461598,-0.174292892,0.0892593265,-0.23122786,0.17268452,-0.0455793738,0.0749137029,-0.0420633741,-0.0933201462,0.109101444,0.402054548,-0.321609318,0.0341303349,-0.00164609496,0.119979769,0.019955609,0.115541205,0.427444845,-0.0205774698,0.773174465,0.0275082365,-0.17277649,0.193294436,0.463148892,-0.32292521,0.0525127612,0.999471247,-0.123728842,0.0181434248,-0.0210461598,-0.174292892,0.0892593265,-0.23122786,0.17268452,-0.0455793738,0.0749137029,-0.0420633703,-0.0933201462,0.109101444,0.402054548,-0.321609318,0.0341303349,-0.00164609542,0.119979762,0.019955609,0.115541205,0.427444845,-0.0205774698,0.773174465,0.0275082365,-0.17277649,0.193294436,0.463148892,-0.32292521,0.0525127575,0.999471247,-0.123728842,0.0181434248,-0.0210461598
1.6349261,3179261.88,0,0,0.0142244012,4.50620428e-06,1,0.230405945,0,1,-0.486862957,0.00772517966,0.013295874,0.873342991,0.456386387,0.0990556926,-0.21172294,2.24207754e-44,-2.24207754e-44,-2.24207754e-44,-0.0981612951,0.027066825,-0.236851722,0.175092489,-0.0704428852,-0.0206551477,-0.105786756,-0.112764984,0.114729501,0.3854568,-0.343100399,0.00219048164,-0.0240233764,0.0199826695,-0.0239713397,0.0933416635,0.331992924,-0.052082032,0.770165205,0.0322208181,-0.152918175,0.169173852,0.475702465,-0.301052868,0.0554304346,1.00670815,-0.137996465,0.046144262,-0.0288630724,-0.700649023,-0.478528321,0.372853816,0.859014928,-0.312086344,-0.461330771,0.828067422,-1.32768154,0.771850049,-0.367601693,0.371375412,0.57104224,0.409589767,-0.39875868,0.0625001192,0.884153426,0.680844784,0.0508021638,0.916210234,-0.0802378803,-0.307984799,0.656900048,-0.11120759,0.0861785039,-0.00308959652,0.528661966,0.330209345,-0.558912277,0.253462434,-0.174292892,0.0892593265,-0.23122786,0.17268452,-0.0455793738,0.0749137029,-0.0420633703,-0.0933201462,0.109101444,0.402054548,-0.321609318,0.0341303349,-0.00164609542,0.119979762,0.019955609,0.115541205,0.427444845,-0.0205774698,0.773174465,0.0275082365,-0.17277649,0.193294436,0.463148892,-0.32292521,0.0525127575,0.999471247,-0.123728842,0.0181434248,-0.0210461598,-0.174292892,0.0892593265,-0.23122786,0.17268452,-0.0455793738,0.0749137029,-0.0420633741,-0.0933201462,0.109101444,0.402054548,-0.321609318,0.0341303349,-0.00164609496,0.119979769,0.019955609,0.115541205,0.427444845,-0.0205774698,0.773174465,0.0275082365,-0.17277649,0.193294436,0.463148892,-0.32292521,0.0525127612,0.999471247,-0.123728842,0.0181434248,-0.0210461598,-0.174292892,0.0892593265,-0.23122786,0.17268452,-0.0455793738,0.0749137029,-0.0420633703,-0.0933201462,0.109101444,0.402054548,-0.321609318,0.0341303349,-0.00164609542,0.119979762,0.019955609,0.115541205,0.427444845,-0.0205774698,0.773174465,0.0275082365,-0.17277649,0.193294436,0.463148892,-0.32292521,0.0525127575,0.999471247,-0.123728842,0.0181434248,-0.0210461598
1.64592565,3179261.89,0,0,0.00526622031,4.31016088e-06,1,0.21824101,0.0677696615,1,-0.485691696,0.00609620428,0.0150208008,0.873979867,0.323952675,0.0957811847,-0.228838459,2.24207754e-44,-2.24207754e-44,-2.24207754e-44,-0.106681041,0.0225059222,-0.232546195,0.185565308,-0.0740402564,-0.0260352287,-0.0959847346,-0.126844123,0.122478962,0.383211881,-0.33881247,0.00800577272,-0.0191197265,0.0161039419,-0.0227746908,0.104539052,0.340236276,-0.05034706,0.780730724,0.031675797,-0.157236814,0.177219525,0.473644614,-0.299655497,0.0554276593,1.01196325,-0.133856788,0.0383875705,-0.0259322077,-0.698179603,-0.302748859,0.335648596,0.832139492,-0.261433512,-0.478232056,0.821725905,-1.06420863,0.531472504,-0.0976384655,0.32330817,0.414678305,0.39114359,-0.269606382,0.114969067,0.978628933,0.691967428,0.210557953,0.821511805,-0.0302340221,-0.330191344,0.612413108,-0.2097978,0.140015095,0.0013329169,0.34383139,0.309534311,-0.618164062,0.219066426,-0.114441089,0.095278807,-0.23226051,0.197002977,-0.0684136897,0.122482121,-0.10059011,-0.0489378124,0.0958865434,0.413795054,-0.314166814,0.0303819366,-0.0127804149,0.143929526,-0.0123117026,0.0477715433,0.409873903,-0.0170795955,0.753620505,0.0339543894,-0.193849117,0.207216054,0.468328595,-0.334782332,0.0538814217,1.00544405,-0.111824125,-0.00729153864,-0.0169405751,-0.114441089,0.095278807,-0.23226051,0.197002977,-0.0684136897,0.122482121,-0.10059011,-0.0489378124,0.0958865434,0.413795054,-0.314166814,0.0303819366,-0.0127804149,0.143929526,-0.0123117026,0.0477715433,0.409873903,-0.0170795955,0.753620505,0.0339543894,-0.193849117,0.207216054,0.468328595,-0.334782332,0.0538814254,1.00544405,-0.111824125,-0.00729153771,-0.0169405751,-0.114441089,0.095278807,-0.23226051,0.197002977,-0.0684136897,0.122482121,-0.10059011,-0.0489378124,0.0958865434,0.413795054,-0.314166814,0.0303819366,-0.0127804149,0.143929526,-0.0123117026,0.0477715433,0.409873903,-0.0170795955,0.753620505,0.0339543894,-0.193849117,0.207216054,0.468328595,-0.334782332,0.0538814217,1.00544405,-0.111824125,-0.00729153864,-0.0169405751
1.65592574,3179261.9,0,0,0.015266309,4.22494486e-06,1,0.21824101,0,1,-0.484687656,0.00509991357,0.0155451484,0.874534309,0.178615034,0.168964997,-0.316037267,2.24207754e-44,-2.24207754e-44,-2.24207754e-44,-0.113028802,0.0209882353,-0.229679003,0.192863956,-0.0765989274,-0.0281460751,-0.091170758,-0.133610785,0.126186803,0.38563773,-0.335730046,0.0103940163,-0.015744634,0.0147144804,-0.0221614055,0.11205861,0.345266521,-0.0476400331,0.787445903,0.0315668993,-0.161258116,0.183153197,0.471475333,-0.298584074,0.0555125549,1.01486695,-0.130157277,0.0309337601,-0.0239135344,-0.826056421,-0.123844832,0.359332651,0.937181294,-0.336777985,-0.170092866,0.507621467,-0.722800016,0.408004701,0.492865264,0.411989331,0.25184834,0.425663441,-0.120674066,0.0714844391,0.916247785,0.59620738,0.406412005,0.833698571,-0.00649837125,-0.573979616,0.791402996,-0.309990764,0.132733002,0.0177866556,0.357027382,0.524887323,-1.06689894,0.263945311,-0.114441089,0.095278807,-0.23226051,0.197002977,-0.0684136897,0.122482121,-0.10059011,-0.0489378124,0.0958865434,0.413795054,-0.314166814,0.0303819366,-0.0127804149,0.143929526,-0.0123117026,0.0477715433,0.409873903,-0.0170795955,0.753620505,0.0339543894,-0.193849117,0.207216054,0.468328595,-0.334782332,0.0538814217,1.00544405,-0.111824125,-0.00729153864,-0.0169405751,-0.114441089,0.095278807,-0.23226051,0.197002977,-0.0684136897,0.122482121,-0.10059011,-0.0489378124,0.0958865434,0.413795054,-0.314166814,0.0303819366,-0.0127804149,0.143929526,-0.0123117026,0.0477715433,0.409873903,-0.0170795955,0.753620505,0.0339543894,-0.193849117,0.207216054,0.468328595,-0.334782332,0.0538814254,1.00544405,-0.111824125,-0.00729153771,-0.0169405751,-0.114441089,0.095278807,-0.23226051,0.197002977,-0.0684136897,0.122482121,-0.10059011,-0.0489378124,0.0958865434,0.413795054,-0.314166814,0.0303819366,-0.0127804149,0.143929526,-0.0123117026,0.0477715433,0.409873903,-0.0170795955,0.753620505,0.0339543894,-0.193849117,0.207216054,0.468328595,-0.334782332,0.0538814217,1.00544405,-0.111824125,-0.00729153864,-0.0169405751
1.66692543,3179261.91,0,0,0.00622882042,4.40422446e-06,1,0.227158889,0.0636635423,1,-0.483027309,0.00410497608,0.0154401707,0.875459552,-0.0276155956,0.162729055,-0.332003742,2.24207754e-44,-2.24207754e-44,-2.24207754e-44,-0.122525662,0.0212616716,-0.225968242,0.203465477,-0.0802820623,-0.0287397597,-0.0856141374,-0.139184505,0.128930613,0.393624276,-0.330799997,0.0130022652,-0.0112581151,0.0145421559,-0.0207183994,0.122365162,0.351818293,-0.0415906943,0.796368837,0.0316447057,-0.168085158,0.192197829,0.466718614,-0.296894401,0.0559742004,1.01789439,-0.123992607,0.0177810378,-0.0209619105,-0.806196392,0.129942089,0.280670643,0.873286426,-0.308837026,0.11941988,0.352824599,-0.254069,0.122455984,0.902917922,0.376947314,0.165066689,0.34281674,0.0685900822,0.119025126,0.802370608,0.493625998,0.575183749,0.691853166,0.0388668142,-0.581158936,0.723558724,-0.450073957,0.135946915,0.0632569119,0.186027497,0.522656143,-1.14717937,0.238089725,-0.0514065884,0.111053444,-0.238610983,0.224223495,-0.0874375626,0.179304525,-0.164253652,-0.00384271517,0.0798703879,0.442326069,-0.312269866,0.0160849653,-0.027351303,0.176947489,-0.0498571917,-0.0113630593,0.380003184,-0.0166317355,0.73745954,0.0425289795,-0.211526677,0.21444273,0.486068428,-0.351209581,0.0536855832,1.01284814,-0.101535052,-0.0298133362,-0.0136181284,-0.0514065884,0.111053444,-0.238610983,0.224223495,-0.0874375626,0.179304525,-0.164253652,-0.00384271517,0.0798703879,0.442326069,-0.312269866,0.0160849653,-0.0273513012,0.176947489,-0.0498571917,-0.0113630593,0.380003184,-0.0166317355,0.73745954,0.0425289795,-0.211526677,0.21444273,0.486068428,-0.351209581,0.0536855869,1.01284814,-0.101535052,-0.0298133343,-0.0136181284,-0.0514065884,0.111053444,-0.238610983,0.224223495,-0.0874375626,0.179304525,-0.164253652,-0.00384271517,0.0798703879,0.442326069,-0.312269866,0.0160849653,-0.027351303,0.176947489,-0.0498571917,-0.0113630593,0.380003184,-0.0166317355,0.73745954,0.0425289795,-0.211526677,0.21444273,0.486068428,-0.351209581,0.0536855832,1.01284814,-0.101535052,-0.0298133362,-0.0136181284
1.67692557,3179261.92,0,0,0.016228958,4.33763489e-06,1,0.227158889,0,1,-0.481446713,0.00359283644,0.0142904269,0.876351476,-0.243031159,0.182419583,-0.362050205,2.24207754e-44,-2.24207754e-44,-2.24207754e-44,-0.131284758,0.0240025893,-0.223445356,0.212768152,-0.0838282555,-0.0243149437,-0.0846228525,-0.138531014,0.129228279,0.40766871,-0.327358574,0.0137040745,-0.00818734895,0.0165157095,-0.0197451189,0.129150555,0.355641723,-0.0348835997,0.803014517,0.0327347964,-0.174713418,0.1994012,0.461570531,-0.295877546,0.0570564084,1.01931465,-0.118050024,0.0045280545,-0.0184610132,-0.858926475,0.37539041,0.210487694,0.911408782,-0.347428828,0.551153958,0.0415686853,0.265664816,-0.0546485372,1.54706669,0.366962254,0.0358681604,0.263157398,0.283273906,0.121051617,0.59399575,0.319443703,0.699965835,0.620539248,0.12896207,-0.661783993,0.686053395,-0.557758987,0.0848661363,0.126840279,0.0936187059,0.588892817,-1.34789598,0.243644372,-0.0514065884,0.111053444,-0.238610983,0.224223495,-0.0874375626,0.179304525,-0.164253652,-0.00384271517,0.0798703879,0.442326069,-0.312269866,0.0160849653,-0.027351303,0.176947489,-0.0498571917,-0.0113630593,0.380003184,-0.0166317355,0.73745954,0.0425289795,-0.211526677,0.21444273,0.486068428,-0.351209581,0.0536855832,1.01284814,-0.101535052,-0.0298133362,-0.0136181284,-0.0514065884,0.111053444,-0.238610983,0.224223495,-0.0874375626,0.179304525,-0.164253652,-0.00384271517,0.0798703879,0.442326069,-0.312269866,0.0160849653,-0.0273513012,0.176947489,-0.0498571917,-0.0113630593,0.380003184,-0.0166317355,0.73745954,0.0425289795,-0.211526677,0.21444273,0.486068428,-0.351209581,0.0536855869,1.01284814,-0.101535052,-0.0298133343,-0.0136181284,-0.0514065884,0.111053444,-0.238610983,0.224223495,-0.0874375626,0.179304525,-0.164253652,-0.00384271517,0.0798703879,0.442326069,-0.312269866,0.0160849653,-0.027351303,0.176947489,-0.0498571917,-0.0113630593,0.380003184,-0.0166317355,0.73745954,0.0425289795,-0.211526677,0.21444273,0.486068428,-0.351209581,0.0536855832,1.01284814,-0.101535052,-0.0298133362,-0.0136181284
1.68692567,3179261.93,0,0,0.00625414494,4.18489799e-06,1,0.203631353,0.0594392419,1,-0.47995007,0.00380119146,0.0124191418,0.87719965,-0.41321069,0.112209499,-0.329493254,2.24207754e-44,-2.24207754e-44,-2.24207754e-44,-0.138906822,0.029128382,-0.222061306,0.220614627,-0.0866091922,-0.0182295721,-0.0837761834,-0.133368507,0.127260178,0.422196597,-0.323495209,0.0138562061,-0.0062250453,0.0203160737,-0.0181704182,0.133857101,0.358215094,-0.0282721091,0.808140755,0.0338862613,-0.180391327,0.205215186,0.455451101,-0.295077831,0.0583671033,1.01978993,-0.113072306,-0.00770858582,-0.0163848065,-0.688337803,0.594702363,0.0950252041,0.68255502,-0.22291036,0.642888963,0.129446834,0.668877006,-0.280400991,1.33785987,0.380358666,0.00670529949,0.158715039,0.430374444,0.174343899,0.388278782,0.224890515,0.615137815,0.434308559,0.0996555462,-0.491728812,0.50399822,-0.64169836,0.0827297643,0.128331408,0.0256097168,0.426480144,-1.11165881,0.17949006,0.00517369062,0.136864781,-0.251765132,0.25088203,-0.096190609,0.232276306,-0.223692894,0.0170794353,0.0662544966,0.477513492,-0.329464257,5.97317776e-05,-0.0407579988,0.203611434,-0.0827680677,-0.0471953787,0.350729525,-0.019120438,0.730533719,0.0509208292,-0.222255901,0.212085336,0.512874603,-0.364407659,0.0516751707,1.01865327,-0.0977626443,-0.0427743345,-0.0144721717,0.00517369062,0.136864781,-0.251765132,0.25088203,-0.096190609,0.232276306,-0.223692894,0.0170794353,0.0662544966,0.477513492,-0.329464257,5.97317703e-05,-0.0407579988,0.203611434,-0.0827680677,-0.047195375,0.350729525,-0.019120438,0.730533719,0.0509208292,-0.222255901,0.212085336,0.512874603,-0.364407659,0.0516751744,1.01865327,-0.0977626443,-0.0427743345,-0.0144721717,0.00517369062,0.136864781,-0.251765132,0.25088203,-0.096190609,0.232276306,-0.223692894,0.0170794353,0.0662544966,0.477513492,-0.329464257,5.97317776e-05,-0.0407579988,0.203611434,-0.0827680677,-0.0471953787,0.350729525,-0.019120438,0.730533719,0.0509208292,-0.222255901,0.212085336,0.512874603,-0.364407659,0.0516751707,1.01865327,-0.0977626443,-0.0427743345,-0.0144721717
1.69693196,3179261.94,0,0,0.0162604339,7.42916018e-06,1,0.203631353,0,1,-0.478354245,0.00423393538,0.00981607661,0.878101885,-0.56041187,0.175164312,-0.373066634,2.24207754e-44,-2.24207754e-44,-2.24207754e-44,-0.146630019,0.0360155888,-0.221326709,0.227881446,-0.0892492086,-0.007349113,-0.0857456997,-0.124402218,0.122503124,0.440890044,-0.322053999,0.0117799565,-0.00493349461,0.0254502092,-0.0172632933,0.136158645,0.359413326,-0.0222503096,0.812131345,0.0361353084,-0.185607731,0.208833486,0.448967367,-0.294539958,0.0596068911,1.0197382,-0.109139673,-0.0191355385,-0.0150964931,-0.769072473,0.757516503,0.0491785146,0.707364619,-0.259890169,1.27406609,-0.311245173,1.04345071,-0.59233284,2.04318476,0.0690374225,-0.248525381,0.0929760784,0.566739082,0.070631668,0.136870697,0.0672287494,0.559433401,0.347822547,0.273976445,-0.516331315,0.277787358,-0.653876305,0.0361723267,0.117295086,-0.0378647745,0.359176546,-1.1142962,0.0990243331,0.00517369062,0.136864781,-0.251765132,0.25088203,-0.096190609,0.232276306,-0.223692894,0.0170794353,0.0662544966,0.477513492,-0.329464257,5.97317776e-05,-0.0407579988,0.203611434,-0.0827680677,-0.0471953787,0.350729525,-0.019120438,0.730533719,0.0509208292,-0.222255901,0.212085336,0.512874603,-0.364407659,0.0516751707,1.01865327,-0.0977626443,-0.0427743345,-0.0144721717,0.00517369062,0.136864781,-0.251765132,0.25088203,-0.096190609,0.232276306,-0.223692894,0.0170794353,0.0662544966,0.477513492,-0.329464257,5.97317703e-05,-0.0407579988,0.203611434,-0.0827680677,-0.047195375,0.350729525,-0.019120438,0.730533719,0.0509208292,-0.222255901,0.212085336,0.512874603,-0.364407659,0.0516751744,1.01865327,-0.0977626443,-0.0427743345,-0.0144721717,0.00517369062,0.136864781,-0.251765132,0.25088203,-0.096190609,0.232276306,-0.223692894,0.0170794353,0.0662544966,0.477513492,-0.329464257,5.97317776e-05,-0.0407579988,0.203611434,-0.0827680677,-0.0471953787,0.350729525,-0.019120438,0.730533719,0.0509208292,-0.222255901,0.212085336,0.512874603,-0.364407659,0.0516751707,1.01865327,-0.0977626443,-0.0427743345,-0.0144721717
1.7080895,3179261.95,0,0,0.00733211311,7.34534115e-06,1,0.310293399,0.0501463413,1,-0.476268053,0.00540215336,0.00613663159,0.879262149,-0.653309882,0.141471356,-0.425499052,2.24207754e-44,-2.24207754e-44,-2.24207754e-44,-0.154124886,0.0464671776,-0.221064061,0.234358341,-0.0914093554,0.00956396665,-0.0896433368,-0.109422542,0.113474719,0.464735776,-0.323009402,0.00929384213,-0.00444686832,0.0329477414,-0.0161413606,0.136022076,0.359380752,-0.0169832669,0.814647675,0.0394757986,-0.190990344,0.210614726,0.441332459,-0.29431808,0.0606803447,1.01811802,-0.105993018,-0.0304330364,-0.0144074336,-0.582438886,0.912601113,0.0232938658,0.414325982,-0.116626732,1.60759556,-0.497245163,1.31666291,-0.944382966,2.19011617,-0.444769561,-0.244590566,0.00779362861,0.627678931,0.0311256144,-0.0979238302,-0.0572055355,0.383185089,0.124342345,0.307311773,-0.418373823,0.016710408,-0.594308496,0.0096331872,0.0662930012,-0.231087878,0.170239776,-0.813610256,0.0254912246,0.0427818894,0.162535951,-0.266619056,0.261151999,-0.0773152038,0.266399354,-0.273839235,0.00347106904,0.0569534898,0.511396706,-0.368384063,-0.00580255594,-0.0535380729,0.21920982,-0.100173876,-0.0590466596,0.333697736,-0.019982554,0.729652822,0.0563867167,-0.225980014,0.199903727,0.539571762,-0.367276847,0.0515938103,1.01967728,-0.100949749,-0.0445020944,-0.0203894954,0.0427818969,0.162535951,-0.266619056,0.261151999,-0.0773152038,0.266399354,-0.273839235,0.00347106904,0.0569534861,0.511396706,-0.368384063,-0.00580255594,-0.0535380729,0.21920982,-0.100173876,-0.0590466559,0.333697736,-0.019982554,0.729652822,0.0563867167,-0.225980014,0.199903727,0.539571762,-0.367276847,0.051593814,1.01967728,-0.100949749,-0.0445020944,-0.0203894954,0.0427818894,0.162535951,-0.266619056,0.261151999,-0.0773152038,0.266399354,-0.273839235,0.00347106904,0.0569534898,0.511396706,-0.368384063,-0.00580255594,-0.0535380729,0.21920982,-0.100173876,-0.0590466596,0.333697736,-0.019982554,0.729652822,0.0563867167,-0.225980014,0.199903727,0.539571762,-0.367276847,0.0515938103,1.01967728,-0.100949749,-0.0445020944,-0.0203894954
1.71893145,3179261.96,0,0,0.0181740639,7.99167901e-06,1,0.310293399,0,1,-0.474301845,0.00641245442,0.00289193192,0.880334198,-0.689905047,0.0976053625,-0.445619494,2.24207754e-44,-2.24207754e-44,-2.24207754e-44,-0.159035146,0.0559866577,-0.220942199,0.236953422,-0.0918205306,0.0273694489,-0.0958122909,-0.0956159979,0.102144971,0.487523586,-0.328817368,0.00685456954,-0.00502965413,0.0392651856,-0.0161262583,0.133814409,0.358060718,-0.0138325971,0.815312505,0.0426894389,-0.194899365,0.209546268,0.435973316,-0.294337422,0.0610605031,1.01470923,-0.105031937,-0.0371329263,-0.0144749274,-0.403008401,0.987486541,-0.00250581326,0.156910881,0.00754278526,1.83328247,-0.612020731,1.44688272,-1.19652867,2.17400575,-0.509094715,-0.21375072,-0.104922324,0.645621955,0.00744210137,-0.313208759,-0.182069197,0.253609151,0.0396236032,0.309332699,-0.365014493,-0.157183349,-0.496649861,-0.013041066,0.0250053667,-0.397508681,0.0627579615,-0.577768207,-0.0232800916,0.0427818894,0.162535951,-0.266619056,0.261151999,-0.0773152038,0.266399354,-0.273839235,0.00347106904,0.0569534898,0.511396706,-0.368384063,-0.00580255594,-0.0535380729,0.21920982,-0.100173876,-0.0590466596,0.333697736,-0.019982554,0.729652822,0.0563867167,-0.225980014,0.199903727,0.539571762,-0.367276847,0.0515938103,1.01967728,-0.100949749,-0.0445020944,-0.0203894954,0.0427818969,0.162535951,-0.266619056,0.261151999,-0.0773152038,0.266399354,-0.273839235,0.00347106904,0.0569534861,0.511396706,-0.368384063,-0.00580255594,-0.0535380729,0.21920982,-0.100173876,-0.0590466559,0.333697736,-0.019982554,0.729652822,0.0563867167,-0.225980014,0.199903727,0.539571762,-0.367276847,0.051593814,1.01967728,-0.100949749,-0.0445020944,-0.0203894954,0.0427818894,0.162535951,-0.266619056,0.261151999,-0.0773152038,0.266399354,-0.273839235,0.00347106904,0.0569534898,0.511396706,-0.368384063,-0.00580255594,-0.0535380729,0.21920982,-0.100173876,-0.0590466596,0.333697736,-0.019982554,0.729652822,0.0563867167,-0.225980014,0.199903727,0.539571762,-0.367276847,0.0515938103,1.01967728,-0.100949749,-0.0445020944,-0.0203894954
1.72992613,3179261.97,0,0,0.00918849977,4.66778874e-06,1,0.265064184,0.0378378034,1,-0.471882641,0.00818517338,-0.000924821128,0.88162291,-0.678028762,0.0491790883,-0.468328059,2.24207754e-44,-2.24207754e-44,-2.24207754e-44,-0.161970422,0.0683501214,-0.221163034,0.236622512,-0.090632543,0.0494795218,-0.102615982,-0.0770077482,0.0877602026,0.510166526,-0.335208207,0.00466270605,-0.00705916807,0.0470167622,-0.0160589833,0.128131673,0.354944885,-0.0120596886,0.815357208,0.0458558016,-0.198496714,0.206708476,0.431074828,-0.29471004,0.0612395629,1.00916874,-0.104616895,-0.0421795957,-0.0151749421,-0.160995215,1.03117549,-0.0135950055,-0.208236128,0.204210773,1.81241035,-0.677061617,1.53978336,-1.28495371,1.9507767,-0.916312337,-0.194618344,-0.217081651,0.606233478,-0.049930118,-0.551150441,-0.307681024,0.116745986,-0.0463309772,0.249006078,-0.232790738,-0.415909111,-0.324807465,-0.0367912017,0.0106937774,-0.54309535,0.016546106,-0.271934032,-0.13069731,0.0503629446,0.185155645,-0.281599104,0.254603416,-0.0410796702,0.268813014,-0.298778206,-0.0221963543,0.0502686203,0.544811368,-0.406221867,-0.00902438257,-0.0614905767,0.226100877,-0.0947961062,-0.0495282151,0.326672196,-0.0185687318,0.73084569,0.059244737,-0.222410411,0.182328165,0.561485112,-0.360802919,0.0528706759,1.01653004,-0.107031524,-0.0379369408,-0.0270101987,0.0503629521,0.185155645,-0.281599104,0.254603416,-0.0410796702,0.268813014,-0.298778206,-0.0221963543,0.0502686203,0.544811368,-0.406221867,-0.00902438257,-0.0614905767,0.226100877,-0.0947961062,-0.0495282114,0.326672196,-0.0185687318,0.73084569,0.059244737,-0.222410411,0.182328165,0.561485112,-0.360802919,0.0528706796,1.01653004,-0.107031524,-0.0379369408,-0.0270101987,0.0503629446,0.185155645,-0.281599104,0.254603416,-0.0410796702,0.268813014,-0.298778206,-0.0221963543,0.0502686203,0.544811368,-0.406221867,-0.00902438257,-0.0614905767,0.226100877,-0.0947961062,-0.0495282151,0.326672196,-0.0185687318,0.73084569,0.059244737,-0.222410411,0.182328165,0.561485112,-0.360802919,0.0528706759,1.01653004,-0.107031524,-0.0379369408,-0.0270101987
1.73992618,3179261.98,0,0,0.0191885498,4.73577529e-06,1,0.265064184,0,1,-0.469803184,0.00950098224,-0.00383670954,0.882711709,-0.625144839,0.0205771718,-0.452869803,2.24207754e-44,-2.24207754e-44,-2.24207754e-44,-0.162624851,0.0784764811,-0.221350268,0.232667238,-0.0874961764,0.0671823844,-0.110382035,-0.0620191842,0.0740727037,0.529846847,-0.345977455,0.00284935534,-0.010057806,0.0525944754,-0.0169479623,0.121804893,0.351295888,-0.0112428628,0.814163148,0.0481790155,-0.200031787,0.200792506,0.428818464,-0.29520452,0.0613219813,1.00304401,-0.104579851,-0.0436233357,-0.0172413941,0.00634980435,1.00298679,-0.0309162103,-0.488584697,0.36427331,1.75110292,-0.776409209,1.4969275,-1.36841023,1.8493799,-0.989153564,-0.157348812,-0.356850535,0.538086534,-0.0869750604,-0.698605776,-0.407933742,0.0522271655,-0.159735963,0.215231225,-0.112160593,-0.640496194,-0.16558072,-0.0621625967,0.0069055683,-0.630111873,-0.00194010593,-0.087627776,-0.231497854,0.0503629446,0.185155645,-0.281599104,0.254603416,-0.0410796702,0.268813014,-0.298778206,-0.0221963543,0.0502686203,0.544811368,-0.406221867,-0.00902438257,-0.0614905767,0.226100877,-0.0947961062,-0.0495282151,0.326672196,-0.0185687318,0.73084569,0.059244737,-0.222410411,0.182328165,0.561485112,-0.360802919,0.0528706759,1.01653004,-0.107031524,-0.0379369408,-0.0270101987,0.0503629521,0.185155645,-0.281599104,0.254603416,-0.0410796702,0.268813014,-0.298778206,-0.0221963543,0.0502686203,0.544811368,-0.406221867,-0.00902438257,-0.0614905767,0.226100877,-0.0947961062,-0.0495282114,0.326672196,-0.0185687318,0.73084569,0.059244737,-0.222410411,0.182328165,0.561485112,-0.360802919,0.0528706796,1.01653004,-0.107031524,-0.0379369408,-0.0270101987,0.0503629446,0.185155645,-0.281599104,0.254603416,-0.0410796702,0.268813014,-0.298778206,-0.0221963543,0.0502686203,0.544811368,-0.406221867,-0.00902438257,-0.0614905767,0.226100877,-0.0947961062,-0.0495282151,0.326672196,-0.0185687318,0.73084569,0.059244737,-0.222410411,0.182328165,0.561485112,-0.360802919,0.0528706759,1.01653004,-0.107031524,-0.0379369408,-0.0270101987
1.75092546,3179261.99,0,0,0.0102360877,4.15695831e-06,1,0.246953685,0.0374535322,1,-0.467380494,0.0111595979,-0.00681885378,0.883959532,-0.516095519,-0.00734941754,-0.453191012,2.24207754e-44,-2.24207754e-44,-2.24207754e-44,-0.160832971,0.0901947916,-0.221692368,0.224065617,-0.0815278441,0.0856224969,-0.119928494,-0.0449568219,0.0575322658,0.549744129,-0.358372271,0.00110861345,-0.0150408493,0.0583147071,-0.0181743242,0.112573192,0.34561488,-0.0109248003,0.810764849,0.0504426882,-0.200761124,0.191228151,0.428388625,-0.296096474,0.0613887869,0.99504149,-0.106025651,-0.0426509008,-0.0205548313,0.251779288,0.947430968,-0.0179844443,-0.926265538,0.62434423,1.30198026,-0.851585448,1.30813038,-1.43977809,1.59646201,-1.16891801,-0.145419404,-0.447309434,0.415247023,-0.133975193,-0.78600204,-0.510731816,0.0151358275,-0.404461235,0.175480649,-0.0283501074,-0.98540628,0.0720908418,-0.0759690329,0.00486937305,-0.716148436,-0.257897496,0.249577686,-0.32559827,0.0288125873,0.205819398,-0.295470595,0.233638674,-0.00483734906,0.246511087,-0.296290666,-0.0596498847,0.0487781242,0.563691616,-0.426742435,-0.0111953374,-0.0591835566,0.227442831,-0.066952616,-0.0162649453,0.326117039,-0.016774565,0.732850552,0.0607030392,-0.215093121,0.162352055,0.576215684,-0.348557353,0.0555654094,1.00905466,-0.119514205,-0.0219764989,-0.0321749672,0.0288125798,0.205819398,-0.295470595,0.233638674,-0.00483734906,0.246511087,-0.296290666,-0.0596498847,0.0487781242,0.563691616,-0.426742435,-0.0111953374,-0.0591835566,0.227442831,-0.066952616,-0.0162649453,0.326117039,-0.016774565,0.732850552,0.0607030392,-0.215093121,0.162352055,0.576215684,-0.348557353,0.0555654131,1.00905466,-0.119514205,-0.0219764989,-0.0321749672,0.0288125873,0.205819398,-0.295470595,0.233638674,-0.00483734906,0.246511087,-0.296290666,-0.0596498847,0.0487781242,0.563691616,-0.426742435,-0.0111953374,-0.0591835566,0.227442831,-0.066952616,-0.0162649453,0.326117039,-0.016774565,0.732850552,0.0607030392,-0.215093121,0.162352055,0.576215684,-0.348557353,0.0555654094,1.00905466,-0.119514205,-0.0219764989,-0.0321749672
1.76092906,3179262,0,0,0.000192854088,5.64195216e-06,1,0.263642985,0.0520073771,1,-0.465411276,0.0124036046,-0.00875736494,0.884964287,-0.429046422,-0.0530941486,-0.430040389,2.24207754e-44,-2.24207754e-44,-2.24207754e-44,-0.157569334,0.0991144031,-0.221847877,0.213948056,-0.0748689026,0.0980296135,-0.128272548,-0.0326228552,0.0440466031,0.563257992,-0.368685335,-6.22082807e-05,-0.0198539253,0.0619368069,-0.0194957983,0.104149804,0.339898527,-0.0108605251,0.805840909,0.0520505644,-0.200889736,0.181402206,0.430181384,-0.296970814,0.0614294596,0.988338828,-0.108968541,-0.0396317281,-0.02372461,0.359769404,0.851984918,-0.0151181174,-1.02848983,0.66857475,1.23014057,-0.813386679,1.19966722,-1.24730933,1.16406703,-0.927464008,-0.100078434,-0.49686107,0.331767291,-0.12813361,-0.8893255,-0.615041912,0.00145754893,-0.534893036,0.150329366,-0.00663420605,-0.92961067,0.248188674,-0.0975818411,0.00355410133,-0.615547299,-0.289742053,0.303079963,-0.296428204,0.0288125873,0.205819398,-0.295470595,0.233638674,-0.00483734906,0.246511087,-0.296290666,-0.0596498847,0.0487781242,0.563691616,-0.426742435,-0.0111953374,-0.0591835566,0.227442831,-0.066952616,-0.0162649453,0.326117039,-0.016774565,0.732850552,0.0607030392,-0.215093121,0.162352055,0.576215684,-0.348557353,0.0555654094,1.00905466,-0.119514205,-0.0219764989,-0.0321749672,-0.011139147,0.226033166,-0.306857318,0.201069415,0.0278743804,0.207193971,-0.269304693,-0.0876252949,0.0507636257,0.565224886,-0.433238,-0.0141003951,-0.0486104712,0.225113809,-0.0250776261,0.0357424319,0.33480227,-0.0154370442,0.735093534,0.0613004938,-0.202739373,0.147221655,0.578452945,-0.334525526,0.057806503,0.997005105,-0.135871798,-0.000798455672,-0.0340548418,-0.011139147,0.226033166,-0.306857318,0.201069415,0.0278743804,0.207193971,-0.269304693,-0.0876252949,0.0507636219,0.565224886,-0.433238,-0.0141003951,-0.0486104712,0.225113809,-0.0250776261,0.0357424319,0.33480227,-0.0154370442,0.735093534,0.0613004938,-0.202739373,0.147221655,0.578452945,-0.334525526,0.0578064993,0.997005105,-0.135871798,-0.00079845544,-0.0340548418
1.77192715,3179262.01,0,0,0.0111909462,4.56441194e-06,1,0.263642985,0,1,-0.463497698,0.0137148993,-0.0102174487,0.885933042,-0.352841258,-0.119961731,-0.429675221,2.24207754e-44,-2.24207754e-44,-2.24207754e-44,-0.153069586,0.107286826,-0.221963316,0.202753261,-0.0676727071,0.107749,-0.13580814,-0.0212898795,0.0329805613,0.571797371,-0.377347559,-0.00113027124,-0.0246827062,0.0648600608,-0.0206082668,0.0948504284,0.333270669,-0.0110834846,0.799376011,0.0533894338,-0.200312302,0.172389939,0.433973581,-0.298028558,0.061453931,0.982420206,-0.112842768,-0.03530664,-0.0263860188,0.55510956,0.813190103,-0.00749992533,-1.26809621,0.812115014,0.623716593,-0.696024299,1.06087935,-1.06032908,0.635711193,-0.872034311,-0.127415106,-0.459473252,0.265468687,-0.0938785523,-0.922284186,-0.681234241,-0.0456751287,-0.774243891,0.12468832,0.142444983,-0.96624732,0.488369048,-0.102460392,0.00148306345,-0.641235709,-0.553693056,0.643139541,-0.259072155,-0.011139147,0.226033166,-0.306857318,0.201069415,0.0278743804,0.207193971,-0.269304693,-0.0876252949,0.0507636219,0.565224886,-0.433238,-0.0141003951,-0.0486104712,0.225113809,-0.0250776261,0.0357424319,0.33480227,-0.0154370442,0.735093534,0.0613004938,-0.202739373,0.147221655,0.578452945,-0.334525526,0.0578064993,0.997005105,-0.135871798,-0.00079845544,-0.0340548418,-0.011139147,0.226033166,-0.306857318,0.201069415,0.0278743804,0.207193971,-0.269304693,-0.0876252949,0.0507636257,0.565224886,-0.433238,-0.0141003951,-0.0486104712,0.225113809,-0.0250776261,0.0357424319,0.33480227,-0.0154370442,0.735093534,0.0613004938,-0.202739373,0.147221655,0.578452945,-0.334525526,0.057806503,0.997005105,-0.135871798,-0.000798455672,-0.0340548418,-0.011139147,0.226033166,-0.306857318,0.201069415,0.0278743804,0.207193971,-0.269304693,-0.0876252949,0.0507636219,0.565224886,-0.433238,-0.0141003951,-0.0486104712,0.225113809,-0.0250776261,0.0357424319,0.33480227,-0.0154370442,0.735093534,0.0613004938,-0.202739373,0.147221655,0.578452945,-0.334525526,0.0578064993,0.997005105,-0.135871798,-0.00079845544,-0.0340548418
1.78197884,3179262.02,0,0,0.00129247596,5.5860728e-06,1,0.215238892,0.0623344332,1,-0.46162495,0.014953509,-0.0111980531,0.88687849,-0.247762904,-0.118806429,-0.408343643,2.24207754e-44,-2.24207754e-44,-2.24207754e-44,-0.147256836,0.114756569,-0.222073331,0.189721316,-0.059372928,0.112171873,-0.142612323,-0.0118481452,0.0236199629,0.575695515,-0.385460496,-0.00222649635,-0.0290012751,0.0669774413,-0.0217514802,0.0856722295,0.326297045,-0.0121605424,0.790641546,0.0544908047,-0.198621601,0.163141429,0.440229148,-0.299012393,0.0614612885,0.976477027,-0.119063579,-0.0277514551,-0.0286593214,0.566046238,0.685923874,-0.0178392474,-1.26840699,0.806589603,0.414453387,-0.683930874,0.867291033,-0.834411442,0.253245413,-0.757733941,-0.0936719552,-0.417622834,0.173478633,-0.129884169,-0.922627091,-0.706420064,-0.151842952,-0.907231152,0.100361139,0.156377465,-0.854751647,0.703666925,-0.0969979838,0.0003843382,-0.525012314,-0.610455751,0.763012409,-0.200564653,-0.0721800923,0.238872468,-0.311200529,0.160810471,0.0479090214,0.155710995,-0.216449857,-0.113117337,0.0602938458,0.543177962,-0.426934928,-0.015623711,-0.0336615965,0.216009691,0.0211445652,0.0980768651,0.350537241,-0.0158869848,0.739833534,0.0587790385,-0.186781481,0.138201207,0.5665133,-0.32594806,0.0574824587,0.982933283,-0.155036345,0.0230271779,-0.0318562724,-0.0721800923,0.238872468,-0.311200529,0.160810471,0.0479090214,0.155710995,-0.216449857,-0.113117337,0.0602938458,0.543177962,-0.426934928,-0.015623711,-0.0336615965,0.216009691,0.0211445652,0.0980768651,0.350537241,-0.0158869848,0.739833534,0.0587790385,-0.186781481,0.138201207,0.5665133,-0.32594806,0.0574824624,0.982933283,-0.155036345,0.0230271779,-0.0318562724,-0.0721800923,0.238872468,-0.311200529,0.160810471,0.0479090214,0.155710995,-0.216449857,-0.113117337,0.0602938458,0.543177962,-0.426934928,-0.015623711,-0.0336615965,0.216009691,0.0211445652,0.0980768651,0.350537241,-0.0158869848,0.739833534,0.0587790385,-0.186781481,0.138201207,0.5665133,-0.32594806,0.0574824587,0.982933283,-0.155036345,0.0230271779,-0.0318562724
1.7929262,3179262.03,0,0,0.0122398338,4.79165465e-06,1,0.215238892,0,1,-0.459906757,0.0160714481,-0.0116396965,0.88774544,-0.143917099,-0.193004787,-0.369621068,2.24207754e-44,-2.24207754e-44,-2.24207754e-44,-0.141224787,0.120831914,-0.222962514,0.176943123,-0.0508251078,0.113610245,-0.14844358,-0.00435037119,0.0169614051,0.574697018,-0.391585559,-0.00311711943,-0.0329747126,0.0681619048,-0.0227904879,0.0767117143,0.319321692,-0.0144986706,0.780804455,0.0552441254,-0.19659324,0.155409187,0.448285788,-0.299883842,0.0614525117,0.971972346,-0.125887617,-0.0190217029,-0.0300802924,0.689993024,0.57345289,-0.178290874,-1.38001287,0.976498485,-0.24407874,-0.432008445,0.663698852,-0.557996094,-0.483953387,-0.474539071,-0.0936441422,-0.37987864,0.0806901976,-0.0655954182,-0.83891952,-0.674697578,-0.3027201,-1.08666873,0.0525995158,0.308525771,-0.771765113,0.879766047,-0.071282886,-0.00224805134,-0.454523981,-0.844952643,1.08094168,-0.0938563198,-0.0721800923,0.238872468,-0.311200529,0.160810471,0.0479090214,0.155710995,-0.216449857,-0.113117337,0.0602938458,0.543177962,-0.426934928,-0.015623711,-0.0336615965,0.216009691,0.0211445652,0.0980768651,0.350537241,-0.0158869848,0.739833534,0.0587790385,-0.186781481,0.138201207,0.5665133,-0.32594806,0.0574824587,0.982933283,-0.155036345,0.0230271779,-0.0318562724,-0.0721800923,0.238872468,-0.311200529,0.160810471,0.0479090214,0.155710995,-0.216449857,-0.113117337,0.0602938458,0.543177962,-0.426934928,-0.015623711,-0.0336615965,0.216009691,0.0211445652,0.0980768651,0.350537241,-0.0158869848,0.739833534,0.0587790385,-0.186781481,0.138201207,0.5665133,-0.32594806,0.0574824624,0.982933283,-0.155036345,0.0230271779,-0.0318562724,-0.0721800923,0.238872468,-0.311200529,0.160810471,0.0479090214,0.155710995,-0.216449857,-0.113117337,0.0602938458,0.543177962,-0.426934928,-0.015623711,-0.0336615965,0.216009691,0.0211445652,0.0980768651,0.350537241,-0.0158869848,0.739833534,0.0587790385,-0.186781481,0.138201207,0.5665133,-0.32594806,0.0574824587,0.982933283,-0.155036345,0.0230271779,-0.0318562724
1.80292633,3179262.04,0,0,0.00225994317,4.81214374e-06,1,0.195854809,0.087338984,1,-0.45827508,0.0170770455,-0.0114477901,0.888572574,-0.00304373354,-0.171356946,-0.375877738,2.24207754e-44,-2.24207754e-44,-2.24207754e-44,-0.134503037,0.125480667,-0.225526348,0.163542688,-0.0409304202,0.110112004,-0.152243152,0.00073013053,0.0132222027,0.567170024,-0.3959921,-0.00393931614,-0.0362399369,0.0682851821,-0.0235440712,0.0690797418,0.312858582,-0.0182582568,0.769501865,0.0555919781,-0.193228215,0.148401499,0.45797962,-0.300415576,0.0614212826,0.968319058,-0.134661347,-0.00746298302,-0.0306056459,0.621484756,0.379058182,-0.300588727,-1.26005685,0.950694978,-0.311937243,-0.396612436,0.3990556,-0.249020576,-0.833584011,-0.4412103,-0.0737156868,-0.285521269,-0.0347870216,-0.0968929976,-0.718187928,-0.630437016,-0.41044876,-1.12317252,0.0269404743,0.313770473,-0.632205606,1.0192616,-0.0441073179,-0.00341233588,-0.276978761,-0.834280431,1.12971139,-0.0338427834,-0.159519076,0.231619015,-0.300378382,0.117619663,0.0313456953,0.10502056,-0.13877441,-0.139506042,0.0808741003,0.501377702,-0.421679229,-0.012895843,-0.0186884776,0.19849208,0.0619774684,0.152994305,0.375051737,-0.0184629429,0.750410557,0.0539057851,-0.167770162,0.135882884,0.539467454,-0.326893657,0.056504041,0.973910809,-0.171314046,0.0444066972,-0.0247080885,-0.159519076,0.231619015,-0.300378382,0.117619663,0.0313456953,0.10502056,-0.13877441,-0.139506042,0.0808741003,0.501377702,-0.421679229,-0.012895843,-0.0186884776,0.19849208,0.0619774722,0.152994305,0.375051737,-0.0184629429,0.750410557,0.0539057851,-0.167770162,0.135882884,0.539467454,-0.326893657,0.0565040447,0.973910809,-0.171314046,0.0444066934,-0.0247080885,-0.159519076,0.231619015,-0.300378382,0.117619663,0.0313456953,0.10502056,-0.13877441,-0.139506042,0.0808741003,0.501377702,-0.421679229,-0.012895843,-0.0186884776,0.19849208,0.0619774684,0.152994305,0.375051737,-0.0184629429,0.750410557,0.0539057851,-0.167770162,0.135882884,0.539467454,-0.326893657,0.056504041,0.973910809,-0.171314046,0.0444066972,-0.0247080885
1.81292641,3179262.05,0,0,0.0122600272,4.60119918e-06,1,0.195854809,0,1,-0.45671317,0.0177674498,-0.0107495952,0.889371574,0.0839514807,-0.207876191,-0.319004118,2.24207754e-44,-2.24207754e-44,-2.24207754e-44,-0.128614992,0.128332332,-0.229637712,0.151781991,-0.0317347646,0.10543783,-0.154958993,0.0032039755,0.012353424,0.555011332,-0.399411142,-0.00450849393,-0.0388893373,0.0676016435,-0.0243595708,0.0628420636,0.306956798,-0.0230587423,0.758488774,0.0557703637,-0.189770907,0.143147111,0.468591839,-0.300860405,0.0613829382,0.96674931,-0.142954677,0.00409642607,-0.0305379126,0.614608109,0.249753371,-0.50354898,-1.18946469,0.95572865,-0.764387608,-0.0559516326,0.162249327,0.0437828936,-1.744645,-0.220722854,-0.0397932231,-0.271413594,-0.0753341392,-0.0526149198,-0.529280186,-0.543019354,-0.560794711,-1.11326253,0.0104917102,0.452100992,-0.468975186,1.08162034,-0.0474832505,-0.00425132038,-0.101631925,-0.923494637,1.28922141,0.0517415218,-0.159519076,0.231619015,-0.300378382,0.117619663,0.0313456953,0.10502056,-0.13877441,-0.139506042,0.0808741003,0.501377702,-0.421679229,-0.012895843,-0.0186884776,0.19849208,0.0619774684,0.152994305,0.375051737,-0.0184629429,0.750410557,0.0539057851,-0.167770162,0.135882884,0.539467454,-0.326893657,0.056504041,0.973910809,-0.171314046,0.0444066972,-0.0247080885,-0.159519076,0.231619015,-0.300378382,0.117619663,0.0313456953,0.10502056,-0.13877441,-0.139506042,0.0808741003,0.501377702,-0.421679229,-0.012895843,-0.0186884776,0.19849208,0.0619774722,0.152994305,0.375051737,-0.0184629429,0.750410557,0.0539057851,-0.167770162,0.135882884,0.539467454,-0.326893657,0.0565040447,0.973910809,-0.171314046,0.0444066934,-0.0247080885,-0.159519076,0.231619015,-0.300378382,0.117619663,0.0313456953,0.10502056,-0.13877441,-0.139506042,0.0808741003,0.501377702,-0.421679229,-0.012895843,-0.0186884776,0.19849208,0.0619774684,0.152994305,0.375051737,-0.0184629429,0.750410557,0.0539057851,-0.167770162,0.135882884,0.539467454,-0.326893657,0.056504041,0.973910809,-0.171314046,0.0444066972,-0.0247080885
1.82392617,3179262.06,0,0,0.00322798686,4.53693792e-06,1,0.250427052,0.105479926,1,-0.454261661,0.0184511486,-0.00971433334,0.890624225,0.120077088,-0.132347733,-0.582382917,2.24207754e-44,-2.24207754e-44,-2.24207754e-44,-0.120763972,0.130275533,-0.244453445,0.137299955,-0.0250916854,0.102687947,-0.155337155,0.00414746022,0.0164243765,0.531274915,-0.40224722,-0.00482281391,-0.0400215089,0.0672205016,-0.0252744593,0.0585946217,0.301163703,-0.0303843245,0.745702267,0.0558254384,-0.184214503,0.138695285,0.482150823,-0.30207184,0.0613319911,0.966198087,-0.153437689,0.0195242465,-0.0294376425,0.634319127,0.120562762,-1.51541805,-1.16057312,0.324608266,-0.0763128772,-0.101491265,-0.0100926179,0.514993131,-1.93259704,-0.279007077,-0.0207161307,0.0239671972,-0.0165863708,-0.0949923471,-0.225351602,-0.440888435,-0.599774897,-0.998769104,0.00210998021,0.411106974,-0.300841004,1.14052236,-0.140890881,-0.00416169688,-0.0120934071,-0.772269607,1.2061069,0.104621537,-0.264999002,0.179664433,-0.26024121,0.0668411851,-0.0182808042,0.058908049,-0.0378122479,-0.173157692,0.108204901,0.450502008,-0.415778339,-0.00617099227,-0.0106020439,0.170770511,0.0819414556,0.187665582,0.409598172,-0.0177396145,0.76977092,0.0419802964,-0.15245603,0.136784285,0.508316159,-0.327838451,0.0539974198,0.974663675,-0.180154383,0.0616047755,-0.0162117332,-0.264999002,0.179664433,-0.26024121,0.0668411851,-0.0182808042,0.058908049,-0.0378122516,-0.173157692,0.108204901,0.450502008,-0.415778339,-0.00617099227,-0.0106020439,0.170770511,0.0819414556,0.187665582,0.409598172,-0.0177396145,0.76977092,0.0419802964,-0.15245603,0.136784285,0.508316159,-0.327838451,0.0539974235,0.974663675,-0.180154383,0.0616047718,-0.0162117332,-0.264999002,0.179664433,-0.26024121,0.0668411851,-0.0182808042,0.058908049,-0.0378122479,-0.173157692,0.108204901,0.450502008,-0.415778339,-0.00617099227,-0.0106020439,0.170770511,0.0819414556,0.187665582,0.409598172,-0.0177396145,0.76977092,0.0419802964,-0.15245603,0.136784285,0.508316159,-0.327838451,0.0539974198,0.974663675,-0.180154383,0.0616047755,-0.0162117332
1.83392682,3179262.07,0,0,0.0132286376,4.94997948e-06,1,0.250427052,0,1,-0.452526569,0.0185462739,-0.00849529821,0.89151758,0.339919627,-0.139451012,-0.44982627,2.24207754e-44,-2.24207754e-44,-2.24207754e-44,-0.11587663,0.131105781,-0.251209736,0.126575485,-0.0240295883,0.0962991267,-0.153320909,0.00205753022,0.0222118385,0.509558558,-0.403558969,-0.00486996537,-0.0406935848,0.0660307109,-0.0258831121,0.0578516237,0.29880017,-0.0357062742,0.739144206,0.054924529,-0.18035543,0.136855707,0.490561843,-0.30315423,0.0612874813,0.967250705,-0.159741253,0.030037269,-0.0275409296,0.555536449,0.0645293072,-0.509353638,-1.38326013,0.0168936942,-1.0509187,0.389815837,-0.422135919,0.834935725,-3.04092622,-0.117924653,0.000258919725,-0.134648249,-0.230374619,-0.0874878392,-0.0173010901,-0.214069292,-0.687582135,-0.706874788,-0.16446957,0.507508934,-0.193197593,1.00319314,-0.132143036,-0.00620646635,0.216265485,-0.77550894,1.34112012,0.296179473,-0.264999002,0.179664433,-0.26024121,0.0668411851,-0.0182808042,0.058908049,-0.0378122479,-0.173157692,0.108204901,0.450502008,-0.415778339,-0.00617099227,-0.0106020439,0.170770511,0.0819414556,0.187665582,0.409598172,-0.0177396145,0.76977092,0.0419802964,-0.15245603,0.136784285,0.508316159,-0.327838451,0.0539974198,0.974663675,-0.180154383,0.0616047755,-0.0162117332,-0.264999002,0.179664433,-0.26024121,0.0668411851,-0.0182808042,0.058908049,-0.0378122516,-0.173157692,0.108204901,0.450502008,-0.415778339,-0.00617099227,-0.0106020439,0.170770511,0.0819414556,0.187665582,0.409598172,-0.0177396145,0.76977092,0.0419802964,-0.15245603,0.136784285,0.508316159,-0.327838451,0.0539974235,0.974663675,-0.180154383,0.0616047718,-0.0162117332,-0.264999002,0.179664433,-0.26024121,0.0668411851,-0.0182808042,0.058908049,-0.0378122479,-0.173157692,0.108204901,0.450502008,-0.415778339,-0.00617099227,-0.0106020439,0.170770511,0.0819414556,0.187665582,0.409598172,-0.0177396145,0.76977092,0.0419802964,-0.15245603,0.136784285,0.508316159,-0.327838451,0.0539974198,0.974663675,-0.180154383,0.0616047755,-0.0162117332
1.844927,3179262.09,0,0,0.0042680311,5.00492752e-06,1,0.215095934,0.0840465128,1,-0.450260967,0.0170908477,-0.004837065,0.892720342,0.749678254,-0.0239375103,-0.288148671,2.24207754e-44,-2.24207754e-44,-2.24207754e-44,-0.113199666,0.12959522,-0.248179093,0.112470128,-0.0178432744,0.0835289285,-0.148101881,-0.00999307632,0.0366802067,0.467959493,-0.406069666,-0.00460524252,-0.0430995002,0.0601746328,-0.0278329197,0.0594252571,0.297742277,-0.0442530997,0.733533978,0.0521958284,-0.173773244,0.135002673,0.50333035,-0.304878324,0.0610845573,0.972670019,-0.168426603,0.0466784723,-0.0231215581,-0.0643909574,-0.335338622,0.631044209,-0.520706654,0.564031839,-1.06391132,0.433306754,-1.23913062,1.15866947,-2.91873765,-0.221213877,0.0992551222,-0.21345225,-0.601668537,-0.110381491,0.180028304,0.0512275435,-0.578201771,-0.168619037,-0.265012175,0.434426665,-0.086677745,0.81102246,-0.0958070457,-0.0291959606,0.546024919,-0.515474558,1.07090771,0.336012334,-0.337172538,0.116819613,-0.22532177,0.0567464828,-0.0710723251,0.030102415,0.046234265,-0.195300937,0.125425458,0.41284892,-0.420126677,0.00801701844,0.000989100896,0.131838769,0.0702888966,0.204077706,0.459361672,-0.0202019531,0.790177941,0.0285990611,-0.147130057,0.141324073,0.477010131,-0.32425496,0.0513084307,0.98476249,-0.185524166,0.0737487972,-0.00783699751,-0.337172538,0.116819613,-0.22532177,0.0567464828,-0.0710723251,0.030102415,0.0462342575,-0.195300937,0.125425458,0.41284892,-0.420126677,0.00801701844,0.000989100896,0.131838769,0.0702888966,0.204077706,0.459361672,-0.0202019531,0.790177941,0.0285990611,-0.147130057,0.141324073,0.477010131,-0.32425496,0.0513084345,0.98476249,-0.185524166,0.0737487972,-0.00783699751,-0.337172538,0.116819613,-0.22532177,0.0567464828,-0.0710723251,0.030102415,0.046234265,-0.195300937,0.125425458,0.41284892,-0.420126677,0.00801701844,0.000989100896,0.131838769,0.0702888966,0.204077706,0.459361672,-0.0202019531,0.790177941,0.0285990611,-0.147130057,0.141324073,0.477010131,-0.32425496,0.0513084307,0.98476249,-0.185524166,0.0737487972,-0.00783699751
1.85492792,3179262.1,0,0,0.014268951,6.04288653e-06,1,0.215095934,0,1,-0.449802786,0.0151047911,-0.000389175199,0.893000066,1.09179103,-0.0380540788,-0.0538904816,2.24207754e-44,-2.24207754e-44,-2.24207754e-44,-0.115936525,0.123605989,-0.238242298,0.110160731,-0.0190113168,0.0726706609,-0.141135663,-0.0264589563,0.0498140007,0.436228305,-0.408407807,-0.00235267333,-0.0459069982,0.0518917106,-0.0284482315,0.0616153851,0.300367206,-0.0510548428,0.73421824,0.047744032,-0.169542611,0.13454935,0.510289848,-0.305257887,0.0605223663,0.980363131,-0.173174649,0.0570373312,-0.0190039929,-0.386223435,-0.748947263,1.14473844,-0.184561372,-0.434965372,-0.93271935,0.770608664,-1.87352467,1.41983247,-3.12456036,-0.263791442,0.212260187,-0.265978515,-0.938126743,-0.0471936762,0.24218069,0.369964689,-0.702299595,0.208938554,-0.494093508,0.409552664,-0.0273280963,0.652358353,-0.0148084546,-0.0638828054,0.866409659,-0.427434355,0.983235776,0.424506664,-0.337172538,0.116819613,-0.22532177,0.0567464828,-0.0710723251,0.030102415,0.046234265,-0.195300937,0.125425458,0.41284892,-0.420126677,0.00801701844,0.000989100896,0.131838769,0.0702888966,0.204077706,0.459361672,-0.0202019531,0.790177941,0.0285990611,-0.147130057,0.141324073,0.477010131,-0.32425496,0.0513084307,0.98476249,-0.185524166,0.0737487972,-0.00783699751,-0.337172538,0.116819613,-0.22532177,0.0567464828,-0.0710723251,0.030102415,0.0462342575,-0.195300937,0.125425458,0.41284892,-0.420126677,0.00801701844,0.000989100896,0.131838769,0.0702888966,0.204077706,0.459361672,-0.0202019531,0.790177941,0.0285990611,-0.147130057,0.141324073,0.477010131,-0.32425496,0.0513084345,0.98476249,-0.185524166,0.0737487972,-0.00783699751,-0.337172538,0.116819613,-0.22532177,0.0567464828,-0.0710723251,0.030102415,0.046234265,-0.195300937,0.125425458,0.41284892,-0.420126677,0.00801701844,0.000989100896,0.131838769,0.0702888966,0.204077706,0.459361672,-0.0202019531,0.790177941,0.0285990611,-0.147130057,0.141324073,0.477010131,-0.32425496,0.0513084307,0.98476249,-0.185524166,0.0737487972,-0.00783699751
1.86592762,3179262.11,0,0,0.00522846496,5.05009666e-06,1,0.254536979,0.0645225793,1,-0.449807346,0.0123559702,0.0051712147,0.89302516,1.29346812,0.0154639212,0.0174375027,2.24207754e-44,-2.24207754e-44,-2.24207754e-44,-0.121463403,0.113569036,-0.227501318,0.111370131,-0.0201949701,0.0622878149,-0.133847103,-0.048104994,0.0650228262,0.4093135,-0.411520839,-0.00051088701,-0.0476814881,0.041299846,-0.0288086329,0.0644779578,0.305165142,-0.0574208982,0.73803556,0.0432766043,-0.165829286,0.134400398,0.516391754,-0.305119812,0.0598761737,0.989682078,-0.176511288,0.065571107,-0.0151259005,-0.695330501,-1.1006434,1.10795283,0.310251176,-0.501926184,-0.951069176,0.682629943,-2.30140543,1.55142581,-2.34451246,-0.411172241,0.260042876,-0.118545055,-1.08552253,-0.0288295634,0.296969712,0.559042096,-0.621322215,0.514302135,-0.393507779,0.317900479,-0.0077296677,0.585474968,0.0251766816,-0.0748533458,0.974750876,-0.267123491,0.735859096,0.384869516,-0.352674454,0.0887993351,-0.205446988,0.0803638101,-0.135594904,0.0277157072,0.0652417392,-0.171116948,0.118516669,0.418026596,-0.439582407,0.0248564333,0.00812614523,0.109256715,0.0497705154,0.199939117,0.495847046,-0.023752192,0.802801967,0.0294753835,-0.151049525,0.144774079,0.455012679,-0.318806469,0.0500116721,0.989574909,-0.184583023,0.0691896826,-0.000816943124,-0.352674454,0.0887993351,-0.205446988,0.0803638101,-0.135594904,0.0277157072,0.0652417317,-0.171116948,0.118516669,0.418026596,-0.439582407,0.0248564333,0.00812614523,0.109256715,0.0497705154,0.199939117,0.495847046,-0.023752192,0.802801967,0.0294753835,-0.151049525,0.144774079,0.455012679,-0.318806469,0.0500116758,0.989574909,-0.184583023,0.0691896826,-0.000816942658,-0.352674454,0.0887993351,-0.205446988,0.0803638101,-0.135594904,0.0277157072,0.0652417392,-0.171116948,0.118516669,0.418026596,-0.439582407,0.0248564333,0.00812614523,0.109256715,0.0497705154,0.199939117,0.495847046,-0.023752192,0.802801967,0.0294753835,-0.151049525,0.144774079,0.455012679,-0.318806469,0.0500116721,0.989574909,-0.184583023,0.0691896826,-0.000816943124
1.87692776,3179262.12,0,0,0.0162286139,5.15813008e-06,1,0.254536979,0,1,-0.4490273,0.0100369407,0.00962237548,0.893409848,0.783415973,-0.0327673107,-0.306271225,2.24207754e-44,-2.24207754e-44,-2.24207754e-44,-0.129817292,0.105858095,-0.215495035,0.12037655,-0.0275721587,0.0518605709,-0.132494703,-0.070050627,0.0663058534,0.396294445,-0.403969944,0.0281547289,-0.0459950604,0.0345745236,-0.0279959384,0.0674029067,0.310686767,-0.0634967536,0.746473908,0.0403247289,-0.163722858,0.13445887,0.52034539,-0.30532217,0.0583698675,1.00085437,-0.178292334,0.0710531846,-0.0109609049,-0.817026138,-0.533151031,1.18214238,1.07904804,-0.639416337,-1.04375172,-0.138133153,-1.98424232,-0.491721451,-0.706957698,1.31138098,3.4405973,0.314893484,-0.38129881,0.204983369,0.323814422,0.536057532,-0.552937865,1.00142002,-0.234211311,0.169907331,0.0100648217,0.258485556,-0.057927981,-0.176586092,1.16758454,-0.128552169,0.453233004,0.411378086,-0.352674454,0.0887993351,-0.205446988,0.0803638101,-0.135594904,0.0277157072,0.0652417392,-0.171116948,0.118516669,0.418026596,-0.439582407,0.0248564333,0.00812614523,0.109256715,0.0497705154,0.199939117,0.495847046,-0.023752192,0.802801967,0.0294753835,-0.151049525,0.144774079,0.455012679,-0.318806469,0.0500116721,0.989574909,-0.184583023,0.0691896826,-0.000816943124,-0.352674454,0.0887993351,-0.205446988,0.0803638101,-0.135594904,0.0277157072,0.0652417317,-0.171116948,0.118516669,0.418026596,-0.439582407,0.0248564333,0.00812614523,0.109256715,0.0497705154,0.199939117,0.495847046,-0.023752192,0.802801967,0.0294753835,-0.151049525,0.144774079,0.455012679,-0.318806469,0.0500116758,0.989574909,-0.184583023,0.0691896826,-0.000816942658,-0.352674454,0.0887993351,-0.205446988,0.0803638101,-0.135594904,0.0277157072,0.0652417392,-0.171116948,0.118516669,0.418026596,-0.439582407,0.0248564333,0.00812614523,0.109256715,0.0497705154,0.199939117,0.495847046,-0.023752192,0.802801967,0.0294753835,-0.151049525,0.144774079,0.455012679,-0.318806469,0.0500116721,0.989574909,-0.184583023,0.0691896826,-0.000816943124
1.8879252,3179262.13,0,0,0.00723370211,4.25009057e-06,1,0.221306924,0.0551209748,1,-0.447096467,0.00975250825,0.012268926,0.894348443,0.242953882,-0.229725987,-0.304706335,2.24207754e-44,-2.24207754e-44,-2.24207754e-44,-0.137805313,0.103607908,-0.204497352,0.133893698,-0.0334585123,0.0407822803,-0.136979267,-0.084421277,0.0603937022,0.396712154,-0.384401947,0.0509677976,-0.041716978,0.0353972428,-0.0230677482,0.0731549412,0.31684953,-0.0679406747,0.76038003,0.0385138206,-0.162142396,0.135043591,0.520942211,-0.306474447,0.0561008118,1.01459146,-0.179311305,0.0747746751,-0.0066963546,-0.619382679,-0.0488624312,0.807089329,1.25633502,-0.740356326,-0.741831303,-0.409187913,-0.767002523,-0.364331782,0.340181798,1.59053779,1.24427974,0.290168971,0.252664298,0.494264126,0.571095109,0.524354994,-0.221070409,1.33204401,-0.0922079682,0.0238733348,0.162187532,-0.0766803548,-0.0715940371,-0.242364809,1.16919291,-0.0875417367,0.107256167,0.322930217,-0.343193442,0.0503435694,-0.17204763,0.0939683318,-0.190715879,0.0345267355,0.0525182039,-0.176902696,0.112888828,0.38989827,-0.465648115,0.0321694911,0.00149525469,0.0843841732,0.0259666331,0.149366066,0.501698673,-0.0125214085,0.808119714,0.0336684957,-0.168358579,0.1566194,0.4607234,-0.305283099,0.0433404818,1.00057077,-0.18708089,0.050687626,0.00119525194,-0.343193442,0.0503435694,-0.17204763,0.0939683318,-0.190715879,0.0345267355,0.0525181964,-0.176902696,0.112888828,0.38989827,-0.465648115,0.0321694911,0.00149525469,0.0843841732,0.0259666331,0.149366066,0.501698673,-0.0125214085,0.808119714,0.0336684957,-0.168358579,0.1566194,0.4607234,-0.305283099,0.0433404855,1.00057077,-0.18708089,0.050687626,0.00119525194,-0.343193442,0.0503435694,-0.17204763,0.0939683318,-0.190715879,0.0345267355,0.0525182039,-0.176902696,0.112888828,0.38989827,-0.465648115,0.0321694911,0.00149525469,0.0843841732,0.0259666331,0.149366066,0.501698673,-0.0125214085,0.808119714,0.0336684957,-0.168358579,0.1566194,0.4607234,-0.305283099,0.0433404818,1.00057077,-0.18708089,0.050687626,0.00119525194
1.89792618,3179262.14,0,0,0.0172346882,4.44427133e-06,1,0.221306924,0,1,-0.446342468,0.0107570076,0.0136978142,0.894692719,0.123873696,-0.355234802,-0.0767545104,2.24207754e-44,-2.24207754e-44,-2.24207754e-44,-0.142995358,0.103423201,-0.197610497,0.146590263,-0.0434745885,0.0358550772,-0.139742106,-0.0893421695,0.0583275482,0.400821894,-0.37081936,0.0602584556,-0.0399090163,0.0385226272,-0.0177953225,0.079748407,0.322707742,-0.06906192,0.775250733,0.0380023345,-0.162810966,0.137991652,0.519612074,-0.306533694,0.0532653593,1.02580464,-0.180276349,0.0737072527,-0.00391984871,-0.422931582,-0.0146868648,0.580691934,1.18477607,-1.03509665,-0.367151827,-0.170667574,-0.349656433,-0.118488967,0.418052971,1.17699826,0.766168058,0.124903701,0.335956812,0.532774746,0.726461112,0.634263992,-0.0590682328,1.53132999,-0.0329360068,-0.077270031,0.340584755,-0.137556881,0.0362426527,-0.285582691,1.03862488,-0.0929586291,-0.191745535,0.240744621,-0.343193442,0.0503435694,-0.17204763,0.0939683318,-0.190715879,0.0345267355,0.0525182039,-0.176902696,0.112888828,0.38989827,-0.465648115,0.0321694911,0.00149525469,0.0843841732,0.0259666331,0.149366066,0.501698673,-0.0125214085,0.808119714,0.0336684957,-0.168358579,0.1566194,0.4607234,-0.305283099,0.0433404818,1.00057077,-0.18708089,0.050687626,0.00119525194,-0.343193442,0.0503435694,-0.17204763,0.0939683318,-0.190715879,0.0345267355,0.0525181964,-0.176902696,0.112888828,0.38989827,-0.465648115,0.0321694911,0.00149525469,0.0843841732,0.0259666331,0.149366066,0.501698673,-0.0125214085,0.808119714,0.0336684957,-0.168358579,0.1566194,0.4607234,-0.305283099,0.0433404855,1.00057077,-0.18708089,0.050687626,0.00119525194,-0.343193442,0.0503435694,-0.17204763,0.0939683318,-0.190715879,0.0345267355,0.0525182039,-0.176902696,0.112888828,0.38989827,-0.465648115,0.0321694911,0.00149525469,0.0843841732,0.0259666331,0.149366066,0.501698673,-0.0125214085,0.808119714,0.0336684957,-0.168358579,0.1566194,0.4607234,-0.305283099,0.0433404818,1.00057077,-0.18708089,0.050687626,0.00119525194
1.90892569,3179262.15,0,0,0.00829413114,4.38792631e-06,1,0.160063617,0.0570248887,1,-0.446526915,0.012530989,0.0153189255,0.894551277,0.130052418,-0.371011287,0.0557260662,2.24207754e-44,-2.24207754e-44,-2.24207754e-44,-0.146202654,0.102752581,-0.192659542,0.157898739,-0.05573209,0.0325952768,-0.139950529,-0.0922701284,0.0579361729,0.405088276,-0.360306442,0.067208983,-0.0384016484,0.0422565453,-0.0122358836,0.0896732733,0.33111009,-0.0683630034,0.793257058,0.0378009193,-0.163994953,0.14232938,0.518733561,-0.305051684,0.0501510389,1.03593397,-0.181433067,0.0703613535,-0.00192572898,-0.190033972,-0.0855755061,0.410669893,0.845887244,-1.26983416,-0.176323384,0.028828973,-0.238126427,0.00268985634,0.314773679,0.652929544,0.485285819,0.251930326,0.264073491,0.369554222,0.823934913,0.693174839,0.199396372,1.52169526,-0.00394544844,-0.256020457,0.45307073,-0.00709928526,0.211661562,-0.287650824,0.7833215,-0.15275006,-0.451075107,0.100408636,-0.305291653,0.0381531455,-0.156193987,0.106778711,-0.239963338,0.0504859872,-0.00450668484,-0.174734399,0.0931787342,0.362506568,-0.494648397,0.0356059559,0.00927681383,0.0833855569,0.0176015384,0.0943086892,0.476476252,-0.00426308671,0.796109736,0.0397370234,-0.193921015,0.170148492,0.453248262,-0.305056989,0.0364097878,1.00857151,-0.193367258,0.0344729386,-0.00493219681,-0.305291653,0.0381531455,-0.156193987,0.106778711,-0.239963338,0.0504859872,-0.00450668484,-0.174734399,0.0931787342,0.362506568,-0.494648397,0.0356059559,0.00927681383,0.0833855569,0.0176015384,0.0943086892,0.476476252,-0.00426308671,0.796109736,0.0397370234,-0.193921015,0.170148492,0.453248262,-0.305056989,0.0364097916,1.00857151,-0.193367258,0.0344729386,-0.00493219681,-0.305291653,0.0381531455,-0.156193987,0.106778711,-0.239963338,0.0504859872,-0.00450668484,-0.174734399,0.0931787342,0.362506568,-0.494648397,0.0356059559,0.00927681383,0.0833855569,0.0176015384,0.0943086892,0.476476252,-0.00426308671,0.796109736,0.0397370234,-0.193921015,0.170148492,0.453248262,-0.305056989,0.0364097878,1.00857151,-0.193367258,0.0344729386,-0.00493219681
1.91992591,3179262.16,0,0,0.0192943532,4.7259964e-06,1,0.160063617,0,1,-0.446854472,0.0137579525,0.0167796835,0.894343495,0.159441173,-0.338283509,0.119339474,2.24207754e-44,-2.24207754e-44,-2.24207754e-44,-0.147261918,0.101584762,-0.188438267,0.165129736,-0.0708877593,0.0317317322,-0.138993964,-0.0949672461,0.0578783676,0.407238692,-0.355872482,0.0713840947,-0.0343108997,0.0444109254,-0.00954498071,0.0975942984,0.33765322,-0.0643748939,0.807815135,0.0378566273,-0.168168023,0.147842422,0.519256532,-0.302055895,0.0471293852,1.04307055,-0.183519423,0.0642710775,-0.00143789663,-0.0532181673,-0.1395493,0.389547884,0.615741611,-1.56582737,-0.0440196209,0.156442866,-0.284166366,-0.0255485605,0.135205701,0.319996595,0.376545846,0.464717478,0.194830835,0.213312089,0.792890668,0.640888929,0.514082432,1.35484803,0.00929735787,-0.458640009,0.575132012,0.0778318122,0.340152144,-0.282611847,0.635302424,-0.218396053,-0.644567609,0.0256841164,-0.305291653,0.0381531455,-0.156193987,0.106778711,-0.239963338,0.0504859872,-0.00450668484,-0.174734399,0.0931787342,0.362506568,-0.494648397,0.0356059559,0.00927681383,0.0833855569,0.0176015384,0.0943086892,0.476476252,-0.00426308671,0.796109736,0.0397370234,-0.193921015,0.170148492,0.453248262,-0.305056989,0.0364097878,1.00857151,-0.193367258,0.0344729386,-0.00493219681,-0.305291653,0.0381531455,-0.156193987,0.106778711,-0.239963338,0.0504859872,-0.00450668484,-0.174734399,0.0931787342,0.362506568,-0.494648397,0.0356059559,0.00927681383,0.0833855569,0.0176015384,0.0943086892,0.476476252,-0.00426308671,0.796109736,0.0397370234,-0.193921015,0.170148492,0.453248262,-0.305056989,0.0364097916,1.00857151,-0.193367258,0.0344729386,-0.00493219681,-0.305291653,0.0381531455,-0.156193987,0.106778711,-0.239963338,0.0504859872,-0.00450668484,-0.174734399,0.0931787342,0.362506568,-0.494648397,0.0356059559,0.00927681383,0.0833855569,0.0176015384,0.0943086892,0.476476252,-0.00426308671,0.796109736,0.0397370234,-0.193921015,0.170148492,0.453248262,-0.305056989,0.0364097878,1.00857151,-0.193367258,0.0344729386,-0.00493219681
1.93092572,3179262.17,0,0,0.010329322,4.27290797e-06,1,0.1558722,0.0685894415,1,-0.447677016,0.0148480283,0.0181461647,0.893887877,0.131027296,-0.285211533,0.175981194,2.24207754e-44,-2.24207754e-44,-2.24207754e-44,-0.147300452,0.100083984,-0.184901744,0.169751689,-0.0860525891,0.0323107839,-0.136689335,-0.0978405625,0.0572730713,0.407558203,-0.354625762,0.0746149644,-0.0290710591,0.0462953821,-0.00811281521,0.105531566,0.343922764,-0.0578540862,0.819147348,0.0384269319,-0.172773957,0.153233334,0.520181179,-0.29835704,0.0450555608,1.04798532,-0.185303867,0.0578778312,-0.00148421864,0.00581296766,-0.111899234,0.421240389,0.401668966,-1.50372136,0.224058867,0.232920393,-0.260045528,-0.0455114059,-0.0079761371,-0.0568569079,0.285511553,0.640474379,0.20539014,0.088231504,0.756768703,0.581344545,0.776518464,0.995030105,0.164575815,-0.519718766,0.504914522,0.105257697,0.379529268,-0.143767565,0.418062806,-0.126806214,-0.706399679,-0.0449678563,-0.248174399,0.0518680327,-0.152237639,0.1270383,-0.262420952,0.0808387175,-0.0730961263,-0.137185022,0.0751427859,0.345773786,-0.516556382,0.0399928205,0.0140048005,0.106609426,0.00620547868,0.0553175211,0.443935215,-0.00123987207,0.780136704,0.0520728081,-0.209869385,0.170965791,0.441947758,-0.315141112,0.0366181061,1.0078038,-0.18990846,0.0208441336,-0.00877968222,-0.248174399,0.0518680327,-0.152237639,0.1270383,-0.262420952,0.0808387175,-0.0730961263,-0.137185022,0.0751427859,0.345773786,-0.516556382,0.0399928205,0.0140048005,0.106609426,0.00620547868,0.0553175211,0.443935215,-0.00123987207,0.780136704,0.0520728081,-0.209869385,0.170965791,0.441947758,-0.315141112,0.0366181098,1.0078038,-0.18990846,0.0208441336,-0.00877968222,-0.248174399,0.0518680327,-0.152237639,0.1270383,-0.262420952,0.0808387175,-0.0730961263,-0.137185022,0.0751427859,0.345773786,-0.516556382,0.0399928205,0.0140048005,0.106609426,0.00620547868,0.0553175211,0.443935215,-0.00123987207,0.780136704,0.0520728081,-0.209869385,0.170965791,0.441947758,-0.315141112,0.0366181061,1.0078038,-0.18990846,0.0208441336,-0.00877968222
1.94101336,3179262.18,0,0,0.000422556885,7.55907968e-06,1,0.150357839,0.0596852154,1,-0.448451787,0.0157745667,0.0190831441,0.893464029,0.0583652854,-0.230345383,0.208879709,2.24207754e-44,-2.24207754e-44,-2.24207754e-44,-0.147260591,0.0994898826,-0.180373833,0.173110783,-0.100786999,0.0357199796,-0.13413927,-0.0999163538,0.056927152,0.406623989,-0.357279271,0.0770314038,-0.0214585848,0.0487653203,-0.00775956316,0.112515114,0.349131703,-0.0487582684,0.826705873,0.0412071124,-0.178579256,0.157685161,0.520985126,-0.294585884,0.0442795381,1.05101287,-0.186030969,0.0502649248,-0.00230510952,0.00265469332,-0.039425727,0.417690039,0.285869688,-1.43533289,0.346989483,0.293344527,-0.178804323,-0.0515198894,-0.172238007,-0.355608702,0.216917768,0.789700091,0.275484145,0.0118304705,0.670897186,0.498575866,0.955480397,0.583829582,0.303339243,-0.584086895,0.405012816,0.0513111316,0.370817542,-0.0475990064,0.209127739,-0.0484261699,-0.74994427,-0.0897875652,-0.248174399,0.0518680327,-0.152237639,0.1270383,-0.262420952,0.0808387175,-0.0730961263,-0.137185022,0.0751427859,0.345773786,-0.516556382,0.0399928205,0.0140048005,0.106609426,0.00620547868,0.0553175211,0.443935215,-0.00123987207,0.780136704,0.0520728081,-0.209869385,0.170965791,0.441947758,-0.315141112,0.0366181061,1.0078038,-0.18990846,0.0208441336,-0.00877968222,-0.190907419,0.0779844075,-0.152226359,0.157568514,-0.260473937,0.108686581,-0.132781342,-0.109272435,0.0662480891,0.345081717,-0.528459907,0.0396257155,0.0146002267,0.134265244,-0.00761701819,0.0327798724,0.419798404,-0.00140272826,0.767457306,0.0683541372,-0.213612631,0.165044576,0.435392916,-0.327966273,0.0339168757,1.00412834,-0.182412297,0.00666996837,-0.0107253455,-0.190907419,0.0779844075,-0.152226359,0.157568514,-0.260473937,0.108686581,-0.132781342,-0.109272435,0.0662480891,0.345081717,-0.528459907,0.0396257155,0.0146002267,0.134265244,-0.00761701819,0.0327798724,0.419798404,-0.00140272779,0.767457306,0.0683541372,-0.213612631,0.165044576,0.435392916,-0.327966273,0.0339168757,1.00412834,-0.182412297,0.00666996837,-0.0107253455
1.9519358,3179262.19,0,0,0.0113449991,6.02286309e-06,1,0.150357839,0,1,-0.449642897,0.0166393034,0.0195692964,0.892838955,-0.0195376351,-0.145476669,0.25895083,2.24207754e-44,-2.24207754e-44,-2.24207754e-44,-0.147564203,0.0993128195,-0.176802933,0.175420061,-0.114053234,0.0395524912,-0.130939662,-0.101330392,0.0560512617,0.404200405,-0.362448961,0.0788754895,-0.0136398887,0.0519102402,-0.00801968016,0.118815549,0.354032487,-0.0393077545,0.830125809,0.0444990918,-0.18388404,0.160909161,0.520672679,-0.291115433,0.0440192223,1.05210471,-0.186312348,0.0431022979,-0.00312363729,-0.100720376,0.0339142159,0.42086494,0.250303715,-1.23720479,0.532868087,0.254165739,-0.0924212337,-0.0671309829,-0.198057353,-0.758294761,0.155828357,0.831450403,0.351825416,-0.0776410252,0.581594646,0.464994133,0.957173407,0.206708074,0.459991157,-0.498663187,0.230051234,-0.0871828198,0.319511533,-0.0163482465,0.0636802688,-0.0132037615,-0.772441983,-0.0847194269,-0.190907419,0.0779844075,-0.152226359,0.157568514,-0.260473937,0.108686581,-0.132781342,-0.109272435,0.0662480891,0.345081717,-0.528459907,0.0396257155,0.0146002267,0.134265244,-0.00761701819,0.0327798724,0.419798404,-0.00140272779,0.767457306,0.0683541372,-0.213612631,0.165044576,0.435392916,-0.327966273,0.0339168757,1.00412834,-0.182412297,0.00666996837,-0.0107253455,-0.190907419,0.0779844075,-0.152226359,0.157568514,-0.260473937,0.108686581,-0.132781342,-0.109272435,0.0662480891,0.345081717,-0.528459907,0.0396257155,0.0146002267,0.134265244,-0.00761701819,0.0327798724,0.419798404,-0.00140272826,0.767457306,0.0683541372,-0.213612631,0.165044576,0.435392916,-0.327966273,0.0339168757,1.00412834,-0.182412297,0.00666996837,-0.0107253455,-0.190907419,0.0779844075,-0.152226359,0.157568514,-0.260473937,0.108686581,-0.132781342,-0.109272435,0.0662480891,0.345081717,-0.528459907,0.0396257155,0.0146002267,0.134265244,-0.00761701819,0.0327798724,0.419798404,-0.00140272779,0.767457306,0.0683541372,-0.213612631,0.165044576,0.435392916,-0.327966273,0.0339168757,1.00412834,-0.182412297,0.00666996837,-0.0107253455
1.96292579,3179262.2,0,0,0.00230962271,4.35207039e-06,1,0.175666064,0.0549666435,1,-0.45104,0.0174005441,0.0193919055,0.892123342,-0.111323915,-0.083480753,0.297255009,2.24207754e-44,-2.24207754e-44,-2.24207754e-44,-0.14988026,0.100384355,-0.171726897,0.178881615,-0.127471343,0.046705801,-0.128504574,-0.101449847,0.0556267016,0.401925385,-0.374050111,0.0801202133,-0.00363625423,0.0568329915,-0.00927791651,0.124545634,0.359243125,-0.0283456724,0.830837607,0.0514969602,-0.189321727,0.162276581,0.517616808,-0.288115352,0.0439185053,1.05223119,-0.186289936,0.0333972089,-0.00407897681,-0.229930788,0.0983938724,0.349555045,0.288461953,-1.03973365,0.554043233,0.212070644,0.0362624377,-0.02796169,-0.232840583,-0.995856345,0.0680521578,0.781633258,0.440968305,-0.0974269956,0.413002014,0.426481098,0.846274495,-0.0390138142,0.577641785,-0.411661118,0.0626104623,-0.394823015,0.196954399,-0.00463411072,-0.0372617319,0.00839149021,-0.769058406,-0.0684622452,-0.135940775,0.115125969,-0.163783237,0.177015811,-0.239575744,0.124934942,-0.181204379,-0.0780428499,0.0568666607,0.37410742,-0.520425498,0.0333350897,0.00806214381,0.146268487,-0.0223490186,0.0183185339,0.40471077,-0.00117086945,0.755764604,0.0789196417,-0.209489971,0.159632951,0.438093305,-0.334784478,0.032480292,1.00354981,-0.176720947,-0.0051829312,-0.00651462935,-0.135940775,0.115125969,-0.163783237,0.177015811,-0.239575744,0.124934942,-0.181204379,-0.0780428499,0.0568666644,0.37410742,-0.520425498,0.0333350897,0.00806214381,0.146268487,-0.0223490186,0.0183185339,0.40471077,-0.00117086945,0.755764604,0.0789196417,-0.209489971,0.159632951,0.438093305,-0.334784478,0.0324802957,1.00354981,-0.176720947,-0.00518293027,-0.00651462935,-0.135940775,0.115125969,-0.163783237,0.177015811,-0.239575744,0.124934942,-0.181204379,-0.0780428499,0.0568666607,0.37410742,-0.520425498,0.0333350897,0.00806214381,0.146268487,-0.0223490186,0.0183185339,0.40471077,-0.00117086945,0.755764604,0.0789196417,-0.209489971,0.159632951,0.438093305,-0.334784478,0.032480292,1.00354981,-0.176720947,-0.0051829312,-0.00651462935
1.97292594,3179262.21,0,0,0.0123097766,4.50666994e-06,1,0.175666064,0,1,-0.452260643,0.0180791691,0.0187731311,0.891504943,-0.203218699,-0.0507972501,0.257894784,2.24207754e-44,-2.24207754e-44,-2.24207754e-44,-0.152469531,0.101915531,-0.168539643,0.181250513,-0.134920597,0.0524311662,-0.127472803,-0.099832125,0.0564551316,0.401275218,-0.386767119,0.0795946345,0.0036417332,0.0616652258,-0.010059718,0.128133759,0.363396853,-0.0205059685,0.828752637,0.0577453412,-0.192073867,0.162587672,0.51177913,-0.286934346,0.0438893773,1.05116439,-0.185583085,0.0254866071,-0.00448044995,-0.277877718,0.197048172,0.302944094,0.203479007,-0.526985705,0.578857303,0.0125666354,0.257883549,0.170914412,0.0815183818,-1.47319341,-0.148828894,0.687976897,0.510481536,-0.0591511503,0.324377209,0.407241613,0.749470234,-0.327445537,0.670755148,-0.172536686,0.0151597001,-0.713971198,0.0676739067,-0.00270664319,-0.155731887,0.120001741,-0.824639082,-0.0223032143,-0.135940775,0.115125969,-0.163783237,0.177015811,-0.239575744,0.124934942,-0.181204379,-0.0780428499,0.0568666607,0.37410742,-0.520425498,0.0333350897,0.00806214381,0.146268487,-0.0223490186,0.0183185339,0.40471077,-0.00117086945,0.755764604,0.0789196417,-0.209489971,0.159632951,0.438093305,-0.334784478,0.032480292,1.00354981,-0.176720947,-0.0051829312,-0.00651462935,-0.135940775,0.115125969,-0.163783237,0.177015811,-0.239575744,0.124934942,-0.181204379,-0.0780428499,0.0568666644,0.37410742,-0.520425498,0.0333350897,0.00806214381,0.146268487,-0.0223490186,0.0183185339,0.40471077,-0.00117086945,0.755764604,0.0789196417,-0.209489971,0.159632951,0.438093305,-0.334784478,0.0324802957,1.00354981,-0.176720947,-0.00518293027,-0.00651462935,-0.135940775,0.115125969,-0.163783237,0.177015811,-0.239575744,0.124934942,-0.181204379,-0.0780428499,0.0568666607,0.37410742,-0.520425498,0.0333350897,0.00806214381,0.146268487,-0.0223490186,0.0183185339,0.40471077,-0.00117086945,0.755764604,0.0789196417,-0.209489971,0.159632951,0.438093305,-0.334784478,0.032480292,1.00354981,-0.176720947,-0.0051829312,-0.00651462935
1.98292617,3179262.22,0,0,0.0023443792,4.44287434e-06,1,0.142018311,0.0615676045,1,-0.453577518,0.0188329201,0.0178134795,0.890839756,-0.24195376,-0.0409161001,0.333824486,2.24207754e-44,-2.24207754e-44,-2.24207754e-44,-0.155605882,0.103846096,-0.16673626,0.183158651,-0.138691783,0.057224188,-0.127615094,-0.0967225134,0.0582798049,0.402296156,-0.40081495,0.0774954334,0.00919767097,0.0668187141,-0.0103832614,0.130670846,0.367467374,-0.0140089858,0.824653327,0.0638056472,-0.193064705,0.162630737,0.502862632,-0.286823064,0.0438585281,1.04872274,-0.184241995,0.0178463776,-0.00458094478,-0.335149974,0.182577282,0.109721586,0.180166692,-0.296149939,0.421243817,-0.0214886442,0.326087475,0.175109178,0.0923893675,-1.31744373,-0.228180721,0.469068468,0.507566869,-0.0201559532,0.198437482,0.407965034,0.573552072,-0.437901288,0.539403677,-0.0684092268,-0.00049568899,-1.00012827,-0.0213874765,-0.00334096281,-0.303686708,0.131042033,-0.702612996,-0.00467876159,-0.0931069031,0.173373103,-0.184575319,0.174511909,-0.218660071,0.136077091,-0.218276769,-0.0341187865,0.0397111624,0.435675025,-0.495358169,0.0236942023,-0.00189179322,0.153289199,-0.0327798948,0.021858573,0.392011523,-0.000946604181,0.750953436,0.0867716447,-0.197288245,0.157414705,0.447321951,-0.337409496,0.0322970971,1.00585699,-0.164326549,-0.0191605072,-0.00287756696,-0.0931069031,0.173373103,-0.184575319,0.174511909,-0.218660071,0.136077091,-0.218276769,-0.0341187865,0.0397111624,0.435675025,-0.495358169,0.0236942023,-0.00189179368,0.153289199,-0.0327798948,0.021858573,0.392011523,-0.000946604181,0.750953436,0.0867716447,-0.197288245,0.157414705,0.447321951,-0.337409496,0.0322971009,1.00585699,-0.164326549,-0.0191605072,-0.00287756696,-0.0931069031,0.173373103,-0.184575319,0.174511909,-0.218660071,0.136077091,-0.218276769,-0.0341187865,0.0397111624,0.435675025,-0.495358169,0.0236942023,-0.00189179322,0.153289199,-0.0327798948,0.021858573,0.392011523,-0.000946604181,0.750953436,0.0867716447,-0.197288245,0.157414705,0.447321951,-0.337409496,0.0322970971,1.00585699,-0.164326549,-0.0191605072,-0.00287756696
1.9929262,3179262.23,0,0,0.0123444069,4.58071008e-06,1,0.142018311,0,1,-0.454713047,0.0195308123,0.016557049,0.890269876,-0.315359414,0.0139582781,0.203993931,2.24207754e-44,-2.24207754e-44,-2.24207754e-44,-0.158834845,0.106437236,-0.165649816,0.183460817,-0.138190389,0.0600051545,-0.130507931,-0.0924220905,0.0604333207,0.407869369,-0.41550234,0.0705543384,0.0133170523,0.0719335154,-0.0105561474,0.132275566,0.371483952,-0.00880527031,0.81946075,0.0690726414,-0.192696124,0.162489399,0.491075218,-0.287608981,0.0438259095,1.04508078,-0.181441858,0.0102567729,-0.00432242919,-0.310929328,0.323835999,0.104774378,-0.0818669647,0.313270181,0.172328338,-0.503055334,0.513640702,0.230107069,0.940662265,-1.57449007,-1.01691341,0.36552152,0.520106494,-0.0130571211,0.148535922,0.394786,0.50138098,-0.578033209,0.537030935,0.116081871,-0.0237467624,-1.30362689,-0.118115254,-0.00316742552,-0.398757547,0.404527366,-0.827968121,0.0492025726,-0.0931069031,0.173373103,-0.184575319,0.174511909,-0.218660071,0.136077091,-0.218276769,-0.0341187865,0.0397111624,0.435675025,-0.495358169,0.0236942023,-0.00189179322,0.153289199,-0.0327798948,0.021858573,0.392011523,-0.000946604181,0.750953436,0.0867716447,-0.197288245,0.157414705,0.447321951,-0.337409496,0.0322970971,1.00585699,-0.164326549,-0.0191605072,-0.00287756696,-0.0931069031,0.173373103,-0.184575319,0.174511909,-0.218660071,0.136077091,-0.218276769,-0.0341187865,0.0397111624,0.435675025,-0.495358169,0.0236942023,-0.00189179368,0.153289199,-0.0327798948,0.021858573,0.392011523,-0.000946604181,0.750953436,0.0867716447,-0.197288245,0.157414705,0.447321951,-0.337409496,0.0322971009,1.00585699,-0.164326549,-0.0191605072,-0.00287756696,-0.0931069031,0.173373103,-0.184575319,0.174511909,-0.218660071,0.136077091,-0.218276769,-0.0341187865,0.0397111624,0.435675025,-0.495358169,0.0236942023,-0.00189179322,0.153289199,-0.0327798948,0.021858573,0.392011523,-0.000946604181,0.750953436,0.0867716447,-0.197288245,0.157414705,0.447321951,-0.337409496,0.0322970971,1.00585699,-0.164326549,-0.0191605072,-0.00287756696
2.00392592,3179262.24,0,0,0.00333240023,4.33810055e-06,1,0.153271016,0.0672924519,1,-0.455848515,0.0205149911,0.0146547286,0.889700234,-0.36362201,-0.0214811265,0.230947435,2.24207754e-44,-2.24207754e-44,-2.24207754e-44,-0.16250658,0.110867113,-0.165084556,0.181980416,-0.132375032,0.0610162765,-0.13748391,-0.0856807083,0.0617080294,0.42025125,-0.431188583,0.0604531057,0.0157396402,0.0780432448,-0.0102200536,0.133239925,0.376004696,-0.00375437457,0.812775433,0.0745351091,-0.19095774,0.162168428,0.473375082,-0.28946954,0.0437823795,1.03935778,-0.176367015,0.00080634671,-0.00369220506,-0.291196674,0.386490703,0.0188809242,-0.134739518,0.547678888,0.0436400846,-0.586168528,0.584211349,0.0378895998,1.00468385,-1.09084058,-0.708610117,0.106739663,0.485428512,0.0594302528,0.0212666634,0.362451434,0.351374447,-0.522535622,0.380140156,0.141135216,-0.0273367781,-1.57234597,-0.167415872,-0.00410699984,-0.533824146,0.391168535,-0.722532392,0.0449909605,-0.0761958063,0.232395396,-0.208645344,0.163276643,-0.217683971,0.145967051,-0.23599115,-0.01492396,0.033150509,0.502967477,-0.477681994,0.0164509285,-0.0118652247,0.150302649,-0.0311332773,0.0497944653,0.37557134,0.000666962937,0.755342424,0.0956680849,-0.181412518,0.151744306,0.457329035,-0.337514013,0.0328951403,1.00621367,-0.15489462,-0.0280498955,-0.00414496753,-0.0761958063,0.232395396,-0.208645344,0.163276643,-0.217683971,0.145967051,-0.23599115,-0.01492396,0.0331505053,0.502967477,-0.477681994,0.0164509285,-0.0118652247,0.150302649,-0.0311332773,0.0497944653,0.37557134,0.000666962937,0.755342424,0.0956680849,-0.181412518,0.151744306,0.457329035,-0.337514013,0.0328951403,1.00621367,-0.15489462,-0.0280498974,-0.00414496753,-0.0761958063,0.232395396,-0.208645344,0.163276643,-0.217683971,0.145967051,-0.23599115,-0.01492396,0.033150509,0.502967477,-0.477681994,0.0164509285,-0.0118652247,0.150302649,-0.0311332773,0.0497944653,0.37557134,0.000666962937,0.755342424,0.0956680849,-0.181412518,0.151744306,0.457329035,-0.337514013,0.0328951403,1.00621367,-0.15489462,-0.0280498955,-0.00414496753
2.01393259,3179262.25,0,0,0.013339065,4.59607691e-06,1,0.153271016,0,1,-0.456497639,0.0215255283,0.0129295895,0.889370203,-0.428489119,-0.0283288583,0.100649878,2.24207754e-44,-2.24207754e-44,-2.24207754e-44,-0.164849296,0.115398847,-0.165058464,0.17936407,-0.124708042,0.0605993085,-0.145912379,-0.0788251907,0.0613867305,0.436844349,-0.440099895,0.0531593598,0.0162052717,0.0827372447,-0.00949042477,0.13326931,0.379177481,-0.000185358804,0.807564914,0.0786549523,-0.188148573,0.161281034,0.456544876,-0.291251838,0.0437427163,1.03343928,-0.171920002,-0.00638545724,-0.0034145005,-0.182467252,0.514018178,-0.0128629487,-0.361837864,0.93305707,-0.111866526,-1.0365274,0.77007705,-0.112126052,2.19261026,-0.766807675,-0.749331832,-0.00292238477,0.470528632,0.0908871666,0.00683756499,0.277835011,0.381205887,-0.525904417,0.456688225,0.402122885,-0.139483333,-1.75920868,-0.185647249,-0.00382344518,-0.627903998,0.499281079,-0.735862553,0.0186049752,-0.0761958063,0.232395396,-0.208645344,0.163276643,-0.217683971,0.145967051,-0.23599115,-0.01492396,0.033150509,0.502967477,-0.477681994,0.0164509285,-0.0118652247,0.150302649,-0.0311332773,0.0497944653,0.37557134,0.000666962937,0.755342424,0.0956680849,-0.181412518,0.151744306,0.457329035,-0.337514013,0.0328951403,1.00621367,-0.15489462,-0.0280498955,-0.00414496753,-0.0761958063,0.232395396,-0.208645344,0.163276643,-0.217683971,0.145967051,-0.23599115,-0.01492396,0.0331505053,0.502967477,-0.477681994,0.0164509285,-0.0118652247,0.150302649,-0.0311332773,0.0497944653,0.37557134,0.000666962937,0.755342424,0.0956680849,-0.181412518,0.151744306,0.457329035,-0.337514013,0.0328951403,1.00621367,-0.15489462,-0.0280498974,-0.00414496753,-0.0761958063,0.232395396,-0.208645344,0.163276643,-0.217683971,0.145967051,-0.23599115,-0.01492396,0.033150509,0.502967477,-0.477681994,0.0164509285,-0.0118652247,0.150302649,-0.0311332773,0.0497944653,0.37557134,0.000666962937,0.755342424,0.0956680849,-0.181412518,0.151744306,0.457329035,-0.337514013,0.0328951403,1.00621367,-0.15489462,-0.0280498955,-0.00414496753
2.02492562,3179262.27,0,0,0.00432804599,4.30736691e-06,1,0.157377683,0.0491319895,1,-0.457160413,0.0233965144,0.0105951289,0.88901335,-0.498405814,-0.11891856,0.147850707,2.24207754e-44,-2.24207754e-44,-2.24207754e-44,-0.166117683,0.122207724,-0.166576341,0.174816355,-0.113258563,0.0584176071,-0.157711938,-0.0685717762,0.0573476218,0.463985592,-0.446694136,0.0454662181,0.0141860917,0.0884610936,-0.00764694437,0.133036792,0.381586105,0.00394167611,0.802255034,0.083694227,-0.182687208,0.159233779,0.434672982,-0.293347776,0.043691285,1.02526188,-0.166423604,-0.0144804511,-0.00330796721,-0.0773548186,0.585544467,-0.1755777,-0.38215071,0.893276393,-0.239533752,-0.994860291,0.89674145,-0.42790249,2.36212349,-0.527083397,-0.623855412,-0.261642009,0.445833147,0.149626046,-0.0224630237,0.145905882,0.33743152,-0.373521447,0.403722852,0.518339217,-0.228815421,-1.84850669,-0.150101274,-0.00410121493,-0.705356538,0.412556887,-0.613770306,-0.00345939328,-0.0976598263,0.268184096,-0.219812721,0.147411406,-0.239072174,0.146391049,-0.234649777,-0.040801093,0.041600652,0.552099466,-0.487055123,0.00663352618,-0.016968783,0.140585542,-0.0150255635,0.0938690305,0.365672618,0.00697726104,0.769899011,0.101578444,-0.162646264,0.141307354,0.451968491,-0.331002086,0.0357251838,1.00541997,-0.152500674,-0.029145563,-0.00880374108,-0.0976598263,0.268184096,-0.219812721,0.147411406,-0.239072174,0.146391049,-0.234649777,-0.040801093,0.041600652,0.552099466,-0.487055123,0.00663352618,-0.016968783,0.140585542,-0.0150255635,0.0938690305,0.365672618,0.00697726104,0.769899011,0.101578444,-0.162646264,0.141307354,0.451968491,-0.331002086,0.0357251875,1.00541997,-0.152500674,-0.0291455612,-0.00880374108,-0.0976598263,0.268184096,-0.219812721,0.147411406,-0.239072174,0.146391049,-0.234649777,-0.040801093,0.041600652,0.552099466,-0.487055123,0.00663352618,-0.016968783,0.140585542,-0.0150255635,0.0938690305,0.365672618,0.00697726104,0.769899011,0.101578444,-0.162646264,0.141307354,0.451968491,-0.331002086,0.0357251838,1.00541997,-0.152500674,-0.029145563,-0.00880374108
2.03492586,3179262.28,0,0,0.014328287,4.44613397e-06,1,0.157377683,0,1,-0.457664698,0.0249251481,0.00875731185,0.888732255,-0.454245716,-0.118502647,0.146124095,2.24207754e-44,-2.24207754e-44,-2.24207754e-44,-0.16670686,0.127973214,-0.168196768,0.170769036,-0.105804339,0.0553213358,-0.168882236,-0.0595128499,0.0530846789,0.490985543,-0.452910483,0.0388400294,0.0107123852,0.0919079408,-0.00667568902,0.133219928,0.382419914,0.00774859032,0.799333513,0.0879456475,-0.175964504,0.155551746,0.415979326,-0.294276744,0.0436599962,1.01820946,-0.162804604,-0.0198016986,-0.0036487747,-0.0359111838,0.573125243,-0.174919933,-0.405486465,0.669930577,-0.308514833,-1.09581304,0.909134209,-0.459737241,2.71601963,-0.566432953,-0.622023225,-0.417921126,0.298333406,0.0871205032,0.0214177836,0.0461628065,0.361867696,-0.21100001,0.413378954,0.726081133,-0.420738876,-1.86327267,-0.0578730553,-0.00263607805,-0.708447993,0.320408255,-0.477989346,-0.0501577295,-0.0976598263,0.268184096,-0.219812721,0.147411406,-0.239072174,0.146391049,-0.234649777,-0.040801093,0.041600652,0.552099466,-0.487055123,0.00663352618,-0.016968783,0.140585542,-0.0150255635,0.0938690305,0.365672618,0.00697726104,0.769899011,0.101578444,-0.162646264,0.141307354,0.451968491,-0.331002086,0.0357251838,1.00541997,-0.152500674,-0.029145563,-0.00880374108,-0.0976598263,0.268184096,-0.219812721,0.147411406,-0.239072174,0.146391049,-0.234649777,-0.040801093,0.041600652,0.552099466,-0.487055123,0.00663352618,-0.016968783,0.140585542,-0.0150255635,0.0938690305,0.365672618,0.00697726104,0.769899011,0.101578444,-0.162646264,0.141307354,0.451968491,-0.331002086,0.0357251875,1.00541997,-0.152500674,-0.0291455612,-0.00880374108,-0.0976598263,0.268184096,-0.219812721,0.147411406,-0.239072174,0.146391049,-0.234649777,-0.040801093,0.041600652,0.552099466,-0.487055123,0.00663352618,-0.016968783,0.140585542,-0.0150255635,0.0938690305,0.365672618,0.00697726104,0.769899011,0.101578444,-0.162646264,0.141307354,0.451968491,-0.331002086,0.0357251838,1.00541997,-0.152500674,-0.029145563,-0.00880374108
2.04592583,3179262.29,0,0,0.00533779478,4.43076715e-06,1,0.14850311,0.0471530557,1,-0.458448142,0.0267174188,0.00709118228,0.88829118,-0.452580839,-0.198122039,0.208407491,2.24207754e-44,-2.24207754e-44,-2.24207754e-44,-0.16652596,0.133703142,-0.170222312,0.166920558,-0.100066915,0.0528124087,-0.177823499,-0.0503573269,0.048048377,0.514177263,-0.457125902,0.0335626565,0.00595442811,0.0944893509,-0.00582779245,0.133301228,0.382261127,0.0102986814,0.798218071,0.091365464,-0.169059098,0.151577309,0.398207337,-0.294460565,0.0436436161,1.01109505,-0.160307989,-0.023883177,-0.00419747736,0.0584379844,0.571457267,-0.210479975,-0.371576935,0.506561875,-0.211986035,-0.750676811,0.920075357,-0.510589421,2.01245213,-0.352784514,-0.476020485,-0.482477397,0.228102311,0.0778187737,-0.00337964715,-0.059323635,0.1766783,-0.0657327399,0.289797664,0.650126696,-0.366781622,-1.69857872,0.00981882028,-0.00126814225,-0.710028231,0.204385787,-0.365702838,-0.0561043657,-0.128982663,0.274918199,-0.221951187,0.131156981,-0.254713744,0.131147608,-0.228404999,-0.0665302426,0.0474917367,0.592082024,-0.498990595,-0.00877483934,-0.0153310169,0.133851022,0.0118184164,0.141022086,0.362407029,0.0123911835,0.786484838,0.10368941,-0.147256374,0.12916109,0.435120583,-0.328275502,0.0409640595,1.00535738,-0.153567314,-0.0245310646,-0.0139402859,-0.128982663,0.274918199,-0.221951187,0.131156981,-0.254713744,0.131147608,-0.228404999,-0.0665302426,0.0474917367,0.592082024,-0.498990595,-0.00877483934,-0.0153310169,0.133851022,0.0118184164,0.141022086,0.362407029,0.0123911835,0.786484838,0.10368941,-0.147256374,0.12916109,0.435120583,-0.328275502,0.0409640633,1.00535738,-0.153567314,-0.0245310646,-0.0139402859,-0.128982663,0.274918199,-0.221951187,0.131156981,-0.254713744,0.131147608,-0.228404999,-0.0665302426,0.0474917367,0.592082024,-0.498990595,-0.00877483934,-0.0153310169,0.133851022,0.0118184164,0.141022086,0.362407029,0.0123911835,0.786484838,0.10368941,-0.147256374,0.12916109,0.435120583,-0.328275502,0.0409640595,1.00535738,-0.153567314,-0.0245310646,-0.0139402859
2.05692562,3179262.3,0,0,0.0163375852,4.25009057e-06,1,0.14850311,0,1,-0.45896244,0.0282848161,0.00593225146,0.887985528,-0.293649614,-0.177727491,0.103196517,2.24207754e-44,-2.24207754e-44,-2.24207754e-44,-0.165492758,0.13852112,-0.171885163,0.162856132,-0.0973483399,0.0490377247,-0.186364993,-0.0423023067,0.0434805006,0.536587358,-0.462995738,0.0268713571,0.0017420511,0.0951616988,-0.00567328185,0.133891582,0.381111324,0.0121834576,0.797876179,0.0939979404,-0.161792442,0.146347076,0.381784111,-0.293751985,0.0437133312,1.0045706,-0.159055427,-0.0261646975,-0.00561406603,0.140401676,0.431453675,-0.149565816,-0.419327587,0.164841518,-0.403649271,-0.844597757,0.735325456,-0.445265293,2.24425149,-0.616526246,-0.684444666,-0.399125546,-0.0135506177,-0.00059743668,0.0911501125,-0.160836533,0.179340124,-0.0184168573,0.239332065,0.747257352,-0.579610109,-1.59248948,0.103627995,0.00829437841,-0.615767956,0.0835619718,-0.155063704,-0.179861084,-0.128982663,0.274918199,-0.221951187,0.131156981,-0.254713744,0.131147608,-0.228404999,-0.0665302426,0.0474917367,0.592082024,-0.498990595,-0.00877483934,-0.0153310169,0.133851022,0.0118184164,0.141022086,0.362407029,0.0123911835,0.786484838,0.10368941,-0.147256374,0.12916109,0.435120583,-0.328275502,0.0409640595,1.00535738,-0.153567314,-0.0245310646,-0.0139402859,-0.128982663,0.274918199,-0.221951187,0.131156981,-0.254713744,0.131147608,-0.228404999,-0.0665302426,0.0474917367,0.592082024,-0.498990595,-0.00877483934,-0.0153310169,0.133851022,0.0118184164,0.141022086,0.362407029,0.0123911835,0.786484838,0.10368941,-0.147256374,0.12916109,0.435120583,-0.328275502,0.0409640633,1.00535738,-0.153567314,-0.0245310646,-0.0139402859,-0.128982663,0.274918199,-0.221951187,0.131156981,-0.254713744,0.131147608,-0.228404999,-0.0665302426,0.0474917367,0.592082024,-0.498990595,-0.00877483934,-0.0153310169,0.133851022,0.0118184164,0.141022086,0.362407029,0.0123911835,0.786484838,0.10368941,-0.147256374,0.12916109,0.435120583,-0.328275502,0.0409640595,1.00535738,-0.153567314,-0.0245310646,-0.0139402859
2.0669257,3179262.31,0,0,0.00625381991,4.26499173e-06,1,0.230029691,0.0423266292,1,-0.459456801,0.0298132878,0.00525318692,0.887684047,-0.240007639,-0.232587069,0.134171322,2.24207754e-44,-2.24207754e-44,-2.24207754e-44,-0.16361326,0.142373249,-0.173392504,0.158782363,-0.0964578167,0.045818951,-0.193205282,-0.0357043706,0.0389565341,0.555845201,-0.467923522,0.02111274,-0.00207938696,0.0944426581,-0.00569035485,0.134973168,0.37863335,0.0133688422,0.798078001,0.0959223211,-0.154892176,0.140886202,0.367112398,-0.292439938,0.0437900685,0.998899043,-0.158526748,-0.0271514468,-0.00748586655,0.216981426,0.361120135,-0.150162533,-0.395400286,0.0528643094,-0.261966616,-0.563665688,0.619073391,-0.445874006,1.67574108,-0.424893528,-0.518296659,-0.359341919,-0.101396084,-0.00294979452,0.108867213,-0.309612215,0.0756442174,0.0531486869,0.162079349,0.630536139,-0.503405452,-1.36820304,0.145472914,0.00729315402,-0.536485732,0.0390353426,-0.0740557536,-0.181571111,-0.165343374,0.268682063,-0.216403723,0.113475829,-0.26870203,0.113880903,-0.214858621,-0.0843347907,0.0520105511,0.611819625,-0.502553761,-0.0214033276,-0.0100016762,0.13752608,0.0432796739,0.183348715,0.365859389,0.0157344937,0.800920725,0.103106059,-0.135905758,0.119695455,0.414183021,-0.327720463,0.0458365604,1.00069606,-0.155540079,-0.0157154314,-0.0165016539,-0.165343374,0.268682063,-0.216403723,0.113475829,-0.26870203,0.113880903,-0.214858621,-0.0843347907,0.0520105548,0.611819625,-0.502553761,-0.0214033276,-0.0100016762,0.13752608,0.0432796739,0.183348715,0.365859389,0.0157344937,0.800920725,0.103106059,-0.135905758,0.119695447,0.414183021,-0.327720463,0.0458365642,1.00069606,-0.155540079,-0.0157154314,-0.0165016539,-0.165343374,0.268682063,-0.216403723,0.113475829,-0.26870203,0.113880903,-0.214858621,-0.0843347907,0.0520105511,0.611819625,-0.502553761,-0.0214033276,-0.0100016762,0.13752608,0.0432796739,0.183348715,0.365859389,0.0157344937,0.800920725,0.103106059,-0.135905758,0.119695455,0.414183021,-0.327720463,0.0458365604,1.00069606,-0.155540079,-0.0157154314,-0.0165016539
2.07692586,3179262.32,0,0,0.0162539817,4.36417758e-06,1,0.230029691,0,1,-0.459831715,0.0310305897,0.00502381613,0.887449503,-0.103438817,-0.185029835,0.0813424215,2.24207754e-44,-2.24207754e-44,-2.24207754e-44,-0.16130881,0.145240858,-0.174213037,0.154519007,-0.0974353403,0.0419011898,-0.198874071,-0.030878095,0.0350713432,0.57198602,-0.472683758,0.0144759333,-0.00503411237,0.0922846794,-0.00638946053,0.137145072,0.374953389,0.013882325,0.798518598,0.0970397666,-0.148524776,0.135064885,0.354497761,-0.290909976,0.0446523465,0.994099557,-0.158270344,-0.0268702358,-0.00950138737,0.238621354,0.242300272,-0.0512481257,-0.431997418,-0.168457389,-0.413258702,-0.528693676,0.400533974,-0.359496802,1.5074054,-0.464819849,-0.667717695,-0.265503168,-0.272806406,-0.0952948704,0.27452001,-0.413883924,0.0334892273,0.0516190492,0.0842267051,0.615538716,-0.598600805,-1.18347216,0.15476723,0.121776737,-0.443824589,0.019536363,0.0742427707,-0.201949105,-0.165343374,0.268682063,-0.216403723,0.113475829,-0.26870203,0.113880903,-0.214858621,-0.0843347907,0.0520105511,0.611819625,-0.502553761,-0.0214033276,-0.0100016762,0.13752608,0.0432796739,0.183348715,0.365859389,0.0157344937,0.800920725,0.103106059,-0.135905758,0.119695455,0.414183021,-0.327720463,0.0458365604,1.00069606,-0.155540079,-0.0157154314,-0.0165016539,-0.165343374,0.268682063,-0.216403723,0.113475829,-0.26870203,0.113880903,-0.214858621,-0.0843347907,0.0520105548,0.611819625,-0.502553761,-0.0214033276,-0.0100016762,0.13752608,0.0432796739,0.183348715,0.365859389,0.0157344937,0.800920725,0.103106059,-0.135905758,0.119695447,0.414183021,-0.327720463,0.0458365642,1.00069606,-0.155540079,-0.0157154314,-0.0165016539,-0.165343374,0.268682063,-0.216403723,0.113475829,-0.26870203,0.113880903,-0.214858621,-0.0843347907,0.0520105511,0.611819625,-0.502553761,-0.0214033276,-0.0100016762,0.13752608,0.0432796739,0.183348715,0.365859389,0.0157344937,0.800920725,0.103106059,-0.135905758,0.119695455,0.414183021,-0.327720463,0.0458365604,1.00069606,-0.155540079,-0.0157154314,-0.0165016539
2.08792542,3179262.33,0,0,0.00726757478,4.28874046e-06,1,0.190332998,0.0315837413,1,-0.460363835,0.032197535,0.00523678539,0.887130797,-0.014948287,-0.192227319,0.110408448,2.24207754e-44,-2.24207754e-44,-2.24207754e-44,-0.158417314,0.147468343,-0.174490079,0.149759606,-0.100533903,0.0374039933,-0.203392044,-0.0273856204,0.0314288251,0.586007059,-0.477229863,0.00761985593,-0.00776014896,0.0883894339,-0.00758991344,0.141216531,0.368850946,0.0140766557,0.799629748,0.0977197215,-0.142139405,0.12854448,0.342185825,-0.289098442,0.0462721512,0.989435256,-0.158095241,-0.0255315565,-0.0115116555,0.240133062,0.14516671,0.00227245083,-0.357256234,-0.397834778,-0.4478122,-0.264029741,0.216601849,-0.230105758,0.909732223,-0.325261801,-0.559309602,-0.191268608,-0.366156787,-0.0981452242,0.398498505,-0.562704325,0.00722916052,0.108260132,0.0401734821,0.50889039,-0.523656547,-0.923385203,0.147890612,0.147474751,-0.355441242,0.0122006228,0.180344224,-0.134433821,-0.194262534,0.257525533,-0.207060173,0.102389485,-0.285859168,0.0995977446,-0.197679341,-0.0919837058,0.0568680242,0.611789227,-0.501494467,-0.0260774549,-0.00303196115,0.148612767,0.0702404976,0.214932457,0.378049284,0.0179840215,0.811437607,0.102138661,-0.126859888,0.115100399,0.393597066,-0.326221406,0.0479404479,0.995323241,-0.155685902,-0.00932316296,-0.0160529781,-0.194262534,0.257525533,-0.207060173,0.102389485,-0.285859168,0.0995977446,-0.197679341,-0.0919837058,0.0568680242,0.611789227,-0.501494467,-0.0260774549,-0.00303196069,0.148612767,0.0702404976,0.214932457,0.378049284,0.0179840215,0.811437607,0.102138661,-0.126859888,0.115100391,0.393597066,-0.326221406,0.0479404517,0.995323241,-0.155685902,-0.00932316203,-0.0160529781,-0.194262534,0.257525533,-0.207060173,0.102389485,-0.285859168,0.0995977446,-0.197679341,-0.0919837058,0.0568680242,0.611789227,-0.501494467,-0.0260774549,-0.00303196115,0.148612767,0.0702404976,0.214932457,0.378049284,0.0179840215,0.811437607,0.102138661,-0.126859888,0.115100399,0.393597066,-0.326221406,0.0479404479,0.995323241,-0.155685902,-0.00932316296,-0.0160529781
2.09792545,3179262.34,0,0,0.0172676002,4.38420102e-06,1,0.190332998,0,1,-0.460891485,0.0329232067,0.00576457754,0.886826873,0.0536078401,-0.163464114,0.130024135,2.24207754e-44,-2.24207754e-44,-2.24207754e-44,-0.156258658,0.148463488,-0.174021333,0.146648183,-0.105541281,0.0328739323,-0.204948336,-0.0260777902,0.030107446,0.592354357,-0.48010844,0.00240619364,-0.00915052556,0.0843035206,-0.00865419395,0.145950466,0.362713069,0.0140703805,0.800922513,0.0980134234,-0.137334555,0.123683408,0.334204584,-0.287688226,0.0477751903,0.986312151,-0.157987788,-0.0230986644,-0.0124551933,0.187845454,0.0736078769,0.0728590935,-0.282312423,-0.520557702,-0.406201929,-0.0958439037,0.0780614316,-0.0806268826,0.472218871,-0.268489569,-0.476897508,-0.104972124,-0.427107632,-0.118235201,0.517516613,-0.647461176,-0.0082279807,0.150228217,0.0244912244,0.444806159,-0.444375932,-0.708136559,0.134497821,0.144221872,-0.280430555,0.0100361649,0.256922096,-0.0706316605,-0.194262534,0.257525533,-0.207060173,0.102389485,-0.285859168,0.0995977446,-0.197679341,-0.0919837058,0.0568680242,0.611789227,-0.501494467,-0.0260774549,-0.00303196115,0.148612767,0.0702404976,0.214932457,0.378049284,0.0179840215,0.811437607,0.102138661,-0.126859888,0.115100399,0.393597066,-0.326221406,0.0479404479,0.995323241,-0.155685902,-0.00932316296,-0.0160529781,-0.194262534,0.257525533,-0.207060173,0.102389485,-0.285859168,0.0995977446,-0.197679341,-0.0919837058,0.0568680242,0.611789227,-0.501494467,-0.0260774549,-0.00303196069,0.148612767,0.0702404976,0.214932457,0.378049284,0.0179840215,0.811437607,0.102138661,-0.126859888,0.115100391,0.393597066,-0.326221406,0.0479404517,0.995323241,-0.155685902,-0.00932316203,-0.0160529781,-0.194262534,0.257525533,-0.207060173,0.102389485,-0.285859168,0.0995977446,-0.197679341,-0.0919837058,0.0568680242,0.611789227,-0.501494467,-0.0260774549,-0.00303196115,0.148612767,0.0702404976,0.214932457,0.378049284,0.0179840215,0.811437607,0.102138661,-0.126859888,0.115100399,0.393597066,-0.326221406,0.0479404479,0.995323241,-0.155685902,-0.00932316296,-0.0160529781
2.10793152,3179262.35,0,0,0.0072827898,6.65709376e-06,1,0.179848168,0.0178005099,1,-0.461587071,0.0333316363,0.00636511715,0.886445642,0.0862127692,-0.120129228,0.170651034,2.24207754e-44,-2.24207754e-44,-2.24207754e-44,-0.155047417,0.148905158,-0.173118517,0.144350588,-0.110755838,0.029416563,-0.205335841,-0.025997201,0.0297607277,0.595245838,-0.482476205,-0.00176297838,-0.00973223243,0.0799372643,-0.0100565571,0.151687965,0.355881274,0.0136524923,0.802763999,0.0982184783,-0.133562803,0.120071717,0.328502983,-0.286480337,0.0490070097,0.984038949,-0.157891914,-0.0207733717,-0.0128963012,0.0845173001,0.0322505236,0.117794521,-0.179690167,-0.555064976,-0.326706946,0.0169388372,-0.0320312791,0.00509925187,0.152171299,-0.190184295,-0.371172845,-0.0313877501,-0.44131729,-0.130639732,0.609762669,-0.692474306,-0.0789346769,0.202007413,0.0174183771,0.351488769,-0.309562802,-0.495958894,0.112630099,0.105773665,-0.184195921,0.00994654559,0.216517568,-0.0280081257,-0.204263985,0.243091837,-0.196923047,0.101987839,-0.29940331,0.0958217382,-0.188845277,-0.0884381756,0.0595521331,0.601656675,-0.495040059,-0.0241725501,0.0028522769,0.166413277,0.0865556002,0.23020035,0.392972767,0.0184685122,0.817611217,0.0999013558,-0.120423093,0.114107847,0.376047254,-0.325397134,0.0474670306,0.993052185,-0.154534072,-0.00820213743,-0.0122547839,-0.204263985,0.243091837,-0.196923047,0.101987839,-0.29940331,0.0958217382,-0.188845277,-0.0884381756,0.0595521294,0.601656675,-0.495040059,-0.0241725501,0.0028522769,0.166413277,0.0865556002,0.23020035,0.392972767,0.0184685122,0.817611217,0.0999013558,-0.120423093,0.114107847,0.376047254,-0.325397134,0.0474670343,0.993052185,-0.154534072,-0.00820213836,-0.0122547839,-0.204263985,0.243091837,-0.196923047,0.101987839,-0.29940331,0.0958217382,-0.188845277,-0.0884381756,0.0595521331,0.601656675,-0.495040059,-0.0241725501,0.0028522769,0.166413277,0.0865556002,0.23020035,0.392972767,0.0184685122,0.817611217,0.0999013558,-0.120423093,0.114107847,0.376047254,-0.325397134,0.0474670306,0.993052185,-0.154534072,-0.00820213743,-0.0122547839
2.1189258,3179262.36,0,0,0.0182770747,4.42797318e-06,1,0.179848168,0,1,-0.46240136,0.0336625054,0.00710813608,0.886002958,0.120383382,-0.126306415,0.184896201,2.24207754e-44,-2.24207754e-44,-2.24207754e-44,-0.15450421,0.149148926,-0.17120102,0.143385023,-0.117091656,0.0262939762,-0.204111382,-0.0267816316,0.0307127964,0.594685376,-0.483538717,-0.00481397845,-0.00959025975,0.0754356384,-0.0107923215,0.158282444,0.349160135,0.0120734917,0.804989159,0.0983481407,-0.130037695,0.117549643,0.324320316,-0.285449326,0.0497677885,0.982944071,-0.157779962,-0.0187706146,-0.0130204633,0.0326886401,0.0156833641,0.22830312,-0.0619514845,-0.639765441,-0.284275591,0.168745011,-0.111608803,0.14457655,-0.149064437,-0.0731033683,-0.278426498,0.0479607061,-0.454678625,-0.0479679592,0.6927948,-0.659024239,-0.200348392,0.239171833,0.0109904185,0.338858634,-0.216173515,-0.359033525,0.0946610942,0.0590905808,-0.0690310001,0.0116994986,0.185387149,-0.00538233109,-0.204263985,0.243091837,-0.196923047,0.101987839,-0.29940331,0.0958217382,-0.188845277,-0.0884381756,0.0595521331,0.601656675,-0.495040059,-0.0241725501,0.0028522769,0.166413277,0.0865556002,0.23020035,0.392972767,0.0184685122,0.817611217,0.0999013558,-0.120423093,0.114107847,0.376047254,-0.325397134,0.0474670306,0.993052185,-0.154534072,-0.00820213743,-0.0122547839,-0.204263985,0.243091837,-0.196923047,0.101987839,-0.29940331,0.0958217382,-0.188845277,-0.0884381756,0.0595521294,0.601656675,-0.495040059,-0.0241725501,0.0028522769,0.166413277,0.0865556002,0.23020035,0.392972767,0.0184685122,0.817611217,0.0999013558,-0.120423093,0.114107847,0.376047254,-0.325397134,0.0474670343,0.993052185,-0.154534072,-0.00820213836,-0.0122547839,-0.204263985,0.243091837,-0.196923047,0.101987839,-0.29940331,0.0958217382,-0.188845277,-0.0884381756,0.0595521331,0.601656675,-0.495040059,-0.0241725501,0.0028522769,0.166413277,0.0865556002,0.23020035,0.392972767,0.0184685122,0.817611217,0.0999013558,-0.120423093,0.114107847,0.376047254,-0.325397134,0.0474670306,0.993052185,-0.154534072,-0.00820213743,-0.0122547839
2.12992541,3179262.37,0,0,0.00927904015,4.14904207e-06,1,0.199156348,0.0247052312,1,-0.463464499,0.0339181498,0.0080913119,0.885429144,0.13800922,-0.115079366,0.203066796,2.24207754e-44,-2.24207754e-44,-2.24207754e-44,-0.154596016,0.149204388,-0.167967677,0.14321585,-0.124447964,0.023731431,-0.201041907,-0.028729964,0.0331975669,0.590505183,-0.484167069,-0.00735118426,-0.00825573411,0.0700948909,-0.0109828096,0.167093322,0.341588169,0.00889806915,0.808451533,0.0984309614,-0.126386359,0.115608081,0.321478516,-0.28459239,0.050212197,0.982542455,-0.157634556,-0.0170062408,-0.012739934,-0.0346829072,-0.000392978429,0.310590267,0.0421778671,-0.628004789,-0.132415131,0.369744122,-0.190469921,0.264601171,-0.637201309,-0.0232153796,-0.129343659,0.169401482,-0.430729389,0.00991501193,0.744582057,-0.601641357,-0.331068873,0.344463825,0.00158553279,0.296588957,-0.124851726,-0.142854616,0.0514884181,0.022824686,-0.0147064803,0.0124886651,0.108393669,0.0700885653,-0.200459361,0.221407935,-0.185048968,0.109742254,-0.307384223,0.101300426,-0.184553862,-0.0835287794,0.0618388057,0.576951444,-0.48635453,-0.017117871,0.00864573102,0.190299183,0.0862849951,0.231671691,0.404413521,0.0173513889,0.821356297,0.095965676,-0.1172501,0.114680886,0.363669157,-0.324907124,0.0467666686,0.994815886,-0.154292151,-0.0108053535,-0.00746359397,-0.200459361,0.221407935,-0.185048968,0.109742254,-0.307384223,0.101300426,-0.184553862,-0.0835287794,0.0618388094,0.576951444,-0.48635453,-0.017117871,0.00864573102,0.190299183,0.0862849951,0.231671691,0.404413521,0.0173513889,0.821356297,0.095965676,-0.1172501,0.114680879,0.363669157,-0.324907124,0.0467666723,0.994815886,-0.154292151,-0.0108053535,-0.00746359397,-0.200459361,0.221407935,-0.185048968,0.109742254,-0.307384223,0.101300426,-0.184553862,-0.0835287794,0.0618388057,0.576951444,-0.48635453,-0.017117871,0.00864573102,0.190299183,0.0862849951,0.231671691,0.404413521,0.0173513889,0.821356297,0.095965676,-0.1172501,0.114680886,0.363669157,-0.324907124,0.0467666686,0.994815886,-0.154292151,-0.0108053535,-0.00746359397
2.139929,3179262.38,0,0,0.019282632,6.17699698e-06,1,0.199156348,0,1,-0.464369476,0.0339570642,0.00895361789,0.884945035,0.170726284,-0.0650671124,0.196288407,2.24207754e-44,-2.24207754e-44,-2.24207754e-44,-0.1554382,0.148915023,-0.164760619,0.144080564,-0.130654901,0.0229557883,-0.196900249,-0.0310989972,0.036400985,0.582495928,-0.484250069,-0.00812862813,-0.00603575632,0.0658132359,-0.0108222719,0.174936578,0.336001754,0.00529596629,0.812285483,0.0984098241,-0.123629399,0.114668675,0.320762157,-0.284290433,0.0503598303,0.982773542,-0.15750955,-0.0162311699,-0.0116981789,-0.120158397,-0.0558802448,0.30948624,0.104998916,-0.601101875,-0.053666275,0.411907375,-0.273624748,0.345767915,-0.832069159,-0.00319646159,-0.0597506389,0.247173741,-0.430870444,0.0167261437,0.819084466,-0.529189289,-0.360416025,0.397925735,-0.00371615728,0.256261766,-0.0775489658,-0.0368685946,0.0187833644,0.0110796997,0.0517348498,0.0124034705,0.0624463335,0.114212729,-0.200459361,0.221407935,-0.185048968,0.109742254,-0.307384223,0.101300426,-0.184553862,-0.0835287794,0.0618388057,0.576951444,-0.48635453,-0.017117871,0.00864573102,0.190299183,0.0862849951,0.231671691,0.404413521,0.0173513889,0.821356297,0.095965676,-0.1172501,0.114680886,0.363669157,-0.324907124,0.0467666686,0.994815886,-0.154292151,-0.0108053535,-0.00746359397,-0.200459361,0.221407935,-0.185048968,0.109742254,-0.307384223,0.101300426,-0.184553862,-0.0835287794,0.0618388094,0.576951444,-0.48635453,-0.017117871,0.00864573102,0.190299183,0.0862849951,0.231671691,0.404413521,0.0173513889,0.821356297,0.095965676,-0.1172501,0.114680879,0.363669157,-0.324907124,0.0467666723,0.994815886,-0.154292151,-0.0108053535,-0.00746359397,-0.200459361,0.221407935,-0.185048968,0.109742254,-0.307384223,0.101300426,-0.184553862,-0.0835287794,0.0618388057,0.576951444,-0.48635453,-0.017117871,0.00864573102,0.190299183,0.0862849951,0.231671691,0.404413521,0.0173513889,0.821356297,0.095965676,-0.1172501,0.114680886,0.363669157,-0.324907124,0.0467666686,0.994815886,-0.154292151,-0.0108053535,-0.00746359397
2.15092687,3179262.39,0,0,0.0102908639,5.45801595e-06,1,0.194678083,0.0354757905,1,-0.465561152,0.0337045789,0.0102271009,0.884314537,0.258439392,-0.102830492,0.251116842,2.24207754e-44,-2.24207754e-44,-2.24207754e-44,-0.157802224,0.147403941,-0.161629498,0.146370679,-0.135620713,0.0214432217,-0.19175607,-0.0354793221,0.0406343117,0.572294295,-0.484012574,-0.00866535958,-0.00280782301,0.0604164302,-0.00985082332,0.184962958,0.330829859,0.00101457781,0.816968679,0.0981181636,-0.121210091,0.114010178,0.320913136,-0.284200907,0.0504417494,0.9835127,-0.157373741,-0.0157521088,-0.0102522979,-0.255672753,-0.186069354,0.236224294,0.32339099,-0.231375262,-0.201081589,0.540285766,-0.442514569,0.35451743,-1.05701113,0.0595845692,-0.0205418821,0.289996088,-0.467445165,0.173834369,0.79531163,-0.331928611,-0.383565605,0.397226065,-0.0611117519,0.149283782,-0.0337905772,0.0548832081,0.00141524081,0.00360497297,0.0596648566,0.00966892671,0.0206861179,0.146240488,-0.186647013,0.194909289,-0.173953623,0.120376915,-0.31787324,0.111229122,-0.179212481,-0.0752752274,0.0617450923,0.541475654,-0.480039716,-0.0063384776,0.0138895828,0.217205063,0.0668489188,0.224976137,0.408670068,0.0153088905,0.823057413,0.0896877646,-0.119177632,0.117591947,0.360614926,-0.324559301,0.0452114642,0.999884307,-0.155610487,-0.013738526,-0.00349902268,-0.186647013,0.194909289,-0.173953623,0.120376915,-0.31787324,0.111229122,-0.179212481,-0.0752752274,0.0617450923,0.541475654,-0.480039716,-0.0063384776,0.0138895828,0.217205063,0.0668489188,0.224976137,0.408670068,0.0153088905,0.823057413,0.0896877646,-0.119177632,0.117591947,0.360614926,-0.324559301,0.0452114679,0.999884307,-0.155610487,-0.013738526,-0.00349902268,-0.186647013,0.194909289,-0.173953623,0.120376915,-0.31787324,0.111229122,-0.179212481,-0.0752752274,0.0617450923,0.541475654,-0.480039716,-0.0063384776,0.0138895828,0.217205063,0.0668489188,0.224976137,0.408670068,0.0153088905,0.823057413,0.0896877646,-0.119177632,0.117591947,0.360614926,-0.324559301,0.0452114642,0.999884307,-0.155610487,-0.013738526,-0.00349902268
2.16092854,3179262.4,0,0,0.000167569611,5.34998253e-06,1,0.313417986,0.0481318235,1,-0.466738075,0.0333630778,0.0119256694,0.883685589,0.400430024,-0.0891690627,0.2480959,2.24207754e-44,-2.24207754e-44,-2.24207754e-44,-0.161359444,0.144606918,-0.159292176,0.150974303,-0.136102855,0.0183371697,-0.186229452,-0.0409481563,0.0445675477,0.560999751,-0.483587265,-0.00871037506,0.000571348239,0.0551710315,-0.00777087314,0.192683309,0.328702301,-0.00261085783,0.820912719,0.0973356217,-0.120174035,0.113814488,0.32191503,-0.284191936,0.0504697487,0.984286606,-0.157291174,-0.0156564899,-0.00865954533,-0.418635786,-0.342329115,0.238730505,0.526669621,0.0999322683,-0.377045274,0.525607109,-0.615953445,0.422523677,-1.10062265,0.0301077683,0.00210478599,0.367386013,-0.567009151,0.220636114,0.767386019,-0.137242183,-0.328116387,0.383879632,-0.0799284056,0.0804380998,-0.013200053,0.122060865,0.00108580769,0.002769741,0.0913759172,0.00754007837,0.00477715908,0.158777237,-0.186647013,0.194909289,-0.173953623,0.120376915,-0.31787324,0.111229122,-0.179212481,-0.0752752274,0.0617450923,0.541475654,-0.480039716,-0.0063384776,0.0138895828,0.217205063,0.0668489188,0.224976137,0.408670068,0.0153088905,0.823057413,0.0896877646,-0.119177632,0.117591947,0.360614926,-0.324559301,0.0452114642,0.999884307,-0.155610487,-0.013738526,-0.00349902268,-0.183816522,0.180774763,-0.165049255,0.128591597,-0.366005063,0.12576735,-0.167835817,-0.0691950619,0.0630152971,0.50538826,-0.485799372,0.00807416439,0.019327661,0.238198534,0.0360343195,0.218910784,0.411306262,0.0159787126,0.819748163,0.085924007,-0.123408273,0.121448241,0.357484818,-0.326341271,0.0456400104,1.0018363,-0.161504298,-0.013056539,-0.00155015429,-0.183816522,0.180774763,-0.165049255,0.128591597,-0.366005063,0.12576735,-0.167835817,-0.0691950619,0.0630152971,0.50538826,-0.485799372,0.00807416439,0.019327661,0.238198534,0.0360343195,0.218910784,0.411306262,0.0159787126,0.819748163,0.085924007,-0.123408273,0.121448249,0.357484818,-0.326341271,0.0456400067,1.0018363,-0.161504298,-0.013056539,-0.00155015476
2.17092864,3179262.41,0,0,0.01016767,6.06011599e-06,1,0.313417986,0,1,-0.467994541,0.0326582305,0.0141808484,0.883013844,0.516662121,-0.0930892006,0.300589442,2.24207754e-44,-2.24207754e-44,-2.24207754e-44,-0.166510716,0.140400365,-0.156771809,0.157663807,-0.134172305,0.0139142973,-0.180537581,-0.0480113998,0.0489807837,0.548610866,-0.483377308,-0.00765414443,0.00436290121,0.0490937717,-0.00535204262,0.200204074,0.328042209,-0.00484819058,0.824713528,0.0963258892,-0.119641498,0.113755204,0.323379993,-0.284182131,0.0504971966,0.985620975,-0.15726912,-0.0156332292,-0.0071362243,-0.592756748,-0.46493274,0.270903945,0.818848491,0.132019147,-0.464581311,0.6752159,-0.758682132,0.450105608,-1.52781463,0.0166866463,0.237071574,0.382089317,-0.623831391,0.249865755,0.72767657,-0.0265311562,-0.160212666,0.392580539,-0.137363032,0.0338041559,-0.000346993969,0.172086388,0.00115115102,0.00279926439,0.176992387,-0.00435234513,0.00174955535,0.154948562,-0.183816522,0.180774763,-0.165049255,0.128591597,-0.366005063,0.12576735,-0.167835817,-0.0691950619,0.0630152971,0.50538826,-0.485799372,0.00807416439,0.019327661,0.238198534,0.0360343195,0.218910784,0.411306262,0.0159787126,0.819748163,0.085924007,-0.123408273,0.121448249,0.357484818,-0.326341271,0.0456400067,1.0018363,-0.161504298,-0.013056539,-0.00155015476,-0.183816522,0.180774763,-0.165049255,0.128591597,-0.366005063,0.12576735,-0.167835817,-0.0691950619,0.0630152971,0.50538826,-0.485799372,0.00807416439,0.019327661,0.238198534,0.0360343195,0.218910784,0.411306262,0.0159787126,0.819748163,0.085924007,-0.123408273,0.121448241,0.357484818,-0.326341271,0.0456400104,1.0018363,-0.161504298,-0.013056539,-0.00155015429,-0.183816522,0.180774763,-0.165049255,0.128591597,-0.366005063,0.12576735,-0.167835817,-0.0691950619,0.0630152971,0.50538826,-0.485799372,0.00807416439,0.019327661,0.238198534,0.0360343195,0.218910784,0.411306262,0.0159787126,0.819748163,0.085924007,-0.123408273,0.121448249,0.357484818,-0.326341271,0.0456400067,1.0018363,-0.161504298,-0.013056539,-0.00155015476
2.18192743,3179262.42,0,0,0.00131052826,4.95417044e-06,1,0.185353216,0.0898154378,1,-0.469320267,0.0316574164,0.0170037728,0.882296562,0.661705613,-0.0845104903,0.254990846,2.24207754e-44,-2.24207754e-44,-2.24207754e-44,-0.17298907,0.135063723,-0.153398424,0.166780338,-0.132412598,0.00882903673,-0.173602402,-0.0562968105,0.0541174412,0.532443345,-0.483288467,-0.00546822883,0.00868160557,0.0423398875,-0.00283849332,0.207303345,0.328552991,-0.00571781956,0.828544438,0.094781749,-0.119448327,0.113840424,0.325314134,-0.284135371,0.0505342074,0.987879395,-0.157366604,-0.0156088369,-0.00566648133,-0.666311085,-0.578549922,0.380838752,0.930905461,0.267919689,-0.533890605,0.668165565,-0.872515857,0.554999828,-1.56898201,0.00389131997,0.18350704,0.464313388,-0.710933149,0.255040228,0.705430746,0.108763881,-0.0527888499,0.368598253,-0.154208198,0.0130819809,0.0171037428,0.198610187,0.00707794959,0.00422801962,0.250422806,-0.0121399984,0.00321910414,0.136973351,-0.193062693,0.178363949,-0.158333749,0.135534495,-0.455820501,0.1418823,-0.156978101,-0.0656410754,0.0653298274,0.47517395,-0.499076128,0.0214694105,0.0216550566,0.247260794,0.00467156246,0.210822329,0.416059971,0.02133964,0.808717906,0.0865408704,-0.12713401,0.124532312,0.353668451,-0.334783226,0.0457148775,0.996655643,-0.171133727,-0.0109337773,-0.00257043727,-0.193062693,0.178363949,-0.158333749,0.135534495,-0.455820501,0.1418823,-0.156978101,-0.0656410754,0.0653298274,0.47517395,-0.499076128,0.0214694105,0.0216550566,0.247260794,0.00467156246,0.210822329,0.416059971,0.02133964,0.808717906,0.0865408704,-0.12713401,0.124532312,0.353668451,-0.334783226,0.0457148813,0.996655643,-0.171133727,-0.0109337773,-0.00257043727,-0.193062693,0.178363949,-0.158333749,0.135534495,-0.455820501,0.1418823,-0.156978101,-0.0656410754,0.0653298274,0.47517395,-0.499076128,0.0214694105,0.0216550566,0.247260794,0.00467156246,0.210822329,0.416059971,0.02133964,0.808717906,0.0865408704,-0.12713401,0.124532312,0.353668451,-0.334783226,0.0457148775,0.996655643,-0.171133727,-0.0109337773,-0.00257043727
2.19292514,3179262.43,0,0,0.0123082362,4.01912257e-06,1,0.185353216,0,1,-0.470931351,0.0299441852,0.0209709313,0.881412089,0.694229007,-0.0395536236,0.30504179,2.24207754e-44,-2.24207754e-44,-2.24207754e-44,-0.18244487,0.127518162,-0.148389652,0.180086747,-0.1313871,0.00100213254,-0.165935457,-0.0673718005,0.0607533008,0.513595343,-0.482776642,-0.000306212023,0.0138586555,0.0336005911,-0.000100547368,0.215891376,0.330950737,-0.0059883846,0.832395136,0.0932974219,-0.119349644,0.114556439,0.327758461,-0.284083009,0.0505971871,0.990967095,-0.158695236,-0.0151950214,-0.00443845382,-0.911803722,-0.564638257,0.457451612,1.31391239,-0.197905436,-0.750163496,0.533912659,-0.869337201,0.502464056,-1.47042584,0.43808794,1.22747922,0.405778617,-0.634175777,0.208354339,0.702077031,0.218203247,-0.00405454356,0.302999794,-0.0940798447,0.00614338601,0.10158886,0.20238398,-0.0199633576,0.00525600882,0.253454,-0.226029575,0.0750045478,0.0689678788,-0.193062693,0.178363949,-0.158333749,0.135534495,-0.455820501,0.1418823,-0.156978101,-0.0656410754,0.0653298274,0.47517395,-0.499076128,0.0214694105,0.0216550566,0.247260794,0.00467156246,0.210822329,0.416059971,0.02133964,0.808717906,0.0865408704,-0.12713401,0.124532312,0.353668451,-0.334783226,0.0457148775,0.996655643,-0.171133727,-0.0109337773,-0.00257043727,-0.193062693,0.178363949,-0.158333749,0.135534495,-0.455820501,0.1418823,-0.156978101,-0.0656410754,0.0653298274,0.47517395,-0.499076128,0.0214694105,0.0216550566,0.247260794,0.00467156246,0.210822329,0.416059971,0.02133964,0.808717906,0.0865408704,-0.12713401,0.124532312,0.353668451,-0.334783226,0.0457148813,0.996655643,-0.171133727,-0.0109337773,-0.00257043727,-0.193062693,0.178363949,-0.158333749,0.135534495,-0.455820501,0.1418823,-0.156978101,-0.0656410754,0.0653298274,0.47517395,-0.499076128,0.0214694105,0.0216550566,0.247260794,0.00467156246,0.210822329,0.416059971,0.02133964,0.808717906,0.0865408704,-0.12713401,0.124532312,0.353668451,-0.334783226,0.0457148775,0.996655643,-0.171133727,-0.0109337773,-0.00257043727
2.20292664,3179262.44,0,0,0.00230117608,4.73391265e-06,1,0.183138065,0.0970620513,1,-0.472124517,0.0293324832,0.0232841428,0.880735993,0.349466443,-0.178479433,0.257116765,2.24207754e-44,-2.24207754e-44,-2.24207754e-44,-0.191055179,0.124662235,-0.143645868,0.193246678,-0.132546559,-0.00634729955,-0.164632171,-0.0733087957,0.0644132718,0.507073104,-0.468827248,0.023085162,0.018194316,0.0306902975,0.00311559089,0.222108796,0.332280308,-0.00568580627,0.835824966,0.0926248282,-0.119286537,0.115755923,0.329065859,-0.285058111,0.0506339371,0.993641615,-0.161259815,-0.0141257085,-0.00403877068,-0.785804749,-0.145540372,0.425212055,1.28191531,-0.0663308129,-0.708282828,-0.0610343255,-0.435046583,0.238570184,-0.14340423,1.69830573,2.34023285,0.411631346,-0.0956139416,0.41402176,0.581877172,0.0905556679,0.0527602695,0.354913443,-0.0530561544,0.00680493517,0.123160638,0.081201911,-0.134691194,0.00298007252,0.276188761,-0.253151417,0.122360274,0.0269570742,-0.214772671,0.150004059,-0.135360017,0.157444596,-0.552882552,0.147045404,-0.153776586,-0.077331543,0.0794453174,0.43938756,-0.536631346,0.0204222165,0.0248925183,0.22642678,-0.0166599993,0.201786324,0.420464844,0.0331838802,0.801074028,0.0878279805,-0.126532599,0.129361242,0.344759375,-0.3440063,0.0438278094,0.986556411,-0.183970496,-0.012638228,-0.006481627,-0.214772671,0.150004059,-0.135360017,0.157444596,-0.552882552,0.147045404,-0.153776586,-0.077331543,0.0794453174,0.43938756,-0.536631346,0.0204222165,0.0248925183,0.22642678,-0.0166599993,0.201786324,0.420464844,0.0331838802,0.801074028,0.0878279805,-0.126532599,0.129361242,0.344759375,-0.3440063,0.0438278131,0.986556411,-0.183970496,-0.012638228,-0.006481627,-0.214772671,0.150004059,-0.135360017,0.157444596,-0.552882552,0.147045404,-0.153776586,-0.077331543,0.0794453174,0.43938756,-0.536631346,0.0204222165,0.0248925183,0.22642678,-0.0166599993,0.201786324,0.420464844,0.0331838802,0.801074028,0.0878279805,-0.126532599,0.129361242,0.344759375,-0.3440063,0.0438278094,0.986556411,-0.183970496,-0.012638228,-0.006481627
2.21392717,3179262.45,0,0,0.0133017059,4.36184928e-06,1,0.183138065,0,1,-0.473289639,0.0296204686,0.0245129801,0.880067408,0.212014869,-0.204765618,0.390821487,2.24207754e-44,-2.24207754e-44,-2.24207754e-44,-0.197863549,0.124306716,-0.140616074,0.205303058,-0.137689337,-0.0119620413,-0.166399062,-0.0754231811,0.0654321536,0.509313703,-0.454421699,0.0360783301,0.0207675863,0.0311690439,0.00644848589,0.22663036,0.332709938,-0.00467157736,0.838558495,0.0923178121,-0.119019061,0.116926447,0.329572082,-0.286248624,0.0506530181,0.995791316,-0.164170131,-0.0130324094,-0.00391419232,-0.942199409,-0.00796547066,0.374290496,1.72847068,-1.17634976,-0.683141351,-0.284995705,-0.190722868,0.0754615888,0.447624803,1.81491768,1.27199996,0.253349155,0.120182917,0.384443074,0.562291503,0.0361010768,0.189267367,0.323865294,-0.0304821376,0.0583890639,0.169228554,0.0647010282,-0.148090541,0.00209348043,0.260110766,-0.4724572,0.144409537,0.00922331959,-0.214772671,0.150004059,-0.135360017,0.157444596,-0.552882552,0.147045404,-0.153776586,-0.077331543,0.0794453174,0.43938756,-0.536631346,0.0204222165,0.0248925183,0.22642678,-0.0166599993,0.201786324,0.420464844,0.0331838802,0.801074028,0.0878279805,-0.126532599,0.129361242,0.344759375,-0.3440063,0.0438278094,0.986556411,-0.183970496,-0.012638228,-0.006481627,-0.214772671,0.150004059,-0.135360017,0.157444596,-0.552882552,0.147045404,-0.153776586,-0.077331543,0.0794453174,0.43938756,-0.536631346,0.0204222165,0.0248925183,0.22642678,-0.0166599993,0.201786324,0.420464844,0.0331838802,0.801074028,0.0878279805,-0.126532599,0.129361242,0.344759375,-0.3440063,0.0438278131,0.986556411,-0.183970496,-0.012638228,-0.006481627,-0.214772671,0.150004059,-0.135360017,0.157444596,-0.552882552,0.147045404,-0.153776586,-0.077331543,0.0794453174,0.43938756,-0.536631346,0.0204222165,0.0248925183,0.22642678,-0.0166599993,0.201786324,0.420464844,0.0331838802,0.801074028,0.0878279805,-0.126532599,0.129361242,0.344759375,-0.3440063,0.0438278094,0.986556411,-0.183970496,-0.012638228,-0.006481627
2.22493183,3179262.47,0,0,0.00425214181,7.01891258e-06,1,0.207749661,0.0946166217,1,-0.475828439,0.0309052207,0.0262559596,0.878602743,0.159704536,-0.402492136,0.536837935,2.24207754e-44,-2.24207754e-44,-2.24207754e-44,-0.207124829,0.124659061,-0.136226773,0.225422934,-0.155474618,-0.0164919868,-0.168341219,-0.0765187144,0.0657734796,0.516413808,-0.435121208,0.0458864607,0.0228247792,0.0336560756,0.0116655743,0.232947156,0.332956672,-0.0013733299,0.841850877,0.0920564309,-0.117937982,0.119086057,0.330698162,-0.287913799,0.0506729707,0.99841994,-0.170343533,-0.0113994312,-0.00389019563,-0.592238486,0.0348966606,0.335017532,1.51030374,-1.53423929,-0.20184806,-0.0409464799,-0.046389889,0.00814669859,0.623126745,1.42598104,0.590632379,0.136435196,0.25172022,0.450307071,0.504700184,0.0197514314,0.309984744,0.239896521,-0.0179906543,0.101901188,0.174109161,0.135128349,-0.130323067,0.00148328138,0.187636182,-0.483705223,0.122457363,-0.00117759535,-0.223242491,0.0709855407,-0.0977409407,0.252061218,-0.627336085,0.127059132,-0.195315629,-0.107440367,0.102505147,0.375287324,-0.613835573,0.00723260036,0.0459226482,0.162877887,-0.0184317026,0.203125432,0.429697275,0.0521738008,0.802706361,0.08940503,-0.119934097,0.135618031,0.319611013,-0.352826506,0.0465113893,0.974215925,-0.196347594,-0.0185933709,-0.00941567216,-0.223242491,0.0709855407,-0.0977409407,0.252061218,-0.627336085,0.127059132,-0.195315629,-0.107440367,0.102505147,0.375287324,-0.613835573,0.00723260036,0.0459226482,0.162877887,-0.0184317026,0.203125432,0.429697275,0.0521738008,0.802706361,0.08940503,-0.119934097,0.135618031,0.319611013,-0.352826506,0.046511393,0.974215925,-0.196347594,-0.0185933709,-0.00941567216,-0.223242491,0.0709855407,-0.0977409407,0.252061218,-0.627336085,0.127059132,-0.195315629,-0.107440367,0.102505147,0.375287324,-0.613835573,0.00723260036,0.0459226482,0.162877887,-0.0184317026,0.203125432,0.429697275,0.0521738008,0.802706361,0.08940503,-0.119934097,0.135618031,0.319611013,-0.352826506,0.0465113893,0.974215925,-0.196347594,-0.0185933709,-0.00941567216
2.23592653,3179262.48,0,0,0.0152468411,4.43123281e-06,1,0.207749661,0,1,-0.478773147,0.0319284536,0.0282857567,0.876901805,0.301522166,-0.258713394,0.535871923,2.24207754e-44,-2.24207754e-44,-2.24207754e-44,-0.218012139,0.123510033,-0.13200745,0.251839101,-0.192693412,-0.0175911095,-0.169384897,-0.0779039338,0.0662238523,0.523339272,-0.420711637,0.0509608276,0.0261540841,0.0360374078,0.0143762687,0.237656489,0.333128899,0.00369203999,0.844315171,0.0919119194,-0.115688264,0.121500395,0.334376901,-0.289247185,0.0507127754,0.999842882,-0.177252457,-0.0105626322,-0.00421173358,-1.09194994,-0.184121624,0.411080927,2.66503191,-4.11503172,0.0795470998,-0.0943258479,-0.168000415,0.092582278,0.511022627,1.06789219,0.333375156,0.430970669,0.158509538,0.0991560668,0.294935316,0.00639023772,0.509555697,0.176083997,-0.00856522564,0.247101814,0.226467162,0.41925174,-0.108319849,0.00491994107,0.0677126721,-0.641371012,0.0358064845,-0.0426247977,-0.223242491,0.0709855407,-0.0977409407,0.252061218,-0.627336085,0.127059132,-0.195315629,-0.107440367,0.102505147,0.375287324,-0.613835573,0.00723260036,0.0459226482,0.162877887,-0.0184317026,0.203125432,0.429697275,0.0521738008,0.802706361,0.08940503,-0.119934097,0.135618031,0.319611013,-0.352826506,0.0465113893,0.974215925,-0.196347594,-0.0185933709,-0.00941567216,-0.223242491,0.0709855407,-0.0977409407,0.252061218,-0.627336085,0.127059132,-0.195315629,-0.107440367,0.102505147,0.375287324,-0.613835573,0.00723260036,0.0459226482,0.162877887,-0.0184317026,0.203125432,0.429697275,0.0521738008,0.802706361,0.08940503,-0.119934097,0.135618031,0.319611013,-0.352826506,0.046511393,0.974215925,-0.196347594,-0.0185933709,-0.00941567216,-0.223242491,0.0709855407,-0.0977409407,0.252061218,-0.627336085,0.127059132,-0.195315629,-0.107440367,0.102505147,0.375287324,-0.613835573,0.00723260036,0.0459226482,0.162877887,-0.0184317026,0.203125432,0.429697275,0.0521738008,0.802706361,0.08940503,-0.119934097,0.135618031,0.319611013,-0.352826506,0.0465113893,0.974215925,-0.196347594,-0.0185933709,-0.00941567216
2.24692554,3179262.49,0,0,0.00631205691,4.25009057e-06,1,0.172506087,0.185173273,1,-0.480926216,0.0326008759,0.030418437,0.875626564,0.344824791,-0.290378362,0.512173355,2.24207754e-44,-2.24207754e-44,-2.24207754e-44,-0.227437705,0.121056311,-0.127772614,0.277836084,-0.235037699,-0.0131445564,-0.168717504,-0.0797746778,0.0677285343,0.526870489,-0.411110193,0.0535928831,0.0315784775,0.0377976745,0.0152648743,0.240026832,0.333141834,0.00931074005,0.84556216,0.0918898657,-0.113133423,0.123850137,0.338938743,-0.290676266,0.0508847795,1.00022495,-0.183055341,-0.0104209492,-0.00457388908,-1.09464037,-0.356389254,0.310666293,2.94955206,-4.78846884,0.725212812,0.116777174,-0.224096656,0.134665102,0.207200706,1.00025654,0.228832066,0.573198915,0.194235742,0.0113530783,0.187527433,-0.00528212078,0.613084316,0.0992714986,0.0196931679,0.29073146,0.247928396,0.483626992,-0.180543154,0.0540755093,0.0231525432,-0.530798554,-0.00970711093,-0.0300800838,-0.187676489,-0.0474686101,-0.0670431927,0.437234491,-0.605543733,0.0944043174,-0.29452315,-0.133800194,0.120225683,0.266701072,-0.696036041,-0.00683233328,0.0590039007,0.0511067957,0.0018104203,0.178504258,0.463785887,0.0757731497,0.806360602,0.0984498933,-0.108698986,0.141826689,0.29653576,-0.33454442,0.0582795292,0.959397137,-0.199082613,-0.0251134951,-0.00827885605,-0.187676489,-0.0474686101,-0.0670431927,0.437234491,-0.605543733,0.0944043174,-0.29452315,-0.133800194,0.120225683,0.266701072,-0.696036041,-0.00683233328,0.0590039007,0.0511067957,0.0018104203,0.178504258,0.463785887,0.0757731497,0.806360602,0.0984498933,-0.108698986,0.141826689,0.29653576,-0.33454442,0.0582795329,0.959397137,-0.199082613,-0.0251134951,-0.00827885605,-0.187676489,-0.0474686101,-0.0670431927,0.437234491,-0.605543733,0.0944043174,-0.29452315,-0.133800194,0.120225683,0.266701072,-0.696036041,-0.00683233328,0.0590039007,0.0511067957,0.0018104203,0.178504258,0.463785887,0.0757731497,0.806360602,0.0984498933,-0.108698986,0.141826689,0.29653576,-0.33454442,0.0582795292,0.959397137,-0.199082613,-0.0251134951,-0.00827885605
2.25692726,3179262.5,0,0,0.016313782,4.51272354e-06,1,0.172506087,0,1,-0.483293414,0.0326341614,0.032305643,0.874253333,0.351091325,-0.213317826,0.449348092,2.24207754e-44,-2.24207754e-44,-2.24207754e-44,-0.24356772,0.115040399,-0.127528459,0.317539513,-0.29610303,0.00022889892,-0.167810097,-0.082617484,0.0687793419,0.526763499,-0.399168611,0.055628825,0.0380363874,0.0402112827,0.0137537541,0.240826428,0.333006054,0.0164205506,0.846237004,0.0925886184,-0.109241046,0.126650706,0.343995988,-0.2933667,0.0524216034,1.00031328,-0.187633708,-0.0110339271,-0.00478547299,-1.60766041,-0.687647283,-0.0538528934,4.12511778,-6.23187685,1.69070268,0.149586856,-0.283798099,0.173101619,-0.0954928249,1.19365191,0.187280908,0.76083082,0.280850679,-0.132302001,0.0193644147,-0.011393032,0.750960112,0.0435927138,0.0817105845,0.410970837,0.290414453,0.477406353,-0.327143431,0.197554454,0.00233849161,-0.400290757,-0.0825576261,-0.0156598315,-0.187676489,-0.0474686101,-0.0670431927,0.437234491,-0.605543733,0.0944043174,-0.29452315,-0.133800194,0.120225683,0.266701072,-0.696036041,-0.00683233328,0.0590039007,0.0511067957,0.0018104203,0.178504258,0.463785887,0.0757731497,0.806360602,0.0984498933,-0.108698986,0.141826689,0.29653576,-0.33454442,0.0582795292,0.959397137,-0.199082613,-0.0251134951,-0.00827885605,-0.187676489,-0.0474686101,-0.0670431927,0.437234491,-0.605543733,0.0944043174,-0.29452315,-0.133800194,0.120225683,0.266701072,-0.696036041,-0.00683233328,0.0590039007,0.0511067957,0.0018104203,0.178504258,0.463785887,0.0757731497,0.806360602,0.0984498933,-0.108698986,0.141826689,0.29653576,-0.33454442,0.0582795329,0.959397137,-0.199082613,-0.0251134951,-0.00827885605,-0.187676489,-0.0474686101,-0.0670431927,0.437234491,-0.605543733,0.0944043174,-0.29452315,-0.133800194,0.120225683,0.266701072,-0.696036041,-0.00683233328,0.0590039007,0.0511067957,0.0018104203,0.178504258,0.463785887,0.0757731497,0.806360602,0.0984498933,-0.108698986,0.141826689,0.29653576,-0.33454442,0.0582795292,0.959397137,-0.199082613,-0.0251134951,-0.00827885605
2.26792539,3179262.51,0,0,0.00727779185,4.02005389e-06,1,0.175977126,0.212155849,1,-0.484644234,0.0333150327,0.0349095613,0.87337929,0.337168574,-0.261800945,0.270238876,2.24207754e-44,-2.24207754e-44,-2.24207754e-44,-0.258678287,0.105967984,-0.129535332,0.362406552,-0.362182736,0.0211488269,-0.16447857,-0.0857200548,0.0725125372,0.524551749,-0.386348337,0.0576738976,0.0485814027,0.0445481092,0.0127476668,0.241089478,0.333081841,0.02572692,0.846567094,0.0936397612,-0.105051629,0.130023122,0.348228306,-0.298398316,0.0549342968,1.00024867,-0.191161513,-0.0119996369,-0.00490550231,-1.4441402,-0.91034466,-0.441028506,4.1482811,-4.98697948,1.47141838,0.283653378,-0.32241416,0.250610948,-0.293865085,1.10301828,0.167326897,0.771916866,0.38770318,-0.159848705,0.0395128205,0.0490012132,0.787426114,0.0353726596,0.196034491,0.257988483,0.270310789,0.241189137,-0.454892606,0.17162244,-0.0267212559,-0.20337984,-0.101175286,-0.00691676885,-0.150092646,-0.126685441,-0.0315561295,0.64939034,-0.539732099,0.056304574,-0.41940403,-0.166785926,0.128844306,0.152965009,-0.78081733,-0.0219890326,0.0448107496,-0.0762642324,0.0447659232,0.108671099,0.513882399,0.0906932652,0.790534973,0.118432142,-0.123061523,0.144087523,0.286443293,-0.297247529,0.0530522019,0.941704571,-0.190172061,-0.0356848389,-0.00763282552,-0.150092646,-0.126685441,-0.0315561295,0.64939034,-0.539732099,0.056304574,-0.41940406,-0.166785926,0.128844306,0.152965009,-0.78081733,-0.0219890326,0.0448107496,-0.0762642324,0.0447659232,0.108671099,0.513882399,0.0906932652,0.790534973,0.118432142,-0.123061523,0.144087523,0.286443293,-0.297247529,0.0530522056,0.941704571,-0.190172061,-0.0356848426,-0.00763282552,-0.150092646,-0.126685441,-0.0315561295,0.64939034,-0.539732099,0.056304574,-0.41940403,-0.166785926,0.128844306,0.152965009,-0.78081733,-0.0219890326,0.0448107496,-0.0762642324,0.0447659232,0.108671099,0.513882399,0.0906932652,0.790534973,0.118432142,-0.123061523,0.144087523,0.286443293,-0.297247529,0.0530522019,0.941704571,-0.190172061,-0.0356848389,-0.00763282552
2.27792701,3179262.52,0,0,0.0172794117,5.16884029e-06,1,0.175977126,0,1,-0.486559749,0.0328969471,0.0368362032,0.872250259,0.445866823,-0.143314064,0.372624487,2.24207754e-44,-2.24207754e-44,-2.24207754e-44,-0.281711191,0.0938373134,-0.135127261,0.421926945,-0.404436707,0.0300529469,-0.162597239,-0.0910489336,0.0729583576,0.519986272,-0.373006254,0.0595132709,0.0533827953,0.0477020107,0.00981715322,0.241141066,0.334862709,0.0334539637,0.847081304,0.0986350775,-0.103976555,0.132505834,0.349081874,-0.302663475,0.0557627939,0.998964846,-0.192199796,-0.01387366,-0.00496344222,-2.40127635,-1.26238561,-0.0353057012,6.64062357,-3.45892644,0.620796382,0.22558707,-0.61860615,0.0689930841,-0.4975532,1.34149694,0.19491671,0.448559254,0.272285372,-0.224485829,-0.03317523,0.259084374,0.737541318,0.0453745537,0.601085782,0.0329531617,0.227058396,-0.0231977087,-0.41498521,0.0360233895,-0.206613839,-0.0590036176,-0.225682586,-0.00564986002,-0.150092646,-0.126685441,-0.0315561295,0.64939034,-0.539732099,0.056304574,-0.41940403,-0.166785926,0.128844306,0.152965009,-0.78081733,-0.0219890326,0.0448107496,-0.0762642324,0.0447659232,0.108671099,0.513882399,0.0906932652,0.790534973,0.118432142,-0.123061523,0.144087523,0.286443293,-0.297247529,0.0530522019,0.941704571,-0.190172061,-0.0356848389,-0.00763282552,-0.150092646,-0.126685441,-0.0315561295,0.64939034,-0.539732099,0.056304574,-0.41940406,-0.166785926,0.128844306,0.152965009,-0.78081733,-0.0219890326,0.0448107496,-0.0762642324,0.0447659232,0.108671099,0.513882399,0.0906932652,0.790534973,0.118432142,-0.123061523,0.144087523,0.286443293,-0.297247529,0.0530522056,0.941704571,-0.190172061,-0.0356848426,-0.00763282552,-0.150092646,-0.126685441,-0.0315561295,0.64939034,-0.539732099,0.056304574,-0.41940403,-0.166785926,0.128844306,0.152965009,-0.78081733,-0.0219890326,0.0448107496,-0.0762642324,0.0447659232,0.108671099,0.513882399,0.0906932652,0.790534973,0.118432142,-0.123061523,0.144087523,0.286443293,-0.297247529,0.0530522019,0.941704571,-0.190172061,-0.0356848389,-0.00763282552
2.28793342,3179262.53,0,0,0.0072884718,7.76303932e-06,1,0.202438328,0.126863062,1,-0.487253815,0.0327513888,0.0397514068,0.871740162,0.520183504,-0.22703594,0.107583359,2.24207754e-44,-2.24207754e-44,-2.24207754e-44,-0.301534593,0.0810349584,-0.126990542,0.487538666,-0.430561543,0.0348286144,-0.159411862,-0.098108016,0.0753803179,0.515011132,-0.361284912,0.0616071895,0.0583950505,0.0496720225,0.00875021238,0.2407832,0.338636667,0.0400034525,0.847523987,0.104663372,-0.104554124,0.134345293,0.347188562,-0.306542724,0.0553606525,0.996191561,-0.192296639,-0.0163555648,-0.00501483819,-1.95845318,-1.20649934,1.37545955,6.80467844,-2.25755072,0.328620195,0.289792955,-0.737397492,0.210616827,-0.486498147,0.965172291,0.200649038,0.396716595,0.211385772,-0.156300917,0.00119368313,0.455123246,0.592113376,0.0421294384,0.673466861,-0.214697257,0.138536945,-0.287968427,-0.360228419,-0.190095291,-0.34613663,0.0758227184,-0.2947236,-0.00275971112,-0.146389097,-0.0515622944,-0.0042212829,0.776253402,-0.521587729,0.0282188039,-0.506602347,-0.166186556,0.0967126489,0.137712806,-0.805689037,-0.0297390781,0.0115003251,-0.147709027,0.0667120069,0.028129369,0.515258431,0.082816802,0.757317841,0.139431909,-0.155899286,0.135053158,0.298421741,-0.289123476,0.0251197312,0.932222009,-0.174291313,-0.0464123711,-0.00630049501,-0.146389097,-0.0515622944,-0.00422127964,0.776253402,-0.521587729,0.0282188039,-0.506602347,-0.166186556,0.0967126489,0.137712806,-0.805689037,-0.0297390781,0.0115003251,-0.147709027,0.0667120069,0.028129369,0.515258431,0.082816802,0.757317841,0.139431909,-0.155899286,0.135053158,0.298421741,-0.289123476,0.0251197293,0.932222009,-0.174291313,-0.0464123748,-0.00630049501,-0.146389097,-0.0515622944,-0.0042212829,0.776253402,-0.521587729,0.0282188039,-0.506602347,-0.166186556,0.0967126489,0.137712806,-0.805689037,-0.0297390781,0.0115003251,-0.147709027,0.0667120069,0.028129369,0.515258431,0.082816802,0.757317841,0.139431909,-0.155899286,0.135053158,0.298421741,-0.289123476,0.0251197312,0.932222009,-0.174291313,-0.0464123711,-0.00630049501
2.29893338,3179262.54,0,0,0.0182884331,7.47526065e-06,1,0.202438328,0,1,-0.488161236,0.0319870859,0.0418851301,0.871160746,0.37056756,-0.0746019185,0.0602964461,2.24207754e-44,-2.24207754e-44,-2.24207754e-44,-0.327836245,0.0703851283,-0.100206733,0.577926278,-0.451995999,0.0354011469,-0.157825038,-0.106662147,0.0748187006,0.509613216,-0.355250031,0.063610144,0.058813531,0.0536812209,0.00461227493,0.241476983,0.345876545,0.0455158353,0.847783804,0.115383245,-0.112181045,0.13502945,0.34172985,-0.309737831,0.0478781909,0.989882767,-0.188768044,-0.021524664,-0.00499326456,-1.87760997,-0.804444253,2.56071186,7.2319212,-1.38971162,0.00413007988,0.13388139,-0.732179523,-0.0513929762,-0.439341813,0.302552044,0.166609585,-0.0585350357,0.320003361,-0.310753047,0.0385002419,0.718552589,0.36812076,0.0103189461,0.913764536,-0.80125165,0.0158510637,-0.598521709,-0.185652047,-0.809179068,-0.614884675,0.367284983,-0.477475762,0.00175806286,-0.146389097,-0.0515622944,-0.0042212829,0.776253402,-0.521587729,0.0282188039,-0.506602347,-0.166186556,0.0967126489,0.137712806,-0.805689037,-0.0297390781,0.0115003251,-0.147709027,0.0667120069,0.028129369,0.515258431,0.082816802,0.757317841,0.139431909,-0.155899286,0.135053158,0.298421741,-0.289123476,0.0251197312,0.932222009,-0.174291313,-0.0464123711,-0.00630049501,-0.146389097,-0.0515622944,-0.00422127964,0.776253402,-0.521587729,0.0282188039,-0.506602347,-0.166186556,0.0967126489,0.137712806,-0.805689037,-0.0297390781,0.0115003251,-0.147709027,0.0667120069,0.028129369,0.515258431,0.082816802,0.757317841,0.139431909,-0.155899286,0.135053158,0.298421741,-0.289123476,0.0251197293,0.932222009,-0.174291313,-0.0464123748,-0.00630049501,-0.146389097,-0.0515622944,-0.0042212829,0.776253402,-0.521587729,0.0282188039,-0.506602347,-0.166186556,0.0967126489,0.137712806,-0.805689037,-0.0297390781,0.0115003251,-0.147709027,0.0667120069,0.028129369,0.515258431,0.082816802,0.757317841,0.139431909,-0.155899286,0.135053158,0.298421741,-0.289123476,0.0251197312,0.932222009,-0.174291313,-0.0464123711,-0.00630049501
2.30893388,3179262.55,0,0,0.00823161891,7.13765621e-06,1,0.25326293,0.0950563774,1,-0.48805961,0.031393975,0.0436100177,0.871154666,0.253951907,0.0293717515,0.0493744425,2.24207754e-44,-2.24207754e-44,-2.24207754e-44,-0.341461003,0.0623348318,-0.0742697194,0.641260326,-0.462946534,0.0338380933,-0.156434029,-0.114158034,0.0741598979,0.504971564,-0.354318738,0.0651810095,0.0568691492,0.0566370152,0.00130871148,0.241563097,0.354180306,0.0482621901,0.847855151,0.124002524,-0.120452665,0.134975851,0.334274769,-0.310819775,0.0389985368,0.983324707,-0.184632733,-0.0269316733,-0.00465929648,-1.27911294,-0.646997809,2.70048738,6.01671171,-0.921343267,-0.512957096,0.0887131691,-0.697284579,-0.243953019,-0.473576486,-0.166671991,0.104930848,-0.46255669,0.373600364,-0.454719841,-5.67163734e-05,0.888339162,0.206552178,0.013823621,0.93413955,-0.851142466,-0.00654209452,-0.827564061,-0.0662291795,-0.999829233,-0.664220989,0.534475386,-0.70071274,0.110043891,-0.165031314,0.043494083,0.000440992415,0.820643783,-0.507708907,-0.00522957044,-0.518340528,-0.171345323,0.0775233358,0.16486302,-0.801198602,-0.0591955669,-0.0277949031,-0.189352766,0.0562120564,-0.056505505,0.487059891,0.0665256903,0.744472146,0.156924546,-0.168517083,0.136561751,0.341813654,-0.292637825,0.00457182154,0.944743216,-0.159690216,-0.0630621761,0.00284952484,-0.165031314,0.043494083,0.00044098869,0.820643723,-0.507708907,-0.00522957044,-0.518340528,-0.171345323,0.0775233358,0.16486302,-0.801198602,-0.0591955669,-0.0277949013,-0.189352766,0.0562120564,-0.0565055013,0.487059891,0.0665256903,0.744472146,0.156924546,-0.168517083,0.136561751,0.341813654,-0.292637825,0.00457182154,0.944743216,-0.159690216,-0.0630621761,0.00284952484,-0.165031314,0.043494083,0.000440992415,0.820643783,-0.507708907,-0.00522957044,-0.518340528,-0.171345323,0.0775233358,0.16486302,-0.801198602,-0.0591955669,-0.0277949031,-0.189352766,0.0562120564,-0.056505505,0.487059891,0.0665256903,0.744472146,0.156924546,-0.168517083,0.136561751,0.341813654,-0.292637825,0.00457182154,0.944743216,-0.159690216,-0.0630621761,0.00284952484
2.31993314,3179262.56,0,0,0.0192308789,7.3807314e-06,1,0.25326293,0,1,-0.488630772,0.0305880941,0.0437518172,0.870855987,0.0507321171,0.16009748,0.102700531,2.24207754e-44,-2.24207754e-44,-2.24207754e-44,-0.351857543,0.0581327565,-0.0467036739,0.694981635,-0.470146239,0.0272258501,-0.156069428,-0.120000921,0.0699833855,0.500081003,-0.359006464,0.065656431,0.0494902395,0.0613270625,-0.00433555804,0.240253896,0.363780022,0.0494282283,0.847985327,0.13371338,-0.128496066,0.134943724,0.325315148,-0.310898602,0.02838232,0.976404548,-0.178206921,-0.0357479341,-0.00288434536,-0.76604706,-0.336919546,2.71703649,4.79011822,-0.614490449,-0.599131048,0.0181282368,-0.518900454,-0.443263561,-0.502102673,-0.593096912,0.0253636353,-0.811978996,0.490653604,-0.585710049,-0.267964214,1.00408614,0.0715288594,0.0104545495,0.930476189,-0.740552723,-0.00242423126,-0.920008421,0.0370352715,-1.04835927,-0.719378531,0.652250528,-0.932943225,0.184652641,-0.165031314,0.043494083,0.000440992415,0.820643783,-0.507708907,-0.00522957044,-0.518340528,-0.171345323,0.0775233358,0.16486302,-0.801198602,-0.0591955669,-0.0277949031,-0.189352766,0.0562120564,-0.056505505,0.487059891,0.0665256903,0.744472146,0.156924546,-0.168517083,0.136561751,0.341813654,-0.292637825,0.00457182154,0.944743216,-0.159690216,-0.0630621761,0.00284952484,-0.165031314,0.043494083,0.00044098869,0.820643723,-0.507708907,-0.00522957044,-0.518340528,-0.171345323,0.0775233358,0.16486302,-0.801198602,-0.0591955669,-0.0277949013,-0.189352766,0.0562120564,-0.0565055013,0.487059891,0.0665256903,0.744472146,0.156924546,-0.168517083,0.136561751,0.341813654,-0.292637825,0.00457182154,0.944743216,-0.159690216,-0.0630621761,0.00284952484,-0.165031314,0.043494083,0.000440992415,0.820643783,-0.507708907,-0.00522957044,-0.518340528,-0.171345323,0.0775233358,0.16486302,-0.801198602,-0.0591955669,-0.0277949031,-0.189352766,0.0562120564,-0.056505505,0.487059891,0.0665256903,0.744472146,0.156924546,-0.168517083,0.136561751,0.341813654,-0.292637825,0.00457182154,0.944743216,-0.159690216,-0.0630621761,0.00284952484
2.32993429,3179262.57,0,0,0.00917693181,8.20681453e-06,1,0.246210024,0.0603607893,1,-0.48894605,0.0296876039,0.0431339629,0.87074101,-0.0792531669,0.261589855,0.10562253,2.24207754e-44,-2.24207754e-44,-2.24207754e-44,-0.355478168,0.055000972,-0.0220193136,0.733568907,-0.474984854,0.020241119,-0.156523958,-0.124157205,0.0657564029,0.495185703,-0.366615891,0.06561286,0.0409663841,0.0662629232,-0.0106666442,0.234982669,0.374238044,0.0498119295,0.848289311,0.142063111,-0.134582415,0.134917498,0.316144943,-0.309917271,0.0188781526,0.969193041,-0.172211677,-0.0447742455,-0.000904276385,-0.161364809,-0.272322714,2.28384113,3.31366563,-0.332706541,-1.06878412,-0.0954717472,-0.33340016,-0.45938915,-0.414058059,-0.991991401,-0.0506383888,-0.970066309,0.505165398,-0.662303805,-0.709697008,1.06592512,0.0214886796,0.0814369842,0.854821324,-0.519299805,-0.00251381565,-0.939502895,0.140553489,-0.909242928,-0.659361362,0.599857986,-0.888826013,0.28894043,-0.197947711,0.102884009,-0.0111758858,0.819534302,-0.490208685,-0.0422725864,-0.463305891,-0.18716374,0.0848658681,0.225223809,-0.765799582,-0.0833802819,-0.050877016,-0.22559306,0.0378978662,-0.0833092928,0.448312223,0.0448592901,0.756686568,0.170144796,-0.167278662,0.134060293,0.379785061,-0.302055985,-0.00633836351,0.970781446,-0.152853981,-0.0620551854,0.0141782816,-0.197947711,0.102884009,-0.0111758839,0.819534242,-0.490208685,-0.0422725864,-0.46330592,-0.18716374,0.0848658681,0.225223809,-0.765799582,-0.0833802819,-0.050877016,-0.22559306,0.0378978662,-0.0833092928,0.448312223,0.0448592901,0.756686568,0.170144796,-0.167278662,0.134060293,0.379785061,-0.302055985,-0.00633836351,0.970781446,-0.152853981,-0.0620551892,0.0141782807,-0.197947711,0.102884009,-0.0111758858,0.819534302,-0.490208685,-0.0422725864,-0.463305891,-0.18716374,0.0848658681,0.225223809,-0.765799582,-0.0833802819,-0.050877016,-0.22559306,0.0378978662,-0.0833092928,0.448312223,0.0448592901,0.756686568,0.170144796,-0.167278662,0.134060293,0.379785061,-0.302055985,-0.00633836351,0.970781446,-0.152853981,-0.0620551854,0.0141782816
2.3399361,3179262.58,0,0,0.0191787416,7.9376623e-06,1,0.246210024,0,1,-0.489716917,0.0287346933,0.0415734127,0.870415628,-0.224125102,0.368576318,0.179217204,2.24207754e-44,-2.24207754e-44,-2.24207754e-44,-0.354504257,0.0528457761,-0.00221020798,0.75944066,-0.476774275,0.00807784963,-0.158247441,-0.126160666,0.0608423539,0.491967678,-0.37862277,0.0646626502,0.0300979558,0.0714006796,-0.0176447406,0.224719137,0.384994358,0.0498915575,0.84969002,0.150549963,-0.138385534,0.134883448,0.306927085,-0.307918996,0.010679475,0.963670373,-0.166497469,-0.0529754721,0.00298532005,0.267223477,-0.192408741,1.77090371,2.12135434,-0.117495276,-1.10672688,-0.230118901,-0.115075022,-0.485888302,-0.29072392,-1.23686576,-0.108529255,-1.10174203,0.510954618,-0.727149606,-1.24975646,1.07518601,0.00167454581,0.154882327,0.795543075,-0.289604396,-0.00436759088,-0.874490082,0.235483333,-0.73837322,-0.49953407,0.525737047,-0.751070201,0.405771434,-0.197947711,0.102884009,-0.0111758858,0.819534302,-0.490208685,-0.0422725864,-0.463305891,-0.18716374,0.0848658681,0.225223809,-0.765799582,-0.0833802819,-0.050877016,-0.22559306,0.0378978662,-0.0833092928,0.448312223,0.0448592901,0.756686568,0.170144796,-0.167278662,0.134060293,0.379785061,-0.302055985,-0.00633836351,0.970781446,-0.152853981,-0.0620551854,0.0141782816,-0.197947711,0.102884009,-0.0111758839,0.819534242,-0.490208685,-0.0422725864,-0.46330592,-0.18716374,0.0848658681,0.225223809,-0.765799582,-0.0833802819,-0.050877016,-0.22559306,0.0378978662,-0.0833092928,0.448312223,0.0448592901,0.756686568,0.170144796,-0.167278662,0.134060293,0.379785061,-0.302055985,-0.00633836351,0.970781446,-0.152853981,-0.0620551892,0.0141782807,-0.197947711,0.102884009,-0.0111758858,0.819534302,-0.490208685,-0.0422725864,-0.463305891,-0.18716374,0.0848658681,0.225223809,-0.765799582,-0.0833802819,-0.050877016,-0.22559306,0.0378978662,-0.0833092928,0.448312223,0.0448592901,0.756686568,0.170144796,-0.167278662,0.134060293,0.379785061,-0.302055985,-0.00633836351,0.970781446,-0.152853981,-0.0620551854,0.0141782816
2.35093421,3179262.59,0,0,0.0101913712,8.0941245e-06,1,0.291734934,0.0995610952,1,-0.490410924,0.0275937822,0.039171923,0.870173097,-0.197454348,0.259286463,0.0633455068,2.24207754e-44,-2.24207754e-44,-2.24207754e-44,-0.345751196,0.0502583608,0.0149084823,0.772185922,-0.475830287,-0.0054203188,-0.161519423,-0.126271904,0.0563740395,0.489005804,-0.391960412,0.0630611181,0.0179603491,0.0765045509,-0.0256940275,0.204866216,0.397709727,0.0498379841,0.851887763,0.157196194,-0.139897823,0.134080619,0.297498226,-0.304307908,0.00402285997,0.959074259,-0.161791146,-0.0592911467,0.0075423955,1.28083658,-0.284447104,1.24360335,-0.0935914889,0.417562664,-1.44648969,-0.21746555,0.00470547099,-0.235185102,-0.174838781,-0.980804622,-0.176855907,-0.956525683,0.274582744,-0.502729356,-1.94356537,1.05213618,-0.00878503919,0.293509007,0.322727621,0.0222720131,-0.183548808,-0.789064944,0.368005961,-0.42320466,-0.234143004,0.286034942,-0.302075714,0.406045824,-0.237155437,0.118248522,-0.0146271959,0.741668046,-0.45949769,-0.0745135695,-0.363744795,-0.202420682,0.0956322253,0.289865166,-0.701341867,-0.0985097215,-0.050658904,-0.25305295,0.0343539231,-0.0323239602,0.409799099,0.0307681803,0.805267811,0.160448968,-0.145178452,0.121475965,0.382540107,-0.308276117,-0.00855397992,0.987180293,-0.154172316,-0.0467415303,0.0207690652,-0.237155437,0.118248522,-0.0146271978,0.741668046,-0.45949769,-0.0745135695,-0.363744825,-0.202420682,0.0956322253,0.289865166,-0.701341867,-0.0985097215,-0.050658904,-0.25305295,0.0343539231,-0.0323239565,0.409799099,0.0307681803,0.805267811,0.160448968,-0.145178452,0.121475957,0.382540107,-0.308276117,-0.00855397992,0.987180293,-0.154172316,-0.0467415303,0.0207690652,-0.237155437,0.118248522,-0.0146271959,0.741668046,-0.45949769,-0.0745135695,-0.363744795,-0.202420682,0.0956322253,0.289865166,-0.701341867,-0.0985097215,-0.050658904,-0.25305295,0.0343539231,-0.0323239602,0.409799099,0.0307681803,0.805267811,0.160448968,-0.145178452,0.121475965,0.382540107,-0.308276117,-0.00855397992,0.987180293,-0.154172316,-0.0467415303,0.0207690652
2.3609353,3179262.6,0,0,0.000239140354,8.05500895e-06,1,0.247851014,0.13073504,1,-0.490852356,0.0268108025,0.0373282954,0.870029747,-0.304629743,0.397318721,0.136783496,2.24207754e-44,-2.24207754e-44,-2.24207754e-44,-0.330737799,0.0471283309,0.0238135029,0.763400555,-0.472073555,-0.0186200757,-0.164577827,-0.12532039,0.054364454,0.48783198,-0.400640726,0.0611523464,0.00842024013,0.0787717104,-0.0313799754,0.183041766,0.407577455,0.0496414937,0.855501175,0.158901215,-0.138409182,0.131477863,0.290878266,-0.300426692,0.00127374439,0.957850516,-0.159912735,-0.060510803,0.011484555,1.52891386,-0.300212413,0.62895447,-1.18022192,0.276094615,-1.17244506,-0.394009739,0.186165035,-0.207788721,-0.0906617045,-0.802266598,-0.194910601,-0.95720762,0.239145741,-0.656861126,-2.32109213,0.927767694,-0.0262173694,0.366038054,0.10213808,0.208729059,-0.282028973,-0.546438873,0.385617852,-0.184451044,-0.0723026767,0.134305209,-0.0305043794,0.368389904,-0.237155437,0.118248522,-0.0146271959,0.741668046,-0.45949769,-0.0745135695,-0.363744795,-0.202420682,0.0956322253,0.289865166,-0.701341867,-0.0985097215,-0.050658904,-0.25305295,0.0343539231,-0.0323239602,0.409799099,0.0307681803,0.805267811,0.160448968,-0.145178452,0.121475965,0.382540107,-0.308276117,-0.00855397992,0.987180293,-0.154172316,-0.0467415303,0.0207690652,-0.271089107,0.0878994316,0.00699473545,0.610933006,-0.422563076,-0.0774630234,-0.249904513,-0.217491344,0.109547168,0.327548236,-0.665928423,-0.0901683792,-0.0365739688,-0.280087233,0.054912921,0.0766231418,0.382043362,0.0315699801,0.871733367,0.138723314,-0.109177664,0.105379388,0.362598598,-0.29498741,-0.00638501719,0.989938021,-0.155369073,-0.0285119377,0.0196024701,-0.271089107,0.0878994316,0.00699473172,0.610933006,-0.422563076,-0.0774630234,-0.249904513,-0.217491344,0.109547168,0.327548236,-0.665928423,-0.0901683792,-0.0365739688,-0.280087233,0.054912921,0.0766231418,0.382043362,0.0315699801,0.871733367,0.138723314,-0.109177664,0.105379388,0.362598598,-0.29498741,-0.00638501719,0.989938021,-0.155369073,-0.0285119358,0.0196024701
2.37193292,3179262.61,0,0,0.011236758,7.15488568e-06,1,0.247851014,0,1,-0.49123472,0.0260925815,0.0352580436,0.869922101,-0.170483768,0.157019466,-0.033795964,2.24207754e-44,-2.24207754e-44,-2.24207754e-44,-0.311162412,0.0439818762,0.0287191328,0.741562247,-0.466167778,-0.0290382877,-0.168204814,-0.123128913,0.0533694066,0.487286508,-0.406667322,0.0596219823,-0.000289574004,0.0800353885,-0.0368869342,0.158126026,0.415937483,0.0494343303,0.859254241,0.157987341,-0.134500101,0.127758518,0.286434621,-0.296108395,0.000281497778,0.957868874,-0.159097433,-0.0585806035,0.0144324573,2.58769655,-0.396526426,0.556936085,-3.46517539,1.09546256,-0.980542362,-0.222855762,0.140292659,0.0603583455,-0.0318734907,-0.396923393,-0.0944751576,-0.770112038,-0.0694386885,-0.331435204,-2.57471156,0.781148911,-0.0112638324,0.440322697,-0.317141145,0.613730729,-0.503992558,-0.441068709,0.504943073,-0.0606065243,0.0736047179,0.0545920916,0.43961215,0.23569347,-0.271089107,0.0878994316,0.00699473172,0.610933006,-0.422563076,-0.0774630234,-0.249904513,-0.217491344,0.109547168,0.327548236,-0.665928423,-0.0901683792,-0.0365739688,-0.280087233,0.054912921,0.0766231418,0.382043362,0.0315699801,0.871733367,0.138723314,-0.109177664,0.105379388,0.362598598,-0.29498741,-0.00638501719,0.989938021,-0.155369073,-0.0285119358,0.0196024701,-0.271089107,0.0878994316,0.00699473545,0.610933006,-0.422563076,-0.0774630234,-0.249904513,-0.217491344,0.109547168,0.327548236,-0.665928423,-0.0901683792,-0.0365739688,-0.280087233,0.054912921,0.0766231418,0.382043362,0.0315699801,0.871733367,0.138723314,-0.109177664,0.105379388,0.362598598,-0.29498741,-0.00638501719,0.989938021,-0.155369073,-0.0285119377,0.0196024701,-0.271089107,0.0878994316,0.00699473172,0.610933006,-0.422563076,-0.0774630234,-0.249904513,-0.217491344,0.109547168,0.327548236,-0.665928423,-0.0901683792,-0.0365739688,-0.280087233,0.054912921,0.0766231418,0.382043362,0.0315699801,0.871733367,0.138723314,-0.109177664,0.105379388,0.362598598,-0.29498741,-0.00638501719,0.989938021,-0.155369073,-0.0285119358,0.0196024701
2.38193493,3179262.62,0,0,0.00123934401,7.78725371e-06,1,0.246580224,0.130042672,1,-0.491298497,0.0257905759,0.0338693522,0.869950294,-0.290819973,0.281627625,0.0833110139,2.24207754e-44,-2.24207754e-44,-2.24207754e-44,-0.283612877,0.0399769694,0.0322959125,0.700001895,-0.45624283,-0.0377002545,-0.170644879,-0.121310249,0.0537344143,0.487107754,-0.409398675,0.0591259226,-0.0083657112,0.0791519508,-0.0407759771,0.132600904,0.422209233,0.0493913889,0.863985777,0.153436005,-0.126801357,0.122107461,0.283362657,-0.290956199,-4.47460661e-05,0.959183633,-0.15874812,-0.0524394661,0.016148597,2.65579486,-0.347132742,0.196016982,-4.23343468,0.796116054,-0.788006425,-0.324216396,0.260064781,-0.0177203584,-0.00996379741,-0.213594362,-0.0315372124,-0.856886446,-0.0386245139,-0.508928895,-2.51024604,0.512470663,-0.00147492241,0.463999987,-0.483376682,0.809785128,-0.560792506,-0.194017321,0.500090599,-0.019855883,0.166246831,0.0260280129,0.664082766,0.136304602,-0.304951161,0.0616987422,0.0206147209,0.480890334,-0.379609644,-0.0609265156,-0.14606759,-0.224274725,0.11614868,0.349766195,-0.660900414,-0.062861219,-0.00803396478,-0.281903982,0.108673871,0.201093525,0.353780746,0.0351493135,0.922593296,0.117410488,-0.0814055502,0.0799477994,0.326257795,-0.27676934,-0.0073386319,0.97552377,-0.146457404,-0.00690745004,0.014453195,-0.304951161,0.0616987422,0.0206147246,0.480890334,-0.379609644,-0.0609265156,-0.14606759,-0.224274725,0.11614868,0.349766195,-0.660900414,-0.062861219,-0.00803396478,-0.281903982,0.108673871,0.201093525,0.353780746,0.0351493135,0.922593296,0.117410488,-0.0814055502,0.079947792,0.326257795,-0.27676934,-0.0073386319,0.97552377,-0.146457404,-0.00690745004,0.014453195,-0.304951161,0.0616987422,0.0206147209,0.480890334,-0.379609644,-0.0609265156,-0.14606759,-0.224274725,0.11614868,0.349766195,-0.660900414,-0.062861219,-0.00803396478,-0.281903982,0.108673871,0.201093525,0.353780746,0.0351493135,0.922593296,0.117410488,-0.0814055502,0.0799477994,0.326257795,-0.27676934,-0.0073386319,0.97552377,-0.146457404,-0.00690745004,0.014453195
2.39293414,3179262.63,0,0,0.0122385486,7.13765621e-06,1,0.246580224,0,1,-0.491182238,0.0259184428,0.0323605724,0.870069563,-0.254413486,-0.0100425407,-0.119998038,2.24207754e-44,-2.24207754e-44,-2.24207754e-44,-0.252256066,0.0365246907,0.0342358574,0.647499323,-0.443384498,-0.0427322686,-0.172486678,-0.118665777,0.0545568354,0.487250298,-0.410759151,0.0600341968,-0.0155070294,0.0780676231,-0.0437734015,0.108455911,0.425338387,0.0500354916,0.868133545,0.146203384,-0.117462471,0.114132255,0.282259554,-0.285689175,-0.000263385184,0.960742295,-0.157579497,-0.0431755558,0.0169255268,3.53484559,-0.3653678,0.201344326,-6.07892513,1.65585303,-0.311445892,-0.0571487099,0.251304865,0.160283819,0.0264627654,-0.0960164741,0.178232744,-0.595062017,-0.163660765,-0.124519542,-2.31173968,0.175316572,0.101516932,0.379362494,-0.915993094,1.02717423,-0.998062193,-0.066006504,0.545789897,-0.0229785182,0.135990307,0.193726495,1.13522565,0.0427942313,-0.304951161,0.0616987422,0.0206147209,0.480890334,-0.379609644,-0.0609265156,-0.14606759,-0.224274725,0.11614868,0.349766195,-0.660900414,-0.062861219,-0.00803396478,-0.281903982,0.108673871,0.201093525,0.353780746,0.0351493135,0.922593296,0.117410488,-0.0814055502,0.0799477994,0.326257795,-0.27676934,-0.0073386319,0.97552377,-0.146457404,-0.00690745004,0.014453195,-0.304951161,0.0616987422,0.0206147246,0.480890334,-0.379609644,-0.0609265156,-0.14606759,-0.224274725,0.11614868,0.349766195,-0.660900414,-0.062861219,-0.00803396478,-0.281903982,0.108673871,0.201093525,0.353780746,0.0351493135,0.922593296,0.117410488,-0.0814055502,0.079947792,0.326257795,-0.27676934,-0.0073386319,0.97552377,-0.146457404,-0.00690745004,0.014453195,-0.304951161,0.0616987422,0.0206147209,0.480890334,-0.379609644,-0.0609265156,-0.14606759,-0.224274725,0.11614868,0.349766195,-0.660900414,-0.062861219,-0.00803396478,-0.281903982,0.108673871,0.201093525,0.353780746,0.0351493135,0.922593296,0.117410488,-0.0814055502,0.0799477994,0.326257795,-0.27676934,-0.0073386319,0.97552377,-0.146457404,-0.00690745004,0.014453195
2.40394437,3179262.64,0,0,0.00324509526,6.90715387e-06,1,0.249581877,0.111035019,1,-0.491158962,0.0265091714,0.0297125317,0.870159388,-0.574652851,0.269950956,0.125189364,2.24207754e-44,-2.24207754e-44,-2.24207754e-44,-0.214372665,0.0338136517,0.033762414,0.579114854,-0.427954048,-0.0457208455,-0.174455896,-0.113966502,0.0545391031,0.487533271,-0.411467046,0.062451791,-0.0232669096,0.0780699104,-0.0470908433,0.0843193382,0.424501121,0.0508294404,0.871516645,0.135472327,-0.105995677,0.102227375,0.283417732,-0.279845327,-0.000440499512,0.962570846,-0.155005351,-0.0294975713,0.0171191264,2.71161151,-0.109715454,-0.230479553,-5.04711056,1.01017737,-0.229248717,-0.290037483,0.50000298,-0.145107523,0.0414126627,-0.0364697054,0.200090766,-0.694362044,0.130689129,-0.410663307,-1.80792046,-0.242430329,0.0370675512,0.20271939,-0.799294889,0.847537935,-0.910429537,0.22281228,0.439555675,-0.0111587634,0.169043079,0.203764647,1.05480981,0.00417997176,-0.329079956,0.0704476088,-0.00058798492,0.369855314,-0.339116633,-0.046773605,-0.0830583125,-0.194815561,0.0991031826,0.391268313,-0.650615633,-0.0464627929,0.0173689425,-0.235604376,0.168367386,0.296977013,0.319566369,0.0311692357,0.956862748,0.104381971,-0.0613818094,0.0507904328,0.290980101,-0.272247285,-0.0138617158,0.961509526,-0.125720635,0.00854815543,0.00831029378,-0.329079956,0.0704476088,-0.000587986317,0.369855314,-0.339116633,-0.046773605,-0.0830583125,-0.194815561,0.0991031826,0.391268313,-0.650615633,-0.0464627929,0.0173689425,-0.235604376,0.168367386,0.296977013,0.319566369,0.0311692357,0.956862748,0.104381971,-0.0613818094,0.0507904328,0.290980101,-0.272247285,-0.0138617158,0.961509526,-0.125720635,0.00854815543,0.00831029378,-0.329079956,0.0704476088,-0.00058798492,0.369855314,-0.339116633,-0.046773605,-0.0830583125,-0.194815561,0.0991031826,0.391268313,-0.650615633,-0.0464627929,0.0173689425,-0.235604376,0.168367386,0.296977013,0.319566369,0.0311692357,0.956862748,0.104381971,-0.0613818094,0.0507904328,0.290980101,-0.272247285,-0.0138617158,0.961509526,-0.125720635,0.00854815543,0.00831029378
2.41493392,3179262.66,0,0,0.0142346434,7.08922744e-06,1,0.249581877,0,1,-0.491274893,0.0274165701,0.0263737291,0.870173395,-0.73082912,0.0826970637,-0.0473167747,2.24207754e-44,-2.24207754e-44,-2.24207754e-44,-0.186345696,0.0334845223,0.0296639968,0.526408672,-0.413178176,-0.0471204892,-0.177023113,-0.107895881,0.0533102788,0.489359856,-0.413768291,0.064562127,-0.0281861983,0.0801210925,-0.0491497032,0.0682749674,0.419786692,0.0510924384,0.872635901,0.127348572,-0.0979912281,0.0912295654,0.286416709,-0.275563478,-0.00128804403,0.963903308,-0.15047653,-0.0185929127,0.0163823124,2.95240235,0.00467971899,-0.560542703,-5.62812901,1.82143128,-0.0777837113,-0.216716602,0.684510708,-0.0824562088,0.278755248,-0.372465044,0.217911571,-0.322517872,0.256793082,-0.0461111106,-1.44874656,-0.633449078,0.0191195607,0.0671917051,-0.850567937,0.788596094,-1.28319716,0.341211826,0.422851026,-0.14737919,0.0998310074,0.662701607,1.14896929,-0.136793703,-0.329079956,0.0704476088,-0.00058798492,0.369855314,-0.339116633,-0.046773605,-0.0830583125,-0.194815561,0.0991031826,0.391268313,-0.650615633,-0.0464627929,0.0173689425,-0.235604376,0.168367386,0.296977013,0.319566369,0.0311692357,0.956862748,0.104381971,-0.0613818094,0.0507904328,0.290980101,-0.272247285,-0.0138617158,0.961509526,-0.125720635,0.00854815543,0.00831029378,-0.329079956,0.0704476088,-0.000587986317,0.369855314,-0.339116633,-0.046773605,-0.0830583125,-0.194815561,0.0991031826,0.391268313,-0.650615633,-0.0464627929,0.0173689425,-0.235604376,0.168367386,0.296977013,0.319566369,0.0311692357,0.956862748,0.104381971,-0.0613818094,0.0507904328,0.290980101,-0.272247285,-0.0138617158,0.961509526,-0.125720635,0.00854815543,0.00831029378,-0.329079956,0.0704476088,-0.00058798492,0.369855314,-0.339116633,-0.046773605,-0.0830583125,-0.194815561,0.0991031826,0.391268313,-0.650615633,-0.0464627929,0.0173689425,-0.235604376,0.168367386,0.296977013,0.319566369,0.0311692357,0.956862748,0.104381971,-0.0613818094,0.0507904328,0.290980101,-0.272247285,-0.0138617158,0.961509526,-0.125720635,0.00854815543,0.00831029378
2.42593335,3179262.67,0,0,0.00524065178,6.98072836e-06,1,0.243952964,0.0847504586,1,-0.491588742,0.028565364,0.0219423994,0.8700822,-0.521499157,0.279797256,0.209489763,2.24207754e-44,-2.24207754e-44,-2.24207754e-44,-0.160715893,0.032701917,0.0185402185,0.470608771,-0.382614642,-0.0446698256,-0.181532696,-0.10045182,0.0506457463,0.493741691,-0.417760342,0.0671501085,-0.032220155,0.0825767219,-0.0500925556,0.0551508777,0.409532726,0.0511818938,0.873042107,0.118483625,-0.0900945589,0.076243937,0.290891856,-0.270094067,-0.00352306757,0.965999484,-0.141741559,-0.00608210405,0.0142727448,1.14709711,-0.345538706,-1.19742477,-3.49665475,4.46866655,0.39265582,-0.549658537,0.33218044,-0.290641308,0.531437218,-0.386200368,0.200148582,-0.390785515,-0.108783908,-0.0725231916,-0.858112872,-0.946927905,-0.00357295666,0.0214283187,-0.662266076,0.585097313,-1.21226466,0.324245334,0.58628571,-0.218466848,0.312849939,0.829729795,0.924831688,-0.213046134,-0.329229802,0.113994695,-0.0585308,0.315976858,-0.309492946,-0.049483113,-0.0860832781,-0.138650298,0.0673609227,0.452950448,-0.613031685,-0.0416909903,0.0272017475,-0.150853917,0.203423738,0.323345572,0.304225802,0.022855401,0.965440691,0.0980791897,-0.0537653677,0.0353043079,0.282713592,-0.283529013,-0.0213904027,0.959037066,-0.101464592,0.00708658807,0.00284912903,-0.329229802,0.113994695,-0.0585308038,0.315976858,-0.309492946,-0.049483113,-0.0860832781,-0.138650298,0.0673609227,0.452950448,-0.613031685,-0.0416909903,0.0272017475,-0.150853917,0.203423724,0.323345572,0.304225802,0.022855401,0.965440691,0.0980791897,-0.0537653677,0.0353043079,0.282713592,-0.283529013,-0.0213904027,0.959037066,-0.101464592,0.00708658807,0.00284912903,-0.329229802,0.113994695,-0.0585308,0.315976858,-0.309492946,-0.049483113,-0.0860832781,-0.138650298,0.0673609227,0.452950448,-0.613031685,-0.0416909903,0.0272017475,-0.150853917,0.203423738,0.323345572,0.304225802,0.022855401,0.965440691,0.0980791897,-0.0537653677,0.0353043079,0.282713592,-0.283529013,-0.0213904027,0.959037066,-0.101464592,0.00708658807,0.00284912903
2.43693333,3179262.68,0,0,0.0162406308,7.24196434e-06,1,0.243952964,0,1,-0.492376238,0.0288036093,0.0195618644,0.869685769,-0.305025041,0.0548106879,0.093924433,2.24207754e-44,-2.24207754e-44,-2.24207754e-44,-0.155955553,0.0276277382,0.00434840564,0.445357889,-0.317958146,-0.0419549868,-0.188072011,-0.098138839,0.0484299436,0.502608418,-0.425986439,0.068343699,-0.0345926508,0.0783839524,-0.0474769659,0.048056826,0.396084368,0.0501639806,0.87332356,0.111244738,-0.0837175846,0.0616779178,0.294461817,-0.261872947,-0.00658466946,0.970432341,-0.128385991,0.00244474877,0.0110322544,0.0315366685,-0.368433714,-1.04738343,-1.17325723,5.12662506,0.181762204,-0.457106322,0.16647239,-0.105240121,0.748648167,-0.713460207,0.0527776852,-0.049626369,-0.438546926,0.425790578,-0.370806545,-1.25589323,-0.156921327,0.038400244,-0.527650595,0.468879133,-1.12897158,0.294415504,0.711112559,-0.246802554,0.37728861,1.15233266,0.566509485,-0.274366766,-0.329229802,0.113994695,-0.0585308,0.315976858,-0.309492946,-0.049483113,-0.0860832781,-0.138650298,0.0673609227,0.452950448,-0.613031685,-0.0416909903,0.0272017475,-0.150853917,0.203423738,0.323345572,0.304225802,0.022855401,0.965440691,0.0980791897,-0.0537653677,0.0353043079,0.282713592,-0.283529013,-0.0213904027,0.959037066,-0.101464592,0.00708658807,0.00284912903,-0.329229802,0.113994695,-0.0585308038,0.315976858,-0.309492946,-0.049483113,-0.0860832781,-0.138650298,0.0673609227,0.452950448,-0.613031685,-0.0416909903,0.0272017475,-0.150853917,0.203423724,0.323345572,0.304225802,0.022855401,0.965440691,0.0980791897,-0.0537653677,0.0353043079,0.282713592,-0.283529013,-0.0213904027,0.959037066,-0.101464592,0.00708658807,0.00284912903,-0.329229802,0.113994695,-0.0585308,0.315976858,-0.309492946,-0.049483113,-0.0860832781,-0.138650298,0.0673609227,0.452950448,-0.613031685,-0.0416909903,0.0272017475,-0.150853917,0.203423738,0.323345572,0.304225802,0.022855401,0.965440691,0.0980791897,-0.0537653677,0.0353043079,0.282713592,-0.283529013,-0.0213904027,0.959037066,-0.101464592,0.00708658807,0.00284912903
2.4479329,3179262.69,0,0,0.00722969882,7.33789057e-06,1,0.254865736,0.142225176,1,-0.492209673,0.0296983588,0.0183211528,0.869776964,-0.329095811,0.00347495335,-0.116116762,2.24207754e-44,-2.24207754e-44,-2.24207754e-44,-0.15735355,0.0254808292,-0.00357109588,0.440266848,-0.27319786,-0.0404301099,-0.19168441,-0.0960463434,0.0482158586,0.509717643,-0.433093131,0.0678360015,-0.0333049633,0.0738609955,-0.0418584645,0.0476332307,0.382013619,0.0474707969,0.874430478,0.107334554,-0.08001858,0.0525764376,0.297723353,-0.255058765,-0.0083764717,0.974035144,-0.118567802,0.00640557893,0.00862300489,-0.294385523,-0.130689219,-0.720049083,-0.213654965,4.23809338,0.0394782797,-0.513241947,0.310464114,0.0752340928,0.969483674,-1.11696541,-0.371128798,0.200913653,-0.428643554,0.535825372,0.260435164,-1.46121931,-0.396473765,0.119824335,-0.255858183,0.297067374,-0.717689037,0.342497349,0.64657402,-0.117692351,0.357936412,0.895365179,0.185946286,-0.265396714,-0.317098439,0.195924819,-0.153387576,0.240000337,-0.382280231,-0.0864530653,-0.165085137,-0.0119313207,0.026552625,0.595175624,-0.565442264,-0.0184537116,0.00326163322,-0.016064804,0.23786661,0.306515038,0.31906265,0.00736441277,0.946439564,0.118307188,-0.0583390221,0.0425037332,0.312768221,-0.305720747,-0.0181328319,0.965128601,-0.0921571106,-0.021622384,-0.0100892978,-0.317098439,0.195924819,-0.153387576,0.240000337,-0.382280231,-0.0864530653,-0.165085137,-0.0119313207,0.026552625,0.595175624,-0.565442264,-0.0184537116,0.00326163322,-0.016064804,0.23786661,0.306515038,0.31906265,0.00736441277,0.946439564,0.118307188,-0.0583390221,0.0425037332,0.312768221,-0.305720747,-0.0181328319,0.965128601,-0.0921571106,-0.0216223858,-0.0100892978,-0.317098439,0.195924819,-0.153387576,0.240000337,-0.382280231,-0.0864530653,-0.165085137,-0.0119313207,0.026552625,0.595175624,-0.565442264,-0.0184537116,0.00326163322,-0.016064804,0.23786661,0.306515038,0.31906265,0.00736441277,0.946439564,0.118307188,-0.0583390221,0.0425037332,0.312768221,-0.305720747,-0.0181328319,0.965128601,-0.0921571106,-0.021622384,-0.0100892978
2.45793577,3179262.7,0,0,0.0172325619,9.51113179e-06,1,0.254865736,0,1,-0.491311222,0.0300201979,0.0162243396,0.870315373,-0.446420491,0.139214218,-0.210933745,2.24207754e-44,-2.24207754e-44,-2.24207754e-44,-0.16264908,0.0248491894,-0.0120144356,0.439887911,-0.230420411,-0.0424330719,-0.201323718,-0.0901997983,0.0509059131,0.526535511,-0.454419106,0.0562997423,-0.032004144,0.070349507,-0.0376910754,0.0558435023,0.367750585,0.0408544838,0.875076115,0.107272215,-0.0781712234,0.0486012846,0.300953776,-0.249220505,-0.00862244051,0.977413833,-0.110216871,0.00370666548,0.00480649155,-0.554647744,-0.0194800422,-0.906464756,0.0656904131,4.18300104,-0.270912051,-1.01782548,0.725988269,0.359257996,1.84129214,-2.28591466,-1.36131513,0.0574827269,-0.31524244,0.477508485,1.13083446,-1.41323519,-0.784261227,0.0421354212,0.106567703,0.128113419,-0.243227467,0.296785831,0.550996363,0.0162519906,0.290611207,0.759735703,-0.473018169,-0.413984329,-0.317098439,0.195924819,-0.153387576,0.240000337,-0.382280231,-0.0864530653,-0.165085137,-0.0119313207,0.026552625,0.595175624,-0.565442264,-0.0184537116,0.00326163322,-0.016064804,0.23786661,0.306515038,0.31906265,0.00736441277,0.946439564,0.118307188,-0.0583390221,0.0425037332,0.312768221,-0.305720747,-0.0181328319,0.965128601,-0.0921571106,-0.021622384,-0.0100892978,-0.317098439,0.195924819,-0.153387576,0.240000337,-0.382280231,-0.0864530653,-0.165085137,-0.0119313207,0.026552625,0.595175624,-0.565442264,-0.0184537116,0.00326163322,-0.016064804,0.23786661,0.306515038,0.31906265,0.00736441277,0.946439564,0.118307188,-0.0583390221,0.0425037332,0.312768221,-0.305720747,-0.0181328319,0.965128601,-0.0921571106,-0.0216223858,-0.0100892978,-0.317098439,0.195924819,-0.153387576,0.240000337,-0.382280231,-0.0864530653,-0.165085137,-0.0119313207,0.026552625,0.595175624,-0.565442264,-0.0184537116,0.00326163322,-0.016064804,0.23786661,0.306515038,0.31906265,0.00736441277,0.946439564,0.118307188,-0.0583390221,0.0425037332,0.312768221,-0.305720747,-0.0181328319,0.965128601,-0.0921571106,-0.021622384,-0.0100892978
2.46893131,3179262.71,0,0,0.00822534878,6.63101673e-06,1,0.257817097,0.126488537,1,-0.490392864,0.0302401613,0.0146020148,0.870854259,-0.114392944,0.140626371,-0.172282383,2.24207754e-44,-2.24207754e-44,-2.24207754e-44,-0.1707616,0.0251931492,-0.0177093185,0.448592722,-0.209155172,-0.0435026549,-0.214630604,-0.0823563933,0.0569292344,0.553992391,-0.478845775,0.0419540741,-0.0337885953,0.0631173253,-0.0306357369,0.0749126375,0.352567762,0.0293892212,0.875939429,0.110391147,-0.0766602382,0.0476324148,0.303569883,-0.241745487,-0.00765858684,0.980515182,-0.1024964,-0.004728992,0.000485634577,-0.733639479,0.0125100864,-0.232713863,0.91762048,0.634709537,-0.0493121929,-1.45317328,0.633089542,0.641286671,3.27284098,-1.98510337,-1.04415178,-0.318538129,-0.804178834,0.585053205,1.95363438,-1.08504307,-1.18346381,0.0444889776,0.44334957,0.191598669,0.0506735221,0.167678609,0.643061578,0.16185914,0.230686828,0.640092254,-0.979082465,-0.284475714,-0.288788706,0.209048644,-0.175591871,0.210875154,-0.447253168,-0.103435971,-0.220263481,0.00848793611,0.0315258354,0.692299008,-0.565905809,-0.0165967289,-0.0300087016,0.110423736,0.232115507,0.259740412,0.367651433,-0.00663564494,0.907809019,0.131465003,-0.0571756996,0.0530780703,0.35274455,-0.322685808,-0.0179668181,0.973129928,-0.0829903856,-0.043881543,-0.00883618928,-0.288788706,0.209048644,-0.175591871,0.210875154,-0.447253168,-0.103435971,-0.220263481,0.00848793611,0.0315258354,0.692299008,-0.565905809,-0.0165967289,-0.0300086997,0.110423736,0.232115507,0.259740412,0.367651433,-0.00663564494,0.907809019,0.131465003,-0.0571756996,0.0530780703,0.35274455,-0.322685808,-0.0179668181,0.973129928,-0.0829903856,-0.043881543,-0.00883618928,-0.288788706,0.209048644,-0.175591871,0.210875154,-0.447253168,-0.103435971,-0.220263481,0.00848793611,0.0315258354,0.692299008,-0.565905809,-0.0165967289,-0.0300087016,0.110423736,0.232115507,0.259740412,0.367651433,-0.00663564494,0.907809019,0.131465003,-0.0571756996,0.0530780703,0.35274455,-0.322685808,-0.0179668181,0.973129928,-0.0829903856,-0.043881543,-0.00883618928
2.47893201,3179262.72,0,0,0.018226055,6.61006197e-06,1,0.257817097,0,1,-0.490049958,0.030096503,0.0143961413,0.871055663,0.00383487856,-0.0100968657,-0.0399063528,2.24207754e-44,-2.24207754e-44,-2.24207754e-44,-0.175304919,0.0249823034,-0.0191535652,0.455286831,-0.208093226,-0.0438056141,-0.225846067,-0.0775425807,0.0614778101,0.58326453,-0.492572486,0.0335192569,-0.0378422774,0.0557844862,-0.0249472409,0.0925242156,0.344723165,0.0189299714,0.876343548,0.114586025,-0.0745414719,0.0483634993,0.304905206,-0.236676544,-0.00604728097,0.981691003,-0.0977224261,-0.0135630518,-0.00118735316,-0.439508319,-0.0470521897,-0.181785688,0.754977107,-0.0748536587,-0.034150511,-1.27485645,0.570465982,0.432652235,3.68790936,-1.53379107,-1.04530442,-0.604453862,-0.962919474,0.795703411,2.31304979,-0.944001436,-1.34642446,0.0837033167,0.541257739,0.298431039,0.093131952,0.185204372,0.623859167,0.211276919,0.100560866,0.555090189,-1.13537705,-0.169356868,-0.288788706,0.209048644,-0.175591871,0.210875154,-0.447253168,-0.103435971,-0.220263481,0.00848793611,0.0315258354,0.692299008,-0.565905809,-0.0165967289,-0.0300087016,0.110423736,0.232115507,0.259740412,0.367651433,-0.00663564494,0.907809019,0.131465003,-0.0571756996,0.0530780703,0.35274455,-0.322685808,-0.0179668181,0.973129928,-0.0829903856,-0.043881543,-0.00883618928,-0.288788706,0.209048644,-0.175591871,0.210875154,-0.447253168,-0.103435971,-0.220263481,0.00848793611,0.0315258354,0.692299008,-0.565905809,-0.0165967289,-0.0300086997,0.110423736,0.232115507,0.259740412,0.367651433,-0.00663564494,0.907809019,0.131465003,-0.0571756996,0.0530780703,0.35274455,-0.322685808,-0.0179668181,0.973129928,-0.0829903856,-0.043881543,-0.00883618928,-0.288788706,0.209048644,-0.175591871,0.210875154,-0.447253168,-0.103435971,-0.220263481,0.00848793611,0.0315258354,0.692299008,-0.565905809,-0.0165967289,-0.0300087016,0.110423736,0.232115507,0.259740412,0.367651433,-0.00663564494,0.907809019,0.131465003,-0.0571756996,0.0530780703,0.35274455,-0.322685808,-0.0179668181,0.973129928,-0.0829903856,-0.043881543,-0.00883618928
2.48993155,3179262.73,0,0,0.00922979601,6.92205504e-06,1,0.255556311,0.126437753,1,-0.490146041,0.0300905723,0.0146053499,0.870998323,0.0474262983,0.0906780213,-0.00549629051,2.24207754e-44,-2.24207754e-44,-2.24207754e-44,-0.178691357,0.0244803075,-0.0212693773,0.461479247,-0.21112752,-0.043986816,-0.239374831,-0.0705503449,0.06382218,0.626698375,-0.508193791,0.0234276578,-0.0449918173,0.0439814553,-0.0158474427,0.121972024,0.334096998,0.00152267341,0.878544748,0.120955557,-0.0703731105,0.0493921302,0.309478015,-0.229904518,-0.003293972,0.981848061,-0.0913838819,-0.0269881561,-0.0021077795,-0.304205239,-0.0199256558,-0.124817751,0.373748958,-0.310720265,0.0237022042,-1.29167306,0.609211981,0.0703979507,3.93987417,-1.27929783,-0.644918919,-0.475072205,-0.973211169,0.593043745,2.54216814,-0.781469941,-1.65320098,0.133337498,0.558942437,0.390604049,0.122407183,0.594689488,0.494285882,0.280212194,-0.076298207,0.627388895,-1.14089668,0.0141512351,-0.267156035,0.226515323,-0.179773569,0.215404823,-0.473217845,-0.0554082841,-0.262484938,-0.00785304978,0.0326651484,0.751308799,-0.572320521,-0.00923562888,-0.037283279,0.236861482,0.193061411,0.208243266,0.432215691,-0.0158360247,0.857091784,0.138642997,-0.0651043728,0.0607182048,0.371945977,-0.326835215,-0.0115755331,0.970888197,-0.0693732426,-0.054728508,0.00103904027,-0.267156035,0.226515323,-0.179773569,0.215404823,-0.473217845,-0.0554082841,-0.262484938,-0.00785304978,0.0326651484,0.751308799,-0.572320521,-0.00923562888,-0.037283279,0.236861482,0.193061396,0.208243266,0.432215691,-0.0158360247,0.857091784,0.138642997,-0.0651043728,0.0607182048,0.371945977,-0.326835215,-0.0115755331,0.970888197,-0.0693732426,-0.0547285117,0.00103904051,-0.267156035,0.226515323,-0.179773569,0.215404823,-0.473217845,-0.0554082841,-0.262484938,-0.00785304978,0.0326651484,0.751308799,-0.572320521,-0.00923562888,-0.037283279,0.236861482,0.193061411,0.208243266,0.432215691,-0.0158360247,0.857091784,0.138642997,-0.0651043728,0.0607182048,0.371945977,-0.326835215,-0.0115755331,0.970888197,-0.0693732426,-0.054728508,0.00103904027
2.49993213,3179262.74,0,0,0.0192303807,6.6398643e-06,1,0.255556311,0,1,-0.490434736,0.0298409015,0.014423606,0.870847464,-0.0565634258,0.0250094254,0.136547655,2.24207754e-44,-2.24207754e-44,-2.24207754e-44,-0.18067731,0.0248053689,-0.0232591387,0.463771671,-0.214036912,-0.0436587632,-0.250575423,-0.0639042035,0.062127471,0.664413214,-0.51894784,0.0178657472,-0.0490591303,0.0352877676,-0.0096158646,0.147192791,0.326933473,-0.0154503752,0.879529834,0.126221731,-0.0666112751,0.0504888855,0.317288518,-0.225937903,-0.000333076663,0.980305493,-0.0850384161,-0.0375528075,-0.00132723839,-0.119882204,0.0740853697,-0.280162692,0.142489314,-0.26314947,0.0283550192,-0.928155601,0.713602483,-0.331437707,3.4886694,-0.925127268,-0.515058458,-0.376435459,-0.780953586,0.663756847,2.48062491,-0.69594878,-1.65538752,0.107385874,0.483840972,0.348344833,0.0832886994,0.892173171,0.332880706,0.288801908,-0.18507567,0.595606148,-0.966900527,0.103028268,-0.267156035,0.226515323,-0.179773569,0.215404823,-0.473217845,-0.0554082841,-0.262484938,-0.00785304978,0.0326651484,0.751308799,-0.572320521,-0.00923562888,-0.037283279,0.236861482,0.193061411,0.208243266,0.432215691,-0.0158360247,0.857091784,0.138642997,-0.0651043728,0.0607182048,0.371945977,-0.326835215,-0.0115755331,0.970888197,-0.0693732426,-0.054728508,0.00103904027,-0.267156035,0.226515323,-0.179773569,0.215404823,-0.473217845,-0.0554082841,-0.262484938,-0.00785304978,0.0326651484,0.751308799,-0.572320521,-0.00923562888,-0.037283279,0.236861482,0.193061396,0.208243266,0.432215691,-0.0158360247,0.857091784,0.138642997,-0.0651043728,0.0607182048,0.371945977,-0.326835215,-0.0115755331,0.970888197,-0.0693732426,-0.0547285117,0.00103904051,-0.267156035,0.226515323,-0.179773569,0.215404823,-0.473217845,-0.0554082841,-0.262484938,-0.00785304978,0.0326651484,0.751308799,-0.572320521,-0.00923562888,-0.037283279,0.236861482,0.193061411,0.208243266,0.432215691,-0.0158360247,0.857091784,0.138642997,-0.0651043728,0.0607182048,0.371945977,-0.326835215,-0.0115755331,0.970888197,-0.0693732426,-0.054728508,0.00103904027
2.5109337,3179262.75,0,0,0.0102340779,6.99283555e-06,1,0.253417064,0.103960857,1,-0.491301417,0.0298943203,0.0136914607,0.870368779,-0.157473594,0.136759892,0.211917564,2.24207754e-44,-2.24207754e-44,-2.24207754e-44,-0.181708902,0.0261620954,-0.0268375911,0.464069426,-0.216050029,-0.0429653563,-0.257958829,-0.0565106533,0.0563875288,0.694150269,-0.526715517,0.0141415158,-0.0514361635,0.0289277304,-0.00376627455,0.170846716,0.3203336,-0.0309572145,0.881004095,0.129643515,-0.0641102791,0.0505593158,0.328254163,-0.223711371,0.00289241271,0.978468955,-0.0799040422,-0.0458697006,0.000130174769,-0.140884012,0.169131503,-0.367067307,-0.043514926,-0.157634735,0.131416351,-0.700871944,0.699083269,-0.769739807,2.68228459,-0.696295202,-0.232479841,-0.0886027962,-0.5398013,0.458226591,2.27068543,-0.612826407,-1.5146898,0.157627955,0.217511594,0.159386784,-0.0677980036,1.25976026,0.137904748,0.390042812,-0.175806418,0.476100415,-0.770030499,0.19623515,-0.255714566,0.250454515,-0.167769894,0.222817004,-0.493140459,0.0205152351,-0.275194705,-0.0616943352,0.0401596203,0.760052085,-0.570506871,0.00441639079,-0.0367401168,0.340822339,0.127437472,0.1575149,0.469535321,-0.0162345637,0.82899332,0.131657347,-0.0778564289,0.0537160672,0.371934086,-0.316556811,0.00423832238,0.967511833,-0.0664534122,-0.0613476112,0.00782361813,-0.255714566,0.250454515,-0.167769894,0.222817004,-0.493140459,0.0205152351,-0.275194705,-0.0616943352,0.0401596203,0.760052085,-0.570506871,0.00441639079,-0.0367401168,0.340822339,0.127437457,0.1575149,0.469535321,-0.0162345637,0.82899332,0.131657347,-0.0778564289,0.0537160672,0.371934086,-0.316556811,0.00423832238,0.967511833,-0.0664534122,-0.061347615,0.00782361906,-0.255714566,0.250454515,-0.167769894,0.222817004,-0.493140459,0.0205152351,-0.275194705,-0.0616943352,0.0401596203,0.760052085,-0.570506871,0.00441639079,-0.0367401168,0.340822339,0.127437472,0.1575149,0.469535321,-0.0162345637,0.82899332,0.131657347,-0.0778564289,0.0537160672,0.371934086,-0.316556811,0.00423832238,0.967511833,-0.0664534122,-0.0613476112,0.00782361813
2.52093423,3179262.76,0,0,0.000232362188,7.41006806e-06,1,0.252997037,0.0607982874,1,-0.492315412,0.0297536403,0.012435142,0.869819283,-0.223053619,0.143392026,0.261690676,2.24207754e-44,-2.24207754e-44,-2.24207754e-44,-0.182648659,0.0282582119,-0.030811185,0.462494999,-0.216879934,-0.0414147787,-0.263124555,-0.0497254543,0.0471938439,0.716001868,-0.532802463,0.012868329,-0.0506812222,0.0247716904,0.000518063549,0.191860572,0.314970702,-0.0444193855,0.882348955,0.130825058,-0.0632765815,0.0492399186,0.342090756,-0.223148346,0.00700104516,0.977316499,-0.0760202557,-0.0522263758,0.00237553893,-0.0571380369,0.233937293,-0.426050633,-0.226214334,-0.0341847055,0.153019145,-0.379790992,0.682830334,-0.97114116,1.84995127,-0.558637202,-0.0822715983,0.16016452,-0.337124467,0.429159075,1.99077511,-0.484223306,-1.20371711,0.112922393,0.0735338181,0.0487998091,-0.156012341,1.43821609,0.0114331571,0.405565321,-0.0720353797,0.323936015,-0.530780852,0.228703782,-0.255714566,0.250454515,-0.167769894,0.222817004,-0.493140459,0.0205152351,-0.275194705,-0.0616943352,0.0401596203,0.760052085,-0.570506871,0.00441639079,-0.0367401168,0.340822339,0.127437472,0.1575149,0.469535321,-0.0162345637,0.82899332,0.131657347,-0.0778564289,0.0537160672,0.371934086,-0.316556811,0.00423832238,0.967511833,-0.0664534122,-0.0613476112,0.00782361813,-0.240341455,0.262012511,-0.161989048,0.226261169,-0.485091805,0.0637639537,-0.273086131,-0.0900865346,0.0420414731,0.726915002,-0.544701219,0.0107780155,-0.0284316093,0.379739791,0.066639185,0.129187569,0.464358985,-0.0153177921,0.814863086,0.120602287,-0.0922690034,0.0504528061,0.362692475,-0.312271237,0.013193991,0.96654582,-0.0657166615,-0.0621841066,0.0100629497,-0.240341455,0.262012511,-0.161989048,0.226261169,-0.485091805,0.0637639537,-0.273086131,-0.0900865346,0.0420414731,0.726915002,-0.544701219,0.0107780155,-0.0284316111,0.379739791,0.066639185,0.129187569,0.464358985,-0.0153177921,0.814863086,0.120602287,-0.0922690034,0.0504528061,0.362692475,-0.312271237,0.013193991,0.96654582,-0.0657166615,-0.0621841028,0.0100629497
2.53193199,3179262.77,0,0,0.011230126,6.50575384e-06,1,0.252997037,0,1,-0.493804336,0.0296333022,0.0105647054,0.869003773,-0.266083926,0.213749737,0.288999826,2.24207754e-44,-2.24207754e-44,-2.24207754e-44,-0.182970673,0.0314093567,-0.0363155231,0.458299845,-0.216204166,-0.0396094993,-0.265106857,-0.0415304936,0.0353186391,0.730062485,-0.537298679,0.0123166051,-0.046993345,0.022217907,0.0050504189,0.213299692,0.310247004,-0.0553934164,0.883481145,0.13092418,-0.0636849478,0.0471108332,0.360290438,-0.223808289,0.0116589908,0.977118194,-0.073273316,-0.0562138073,0.00490270881,-0.0140447505,0.281052381,-0.451911777,-0.45838055,0.126021639,0.179313898,-0.00490882713,0.63888365,-1.03903008,0.528335035,-0.119574264,-0.0242048614,0.464530885,-0.1198247,0.288018227,1.61345816,-0.3421731,-0.707480967,0.105039962,-0.065531604,-0.152598292,-0.212863788,1.59190905,-0.112015374,0.408446133,0.03937364,0.179775342,-0.206733748,0.198992997,-0.240341455,0.262012511,-0.161989048,0.226261169,-0.485091805,0.0637639537,-0.273086131,-0.0900865346,0.0420414731,0.726915002,-0.544701219,0.0107780155,-0.0284316111,0.379739791,0.066639185,0.129187569,0.464358985,-0.0153177921,0.814863086,0.120602287,-0.0922690034,0.0504528061,0.362692475,-0.312271237,0.013193991,0.96654582,-0.0657166615,-0.0621841028,0.0100629497,-0.240341455,0.262012511,-0.161989048,0.226261169,-0.485091805,0.0637639537,-0.273086131,-0.0900865346,0.0420414731,0.726915002,-0.544701219,0.0107780155,-0.0284316093,0.379739791,0.066639185,0.129187569,0.464358985,-0.0153177921,0.814863086,0.120602287,-0.0922690034,0.0504528061,0.362692475,-0.312271237,0.013193991,0.96654582,-0.0657166615,-0.0621841066,0.0100629497,-0.240341455,0.262012511,-0.161989048,0.226261169,-0.485091805,0.0637639537,-0.273086131,-0.0900865346,0.0420414731,0.726915002,-0.544701219,0.0107780155,-0.0284316111,0.379739791,0.066639185,0.129187569,0.464358985,-0.0153177921,0.814863086,0.120602287,-0.0922690034,0.0504528061,0.362692475,-0.312271237,0.013193991,0.96654582,-0.0657166615,-0.0621841028,0.0100629497
2.54193353,3179262.78,0,0,0.00124371611,6.75907359e-06,1,0.239950139,0.0725615025,1,-0.49476108,0.0292563196,0.00915334187,0.868488193,-0.238079667,0.275144368,0.279251069,2.24207754e-44,-2.24207754e-44,-2.24207754e-44,-0.183029264,0.0335984156,-0.0397648402,0.453826398,-0.21464397,-0.0381073691,-0.264380217,-0.0367924348,0.0273038074,0.730745852,-0.537730455,0.0122130411,-0.042410098,0.0216768868,0.00679309387,0.225006923,0.308147877,-0.0594780408,0.884074032,0.130072281,-0.0655483007,0.0454316363,0.373026162,-0.225016713,0.0149453804,0.978144228,-0.07217554,-0.0571838804,0.00638004905,-0.00436286023,0.263541043,-0.420459062,-0.613020778,0.234514356,0.186598852,0.132632509,0.568350971,-0.95671773,-0.114566118,-0.0354991108,-0.00808059238,0.617454588,-0.0444000252,0.187903896,1.37822664,-0.207075149,-0.397733331,0.0523519404,-0.120192677,-0.267423004,-0.197030753,1.5709281,-0.169989973,0.403417885,0.185262725,0.112391084,-0.0831662938,0.175097838,-0.2015692,0.254618466,-0.15249522,0.247790322,-0.430182099,0.0817972124,-0.275877833,-0.100530267,0.0403703377,0.654353499,-0.481430352,0.0155759957,-0.0240905825,0.368574798,0.00625934079,0.108676597,0.428755939,-0.0118102822,0.80304122,0.119315453,-0.104666017,0.0486503616,0.367105752,-0.314223558,0.0211333651,0.973094225,-0.0654168949,-0.0589561164,0.0139349867,-0.2015692,0.254618466,-0.15249522,0.247790322,-0.430182099,0.0817972124,-0.275877833,-0.100530267,0.0403703377,0.654353499,-0.481430352,0.0155759957,-0.0240905806,0.368574798,0.00625934079,0.108676597,0.428755939,-0.0118102822,0.80304122,0.119315453,-0.104666017,0.0486503616,0.367105752,-0.314223558,0.021133367,0.973094225,-0.0654168949,-0.0589561202,0.0139349857,-0.2015692,0.254618466,-0.15249522,0.247790322,-0.430182099,0.0817972124,-0.275877833,-0.100530267,0.0403703377,0.654353499,-0.481430352,0.0155759957,-0.0240905825,0.368574798,0.00625934079,0.108676597,0.428755939,-0.0118102822,0.80304122,0.119315453,-0.104666017,0.0486503616,0.367105752,-0.314223558,0.0211333651,0.973094225,-0.0654168949,-0.0589561164,0.0139349867
2.55293225,3179262.79,0,0,0.0122424378,6.54486939e-06,1,0.239950139,0,1,-0.49641788,0.0284457058,0.00707653863,0.867588639,-0.243511066,0.278034449,0.386753529,2.24207754e-44,-2.24207754e-44,-2.24207754e-44,-0.182877705,0.0364584289,-0.0450948849,0.445427597,-0.210920885,-0.0358935818,-0.260521322,-0.030650299,0.0168756433,0.721707106,-0.533220768,0.0122209238,-0.0348428413,0.0220803805,0.0087736547,0.239030212,0.306893647,-0.0615568757,0.884381354,0.128553942,-0.0695931241,0.0437334962,0.390620321,-0.227738902,0.0195916835,0.982091248,-0.0713174194,-0.057541687,0.00839217752,0.0373862758,0.234773815,-0.498133481,-0.750400066,0.356399953,0.199728906,0.602719963,0.459219873,-0.883398533,-1.63384497,1.09086323,0.00897208042,0.620687962,0.130732045,0.145975754,1.00339222,-0.0724130496,-0.0243806262,0.0145157818,-0.133223042,-0.421162486,-0.111270331,1.40108764,-0.291550547,0.411026835,0.448578119,0.054429248,0.00980742276,0.184573457,-0.2015692,0.254618466,-0.15249522,0.247790322,-0.430182099,0.0817972124,-0.275877833,-0.100530267,0.0403703377,0.654353499,-0.481430352,0.0155759957,-0.0240905825,0.368574798,0.00625934079,0.108676597,0.428755939,-0.0118102822,0.80304122,0.119315453,-0.104666017,0.0486503616,0.367105752,-0.314223558,0.0211333651,0.973094225,-0.0654168949,-0.0589561164,0.0139349867,-0.2015692,0.254618466,-0.15249522,0.247790322,-0.430182099,0.0817972124,-0.275877833,-0.100530267,0.0403703377,0.654353499,-0.481430352,0.0155759957,-0.0240905806,0.368574798,0.00625934079,0.108676597,0.428755939,-0.0118102822,0.80304122,0.119315453,-0.104666017,0.0486503616,0.367105752,-0.314223558,0.021133367,0.973094225,-0.0654168949,-0.0589561202,0.0139349857,-0.2015692,0.254618466,-0.15249522,0.247790322,-0.430182099,0.0817972124,-0.275877833,-0.100530267,0.0403703377,0.654353499,-0.481430352,0.0155759957,-0.0240905825,0.368574798,0.00625934079,0.108676597,0.428755939,-0.0118102822,0.80304122,0.119315453,-0.104666017,0.0486503616,0.367105752,-0.314223558,0.0211333651,0.973094225,-0.0654168949,-0.0589561164,0.0139349867
2.5639339,3179262.8,0,0,0.00325026829,6.67525455e-06,1,0.234713312,0.0649920702,1,-0.498278797,0.027287513,0.00515184319,0.866572022,-0.0985257849,0.356601566,0.323296338,2.24207754e-44,-2.24207754e-44,-2.24207754e-44,-0.182552278,0.0385336913,-0.0502908006,0.435440034,-0.205942556,-0.0334442481,-0.252501905,-0.0261944178,0.0087931985,0.696471155,-0.520474613,0.0123960935,-0.026819665,0.0237812884,0.00959753804,0.24850361,0.306954235,-0.0597423464,0.88429904,0.127094641,-0.0752618536,0.0429553017,0.405970544,-0.231832907,0.0243755393,0.988640726,-0.0708739534,-0.0566880368,0.0106534371,0.0135663571,0.112156026,-0.36209619,-0.879863262,0.449856937,0.201352939,0.620580316,0.302770704,-0.474275202,-2.14952302,0.877563417,0.0168719795,0.691073835,0.118543893,0.0329240523,0.646391213,0.0792876035,0.251934648,-0.0386366807,-0.108636588,-0.473267406,-0.0370011516,1.16480172,-0.365156293,0.367841959,0.583823502,0.0281262901,0.1115546,0.180423617,-0.161350861,0.236219063,-0.142809197,0.27678299,-0.379186749,0.0994035006,-0.280513972,-0.0922704935,0.0357638299,0.589361429,-0.41797322,0.0121737979,-0.0213886667,0.313736886,-0.0423566997,0.108595923,0.38612482,-0.0110621862,0.801633835,0.121246554,-0.107557908,0.0519671962,0.381460816,-0.317044884,0.0263735149,0.98095417,-0.0674325153,-0.0564604849,0.0144944396,-0.161350861,0.236219063,-0.142809197,0.27678299,-0.379186749,0.0994035006,-0.280513972,-0.092270501,0.0357638299,0.589361429,-0.41797322,0.0121737979,-0.0213886667,0.313736886,-0.0423566997,0.108595923,0.38612482,-0.0110621862,0.801633835,0.121246554,-0.107557908,0.0519671962,0.381460816,-0.317044884,0.026373513,0.98095417,-0.0674325153,-0.0564604886,0.0144944405,-0.161350861,0.236219063,-0.142809197,0.27678299,-0.379186749,0.0994035006,-0.280513972,-0.0922704935,0.0357638299,0.589361429,-0.41797322,0.0121737979,-0.0213886667,0.313736886,-0.0423566997,0.108595923,0.38612482,-0.0110621862,0.801633835,0.121246554,-0.107557908,0.0519671962,0.381460816,-0.317044884,0.0263735149,0.98095417,-0.0674325153,-0.0564604849,0.0144944396
2.5749329,3179262.82,0,0,0.0142492731,6.95092604e-06,1,0.234713312,0,1,-0.499756426,0.0258943662,0.00395105733,0.865769804,-0.0380959809,0.353540987,0.353794396,2.24207754e-44,-2.24207754e-44,-2.24207754e-44,-0.182580009,0.0391587056,-0.0538339168,0.426800191,-0.201416731,-0.0311783738,-0.245125547,-0.0238750484,0.00536247343,0.670046329,-0.505363226,0.0125271613,-0.0205010101,0.0252739731,0.00975150336,0.253356427,0.307766646,-0.0554391667,0.883629799,0.126360357,-0.0796633586,0.042834539,0.416230917,-0.236072525,0.0279658493,0.994786739,-0.070665352,-0.0551439151,0.012225599,-0.010071937,0.0313675292,-0.351107955,-0.843575835,0.446622968,0.246176794,0.844476104,0.184324488,-0.267348677,-3.05181766,1.98120153,0.00976742618,0.591027856,0.171732739,0.00333382492,0.379985452,0.0633194149,0.556688309,-0.0846437514,-0.0500818826,-0.414059699,0.00774209714,0.94015491,-0.466742009,0.360097706,0.63009733,0.0166367553,0.179572135,0.1402926,-0.161350861,0.236219063,-0.142809197,0.27678299,-0.379186749,0.0994035006,-0.280513972,-0.0922704935,0.0357638299,0.589361429,-0.41797322,0.0121737979,-0.0213886667,0.313736886,-0.0423566997,0.108595923,0.38612482,-0.0110621862,0.801633835,0.121246554,-0.107557908,0.0519671962,0.381460816,-0.317044884,0.0263735149,0.98095417,-0.0674325153,-0.0564604849,0.0144944396,-0.161350861,0.236219063,-0.142809197,0.27678299,-0.379186749,0.0994035006,-0.280513972,-0.092270501,0.0357638299,0.589361429,-0.41797322,0.0121737979,-0.0213886667,0.313736886,-0.0423566997,0.108595923,0.38612482,-0.0110621862,0.801633835,0.121246554,-0.107557908,0.0519671962,0.381460816,-0.317044884,0.026373513,0.98095417,-0.0674325153,-0.0564604886,0.0144944405,-0.161350861,0.236219063,-0.142809197,0.27678299,-0.379186749,0.0994035006,-0.280513972,-0.0922704935,0.0357638299,0.589361429,-0.41797322,0.0121737979,-0.0213886667,0.313736886,-0.0423566997,0.108595923,0.38612482,-0.0110621862,0.801633835,0.121246554,-0.107557908,0.0519671962,0.381460816,-0.317044884,0.0263735149,0.98095417,-0.0674325153,-0.0564604849,0.0144944396
2.58493295,3179262.83,0,0,0.00425287616,6.90715387e-06,1,0.232816208,0.081699729,1,-0.50130856,0.0236314461,0.00305101741,0.864940464,0.132304236,0.418673515,0.269394249,2.24207754e-44,-2.24207754e-44,-2.24207754e-44,-0.183557793,0.0384700485,-0.0568537116,0.417245388,-0.196235895,-0.0282622837,-0.236560479,-0.0231587812,0.00447326945,0.634512007,-0.484351307,0.0126013719,-0.0137328357,0.0267699026,0.00910620298,0.256083786,0.309018999,-0.047825411,0.881758392,0.125973448,-0.0838270113,0.0434973277,0.425579458,-0.242152736,0.0315915011,1.00187457,-0.0706039146,-0.0528134964,0.0135372067,-0.127847776,-0.1210142,-0.200491115,-0.745574534,0.410281122,0.260715872,0.667587698,-0.0207107887,0.0555533655,-2.99991322,1.79461181,0.00158667378,0.525217056,0.0961332843,-0.082878612,0.126172751,0.11603567,0.68831116,-0.198691085,-0.0236104578,-0.309801102,0.129892483,0.667496324,-0.533646584,0.247397736,0.556575656,-0.0355785564,0.190234542,0.0788578466,-0.143283978,0.209448814,-0.136000663,0.297572881,-0.337768704,0.123929605,-0.273592055,-0.0809172392,0.0368685871,0.527421594,-0.371545106,0.00718799653,-0.0147150047,0.232037157,-0.0727737546,0.120045751,0.349330664,-0.00926106423,0.806753159,0.122280791,-0.10951899,0.0603707992,0.397444785,-0.321292937,0.026122706,0.988129556,-0.0807870477,-0.0558213741,0.011167217,-0.143283978,0.209448814,-0.136000663,0.297572881,-0.337768704,0.123929605,-0.273592055,-0.0809172392,0.0368685871,0.527421594,-0.371545106,0.00718799653,-0.0147150047,0.232037157,-0.0727737546,0.120045751,0.349330664,-0.00926106423,0.806753159,0.122280791,-0.10951899,0.0603707954,0.397444785,-0.321292937,0.0261227041,0.988129556,-0.0807870477,-0.0558213741,0.011167217,-0.143283978,0.209448814,-0.136000663,0.297572881,-0.337768704,0.123929605,-0.273592055,-0.0809172392,0.0368685871,0.527421594,-0.371545106,0.00718799653,-0.0147150047,0.232037157,-0.0727737546,0.120045751,0.349330664,-0.00926106423,0.806753159,0.122280791,-0.10951899,0.0603707992,0.397444785,-0.321292937,0.026122706,0.988129556,-0.0807870477,-0.0558213741,0.011167217
2.59593175,3179262.84,0,0,0.0152516742,6.46011904e-06,1,0.232816208,0,1,-0.502462804,0.0213136785,0.0028468105,0.864331424,0.267860085,0.438712329,0.227277234,2.24207754e-44,-2.24207754e-44,-2.24207754e-44,-0.185173348,0.0364688709,-0.0585195459,0.410550207,-0.192551747,-0.0251960214,-0.229129732,-0.0241851024,0.00654360978,0.600780308,-0.462731034,0.0125390543,-0.00906906649,0.0273951758,0.0079796575,0.256318182,0.309827477,-0.0401076525,0.879470885,0.125793681,-0.0867549032,0.0463270061,0.431219995,-0.247786328,0.0333105139,1.00700915,-0.0719702691,-0.0511951596,0.0139519293,-0.202645719,-0.259683728,-0.113064833,-0.619437277,0.343395919,0.312913507,0.688552499,-0.17058979,0.323025346,-3.36057138,2.07750726,-0.00967242196,0.448798507,0.0189401358,-0.147939503,-0.0400233753,0.0786693692,0.789516151,-0.256116122,-0.0156867597,-0.274911016,0.345155418,0.495003581,-0.578510046,0.121277928,0.469119698,-0.172783509,0.143964663,0.0245492607,-0.143283978,0.209448814,-0.136000663,0.297572881,-0.337768704,0.123929605,-0.273592055,-0.0809172392,0.0368685871,0.527421594,-0.371545106,0.00718799653,-0.0147150047,0.232037157,-0.0727737546,0.120045751,0.349330664,-0.00926106423,0.806753159,0.122280791,-0.10951899,0.0603707992,0.397444785,-0.321292937,0.026122706,0.988129556,-0.0807870477,-0.0558213741,0.011167217,-0.143283978,0.209448814,-0.136000663,0.297572881,-0.337768704,0.123929605,-0.273592055,-0.0809172392,0.0368685871,0.527421594,-0.371545106,0.00718799653,-0.0147150047,0.232037157,-0.0727737546,0.120045751,0.349330664,-0.00926106423,0.806753159,0.122280791,-0.10951899,0.0603707954,0.397444785,-0.321292937,0.0261227041,0.988129556,-0.0807870477,-0.0558213741,0.011167217,-0.143283978,0.209448814,-0.136000663,0.297572881,-0.337768704,0.123929605,-0.273592055,-0.0809172392,0.0368685871,0.527421594,-0.371545106,0.00718799653,-0.0147150047,0.232037157,-0.0727737546,0.120045751,0.349330664,-0.00926106423,0.806753159,0.122280791,-0.10951899,0.0603707992,0.397444785,-0.321292937,0.026122706,0.988129556,-0.0807870477,-0.0558213741,0.011167217
2.60593218,3179262.85,0,0,0.00525484001,6.59609213e-06,1,0.230487902,0.0946508348,1,-0.503266692,0.0183851887,0.00326650636,0.863929331,0.434336901,0.468512416,0.145264536,2.24207754e-44,-2.24207754e-44,-2.24207754e-44,-0.187940285,0.0329473242,-0.0588404685,0.405329585,-0.189512119,-0.0223828163,-0.224235788,-0.0271659773,0.010933389,0.571406245,-0.445354551,0.0124179451,-0.00504357088,0.0268759485,0.00628817361,0.254949421,0.310866356,-0.0326685868,0.876511753,0.125648916,-0.0891572759,0.0498943962,0.434887439,-0.253829658,0.0339730233,1.0107702,-0.0736563429,-0.0500099584,0.0140732825,-0.319876432,-0.409269154,0.0178494621,-0.45112586,0.276036173,0.252448648,0.350865841,-0.386106163,0.489623487,-2.59796238,1.54439199,-0.0132459868,0.362048268,-0.0928506628,-0.164613634,-0.204297364,0.12355493,0.698160827,-0.316892922,-0.014036065,-0.216709808,0.346822977,0.272059679,-0.624969959,0.0411241539,0.310008794,-0.155141264,0.101477511,0.00629270915,-0.156172335,0.178792909,-0.126599312,0.305679739,-0.272716194,0.147371694,-0.249042809,-0.0742345154,0.0423304141,0.472890079,-0.332282007,0.00524941972,-0.00475126645,0.137386322,-0.0774609745,0.143764868,0.319762766,-0.00764436042,0.81676507,0.122382835,-0.109307565,0.0652707815,0.396701127,-0.330744863,0.0241932962,0.990712643,-0.10223493,-0.0546598658,0.00768299587,-0.156172335,0.178792909,-0.126599312,0.305679739,-0.272716194,0.147371694,-0.249042809,-0.0742345154,0.0423304141,0.472890079,-0.332282007,0.00524941972,-0.00475126598,0.137386322,-0.0774609745,0.143764868,0.319762766,-0.00764436042,0.81676507,0.122382835,-0.109307565,0.0652707741,0.396701127,-0.330744863,0.0241932943,0.990712643,-0.10223493,-0.0546598695,0.0076829968,-0.156172335,0.178792909,-0.126599312,0.305679739,-0.272716194,0.147371694,-0.249042809,-0.0742345154,0.0423304141,0.472890079,-0.332282007,0.00524941972,-0.00475126645,0.137386322,-0.0774609745,0.143764868,0.319762766,-0.00764436042,0.81676507,0.122382835,-0.109307565,0.0652707815,0.396701127,-0.330744863,0.0241932962,0.990712643,-0.10223493,-0.0546598658,0.00768299587
2.61693066,3179262.86,0,0,0.0162533261,6.38514757e-06,1,0.230487902,0,1,-0.50400877,0.0152498558,0.00451509748,0.863552094,0.608796477,0.406207502,0.145116553,2.24207754e-44,-2.24207754e-44,-2.24207754e-44,-0.190777734,0.0276652351,-0.0584398285,0.40124467,-0.186866865,-0.0189762972,-0.219081774,-0.032261204,0.0168449301,0.541323483,-0.425009638,0.0122015011,-0.00215249183,0.0250630677,0.00505594257,0.251842737,0.311665326,-0.0254308991,0.873687625,0.125517756,-0.0912563205,0.053865809,0.436451435,-0.260281473,0.0341958255,1.01339805,-0.0790544599,-0.0491531044,0.0137772197,-0.28633368,-0.603372753,0.0803883448,-0.378241658,0.253398538,0.360488683,0.532275319,-0.59564662,0.662181616,-3.08361459,2.08860254,-0.0256026946,0.267062575,-0.249009907,-0.127513632,-0.374326229,0.0641200691,0.714329839,-0.265957326,-0.0128143439,-0.199756533,0.407443196,0.0938699394,-0.655748665,0.0135742901,0.217639402,-0.700927258,0.0739088953,-0.0471382551,-0.156172335,0.178792909,-0.126599312,0.305679739,-0.272716194,0.147371694,-0.249042809,-0.0742345154,0.0423304141,0.472890079,-0.332282007,0.00524941972,-0.00475126645,0.137386322,-0.0774609745,0.143764868,0.319762766,-0.00764436042,0.81676507,0.122382835,-0.109307565,0.0652707815,0.396701127,-0.330744863,0.0241932962,0.990712643,-0.10223493,-0.0546598658,0.00768299587,-0.156172335,0.178792909,-0.126599312,0.305679739,-0.272716194,0.147371694,-0.249042809,-0.0742345154,0.0423304141,0.472890079,-0.332282007,0.00524941972,-0.00475126598,0.137386322,-0.0774609745,0.143764868,0.319762766,-0.00764436042,0.81676507,0.122382835,-0.109307565,0.0652707741,0.396701127,-0.330744863,0.0241932943,0.990712643,-0.10223493,-0.0546598695,0.0076829968,-0.156172335,0.178792909,-0.126599312,0.305679739,-0.272716194,0.147371694,-0.249042809,-0.0742345154,0.0423304141,0.472890079,-0.332282007,0.00524941972,-0.00475126645,0.137386322,-0.0774609745,0.143764868,0.319762766,-0.00764436042,0.81676507,0.122382835,-0.109307565,0.0652707815,0.396701127,-0.330744863,0.0241932962,0.990712643,-0.10223493,-0.0546598658,0.00768299587
2.6269319,3179262.87,0,0,0.00625916384,6.34696335e-06,1,0.226568896,0.0868209675,1,-0.504525304,0.0108165164,0.0070495368,0.863300383,0.829586565,0.415295541,0.0647012144,2.24207754e-44,-2.24207754e-44,-2.24207754e-44,-0.194860339,0.0190931708,-0.056239076,0.397650957,-0.18422401,-0.0152482921,-0.214662552,-0.0412671007,0.025678046,0.508723497,-0.40398705,0.0118784858,0.000949682028,0.0206921641,0.00310433679,0.246217832,0.312405199,-0.017843388,0.870616913,0.125370398,-0.0932674408,0.0581733398,0.436462581,-0.268333733,0.0342694111,1.01473951,-0.0876015872,-0.0485145859,0.0131188212,-0.350243241,-0.797276914,0.239794329,-0.258244544,0.211707026,0.274997652,0.329461873,-0.857958317,0.787383676,-2.59244347,1.68387616,-0.0213900357,0.219776496,-0.450032741,-0.160297707,-0.516767859,0.0514071546,0.594794214,-0.244966164,-0.00955977384,-0.14199838,0.307375997,-0.0926083252,-0.680010617,0.0029327746,0.0588701032,-0.78267467,0.0718068108,-0.0489356108,-0.201374292,0.154623806,-0.110087387,0.302649319,-0.19573088,0.152505264,-0.202732801,-0.0798103809,0.0547179431,0.43276751,-0.308151424,0.0128675252,0.00507784914,0.0505653545,-0.0682906881,0.186675251,0.304351211,-0.0039007063,0.834693074,0.126573294,-0.104500309,0.0640522093,0.378944844,-0.338713706,0.024800146,0.985461771,-0.124406472,-0.0483137965,0.00860751607,-0.201374292,0.154623806,-0.110087387,0.302649319,-0.19573088,0.152505264,-0.202732801,-0.0798103809,0.0547179393,0.43276751,-0.308151424,0.0128675252,0.00507784914,0.0505653583,-0.0682906881,0.186675251,0.304351211,-0.0039007063,0.834693074,0.126573294,-0.104500309,0.0640522093,0.378944844,-0.338713706,0.0248001441,0.985461771,-0.124406472,-0.0483138002,0.00860751607,-0.201374292,0.154623806,-0.110087387,0.302649319,-0.19573088,0.152505264,-0.202732801,-0.0798103809,0.0547179431,0.43276751,-0.308151424,0.0128675252,0.00507784914,0.0505653545,-0.0682906881,0.186675251,0.304351211,-0.0039007063,0.834693074,0.126573294,-0.104500309,0.0640522093,0.378944844,-0.338713706,0.024800146,0.985461771,-0.124406472,-0.0483137965,0.00860751607
2.6369328,3179262.88,0,0,0.0162600647,6.80889934e-06,1,0.226568896,0,1,-0.504532337,0.00734375557,0.00940966886,0.863310277,0.689067304,0.332063079,-0.0589661822,2.24207754e-44,-2.24207754e-44,-2.24207754e-44,-0.197924837,0.0122371744,-0.0533973873,0.395422369,-0.182158902,-0.0133339437,-0.213686034,-0.0491236486,0.0316905677,0.489059776,-0.370661169,0.0234911125,0.00303976075,0.0173288397,0.00218276191,0.240436107,0.311862141,-0.0121678188,0.86911577,0.125335366,-0.0942395702,0.0604860522,0.43365106,-0.275687575,0.0342785344,1.01506472,-0.0978603438,-0.0468346253,0.0128205726,-0.291130483,-0.590120494,0.302891195,-0.185395807,0.188786939,0.136057466,-0.0996971428,-0.694295049,0.48463884,-1.48294342,3.97164822,1.18204069,0.202057734,-0.234740347,-0.0553917848,-0.614184618,-0.126936764,0.529469371,-0.0943423659,-0.00087631034,-0.0658962056,0.186022758,-0.404289782,-0.774502993,-0.00027516784,0.0206510127,-1.08463264,0.208532855,-0.021193536,-0.201374292,0.154623806,-0.110087387,0.302649319,-0.19573088,0.152505264,-0.202732801,-0.0798103809,0.0547179431,0.43276751,-0.308151424,0.0128675252,0.00507784914,0.0505653545,-0.0682906881,0.186675251,0.304351211,-0.0039007063,0.834693074,0.126573294,-0.104500309,0.0640522093,0.378944844,-0.338713706,0.024800146,0.985461771,-0.124406472,-0.0483137965,0.00860751607,-0.201374292,0.154623806,-0.110087387,0.302649319,-0.19573088,0.152505264,-0.202732801,-0.0798103809,0.0547179393,0.43276751,-0.308151424,0.0128675252,0.00507784914,0.0505653583,-0.0682906881,0.186675251,0.304351211,-0.0039007063,0.834693074,0.126573294,-0.104500309,0.0640522093,0.378944844,-0.338713706,0.0248001441,0.985461771,-0.124406472,-0.0483138002,0.00860751607,-0.201374292,0.154623806,-0.110087387,0.302649319,-0.19573088,0.152505264,-0.202732801,-0.0798103809,0.0547179431,0.43276751,-0.308151424,0.0128675252,0.00507784914,0.0505653545,-0.0682906881,0.186675251,0.304351211,-0.0039007063,0.834693074,0.126573294,-0.104500309,0.0640522093,0.378944844,-0.338713706,0.024800146,0.985461771,-0.124406472,-0.0483137965,0.00860751607
2.6506549,3179262.89,0,0,0.00995872542,8.0880709e-06,1,0.246721786,0.075448975,1,-0.504273891,0.00379403075,0.0118074156,0.8634547,0.469891816,0.210446373,-0.000418197247,2.24207754e-44,-2.24207754e-44,-2.24207754e-44,-0.201428562,0.00606130436,-0.0500641726,0.393709183,-0.180047885,-0.0122299315,-0.21794644,-0.0557662435,0.0369360298,0.478668272,-0.31855914,0.0321036056,0.00437693344,0.0165083315,0.00196699426,0.231782168,0.308516532,-0.00617520465,0.868612647,0.125386283,-0.0945746526,0.0619276538,0.425174505,-0.287005574,0.0339994542,1.01520085,-0.111648194,-0.0432779752,0.012673365,-0.210632131,-0.370792359,0.164501503,-0.0864226818,0.138482109,0.0562190413,-0.290573537,-0.354411334,0.315709382,-0.55084306,3.7513485,0.37792021,-0.00126853248,0.0370154604,-0.00161698496,-0.591983259,-0.326982886,0.407984644,0.00431289477,0.0102845952,0.0105450545,0.0198245775,-0.732147455,-0.808030844,-0.0656040236,0.00304631214,-1.05803025,0.358223528,0.000748284627,-0.254033148,0.123534955,-0.0886795595,0.318760484,-0.120281905,0.133386433,-0.160547942,-0.116956845,0.079982385,0.399521619,-0.306781143,0.0169930346,0.0137718301,-0.00802105665,-0.0545476079,0.227090061,0.303781867,0.00559856836,0.860028625,0.13065891,-0.0949551836,0.0568952374,0.362894922,-0.337654591,0.0202000458,0.980600357,-0.142323405,-0.03812325,0.0139583405,-0.254033148,0.123534955,-0.0886795595,0.318760484,-0.120281905,0.133386433,-0.160547942,-0.116956845,0.079982385,0.399521619,-0.306781143,0.0169930346,0.0137718301,-0.00802105665,-0.0545476079,0.227090061,0.303781867,0.00559856836,0.860028625,0.13065891,-0.0949551836,0.0568952374,0.362894922,-0.337654591,0.0202000439,0.980600357,-0.142323405,-0.0381232537,0.0139583414,-0.254033148,0.123534955,-0.0886795595,0.318760484,-0.120281905,0.133386433,-0.160547942,-0.116956845,0.079982385,0.399521619,-0.306781143,0.0169930346,0.0137718301,-0.00802105665,-0.0545476079,0.227090061,0.303781867,0.00559856836,0.860028625,0.13065891,-0.0949551836,0.0568952374,0.362894922,-0.337654591,0.0202000458,0.980600357,-0.142323405,-0.03812325,0.0139583405
2.66093714,3179262.9,0,0,0.000135990791,8.85175541e-06,1,0.306337606,0.0414485931,1,-0.504390955,0.00235966453,0.012941475,0.863375187,0.402878731,0.141005367,0.0437554568,2.24207754e-44,-2.24207754e-44,-2.24207754e-44,-0.202711567,0.00339212059,-0.0490915067,0.393055111,-0.179028183,-0.0118103353,-0.219844922,-0.0580549128,0.0393345356,0.474922955,-0.290114701,0.0343511477,0.00407181075,0.0171664711,0.00195774226,0.227263242,0.30547601,-0.00323157408,0.868816853,0.125497594,-0.0943077058,0.0617198125,0.418793529,-0.293291539,0.0331482626,1.01519763,-0.119901396,-0.0400945842,0.0127083324,-0.126977414,-0.31291911,0.100669868,-0.0831717029,0.119478375,0.050804574,-0.207561716,-0.24935028,0.293889076,-0.409819454,3.37577724,0.232155755,-0.0499793887,0.104910739,-0.00125858642,-0.549971104,-0.40599373,0.331881821,0.0343830213,0.0154330758,0.0440230556,-0.0450749584,-0.82855618,-0.769671321,-0.126922801,-0.00215157913,-0.978458166,0.400863677,0.00566079747,-0.254033148,0.123534955,-0.0886795595,0.318760484,-0.120281905,0.133386433,-0.160547942,-0.116956845,0.079982385,0.399521619,-0.306781143,0.0169930346,0.0137718301,-0.00802105665,-0.0545476079,0.227090061,0.303781867,0.00559856836,0.860028625,0.13065891,-0.0949551836,0.0568952374,0.362894922,-0.337654591,0.0202000458,0.980600357,-0.142323405,-0.03812325,0.0139583405,-0.278867334,0.0967197642,-0.0724226907,0.343773901,-0.0790397748,0.104616612,-0.153833762,-0.158405438,0.0997108966,0.377122372,-0.324025124,0.0145152267,0.0222506113,-0.0347709954,-0.0338911116,0.256508619,0.311688483,0.0167240426,0.876049221,0.131670922,-0.0828965306,0.0495172963,0.360324234,-0.332382917,0.0131282881,0.976923585,-0.154115975,-0.0276478622,0.0210680012,-0.278867334,0.0967197642,-0.0724226907,0.343773901,-0.0790397748,0.104616612,-0.153833762,-0.158405438,0.0997108966,0.377122372,-0.324025124,0.0145152267,0.0222506113,-0.0347709954,-0.0338911116,0.256508619,0.311688483,0.0167240426,0.876049221,0.131670922,-0.0828965306,0.0495172963,0.360324234,-0.332382917,0.0131282881,0.976923585,-0.154115975,-0.0276478622,0.0210680012
2.67193054,3179262.91,0,0,0.0111293951,6.40423968e-06,1,0.306337606,0,1,-0.504739583,0.000609392649,0.0144871408,0.863149881,0.356608212,0.129453003,0.0730397552,2.24207754e-44,-2.24207754e-44,-2.24207754e-44,-0.203986421,-2.44903567e-05,-0.0482271798,0.392354429,-0.177900538,-0.0113552622,-0.221793517,-0.0605944991,0.0425248705,0.470742524,-0.253542751,0.0363695994,0.00365913054,0.0187502764,0.00131366507,0.221243426,0.299967051,0.000252478989,0.86936903,0.125819668,-0.0927366316,0.0599012785,0.408725649,-0.301769763,0.0302854106,1.01450932,-0.130755872,-0.0347389765,0.0136596747,-0.121074565,-0.274002582,0.0627893284,-0.0235230904,0.0728305057,0.0249289852,-0.145072535,-0.20616214,0.240347415,-0.338885188,2.89826941,0.140429467,-0.00516489241,0.140305966,-0.11329177,-0.458197951,-0.498022854,0.2964167,0.056643486,0.0383510254,0.22767207,-0.263546705,-0.822474003,-0.650933802,-0.35212341,-0.12670286,-0.909509957,0.518758833,0.164964303,-0.278867334,0.0967197642,-0.0724226907,0.343773901,-0.0790397748,0.104616612,-0.153833762,-0.158405438,0.0997108966,0.377122372,-0.324025124,0.0145152267,0.0222506113,-0.0347709954,-0.0338911116,0.256508619,0.311688483,0.0167240426,0.876049221,0.131670922,-0.0828965306,0.0495172963,0.360324234,-0.332382917,0.0131282881,0.976923585,-0.154115975,-0.0276478622,0.0210680012,-0.278867334,0.0967197642,-0.0724226907,0.343773901,-0.0790397748,0.104616612,-0.153833762,-0.158405438,0.0997108966,0.377122372,-0.324025124,0.0145152267,0.0222506113,-0.0347709954,-0.0338911116,0.256508619,0.311688483,0.0167240426,0.876049221,0.131670922,-0.0828965306,0.0495172963,0.360324234,-0.332382917,0.0131282881,0.976923585,-0.154115975,-0.0276478622,0.0210680012,-0.278867334,0.0967197642,-0.0724226907,0.343773901,-0.0790397748,0.104616612,-0.153833762,-0.158405438,0.0997108966,0.377122372,-0.324025124,0.0145152267,0.0222506113,-0.0347709954,-0.0338911116,0.256508619,0.311688483,0.0167240426,0.876049221,0.131670922,-0.0828965306,0.0495172963,0.360324234,-0.332382917,0.0131282881,0.976923585,-0.154115975,-0.0276478622,0.0210680012
2.68193369,3179262.92,0,0,0.00122485589,7.24894926e-06,1,0.259567983,0.0280017927,1,-0.505045712,-0.000594065583,0.0154875349,0.862953424,0.220208973,0.0906656682,0.05842245,2.24207754e-44,-2.24207754e-44,-2.24207754e-44,-0.20499979,-0.00213016965,-0.0477724113,0.392436564,-0.177476764,-0.0112074018,-0.223234847,-0.0622210242,0.044332508,0.469256729,-0.232620493,0.0377028137,0.00404899614,0.020860197,2.12746054e-05,0.217084542,0.294431448,0.00278278114,0.870254993,0.126196563,-0.0900686532,0.0569940135,0.400486976,-0.307917774,0.0263230056,1.01282656,-0.138629407,-0.0297911447,0.0154909939,-0.0845724866,-0.132120192,0.0283753797,0.0270732101,0.0221076179,0.00862674601,-0.167181328,-0.106120929,0.118866257,0.0757588893,1.18645179,0.13640143,0.0733378902,0.303142488,-0.132002264,-0.39195326,-0.607183814,0.213033155,0.122716427,0.0346696638,0.274748176,-0.28439337,-0.833697259,-0.606531262,-0.404991955,-0.181074932,-0.683797836,0.455095321,0.17614992,-0.279083014,0.0791175365,-0.0626266226,0.362957209,-0.0510379821,0.0824185237,-0.169549048,-0.174124792,0.106647804,0.360132158,-0.330506623,0.00557360658,0.0236028507,-0.0440260768,-0.00773036946,0.269539803,0.334735781,0.0300467107,0.879121304,0.134822428,-0.0714199841,0.0462483615,0.366626263,-0.327173442,0.00905112922,0.971181929,-0.154798925,-0.0238892827,0.0256742779,-0.279083014,0.0791175365,-0.0626266226,0.362957209,-0.0510379821,0.0824185237,-0.169549048,-0.174124792,0.106647804,0.360132158,-0.330506623,0.00557360658,0.0236028507,-0.0440260768,-0.00773036946,0.269539803,0.334735781,0.0300467107,0.879121304,0.134822428,-0.0714199841,0.0462483615,0.366626263,-0.327173442,0.00905112922,0.971181929,-0.154798925,-0.0238892809,0.0256742779,-0.279083014,0.0791175365,-0.0626266226,0.362957209,-0.0510379821,0.0824185237,-0.169549048,-0.174124792,0.106647804,0.360132158,-0.330506623,0.00557360658,0.0236028507,-0.0440260768,-0.00773036946,0.269539803,0.334735781,0.0300467107,0.879121304,0.134822428,-0.0714199841,0.0462483615,0.366626263,-0.327173442,0.00905112922,0.971181929,-0.154798925,-0.0238892827,0.0256742779
2.69193741,3179262.93,0,0,0.011228574,7.70390034e-06,1,0.259567983,0,1,-0.50524646,-0.00123402069,0.015812343,0.862829328,0.060015399,0.0745669007,0.0389356539,2.24207754e-44,-2.24207754e-44,-2.24207754e-44,-0.205760077,-0.00240276265,-0.0476973243,0.393019259,-0.177448437,-0.0111654047,-0.224628985,-0.0624390543,0.0448284037,0.471007675,-0.228543729,0.0387917124,0.00514648762,0.0250106603,-0.00143424352,0.213963509,0.287845016,0.00485210214,0.87128675,0.126958847,-0.086360395,0.0539478697,0.392248958,-0.313659847,0.0219600331,1.01022184,-0.143942401,-0.0256007817,0.01752753,-0.0767302886,0.0369795747,-0.00671764184,0.0807728618,-0.0086251013,0.00251359213,-0.105019763,0.0322181769,0.00923014525,0.175495848,0.0627205744,0.0868226811,0.128184423,0.479463905,-0.157562375,-0.247018754,-0.680538118,0.215822354,0.0740152672,0.111300319,0.44918716,-0.32403785,-0.810166419,-0.545939147,-0.460057467,-0.328518927,-0.437434316,0.400105298,0.229397923,-0.279083014,0.0791175365,-0.0626266226,0.362957209,-0.0510379821,0.0824185237,-0.169549048,-0.174124792,0.106647804,0.360132158,-0.330506623,0.00557360658,0.0236028507,-0.0440260768,-0.00773036946,0.269539803,0.334735781,0.0300467107,0.879121304,0.134822428,-0.0714199841,0.0462483615,0.366626263,-0.327173442,0.00905112922,0.971181929,-0.154798925,-0.0238892827,0.0256742779,-0.279083014,0.0791175365,-0.0626266226,0.362957209,-0.0510379821,0.0824185237,-0.169549048,-0.174124792,0.106647804,0.360132158,-0.330506623,0.00557360658,0.0236028507,-0.0440260768,-0.00773036946,0.269539803,0.334735781,0.0300467107,0.879121304,0.134822428,-0.0714199841,0.0462483615,0.366626263,-0.327173442,0.00905112922,0.971181929,-0.154798925,-0.0238892809,0.0256742779,-0.279083014,0.0791175365,-0.0626266226,0.362957209,-0.0510379821,0.0824185237,-0.169549048,-0.174124792,0.106647804,0.360132158,-0.330506623,0.00557360658,0.0236028507,-0.0440260768,-0.00773036946,0.269539803,0.334735781,0.0300467107,0.879121304,0.134822428,-0.0714199841,0.0462483615,0.366626263,-0.327173442,0.00905112922,0.971181929,-0.154798925,-0.0238892827,0.0256742779
2.70293347,3179262.94,0,0,0.00221036095,7.61076808e-06,1,0.273023732,0.0445448011,1,-0.505376399,-0.00161665818,0.0155338924,0.862757683,-0.041358225,0.0790614858,0.0127813267,2.24207754e-44,-2.24207754e-44,-2.24207754e-44,-0.206491396,-0.00105087785,-0.0479107015,0.393792301,-0.177601546,-0.011013031,-0.225102335,-0.0612501167,0.0445115492,0.472047299,-0.230576336,0.0394305922,0.00704769976,0.0313949995,-0.00376258488,0.212424129,0.279839188,0.00690359995,0.872032702,0.128334761,-0.0810151026,0.0505089611,0.382723689,-0.319504589,0.0168893375,1.00560999,-0.14752616,-0.0219360199,0.0199733619,-0.0417482853,0.151843488,-0.0208971947,0.0415148884,-0.0127932569,0.0304725021,0.00664527202,0.134577081,-0.0415982418,0.0168985128,-0.253975689,0.0333445631,0.183195591,0.548456907,-0.213593543,-0.0583897159,-0.641655862,0.125333577,0.0736663938,0.104704127,0.409846663,-0.246821299,-0.782855749,-0.439391553,-0.37898013,-0.410013914,-0.213050947,0.227423787,0.171175316,-0.263637692,0.0611382797,-0.0509215966,0.373593718,-0.00649318099,0.0717217773,-0.192880213,-0.183455542,0.10875693,0.360033393,-0.297348559,-0.0186354537,0.0168307647,-0.0391759053,0.0187907666,0.265983433,0.366284966,0.041368369,0.868390679,0.138388574,-0.0665367767,0.0478955805,0.383378386,-0.327498019,0.00409177691,0.9654845,-0.148515597,-0.0268159527,0.0242751706,-0.263637692,0.0611382797,-0.0509215929,0.373593718,-0.00649318099,0.0717217773,-0.192880213,-0.183455542,0.10875693,0.360033393,-0.297348559,-0.0186354537,0.0168307647,-0.0391759053,0.0187907666,0.265983433,0.366284966,0.041368369,0.868390679,0.138388574,-0.0665367767,0.0478955805,0.383378386,-0.327498019,0.00409177691,0.9654845,-0.148515597,-0.0268159527,0.0242751706,-0.263637692,0.0611382797,-0.0509215966,0.373593718,-0.00649318099,0.0717217773,-0.192880213,-0.183455542,0.10875693,0.360033393,-0.297348559,-0.0186354537,0.0168307647,-0.0391759053,0.0187907666,0.265983433,0.366284966,0.041368369,0.868390679,0.138388574,-0.0665367767,0.0478955805,0.383378386,-0.327498019,0.00409177691,0.9654845,-0.148515597,-0.0268159527,0.0242751706
2.71293451,3179262.95,0,0,0.0122114061,6.95278868e-06,1,0.273023732,0,1,-0.505433023,-0.00184334314,0.0151582863,0.862730742,-0.0328122079,0.0785244629,0.0124378307,2.24207754e-44,-2.24207754e-44,-2.24207754e-44,-0.206720188,0.000492967258,-0.0480767377,0.393867284,-0.177523434,-0.0103289839,-0.224833637,-0.0598822497,0.0440345705,0.471907943,-0.233364388,0.0394069329,0.00871789176,0.0365368389,-0.00581103796,0.212776825,0.274262398,0.00792263635,0.872541845,0.129691347,-0.0771194994,0.0486043207,0.375051677,-0.323119581,0.0133113712,1.00052452,-0.148755863,-0.0206329171,0.0211293399,-0.0138977123,0.146407083,-0.0108273216,-0.0177676044,0.0258331932,0.092383042,0.0263562202,0.129216328,-0.0477014408,-0.0168418232,-0.285584152,-0.0275658518,0.145322323,0.479356736,-0.194420233,0.101014629,-0.487294525,0.0963500589,0.0277312472,0.164323911,0.382734686,-0.153772101,-0.75475657,-0.305216879,-0.352254003,-0.593929112,-0.0728611425,0.0772901997,0.0775374994,-0.263637692,0.0611382797,-0.0509215966,0.373593718,-0.00649318099,0.0717217773,-0.192880213,-0.183455542,0.10875693,0.360033393,-0.297348559,-0.0186354537,0.0168307647,-0.0391759053,0.0187907666,0.265983433,0.366284966,0.041368369,0.868390679,0.138388574,-0.0665367767,0.0478955805,0.383378386,-0.327498019,0.00409177691,0.9654845,-0.148515597,-0.0268159527,0.0242751706,-0.263637692,0.0611382797,-0.0509215929,0.373593718,-0.00649318099,0.0717217773,-0.192880213,-0.183455542,0.10875693,0.360033393,-0.297348559,-0.0186354537,0.0168307647,-0.0391759053,0.0187907666,0.265983433,0.366284966,0.041368369,0.868390679,0.138388574,-0.0665367767,0.0478955805,0.383378386,-0.327498019,0.00409177691,0.9654845,-0.148515597,-0.0268159527,0.0242751706,-0.263637692,0.0611382797,-0.0509215966,0.373593718,-0.00649318099,0.0717217773,-0.192880213,-0.183455542,0.10875693,0.360033393,-0.297348559,-0.0186354537,0.0168307647,-0.0391759053,0.0187907666,0.265983433,0.366284966,0.041368369,0.868390679,0.138388574,-0.0665367767,0.0478955805,0.383378386,-0.327498019,0.00409177691,0.9654845,-0.148515597,-0.0268159527,0.0242751706
2.72297056,3179262.96,0,0,0.00220176112,2.05091201e-05,1,0.31945901,0.0450017452,1,-0.505494654,-0.0020829509,0.0148995537,0.862698555,-0.0219098572,0.0887314677,0.0190398414,2.24207754e-44,-2.24207754e-44,-2.24207754e-44,-0.20678997,0.00160561933,-0.0481450781,0.393504739,-0.177219957,-0.00938385911,-0.224625647,-0.058903385,0.0436334983,0.471655428,-0.235515565,0.0390315093,0.00970026664,0.0400712565,-0.00733443536,0.214174479,0.271076292,0.00856907107,0.872654259,0.130994171,-0.0743628517,0.0476771034,0.369115889,-0.325056136,0.0107454276,0.995244086,-0.149086148,-0.0203020144,0.0215128381,-0.00657406962,0.135473236,-0.00795197114,-0.060613174,0.04318076,0.131276414,0.0259131547,0.118941441,-0.0519731939,-0.0417816006,-0.255145162,-0.0563359708,0.111274645,0.420711428,-0.189114973,0.216094553,-0.345102936,0.0704617649,0.00835001562,0.155507296,0.317340821,-0.0956454203,-0.734842837,-0.205693275,-0.297472,-0.68886596,-0.0274394676,0.0237892624,0.0348277688,-0.244694471,0.060007453,-0.0456357896,0.379116893,0.0385085642,0.0682056844,-0.214309752,-0.17542614,0.106045529,0.366839468,-0.259869635,-0.0393729508,0.0107655637,-0.0299217924,0.0390627645,0.258053929,0.394547582,0.0485337488,0.853937268,0.140034065,-0.0675515085,0.0536713563,0.400051922,-0.332428694,-0.00176401809,0.962670982,-0.141405538,-0.0293920208,0.0212769303,-0.244694471,0.060007453,-0.0456357896,0.379116893,0.0385085642,0.0682056844,-0.214309752,-0.17542614,0.106045529,0.366839468,-0.259869635,-0.0393729508,0.0107655637,-0.0299217924,0.0390627645,0.258053929,0.394547582,0.0485337488,0.853937268,0.140034065,-0.0675515085,0.0536713526,0.400051922,-0.332428694,-0.00176401809,0.962670982,-0.141405538,-0.0293920189,0.0212769303,-0.244694471,0.060007453,-0.0456357896,0.379116893,0.0385085642,0.0682056844,-0.214309752,-0.17542614,0.106045529,0.366839468,-0.259869635,-0.0393729508,0.0107655637,-0.0299217924,0.0390627645,0.258053929,0.394547582,0.0485337488,0.853937268,0.140034065,-0.0675515085,0.0536713563,0.400051922,-0.332428694,-0.00176401809,0.962670982,-0.141405538,-0.0293920208,0.0212769303
2.73393524,3179262.97,0,0,0.0131664411,7.1413815e-06,1,0.31945901,0,1,-0.505623877,-0.00250149355,0.014613105,0.862626612,0.00441206666,0.0806622431,0.0304602403,2.24207754e-44,-2.24207754e-44,-2.24207754e-44,-0.206641898,0.00313935429,-0.0480757654,0.392179877,-0.176191822,-0.00835875701,-0.224439189,-0.0576072298,0.043026939,0.471309513,-0.238183677,0.0378162712,0.0105821146,0.0443979874,-0.00904362462,0.217928767,0.268819779,0.00934384577,0.871707916,0.132808805,-0.0713036433,0.0470925942,0.360567272,-0.326443553,0.00733931875,0.985970914,-0.14871484,-0.0210059006,0.0217092242,0.0219562147,0.121990159,0.0118664326,-0.139148876,0.113070615,0.0478070714,0.00675401837,0.0996717736,-0.0529499426,-0.0151527552,-0.199499503,-0.129826337,0.0437223986,0.321350932,-0.103113696,0.372977883,-0.080440335,0.08057753,-0.142569572,0.147435144,0.207887009,-0.0222294014,-0.692276955,-0.0606368966,-0.267956197,-0.825978518,0.0706684217,-0.124173708,0.00700383447,-0.244694471,0.060007453,-0.0456357896,0.379116893,0.0385085642,0.0682056844,-0.214309752,-0.17542614,0.106045529,0.366839468,-0.259869635,-0.0393729508,0.0107655637,-0.0299217924,0.0390627645,0.258053929,0.394547582,0.0485337488,0.853937268,0.140034065,-0.0675515085,0.0536713563,0.400051922,-0.332428694,-0.00176401809,0.962670982,-0.141405538,-0.0293920208,0.0212769303,-0.244694471,0.060007453,-0.0456357896,0.379116893,0.0385085642,0.0682056844,-0.214309752,-0.17542614,0.106045529,0.366839468,-0.259869635,-0.0393729508,0.0107655637,-0.0299217924,0.0390627645,0.258053929,0.394547582,0.0485337488,0.853937268,0.140034065,-0.0675515085,0.0536713526,0.400051922,-0.332428694,-0.00176401809,0.962670982,-0.141405538,-0.0293920189,0.0212769303,-0.244694471,0.060007453,-0.0456357896,0.379116893,0.0385085642,0.0682056844,-0.214309752,-0.17542614,0.106045529,0.366839468,-0.259869635,-0.0393729508,0.0107655637,-0.0299217924,0.0390627645,0.258053929,0.394547582,0.0485337488,0.853937268,0.140034065,-0.0675515085,0.0536713563,0.400051922,-0.332428694,-0.00176401809,0.962670982,-0.141405538,-0.0293920208,0.0212769303
2.74493479,3179262.99,0,0,0.00423609698,7.0380047e-06,1,0.250140671,0.0374735147,1,-0.505809844,-0.0028924956,0.014433817,0.862519383,0.0110794185,0.0889922157,0.0481464043,2.24207754e-44,-2.24207754e-44,-2.24207754e-44,-0.206511572,0.00431017252,-0.04797066,0.390687197,-0.175001144,-0.00803987309,-0.224512905,-0.0566765293,0.0424213149,0.471212596,-0.239905104,0.0364211686,0.0108637214,0.0472985916,-0.00983671565,0.222009256,0.269139647,0.0103152795,0.87015897,0.134042546,-0.0698284581,0.0470086895,0.353966594,-0.326662928,0.00529938424,0.977699518,-0.147901073,-0.0227850154,0.0217292458,0.00780045614,0.114178382,0.00955032185,-0.153963462,0.119311549,0.0254546404,-0.015006166,0.08924409,-0.0648258328,-0.0074275001,-0.154790297,-0.141579345,0.0250128321,0.271062225,-0.0643261373,0.420882821,0.104802176,0.104571909,-0.149699017,0.105152577,0.110327572,-0.00211232994,-0.637463033,0.00291549647,-0.162270755,-0.812457204,0.0812419578,-0.204881147,-0.000315720186,-0.225701332,0.0691347271,-0.0458704159,0.374848485,0.0759820789,0.0664082989,-0.235264063,-0.157680944,0.100306854,0.374468744,-0.230878457,-0.0459376834,0.00609129481,-0.0175562128,0.0440712012,0.25180915,0.40886116,0.0510195568,0.842665672,0.140688121,-0.070485495,0.0592841618,0.410903066,-0.337797612,-0.00787600502,0.964621842,-0.133136541,-0.0311742518,0.0177772567,-0.225701332,0.0691347271,-0.0458704196,0.374848485,0.0759820789,0.0664082989,-0.235264063,-0.157680944,0.100306854,0.374468744,-0.230878457,-0.0459376834,0.00609129481,-0.0175562128,0.0440712012,0.25180915,0.40886116,0.0510195568,0.842665672,0.140688121,-0.070485495,0.0592841581,0.410903066,-0.337797612,-0.00787600502,0.964621842,-0.133136541,-0.0311742499,0.0177772567,-0.225701332,0.0691347271,-0.0458704159,0.374848485,0.0759820789,0.0664082989,-0.235264063,-0.157680944,0.100306854,0.374468744,-0.230878457,-0.0459376834,0.00609129481,-0.0175562128,0.0440712012,0.25180915,0.40886116,0.0510195568,0.842665672,0.140688121,-0.070485495,0.0592841618,0.410903066,-0.337797612,-0.00787600502,0.964621842,-0.133136541,-0.0311742518,0.0177772567
2.75493483,3179263,0,0,0.0142361419,7.12601468e-06,1,0.250140671,0,1,-0.505966663,-0.00340105314,0.0142536946,0.862428546,0.0272601396,0.122936979,0.0240563173,2.24207754e-44,-2.24207754e-44,-2.24207754e-44,-0.206379786,0.00549455034,-0.04768705,0.388546735,-0.17349714,-0.00846569706,-0.225058302,-0.0557805449,0.0419416726,0.47131443,-0.24117732,0.0348998755,0.0112121524,0.0496381335,-0.0104003586,0.226550683,0.271434247,0.0113149639,0.86830467,0.134920537,-0.0691813976,0.0476204008,0.347919047,-0.326151162,0.00378474267,0.970116138,-0.14607884,-0.025267195,0.0215403829,0.014440692,0.12186636,0.0406783745,-0.260550797,0.174291193,-0.0904097185,-0.0874612853,0.0906667411,-0.0351272114,0.0226490702,-0.108212829,-0.160157427,0.0396087691,0.208745763,-0.055722598,0.479661822,0.31568855,0.0954533145,-0.221046939,0.0791170895,0.0406860672,0.11312817,-0.583019257,0.0847613961,-0.156678498,-0.715891361,0.266206235,-0.275181532,-0.0344542861,-0.225701332,0.0691347271,-0.0458704159,0.374848485,0.0759820789,0.0664082989,-0.235264063,-0.157680944,0.100306854,0.374468744,-0.230878457,-0.0459376834,0.00609129481,-0.0175562128,0.0440712012,0.25180915,0.40886116,0.0510195568,0.842665672,0.140688121,-0.070485495,0.0592841618,0.410903066,-0.337797612,-0.00787600502,0.964621842,-0.133136541,-0.0311742518,0.0177772567,-0.225701332,0.0691347271,-0.0458704196,0.374848485,0.0759820789,0.0664082989,-0.235264063,-0.157680944,0.100306854,0.374468744,-0.230878457,-0.0459376834,0.00609129481,-0.0175562128,0.0440712012,0.25180915,0.40886116,0.0510195568,0.842665672,0.140688121,-0.070485495,0.0592841581,0.410903066,-0.337797612,-0.00787600502,0.964621842,-0.133136541,-0.0311742499,0.0177772567,-0.225701332,0.0691347271,-0.0458704159,0.374848485,0.0759820789,0.0664082989,-0.235264063,-0.157680944,0.100306854,0.374468744,-0.230878457,-0.0459376834,0.00609129481,-0.0175562128,0.0440712012,0.25180915,0.40886116,0.0510195568,0.842665672,0.140688121,-0.070485495,0.0592841618,0.410903066,-0.337797612,-0.00787600502,0.964621842,-0.133136541,-0.0311742518,0.0177772567
2.76593505,3179263.01,0,0,0.00519885495,7.22426921e-06,1,0.286660157,0.0255700052,1,-0.506152928,-0.00417434983,0.0139944069,0.862320125,0.0277359318,0.136547223,0.0394995362,2.24207754e-44,-2.24207754e-44,-2.24207754e-44,-0.206326157,0.00691920752,-0.0473390669,0.385167956,-0.171373472,-0.00949401408,-0.22632046,-0.0547219403,0.0414235666,0.471537143,-0.242106453,0.0329735912,0.0116308182,0.0518482439,-0.0107956296,0.232271075,0.27674216,0.0126014799,0.865624845,0.135642499,-0.0689268857,0.0492852703,0.341424584,-0.324640989,0.00210184231,0.962569237,-0.142694727,-0.028546812,0.0210000388,2.77384279e-05,0.117077172,0.0226399861,-0.286733508,0.175805554,-0.0799412653,-0.109556414,0.0869798809,-0.0481470637,0.0147465253,-0.0647205263,-0.159536466,0.0337311402,0.175180078,-0.022292532,0.470248967,0.49381119,0.114150368,-0.217083365,0.0519348718,0.0148628028,0.142981157,-0.521864235,0.141583174,-0.130399004,-0.589983702,0.276147485,-0.26724264,-0.0476304255,-0.206225008,0.0824504793,-0.0499667823,0.372467101,0.101552084,0.0661578327,-0.252147913,-0.141151473,0.0946028382,0.380719513,-0.215769678,-0.0468516685,0.00297247199,-0.0115746558,0.0350686833,0.249077663,0.405350596,0.0489305742,0.833978593,0.140768364,-0.0729171559,0.0614304058,0.416721463,-0.344474107,-0.0133193405,0.965616524,-0.126391947,-0.0304598007,0.0144794136,-0.206225008,0.0824504793,-0.0499667823,0.372467101,0.101552084,0.0661578327,-0.252147913,-0.141151473,0.0946028382,0.380719513,-0.215769678,-0.0468516685,0.00297247199,-0.0115746558,0.0350686833,0.249077663,0.405350596,0.0489305742,0.833978593,0.140768364,-0.0729171559,0.0614304058,0.416721463,-0.344474107,-0.0133193405,0.965616524,-0.126391947,-0.0304597989,0.0144794136,-0.206225008,0.0824504793,-0.0499667823,0.372467101,0.101552084,0.0661578327,-0.252147913,-0.141151473,0.0946028382,0.380719513,-0.215769678,-0.0468516685,0.00297247199,-0.0115746558,0.0350686833,0.249077663,0.405350596,0.0489305742,0.833978593,0.140768364,-0.0729171559,0.0614304058,0.416721463,-0.344474107,-0.0133193405,0.965616524,-0.126391947,-0.0304598007,0.0144794136
2.77692532,3179263.02,0,0,0.0161891249,4.27803025e-06,1,0.286660157,0,1,-0.506295264,-0.00491678622,0.0136843072,0.862237573,0.0189057365,0.168837965,0.028964093,2.24207754e-44,-2.24207754e-44,-2.24207754e-44,-0.206380188,0.00828637928,-0.0471401475,0.381747097,-0.169331968,-0.0117473975,-0.2278281,-0.0537122712,0.0410064682,0.471752107,-0.242462486,0.0313347243,0.0120855123,0.0534312837,-0.0109891221,0.236988366,0.282850981,0.013902247,0.863183379,0.135983273,-0.0688622668,0.0509510599,0.336826742,-0.322884768,0.000767660327,0.957732141,-0.139296308,-0.0307112671,0.0201135427,-0.00900639407,0.144341558,0.0168762859,-0.362433314,0.213913456,-0.28080076,-0.167246565,0.106324628,-0.0411217362,0.0241653528,-0.0238374434,-0.164566785,0.0468851849,0.150705606,-0.0143727055,0.469772339,0.66329813,0.140201271,-0.257126302,0.0282695163,0.00364941033,0.174826115,-0.428467005,0.189340532,-0.13630107,-0.431511521,0.363831967,-0.188547358,-0.106517754,-0.206225008,0.0824504793,-0.0499667823,0.372467101,0.101552084,0.0661578327,-0.252147913,-0.141151473,0.0946028382,0.380719513,-0.215769678,-0.0468516685,0.00297247199,-0.0115746558,0.0350686833,0.249077663,0.405350596,0.0489305742,0.833978593,0.140768364,-0.0729171559,0.0614304058,0.416721463,-0.344474107,-0.0133193405,0.965616524,-0.126391947,-0.0304598007,0.0144794136,-0.206225008,0.0824504793,-0.0499667823,0.372467101,0.101552084,0.0661578327,-0.252147913,-0.141151473,0.0946028382,0.380719513,-0.215769678,-0.0468516685,0.00297247199,-0.0115746558,0.0350686833,0.249077663,0.405350596,0.0489305742,0.833978593,0.140768364,-0.0729171559,0.0614304058,0.416721463,-0.344474107,-0.0133193405,0.965616524,-0.126391947,-0.0304597989,0.0144794136,-0.206225008,0.0824504793,-0.0499667823,0.372467101,0.101552084,0.0661578327,-0.252147913,-0.141151473,0.0946028382,0.380719513,-0.215769678,-0.0468516685,0.00297247199,-0.0115746558,0.0350686833,0.249077663,0.405350596,0.0489305742,0.833978593,0.140768364,-0.0729171559,0.0614304058,0.416721463,-0.344474107,-0.0133193405,0.965616524,-0.126391947,-0.0304598007,0.0144794136
2.78792525,3179263.03,0,0,0.00730948988,3.98186967e-06,1,0.175207853,0.0176108778,1,-0.506502271,-0.00590529433,0.013200203,0.86211735,0.00799180102,0.193563402,0.0359066352,2.24207754e-44,-2.24207754e-44,-2.24207754e-44,-0.206844985,0.010050281,-0.0470432267,0.377553016,-0.166859597,-0.0151256528,-0.230109468,-0.0524079576,0.0404082313,0.472054064,-0.242585957,0.0294106621,0.0126309022,0.0551303178,-0.0110826781,0.242304325,0.291626602,0.0159044489,0.860265434,0.136263072,-0.0688423961,0.0527993888,0.33244279,-0.320517302,-0.000683581689,0.953652322,-0.135338932,-0.0323554166,0.0188099798,-0.0546518117,0.155844435,0.00408790447,-0.347005904,0.204197884,-0.323923141,-0.209739491,0.116392128,-0.0506584905,0.0317637771,-0.00350528047,-0.162232012,0.0492343307,0.138483688,-0.00609031832,0.430698872,0.763841867,0.189191043,-0.248345003,0.0206329431,0.0021485223,0.122461177,-0.318689287,0.195330933,-0.107772432,-0.277897805,0.316833168,-0.0906532556,-0.110318065,-0.189821064,0.0969101489,-0.0564359799,0.372313559,0.111760065,0.0672677159,-0.263290018,-0.12873885,0.0895145535,0.386837721,-0.215782553,-0.0492607616,0.00190464035,-0.0140422583,0.0183733292,0.249706045,0.387739718,0.0439493917,0.828271627,0.140538201,-0.0722867772,0.059305992,0.417202055,-0.352051914,-0.016297549,0.965671718,-0.123266123,-0.0288173426,0.0129381511,-0.189821064,0.0969101489,-0.0564359836,0.372313559,0.111760065,0.0672677159,-0.263290018,-0.12873885,0.0895145535,0.386837721,-0.215782553,-0.0492607616,0.00190464035,-0.0140422583,0.0183733292,0.249706045,0.387739718,0.0439493917,0.828271627,0.140538201,-0.0722867772,0.0593059883,0.417202055,-0.352051914,-0.016297549,0.965671718,-0.123266123,-0.0288173445,0.0129381502,-0.189821064,0.0969101489,-0.0564359799,0.372313559,0.111760065,0.0672677159,-0.263290018,-0.12873885,0.0895145535,0.386837721,-0.215782553,-0.0492607616,0.00190464035,-0.0140422583,0.0183733292,0.249706045,0.387739718,0.0439493917,0.828271627,0.140538201,-0.0722867772,0.059305992,0.417202055,-0.352051914,-0.016297549,0.965671718,-0.123266123,-0.0288173426,0.0129381511
2.79792606,3179263.04,0,0,0.0173103036,4.558824e-06,1,0.175207853,0,1,-0.506671548,-0.00677636964,0.0126932906,0.862019062,-0.00279618567,0.206952929,0.03973113,2.24207754e-44,-2.24207754e-44,-2.24207754e-44,-0.207612053,0.0116880517,-0.0470511764,0.374261618,-0.164907813,-0.0186408963,-0.232384264,-0.0511712693,0.0398757234,0.472437769,-0.242574617,0.0278028324,0.0131413313,0.0565012731,-0.0111200595,0.246409222,0.299431801,0.0180163104,0.857797563,0.136450633,-0.0688118264,0.0536405221,0.329848051,-0.318690956,-0.0015783211,0.951609135,-0.132448539,-0.0328593925,0.0177692119,-0.0953462198,0.165089279,-0.00482815458,-0.308123261,0.185158476,-0.343408287,-0.23627387,0.12540029,-0.0573660545,0.0401357375,0.00385204377,-0.156970814,0.050287094,0.135970384,-0.00187550241,0.390780658,0.788123429,0.222287223,-0.234002501,0.0178109035,0.0033214672,0.0647665933,-0.218225673,0.172535077,-0.0764612406,-0.15539439,0.258974254,-0.032098636,-0.0955171809,-0.189821064,0.0969101489,-0.0564359799,0.372313559,0.111760065,0.0672677159,-0.263290018,-0.12873885,0.0895145535,0.386837721,-0.215782553,-0.0492607616,0.00190464035,-0.0140422583,0.0183733292,0.249706045,0.387739718,0.0439493917,0.828271627,0.140538201,-0.0722867772,0.059305992,0.417202055,-0.352051914,-0.016297549,0.965671718,-0.123266123,-0.0288173426,0.0129381511,-0.189821064,0.0969101489,-0.0564359836,0.372313559,0.111760065,0.0672677159,-0.263290018,-0.12873885,0.0895145535,0.386837721,-0.215782553,-0.0492607616,0.00190464035,-0.0140422583,0.0183733292,0.249706045,0.387739718,0.0439493917,0.828271627,0.140538201,-0.0722867772,0.0593059883,0.417202055,-0.352051914,-0.016297549,0.965671718,-0.123266123,-0.0288173445,0.0129381502,-0.189821064,0.0969101489,-0.0564359799,0.372313559,0.111760065,0.0672677159,-0.263290018,-0.12873885,0.0895145535,0.386837721,-0.215782553,-0.0492607616,0.00190464035,-0.0140422583,0.0183733292,0.249706045,0.387739718,0.0439493917,0.828271627,0.140538201,-0.0722867772,0.059305992,0.417202055,-0.352051914,-0.016297549,0.965671718,-0.123266123,-0.0288173426,0.0129381511
2.80892544,3179263.05,0,0,0.00831623981,4.37861308e-06,1,0.141713768,0.0237367749,1,-0.50690043,-0.00765652396,0.0121315802,0.86188525,-0.0111105861,0.210294366,0.0528793223,2.24207754e-44,-2.24207754e-44,-2.24207754e-44,-0.208844066,0.0133078108,-0.0472076088,0.371585131,-0.163224101,-0.0217819009,-0.234790727,-0.0499313399,0.0391998924,0.472827047,-0.242509425,0.0263137817,0.0136049241,0.0578590557,-0.0110767288,0.249911815,0.307297975,0.0203349423,0.85582149,0.136618748,-0.0687313974,0.0541166738,0.32833606,-0.317160845,-0.00213905331,0.950696528,-0.13041237,-0.0330445692,0.0169812329,-0.139322639,0.161989242,-0.0222771652,-0.241926432,0.156385094,-0.310825676,-0.246796876,0.125393778,-0.071130313,0.0454021432,0.00524238683,-0.147950366,0.0462035611,0.135691956,0.00807464682,0.327542722,0.774626791,0.240219533,-0.18365027,0.0159500334,0.0266311876,0.0354156718,-0.105873108,0.137197375,-0.0412016213,-0.0567913465,0.169533893,-0.0117558138,-0.0743886232,-0.1806705,0.111459836,-0.0650510266,0.372396648,0.107452676,0.0685705394,-0.26891166,-0.119911805,0.084628731,0.395241708,-0.223473147,-0.052982986,0.00284564681,-0.0266521052,0.0019437857,0.255260915,0.364002943,0.0382999256,0.826815724,0.140053719,-0.0676570684,0.0556295775,0.411281317,-0.358362138,-0.0177489985,0.964536369,-0.122774117,-0.0287074763,0.0109452233,-0.1806705,0.111459836,-0.0650510266,0.372396648,0.107452676,0.0685705394,-0.26891166,-0.119911805,0.084628731,0.395241708,-0.223473147,-0.052982986,0.00284564681,-0.0266521052,0.0019437857,0.255260915,0.364002943,0.0382999256,0.826815724,0.140053719,-0.0676570684,0.0556295738,0.411281317,-0.358362138,-0.0177489985,0.964536369,-0.122774117,-0.0287074782,0.0109452233,-0.1806705,0.111459836,-0.0650510266,0.372396648,0.107452676,0.0685705394,-0.26891166,-0.119911805,0.084628731,0.395241708,-0.223473147,-0.052982986,0.00284564681,-0.0266521052,0.0019437857,0.255260915,0.364002943,0.0382999256,0.826815724,0.140053719,-0.0676570684,0.0556295775,0.411281317,-0.358362138,-0.0177489985,0.964536369,-0.122774117,-0.0287074763,0.0109452233
2.81892548,3179263.06,0,0,0.0183162759,4.12296504e-06,1,0.141713768,0,1,-0.50712043,-0.0085178446,0.0115359295,0.861755908,-0.0175028183,0.201879099,0.047745686,2.24207754e-44,-2.24207754e-44,-2.24207754e-44,-0.210428402,0.0149636175,-0.0474761277,0.369533539,-0.161846921,-0.025112126,-0.237410933,-0.0486212634,0.0385208577,0.473514408,-0.242531434,0.0248069502,0.0140069472,0.0591953956,-0.0109451786,0.253030151,0.314581841,0.0228949636,0.853983581,0.136763692,-0.0679624975,0.0543115251,0.327807009,-0.316075325,-0.0023875935,0.950408578,-0.129121348,-0.0330908298,0.0162033569,-0.164904222,0.165265352,-0.030661514,-0.178893447,0.125355467,-0.331786275,-0.261117846,0.132199392,-0.067963399,0.0787466615,-0.00581354368,-0.14883393,0.0297549479,0.132339686,0.0268762857,0.29747197,0.695842206,0.26177296,-0.17300725,0.0137210134,0.0955598503,0.0125350337,-0.0243963618,0.08962477,-0.0175043009,-0.015170157,0.103441313,-0.000760585128,-0.0740158409,-0.1806705,0.111459836,-0.0650510266,0.372396648,0.107452676,0.0685705394,-0.26891166,-0.119911805,0.084628731,0.395241708,-0.223473147,-0.052982986,0.00284564681,-0.0266521052,0.0019437857,0.255260915,0.364002943,0.0382999256,0.826815724,0.140053719,-0.0676570684,0.0556295775,0.411281317,-0.358362138,-0.0177489985,0.964536369,-0.122774117,-0.0287074763,0.0109452233,-0.1806705,0.111459836,-0.0650510266,0.372396648,0.107452676,0.0685705394,-0.26891166,-0.119911805,0.084628731,0.395241708,-0.223473147,-0.052982986,0.00284564681,-0.0266521052,0.0019437857,0.255260915,0.364002943,0.0382999256,0.826815724,0.140053719,-0.0676570684,0.0556295738,0.411281317,-0.358362138,-0.0177489985,0.964536369,-0.122774117,-0.0287074782,0.0109452233,-0.1806705,0.111459836,-0.0650510266,0.372396648,0.107452676,0.0685705394,-0.26891166,-0.119911805,0.084628731,0.395241708,-0.223473147,-0.052982986,0.00284564681,-0.0266521052,0.0019437857,0.255260915,0.364002943,0.0382999256,0.826815724,0.140053719,-0.0676570684,0.0556295775,0.411281317,-0.358362138,-0.0177489985,0.964536369,-0.122774117,-0.0287074763,0.0109452233
2.82992526,3179263.07,0,0,0.0093488181,4.09409404e-06,1,0.136337243,0.0229319632,1,-0.507368565,-0.00941193849,0.010891879,0.861608922,-0.0127797266,0.186938852,0.0376364887,2.24207754e-44,-2.24207754e-44,-2.24207754e-44,-0.212439865,0.0168797653,-0.0478684269,0.367878467,-0.160572022,-0.028818503,-0.240434647,-0.0470631681,0.0377475731,0.474622041,-0.242677137,0.0231049769,0.0142077086,0.0607150085,-0.0103051867,0.256191641,0.322122186,0.0259761587,0.852346778,0.136916727,-0.0665414184,0.0543913692,0.328133494,-0.315380037,-0.00252961065,0.950403929,-0.12830694,-0.0330598913,0.0154232262,-0.183435932,0.153979748,-0.0306387786,-0.112689242,0.0913083702,-0.299450368,-0.271435678,0.127507553,-0.0550100729,0.117819272,-0.0236332472,-0.14146705,0.0118623395,0.115846582,0.045210965,0.253865033,0.565411687,0.259573698,-0.125898927,0.0119814407,0.17914781,0.00198399671,0.0629039407,0.0360337384,-0.00915463269,0.0154316919,0.0455370806,0.00366758835,-0.0715107322,-0.180481702,0.122970611,-0.0736722946,0.369043052,0.0915714055,0.070261471,-0.271290243,-0.115316018,0.0810169429,0.402554572,-0.23716265,-0.0558428727,0.00481605111,-0.0431074947,-0.00947093312,0.264336675,0.34107098,0.0340484492,0.828719616,0.139814183,-0.060379304,0.0520603545,0.40116179,-0.362256795,-0.0187159274,0.962823331,-0.123845756,-0.0301637594,0.00883625261,-0.180481702,0.122970611,-0.0736722946,0.369043052,0.0915714055,0.070261471,-0.271290243,-0.115316018,0.0810169429,0.402554572,-0.23716265,-0.0558428727,0.00481605111,-0.0431074947,-0.00947093312,0.264336675,0.34107098,0.0340484492,0.828719616,0.139814183,-0.060379304,0.0520603545,0.40116179,-0.362256795,-0.0187159274,0.962823331,-0.123845756,-0.0301637612,0.00883625355,-0.180481702,0.122970611,-0.0736722946,0.369043052,0.0915714055,0.070261471,-0.271290243,-0.115316018,0.0810169429,0.402554572,-0.23716265,-0.0558428727,0.00481605111,-0.0431074947,-0.00947093312,0.264336675,0.34107098,0.0340484492,0.828719616,0.139814183,-0.060379304,0.0520603545,0.40116179,-0.362256795,-0.0187159274,0.962823331,-0.123845756,-0.0301637594,0.00883625261
2.83995592,3179263.08,0,0,0.0193794779,2.17752531e-05,1,0.136337243,0,1,-0.507495046,-0.010193971,0.0103982426,0.861531615,-0.00218836474,0.171983168,0.0213268772,2.24207754e-44,-2.24207754e-44,-2.24207754e-44,-0.214356631,0.0183482133,-0.048118446,0.366982281,-0.159800395,-0.0317416228,-0.243310481,-0.0458267517,0.0373287909,0.476099163,-0.243058845,0.021708807,0.0142836468,0.0617051385,-0.00991202239,0.258615494,0.326885521,0.0285372604,0.851267636,0.137028649,-0.0640849918,0.0543754436,0.329105854,-0.315191627,-0.00265810825,0.950802326,-0.127995014,-0.0330183804,0.0145847825,-0.183402106,0.142811835,-0.0214591622,-0.0760531798,0.069155544,-0.284178138,-0.280899495,0.121273175,-0.0349330269,0.159455121,-0.044767078,-0.136422634,0.00532012992,0.0898457617,0.0524686202,0.22598736,0.417417914,0.246115044,-0.0855655894,0.0107392818,0.264540702,-0.00304342434,0.117581837,0.0105270166,-0.0209465045,0.0539886057,0.0246746596,0.0044991998,-0.0862943903,-0.180481702,0.122970611,-0.0736722946,0.369043052,0.0915714055,0.070261471,-0.271290243,-0.115316018,0.0810169429,0.402554572,-0.23716265,-0.0558428727,0.00481605111,-0.0431074947,-0.00947093312,0.264336675,0.34107098,0.0340484492,0.828719616,0.139814183,-0.060379304,0.0520603545,0.40116179,-0.362256795,-0.0187159274,0.962823331,-0.123845756,-0.0301637594,0.00883625261,-0.180481702,0.122970611,-0.0736722946,0.369043052,0.0915714055,0.070261471,-0.271290243,-0.115316018,0.0810169429,0.402554572,-0.23716265,-0.0558428727,0.00481605111,-0.0431074947,-0.00947093312,0.264336675,0.34107098,0.0340484492,0.828719616,0.139814183,-0.060379304,0.0520603545,0.40116179,-0.362256795,-0.0187159274,0.962823331,-0.123845756,-0.0301637612,0.00883625355,-0.180481702,0.122970611,-0.0736722946,0.369043052,0.0915714055,0.070261471,-0.271290243,-0.115316018,0.0810169429,0.402554572,-0.23716265,-0.0558428727,0.00481605111,-0.0431074947,-0.00947093312,0.264336675,0.34107098,0.0340484492,0.828719616,0.139814183,-0.060379304,0.0520603545,0.40116179,-0.362256795,-0.0187159274,0.962823331,-0.123845756,-0.0301637594,0.00883625261
2.85094357,3179263.09,0,0,0.0103733069,4.84474003e-06,1,0.131036621,0.0229165852,1,-0.507569432,-0.0108458772,0.0100291651,0.86148423,0.00830700062,0.152762115,0.0113959992,2.24207754e-44,-2.24207754e-44,-2.24207754e-44,-0.216022521,0.0197071135,-0.0483003035,0.366386414,-0.159220606,-0.0343419574,-0.2459355,-0.044657819,0.0370524526,0.477772474,-0.243573204,0.0204045065,0.0143136065,0.0624756627,-0.00919819251,0.260631233,0.330137104,0.0307272747,0.850756943,0.137132332,-0.0613705143,0.0543321408,0.330573797,-0.315155506,-0.00304799899,0.951574326,-0.127802983,-0.0329720974,0.0137471221,-0.172434464,0.12784569,-0.017143622,-0.050242506,0.0483600795,-0.237772018,-0.272224873,0.111610509,-0.0217461828,0.180943877,-0.0604940802,-0.128228039,0.00165973802,0.0637145862,0.0566660278,0.198678315,0.255497992,0.206535876,-0.0397031605,0.0103963735,0.310521007,-0.00575248152,0.16609852,-5.95330966e-05,-0.0468634404,0.101507686,0.0153933559,0.00399431726,-0.0904941633,-0.187758982,0.129956931,-0.0803407207,0.36258921,0.0686548203,0.0725150853,-0.269536883,-0.115184903,0.0794830918,0.406772465,-0.254648268,-0.0571303703,0.00722387992,-0.0545023084,-0.014853619,0.274159163,0.324702173,0.0314831324,0.831439376,0.140123799,-0.0531729124,0.0502422787,0.391897649,-0.363374412,-0.0190311447,0.96155864,-0.125492707,-0.0319053307,0.00721943565,-0.187758982,0.129956931,-0.0803407207,0.36258921,0.0686548203,0.0725150853,-0.269536883,-0.115184903,0.0794830918,0.406772465,-0.254648268,-0.0571303703,0.00722387992,-0.0545023084,-0.014853619,0.274159163,0.324702173,0.0314831324,0.831439376,0.140123799,-0.0531729124,0.0502422787,0.391897649,-0.363374412,-0.0190311447,0.96155864,-0.125492707,-0.0319053307,0.00721943472,-0.187758982,0.129956931,-0.0803407207,0.36258921,0.0686548203,0.0725150853,-0.269536883,-0.115184903,0.0794830918,0.406772465,-0.254648268,-0.0571303703,0.00722387992,-0.0545023084,-0.014853619,0.274159163,0.324702173,0.0314831324,0.831439376,0.140123799,-0.0531729124,0.0502422787,0.391897649,-0.363374412,-0.0190311447,0.96155864,-0.125492707,-0.0319053307,0.00721943565
2.86192598,3179263.1,0,0,0.00132884597,4.82518226e-06,1,0.129465014,0.0246519297,1,-0.507612705,-0.0116168531,0.00968254544,0.861452639,0.0188393593,0.118931778,0.00486967852,2.24207754e-44,-2.24207754e-44,-2.24207754e-44,-0.217952877,0.0211188551,-0.0484940633,0.365897894,-0.158765674,-0.0369022824,-0.249097481,-0.0434066541,0.0368675068,0.480082542,-0.244423911,0.0189230982,0.0143078016,0.063003324,-0.00854893774,0.262917608,0.331766009,0.0326860808,0.850488603,0.13725622,-0.0572348312,0.0542441234,0.332883656,-0.315259516,-0.00367199094,0.953215957,-0.127664939,-0.0329290368,0.0126299355,-0.138922647,0.112755008,-0.0154325301,-0.0357381739,0.0330677703,-0.200184077,-0.240680888,0.100576699,-0.0125990333,0.193926558,-0.0750404745,-0.119710714,-0.00186563237,0.0315132141,0.0701216981,0.181429893,0.0643581972,0.108540729,-0.0134986853,0.0101404227,0.340313494,-0.00813439768,0.20885545,-0.0145470863,-0.0539639331,0.154938713,0.00972953159,0.00374353561,-0.0873046368,-0.198563933,0.131417096,-0.083203271,0.355186462,0.0440028906,0.0742540434,-0.266261965,-0.119043618,0.0805746168,0.407234609,-0.274725616,-0.0577052757,0.00968289468,-0.0564133674,-0.0141066862,0.282996476,0.318323761,0.0310160499,0.833276749,0.141209349,-0.0473297276,0.0510718413,0.385826141,-0.362498909,-0.0187822022,0.961022854,-0.127160162,-0.0330183953,0.00626317039,-0.198563933,0.131417096,-0.083203271,0.355186462,0.0440028906,0.0742540434,-0.266261965,-0.119043618,0.0805746168,0.407234609,-0.274725616,-0.0577052757,0.00968289468,-0.0564133674,-0.0141066862,0.282996476,0.318323761,0.0310160499,0.833276749,0.141209349,-0.0473297276,0.0510718413,0.385826141,-0.362498909,-0.0187822022,0.961022854,-0.127160162,-0.033018399,0.00626317086,-0.198563933,0.131417096,-0.083203271,0.355186462,0.0440028906,0.0742540434,-0.266261965,-0.119043618,0.0805746168,0.407234609,-0.274725616,-0.0577052757,0.00968289468,-0.0564133674,-0.0141066862,0.282996476,0.318323761,0.0310160499,0.833276749,0.141209349,-0.0473297276,0.0510718413,0.385826141,-0.362498909,-0.0187822022,0.961022854,-0.127160162,-0.0330183953,0.00626317039
2.87292537,3179263.11,0,0,0.0123282331,4.05497849e-06,1,0.129465014,0,1,-0.507636964,-0.012132288,0.0095064817,0.861433208,0.0246122219,0.110496983,0.00551224174,2.24207754e-44,-2.24207754e-44,-2.24207754e-44,-0.219213501,0.0221801717,-0.0486628637,0.365590155,-0.158503562,-0.0386301503,-0.251333117,-0.0424478874,0.0367513597,0.481982857,-0.245204344,0.0177721828,0.0142625375,0.0631895512,-0.00786967482,0.264728904,0.331525445,0.0332810171,0.850401282,0.137365282,-0.0538908839,0.0541586801,0.335190892,-0.315486103,-0.00417878805,0.954954207,-0.127591252,-0.0328910276,0.0118285073,-0.129373834,0.0998520628,-0.0191410035,-0.0283919405,0.0201140512,-0.147988349,-0.22442849,0.0914486796,-0.0113507677,0.188034341,-0.0811219886,-0.111918658,-0.00635832036,0.0106002241,0.0483484417,0.187900081,-0.0892962366,0.0374218598,-0.00697247311,0.0120388307,0.352212042,-0.00798240211,0.246635258,-0.0286001619,-0.0469206907,0.189415157,0.00508252112,0.00350567722,-0.0804910064,-0.198563933,0.131417096,-0.083203271,0.355186462,0.0440028906,0.0742540434,-0.266261965,-0.119043618,0.0805746168,0.407234609,-0.274725616,-0.0577052757,0.00968289468,-0.0564133674,-0.0141066862,0.282996476,0.318323761,0.0310160499,0.833276749,0.141209349,-0.0473297276,0.0510718413,0.385826141,-0.362498909,-0.0187822022,0.961022854,-0.127160162,-0.0330183953,0.00626317039,-0.198563933,0.131417096,-0.083203271,0.355186462,0.0440028906,0.0742540434,-0.266261965,-0.119043618,0.0805746168,0.407234609,-0.274725616,-0.0577052757,0.00968289468,-0.0564133674,-0.0141066862,0.282996476,0.318323761,0.0310160499,0.833276749,0.141209349,-0.0473297276,0.0510718413,0.385826141,-0.362498909,-0.0187822022,0.961022854,-0.127160162,-0.033018399,0.00626317086,-0.198563933,0.131417096,-0.083203271,0.355186462,0.0440028906,0.0742540434,-0.266261965,-0.119043618,0.0805746168,0.407234609,-0.274725616,-0.0577052757,0.00968289468,-0.0564133674,-0.0141066862,0.282996476,0.318323761,0.0310160499,0.833276749,0.141209349,-0.0473297276,0.0510718413,0.385826141,-0.362498909,-0.0187822022,0.961022854,-0.127160162,-0.0330183953,0.00626317039
2.8829268,3179263.12,0,0,0.00234355498,4.30829823e-06,1,0.11715712,0.0206791013,1,-0.507672131,-0.0125979185,0.00937817618,0.861407161,0.0247642063,0.0778264031,0.00897018891,2.24207754e-44,-2.24207754e-44,-2.24207754e-44,-0.220303774,0.0231332425,-0.0488875471,0.365308762,-0.158340052,-0.039902512,-0.253304869,-0.0415670574,0.0366197526,0.483741432,-0.246003896,0.016690826,0.0141384806,0.0632252544,-0.00733254384,0.266644716,0.329633296,0.0334935151,0.850352764,0.137494013,-0.0505124293,0.0540824868,0.337794513,-0.315862447,-0.00460251793,0.95695442,-0.12755917,-0.0328531675,0.0111011723,-0.0910708234,0.0933858454,-0.0245330706,-0.0282252878,0.0150069511,-0.115968235,-0.1738341,0.0866117552,-0.0148863159,0.165982202,-0.077793628,-0.106027909,-0.0167510249,-0.000378662749,0.0636134073,0.192529455,-0.254725307,0.0136639997,-0.00352319679,0.0131922495,0.315370589,-0.00757495128,0.267972887,-0.0432823412,-0.0397129692,0.203111097,0.00235874485,0.00414189557,-0.0651334375,-0.208216637,0.12743631,-0.0819651261,0.348766088,0.0233237892,0.0744531378,-0.263502628,-0.125453562,0.0838094503,0.404751182,-0.294880867,-0.0586213171,0.0116324173,-0.0480477884,-0.0091983825,0.289681971,0.322150886,0.0327800289,0.833530247,0.142572969,-0.0425910018,0.054376673,0.383777469,-0.360571325,-0.0180486143,0.960718811,-0.128253028,-0.0333915502,0.00574861281,-0.208216637,0.12743631,-0.0819651261,0.348766088,0.0233237892,0.0744531378,-0.263502628,-0.125453562,0.0838094503,0.404751182,-0.294880867,-0.0586213171,0.0116324173,-0.0480477884,-0.0091983825,0.289681971,0.322150886,0.0327800289,0.833530247,0.142572969,-0.0425910018,0.0543766767,0.383777469,-0.360571325,-0.0180486143,0.960718811,-0.128253028,-0.0333915502,0.00574861281,-0.208216637,0.12743631,-0.0819651261,0.348766088,0.0233237892,0.0744531378,-0.263502628,-0.125453562,0.0838094503,0.404751182,-0.294880867,-0.0586213171,0.0116324173,-0.0480477884,-0.0091983825,0.289681971,0.322150886,0.0327800289,0.833530247,0.142572969,-0.0425910018,0.054376673,0.383777469,-0.360571325,-0.0180486143,0.960718811,-0.128253028,-0.0333915502,0.00574861281
2.89392515,3179263.13,0,0,0.0133419018,3.91900539e-06,1,0.11715712,0,1,-0.507712901,-0.0129513936,0.00933835283,0.861378372,0.0343651995,0.0640120208,0.00784479547,2.24207754e-44,-2.24207754e-44,-2.24207754e-44,-0.221034631,0.0239950214,-0.0490976758,0.36499393,-0.158198759,-0.0407140702,-0.254824072,-0.0407635234,0.0364829078,0.485286802,-0.246771231,0.0156640131,0.0139656952,0.0631064177,-0.00670589134,0.268614203,0.326188296,0.0335684493,0.850324452,0.13763839,-0.0475876629,0.0540268123,0.340637982,-0.316342026,-0.00494766375,0.9589746,-0.127550513,-0.0328062847,0.0105353026,-0.0656151175,0.0788995847,-0.0169487726,-0.0392748117,0.0140628042,-0.0556209721,-0.146461979,0.0739719942,-0.0103877326,0.149679825,-0.0783993676,-0.10003145,-0.0135455132,-0.0219367519,0.0508445725,0.202626914,-0.400399715,0.0043991413,-0.00311788823,0.0159514416,0.297092587,-0.00277796458,0.298977017,-0.0495946929,-0.0299327634,0.200475425,-0.000580887019,0.00493828347,-0.0548458025,-0.208216637,0.12743631,-0.0819651261,0.348766088,0.0233237892,0.0744531378,-0.263502628,-0.125453562,0.0838094503,0.404751182,-0.294880867,-0.0586213171,0.0116324173,-0.0480477884,-0.0091983825,0.289681971,0.322150886,0.0327800289,0.833530247,0.142572969,-0.0425910018,0.054376673,0.383777469,-0.360571325,-0.0180486143,0.960718811,-0.128253028,-0.0333915502,0.00574861281,-0.208216637,0.12743631,-0.0819651261,0.348766088,0.0233237892,0.0744531378,-0.263502628,-0.125453562,0.0838094503,0.404751182,-0.294880867,-0.0586213171,0.0116324173,-0.0480477884,-0.0091983825,0.289681971,0.322150886,0.0327800289,0.833530247,0.142572969,-0.0425910018,0.0543766767,0.383777469,-0.360571325,-0.0180486143,0.960718811,-0.128253028,-0.0333915502,0.00574861281,-0.208216637,0.12743631,-0.0819651261,0.348766088,0.0233237892,0.0744531378,-0.263502628,-0.125453562,0.0838094503,0.404751182,-0.294880867,-0.0586213171,0.0116324173,-0.0480477884,-0.0091983825,0.289681971,0.322150886,0.0327800289,0.833530247,0.142572969,-0.0425910018,0.054376673,0.383777469,-0.360571325,-0.0180486143,0.960718811,-0.128253028,-0.0333915502,0.00574861281
2.90392588,3179263.14,0,0,0.00333142607,4.0801242e-06,1,0.126774888,0.0180702507,1,-0.507750154,-0.0133134099,0.0093868291,0.861350358,0.0377796292,0.0360250734,0.00743355509,2.24207754e-44,-2.24207754e-44,-2.24207754e-44,-0.221512392,0.0248772949,-0.0492716208,0.364388734,-0.158005849,-0.0411210582,-0.256259233,-0.0399337634,0.036378663,0.486916095,-0.247677624,0.0144890035,0.0138234384,0.0627213717,-0.00606591487,0.271113396,0.320326716,0.0335793346,0.850294054,0.137843251,-0.0443496779,0.0540196709,0.344401181,-0.316969067,-0.00523883291,0.961256504,-0.127572641,-0.0327393338,0.00998060405,-0.0227058958,0.0720105767,-0.0144035518,-0.0556015037,0.017556468,-0.0239561033,-0.0996930599,0.0678845868,-0.00883582793,0.125011623,-0.071830295,-0.097228542,-0.0121038044,-0.0373112634,0.0567471609,0.211995095,-0.547039747,-0.00123527087,-0.00185183238,0.0174442548,0.238421008,0.000144937672,0.321376711,-0.0539009571,-0.0209928825,0.181010574,-0.00239315187,0.00607033726,-0.0383820683,-0.214878201,0.119652629,-0.0779525638,0.34394601,0.00970284641,0.0731929764,-0.261354417,-0.133354336,0.088486135,0.400038302,-0.312951118,-0.0601616614,0.0129161589,-0.0306513458,-0.00230599381,0.293942451,0.334168464,0.0364943892,0.832044363,0.143832237,-0.0390430465,0.0595457517,0.38552618,-0.358594418,-0.016941214,0.959753573,-0.128415808,-0.0326280594,0.00543788262,-0.214878201,0.119652629,-0.0779525638,0.34394601,0.00970284641,0.0731929764,-0.261354417,-0.133354336,0.088486135,0.400038302,-0.312951118,-0.0601616614,0.0129161589,-0.0306513458,-0.00230599381,0.293942451,0.334168464,0.0364943892,0.832044363,0.143832237,-0.0390430465,0.0595457479,0.38552618,-0.358594418,-0.016941214,0.959753573,-0.128415808,-0.0326280594,0.00543788215,-0.214878201,0.119652629,-0.0779525638,0.34394601,0.00970284641,0.0731929764,-0.261354417,-0.133354336,0.088486135,0.400038302,-0.312951118,-0.0601616614,0.0129161589,-0.0306513458,-0.00230599381,0.293942451,0.334168464,0.0364943892,0.832044363,0.143832237,-0.0390430465,0.0595457517,0.38552618,-0.358594418,-0.016941214,0.959753573,-0.128415808,-0.0326280594,0.00543788262
2.91492537,3179263.16,0,0,0.0143309208,4.20678407e-06,1,0.126774888,0,1,-0.507782638,-0.0135565232,0.0094738584,0.861326456,0.0412273668,0.0333634913,0.00821868796,2.24207754e-44,-2.24207754e-44,-2.24207754e-44,-0.221629262,0.0255592428,-0.0494067967,0.363710344,-0.157789856,-0.041274786,-0.257135838,-0.0392921604,0.0362996347,0.488033414,-0.248369589,0.0135334227,0.0137317926,0.0622960255,-0.00560741965,0.273302108,0.314341724,0.0335430801,0.850268662,0.138098866,-0.0420931503,0.0542748794,0.347799987,-0.317513704,-0.00539546506,0.96279639,-0.127600983,-0.0326071084,0.00963630993,-0.00609601568,0.0651670024,-0.0125754662,-0.0772369653,0.0250714216,-0.0100094434,-0.0818967596,0.0610811897,-0.00714693451,0.102878526,-0.0675569847,-0.0942551494,-0.0065194387,-0.0454073921,0.036447987,0.223565713,-0.626528978,-0.00515809329,-0.00316170044,0.0314563513,0.223152086,0.0456609055,0.353653282,-0.0543344766,-0.012268899,0.132462204,-0.00308624539,0.0194581188,-0.033048071,-0.214878201,0.119652629,-0.0779525638,0.34394601,0.00970284641,0.0731929764,-0.261354417,-0.133354336,0.088486135,0.400038302,-0.312951118,-0.0601616614,0.0129161589,-0.0306513458,-0.00230599381,0.293942451,0.334168464,0.0364943892,0.832044363,0.143832237,-0.0390430465,0.0595457517,0.38552618,-0.358594418,-0.016941214,0.959753573,-0.128415808,-0.0326280594,0.00543788262,-0.214878201,0.119652629,-0.0779525638,0.34394601,0.00970284641,0.0731929764,-0.261354417,-0.133354336,0.088486135,0.400038302,-0.312951118,-0.0601616614,0.0129161589,-0.0306513458,-0.00230599381,0.293942451,0.334168464,0.0364943892,0.832044363,0.143832237,-0.0390430465,0.0595457479,0.38552618,-0.358594418,-0.016941214,0.959753573,-0.128415808,-0.0326280594,0.00543788215,-0.214878201,0.119652629,-0.0779525638,0.34394601,0.00970284641,0.0731929764,-0.261354417,-0.133354336,0.088486135,0.400038302,-0.312951118,-0.0601616614,0.0129161589,-0.0306513458,-0.00230599381,0.293942451,0.334168464,0.0364943892,0.832044363,0.143832237,-0.0390430465,0.0595457517,0.38552618,-0.358594418,-0.016941214,0.959753573,-0.128415808,-0.0326280594,0.00543788262
2.92492689,3179263.17,0,0,0.00432911515,4.73111868e-06,1,0.128534157,0.0226045623,1,-0.507822335,-0.0137889991,0.00957195833,0.861298263,0.0393240862,0.026031753,0.0103764748,2.24207754e-44,-2.24207754e-44,-2.24207754e-44,-0.221625701,0.0262013543,-0.049538061,0.362889498,-0.157505214,-0.0413209014,-0.257852584,-0.0386908315,0.036218293,0.488950491,-0.248995826,0.0125919599,0.0136832399,0.0618253313,-0.00530267321,0.275576621,0.307786912,0.0333654098,0.850238383,0.138403177,-0.0400965884,0.0547955148,0.351427138,-0.318043947,-0.00549445394,0.963903904,-0.127633318,-0.0323809087,0.00935429707,0.00588277495,0.064375475,-0.0138997072,-0.0836386755,0.0302460808,-0.00159871846,-0.0631417483,0.0603482984,-0.00912420824,0.0848195925,-0.0589913204,-0.0943893939,-0.00417514285,-0.047850363,0.0302733481,0.228566647,-0.669825375,-0.0311556812,-0.00273549277,0.0276364032,0.179342985,0.0508979522,0.364872932,-0.0516234115,-0.008842621,0.0993674919,-0.00328560313,0.0234047566,-0.0244152378,-0.217641026,0.109743819,-0.0725175366,0.341549397,0.00568127632,0.0709913895,-0.259337574,-0.141672358,0.0937809646,0.394857883,-0.325850368,-0.061968457,0.0137394806,-0.00804678351,0.00423632376,0.295956969,0.35156709,0.0410083421,0.829063296,0.144743577,-0.0370782316,0.0654663444,0.390325785,-0.356772959,-0.0155498479,0.958091497,-0.127841145,-0.0306734387,0.00501816347,-0.217641026,0.109743819,-0.0725175366,0.341549397,0.00568127632,0.0709913895,-0.259337574,-0.141672358,0.0937809646,0.394857883,-0.325850368,-0.061968457,0.0137394806,-0.00804678351,0.00423632376,0.295956969,0.35156709,0.0410083421,0.829063296,0.144743577,-0.0370782316,0.0654663444,0.390325785,-0.356772959,-0.0155498479,0.958091497,-0.127841145,-0.0306734405,0.00501816394,-0.217641026,0.109743819,-0.0725175366,0.341549397,0.00568127632,0.0709913895,-0.259337574,-0.141672358,0.0937809646,0.394857883,-0.325850368,-0.061968457,0.0137394806,-0.00804678351,0.00423632376,0.295956969,0.35156709,0.0410083421,0.829063296,0.144743577,-0.0370782316,0.0654663444,0.390325785,-0.356772959,-0.0155498479,0.958091497,-0.127841145,-0.0306734387,0.00501816347
2.9359253,3179263.18,0,0,0.015327523,4.16021794e-06,1,0.128534157,0,1,-0.507883728,-0.0139521472,0.00978123397,0.861257076,0.0453582071,-0.00198466028,0.0141187627,2.24207754e-44,-2.24207754e-44,-2.24207754e-44,-0.221136376,0.0268849097,-0.0496671833,0.361582041,-0.15698123,-0.0412655883,-0.258227468,-0.0380636528,0.0361267477,0.489774764,-0.249670565,0.0114836516,0.013660104,0.0612401552,-0.00472268555,0.27827996,0.299919158,0.032382112,0.850183845,0.138899669,-0.0380542055,0.0564770959,0.355946898,-0.318607509,-0.00558311725,0.964513779,-0.127659053,-0.0316767767,0.00900809094,0.0558191426,0.0534287319,-0.00969993137,-0.121547043,0.051202964,0.0086271232,-0.0170579236,0.0484033115,-0.00752156228,0.0596754625,-0.0531808995,-0.0916696042,-0.000977636548,-0.0482494906,0.0522531494,0.224917084,-0.64235419,-0.112245992,-0.00510576973,0.0454449579,0.156625912,0.175877929,0.381051183,-0.0438024066,-0.00673143426,0.0292040501,-0.00162455812,0.0726789609,-0.0294723623,-0.217641026,0.109743819,-0.0725175366,0.341549397,0.00568127632,0.0709913895,-0.259337574,-0.141672358,0.0937809646,0.394857883,-0.325850368,-0.061968457,0.0137394806,-0.00804678351,0.00423632376,0.295956969,0.35156709,0.0410083421,0.829063296,0.144743577,-0.0370782316,0.0654663444,0.390325785,-0.356772959,-0.0155498479,0.958091497,-0.127841145,-0.0306734387,0.00501816347,-0.217641026,0.109743819,-0.0725175366,0.341549397,0.00568127632,0.0709913895,-0.259337574,-0.141672358,0.0937809646,0.394857883,-0.325850368,-0.061968457,0.0137394806,-0.00804678351,0.00423632376,0.295956969,0.35156709,0.0410083421,0.829063296,0.144743577,-0.0370782316,0.0654663444,0.390325785,-0.356772959,-0.0155498479,0.958091497,-0.127841145,-0.0306734405,0.00501816394,-0.217641026,0.109743819,-0.0725175366,0.341549397,0.00568127632,0.0709913895,-0.259337574,-0.141672358,0.0937809646,0.394857883,-0.325850368,-0.061968457,0.0137394806,-0.00804678351,0.00423632376,0.295956969,0.35156709,0.0410083421,0.829063296,0.144743577,-0.0370782316,0.0654663444,0.390325785,-0.356772959,-0.0155498479,0.958091497,-0.127841145,-0.0306734387,0.00501816347
2.94692535,3179263.19,0,0,0.00632869126,4.15788963e-06,1,0.129288062,0.0224253871,1,-0.50794822,-0.0140416175,0.00998442806,0.861215293,0.0425508991,-0.00637745392,0.0165837817,2.24207754e-44,-2.24207754e-44,-2.24207754e-44,-0.22053887,0.0274147186,-0.0497678854,0.360349953,-0.156438783,-0.0411347598,-0.258327663,-0.0375849754,0.0360388272,0.490304083,-0.250155598,0.0105694467,0.013653107,0.0607883111,-0.00422644429,0.280521065,0.293721944,0.0310675111,0.85013473,0.139293879,-0.0367721356,0.0580746047,0.359724194,-0.319009274,-0.00564709259,0.964701355,-0.127672553,-0.0309725963,0.00875748415,0.0603195168,0.0534077212,-0.0104866503,-0.121784858,0.0550721474,0.0159567371,-0.00684410613,0.0483116768,-0.00972465612,0.0495655835,-0.0454183258,-0.0913385376,-0.000629656191,-0.0428939909,0.0476357266,0.222853318,-0.602787673,-0.140839309,-0.00468659354,0.0341788493,0.108281687,0.140632004,0.373108149,-0.0376133919,-0.00624411413,0.0142655252,-0.00122404099,0.0662694424,-0.0214890614,-0.218430579,0.0997097865,-0.0670571923,0.340413302,0.00784295797,0.0679456368,-0.257829279,-0.148868248,0.0986476988,0.389244884,-0.336708367,-0.0626163706,0.0146252029,0.0143786045,0.00884732604,0.296663225,0.369526654,0.0451108254,0.825670421,0.145471871,-0.0363103971,0.0706088692,0.396662086,-0.355405837,-0.0142464647,0.95604378,-0.127365321,-0.0279609058,0.0047400184,-0.218430579,0.0997097865,-0.0670571923,0.340413302,0.00784295797,0.0679456368,-0.257829279,-0.148868248,0.0986476988,0.389244884,-0.336708367,-0.0626163706,0.0146252029,0.0143786035,0.00884732604,0.296663225,0.369526654,0.0451108254,0.825670421,0.145471871,-0.0363103971,0.0706088617,0.396662086,-0.355405837,-0.0142464647,0.95604378,-0.127365321,-0.0279609058,0.00474001793,-0.218430579,0.0997097865,-0.0670571923,0.340413302,0.00784295797,0.0679456368,-0.257829279,-0.148868248,0.0986476988,0.389244884,-0.336708367,-0.0626163706,0.0146252029,0.0143786045,0.00884732604,0.296663225,0.369526654,0.0451108254,0.825670421,0.145471871,-0.0363103971,0.0706088692,0.396662086,-0.355405837,-0.0142464647,0.95604378,-0.127365321,-0.0279609058,0.0047400184
2.9579265,3179263.2,0,0,0.0173298423,4.44334e-06,1,0.129288062,0,1,-0.508041203,-0.0141452905,0.0102493698,0.861155629,0.0481145345,-0.00750173954,0.0209665745,2.24207754e-44,-2.24207754e-44,-2.24207754e-44,-0.219710425,0.0279613435,-0.0498577021,0.358683109,-0.15561986,-0.0408162884,-0.258335978,-0.0371023305,0.0359425247,0.490790516,-0.250665486,0.00953580253,0.0136866039,0.0603164248,-0.00371910562,0.283130705,0.287258238,0.0289948825,0.850057423,0.139789313,-0.0356901512,0.0602985881,0.364178568,-0.319395095,-0.00571229355,0.964790106,-0.127674371,-0.0298464354,0.00847139582,0.0710808635,0.0410726704,-0.00661970442,-0.144020557,0.0732524842,0.0399416424,0.00216081552,0.0359997116,-0.00805308297,0.0355955176,-0.0396957099,-0.0835111737,0.00356551236,-0.0352044106,0.0392185338,0.212334856,-0.493097812,-0.183093339,-0.00711510703,0.0418306477,0.0753090382,0.192561269,0.366459578,-0.0287611019,-0.00507243676,0.00473342603,0.000321996136,0.103902474,-0.0232658144,-0.218430579,0.0997097865,-0.0670571923,0.340413302,0.00784295797,0.0679456368,-0.257829279,-0.148868248,0.0986476988,0.389244884,-0.336708367,-0.0626163706,0.0146252029,0.0143786045,0.00884732604,0.296663225,0.369526654,0.0451108254,0.825670421,0.145471871,-0.0363103971,0.0706088692,0.396662086,-0.355405837,-0.0142464647,0.95604378,-0.127365321,-0.0279609058,0.0047400184,-0.218430579,0.0997097865,-0.0670571923,0.340413302,0.00784295797,0.0679456368,-0.257829279,-0.148868248,0.0986476988,0.389244884,-0.336708367,-0.0626163706,0.0146252029,0.0143786035,0.00884732604,0.296663225,0.369526654,0.0451108254,0.825670421,0.145471871,-0.0363103971,0.0706088617,0.396662086,-0.355405837,-0.0142464647,0.95604378,-0.127365321,-0.0279609058,0.00474001793,-0.218430579,0.0997097865,-0.0670571923,0.340413302,0.00784295797,0.0679456368,-0.257829279,-0.148868248,0.0986476988,0.389244884,-0.336708367,-0.0626163706,0.0146252029,0.0143786045,0.00884732604,0.296663225,0.369526654,0.0451108254,0.825670421,0.145471871,-0.0363103971,0.0706088692,0.396662086,-0.355405837,-0.0142464647,0.95604378,-0.127365321,-0.0279609058,0.0047400184
2.9689262,3179263.21,0,0,0.00833391026,4.44520265e-06,1,0.124958809,0.0167990848,1,-0.508134425,-0.014216993,0.0104839308,0.861096621,0.0472861715,-0.0197251774,0.0225616116,2.24207754e-44,-2.24207754e-44,-2.24207754e-44,-0.218968943,0.0283465497,-0.0499178804,0.357238263,-0.154858127,-0.0402992405,-0.25825128,-0.0367653593,0.0358588509,0.491087526,-0.251020014,0.00873031747,0.01375781,0.0600476079,-0.00330402935,0.285139173,0.282915264,0.0271851681,0.849954247,0.14016819,-0.0351027623,0.0620496646,0.36776197,-0.319648534,-0.00576003781,0.964821637,-0.127668947,-0.0287821237,0.00826365408,0.0864221901,0.0373468511,-0.00443603611,-0.151418015,0.0822030082,0.0492590927,0.0212844796,0.0320029631,-0.00741457846,0.0221760496,-0.0322799645,-0.0767939612,0.0153564978,-0.0196055714,0.050610289,0.188788831,-0.387625188,-0.185903236,-0.0173705388,0.0378614403,0.0519708619,0.176399291,0.356645167,-0.0229584388,-0.00443669362,0.00108670047,0.000624884851,0.116735332,-0.0211387817,-0.217221767,0.091448456,-0.0625440106,0.340836734,0.0151702911,0.0644266009,-0.256535232,-0.153443992,0.102188691,0.384902596,-0.344187558,-0.0619247742,0.0154087981,0.0311776884,0.0105425715,0.296889901,0.383568764,0.0477933586,0.822794557,0.145897508,-0.0361775607,0.0737336129,0.403142393,-0.354567111,-0.0131480116,0.954111993,-0.127424538,-0.0254108142,0.00459070969,-0.217221767,0.091448456,-0.0625440106,0.340836734,0.0151702911,0.0644266009,-0.256535232,-0.153443992,0.102188691,0.384902596,-0.344187558,-0.0619247742,0.0154087981,0.0311776884,0.0105425715,0.296889901,0.383568764,0.0477933586,0.822794557,0.145897508,-0.0361775607,0.0737336129,0.403142393,-0.354567111,-0.0131480116,0.954111993,-0.127424538,-0.0254108142,0.00459070969,-0.217221767,0.091448456,-0.0625440106,0.340836734,0.0151702911,0.0644266009,-0.256535232,-0.153443992,0.102188691,0.384902596,-0.344187558,-0.0619247742,0.0154087981,0.0311776884,0.0105425715,0.296889901,0.383568764,0.0477933586,0.822794557,0.145897508,-0.0361775607,0.0737336129,0.403142393,-0.354567111,-0.0131480116,0.954111993,-0.127424538,-0.0254108142,0.00459070969
2.97992519,3179263.22,0,0,0.019332903,4.15882096e-06,1,0.124958809,0,1,-0.508256555,-0.0142322946,0.0108115347,0.861020207,0.0494050011,-0.0241482407,0.0272548329,2.24207754e-44,-2.24207754e-44,-2.24207754e-44,-0.217850491,0.0287333708,-0.0499544777,0.355373204,-0.153809354,-0.039547585,-0.257887602,-0.0364409164,0.0357737988,0.491274238,-0.251363993,0.00786840357,0.0140631087,0.0599349402,-0.00266569038,0.287195832,0.279315054,0.0250685103,0.849588394,0.140589267,-0.0346336737,0.0640169531,0.372001469,-0.319865137,-0.00580731593,0.964816332,-0.127661347,-0.0272744652,0.00803610589,0.089777112,0.0273388457,-0.00280443556,-0.152865529,0.0879077911,0.0803451836,0.0290622506,0.0228295866,-0.00750155514,0.015469186,-0.0274248514,-0.0694308132,0.0281785317,-0.00438791141,0.0491406471,0.161633179,-0.238183156,-0.158758119,-0.0380141996,0.030926317,0.0280715637,0.143983647,0.34771806,-0.0140886409,-0.00365778571,-0.000588989002,0.000612037315,0.123895071,-0.0155624487,-0.217221767,0.091448456,-0.0625440106,0.340836734,0.0151702911,0.0644266009,-0.256535232,-0.153443992,0.102188691,0.384902596,-0.344187558,-0.0619247742,0.0154087981,0.0311776884,0.0105425715,0.296889901,0.383568764,0.0477933586,0.822794557,0.145897508,-0.0361775607,0.0737336129,0.403142393,-0.354567111,-0.0131480116,0.954111993,-0.127424538,-0.0254108142,0.00459070969,-0.217221767,0.091448456,-0.0625440106,0.340836734,0.0151702911,0.0644266009,-0.256535232,-0.153443992,0.102188691,0.384902596,-0.344187558,-0.0619247742,0.0154087981,0.0311776884,0.0105425715,0.296889901,0.383568764,0.0477933586,0.822794557,0.145897508,-0.0361775607,0.0737336129,0.403142393,-0.354567111,-0.0131480116,0.954111993,-0.127424538,-0.0254108142,0.00459070969,-0.217221767,0.091448456,-0.0625440106,0.340836734,0.0151702911,0.0644266009,-0.256535232,-0.153443992,0.102188691,0.384902596,-0.344187558,-0.0619247742,0.0154087981,0.0311776884,0.0105425715,0.296889901,0.383568764,0.0477933586,0.822794557,0.145897508,-0.0361775607,0.0737336129,0.403142393,-0.354567111,-0.0131480116,0.954111993,-0.127424538,-0.0254108142,0.00459070969
2.98992521,3179263.23,0,0,0.0093409,4.1006133e-06,1,0.117195304,0.0076584518,1,-0.508379459,-0.0142542208,0.0110865068,0.860943794,0.0485945493,-0.0266158208,0.0299284235,2.24207754e-44,-2.24207754e-44,-2.24207754e-44,-0.216997638,0.0289731026,-0.0499837808,0.353893906,-0.152931064,-0.0386593416,-0.257617235,-0.0362432078,0.0356915593,0.491446257,-0.251628578,0.00719782105,0.0143573256,0.0599621199,-0.00220188452,0.28868255,0.277676702,0.0237650517,0.849131227,0.140870094,-0.0344376601,0.0651759803,0.375367612,-0.319964916,-0.00584089197,0.964809358,-0.127657875,-0.0261204466,0.00789812393,0.088953346,0.023768371,-0.00221928838,-0.15047051,0.0917874053,0.0776268393,0.0305825453,0.0188077446,-0.00786349922,0.0156562179,-0.0254579093,-0.0643830672,0.0351463258,0.00943900365,0.0479040593,0.137577936,-0.110882081,-0.117654555,-0.0540037006,0.0308976471,0.0176701061,0.102773577,0.332819432,-0.00769202039,-0.00306382612,-0.0018379112,-0.000179347073,0.115377851,-0.0154311378,-0.215141058,0.0863130689,-0.0597429015,0.34161368,0.0228287429,0.0609579384,-0.256703228,-0.154678762,0.103506833,0.381910503,-0.351031721,-0.0609679818,0.0160626285,0.0382707156,0.0106195025,0.297484577,0.390331566,0.0485892594,0.821135044,0.146559745,-0.0359434448,0.0747401267,0.408390254,-0.354351521,-0.0125569338,0.952322721,-0.127982914,-0.023664074,0.00420906208,-0.215141058,0.0863130689,-0.0597429015,0.34161368,0.0228287429,0.0609579384,-0.256703228,-0.154678762,0.103506833,0.381910503,-0.351031721,-0.0609679818,0.0160626285,0.0382707156,0.0106195025,0.297484577,0.390331566,0.0485892594,0.821135044,0.146559745,-0.0359434448,0.0747401193,0.408390254,-0.354351521,-0.0125569338,0.952322721,-0.127982914,-0.0236640722,0.00420906255,-0.215141058,0.0863130689,-0.0597429015,0.34161368,0.0228287429,0.0609579384,-0.256703228,-0.154678762,0.103506833,0.381910503,-0.351031721,-0.0609679818,0.0160626285,0.0382707156,0.0106195025,0.297484577,0.390331566,0.0485892594,0.821135044,0.146559745,-0.0359434448,0.0747401267,0.408390254,-0.354351521,-0.0125569338,0.952322721,-0.127982914,-0.023664074,0.00420906208
2.99992526,3179263.24,0,0,0.0193409543,4.15695831e-06,1,0.117195304,0,1,-0.508509576,-0.0142458975,0.0113544054,0.860863626,0.0425078794,-0.0272473358,0.0328703001,2.24207754e-44,-2.24207754e-44,-2.24207754e-44,-0.216120079,0.0292139743,-0.0500077046,0.352425009,-0.152008712,-0.0379607677,-0.257278025,-0.0360594764,0.0356033444,0.491557568,-0.251850307,0.00659422996,0.0147534721,0.0602094717,-0.00173773535,0.289905339,0.277161837,0.0230245367,0.848491609,0.141200647,-0.0342925563,0.0660664737,0.378616214,-0.320046693,-0.00586861465,0.964781463,-0.127665907,-0.0250004213,0.00773613248,0.0825774297,0.0237204004,-0.00298332819,-0.140115663,0.0896367729,0.0723061562,0.0335482806,0.0179443583,-0.00997748785,0.00897710584,-0.0199451018,-0.0579805821,0.0398135968,0.0355768204,0.0432684347,0.113008365,-0.0151514411,-0.046513699,-0.0681419149,0.0316803083,0.0121387038,0.0808258131,0.317370504,-0.00957341865,-0.00262606237,-0.0029523233,-0.00108322117,0.106330216,-0.0152359493,-0.215141058,0.0863130689,-0.0597429015,0.34161368,0.0228287429,0.0609579384,-0.256703228,-0.154678762,0.103506833,0.381910503,-0.351031721,-0.0609679818,0.0160626285,0.0382707156,0.0106195025,0.297484577,0.390331566,0.0485892594,0.821135044,0.146559745,-0.0359434448,0.0747401267,0.408390254,-0.354351521,-0.0125569338,0.952322721,-0.127982914,-0.023664074,0.00420906208,-0.215141058,0.0863130689,-0.0597429015,0.34161368,0.0228287429,0.0609579384,-0.256703228,-0.154678762,0.103506833,0.381910503,-0.351031721,-0.0609679818,0.0160626285,0.0382707156,0.0106195025,0.297484577,0.390331566,0.0485892594,0.821135044,0.146559745,-0.0359434448,0.0747401193,0.408390254,-0.354351521,-0.0125569338,0.952322721,-0.127982914,-0.0236640722,0.00420906255,-0.215141058,0.0863130689,-0.0597429015,0.34161368,0.0228287429,0.0609579384,-0.256703228,-0.154678762,0.103506833,0.381910503,-0.351031721,-0.0609679818,0.0160626285,0.0382707156,0.0106195025,0.297484577,0.390331566,0.0485892594,0.821135044,0.146559745,-0.0359434448,0.0747401267,0.408390254,-0.354351521,-0.0125569338,0.952322721,-0.127982914,-0.023664074,0.00420906208
3.00992577,3179263.25,2,0,0.0093420553,4.47500497e-06,1,0.117768068,0.00673300028,1,-0.508653343,-0.0142350597,0.0115912771,0.860775709,0.0380098969,-0.0246592537,0.0345848352,2.24207754e-44,-2.24207754e-44,-2.24207754e-44,-0.215363547,0.0294456184,-0.0500420518,0.351097047,-0.1511316,-0.0373113602,-0.256974369,-0.0358912423,0.0354930907,0.491655678,-0.252039492,0.00604285486,0.0151414853,0.0607113577,-0.00135964842,0.29090482,0.277590424,0.0227630381,0.847767532,0.141547278,-0.034139581,0.0666819364,0.381659538,-0.320162386,-0.00589349912,0.964747846,-0.127684534,-0.0240554456,0.00756140519,0.0743080899,0.0231486615,-0.00316834426,-0.13299194,0.0895969123,0.0488091856,0.0283043161,0.0158634037,-0.0109530492,0.0116386972,-0.0194014683,-0.0533213951,0.039401751,0.0588741042,0.0341493748,0.0917904153,0.081672743,-0.0168600678,-0.0765231177,0.0430365875,0.0213317405,0.0430957675,0.297121018,-0.0124718612,-0.00240992312,-0.00407593697,-0.00272465171,0.0874347985,-0.0228109695,-0.211893111,0.0846208781,-0.0588196032,0.342111766,0.0284839869,0.0584980436,-0.25889653,-0.152665362,0.10233739,0.380626887,-0.357764721,-0.0605078898,0.0162321925,0.0355130471,0.0100751817,0.298847973,0.388656616,0.0478567705,0.820882976,0.147622526,-0.0350640863,0.0736995339,0.412068367,-0.354729176,-0.0126552312,0.9511168,-0.128717571,-0.0230689142,0.00354000553,-0.211893111,0.0846208781,-0.0588196032,0.342111766,0.0284839869,0.0584980436,-0.25889653,-0.152665362,0.10233739,0.380626887,-0.357764721,-0.0605078898,0.0162321925,0.0355130471,0.0100751817,0.298847973,0.388656616,0.0478567705,0.820882976,0.147622526,-0.0350640863,0.0736995265,0.412068367,-0.354729176,-0.0126552312,0.9511168,-0.128717571,-0.0230689123,0.003540006,-0.211893111,0.0846208781,-0.0588196032,0.342111766,0.0284839869,0.0584980436,-0.25889653,-0.152665362,0.10233739,0.380626887,-0.357764721,-0.0605078898,0.0162321925,0.0355130471,0.0100751817,0.298847973,0.388656616,0.0478567705,0.820882976,0.147622526,-0.0350640863,0.0736995339,0.412068367,-0.354729176,-0.0126552312,0.9511168,-0.128717571,-0.0230689142,0.00354000553
