elapsed_s,steady_s,event,reason_mask,result_age_s,frame_age_s,command_gain,inference_ms,peak_control_target_step_rad,ready,qw,qx,qy,qz,gx,gy,gz,cmd_x,cmd_y,cmd_yaw,q0,q1,q2,q3,q4,q5,q6,q7,q8,q9,q10,q11,q12,q13,q14,q15,q16,q17,q18,q19,q20,q21,q22,q23,q24,q25,q26,q27,q28,dq0,dq1,dq2,dq3,dq4,dq5,dq6,dq7,dq8,dq9,dq10,dq11,dq12,dq13,dq14,dq15,dq16,dq17,dq18,dq19,dq20,dq21,dq22,dq23,dq24,dq25,dq26,dq27,dq28,previous_target0,previous_target1,previous_target2,previous_target3,previous_target4,previous_target5,previous_target6,previous_target7,previous_target8,previous_target9,previous_target10,previous_target11,previous_target12,previous_target13,previous_target14,previous_target15,previous_target16,previous_target17,previous_target18,previous_target19,previous_target20,previous_target21,previous_target22,previous_target23,previous_target24,previous_target25,previous_target26,previous_target27,previous_target28,candidate0,candidate1,candidate2,candidate3,candidate4,candidate5,candidate6,candidate7,candidate8,candidate9,candidate10,candidate11,candidate12,candidate13,candidate14,candidate15,candidate16,candidate17,candidate18,candidate19,candidate20,candidate21,candidate22,candidate23,candidate24,candidate25,candidate26,candidate27,candidate28,applied0,applied1,applied2,applied3,applied4,applied5,applied6,applied7,applied8,applied9,applied10,applied11,applied12,applied13,applied14,applied15,applied16,applied17,applied18,applied19,applied20,applied21,applied22,applied23,applied24,applied25,applied26,applied27,applied28
0,3214766.85,1,0,0,4.70899977e-05,0,0,0,0,0.528459489,-0.0166037884,0.0263510812,-0.848387003,0.0049362327,-0.00497629168,0.0217901301,-2.24207754e-44,2.24207754e-44,2.24207754e-44,-0.251325697,0.147702724,-0.153837919,0.451234162,-0.214027211,-0.131732985,-0.0300674103,-0.0445052981,-0.0749018043,0.227378666,-0.190309107,0.0883681774,0.0331819952,0.0452050902,-0.00625561131,0.324586511,0.422994494,0.0302045364,1.03649437,0.127908006,-0.0543528758,0.118653283,0.308421195,-0.226352483,-0.0234302357,1.00039923,-0.124943279,-0.0601174757,-0.00225321972,3.72606482e-05,-0.024286326,-0.032366477,0.00243818271,-0.000759717601,0.00262184325,0.00914146565,0.00958824437,0.0545727946,0.00971425138,-0.0210512262,-0.000538102409,-0.00757288979,-0.00532434415,0.00166901667,0.00302191428,-0.00215892307,-0.000882531342,-0.0121061057,0.00982065406,0.0240953304,0.00499993889,-0.0171691608,-0.000984406797,0.00316850562,0.00745792408,0.0134290559,-0.00190797041,0.00881599169,-0.2607463,-0.0335819796,-0.0889213532,0.373996794,-0.148472488,-0.107193515,-0.0339077041,0.0745955929,-0.0670257732,0.210763395,-0.111761898,0.0798295513,0.0325752534,0.307462245,0.00801404752,0.333259135,0.614634335,0.0924418643,0.982860029,0.13129741,-0.0762430131,0.176269025,0.320596486,-0.26825583,-0.0288802795,0.99561733,-0.121080294,-0.0635878146,-0.000882997178,-0.2607463,-0.0335819796,-0.0889213532,0.373996794,-0.148472488,-0.107193515,-0.0339077041,0.0745955929,-0.0670257732,0.210763395,-0.111761898,0.0798295513,0.0325752534,0.307462245,0.00801404752,0.333259135,0.614634335,0.0924418643,0.982860029,0.13129741,-0.0762430131,0.176269025,0.320596486,-0.26825583,-0.0288802795,0.99561733,-0.121080294,-0.0635878146,-0.000882997178,-0.2607463,-0.0335819796,-0.0889213532,0.373996794,-0.148472488,-0.107193515,-0.0339077041,0.0745955929,-0.0670257732,0.210763395,-0.111761898,0.0798295513,0.0325752534,0.307462245,0.00801404752,0.333259135,0.614634335,0.0924418643,0.982860029,0.13129741,-0.0762430131,0.176269025,0.320596486,-0.26825583,-0.0288802795,0.99561733,-0.121080294,-0.0635878146,-0.000882997178
0.0108567639,3214766.86,0,0,0.0102351001,6.03822991e-06,0,0.157660339,1.54972076e-05,1,0.528533936,-0.0166078713,0.0263253376,-0.848341346,0.00496524991,-0.00492331199,0.0215596613,-2.24207754e-44,2.24207754e-44,2.24207754e-44,-0.251325667,0.147508949,-0.154095039,0.451253951,-0.214033172,-0.131711826,-0.029994553,-0.0444290489,-0.074465856,0.227455735,-0.190476671,0.0883642659,0.0331202969,0.0451619215,-0.00624241214,0.324616879,0.422977328,0.0301978216,1.03639424,0.127985999,-0.0541607738,0.118693009,0.308282673,-0.226360306,-0.0234046001,1.00045943,-0.124836266,-0.0601327792,-0.00218265573,-1.91475956e-05,-0.0242142212,-0.0319759622,0.00249945512,-0.000731098989,0.00264884531,0.00892525725,0.0094738286,0.0545897298,0.0098551102,-0.0209996998,-0.000424866332,-0.00792776793,-0.00550081488,0.00165426859,0.00455601187,-0.0021507272,-0.000810362573,-0.0137210088,0.00971477013,0.0251033399,0.00494451122,-0.0176217891,-0.000973048678,0.00323797041,0.00760035543,0.0133849652,-0.00191735732,0.00885596313,-0.260721177,-0.0335575268,-0.088928625,0.373966604,-0.148475423,-0.107166201,-0.0339274444,0.0745650157,-0.0670085922,0.210805818,-0.111788377,0.0798308924,0.0325568765,0.30744651,0.00800991058,0.333254248,0.614608347,0.0924320146,0.982836902,0.131305322,-0.076233916,0.176262856,0.320608974,-0.268269241,-0.0288764667,0.9956128,-0.121074788,-0.0635881796,-0.000877888408,-0.163179964,0.0613908172,-0.117159605,0.256782413,-0.15989852,-0.00111057353,-0.110580564,-0.0441695601,-0.000283809379,0.375559926,-0.214595795,0.0850479528,-0.0387990028,0.246296898,-0.00805259775,0.314318717,0.513647318,0.054177139,0.893034875,0.162034184,-0.0409003496,0.152312756,0.36913389,-0.320355713,-0.0140716219,0.977957964,-0.0997061282,-0.0649916679,0.0189590007,-0.260711998,-0.033548601,-0.0889312774,0.373955607,-0.148476496,-0.107156232,-0.0339346491,0.0745538548,-0.0670023188,0.210821316,-0.111798041,0.0798313841,0.0325501673,0.307440758,0.00800840091,0.33325249,0.61459887,0.092428416,0.982828438,0.131308213,-0.076230593,0.176260605,0.320613533,-0.268274128,-0.0288750753,0.995611131,-0.121072784,-0.0635883063,-0.000876023667
0.0208679731,3214766.87,0,0,0.000116629992,1.14040449e-05,0,0.221788883,6.31064177e-05,1,0.52864331,-0.0166130047,0.0262862965,-0.848274291,0.00527781621,-0.00471575605,0.0209482256,-2.24207754e-44,2.24207754e-44,2.24207754e-44,-0.251326293,0.14721933,-0.154471114,0.451283276,-0.214041293,-0.131678686,-0.0298931729,-0.0443183444,-0.0738116875,0.227580622,-0.190730304,0.0883590952,0.0330287516,0.0450937375,-0.00622310583,0.324675739,0.422951847,0.0301884543,1.03623688,0.128101543,-0.0538725369,0.11875163,0.308072805,-0.22637184,-0.0233654622,1.00055039,-0.124677487,-0.0601559468,-0.00207714643,-6.49323192e-05,-0.0241494793,-0.0307003986,0.00231146161,-0.000598938786,0.00290345307,0.00774296839,0.00888552237,0.0545057543,0.0114103211,-0.0215287637,-0.000461989257,-0.0072407336,-0.00592732942,0.00156310259,0.00493883109,-0.00208634092,-0.000757806411,-0.0120425038,0.00956148561,0.0224237312,0.00485143904,-0.0172187034,-0.000956597971,0.00327140302,0.00751576573,0.0130896149,-0.0019402646,0.00872297585,-0.26052165,-0.0333633013,-0.0889863744,0.373726904,-0.148498803,-0.106949255,-0.0340842456,0.0743221343,-0.0668720976,0.211142853,-0.111998677,0.0798415691,0.0324109122,0.307321399,0.00797705352,0.333215535,0.614401817,0.0923537612,0.982653201,0.131368175,-0.0761616379,0.176213861,0.320708245,-0.268375784,-0.0288461819,0.99557668,-0.121031076,-0.0635910481,-0.000837310159,-0.163287103,0.0619515479,-0.117691986,0.257164121,-0.160041168,-0.00101579586,-0.110688418,-0.0441342592,0.000238567591,0.376129597,-0.214451611,0.0848746523,-0.0387086533,0.246560961,-0.00804083049,0.31429559,0.513154507,0.0541381054,0.893052876,0.161796495,-0.0408038646,0.152345091,0.369269192,-0.320437521,-0.0140006049,0.978041172,-0.0996725559,-0.0648618564,0.01888844,-0.26048547,-0.0333263017,-0.088998355,0.373684108,-0.148503453,-0.10690935,-0.0341131948,0.0742778331,-0.0668457523,0.211205959,-0.112036727,0.0798430517,0.0323844738,0.307299256,0.00797108002,0.333208382,0.614362717,0.0923393518,0.982619703,0.131379038,-0.0761481673,0.176204994,0.320726752,-0.268395483,-0.0288404562,0.995570302,-0.121022999,-0.0635912269,-0.00083008263
0.031860271,3214766.88,0,0,0.0111089279,8.30506906e-06,0,0.221788883,0.000138059258,1,0.528714418,-0.0166139863,0.0262581464,-0.848230839,0.00629926333,-0.00456757098,0.0207636692,-2.24207754e-44,2.24207754e-44,2.24207754e-44,-0.251326382,0.147022963,-0.154710054,0.451298982,-0.214044467,-0.131653205,-0.0298438966,-0.0442540124,-0.0733753219,0.227694467,-0.190913424,0.0883552805,0.0329707339,0.0450410806,-0.00621061865,0.32471931,0.422935575,0.030182723,1.03614485,0.128177419,-0.0537047163,0.118790373,0.307936788,-0.226379558,-0.0233391393,1.00060952,-0.124573901,-0.0601715334,-0.0020078416,8.03162184e-05,-0.0249903873,-0.0295071509,0.00168710807,-0.000223094306,0.00340727996,0.00515866186,0.00734864408,0.0543919466,0.0163536482,-0.0240053684,-0.000464738696,-0.00770126376,-0.00709834695,0.00161183125,0.00606538635,-0.00200304016,-0.000685670238,-0.0116078947,0.00943961367,0.0204682108,0.00484326063,-0.0169490166,-0.00097704248,0.00330867688,0.00730498228,0.012875895,-0.0019523449,0.00864077173,-0.259912372,-0.0327645205,-0.0891675353,0.372997075,-0.148571476,-0.106284976,-0.0345647,0.0735796466,-0.0664502084,0.212178394,-0.112640589,0.0798727199,0.031965293,0.306941122,0.00787666906,0.333096862,0.613766015,0.0921141058,0.982091546,0.131558388,-0.0759397671,0.176064312,0.321012974,-0.268702328,-0.0287529565,0.995466948,-0.120897114,-0.0635987148,-0.000713817251,-0.163287103,0.0619515479,-0.117691986,0.257164121,-0.160041168,-0.00101579586,-0.110688418,-0.0441342592,0.000238567591,0.376129597,-0.214451611,0.0848746523,-0.0387086533,0.246560961,-0.00804083049,0.31429559,0.513154507,0.0541381054,0.893052876,0.161796495,-0.0408038646,0.152345091,0.369269192,-0.320437521,-0.0140006049,0.978041172,-0.0996725559,-0.0648618564,0.01888844,-0.259831011,-0.032684762,-0.089191556,0.372899532,-0.148581132,-0.106196329,-0.034628801,0.0734805241,-0.0663940534,0.212316453,-0.112726323,0.0798769295,0.0319057815,0.306890279,0.00786326546,0.333081037,0.613681257,0.0920821279,0.982016563,0.13158384,-0.0759101808,0.176044345,0.321053594,-0.268745899,-0.0287405346,0.995452285,-0.12087924,-0.0635997802,-0.000697310723
0.0428707609,3214766.89,0,0,0.0021064179,7.30203465e-06,0,0.235336833,0.000240087509,1,0.528854787,-0.016612174,0.0261895098,-0.848145485,0.00992507115,-0.00676153693,0.0250639059,-2.24207754e-44,2.24207754e-44,2.24207754e-44,-0.251307666,0.146630362,-0.155132025,0.45130524,-0.21403642,-0.131590262,-0.0298161022,-0.044198405,-0.0726398602,0.22807838,-0.191342801,0.0883483961,0.0327622369,0.0449034981,-0.00617771735,0.324899703,0.422909588,0.0301756561,1.03587043,0.128308743,-0.0533401147,0.118859962,0.307679951,-0.226394564,-0.0232904889,1.00070691,-0.124393024,-0.0601990521,-0.00188435335,0.00254441565,-0.0299883969,-0.0305438973,-0.000328242342,0.000989958993,0.00517182145,-0.000115358918,0.00179450493,0.0513655134,0.0356700271,-0.0356072187,-0.000661341939,-0.0202072803,-0.0117133018,0.00284135924,0.0179565512,-0.00175805297,-0.000417791656,-0.0253285076,0.00940087624,0.0302460175,0.00502002705,-0.0189974662,-0.00114707369,0.00358804967,0.0066525382,0.0129578458,-0.00199797819,0.00894361641,-0.258731455,-0.0315718316,-0.0895355344,0.371597916,-0.148719728,-0.104997836,-0.0355011858,0.0721551329,-0.0656291842,0.214185223,-0.113889635,0.0799323842,0.031114703,0.306211412,0.00768135116,0.332866043,0.612520099,0.0916528255,0.981007338,0.131919771,-0.075511992,0.175777957,0.321600586,-0.269332558,-0.0285692923,0.995256007,-0.120640308,-0.0636128634,-0.000480061106,-0.162790447,0.0641449243,-0.118780896,0.257371157,-0.160492375,-0.000446565507,-0.111377656,-0.0440517552,0.000872064382,0.377121389,-0.215205759,0.084828876,-0.0384319685,0.246651381,-0.00816057343,0.31414786,0.511845648,0.0540813729,0.89278841,0.161554337,-0.040703021,0.15239495,0.369412661,-0.320602566,-0.0137611041,0.978051543,-0.0996896923,-0.0648054928,0.0187064558,-0.258590072,-0.0314307883,-0.0895786285,0.371429592,-0.148737073,-0.104843773,-0.0356129929,0.0719838962,-0.0655311868,0.21442531,-0.114038937,0.0799395964,0.0310122222,0.306123674,0.00765800709,0.332838446,0.612371743,0.0915974602,0.98087734,0.131963432,-0.0754606947,0.175743505,0.321671039,-0.269408107,-0.0285474714,0.995230675,-0.12060944,-0.0636146218,-0.000451788539
0.053853781,3214766.9,0,0,0.013089438,4.50806692e-06,0,0.235336833,0.000346690416,1,0.528953314,-0.0166104492,0.0261161216,-0.848086298,0.0160050429,-0.0089034196,0.0192566141,-2.24207754e-44,2.24207754e-44,2.24207754e-44,-0.251245648,0.146319136,-0.155397147,0.451280147,-0.214023441,-0.131530479,-0.0298738051,-0.0442069806,-0.0720920339,0.228582159,-0.191774845,0.0883387849,0.0325378925,0.0447525047,-0.00614334177,0.3251369,0.422893822,0.0301728286,1.0355531,0.128403515,-0.0529849231,0.118911654,0.307483882,-0.226406679,-0.0232527666,1.00076938,-0.124262102,-0.0602195598,-0.00178690138,0.00984261744,-0.0325168259,-0.0213488955,-0.00566893769,0.00206730864,0.00676205801,-0.013303861,-0.00408891961,0.0594608523,0.0666071102,-0.051246088,-0.00105697452,-0.0235838406,-0.0191804096,0.00379430107,0.0294032395,-0.00136244157,-9.91618435e-05,-0.0385463238,0.00951197091,0.0412303619,0.00550027424,-0.0209463276,-0.00124023855,0.00395683339,0.00595244393,0.0132670496,-0.00208507199,0.0112252068,-0.256881207,-0.0297259074,-0.0900995433,0.369395018,-0.148946762,-0.10298153,-0.0369644836,0.0699140504,-0.064346686,0.21732749,-0.115843549,0.0800268129,0.0297734775,0.305062801,0.00737583544,0.332505047,0.610578537,0.0909282491,0.979306042,0.132491276,-0.0748406872,0.175327003,0.32252267,-0.27032131,-0.0282837134,0.994924247,-0.12023627,-0.0636358634,-0.000110043737,-0.162790447,0.0641449243,-0.118780896,0.257371157,-0.160492375,-0.000446565507,-0.111377656,-0.0440517552,0.000872064382,0.377121389,-0.215205759,0.084828876,-0.0384319685,0.246651381,-0.00816057343,0.31414786,0.511845648,0.0540813729,0.89278841,0.161554337,-0.040703021,0.15239495,0.369412661,-0.320602566,-0.0137611041,0.978051543,-0.0996896923,-0.0648054928,0.0187064558,-0.256677061,-0.0295222402,-0.0901617706,0.36915198,-0.148971811,-0.102759071,-0.0371259339,0.0696667805,-0.0642051846,0.217674181,-0.116059132,0.0800372288,0.029625494,0.304936051,0.00734212669,0.332465231,0.610364318,0.0908483043,0.979118288,0.132554337,-0.074766621,0.175277263,0.322624385,-0.270430386,-0.028252203,0.99488759,-0.120191693,-0.0636383966,-6.92185713e-05
0.0668419357,3214766.91,0,0,0.0061454908,8.3646737e-06,0,0.171997119,0.00189247727,1,0.529044807,-0.016568495,0.0259046871,-0.848036587,0.0409260206,-0.0140797151,0.0122693833,-2.24207754e-44,2.24207754e-44,2.24207754e-44,-0.250927478,0.145725369,-0.155548051,0.450974286,-0.213904247,-0.131405041,-0.0303553808,-0.0444641523,-0.071136266,0.230197012,-0.192844719,0.0883318111,0.0320579149,0.044270657,-0.00605932809,0.325779766,0.422881305,0.030177474,1.03476202,0.128538653,-0.0521826968,0.119032741,0.307110816,-0.226424053,-0.0231899638,1.00084233,-0.124068074,-0.0602501035,-0.00153278792,0.0351140648,-0.0528671183,-0.00304337381,-0.0381727554,0.0156324655,0.0108509948,-0.0519608408,-0.0323150791,0.0743060261,0.158299789,-0.098944813,0.00014465944,-0.0459354259,-0.0486342236,0.00889604166,0.0597201288,-0.000580424909,0.000635713863,-0.0713267103,0.00983586628,0.0712946206,0.0118242484,-0.0319010913,-0.00125306193,0.00493939966,0.00455537485,0.0144069726,-0.00229550083,0.0242950302,-0.254523069,-0.0270923078,-0.0909477994,0.366639405,-0.149286643,-0.100371882,-0.0388723575,0.0670953318,-0.0626834556,0.221415207,-0.118431255,0.0801346004,0.0281070527,0.303610057,0.00698232837,0.332029432,0.607967198,0.0900072083,0.97713393,0.133189917,-0.0739867166,0.174744681,0.323705077,-0.271579534,-0.0278976001,0.994503319,-0.11973308,-0.0636652932,0.000337770325,-0.162203178,0.0691800341,-0.121009491,0.257494867,-0.161364391,0.00082501932,-0.112521507,-0.0441687964,0.00173354428,0.379431605,-0.217369199,0.0846599042,-0.0381773561,0.246464223,-0.00832291692,0.313787341,0.509062409,0.0538897812,0.892188907,0.161264777,-0.0405152179,0.152131528,0.369819999,-0.320885628,-0.0133198583,0.977977097,-0.0997475088,-0.0648147091,0.0184474885,-0.253417403,-0.0259393081,-0.0913078263,0.365332246,-0.149431288,-0.0991599038,-0.0397544131,0.0657627806,-0.0619119667,0.223307684,-0.119616181,0.0801887959,0.0273132026,0.302925676,0.00679902593,0.331810981,0.606782675,0.0895746499,0.976116598,0.133526161,-0.0735858455,0.174473852,0.324257374,-0.272170037,-0.0277230106,0.994305372,-0.119493723,-0.0636790618,0.000554660335
0.0768569019,3214766.92,0,0,0.0161604569,5.57908788e-06,0,0.171997119,0.000631049275,1,0.529084563,-0.0165095422,0.0256835297,-0.84801966,0.0645016283,-0.0189561229,0.00778933475,-2.24207754e-44,2.24207754e-44,2.24207754e-44,-0.250528157,0.145206839,-0.155501992,0.450503379,-0.213700503,-0.131302416,-0.0309121739,-0.0448492914,-0.0704901367,0.231813505,-0.193820059,0.088339366,0.0315967984,0.0437544398,-0.00596213061,0.326357067,0.422878653,0.0301845372,1.03408659,0.128619626,-0.0515000187,0.119150691,0.306817472,-0.226434067,-0.0231466107,1.00087333,-0.12394774,-0.0602696091,-0.00129190856,0.0605244711,-0.0728131905,0.0129332589,-0.0738858134,0.0326101556,0.0141861923,-0.0820965543,-0.0591131151,0.0861462951,0.232027873,-0.13747555,0.00150748389,-0.0645931885,-0.0757445917,0.0142605361,0.0804749429,-0.000161803808,0.00105006131,-0.0934299305,0.0103150411,0.0951691717,0.0168129522,-0.0399352759,-0.0012323563,0.00574661372,0.0034317926,0.0154819945,-0.00252880785,0.0342440866,-0.250521392,-0.0229193084,-0.0922508463,0.361908466,-0.149810165,-0.09598542,-0.0420647375,0.0622725002,-0.05989125,0.22826454,-0.122719802,0.0803307518,0.0252339039,0.301133037,0.00631891051,0.331238717,0.603680134,0.0884416699,0.973451912,0.13440685,-0.072535865,0.173764497,0.325703949,-0.273716748,-0.0272657163,0.993786991,-0.118866786,-0.0637151152,0.00112275011,-0.162203178,0.0691800341,-0.121009491,0.257494867,-0.161364391,0.00082501932,-0.112521507,-0.0441687964,0.00173354428,0.379431605,-0.217369199,0.0846599042,-0.0381773561,0.246464223,-0.00832291692,0.313787341,0.509062409,0.0538897812,0.892188907,0.161264777,-0.0405152179,0.152131528,0.369819999,-0.320885628,-0.0133198583,0.977977097,-0.0997475088,-0.0648147091,0.0184474885,-0.250198007,-0.0225820858,-0.0923561454,0.361526161,-0.14985247,-0.0956309512,-0.0423227139,0.0618827678,-0.0596656092,0.228818044,-0.123066358,0.0803466067,0.0250017233,0.300932884,0.00626529939,0.331174821,0.603333652,0.0883151591,0.973154366,0.134505183,-0.0724186227,0.173685282,0.325865477,-0.273889452,-0.0272146538,0.993729055,-0.118796781,-0.063719146,0.00118618459
0.0878535681,3214766.93,0,0,0.00710228505,4.62122262e-06,0,0.200829934,0.00156154856,1,0.52908659,-0.0163424741,0.0251408517,-0.848037899,0.111607879,-0.0280889291,-0.00969821122,-2.24207754e-44,2.24207754e-44,2.24207754e-44,-0.249425218,0.144091159,-0.155056655,0.449097514,-0.2130678,-0.131081685,-0.0322843343,-0.0459111854,-0.0692393556,0.235517457,-0.195940912,0.0883758962,0.0306439288,0.0424825773,-0.00572699122,0.327566236,0.422879189,0.0302008986,1.03272545,0.128759414,-0.0500636064,0.119397178,0.306248695,-0.226450354,-0.0230685677,1.00090063,-0.123747952,-0.0603031553,-0.000767390069,0.115331061,-0.107819103,0.0555227548,-0.14928709,0.0677275583,0.0215709526,-0.13737078,-0.110198922,0.117869265,0.36355707,-0.204917073,0.00416830415,-0.089808248,-0.128215089,0.023235973,0.114921153,0.000127906402,0.00152648368,-0.126405269,0.0133773824,0.136795819,0.0226447135,-0.0522568785,-0.00148731505,0.00694687432,0.00152373803,0.0173821207,-0.00298510422,0.0499986447,-0.246304139,-0.0171843562,-0.0942350626,0.357037306,-0.150549114,-0.0911407992,-0.0456738323,0.0572528318,-0.0567681193,0.235984549,-0.127738476,0.0804775357,0.0223620441,0.298539609,0.00564750098,0.330466837,0.598537445,0.0867517218,0.969495595,0.135631904,-0.0709844604,0.172652975,0.327792674,-0.276035458,-0.0264884755,0.99297899,-0.118009873,-0.0637775138,0.00187754445,-0.161731288,0.0788396448,-0.12535201,0.257723123,-0.162709802,0.00286343135,-0.114575937,-0.0443058461,0.00330040604,0.383678854,-0.221296817,0.0842721388,-0.0374462046,0.246288851,-0.00821092539,0.314115196,0.504274666,0.0534304045,0.89123404,0.161014527,-0.0401905552,0.151477486,0.369933277,-0.321592718,-0.0124821421,0.977529109,-0.100029573,-0.064888373,0.0180431958,-0.245887473,-0.016711276,-0.0943883657,0.356548041,-0.150609031,-0.0906776711,-0.0460132919,0.056752488,-0.0564721785,0.236712188,-0.128199399,0.0804962367,0.0220673867,0.298282176,0.00557922479,0.330386281,0.598073065,0.0865875557,0.969110072,0.135756955,-0.0708327517,0.172548652,0.328000277,-0.276259899,-0.0264194701,0.992902875,-0.117921293,-0.0637829825,0.00195718766
0.0984136658,3214766.94,0,0,0.0176623827,5.54602593e-06,0,0.200829934,0.0012884587,1,0.52900666,-0.0161129739,0.0244658999,-0.848111868,0.15876396,-0.0345013924,-0.0319806598,-2.24207754e-44,2.24207754e-44,2.24207754e-44,-0.247964457,0.142822549,-0.154228911,0.447170496,-0.212193742,-0.130797476,-0.0340016037,-0.0473002046,-0.0678481162,0.239915356,-0.19837372,0.0884314105,0.0296213254,0.0409044251,-0.0054662684,0.328914434,0.4228791,0.0302190036,1.03127885,0.128953591,-0.0484499037,0.119634576,0.305673152,-0.226472974,-0.0229330435,1.00090253,-0.123542495,-0.060336262,-0.00020831413,0.168625519,-0.14063552,0.102853589,-0.224709526,0.101715408,0.0344234668,-0.197127908,-0.159708068,0.154984802,0.495716214,-0.271265596,0.00656249886,-0.112157062,-0.179218546,0.0280422885,0.150318071,-0.000201761781,0.00205344125,-0.159226701,0.0252740458,0.180594772,0.0239332616,-0.0614864975,-0.00318661309,0.0215685181,-0.000959468656,0.025458198,-0.00357948453,0.0598400086,-0.241885707,-0.0121676661,-0.095860742,0.351848722,-0.15118444,-0.0862296298,-0.0492735617,0.0519469902,-0.0536298901,0.243700713,-0.13262634,0.0806757882,0.019237414,0.295809805,0.00492347963,0.329612553,0.59361279,0.0850108787,0.965406895,0.136957988,-0.069375664,0.171546683,0.329994261,-0.278415561,-0.0257567279,0.992171824,-0.117070511,-0.0638355464,0.00272210478,-0.161731288,0.0788396448,-0.12535201,0.257723123,-0.162709802,0.00286343135,-0.114575937,-0.0443058461,0.00330040604,0.383678854,-0.221296817,0.0842721388,-0.0374462046,0.246288851,-0.00821092539,0.314115196,0.504274666,0.0534304045,0.89123404,0.161014527,-0.0401905552,0.151477486,0.369933277,-0.321592718,-0.0124821421,0.977529109,-0.100029573,-0.064888373,0.0180431958,-0.241147906,-0.0113299675,-0.0961322039,0.350982338,-0.151290536,-0.0854095519,-0.0498746559,0.0510610081,-0.0531058609,0.244989172,-0.133442536,0.0807088912,0.0187156573,0.295353979,0.00480258092,0.329469919,0.592790425,0.0847201869,0.964724183,0.137179419,-0.0691070259,0.171361953,0.330361903,-0.278813004,-0.0256345384,0.992037058,-0.116913646,-0.0638452396,0.00286313123
0.108883978,3214766.96,0,0,0.0080485451,6.00796193e-06,0,0.301228836,0.00355337746,1,0.528847873,-0.0157909859,0.0235660728,-0.848242402,0.205478743,-0.040915668,-0.0510201119,-2.24207754e-44,2.24207754e-44,2.24207754e-44,-0.245959237,0.141206652,-0.152950823,0.444478154,-0.210974872,-0.130377263,-0.0362968482,-0.0491949283,-0.0661052912,0.245634019,-0.201475009,0.0885111466,0.0283017177,0.0388253927,-0.00515593449,0.33063519,0.422869891,0.0302402861,1.02951276,0.129319847,-0.046385169,0.119833827,0.30502376,-0.226555899,-0.0225395858,1.00087488,-0.123166524,-0.0603771247,0.000445135083,0.219544604,-0.174563557,0.146157205,-0.297118008,0.134237349,0.0466554984,-0.255739778,-0.208688602,0.189624384,0.62698108,-0.337576717,0.00863956474,-0.142906517,-0.22662212,0.0308895819,0.186915576,-0.00149881723,0.00213912805,-0.188991517,0.0448238254,0.224307761,0.0160098542,-0.0660049915,-0.013366661,0.0544233285,-0.00407096138,0.0457383171,-0.0044824495,0.0684784055,-0.236471772,-0.00246637501,-0.0994977355,0.3455773,-0.152450845,-0.0793894231,-0.0543493927,0.0452946126,-0.0491556861,0.254808068,-0.1399955,0.0806578398,0.0156130418,0.292384356,0.00414034119,0.32878074,0.585823774,0.0826564133,0.960053742,0.138559997,-0.0672723204,0.169857249,0.33266452,-0.281626254,-0.0245483443,0.990929127,-0.116054207,-0.0639393255,0.00365071744,-0.161892727,0.0931306407,-0.131991729,0.258263528,-0.164673612,0.00603357842,-0.11715275,-0.0447273105,0.00574689452,0.390127331,-0.226738095,0.083202593,-0.0365002528,0.246060342,-0.00776091404,0.315021664,0.497308612,0.0525923967,0.889985561,0.160872966,-0.039711494,0.150158226,0.36974135,-0.322704494,-0.0112392679,0.976525486,-0.100612484,-0.0650192872,0.0175797269,-0.235933095,-0.00177588686,-0.0997324362,0.344946623,-0.152539134,-0.0787724182,-0.0548030138,0.0446443893,-0.0487591326,0.255785465,-0.140622035,0.0806762204,0.0152366329,0.292049766,0.00405437965,0.32868135,0.585184455,0.0824392587,0.959547639,0.138721153,-0.0670732483,0.169714957,0.332932323,-0.281922966,-0.0244522151,0.990825117,-0.115942679,-0.0639471263,0.00375132542
0.119862703,3214766.97,0,0,0.0190272704,9.27038491e-06,0,0.301228836,0.00103071332,1,0.528548837,-0.0152828451,0.0222000554,-0.848474979,0.260419518,-0.0527507439,-0.0712724403,-2.24207754e-44,2.24207754e-44,2.24207754e-44,-0.242898777,0.138827562,-0.15084374,0.440340191,-0.209110036,-0.129728943,-0.0398470238,-0.0521010198,-0.0635308847,0.254270345,-0.206090778,0.0886308402,0.0263011251,0.0357313678,-0.00474395277,0.333179414,0.422816724,0.0302640647,1.02700675,0.130049691,-0.0433324501,0.119954795,0.304241806,-0.226864874,-0.0215522684,1.00074589,-0.122437686,-0.0604383387,0.00135622127,0.281129956,-0.215609595,0.193621218,-0.377929837,0.170212358,0.0588879623,-0.318746299,-0.265471101,0.229540929,0.779378355,-0.41571483,0.0110615622,-0.186291561,-0.278256685,0.0385418907,0.228133902,-0.00827198382,0.00185590168,-0.220313564,0.0730832666,0.274399579,0.0072259726,-0.061252065,-0.0355315246,0.100035235,-0.021576548,0.0712015703,-0.00539952191,0.0819884613,-0.230502248,0.00518549979,-0.102098651,0.338588417,-0.153429195,-0.0725519061,-0.0593763627,0.0380889848,-0.0447611175,0.265639454,-0.146938637,0.0808615237,0.0114417356,0.288676441,0.00318772858,0.327679425,0.578738749,0.080249995,0.954445243,0.140345991,-0.0650662631,0.168280482,0.335632265,-0.284914285,-0.0234830454,0.989776194,-0.114818208,-0.0640257671,0.00476563768,-0.161892727,0.0931306407,-0.131991729,0.258263528,-0.164673612,0.00603357842,-0.11715275,-0.0447273105,0.00574689452,0.390127331,-0.226738095,0.083202593,-0.0365002528,0.246060342,-0.00776091404,0.315021664,0.497308612,0.0525923967,0.889985561,0.160872966,-0.039711494,0.150158226,0.36974135,-0.322704494,-0.0112392679,0.976525486,-0.100612484,-0.0650192872,0.0175797269,-0.229934171,0.00591366366,-0.10234616,0.337923348,-0.153522298,-0.0719012395,-0.0598547384,0.0374032855,-0.0443429239,0.266670167,-0.147599369,0.0808809102,0.0110447891,0.288323611,0.0030970769,0.327574611,0.578064561,0.0800210014,0.953911543,0.140515953,-0.0648563355,0.168130428,0.335914671,-0.28522718,-0.0233816709,0.989666522,-0.114700586,-0.064034,0.00487173488
0.130884032,3214766.98,0,0,0.0101282657,6.16069883e-06,0,0.231349841,0.00674491748,1,0.528239369,-0.0147877103,0.0208337028,-0.848711073,0.30037114,-0.0581285022,-0.0916086361,-2.24207754e-44,2.24207754e-44,2.24207754e-44,-0.239824161,0.136488229,-0.148714006,0.4362275,-0.207263499,-0.12909463,-0.0432880595,-0.0549969263,-0.0610599518,0.26269874,-0.21057789,0.0887506604,0.0242367219,0.0327578001,-0.00434002327,0.335607588,0.422647357,0.0302808229,1.02471375,0.130941719,-0.0403744429,0.120008513,0.303782493,-0.227361798,-0.020379765,1.00026405,-0.121637709,-0.0604948178,0.00223422959,0.32073316,-0.243457034,0.231510311,-0.430112183,0.19189015,0.0663515255,-0.372359484,-0.304171681,0.266090691,0.895943284,-0.474317521,0.0119264405,-0.211969748,-0.309906632,0.0374123976,0.253128022,-0.0235869214,0.0016388566,-0.238933384,0.099770695,0.312506855,0.00440992089,-0.0321321823,-0.0606202595,0.131461769,-0.0709591731,0.0832268372,-0.00581086427,0.0901267007,-0.224108115,0.0203478746,-0.108241796,0.331425875,-0.155616939,-0.0634810627,-0.066046901,0.0299968943,-0.0387521684,0.280240476,-0.156880796,0.080377534,0.00758139603,0.284766078,0.00245623197,0.327086031,0.567722023,0.0771221966,0.947891057,0.142211795,-0.0624583289,0.165902704,0.338504046,-0.288989872,-0.0217029452,0.987909317,-0.113850981,-0.0641922876,0.005763344,-0.161833942,0.112012826,-0.141080886,0.259067804,-0.167760402,0.0108173108,-0.120674118,-0.0458078235,0.0093046762,0.398331165,-0.233569711,0.0813089386,-0.0349008404,0.246189237,-0.00699042622,0.316593528,0.487984806,0.0510832481,0.88845408,0.16076307,-0.0390284099,0.148283005,0.368941665,-0.324231684,-0.00950358063,0.974807918,-0.101563275,-0.0652197152,0.0170601755,-0.223495677,0.0212493576,-0.108564749,0.330714285,-0.155736357,-0.0627503693,-0.0665841401,0.0292513892,-0.0382795483,0.281401843,-0.157635003,0.0803866908,0.007163601,0.284386694,0.00236332836,0.326982826,0.566937804,0.0768661126,0.947306514,0.142394245,-0.0622279085,0.165729433,0.338803381,-0.289336473,-0.0215829704,0.987780452,-0.11373014,-0.0642023906,0.00587444333
0.140900322,3214766.99,0,0,0.000162506942,5.50271943e-06,0,0.18549012,0.00839764625,1,0.528239369,-0.0147877103,0.0208337028,-0.848711073,0.30037114,-0.0581285022,-0.0916086361,-2.24207754e-44,2.24207754e-44,2.24207754e-44,-0.239824161,0.136488229,-0.148714006,0.4362275,-0.207263499,-0.12909463,-0.0432880595,-0.0549969263,-0.0610599518,0.26269874,-0.21057789,0.0887506604,0.0242367219,0.0327578001,-0.00434002327,0.335607588,0.422647357,0.0302808229,1.02471375,0.130941719,-0.0403744429,0.120008513,0.303782493,-0.227361798,-0.020379765,1.00026405,-0.121637709,-0.0604948178,0.00223422959,0.32073316,-0.243457034,0.231510311,-0.430112183,0.19189015,0.0663515255,-0.372359484,-0.304171681,0.266090691,0.895943284,-0.474317521,0.0119264405,-0.211969748,-0.309906632,0.0374123976,0.253128022,-0.0235869214,0.0016388566,-0.238933384,0.099770695,0.312506855,0.00440992089,-0.0321321823,-0.0606202595,0.131461769,-0.0709591731,0.0832268372,-0.00581086427,0.0901267007,-0.218071818,0.0292330459,-0.111424923,0.324412137,-0.156794012,-0.0562792495,-0.0713419691,0.0226490721,-0.0340939723,0.291687131,-0.16431433,0.0804678127,0.00346355326,0.281026781,0.00154055841,0.326068968,0.559993029,0.0745982155,0.942129791,0.144009992,-0.0601872467,0.164194807,0.341454387,-0.292405903,-0.0205204487,0.98663938,-0.112659924,-0.0642918795,0.0068583563,-0.161059827,0.129033878,-0.150143698,0.260211319,-0.171322823,0.018446235,-0.124560229,-0.0499436669,0.0137143508,0.402864516,-0.241592348,0.0785738528,-0.0324348621,0.244345888,-0.00553722214,0.319156945,0.477156758,0.0488114245,0.8869735,0.160625741,-0.0382914357,0.145472974,0.367376328,-0.325772822,-0.00776428916,0.972545326,-0.103236005,-0.0647972599,0.0164547432,-0.21709165,0.0376306921,-0.11573182,0.324167907,-0.158479095,-0.0521734059,-0.0736062229,0.0200574137,-0.0316680931,0.294888228,-0.168617189,0.0792796537,0.00410605036,0.27982235,0.00207968103,0.327083498,0.554430187,0.0733352378,0.940869451,0.144140854,-0.059623275,0.162782833,0.341082305,-0.29344365,-0.0196331739,0.985513628,-0.113265932,-0.064117454,0.0067095384
0.151855637,3214767,0,0,0.011117822,5.77094033e-06,0,0.18549012,0.00124099851,1,0.527117252,-0.0134414639,0.0171597544,-0.849512935,0.381104946,-0.082638137,-0.151744172,-2.24207754e-44,2.24207754e-44,2.24207754e-44,-0.231692716,0.130509108,-0.142447397,0.425628811,-0.202604711,-0.127545819,-0.0529412404,-0.0625932664,-0.0539597981,0.285619646,-0.222589761,0.089013055,0.0190013442,0.025159834,-0.00333908293,0.34186089,0.421598703,0.0303198472,1.01882005,0.133569121,-0.0325429253,0.120082103,0.303541601,-0.229485244,-0.0167018156,0.997585475,-0.119690515,-0.0606314018,0.00436803279,0.40680486,-0.291896075,0.318623304,-0.513560057,0.222101599,0.0791987702,-0.480828255,-0.371462554,0.363567084,1.14574516,-0.597022116,0.010553699,-0.268719703,-0.364947528,0.0570192114,0.310704976,-0.0742203891,0.00206984021,-0.296263307,0.131959707,0.393799484,0.00267742109,-0.00188728154,-0.131606564,0.192548588,-0.155666023,0.0868457183,-0.00634757569,0.102214366,-0.210907251,0.0477191359,-0.119529963,0.31710884,-0.159896702,-0.0443789065,-0.079230167,0.0123311877,-0.0266590975,0.306805909,-0.176671684,0.0792017579,7.29225576e-05,0.275906712,0.0012389808,0.326208621,0.545901299,0.0706284717,0.934920788,0.145960346,-0.0572688133,0.160872295,0.343984455,-0.297011912,-0.01832317,0.984082282,-0.112158895,-0.0641924888,0.00778514519,-0.161059827,0.129033878,-0.150143698,0.260211319,-0.171322823,0.018446235,-0.124560229,-0.0499436669,0.0137143508,0.402864516,-0.241592348,0.0785738528,-0.0324348621,0.244345888,-0.00553722214,0.319156945,0.477156758,0.0488114245,0.8869735,0.160625741,-0.0382914357,0.145472974,0.367376328,-0.325772822,-0.00776428916,0.972545326,-0.103236005,-0.0647972599,0.0164547432,-0.210284531,0.048734948,-0.119912401,0.316398054,-0.16003944,-0.0435940698,-0.0797964483,0.0115532279,-0.0261547379,0.308005899,-0.177482694,0.0791939124,-0.000333178788,0.275512457,0.00115433009,0.326120526,0.545042515,0.0703559294,0.934321821,0.146143556,-0.0570317432,0.160679922,0.344276667,-0.297371209,-0.0181912631,0.983938158,-0.112047426,-0.0642000437,0.00789344963
0.161869504,3214767.01,0,0,0.00113539211,4.5793131e-06,0,0.183111057,0.0169486701,1,0.526476443,-0.012813325,0.0152373426,-0.849956572,0.401397645,-0.0989129916,-0.163654506,-2.24207754e-44,2.24207754e-44,2.24207754e-44,-0.227457985,0.127518132,-0.139182895,0.420408756,-0.200369895,-0.126723036,-0.0578241535,-0.066373311,-0.0501796044,0.297407806,-0.228730336,0.0891036242,0.0160891507,0.0215038005,-0.0026969465,0.345054656,0.420639336,0.0303401463,1.01577234,0.134962887,-0.0284551065,0.12010289,0.303564906,-0.231032491,-0.014734067,0.995911181,-0.118835993,-0.060696777,0.00540761976,0.435964972,-0.304461151,0.332637966,-0.530573249,0.225916386,0.0834033564,-0.493109614,-0.383115649,0.388342023,1.20008326,-0.62533015,0.00812307466,-0.304954678,-0.367458224,0.0679567829,0.324244648,-0.110360228,0.00196065172,-0.309231877,0.144614533,0.417903811,0.00164355233,0.00677134003,-0.169313729,0.197786987,-0.175356328,0.0869705901,-0.00670104474,0.105872296,-0.20308286,0.0738216862,-0.132006541,0.311656415,-0.165622398,-0.031265974,-0.0890161097,0.0045125559,-0.0185928233,0.327847064,-0.190757677,0.0765555501,-0.00270035118,0.27373755,0.000553742051,0.32590273,0.52857095,0.065855816,0.927768648,0.147319168,-0.0537649766,0.157446682,0.347366989,-0.301200241,-0.0152988872,0.981435537,-0.111430123,-0.064563334,0.00838113576,-0.158192426,0.157434419,-0.165547952,0.263125002,-0.178973436,0.0278428979,-0.131917477,-0.050046429,0.0191117674,0.418995589,-0.252255142,0.0740067661,-0.0301620774,0.247483179,-0.00525403488,0.320175856,0.461571455,0.0451588333,0.884880483,0.159791961,-0.0362660363,0.142793655,0.368207574,-0.326847136,-0.00472590141,0.970395148,-0.103917554,-0.0653227717,0.0155931767,-0.202439606,0.0750198141,-0.132487178,0.310960978,-0.165813714,-0.0304189771,-0.0896308571,0.00373075157,-0.018052537,0.32915318,-0.191638902,0.0765190274,-0.00309386477,0.273361325,0.000470519532,0.325820684,0.527610898,0.0655592382,0.927154064,0.147497892,-0.0535142273,0.15723671,0.347665638,-0.301567733,-0.0151473815,0.981277347,-0.11132247,-0.0645742193,0.0084844809
0.171873496,3214767.02,0,0,0.011139384,1.11619011e-05,0,0.183111057,0.00133818388,1,0.525671542,-0.0121240718,0.0132315727,-0.850498319,0.419924498,-0.0839566365,-0.221563101,-2.24207754e-44,2.24207754e-44,2.24207754e-44,-0.223171428,0.124510176,-0.135568261,0.415213913,-0.198216945,-0.125888646,-0.0633606091,-0.0701690018,-0.0458079018,0.310254961,-0.235357016,0.0890968964,0.013202765,0.0178235266,-0.00214878609,0.348328382,0.419302106,0.0303568542,1.01248908,0.136467367,-0.0240521189,0.120110735,0.303870291,-0.232978866,-0.0126094753,0.993865788,-0.117970981,-0.0607701391,0.00640068203,0.419620931,-0.296403915,0.381524295,-0.504434943,0.204349771,0.0825703517,-0.599941313,-0.374860257,0.472775459,1.34985673,-0.690747619,-0.00759763457,-0.273911625,-0.367085904,0.0474624448,0.328065008,-0.14985843,0.00151584658,-0.344552428,0.152296662,0.456622124,0.000317058351,0.0479254425,-0.212421805,0.22540772,-0.227582976,0.0853836611,-0.00801148359,0.0932593718,-0.196807221,0.0855106786,-0.136695594,0.304871738,-0.167488858,-0.0230026022,-0.0950136781,-0.00311474502,-0.0133217536,0.340589553,-0.199354976,0.0761992335,-0.0065394789,0.270067215,-0.000258180313,0.325102121,0.519204497,0.0629623979,0.921772897,0.149062857,-0.051318638,0.15539819,0.350280493,-0.304785639,-0.0138207925,0.979892075,-0.110379875,-0.0646695048,0.00938937347,-0.158192426,0.157434419,-0.165547952,0.263125002,-0.178973436,0.0278428979,-0.131917477,-0.050046429,0.0191117674,0.418995589,-0.252255142,0.0740067661,-0.0301620774,0.247483179,-0.00525403488,0.320175856,0.461571455,0.0451588333,0.884880483,0.159791961,-0.0362660363,0.142793655,0.368207574,-0.326847136,-0.00472590141,0.970395148,-0.103917554,-0.0653227717,0.0155931767,-0.196177274,0.0866840109,-0.137166291,0.304190725,-0.16767621,-0.0221731365,-0.0956157148,-0.00388036668,-0.0127926506,0.341868639,-0.200217962,0.0761634633,-0.00692484528,0.269698769,-0.000339680351,0.325021774,0.518264294,0.0626719594,0.921171069,0.149237886,-0.0510730781,0.155192569,0.350572944,-0.305145562,-0.0136724226,0.979737163,-0.110274449,-0.0646801591,0.00949057844
0.182856427,3214767.03,0,0,0.00215298589,5.37605956e-06,0,0.182277989,0.0191686749,1,0.524934173,-0.0115717957,0.0115823029,-0.850985348,0.422940165,-0.103896797,-0.220937923,-2.24207754e-44,2.24207754e-44,2.24207754e-44,-0.219790608,0.122139819,-0.132542163,0.411314279,-0.196660683,-0.125260651,-0.0681987703,-0.0731265247,-0.0419489183,0.321298748,-0.241004944,0.0889965296,0.0109131197,0.014947732,-0.00166167505,0.350904763,0.417930752,0.0303681139,1.00968206,0.137682825,-0.0203436539,0.120110631,0.304362386,-0.234833702,-0.0107795168,0.991904736,-0.117281519,-0.060861256,0.00712836115,0.42543155,-0.296528041,0.371746153,-0.477871656,0.189390346,0.0753090829,-0.599362135,-0.366159678,0.482376784,1.38811374,-0.710689366,-0.0149219837,-0.296951294,-0.35355112,0.0698424578,0.316472501,-0.18458201,0.00128334528,-0.35050112,0.151927605,0.464355886,-0.000279362517,0.0698951781,-0.242557511,0.227428868,-0.252459109,0.08684434,-0.0142955994,0.090212822,-0.187453091,0.116119318,-0.152347744,0.300481409,-0.177054524,-0.00506726652,-0.107505374,-0.0120163038,-0.00333718956,0.363841772,-0.215681583,0.071909152,-0.0086247921,0.268576503,-0.000617678277,0.325238794,0.496946752,0.0564549901,0.913969219,0.150104761,-0.0471254438,0.150819063,0.354310602,-0.308782786,-0.00981404446,0.976355076,-0.109679572,-0.064990066,0.0100710317,-0.154256612,0.183923051,-0.181075275,0.267184317,-0.190000102,0.0411884636,-0.140839741,-0.0512451567,0.0255090911,0.433175117,-0.262749612,0.0683217943,-0.0272854045,0.250964105,-0.00452721864,0.321606159,0.443642884,0.0401555635,0.882766724,0.158623114,-0.0339373127,0.139292091,0.369580626,-0.327138543,-0.00117843226,0.967630684,-0.10451588,-0.0656251833,0.015032406,-0.186844558,0.117362238,-0.152874365,0.299871027,-0.17729184,-0.0042193383,-0.108116433,-0.012735419,-0.0028083995,0.365112752,-0.216544405,0.0718433931,-0.00896686688,0.268253654,-0.000689344481,0.325172186,0.495969623,0.0561561994,0.913397253,0.15026091,-0.0468836874,0.150607765,0.354590505,-0.309119284,-0.00965574197,0.976195157,-0.109584913,-0.0650017112,0.0101619801
0.192871001,3214767.04,0,0,0.0121675599,4.06429172e-06,0,0.182277989,0.00127530098,1,0.523803174,-0.0108238244,0.00906638242,-0.8517223,0.414206356,-0.101609558,-0.252028435,-2.24207754e-44,2.24207754e-44,2.24207754e-44,-0.214757428,0.11868263,-0.128129184,0.405897826,-0.194581613,-0.124423854,-0.0756006688,-0.0772500262,-0.0357514434,0.338470787,-0.249772161,0.0885400474,0.00733828638,0.0108894259,-0.000796612643,0.354505479,0.415330827,0.0303771533,1.00543737,0.139517456,-0.0146804107,0.120094687,0.30558753,-0.238035768,-0.00802649278,0.98866415,-0.116227619,-0.0611208528,0.00816898327,0.394723386,-0.268671393,0.376752466,-0.412881672,0.149648637,0.0685865432,-0.670751929,-0.306905448,0.58501035,1.50466776,-0.757786155,-0.0740938559,-0.271168441,-0.319304645,0.0594890676,0.284763575,-0.243028939,0.000191843676,-0.366791308,0.152647823,0.488235444,-0.00231316336,0.136745334,-0.288034171,0.243408486,-0.292948008,0.0852860436,-0.0263811685,0.0789302215,-0.181538552,0.128199726,-0.157466054,0.294548959,-0.179361001,0.00317399204,-0.113444462,-0.0190055966,0.00180227309,0.376194715,-0.224067569,0.0712700039,-0.0119495019,0.265438557,-0.00131422933,0.324591577,0.487449765,0.0535509661,0.908409953,0.151622444,-0.0447757505,0.14876534,0.357031226,-0.312053174,-0.00827546045,0.974800706,-0.108759575,-0.0651032254,0.0109549854,-0.154256612,0.183923051,-0.181075275,0.267184317,-0.190000102,0.0411884636,-0.140839741,-0.0512451567,0.0255090911,0.433175117,-0.262749612,0.0683217943,-0.0272854045,0.250964105,-0.00452721864,0.321606159,0.443642884,0.0401555635,0.882766724,0.158623114,-0.0339373127,0.139292091,0.369580626,-0.327138543,-0.00117843226,0.967630684,-0.10451588,-0.0656251833,0.015032406,-0.180969775,0.12936148,-0.157958269,0.293978453,-0.179582819,0.0039665401,-0.114015624,-0.0196777508,0.00229652971,0.377382696,-0.224874035,0.0712085366,-0.0122692361,0.265136778,-0.00138121657,0.32452932,0.486536443,0.0532716885,0.907875359,0.151768401,-0.0445497856,0.148567826,0.357292861,-0.312367678,-0.00812749751,0.974651217,-0.108671099,-0.0651141033,0.0110399947
0.203856317,3214767.05,0,0,0.00315301912,5.4477714e-06,0,0.181362033,0.0162749588,1,0.522607088,-0.0102098845,0.00663918816,-0.85248667,0.384517044,-0.141494393,-0.217878595,-2.24207754e-44,2.24207754e-44,2.24207754e-44,-0.210108936,0.115673356,-0.123981781,0.401501507,-0.193080679,-0.123706244,-0.0835097656,-0.0804279372,-0.0283878054,0.356776088,-0.258873016,0.0873510689,0.00396360317,0.00743546756,0.000164156692,0.357567668,0.411973536,0.0303739775,1.00100136,0.141259536,-0.00879029743,0.120057888,0.307616144,-0.241753191,-0.00507541792,0.985055685,-0.115234412,-0.0615196787,0.00906617939,0.389412403,-0.241836861,0.311672032,-0.340903968,0.112740271,0.05106657,-0.624436438,-0.240279764,0.60976094,1.50794411,-0.746626258,-0.108029857,-0.300642639,-0.2662673,0.0983149484,0.231928527,-0.304734886,-0.000635616132,-0.362246692,0.140017092,0.482964516,-0.00368180824,0.18998,-0.320804417,0.238672987,-0.295251995,0.0814960226,-0.0376202129,0.0738616586,-0.173980922,0.155778617,-0.172493607,0.292860687,-0.192715421,0.026719898,-0.128059149,-0.0287321806,0.0128396451,0.396339625,-0.241567373,0.0640350059,-0.0117334984,0.264082015,-0.000628323294,0.325680882,0.463352859,0.045759961,0.901891828,0.151780352,-0.0397448279,0.14339745,0.360135823,-0.315023065,-0.00398709625,0.971087635,-0.108102895,-0.0648970082,0.012127433,-0.152274609,0.20315142,-0.193401083,0.272562683,-0.20378378,0.0602213293,-0.151613235,-0.0545819327,0.0328197703,0.442765683,-0.274041116,0.0600836463,-0.0228183232,0.253229499,-0.00279040635,0.323785007,0.425506413,0.0340814367,0.881635845,0.156904623,-0.0306139868,0.135173887,0.370027483,-0.32672292,0.00224049203,0.964950979,-0.104856305,-0.0652245283,0.0153822834,-0.173460975,0.15691337,-0.172994405,0.292374492,-0.192980543,0.0275223553,-0.128623337,-0.0293513611,0.0133182332,0.397451699,-0.242345214,0.0639403611,-0.0119990148,0.263822079,-0.00068011228,0.325635463,0.462446332,0.0454802215,0.901406646,0.151903093,-0.0395261124,0.143200472,0.360372782,-0.315303296,-0.00383792445,0.97094065,-0.108025126,-0.0649048537,0.0122053968
0.213864638,3214767.06,0,0,0.0131613403,4.02424484e-06,0,0.181362033,0.00116556883,1,0.521618605,-0.00980552379,0.00480148848,-0.853108883,0.334778368,-0.122914635,-0.227640018,-2.24207754e-44,2.24207754e-44,2.24207754e-44,-0.206787109,0.113674223,-0.120964728,0.398827583,-0.192374811,-0.123084314,-0.0904890001,-0.0818204358,-0.0204803888,0.372602165,-0.266542345,0.0865335837,0.00147275336,0.00522555877,0.000843716669,0.359504521,0.408546507,0.0303537678,0.997193098,0.142598808,-0.00370524381,0.11992155,0.310121685,-0.245171502,-0.00251825363,0.981934786,-0.114448719,-0.0618219636,0.00980832148,0.310164839,-0.180012852,0.276062489,-0.226134971,0.0490357317,0.0629350245,-0.703819633,-0.0840122923,0.872362375,1.59291291,-0.766349196,-0.0524038747,-0.239452302,-0.192931965,0.0676432177,0.166648269,-0.366289556,-0.00265714806,-0.386453331,0.127009079,0.514667869,-0.0189684387,0.281370938,-0.351581007,0.259739399,-0.313060373,0.0764427483,-0.0267346688,0.074885942,-0.169016391,0.1666134,-0.177275419,0.28821826,-0.195246905,0.0343821049,-0.133446276,-0.0346443504,0.0174093619,0.406957865,-0.248994544,0.0631312802,-0.014268741,0.261599898,-0.00112282019,0.325247258,0.454696894,0.0430889279,0.897259057,0.152952343,-0.037656486,0.141516611,0.362398177,-0.317698956,-0.00256276503,0.969684124,-0.107360356,-0.0649719164,0.0128718596,-0.152274609,0.20315142,-0.193401083,0.272562683,-0.20378378,0.0602213293,-0.151613235,-0.0545819327,0.0328197703,0.442765683,-0.274041116,0.0600836463,-0.0228183232,0.253229499,-0.00279040635,0.323785007,0.425506413,0.0340814367,0.881635845,0.156904623,-0.0306139868,0.135173887,0.370027483,-0.32672292,0.00224049203,0.964950979,-0.104856305,-0.0652245283,0.0153822834,-0.168555632,0.16761899,-0.177719235,0.287787408,-0.195481852,0.0350932479,-0.13394627,-0.0351930708,0.0178334862,0.407943368,-0.249683872,0.0630474016,-0.0145040415,0.261369556,-0.00116871484,0.325207025,0.453893512,0.0428410284,0.896829069,0.153061122,-0.0374626629,0.141342044,0.362608165,-0.317947328,-0.00243057124,0.969553828,-0.107291438,-0.0649788678,0.0129409516
0.224853793,3214767.07,0,0,0.00414547091,4.58396971e-06,0,0.185830984,0.0220532715,1,0.521047235,-0.00955700688,0.00295084575,-0.853469253,0.356350303,-0.163839579,-0.0661553144,-2.24207754e-44,2.24207754e-44,2.24207754e-44,-0.203787342,0.111538932,-0.119115844,0.396888703,-0.191956267,-0.12250188,-0.0964118764,-0.0819107816,-0.00878310483,0.386845678,-0.274351776,0.0848089233,-0.00154899457,0.00322135561,0.00173042784,0.360890031,0.404762089,0.0303203352,0.993260443,0.143713742,0.00124779972,0.119633839,0.313318998,-0.248605296,-2.61947516e-05,0.978990316,-0.113710545,-0.0620810241,0.0105689913,0.291036218,-0.251651794,0.117994897,-0.1800818,0.0433457643,0.0539724343,-0.504237771,0.0297675878,1.39554739,1.28136182,-0.789981663,-0.255667299,-0.351519972,-0.219866931,0.0958418399,0.120612361,-0.379943103,-0.00388292689,-0.39566192,0.103748329,0.475349963,-0.0382327586,0.350560009,-0.331817985,0.237438455,-0.278401554,0.072257854,-0.0263308156,0.0759601966,-0.163878381,0.18814677,-0.189285576,0.290522307,-0.211309701,0.0633701384,-0.152666271,-0.0441067293,0.0294904336,0.424817264,-0.268067896,0.0522944927,-0.00983677432,0.260585397,0.000689231325,0.329303771,0.431106865,0.0355576202,0.893065274,0.152641758,-0.0303672776,0.136296317,0.361779779,-0.319957107,0.00267614424,0.967245042,-0.107075579,-0.0647387356,0.0149237206,-0.151821405,0.215744957,-0.201777741,0.280132383,-0.219130933,0.0845999122,-0.167447954,-0.058881402,0.0415036455,0.451460183,-0.287523061,0.048867248,-0.0151157286,0.254750729,-0.000222476199,0.328811467,0.408263505,0.0284773298,0.881888688,0.155298457,-0.024657201,0.131320983,0.366905808,-0.326392293,0.00660391897,0.963713586,-0.105332434,-0.0648819879,0.0168911573,-0.1634866,0.189043552,-0.189691499,0.290184706,-0.211563841,0.0640599877,-0.153146595,-0.0445868224,0.0298807994,0.425683022,-0.268700093,0.0521831252,-0.010008309,0.260395825,0.000659605954,0.329287797,0.430364579,0.03532755,0.892702103,0.152728081,-0.030181732,0.136134654,0.361946344,-0.32016623,0.00280377641,0.967130303,-0.107018933,-0.0647433922,0.0149876522
0.235853673,3214767.08,0,0,0.0151453512,4.4060871e-06,0,0.185830984,0.000898122787,1,0.520953834,-0.00935697276,0.00176941103,-0.853531718,0.376553863,-0.127425015,-0.0466832221,-2.24207754e-44,2.24207754e-44,2.24207754e-44,-0.202277958,0.109905832,-0.11855258,0.39599821,-0.191789016,-0.122045912,-0.0994380191,-0.0816152766,0.000404780032,0.394309193,-0.279159576,0.08302515,-0.00350102526,0.00181902631,0.00215030392,0.361404121,0.402475566,0.0301983748,0.990819871,0.14430593,0.00408483902,0.119321011,0.315736651,-0.250553012,0.00138401648,0.97740823,-0.113298252,-0.062234249,0.0110427309,0.216282353,-0.275716662,0.0966690406,-0.120603547,0.0107158599,0.10079354,-0.541960418,0.0669005439,1.6133002,1.26519048,-0.823691428,-0.358072639,-0.285602897,-0.237956271,0.0444518179,0.0663627088,-0.381805718,-0.0347860307,-0.424498141,0.0948508382,0.48408097,-0.059952002,0.436115175,-0.324254692,0.242235139,-0.259307563,0.0661643147,-0.0240447298,0.0831215158,-0.159932286,0.197179317,-0.193374097,0.287121832,-0.213869482,0.070318386,-0.157504141,-0.0489423051,0.0334222093,0.433537155,-0.274435341,0.0511727966,-0.0115645118,0.258675784,0.000390840694,0.32914266,0.423630506,0.0332403295,0.889407337,0.153511271,-0.0284984373,0.134667948,0.363457471,-0.322063267,0.00396165624,0.966089249,-0.106505066,-0.0647856221,0.0155676389,-0.151821405,0.215744957,-0.201777741,0.280132383,-0.219130933,0.0845999122,-0.167447954,-0.058881402,0.0415036455,0.451460183,-0.287523061,0.048867248,-0.0151157286,0.254750729,-0.000222476199,0.328811467,0.408263505,0.0284773298,0.881888688,0.155298457,-0.024657201,0.131320983,0.366905808,-0.326392293,0.00660391897,0.963713586,-0.105332434,-0.0648819879,0.0168911573,-0.159614578,0.197906554,-0.193703279,0.286848038,-0.21407558,0.0708778054,-0.157893628,-0.0493316203,0.0337387621,0.434239209,-0.274948001,0.0510824844,-0.0117036141,0.258522034,0.000366816763,0.329129696,0.423028588,0.0330537595,0.88911283,0.153581277,-0.0283479765,0.134536847,0.363592535,-0.322232842,0.00406515598,0.965996206,-0.106459133,-0.0647893921,0.0156194819
0.246852854,3214767.09,0,0,0.0061164028,4.24683094e-06,0,0.180236995,0.026691556,1,0.52059716,-0.00846080575,-0.00114395772,-0.853759766,0.379929245,-0.075798884,-0.0416191444,-2.24207754e-44,2.24207754e-44,2.24207754e-44,-0.200088099,0.105853282,-0.117190048,0.395349383,-0.192337498,-0.120033115,-0.109805934,-0.0811024234,0.0217650495,0.416977257,-0.291391432,0.0803558826,-0.0060572722,-0.0016723111,0.00227305177,0.361268342,0.395899057,0.0290607773,0.983065546,0.14556168,0.0120084444,0.11800684,0.324074119,-0.255756915,0.00560980104,0.974209964,-0.112394407,-0.062469814,0.0126483962,0.0812518373,-0.263460845,0.0636298731,0.0216541439,-0.0738444924,0.185396299,-0.667975307,0.0348660573,1.30749965,1.42284811,-0.81164813,-0.212106511,-0.0846088529,-0.225123137,-0.0131862909,-0.0598774813,-0.424868613,-0.0991834998,-0.530616164,0.0673945621,0.49371931,-0.102303214,0.57891947,-0.321024537,0.288129091,-0.141294494,0.0437753648,-0.00848148111,0.120498054,-0.163619846,0.207840055,-0.197376415,0.293544948,-0.234721959,0.102654889,-0.173996061,-0.0685783252,0.0496039987,0.434769869,-0.29608804,0.0397004671,-0.00351050869,0.249904647,0.00562590361,0.337389827,0.407825261,0.0263840854,0.889186978,0.154779956,-0.0201507807,0.128296375,0.356833607,-0.327248931,0.00927709043,0.964364827,-0.109573387,-0.0621067397,0.0187084936,-0.158943087,0.219464839,-0.202598661,0.289671093,-0.238874972,0.112759352,-0.180741489,-0.0754723325,0.0552198663,0.445556074,-0.304963559,0.0377682038,-0.0052480856,0.24713318,0.00551091135,0.337588727,0.397867143,0.0232033208,0.884676516,0.155910671,-0.0174498707,0.125986427,0.358578473,-0.330089509,0.0111144148,0.962859988,-0.109019317,-0.0620354228,0.0196518488,-0.163394794,0.208399475,-0.197627723,0.293358535,-0.234921813,0.103141129,-0.174320668,-0.0689100847,0.0498742461,0.435288936,-0.296515137,0.0396074839,-0.00359412655,0.249771282,0.00562036969,0.337399393,0.40734607,0.0262310207,0.888969958,0.154834375,-0.020020809,0.128185213,0.35691756,-0.327385604,0.00936550647,0.964292407,-0.109546728,-0.062103305,0.0187538899
0.256853087,3214767.1,0,0,0.0161166359,4.24589962e-06,0,0.180236995,0.000543385744,1,0.520484746,-0.007871571,-0.0028791572,-0.853829861,0.332611769,-0.0862151533,-0.0268384106,-2.24207754e-44,2.24207754e-44,2.24207754e-44,-0.199599788,0.103425734,-0.11683891,0.39629212,-0.193663016,-0.117082208,-0.11587809,-0.0809949189,0.0318916887,0.43032667,-0.299273223,0.0781580508,-0.00638066279,-0.00356101641,0.0021637769,0.360161602,0.391317546,0.0278765094,0.977911532,0.146271989,0.0165031217,0.116829671,0.330030113,-0.259056926,0.00867210794,0.973454952,-0.112120017,-0.0624870919,0.0141136143,0.0404269136,-0.212866753,0.0187227726,0.124385454,-0.156018585,0.318018734,-0.572126389,-0.0202096961,0.723585844,1.29926765,-0.721497357,-0.116113782,-0.00444461219,-0.152967632,-0.00681559229,-0.139156714,-0.48749879,-0.125846907,-0.491708606,0.0708312914,0.40735966,-0.122926749,0.600531936,-0.334981591,0.306752533,-0.0447305962,0.020044053,0.0028929417,0.156141162,-0.161650926,0.212734103,-0.199574992,0.291914046,-0.236470386,0.106908888,-0.176835895,-0.0714807287,0.0519682914,0.439310908,-0.299824655,0.0388869792,-0.00424203277,0.248737857,0.0055774916,0.337473571,0.403632879,0.0250449777,0.887288094,0.155255988,-0.0190136917,0.127323881,0.357568204,-0.328444809,0.0100506097,0.963731289,-0.109340124,-0.0620767139,0.0191056505,-0.158943087,0.219464839,-0.202598661,0.289671093,-0.238874972,0.112759352,-0.180741489,-0.0754723325,0.0552198663,0.445556074,-0.304963559,0.0377682038,-0.0052480856,0.24713318,0.00551091135,0.337588727,0.397867143,0.0232033208,0.884676516,0.155910671,-0.0174498707,0.125986427,0.358578473,-0.330089509,0.0111144148,0.962859988,-0.109019317,-0.0620354228,0.0196518488,-0.161491275,0.213130951,-0.199753255,0.291781813,-0.236612156,0.10725382,-0.177066147,-0.0717160627,0.0521599948,0.439679086,-0.300127625,0.0388210192,-0.00430134684,0.248643249,0.00557356607,0.337480366,0.403292954,0.0249363929,0.887134075,0.155294582,-0.0189214908,0.127245024,0.357627749,-0.328541785,0.0101133287,0.96367991,-0.109321207,-0.0620742813,0.0191378519
0.266870954,3214767.11,0,0,0.0061654523,8.73301178e-06,0,0.183789991,0.0200077444,1,0.520388186,-0.00752507709,-0.00442128442,-0.853885233,0.277699113,-0.112629645,-0.0207592342,-2.24207754e-44,2.24207754e-44,2.24207754e-44,-0.199017733,0.101779878,-0.116849497,0.397531956,-0.195274383,-0.114146166,-0.120844722,-0.0812053755,0.0367721133,0.442376703,-0.305810928,0.07758376,-0.00623371499,-0.00465259422,0.00214134553,0.358594626,0.386029541,0.0265734158,0.973435938,0.146879718,0.0197790209,0.115598872,0.335995257,-0.262333333,0.0115122469,0.973243237,-0.11197231,-0.0622785538,0.0156392623,0.0754996985,-0.133433446,-0.0166237485,0.114634678,-0.15875107,0.27068761,-0.440283567,-0.0139652751,0.369101793,1.13222575,-0.612896383,-0.031238379,0.0184349995,-0.0820937231,0.000225145224,-0.162308529,-0.555503905,-0.132429525,-0.416422069,0.0517628379,0.271830797,-0.121532544,0.590111852,-0.319223821,0.262909085,-0.00993034616,0.0123686213,0.0352343693,0.14566873,-0.171449468,0.204345435,-0.192573696,0.305237859,-0.246933162,0.129681379,-0.189294964,-0.0875714049,0.068145968,0.435002446,-0.313845932,0.0255364105,0.00370936468,0.238544852,0.0124656316,0.341543972,0.399798721,0.0205137432,0.891768694,0.153973266,-0.00853011012,0.122418523,0.350903869,-0.334829301,0.0126552321,0.966230989,-0.11332576,-0.0602921508,0.0242910124,-0.170253932,0.207530871,-0.193961427,0.304317296,-0.248251393,0.132852733,-0.191375345,-0.0897425413,0.0699556917,0.438004613,-0.316551507,0.024809517,0.00332289981,0.237622157,0.0125252306,0.341654897,0.396922439,0.0195507463,0.890549123,0.154276863,-0.00762354583,0.121697553,0.351309627,-0.335720599,0.0132113211,0.965837538,-0.113221943,-0.0602480285,0.0246280506,-0.171356648,0.204592735,-0.192681432,0.305166394,-0.247035503,0.129927576,-0.189456463,-0.0877399519,0.0682864562,0.4352355,-0.314055979,0.0254799798,0.00367936306,0.238473207,0.0124702584,0.341552585,0.399575442,0.020438984,0.891673982,0.15399684,-0.00845973194,0.122362554,0.35093537,-0.334898472,0.0126984008,0.966200411,-0.113317706,-0.0602887273,0.0243171789
0.277872881,3214767.12,0,0,0.0171673791,7.34394416e-06,0,0.183789991,0.000233322382,1,0.519806743,-0.00710630883,-0.00603140239,-0.854233027,0.242649183,-0.0738135502,-0.144853383,-2.24207754e-44,2.24207754e-44,2.24207754e-44,-0.198660523,0.10071338,-0.116129659,0.39988032,-0.198168099,-0.108129591,-0.126451924,-0.0809332654,0.0412564054,0.455289185,-0.31285429,0.07716728,-0.00418982049,-0.0052830237,0.00159295264,0.356072932,0.379035383,0.0242017712,0.968726695,0.147232428,0.0229917411,0.11380025,0.342995077,-0.266275227,0.0145355696,0.973821342,-0.111938253,-0.0614289492,0.0182245672,0.0146876192,-0.0537080988,0.0724337399,0.230777994,-0.271649569,0.57004261,-0.444956243,0.0503420085,0.345480829,1.01024973,-0.567244828,-0.0376574881,0.215497196,-0.0203379523,-0.0566455796,-0.22647509,-0.611510575,-0.222033873,-0.371135652,0.0190238915,0.246439978,-0.163776681,0.552338958,-0.33424899,0.239559919,0.0950825214,-0.00152196561,0.0905696675,0.240151539,-0.1706637,0.206439078,-0.193485782,0.304632813,-0.247799575,0.131765753,-0.190662295,-0.0889983848,0.0693354085,0.436975598,-0.315624177,0.0250586607,0.00345536135,0.237938404,0.012504803,0.341616869,0.39790827,0.0198808163,0.890967131,0.154172808,-0.00793427229,0.121944666,0.35117054,-0.335415095,0.0130207203,0.965972364,-0.113257527,-0.0602631532,0.0245125331,-0.170253932,0.207530871,-0.193961427,0.304317296,-0.248251393,0.132852733,-0.191375345,-0.0897425413,0.0699556917,0.438004613,-0.316551507,0.024809517,0.00332289981,0.237622157,0.0125252306,0.341654897,0.396922439,0.0195507463,0.890549123,0.154276863,-0.00762354583,0.121697553,0.351309627,-0.335720599,0.0132113211,0.965837538,-0.113221943,-0.0602480285,0.0246280506,-0.170615792,0.206566751,-0.193541408,0.304595917,-0.247852415,0.13189286,-0.190745682,-0.0890854076,0.0694079325,0.43709594,-0.315732598,0.0250295252,0.00343986973,0.237901419,0.0125071919,0.341621339,0.397792995,0.0198422149,0.890918255,0.154184967,-0.00789793581,0.121915773,0.351186812,-0.335450828,0.0130430087,0.965956628,-0.11325337,-0.0602613837,0.024526041
0.287909136,3214767.13,0,0,0.007159709,4.31993976e-06,0,0.226848759,0.0334845483,1,0.519324005,-0.00685119256,-0.0069171628,-0.85452199,0.215132713,-0.0318033472,-0.150888905,-2.24207754e-44,2.24207754e-44,2.24207754e-44,-0.198808983,0.100433812,-0.115717649,0.402036607,-0.200512886,-0.102927655,-0.129761904,-0.0803682804,0.0437220894,0.462679058,-0.317146987,0.0769774839,-0.00244602025,-0.00519437576,0.00097910664,0.354186505,0.373929203,0.022210598,0.965995669,0.147337392,0.0247881711,0.112366751,0.347084343,-0.268980116,0.016248405,0.974957049,-0.111982323,-0.0604657643,0.0202493127,-0.074819617,-0.0358425491,0.0488464944,0.326022089,-0.326609671,0.78901583,-0.425415099,0.077812463,0.304183275,0.878753006,-0.519679487,-0.0138583072,0.24526,0.0253988896,-0.114991166,-0.255444378,-0.646073401,-0.289471358,-0.320705891,0.00959144998,0.232298434,-0.197567418,0.499591291,-0.343464762,0.193587527,0.170718327,-0.00946962368,0.155953497,0.280594975,-0.194706291,0.173654199,-0.17710641,0.320292979,-0.246402144,0.141213179,-0.18980661,-0.108537473,0.0819608793,0.425056577,-0.320766747,0.0128973722,0.0100122634,0.227730751,0.0227699764,0.34268406,0.406452358,0.0166117325,0.897923231,0.152106419,0.00217238814,0.118497781,0.346846223,-0.340937227,0.0123870485,0.968163788,-0.117009714,-0.0556758791,0.0289265327,-0.194643617,0.173850879,-0.17719011,0.320242018,-0.246495098,0.141448945,-0.189954579,-0.108711287,0.0821022838,0.425259948,-0.320965111,0.0128338505,0.0099908486,0.227655068,0.0227839798,0.342693001,0.406254768,0.0165397581,0.897842646,0.152126163,0.00224680873,0.118442953,0.346871138,-0.341006219,0.0124262162,0.968137741,-0.117005855,-0.0556683689,0.0289548244,-0.194693446,0.173694521,-0.177123576,0.320282549,-0.246421218,0.141261533,-0.189836949,-0.108573116,0.0819898769,0.42509827,-0.320807427,0.0128843486,0.0100078713,0.227715224,0.0227728467,0.342685878,0.406411827,0.0165969729,0.897906721,0.152110457,0.00218764693,0.118486539,0.346851319,-0.340951383,0.0123950802,0.968158484,-0.117008924,-0.0556743369,0.028932333
0.29885523,3214767.15,0,0,0.0181058031,4.61796299e-06,0,0.226848759,3.73721123e-05,1,0.518521428,-0.00641771313,-0.00788876042,-0.855004191,0.143332332,-0.0475130454,-0.150431573,-2.24207754e-44,2.24207754e-44,2.24207754e-44,-0.200128049,0.100413971,-0.115427956,0.406558037,-0.204712123,-0.0920634493,-0.134558275,-0.0789114982,0.0468304008,0.472304642,-0.322558582,0.0755596682,0.000802642899,-0.00411001686,-0.00049504824,0.350534052,0.365721017,0.0179290101,0.962939978,0.147399396,0.0274911113,0.109559901,0.352288961,-0.273314565,0.017944023,0.977746904,-0.112161957,-0.0579257458,0.0237995125,-0.0777636319,0.0302933287,-0.00136959797,0.35815078,-0.332343191,0.871770918,-0.332277209,0.150909752,0.220339194,0.724304318,-0.396822214,-0.152113959,0.253941476,0.134965196,-0.0888137519,-0.322579861,-0.716956675,-0.378827631,-0.208685771,0.0031169611,0.198866099,-0.253051728,0.365356416,-0.369917154,0.106227517,0.270385206,-0.0173534378,0.228268445,0.27322045,-0.194644272,0.173848808,-0.177189231,0.320242554,-0.246494114,0.141446471,-0.189953029,-0.108709462,0.0821007863,0.425257802,-0.320963025,0.0128345191,0.00999107398,0.227655858,0.0227838326,0.342692912,0.406256855,0.0165405124,0.89784348,0.152125955,0.00224602968,0.118443534,0.346870869,-0.341005504,0.0124258064,0.968138039,-0.117005892,-0.0556684472,0.0289545283,-0.194643617,0.173850879,-0.17719011,0.320242018,-0.246495098,0.141448945,-0.189954579,-0.108711287,0.0821022838,0.425259948,-0.320965111,0.0128338505,0.0099908486,0.227655068,0.0227839798,0.342693001,0.406254768,0.0165397581,0.897842646,0.152126163,0.00224680873,0.118442953,0.346871138,-0.341006219,0.0124262162,0.968137741,-0.117005855,-0.0556683689,0.0289548244,-0.19464381,0.173850268,-0.177189857,0.320242167,-0.2464948,0.1414482,-0.189954102,-0.108710729,0.0821018293,0.425259292,-0.320964485,0.0128340498,0.00999091566,0.227655306,0.0227839351,0.342692971,0.406255394,0.0165399835,0.897842884,0.152126104,0.00224658102,0.118443124,0.346871048,-0.341006011,0.0124260932,0.968137801,-0.11700587,-0.0556683913,0.0289547332
0.309869383,3214767.16,0,0,0.00907109026,4.57512215e-06,0,0.219399575,0.0472860634,1,0.517970145,-0.0063740043,-0.00852239784,-0.855332494,0.101118453,-0.0436415784,-0.117138281,-2.24207754e-44,2.24207754e-44,2.24207754e-44,-0.200645626,0.101013683,-0.115819804,0.409732282,-0.207708865,-0.0838089213,-0.13720277,-0.0771443397,0.0485535972,0.478556752,-0.325923055,0.0739863217,0.00286937342,-0.00234223832,-0.00128958153,0.34739536,0.358190864,0.0140050761,0.961334288,0.147416815,0.0290559661,0.10685163,0.355208188,-0.277054489,0.0186267029,0.980686009,-0.112384006,-0.0556235015,0.0260741916,-0.0747552961,0.0615131594,-0.0554462112,0.325633407,-0.29397127,0.891301215,-0.249731317,0.181725249,0.148299739,0.569073737,-0.304508448,-0.164937109,0.1941856,0.194288582,-0.101531841,-0.317665666,-0.76680845,-0.422395349,-0.126509637,0.000265274022,0.139860258,-0.290152907,0.261545181,-0.376694947,0.0446531139,0.300064713,-0.0377191678,0.251857787,0.210097969,-0.220431805,0.126564741,-0.15487805,0.339711189,-0.234907165,0.138422668,-0.18298012,-0.129011512,0.0922389999,0.411119461,-0.318064362,0.000887811184,0.0183963366,0.217888832,0.0360876024,0.347899318,0.422569215,0.0157457218,0.906323791,0.149712399,0.0106798634,0.116521142,0.343774348,-0.343409956,0.0115271062,0.970248044,-0.119974233,-0.0488149263,0.0326155759,-0.220431805,0.126564741,-0.15487805,0.339711189,-0.234907165,0.138422668,-0.18298012,-0.129011527,0.0922389925,0.411119461,-0.318064362,0.000887807924,0.0183963366,0.217888832,0.0360876024,0.347899318,0.422569215,0.0157457255,0.906323791,0.149712399,0.0106798615,0.116521142,0.343774348,-0.343409956,0.0115271062,0.970248044,-0.119974233,-0.0488149263,0.0326155759,-0.220431805,0.126564741,-0.15487805,0.339711189,-0.234907165,0.138422668,-0.18298012,-0.129011512,0.0922389999,0.411119461,-0.318064362,0.000887811184,0.0183963366,0.217888832,0.0360876024,0.347899318,0.422569215,0.0157457218,0.906323791,0.149712399,0.0106798634,0.116521142,0.343774348,-0.343409956,0.0115271062,0.970248044,-0.119974233,-0.0488149263,0.0326155759
0.319898439,3214767.17,0,0,0.0191001464,5.42821363e-06,0,0.219399575,0,1,0.517424107,-0.00610235985,-0.00907544699,-0.855659187,0.0936356112,-0.0134219909,-0.09528175,-2.24207754e-44,2.24207754e-44,2.24207754e-44,-0.202322453,0.101455539,-0.116537556,0.414277643,-0.21132201,-0.0703363121,-0.140173987,-0.0751042366,0.0501058772,0.484458894,-0.329088181,0.0718294084,0.00550602982,0.000160293654,-0.00297743431,0.343130141,0.348906964,0.00788154546,0.960471451,0.147388816,0.0307101179,0.102753982,0.357996881,-0.281709045,0.0189052019,0.984166324,-0.113328673,-0.0518008769,0.0285492856,-0.132482111,0.0350380838,-0.0715341866,0.365218997,-0.279627085,1.15285945,-0.209248081,0.169129774,0.10935387,0.428603768,-0.231920063,-0.183701783,0.215743512,0.225243047,-0.130366459,-0.368395507,-0.787647188,-0.546821237,-0.0442447774,-0.00326420274,0.125879854,-0.37104553,0.19313398,-0.396842182,0.0135711106,0.283063322,-0.0900633037,0.333165348,0.18883419,-0.220431805,0.126564741,-0.15487805,0.339711189,-0.234907165,0.138422668,-0.18298012,-0.129011512,0.0922389999,0.411119461,-0.318064362,0.000887811184,0.0183963366,0.217888832,0.0360876024,0.347899318,0.422569215,0.0157457218,0.906323791,0.149712399,0.0106798634,0.116521142,0.343774348,-0.343409956,0.0115271062,0.970248044,-0.119974233,-0.0488149263,0.0326155759,-0.220431805,0.126564741,-0.15487805,0.339711189,-0.234907165,0.138422668,-0.18298012,-0.129011527,0.0922389925,0.411119461,-0.318064362,0.000887807924,0.0183963366,0.217888832,0.0360876024,0.347899318,0.422569215,0.0157457255,0.906323791,0.149712399,0.0106798615,0.116521142,0.343774348,-0.343409956,0.0115271062,0.970248044,-0.119974233,-0.0488149263,0.0326155759,-0.220431805,0.126564741,-0.15487805,0.339711189,-0.234907165,0.138422668,-0.18298012,-0.129011512,0.0922389999,0.411119461,-0.318064362,0.000887811184,0.0183963366,0.217888832,0.0360876024,0.347899318,0.422569215,0.0157457218,0.906323791,0.149712399,0.0106798634,0.116521142,0.343774348,-0.343409956,0.0115271062,0.970248044,-0.119974233,-0.0488149263,0.0326155759
0.330868887,3214767.18,0,0,0.0101207849,6.05685636e-06,0,0.192722306,0.0443723872,1,0.517057717,-0.00593717583,-0.00949612539,-0.85587728,0.0975439921,0.00072910171,-0.0932042748,-2.24207754e-44,2.24207754e-44,2.24207754e-44,-0.203508645,0.101796344,-0.117308408,0.417639047,-0.213813618,-0.0587642193,-0.141935289,-0.0734400898,0.0510410294,0.488170147,-0.331085056,0.0699767917,0.00756592816,0.00253325165,-0.00418304605,0.339508176,0.340874881,0.00214931089,0.960183859,0.147346064,0.0317512117,0.0987287834,0.359442294,-0.285741866,0.0189852118,0.986817122,-0.114222251,-0.0484951623,0.0301170684,-0.151461378,0.0157549232,-0.0596726537,0.370477974,-0.254109085,1.27308452,-0.192965105,0.153923959,0.10221497,0.361354917,-0.187009543,-0.188608617,0.233624682,0.231914118,-0.131725624,-0.370839506,-0.798503399,-0.614115834,-0.0217296202,-0.00616548862,0.0981289595,-0.436809808,0.128003597,-0.404351205,0.00475252094,0.243607998,-0.0980260596,0.361469179,0.140405774,-0.234068096,0.0821923539,-0.134379521,0.36605081,-0.214739442,0.129593953,-0.178800762,-0.146942973,0.100419767,0.405028343,-0.294576705,-0.0129432306,0.0262921657,0.204812944,0.0479283482,0.355557919,0.444588929,0.0168528035,0.913673341,0.14692466,0.0167326331,0.114872865,0.341482371,-0.340600193,0.0110821761,0.972120702,-0.121781811,-0.0417326167,0.0339807197,-0.234068096,0.0821923539,-0.134379521,0.36605081,-0.214739442,0.129593953,-0.178800762,-0.146942973,0.10041976,0.405028343,-0.294576705,-0.0129432306,0.0262921657,0.204812944,0.0479283519,0.355557919,0.444588929,0.0168528054,0.913673341,0.14692466,0.0167326313,0.114872865,0.341482371,-0.340600193,0.0110821761,0.972120702,-0.121781811,-0.0417326167,0.0339807197,-0.234068096,0.0821923539,-0.134379521,0.36605081,-0.214739442,0.129593953,-0.178800762,-0.146942973,0.100419767,0.405028343,-0.294576705,-0.0129432306,0.0262921657,0.204812944,0.0479283482,0.355557919,0.444588929,0.0168528035,0.913673341,0.14692466,0.0167326331,0.114872865,0.341482371,-0.340600193,0.0110821761,0.972120702,-0.121781811,-0.0417326167,0.0339807197
0.341854868,3214767.19,0,0,0.00111640617,4.9402006e-06,0,0.181725249,0.0422167256,1,0.516527236,-0.00552445604,-0.0100119459,-0.856194377,0.1119342,0.0193859693,-0.109234445,-2.24207754e-44,2.24207754e-44,2.24207754e-44,-0.205745518,0.101685792,-0.117727317,0.422630012,-0.216945991,-0.0417320244,-0.144445881,-0.0718004778,0.0524311624,0.49239704,-0.333131462,0.0677143261,0.010858628,0.00528786751,-0.00569985202,0.334968269,0.331358641,-0.00593717769,0.959923029,0.147246838,0.0327339433,0.0927977413,0.360510439,-0.290645629,0.0190053638,0.989284337,-0.11550568,-0.0436821692,0.0314936601,-0.203583688,-0.023744233,-0.0229492225,0.440250844,-0.267231166,1.51715922,-0.214911968,0.127580851,0.122070409,0.34433189,-0.159228846,-0.186642379,0.29663825,0.232444242,-0.117669716,-0.380130053,-0.791948736,-0.711835742,-0.023092851,-0.00919338781,0.0681508482,-0.532645643,0.057899233,-0.413358629,0.000276187173,0.179110587,-0.111227326,0.422864616,0.096282877,-0.241265833,0.0399756283,-0.115135647,0.400923371,-0.198913872,0.117442384,-0.175337762,-0.163201034,0.110086776,0.399759889,-0.259248227,-0.0257280096,0.0317462385,0.183544785,0.0582379252,0.364528149,0.471997261,0.0217272416,0.91846782,0.143887237,0.0214576572,0.112493351,0.340131462,-0.335344493,0.0123945549,0.971519768,-0.12471725,-0.0353980511,0.0338543095,-0.241265833,0.0399756283,-0.115135647,0.400923371,-0.198913872,0.117442392,-0.175337747,-0.163201034,0.110086784,0.399759889,-0.259248227,-0.0257280078,0.0317462385,0.183544785,0.0582379289,0.364528149,0.471997261,0.0217272397,0.91846782,0.143887237,0.0214576572,0.112493351,0.340131462,-0.335344493,0.0123945549,0.971519768,-0.12471725,-0.0353980511,0.0338543095,-0.241265833,0.0399756283,-0.115135647,0.400923371,-0.198913872,0.117442384,-0.175337762,-0.163201034,0.110086776,0.399759889,-0.259248227,-0.0257280096,0.0317462385,0.183544785,0.0582379252,0.364528149,0.471997261,0.0217272416,0.91846782,0.143887237,0.0214576572,0.112493351,0.340131462,-0.335344493,0.0123945549,0.971519768,-0.12471725,-0.0353980511,0.0338543095
0.351855262,3214767.2,0,0,0.0111167999,5.21587208e-06,0,0.181725249,0,1,0.516220868,-0.00527748978,-0.0103665711,-0.856376469,0.107308172,0.00309576234,-0.0819720402,-2.24207754e-44,2.24207754e-44,2.24207754e-44,-0.207431719,0.101416998,-0.118022211,0.426383972,-0.219041169,-0.029921487,-0.145972595,-0.0708577558,0.0532548577,0.495044321,-0.334352165,0.0662473813,0.0130928094,0.00722756889,-0.00636165868,0.332119793,0.325002521,-0.011672128,0.959489107,0.147079155,0.0330924951,0.0882200897,0.360765308,-0.293978453,0.0189986248,0.990273595,-0.116461918,-0.0404013917,0.0320501365,-0.235207155,-0.0471745767,-0.0397997014,0.520505369,-0.276238889,1.51133895,-0.18913348,0.108777978,0.0969956443,0.335734963,-0.153276637,-0.181604818,0.277650118,0.244752452,-0.0640771016,-0.343175769,-0.789896548,-0.724489689,-0.0802015141,-0.0313791633,0.0340146571,-0.605186462,0.0193781294,-0.417506456,-0.0014573955,0.0872114226,-0.133747324,0.415655911,0.052361656,-0.241265833,0.0399756283,-0.115135647,0.400923371,-0.198913872,0.117442384,-0.175337762,-0.163201034,0.110086776,0.399759889,-0.259248227,-0.0257280096,0.0317462385,0.183544785,0.0582379252,0.364528149,0.471997261,0.0217272416,0.91846782,0.143887237,0.0214576572,0.112493351,0.340131462,-0.335344493,0.0123945549,0.971519768,-0.12471725,-0.0353980511,0.0338543095,-0.241265833,0.0399756283,-0.115135647,0.400923371,-0.198913872,0.117442392,-0.175337747,-0.163201034,0.110086784,0.399759889,-0.259248227,-0.0257280078,0.0317462385,0.183544785,0.0582379289,0.364528149,0.471997261,0.0217272397,0.91846782,0.143887237,0.0214576572,0.112493351,0.340131462,-0.335344493,0.0123945549,0.971519768,-0.12471725,-0.0353980511,0.0338543095,-0.241265833,0.0399756283,-0.115135647,0.400923371,-0.198913872,0.117442384,-0.175337762,-0.163201034,0.110086776,0.399759889,-0.259248227,-0.0257280096,0.0317462385,0.183544785,0.0582379252,0.364528149,0.471997261,0.0217272416,0.91846782,0.143887237,0.0214576572,0.112493351,0.340131462,-0.335344493,0.0123945549,0.971519768,-0.12471725,-0.0353980511,0.0338543095
0.361858767,3214767.21,0,0,0.00111120008,6.93323091e-06,0,0.22224104,0.0395002514,1,0.515889823,-0.00501152128,-0.010911515,-0.85657078,0.0935781077,-0.0170529243,-0.0524598733,-2.24207754e-44,2.24207754e-44,2.24207754e-44,-0.210171163,0.100777358,-0.118638888,0.432665557,-0.222192854,-0.0129964016,-0.147969678,-0.0696808621,0.0542197563,0.498982042,-0.336187273,0.0642008409,0.0161156841,0.0102816131,-0.0067472416,0.328670025,0.315435588,-0.0201982204,0.957837224,0.146649837,0.0332866274,0.0805346593,0.360492349,-0.298975378,0.0189690236,0.990806758,-0.118016399,-0.0360288732,0.0324035734,-0.207425892,-0.0520117022,-0.0607435219,0.492465258,-0.240546733,1.29725027,-0.14656961,0.092111364,0.0672828108,0.316405833,-0.151851296,-0.161297262,0.224901974,0.260848522,-0.0170603916,-0.239538133,-0.807946086,-0.691276848,-0.175247431,-0.0332882293,0.00691220164,-0.648599803,-0.0566621944,-0.413273215,-0.00309296185,0.0254883431,-0.116165817,0.312658101,0.0191000495,-0.247310936,0.00172903761,-0.0958140492,0.43648693,-0.195600584,0.106322393,-0.173352331,-0.169121921,0.116552539,0.396542609,-0.219747975,-0.0407807678,0.0349355564,0.15868184,0.063909933,0.371039391,0.501366615,0.0294032171,0.921862364,0.139775425,0.0242382139,0.111943267,0.34113878,-0.325597197,0.0157753155,0.971245944,-0.126381487,-0.0332709514,0.0333453789,-0.247310936,0.00172903761,-0.0958140492,0.43648693,-0.195600584,0.106322393,-0.173352316,-0.169121936,0.116552547,0.396542609,-0.219747975,-0.0407807678,0.0349355564,0.15868184,0.063909933,0.371039391,0.501366615,0.0294032209,0.921862364,0.139775425,0.0242382139,0.111943267,0.34113878,-0.325597197,0.0157753155,0.971245944,-0.126381487,-0.0332709514,0.0333453789,-0.247310936,0.00172903761,-0.0958140492,0.43648693,-0.195600584,0.106322393,-0.173352331,-0.169121921,0.116552539,0.396542609,-0.219747975,-0.0407807678,0.0349355564,0.15868184,0.063909933,0.371039391,0.501366615,0.0294032171,0.921862364,0.139775425,0.0242382139,0.111943267,0.34113878,-0.325597197,0.0157753155,0.971245944,-0.126381487,-0.0332709514,0.0333453789
0.372873733,3214767.22,0,0,0.0121261659,1.04559585e-05,0,0.22224104,0,1,0.515703321,-0.00482453732,-0.0113205174,-0.856678843,0.085135445,-0.00374370976,-0.042936381,-2.24207754e-44,2.24207754e-44,2.24207754e-44,-0.212761149,0.100099459,-0.119233482,0.438498914,-0.225032881,0.0007433719,-0.149579331,-0.0688380003,0.0548432954,0.502330422,-0.337786764,0.0625745654,0.0182065535,0.012892684,-0.00684775971,0.326793075,0.307427943,-0.0270312969,0.95558393,0.146004155,0.033209648,0.0738724098,0.359543324,-0.302969694,0.0189361516,0.990948439,-0.11915417,-0.0334538445,0.0325269401,-0.306737244,-0.0786923468,-0.054673072,0.668280184,-0.325683743,1.45065629,-0.178947046,0.0812822059,0.0640591756,0.355464041,-0.168052003,-0.164402753,0.206674397,0.261190891,-0.00651202444,-0.155629382,-0.790560186,-0.680953383,-0.255798966,-0.0930467248,-0.0243205298,-0.681226075,-0.118833989,-0.387659401,-0.00331480289,0.00855763722,-0.115695603,0.225489005,0.0088152932,-0.247310936,0.00172903761,-0.0958140492,0.43648693,-0.195600584,0.106322393,-0.173352331,-0.169121921,0.116552539,0.396542609,-0.219747975,-0.0407807678,0.0349355564,0.15868184,0.063909933,0.371039391,0.501366615,0.0294032171,0.921862364,0.139775425,0.0242382139,0.111943267,0.34113878,-0.325597197,0.0157753155,0.971245944,-0.126381487,-0.0332709514,0.0333453789,-0.247310936,0.00172903761,-0.0958140492,0.43648693,-0.195600584,0.106322393,-0.173352316,-0.169121936,0.116552547,0.396542609,-0.219747975,-0.0407807678,0.0349355564,0.15868184,0.063909933,0.371039391,0.501366615,0.0294032209,0.921862364,0.139775425,0.0242382139,0.111943267,0.34113878,-0.325597197,0.0157753155,0.971245944,-0.126381487,-0.0332709514,0.0333453789,-0.247310936,0.00172903761,-0.0958140492,0.43648693,-0.195600584,0.106322393,-0.173352331,-0.169121921,0.116552539,0.396542609,-0.219747975,-0.0407807678,0.0349355564,0.15868184,0.063909933,0.371039391,0.501366615,0.0294032171,0.921862364,0.139775425,0.0242382139,0.111943267,0.34113878,-0.325597197,0.0157753155,0.971245944,-0.126381487,-0.0332709514,0.0333453789
0.383862603,3214767.23,0,0,0.00315102795,8.40425491e-06,0,0.188532751,0.0362275094,1,0.515542209,-0.00469042035,-0.0115975486,-0.85677284,0.0707606152,-0.0135940509,-0.0493950732,-2.24207754e-44,2.24207754e-44,2.24207754e-44,-0.215177,0.0995307043,-0.119630337,0.443878621,-0.227650329,0.0115863504,-0.150985569,-0.068167448,0.0553857051,0.505218685,-0.339178652,0.0613105074,0.0198014975,0.0150039336,-0.00684109377,0.325897127,0.301121473,-0.0323083997,0.953435898,0.14515686,0.0327430554,0.0684655011,0.35834071,-0.30592519,0.0189082716,0.990989923,-0.119991973,-0.0319759063,0.0325792655,-0.286366969,-0.0646544173,-0.0474538878,0.658204019,-0.32056731,1.27649999,-0.166416228,0.0851444602,0.0690433681,0.359918952,-0.176764652,-0.152791485,0.192227378,0.26496315,0.00867571961,-0.0862629265,-0.788929582,-0.643282712,-0.271170825,-0.109136134,-0.0802260786,-0.666790128,-0.170521051,-0.357188225,-0.00361355417,0.00370379188,-0.0960322171,0.160799339,0.00551512931,-0.255484372,-0.0338934287,-0.0736462027,0.472608268,-0.203272879,0.096461609,-0.171929151,-0.17064473,0.121522434,0.393338233,-0.183520466,-0.0582185909,0.0360015593,0.13622953,0.0637350976,0.371546179,0.52868104,0.037499357,0.921655118,0.134867027,0.0240575075,0.111865312,0.344455749,-0.314724267,0.0208849274,0.971221089,-0.127377301,-0.034674786,0.0327286124,-0.255484372,-0.0338934287,-0.0736462027,0.472608268,-0.203272879,0.0964616165,-0.171929151,-0.170644745,0.121522442,0.393338233,-0.183520466,-0.0582185909,0.0360015593,0.13622953,0.0637350976,0.371546179,0.52868104,0.037499357,0.921655118,0.134867027,0.0240575075,0.111865312,0.344455749,-0.314724267,0.0208849274,0.971221089,-0.127377301,-0.034674786,0.0327286124,-0.255484372,-0.0338934287,-0.0736462027,0.472608268,-0.203272879,0.096461609,-0.171929151,-0.17064473,0.121522434,0.393338233,-0.183520466,-0.0582185909,0.0360015593,0.13622953,0.0637350976,0.371546179,0.52868104,0.037499357,0.921655118,0.134867027,0.0240575075,0.111865312,0.344455749,-0.314724267,0.0208849274,0.971221089,-0.127377301,-0.034674786,0.0327286124
0.39386373,3214767.24,0,0,0.0131521551,7.49202445e-06,0,0.188532751,0,1,0.51525265,-0.00454932265,-0.0118956938,-0.856943727,0.0269945636,-0.00848967582,-0.0547994934,-2.24207754e-44,2.24207754e-44,2.24207754e-44,-0.220375314,0.0986530632,-0.120187983,0.455376238,-0.233378083,0.0306268409,-0.153618559,-0.0668103844,0.0563231856,0.510648727,-0.341862798,0.0590940565,0.0223871283,0.018885497,-0.00666012894,0.325357795,0.290376455,-0.0409825109,0.949595094,0.142870501,0.0307244528,0.0591481477,0.355439365,-0.310362041,0.0188751202,0.990986884,-0.121200055,-0.0308157839,0.0326118134,-0.406555921,-0.0513654016,-0.0286864378,0.908310413,-0.453762293,1.33428037,-0.192337707,0.109054022,0.0710432678,0.405096471,-0.202605218,-0.157301366,0.189861238,0.285785556,0.025359014,-0.0164480377,-0.750304461,-0.598047853,-0.260974109,-0.19600071,-0.188242227,-0.660140693,-0.231448188,-0.280486315,-0.00154974929,-0.00258321688,-0.0776257291,0.0392894037,0.00040745383,-0.255484372,-0.0338934287,-0.0736462027,0.472608268,-0.203272879,0.096461609,-0.171929151,-0.17064473,0.121522434,0.393338233,-0.183520466,-0.0582185909,0.0360015593,0.13622953,0.0637350976,0.371546179,0.52868104,0.037499357,0.921655118,0.134867027,0.0240575075,0.111865312,0.344455749,-0.314724267,0.0208849274,0.971221089,-0.127377301,-0.034674786,0.0327286124,-0.255484372,-0.0338934287,-0.0736462027,0.472608268,-0.203272879,0.0964616165,-0.171929151,-0.170644745,0.121522442,0.393338233,-0.183520466,-0.0582185909,0.0360015593,0.13622953,0.0637350976,0.371546179,0.52868104,0.037499357,0.921655118,0.134867027,0.0240575075,0.111865312,0.344455749,-0.314724267,0.0208849274,0.971221089,-0.127377301,-0.034674786,0.0327286124,-0.255484372,-0.0338934287,-0.0736462027,0.472608268,-0.203272879,0.096461609,-0.171929151,-0.17064473,0.121522434,0.393338233,-0.183520466,-0.0582185909,0.0360015593,0.13622953,0.0637350976,0.371546179,0.52868104,0.037499357,0.921655118,0.134867027,0.0240575075,0.111865312,0.344455749,-0.314724267,0.0208849274,0.971221089,-0.127377301,-0.034674786,0.0327286124
0.403923875,3214767.25,0,0,0.00319282059,6.00796193e-06,2.2766028e-06,0.203123316,0.0320939422,1,0.514993489,-0.0046878322,-0.0120730884,-0.857096255,0.0105220368,-0.0628404468,-0.0600384213,-2.24207754e-44,2.24207754e-44,2.24207754e-44,-0.22374934,0.0983254164,-0.120386772,0.46388936,-0.237660885,0.0419235788,-0.15506196,-0.0656913966,0.0570591949,0.514591396,-0.343948901,0.0576723814,0.0242261868,0.0216907542,-0.00603314722,0.325326055,0.282944679,-0.0465465151,0.947336137,0.140981972,0.0285935234,0.052912686,0.352823734,-0.312686652,0.0188620258,0.990951002,-0.121817261,-0.030593548,0.0326082334,-0.286895692,-0.0242304727,-0.0163616147,0.799770832,-0.407524139,1.00468123,-0.111360773,0.109778628,0.0726580247,0.383199662,-0.211903363,-0.130560651,0.174059808,0.272936046,0.0811215639,0.00829125568,-0.739380181,-0.526831806,-0.201477885,-0.178270772,-0.223170921,-0.59283334,-0.280160904,-0.19825092,-0.00118902535,-0.00405075122,-0.0512170084,0.0145344334,-0.000687460939,-0.264552027,-0.0615022779,-0.052022282,0.50470221,-0.219626948,0.0852751285,-0.177380532,-0.172761142,0.124248274,0.388149023,-0.163141564,-0.0763331875,0.0358585417,0.118377924,0.0614647195,0.362084836,0.550049186,0.0447729342,0.916532576,0.129866391,0.019863449,0.111453906,0.348087817,-0.304055363,0.0267994925,0.971213043,-0.127928823,-0.0384193696,0.0313564539,-0.264552027,-0.0615022779,-0.052022282,0.50470221,-0.219626948,0.0852751285,-0.177380517,-0.172761157,0.124248266,0.388149023,-0.163141564,-0.0763331801,0.0358585417,0.118377917,0.0614647232,0.362084836,0.550049186,0.0447729342,0.916532576,0.129866391,0.0198634509,0.111453906,0.348087817,-0.304055363,0.0267994925,0.971213043,-0.127928823,-0.0384193696,0.0313564539,-0.264552027,-0.0615022779,-0.052022282,0.50470221,-0.219626948,0.0852751285,-0.177380532,-0.172761142,0.124248274,0.388149023,-0.163141564,-0.0763331875,0.0358585417,0.118377924,0.0614647195,0.362084836,0.550049186,0.0447729342,0.916532576,0.129866391,0.019863449,0.111453906,0.348087817,-0.304055363,0.0267994925,0.971213043,-0.127928823,-0.0384193696,0.0313564539
0.414865227,3214767.26,0,0,0.0141341728,9.84594226e-06,0.000210571277,0.203123316,0,1,0.514877856,-0.00480495021,-0.0122421039,-0.857162654,0.0194132924,-0.0101903286,0.00497772358,-2.24207754e-44,2.24207754e-44,2.24207754e-44,-0.228697926,0.0979756415,-0.119445018,0.475624532,-0.242353991,0.0518913977,-0.156722873,-0.0647096261,0.0575778335,0.519300282,-0.346656829,0.0560993887,0.0258238744,0.0245499592,-0.0055244714,0.325655907,0.27447775,-0.0523965657,0.945307493,0.138588369,0.0257522333,0.0461308062,0.349366903,-0.314151287,0.0188758895,0.990874112,-0.122339837,-0.0306567308,0.0325669646,-0.509475112,-0.0341128036,0.164166048,1.11914861,-0.370747954,0.74360925,-0.15726696,0.0581382439,0.0235886537,0.399638951,-0.235343665,-0.130207509,0.109236442,0.209164172,0.0181133617,0.0342247598,-0.677027345,-0.460558563,-0.14624095,-0.217664599,-0.242040634,-0.550309718,-0.288782597,-0.0673150793,0.00344433542,-0.00896058604,-0.0396165811,-0.0198312271,-0.00515176635,-0.264552027,-0.0615022779,-0.052022282,0.50470221,-0.219626948,0.0852751285,-0.177380532,-0.172761142,0.124248274,0.388149023,-0.163141564,-0.0763331875,0.0358585417,0.118377924,0.0614647195,0.362084836,0.550049186,0.0447729342,0.916532576,0.129866391,0.019863449,0.111453906,0.348087817,-0.304055363,0.0267994925,0.971213043,-0.127928823,-0.0384193696,0.0313564539,-0.264552027,-0.0615022779,-0.052022282,0.50470221,-0.219626948,0.0852751285,-0.177380517,-0.172761157,0.124248266,0.388149023,-0.163141564,-0.0763331801,0.0358585417,0.118377917,0.0614647232,0.362084836,0.550049186,0.0447729342,0.916532576,0.129866391,0.0198634509,0.111453906,0.348087817,-0.304055363,0.0267994925,0.971213043,-0.127928823,-0.0384193696,0.0313564539,-0.264552027,-0.0615022779,-0.052022282,0.50470221,-0.219626948,0.0852751285,-0.177380532,-0.172761142,0.124248274,0.388149023,-0.163141564,-0.0763331875,0.0358585417,0.118377924,0.0614647195,0.362084836,0.550049186,0.0447729342,0.916532576,0.129866391,0.019863449,0.111453906,0.348087817,-0.304055363,0.0267994925,0.971213043,-0.127928823,-0.0384193696,0.0313564539
0.425855746,3214767.27,0,0,0.00514631113,5.54090366e-06,0.00115735282,0.18485589,0.0214649439,1,0.514972806,-0.00486481702,-0.012412223,-0.857102811,0.0238809772,-0.0238728151,0.0344573073,-2.24207754e-44,2.24207754e-44,2.24207754e-44,-0.2335338,0.0978508592,-0.116049863,0.486686558,-0.246079713,0.058449693,-0.157904595,-0.0643497407,0.0576994754,0.523112178,-0.349048585,0.0549335741,0.0268042125,0.0263615977,-0.00521100918,0.325970888,0.267951757,-0.056639038,0.944170058,0.136459395,0.023451671,0.0409468412,0.346518993,-0.314292222,0.0189996604,0.990706265,-0.122660704,-0.030979909,0.0324815065,-0.49162668,0.0221288204,0.566065669,1.12998211,-0.444354624,0.532932043,-0.113530837,0.023520438,0.00504669407,0.376806051,-0.243026912,-0.112010531,0.0976258442,0.165043652,0.0227446947,0.0273326654,-0.631429613,-0.406005293,-0.0900430679,-0.221054226,-0.227452576,-0.504957855,-0.270611733,0.0170772392,0.0376992002,-0.0248958413,-0.0272539109,-0.0545395948,-0.02073122,-0.274544835,-0.072295703,-0.0363958851,0.526167154,-0.233275801,0.0742239207,-0.185317069,-0.172125757,0.127649933,0.387043715,-0.150960892,-0.089079462,0.0371283442,0.108305633,0.0568288416,0.34563601,0.562484026,0.0489522442,0.908438683,0.123880044,0.011636138,0.10897778,0.347463399,-0.296209157,0.0335285254,0.970647931,-0.127809927,-0.0421556793,0.02909448,-0.274544835,-0.072295703,-0.0363958851,0.526167154,-0.233275801,0.0742239207,-0.185317069,-0.172125757,0.127649948,0.387043715,-0.150960892,-0.0890794694,0.0371283442,0.108305626,0.0568288453,0.34563601,0.562484026,0.0489522442,0.908438683,0.123880044,0.0116361398,0.10897778,0.347463399,-0.296209157,0.0335285254,0.970647931,-0.127809927,-0.0421556793,0.0290944818,-0.274544835,-0.072295703,-0.0363958851,0.526167154,-0.233275801,0.0742239207,-0.185317069,-0.172125757,0.127649933,0.387043715,-0.150960892,-0.089079462,0.0371283442,0.108305633,0.0568288416,0.34563601,0.562484026,0.0489522442,0.908438683,0.123880044,0.011636138,0.10897778,0.347463399,-0.296209157,0.0335285254,0.970647931,-0.127809927,-0.0421556793,0.02909448
0.435858981,3214767.28,0,0,0.0151495459,5.19072637e-06,0.0030793061,0.18485589,0,1,0.515047491,-0.00483314414,-0.0124494592,-0.857057631,0.025125837,0.0104292613,0.0466647111,-2.24207754e-44,2.24207754e-44,2.24207754e-44,-0.23574771,0.0980037078,-0.113091253,0.491567731,-0.248266652,0.0599981323,-0.158487946,-0.0642903,0.0577055328,0.5246526,-0.350035429,0.0544815063,0.0272301156,0.0269680098,-0.00525485491,0.326056153,0.265523612,-0.0582350716,0.943893194,0.13548094,0.0225134604,0.0389189608,0.345526487,-0.314140141,0.0193191748,0.990579844,-0.122759745,-0.0313346647,0.032317251,-0.56716156,0.0408729538,0.787467718,1.24229479,-0.576561928,0.349004745,-0.152042851,0.0114569599,6.97140058e-05,0.386380583,-0.247720227,-0.112543322,0.10837891,0.146719053,-0.0179329794,0.0190694816,-0.599389195,-0.3956379,-0.0630888939,-0.251016736,-0.235993028,-0.506826758,-0.242160335,0.0455093794,0.0924312323,-0.0336950496,-0.0240471046,-0.0984397009,-0.046615392,-0.274544835,-0.072295703,-0.0363958851,0.526167154,-0.233275801,0.0742239207,-0.185317069,-0.172125757,0.127649933,0.387043715,-0.150960892,-0.089079462,0.0371283442,0.108305633,0.0568288416,0.34563601,0.562484026,0.0489522442,0.908438683,0.123880044,0.011636138,0.10897778,0.347463399,-0.296209157,0.0335285254,0.970647931,-0.127809927,-0.0421556793,0.02909448,-0.274544835,-0.072295703,-0.0363958851,0.526167154,-0.233275801,0.0742239207,-0.185317069,-0.172125757,0.127649948,0.387043715,-0.150960892,-0.0890794694,0.0371283442,0.108305626,0.0568288453,0.34563601,0.562484026,0.0489522442,0.908438683,0.123880044,0.0116361398,0.10897778,0.347463399,-0.296209157,0.0335285254,0.970647931,-0.127809927,-0.0421556793,0.0290944818,-0.274544835,-0.072295703,-0.0363958851,0.526167154,-0.233275801,0.0742239207,-0.185317069,-0.172125757,0.127649933,0.387043715,-0.150960892,-0.089079462,0.0371283442,0.108305633,0.0568288416,0.34563601,0.562484026,0.0489522442,0.908438683,0.123880044,0.011636138,0.10897778,0.347463399,-0.296209157,0.0335285254,0.970647931,-0.127809927,-0.0421556793,0.02909448
0.445866666,3214767.29,0,0,0.00478558708,4.71994281e-06,0.00634337822,0.370488036,0.0217026472,1,0.515552223,-0.00473779486,-0.0125748804,-0.856752753,0.011329947,0.0062253233,0.0875379369,-2.24207754e-44,2.24207754e-44,2.24207754e-44,-0.243943125,0.0965274498,-0.0994196907,0.510416925,-0.253670663,0.0639630705,-0.160314247,-0.0645478219,0.0574312843,0.530361056,-0.353996187,0.053089451,0.0290217567,0.0289611109,-0.0054525258,0.326199472,0.256576031,-0.0637768805,0.943371594,0.131225079,0.0190029368,0.0311979093,0.34220317,-0.312480181,0.0218733922,0.989712179,-0.123087384,-0.0335844606,0.0313410684,-0.450377852,-0.134912476,0.913983583,1.12080514,-0.626930773,0.212556124,-0.0921136141,-0.0249941107,-0.02818878,0.326466948,-0.241033942,-0.0739702657,0.119754449,0.104997814,-0.0241528433,0.00771376397,-0.518391192,-0.305091798,-0.0147756003,-0.2738446,-0.198841482,-0.463865697,-0.181992114,0.161849126,0.20021227,-0.0593142137,-0.0179792326,-0.160424963,-0.0641046911,-0.281764299,-0.0636436269,-0.0274523459,0.527091861,-0.240541145,0.0645633638,-0.19382897,-0.170145214,0.129730254,0.393532783,-0.145999968,-0.0967613086,0.0373718515,0.107638255,0.0508191884,0.323933363,0.565899491,0.0500215553,0.900814056,0.117347382,0.00050099194,0.103874646,0.345176101,-0.290280372,0.0394885279,0.970396042,-0.126528978,-0.0458188429,0.0276269354,-0.281764299,-0.0636436269,-0.0274523459,0.527091861,-0.240541145,0.0645633638,-0.19382897,-0.170145229,0.129730254,0.393532783,-0.145999968,-0.0967613161,0.0373718515,0.107638255,0.0508191921,0.323933363,0.565899491,0.0500215553,0.900814056,0.117347382,0.0005009952,0.103874646,0.345176101,-0.290280372,0.0394885279,0.970396042,-0.126528978,-0.0458188429,0.0276269373,-0.281764299,-0.0636436269,-0.0274523459,0.527091861,-0.240541145,0.0645633638,-0.19382897,-0.170145214,0.129730254,0.393532783,-0.145999968,-0.0967613086,0.0373718515,0.107638255,0.0508191884,0.323933363,0.565899491,0.0500215553,0.900814056,0.117347382,0.00050099194,0.103874646,0.345176101,-0.290280372,0.0394885279,0.970396042,-0.126528978,-0.0458188429,0.0276269354
0.456853679,3214767.3,0,0,0.0157726002,4.43123281e-06,0.0117901294,0.370488036,0,1,0.515887558,-0.00458706915,-0.0125322547,-0.856552362,-0.00189184002,0.0312205721,0.0757363215,-2.24207754e-44,2.24207754e-44,2.24207754e-44,-0.247661874,0.0946712494,-0.0901418328,0.519241929,-0.257690877,0.0650906116,-0.161463797,-0.0648257434,0.0572791621,0.533591986,-0.356380075,0.0524061993,0.0305289328,0.0297386702,-0.00599480839,0.326286703,0.2519072,-0.0665012822,0.943305075,0.128161237,0.0170800947,0.0265395343,0.340615213,-0.310324609,0.0243750215,0.989162982,-0.123240866,-0.0354635343,0.0305869468,-0.283826649,-0.329375714,0.775233507,0.619837523,0.202936709,0.0663773715,-0.104344591,-0.0273946505,-0.012924104,0.308168232,-0.234060094,-0.0551353022,0.163008854,0.0822005644,-0.0546489321,0.0079869777,-0.452541202,-0.248592719,-0.00298924418,-0.312309742,-0.181809813,-0.457262903,-0.144775629,0.234200135,0.267930359,-0.0623221211,-0.0141345263,-0.193515927,-0.0726882741,-0.281764299,-0.0636436269,-0.0274523459,0.527091861,-0.240541145,0.0645633638,-0.19382897,-0.170145214,0.129730254,0.393532783,-0.145999968,-0.0967613086,0.0373718515,0.107638255,0.0508191884,0.323933363,0.565899491,0.0500215553,0.900814056,0.117347382,0.00050099194,0.103874646,0.345176101,-0.290280372,0.0394885279,0.970396042,-0.126528978,-0.0458188429,0.0276269354,-0.281764299,-0.0636436269,-0.0274523459,0.527091861,-0.240541145,0.0645633638,-0.19382897,-0.170145229,0.129730254,0.393532783,-0.145999968,-0.0967613161,0.0373718515,0.107638255,0.0508191921,0.323933363,0.565899491,0.0500215553,0.900814056,0.117347382,0.0005009952,0.103874646,0.345176101,-0.290280372,0.0394885279,0.970396042,-0.126528978,-0.0458188429,0.0276269373,-0.281764299,-0.0636436269,-0.0274523459,0.527091861,-0.240541145,0.0645633638,-0.19382897,-0.170145214,0.129730254,0.393532783,-0.145999968,-0.0967613086,0.0373718515,0.107638255,0.0508191884,0.323933363,0.565899491,0.0500215553,0.900814056,0.117347382,0.00050099194,0.103874646,0.345176101,-0.290280372,0.0394885279,0.970396042,-0.126528978,-0.0458188429,0.0276269354
0.466854057,3214767.31,0,0,0.00615940802,4.4289045e-06,0.0186803676,0.18164888,0.0219952017,1,0.516527295,-0.0045061782,-0.0122409053,-0.85617137,-0.0511870421,0.0536765903,0.122902505,-2.24207754e-44,2.24207754e-44,2.24207754e-44,-0.250315964,0.0913255811,-0.0812979341,0.526141822,-0.263893515,0.065752387,-0.162247464,-0.0650246516,0.0564659797,0.536555409,-0.358947247,0.0518525392,0.0319502503,0.0306186117,-0.0066690403,0.326422572,0.247112677,-0.0688453838,0.943335593,0.124601342,0.0150877154,0.021512581,0.338863313,-0.306598365,0.0275537614,0.988449097,-0.123395041,-0.0375228971,0.0299330764,-0.121596962,-0.358590394,0.616064787,0.250199616,0.0212448258,0.00672691641,-0.0685600415,-0.00659193983,-0.0707897171,0.22712642,-0.205950797,-0.035280399,0.126977444,0.0733475685,-0.0761289001,0.0148542104,-0.371684283,-0.161207527,0.0208417773,-0.289041638,-0.172148377,-0.396690756,-0.129080877,0.347679466,0.259055257,-0.0693335086,-0.0107361041,-0.161339566,-0.049295608,-0.276779115,-0.0416484252,-0.0273254812,0.505821228,-0.227693915,0.055353567,-0.203300625,-0.165554494,0.129410744,0.403503716,-0.154396534,-0.0982747898,0.0363605507,0.11218375,0.0447917134,0.304056436,0.558373332,0.049016118,0.895960808,0.111601524,-0.0130280554,0.0970311388,0.345717937,-0.289863527,0.0407440476,0.969056487,-0.124036469,-0.0480419323,0.0257525295,-0.276779115,-0.0416484252,-0.0273254812,0.505821228,-0.227693915,0.0553535707,-0.203300625,-0.165554494,0.129410744,0.403503716,-0.154396534,-0.0982747898,0.0363605507,0.112183742,0.0447917171,0.304056436,0.558373332,0.049016118,0.895960808,0.111601524,-0.0130280517,0.0970311388,0.345717937,-0.289863527,0.0407440476,0.969056487,-0.124036469,-0.0480419323,0.0257525295,-0.276779115,-0.0416484252,-0.0273254812,0.505821228,-0.227693915,0.055353567,-0.203300625,-0.165554494,0.129410744,0.403503716,-0.154396534,-0.0982747898,0.0363605507,0.11218375,0.0447917134,0.304056436,0.558373332,0.049016118,0.895960808,0.111601524,-0.0130280554,0.0970311388,0.345717937,-0.289863527,0.0407440476,0.969056487,-0.124036469,-0.0480419323,0.0257525295
0.476870073,3214767.32,0,0,0.0161754242,7.75186345e-06,0.0276065748,0.18164888,0,1,0.516886532,-0.00428792182,-0.0118618309,-0.855960965,-0.0420233645,0.112348408,0.0962316766,-2.24207754e-44,2.24207754e-44,2.24207754e-44,-0.250842333,0.0897643492,-0.0755883232,0.526946366,-0.267875105,0.065670073,-0.163228348,-0.0649623498,0.056044694,0.538440704,-0.360566914,0.0515358336,0.0331123248,0.0308443923,-0.00762763247,0.326599121,0.244690761,-0.0697666854,0.943769395,0.122123905,0.0133316601,0.0183680225,0.337880313,-0.303216934,0.0296222549,0.987896621,-0.123453736,-0.0388104022,0.0294343457,-0.0569222607,-0.173759639,0.565237761,0.0615363568,-0.62529552,-0.0489698611,-0.14416717,0.00311760535,-0.0422051214,0.238601655,-0.19975093,-0.0387813784,0.14715752,-0.0105371149,-0.127540812,0.0214550477,-0.262753159,-0.0855694935,0.0687429905,-0.316780597,-0.23757495,-0.384079069,-0.132523924,0.469804019,0.255701602,-0.0649083182,-0.00586442417,-0.155647263,-0.0649985671,-0.276779115,-0.0416484252,-0.0273254812,0.505821228,-0.227693915,0.055353567,-0.203300625,-0.165554494,0.129410744,0.403503716,-0.154396534,-0.0982747898,0.0363605507,0.11218375,0.0447917134,0.304056436,0.558373332,0.049016118,0.895960808,0.111601524,-0.0130280554,0.0970311388,0.345717937,-0.289863527,0.0407440476,0.969056487,-0.124036469,-0.0480419323,0.0257525295,-0.276779115,-0.0416484252,-0.0273254812,0.505821228,-0.227693915,0.0553535707,-0.203300625,-0.165554494,0.129410744,0.403503716,-0.154396534,-0.0982747898,0.0363605507,0.112183742,0.0447917171,0.304056436,0.558373332,0.049016118,0.895960808,0.111601524,-0.0130280517,0.0970311388,0.345717937,-0.289863527,0.0407440476,0.969056487,-0.124036469,-0.0480419323,0.0257525295,-0.276779115,-0.0416484252,-0.0273254812,0.505821228,-0.227693915,0.055353567,-0.203300625,-0.165554494,0.129410744,0.403503716,-0.154396534,-0.0982747898,0.0363605507,0.11218375,0.0447917134,0.304056436,0.558373332,0.049016118,0.895960808,0.111601524,-0.0130280554,0.0970311388,0.345717937,-0.289863527,0.0407440476,0.969056487,-0.124036469,-0.0480419323,0.0257525295
0.48785399,3214767.33,0,0,0.00713533722,4.50899825e-06,0.0398784205,0.195879024,0.0406576991,1,0.517212212,-0.00369645981,-0.0115704387,-0.855771005,0.0564404055,0.0954120532,0.00704320706,-2.24207754e-44,2.24207754e-44,2.24207754e-44,-0.250980437,0.0877119899,-0.0735171437,0.525963724,-0.27097851,0.0605754629,-0.165030494,-0.0653520599,0.0561434515,0.541206479,-0.362791598,0.0511861481,0.0348903537,0.0292795915,-0.00869234558,0.326725274,0.242707849,-0.0702425241,0.945059538,0.118124597,0.0100118285,0.0143256029,0.335682422,-0.296252966,0.0324815176,0.987204671,-0.123465583,-0.0401988029,0.0285565481,0.108412981,-0.129736111,0.0697216988,-0.317807168,0.0692594275,-0.930338025,-0.144973889,-0.056370385,0.074794285,0.225100785,-0.17328611,-0.0215448588,0.167378753,-0.223317713,-0.0521316901,0.00529392622,-0.0939555988,-0.0116839902,0.170646682,-0.36041373,-0.349661469,-0.303822726,-0.218273044,0.655967176,0.220465854,-0.0624354593,0.00557468226,-0.0718665719,-0.101116642,-0.261505961,-0.0178313721,-0.0326919109,0.473294377,-0.187036216,0.0495967269,-0.20891428,-0.152450889,0.12499211,0.413560867,-0.163529381,-0.089857243,0.0331179649,0.119747698,0.0402272865,0.293353051,0.540173888,0.0462776795,0.892829478,0.10812483,-0.0264019296,0.0876860023,0.351650178,-0.298666537,0.0374641232,0.969288468,-0.119150132,-0.0459136553,0.0223589055,-0.261505961,-0.0178313721,-0.0326919109,0.473294377,-0.187036216,0.0495967232,-0.20891428,-0.152450904,0.124992117,0.413560867,-0.163529381,-0.0898572356,0.0331179649,0.119747698,0.0402272865,0.293353051,0.540173888,0.0462776795,0.892829478,0.10812483,-0.0264019296,0.0876860023,0.351650178,-0.298666537,0.0374641232,0.969288468,-0.119150132,-0.0459136553,0.0223589055,-0.261505961,-0.0178313721,-0.0326919109,0.473294377,-0.187036216,0.0495967269,-0.20891428,-0.152450889,0.12499211,0.413560867,-0.163529381,-0.089857243,0.0331179649,0.119747698,0.0402272865,0.293353051,0.540173888,0.0462776795,0.892829478,0.10812483,-0.0264019296,0.0876860023,0.351650178,-0.298666537,0.0374641232,0.969288468,-0.119150132,-0.0459136553,0.0223589055
0.49885344,3214767.35,0,0,0.0181347872,4.35113907e-06,0.0548821166,0.195879024,0,1,0.517212927,-0.00302769034,-0.0116664162,-0.855771899,0.0908452496,0.121566832,0.0174839348,-2.24207754e-44,2.24207754e-44,2.24207754e-44,-0.249457493,0.0865767375,-0.0732467696,0.52148211,-0.26841411,0.0495070592,-0.16637969,-0.066201508,0.0570584387,0.542980373,-0.364245176,0.0510545298,0.0362190008,0.0264113061,-0.00915784668,0.326758593,0.242260799,-0.0699683726,0.947302639,0.114633083,0.0062140706,0.0117677459,0.333290726,-0.289200366,0.0344948992,0.986398101,-0.123363547,-0.0406056494,0.0274477452,0.121314131,-0.117925458,-0.00261515216,-0.438828081,0.296203673,-0.966894031,-0.127916709,-0.100901306,0.0743873045,0.129866764,-0.120898768,-0.0077582337,0.0880043283,-0.306041837,-0.0555965751,0.00274651963,-0.0249393359,0.0518583059,0.236373425,-0.320338964,-0.359993339,-0.221432984,-0.245046213,0.71991688,0.191111684,-0.0979815274,0.0121646021,-0.0271545146,-0.100731634,-0.261505961,-0.0178313721,-0.0326919109,0.473294377,-0.187036216,0.0495967269,-0.20891428,-0.152450889,0.12499211,0.413560867,-0.163529381,-0.089857243,0.0331179649,0.119747698,0.0402272865,0.293353051,0.540173888,0.0462776795,0.892829478,0.10812483,-0.0264019296,0.0876860023,0.351650178,-0.298666537,0.0374641232,0.969288468,-0.119150132,-0.0459136553,0.0223589055,-0.261505961,-0.0178313721,-0.0326919109,0.473294377,-0.187036216,0.0495967232,-0.20891428,-0.152450904,0.124992117,0.413560867,-0.163529381,-0.0898572356,0.0331179649,0.119747698,0.0402272865,0.293353051,0.540173888,0.0462776795,0.892829478,0.10812483,-0.0264019296,0.0876860023,0.351650178,-0.298666537,0.0374641232,0.969288468,-0.119150132,-0.0459136553,0.0223589055,-0.261505961,-0.0178313721,-0.0326919109,0.473294377,-0.187036216,0.0495967269,-0.20891428,-0.152450889,0.12499211,0.413560867,-0.163529381,-0.089857243,0.0331179649,0.119747698,0.0402272865,0.293353051,0.540173888,0.0462776795,0.892829478,0.10812483,-0.0264019296,0.0876860023,0.351650178,-0.298666537,0.0374641232,0.969288468,-0.119150132,-0.0459136553,0.0223589055
0.508896546,3214767.36,0,0,0.00814348506,6.06523827e-06,0.0710067376,0.226581004,0.0558256358,1,0.517345667,-0.0021992689,-0.0116858408,-0.855693936,0.0917219892,0.140259638,0.0232942589,-2.24207754e-44,2.24207754e-44,2.24207754e-44,-0.248536035,0.0854340866,-0.0733974427,0.517179728,-0.26528725,0.040966168,-0.167547107,-0.0672975555,0.0576860085,0.543629527,-0.365095526,0.051047951,0.0366998389,0.0232338142,-0.00974993967,0.326779187,0.242231265,-0.0691218674,0.949514985,0.112048589,0.00323621579,0.0100464625,0.330861688,-0.281972021,0.0362621732,0.985155106,-0.123187654,-0.0407839008,0.0266212896,0.120993353,-0.102957562,-0.00907282438,-0.491048217,0.355258077,-0.91758728,-0.0985831842,-0.113530457,0.0681023151,0.022828076,-0.0607316755,0.00682323053,0.030194046,-0.328564614,-0.0494197905,0.00189716928,0.00813095085,0.126901031,0.224243656,-0.207151994,-0.277852774,-0.153994814,-0.24410063,0.722590029,0.160686314,-0.134406894,0.0347403735,-0.0117728934,-0.0902587697,-0.241864264,0.00482785702,-0.0401064306,0.444733649,-0.13121058,0.051042065,-0.214628935,-0.128208041,0.113355525,0.422594309,-0.168632075,-0.0724169835,0.0283416323,0.133498922,0.0348047987,0.290640742,0.511916101,0.0411818922,0.889996648,0.108449489,-0.0386430584,0.0757469088,0.362379909,-0.313694298,0.0312072746,0.973516285,-0.114833705,-0.0399911068,0.0171721727,-0.241864264,0.00482785888,-0.0401064306,0.444733649,-0.13121058,0.051042065,-0.214628935,-0.128208041,0.113355532,0.422594309,-0.168632075,-0.072416991,0.0283416323,0.133498922,0.0348047987,0.290640742,0.511916101,0.0411818922,0.889996648,0.108449489,-0.0386430584,0.0757469088,0.362379909,-0.313694298,0.0312072746,0.973516285,-0.114833705,-0.0399911068,0.0171721727,-0.241864264,0.00482785702,-0.0401064306,0.444733649,-0.13121058,0.051042065,-0.214628935,-0.128208041,0.113355525,0.422594309,-0.168632075,-0.0724169835,0.0283416323,0.133498922,0.0348047987,0.290640742,0.511916101,0.0411818922,0.889996648,0.108449489,-0.0386430584,0.0757469088,0.362379909,-0.313694298,0.0312072746,0.973516285,-0.114833705,-0.0399911068,0.0171721727
0.519853708,3214767.37,0,0,0.019100647,4.62075695e-06,0.0912510976,0.226581004,0,1,0.5173769,-0.00122291164,-0.0118104275,-0.85567528,0.10374774,0.134573817,0.00504139764,-2.24207754e-44,2.24207754e-44,2.24207754e-44,-0.245763838,0.0844700634,-0.0731577724,0.509004891,-0.259913504,0.0272724219,-0.168143108,-0.0687643811,0.0587356836,0.54292202,-0.36529085,0.0513137653,0.0367872417,0.0190319587,-0.0100520197,0.326800853,0.242512271,-0.066437237,0.952585101,0.110682987,-0.000195585686,0.00820599589,0.328003526,-0.273471653,0.0376747213,0.98353833,-0.122209989,-0.0408170819,0.0249703079,0.251155406,-0.0788391531,0.029808471,-0.732976496,0.456825286,-1.10641015,-0.0303714182,-0.128909677,0.0863973573,-0.114129432,0.0136071388,0.0305006448,-0.0140775349,-0.356746882,-0.0214491263,0.00160321803,0.0392413735,0.258097887,0.253775328,-0.0669118762,-0.263746679,-0.139711574,-0.223516151,0.687039554,0.0936629996,-0.140515909,0.0953182951,0.000845838105,-0.148187354,-0.241864264,0.00482785702,-0.0401064306,0.444733649,-0.13121058,0.051042065,-0.214628935,-0.128208041,0.113355525,0.422594309,-0.168632075,-0.0724169835,0.0283416323,0.133498922,0.0348047987,0.290640742,0.511916101,0.0411818922,0.889996648,0.108449489,-0.0386430584,0.0757469088,0.362379909,-0.313694298,0.0312072746,0.973516285,-0.114833705,-0.0399911068,0.0171721727,-0.241864264,0.00482785888,-0.0401064306,0.444733649,-0.13121058,0.051042065,-0.214628935,-0.128208041,0.113355532,0.422594309,-0.168632075,-0.072416991,0.0283416323,0.133498922,0.0348047987,0.290640742,0.511916101,0.0411818922,0.889996648,0.108449489,-0.0386430584,0.0757469088,0.362379909,-0.313694298,0.0312072746,0.973516285,-0.114833705,-0.0399911068,0.0171721727,-0.241864264,0.00482785702,-0.0401064306,0.444733649,-0.13121058,0.051042065,-0.214628935,-0.128208041,0.113355525,0.422594309,-0.168632075,-0.0724169835,0.0283416323,0.133498922,0.0348047987,0.290640742,0.511916101,0.0411818922,0.889996648,0.108449489,-0.0386430584,0.0757469088,0.362379909,-0.313694298,0.0312072746,0.973516285,-0.114833705,-0.0399911068,0.0171721727
0.529914004,3214767.38,0,0,0.00916593382,7.72578642e-06,0.112248041,0.225729309,0.0625158399,1,0.517426729,-0.000338033104,-0.0118218102,-0.855645776,0.0849123523,0.153421,0.00614653993,-2.24207754e-44,2.24207754e-44,2.24207754e-44,-0.243213221,0.0837896168,-0.072874859,0.501202226,-0.255229264,0.0161929019,-0.16835849,-0.0700068325,0.0595213175,0.541202664,-0.364783764,0.0516976006,0.0363182239,0.0155813806,-0.0103098396,0.326877922,0.243034244,-0.0634627268,0.955089092,0.110306084,-0.00271412823,0.00690372614,0.325953782,-0.267076582,0.0383385904,0.982152283,-0.12124908,-0.0406110361,0.0232358221,0.285368383,-0.0495351739,0.0283271503,-0.852985263,0.505503953,-1.22349775,-0.0106819803,-0.115392387,0.0786457583,-0.207203448,0.0769374445,0.0434842892,-0.0732797831,-0.332769394,-0.0197893679,0.0166233126,0.0524038039,0.350952238,0.263255507,-0.0224985648,-0.275177032,-0.139823273,-0.201100662,0.601194561,0.0433638617,-0.127446473,0.0993723869,0.0466157347,-0.217654675,-0.220282555,0.0249697492,-0.0515696853,0.428361058,-0.0686947405,0.055501923,-0.2193546,-0.0981116071,0.100540288,0.43870151,-0.161797494,-0.0570065454,0.0237505659,0.154520661,0.0270906501,0.295152307,0.477441221,0.0358586311,0.890345275,0.110978946,-0.0485558845,0.0629489869,0.374793172,-0.329820633,0.023627013,0.980250716,-0.113725632,-0.0342652462,0.0110295229,-0.220282555,0.024969751,-0.0515696853,0.428361058,-0.0686947405,0.0555019192,-0.2193546,-0.0981115997,0.10054028,0.43870151,-0.161797494,-0.0570065454,0.0237505659,0.154520661,0.0270906501,0.295152307,0.477441221,0.0358586311,0.890345275,0.110978946,-0.0485558845,0.0629489869,0.374793172,-0.329820633,0.023627013,0.980250716,-0.113725632,-0.0342652462,0.0110295229,-0.220282555,0.0249697492,-0.0515696853,0.428361058,-0.0686947405,0.055501923,-0.2193546,-0.0981116071,0.100540288,0.43870151,-0.161797494,-0.0570065454,0.0237505659,0.154520661,0.0270906501,0.295152307,0.477441221,0.0358586311,0.890345275,0.110978946,-0.0485558845,0.0629489869,0.374793172,-0.329820633,0.023627013,0.980250716,-0.113725632,-0.0342652462,0.0110295229
0.540873449,3214767.39,0,0,1.68289989e-05,7.03381374e-06,0.137677073,0.222773291,0.0617480427,1,0.517458797,0.000195737724,-0.0117644202,-0.855627239,0.0713567361,0.167320684,0.0130067086,-2.24207754e-44,2.24207754e-44,2.24207754e-44,-0.241515741,0.0835373253,-0.0727317482,0.49596402,-0.252172828,0.00891473144,-0.168398455,-0.0706623048,0.0599531792,0.539764822,-0.364187419,0.0519727506,0.0357273258,0.0136679811,-0.0104213925,0.327012599,0.24337627,-0.0611836053,0.956649005,0.110218607,-0.0043812478,0.00606011832,0.32481885,-0.26374796,0.0385149531,0.981452107,-0.120672159,-0.0402466431,0.0218085777,0.278147817,-0.0397198349,0.0212580971,-0.87738055,0.507938147,-1.1947037,-0.00525273848,-0.10670051,0.0680494159,-0.255854934,0.110162437,0.0469061807,-0.110530607,-0.312129706,-0.0185486935,0.0248115994,0.0600630604,0.390926361,0.256309777,-0.0114875128,-0.276215047,-0.139609084,-0.182093024,0.530827522,0.0238573495,-0.111572757,0.0938630924,0.066233322,-0.244765922,-0.220282555,0.0249697492,-0.0515696853,0.428361058,-0.0686947405,0.055501923,-0.2193546,-0.0981116071,0.100540288,0.43870151,-0.161797494,-0.0570065454,0.0237505659,0.154520661,0.0270906501,0.295152307,0.477441221,0.0358586311,0.890345275,0.110978946,-0.0485558845,0.0629489869,0.374793172,-0.329820633,0.023627013,0.980250716,-0.113725632,-0.0342652462,0.0110295229,-0.199233919,0.0426643975,-0.0661726147,0.423452079,-0.00694669783,0.0618969426,-0.221732646,-0.0765785873,0.0881428421,0.460889876,-0.139800668,-0.0492522903,0.0203585196,0.174077615,0.0171368606,0.306688249,0.444400609,0.0319865346,0.892546892,0.112438075,-0.0514608063,0.0521121435,0.382917345,-0.344289899,0.0175168701,0.985377908,-0.116309777,-0.0309740268,0.00498268194,-0.199233919,0.0426644012,-0.0661726147,0.423452079,-0.00694669783,0.0618969351,-0.221732646,-0.0765785947,0.0881428495,0.460889876,-0.139800668,-0.049252294,0.0203585196,0.174077615,0.0171368606,0.306688249,0.444400609,0.0319865346,0.892546892,0.112438075,-0.0514608063,0.0521121472,0.382917345,-0.344289899,0.0175168701,0.985377908,-0.116309777,-0.0309740268,0.00498268194
0.551856011,3214767.4,0,0,0.0109993909,5.26383519e-06,0.165721551,0.222773291,0,1,0.517609835,0.00171247777,-0.0113086123,-0.855540276,0.0306651313,0.20581536,0.0196670778,-2.24207754e-44,2.24207754e-44,2.24207754e-44,-0.237887457,0.0830581188,-0.0725678056,0.482491851,-0.244439974,-0.00826204568,-0.168746576,-0.0720943958,0.060861785,0.535073698,-0.361855924,0.0526026487,0.0333841965,0.00925678108,-0.0106841503,0.327587456,0.244557485,-0.0545166694,0.959858596,0.110152796,-0.00812636223,0.00401238259,0.322565913,-0.257286161,0.0386979654,0.980076611,-0.119604044,-0.0390182398,0.0177012552,0.189106971,-0.0156961922,-0.000540823385,-0.811468363,0.475597799,-1.05071545,-0.0484640449,-0.0700125694,0.0533316508,-0.28706792,0.162658587,0.0228434969,-0.175570518,-0.241144642,-0.00760200433,0.0560305975,0.0731230751,0.457048774,0.138133541,0.000739737065,-0.201016024,-0.129243344,-0.114286721,0.289339125,0.00524707418,-0.0574932434,0.0372735485,0.0901009589,-0.287249506,-0.199233919,0.0426644012,-0.0661726147,0.423452079,-0.00694669783,0.0618969351,-0.221732646,-0.0765785947,0.0881428495,0.460889876,-0.139800668,-0.049252294,0.0203585196,0.174077615,0.0171368606,0.306688249,0.444400609,0.0319865346,0.892546892,0.112438075,-0.0514608063,0.0521121472,0.382917345,-0.344289899,0.0175168701,0.985377908,-0.116309777,-0.0309740268,0.00498268194,-0.199233919,0.0426643975,-0.0661726147,0.423452079,-0.00694669783,0.0618969426,-0.221732646,-0.0765785873,0.0881428421,0.460889876,-0.139800668,-0.0492522903,0.0203585196,0.174077615,0.0171368606,0.306688249,0.444400609,0.0319865346,0.892546892,0.112438075,-0.0514608063,0.0521121435,0.382917345,-0.344289899,0.0175168701,0.985377908,-0.116309777,-0.0309740268,0.00498268194,-0.199233919,0.0426644012,-0.0661726147,0.423452079,-0.00694669783,0.0618969351,-0.221732646,-0.0765785947,0.0881428495,0.460889876,-0.139800668,-0.049252294,0.0203585196,0.174077615,0.0171368606,0.306688249,0.444400609,0.0319865346,0.892546892,0.112438075,-0.0514608063,0.0521121472,0.382917345,-0.344289899,0.0175168701,0.985377908,-0.116309777,-0.0309740268,0.00498268194
0.562854525,3214767.41,0,0,0.00213646796,4.94765118e-06,0.196225703,0.183548778,0.040646255,1,0.51768744,0.00271009491,-0.0108124716,-0.855497241,0.011299368,0.23372215,0.0113415327,-2.24207754e-44,2.24207754e-44,2.24207754e-44,-0.236608654,0.0829440132,-0.0725990981,0.475158155,-0.240078807,-0.0176878106,-0.169604734,-0.0726567581,0.0614246875,0.532404959,-0.360194802,0.0527430773,0.0316460952,0.00711113587,-0.0107145617,0.328144461,0.245386153,-0.0500830896,0.960719109,0.110167317,-0.00976926833,0.00289715244,0.321826428,-0.255426019,0.0387236439,0.979697049,-0.119355887,-0.0381584205,0.015015508,0.0837150589,-0.00969340093,-0.0035012851,-0.675078273,0.405819476,-0.862447083,-0.111917563,-0.0478315353,0.0594504774,-0.252706677,0.166661248,0.010048246,-0.167751372,-0.198355362,-0.00047971154,0.0510505997,0.0926848799,0.42280826,0.0554240271,0.00143804215,-0.140534312,-0.094341509,-0.0460740775,0.119252697,0.00100083731,-0.0261256546,0.0191865079,0.0824159682,-0.246451437,-0.175341785,0.061847955,-0.0836270228,0.421334267,0.0336995572,0.0725894421,-0.223310798,-0.0579152182,0.0746586099,0.489853024,-0.115421228,-0.049430944,0.0175572708,0.194143727,-0.000306176022,0.320849806,0.412883282,0.0287240744,0.897034466,0.111183338,-0.0477654189,0.0459871292,0.389504194,-0.353436351,0.0136411376,0.988601327,-0.12017338,-0.0315644145,0.00017045578,-0.175341785,0.061847955,-0.0836270228,0.421334267,0.0336995572,0.0725894496,-0.223310798,-0.0579152144,0.0746586025,0.489853024,-0.115421228,-0.0494309403,0.0175572708,0.194143727,-0.000306176022,0.320849806,0.412883282,0.0287240744,0.897034466,0.111183338,-0.0477654189,0.0459871218,0.389504194,-0.353436351,0.0136411376,0.988601327,-0.12017338,-0.0315644145,0.00017045578,-0.175341785,0.061847955,-0.0836270228,0.421334267,0.0336995572,0.0725894421,-0.223310798,-0.0579152182,0.0746586099,0.489853024,-0.115421228,-0.049430944,0.0175572708,0.194143727,-0.000306176022,0.320849806,0.412883282,0.0287240744,0.897034466,0.111183338,-0.0477654189,0.0459871292,0.389504194,-0.353436351,0.0136411376,0.988601327,-0.12017338,-0.0315644145,0.00017045578
0.573853585,3214767.42,0,0,0.0131355282,4.5709312e-06,0.228967458,0.183548778,0,1,0.517746866,0.00384716713,-0.0101341456,-0.855465174,-0.00545228459,0.201622874,0.0115453163,-2.24207754e-44,2.24207754e-44,2.24207754e-44,-0.235977232,0.0828711167,-0.0727956519,0.467947572,-0.235594198,-0.0275325328,-0.171321228,-0.0730396956,0.0621199273,0.530236363,-0.358406156,0.0519996881,0.0295110885,0.00504687894,-0.0101803504,0.328567147,0.246544898,-0.0450762808,0.961044133,0.110185295,-0.0112128956,0.0022046247,0.321576983,-0.255207717,0.038692411,0.979534924,-0.119229019,-0.0372895487,0.0120459357,0.0429782495,-0.00339846499,-0.0325776488,-0.55511111,0.357467115,-0.828045011,-0.164903283,-0.020091651,0.0511648394,-0.10492304,0.127026051,-0.142500281,-0.198547646,-0.151056319,0.0861054286,0.0257117115,0.0883117467,0.43586278,0.0132501014,0.00169188785,-0.109704226,-0.0341500863,-0.00798374973,-0.0567610115,-0.0048363423,-0.00713672442,0.00374013395,0.0570118502,-0.268322319,-0.175341785,0.061847955,-0.0836270228,0.421334267,0.0336995572,0.0725894421,-0.223310798,-0.0579152182,0.0746586099,0.489853024,-0.115421228,-0.049430944,0.0175572708,0.194143727,-0.000306176022,0.320849806,0.412883282,0.0287240744,0.897034466,0.111183338,-0.0477654189,0.0459871292,0.389504194,-0.353436351,0.0136411376,0.988601327,-0.12017338,-0.0315644145,0.00017045578,-0.175341785,0.061847955,-0.0836270228,0.421334267,0.0336995572,0.0725894496,-0.223310798,-0.0579152144,0.0746586025,0.489853024,-0.115421228,-0.0494309403,0.0175572708,0.194143727,-0.000306176022,0.320849806,0.412883282,0.0287240744,0.897034466,0.111183338,-0.0477654189,0.0459871218,0.389504194,-0.353436351,0.0136411376,0.988601327,-0.12017338,-0.0315644145,0.00017045578,-0.175341785,0.061847955,-0.0836270228,0.421334267,0.0336995572,0.0725894421,-0.223310798,-0.0579152182,0.0746586099,0.489853024,-0.115421228,-0.049430944,0.0175572708,0.194143727,-0.000306176022,0.320849806,0.412883282,0.0287240744,0.897034466,0.111183338,-0.0477654189,0.0459871292,0.389504194,-0.353436351,0.0136411376,0.988601327,-0.12017338,-0.0315644145,0.00017045578
0.583859121,3214767.43,0,0,0.00314761605,5.89713454e-06,0.260513783,0.188659877,0.0294427872,1,0.517779231,0.00432204828,-0.00981625635,-0.855447054,-0.00971443858,0.184398681,0.00860817917,-2.24207754e-44,2.24207754e-44,2.24207754e-44,-0.235808775,0.0828550309,-0.0730172992,0.464904875,-0.233594105,-0.0323177278,-0.172376633,-0.0731267557,0.0624256991,0.529834747,-0.357725888,0.0510537364,0.0282846317,0.00422376115,-0.00952842738,0.328667045,0.24707891,-0.0424619131,0.961087763,0.110193372,-0.0118200555,0.00207258342,0.321634203,-0.25589028,0.0386341028,0.979510784,-0.119223781,-0.0369948745,0.010484484,0.0218545087,-0.0024165404,-0.0373422466,-0.483276904,0.320417762,-0.779075265,-0.179132402,-0.012277035,0.0522575602,-0.0516882725,0.107154623,-0.158735529,-0.205346435,-0.131043673,0.119359173,0.0127626816,0.0907161012,0.433288276,0.00467461953,0.00112101377,-0.0980479866,-0.0169488192,0.0194012914,-0.14126946,-0.0136087704,-0.00273051811,-0.000249098142,0.0456685536,-0.252489895,-0.15663892,0.0789399073,-0.101902038,0.422794163,0.049056977,0.0889538527,-0.229613423,-0.0432321578,0.0643324628,0.514903605,-0.105232365,-0.0494560823,0.0163528472,0.211037174,-0.0210340302,0.333579838,0.383440495,0.0245470479,0.900248647,0.107962206,-0.0402252413,0.0445526689,0.394438714,-0.356575042,0.0110483505,0.989582479,-0.125158325,-0.0353699699,-0.00189136108,-0.15663892,0.0789399073,-0.101902038,0.422794163,0.049056977,0.0889538527,-0.229613423,-0.0432321578,0.0643324703,0.514903605,-0.105232365,-0.0494560897,0.0163528472,0.211037174,-0.0210340302,0.333579838,0.383440495,0.0245470498,0.900248647,0.107962206,-0.0402252413,0.0445526727,0.394438714,-0.356575042,0.0110483505,0.989582479,-0.125158325,-0.0353699699,-0.00189136108,-0.15663892,0.0789399073,-0.101902038,0.422794163,0.049056977,0.0889538527,-0.229613423,-0.0432321578,0.0643324628,0.514903605,-0.105232365,-0.0494560823,0.0163528472,0.211037174,-0.0210340302,0.333579838,0.383440495,0.0245470479,0.900248647,0.107962206,-0.0402252413,0.0445526689,0.394438714,-0.356575042,0.0110483505,0.989582479,-0.125158325,-0.0353699699,-0.00189136108
0.593871766,3214767.44,0,0,0.0131602609,9.18889418e-06,0.293576956,0.188659877,0,1,0.517790139,0.00513098063,-0.00924040377,-0.855442345,-0.0179335773,0.161185488,0.000821107707,-2.24207754e-44,2.24207754e-44,2.24207754e-44,-0.235820562,0.0828252658,-0.0734663382,0.460142404,-0.230346277,-0.0407501534,-0.174659148,-0.0731758103,0.0631295294,0.529833138,-0.356745273,0.0489885248,0.0258843191,0.00289299479,-0.00775961997,0.328681022,0.248277456,-0.0375050679,0.961029291,0.11019332,-0.0128032872,0.00206500711,0.322384924,-0.25864467,0.0381500907,0.979510605,-0.119299404,-0.0365843773,0.00790745579,-0.0377698056,-0.0040683113,-0.051727552,-0.319537967,0.228405476,-0.634564936,-0.225642875,0.00835996307,0.0532533713,0.074892126,0.0502493903,-0.259933293,-0.203627735,-0.0906201825,0.150599048,-0.00236338354,0.0957832485,0.405018151,-0.0186112244,-0.0014399722,-0.0542724989,0.0219467171,0.0981424376,-0.2892268,-0.072360523,0.001200345,-0.0191892907,0.0211819652,-0.198383912,-0.15663892,0.0789399073,-0.101902038,0.422794163,0.049056977,0.0889538527,-0.229613423,-0.0432321578,0.0643324628,0.514903605,-0.105232365,-0.0494560823,0.0163528472,0.211037174,-0.0210340302,0.333579838,0.383440495,0.0245470479,0.900248647,0.107962206,-0.0402252413,0.0445526689,0.394438714,-0.356575042,0.0110483505,0.989582479,-0.125158325,-0.0353699699,-0.00189136108,-0.15663892,0.0789399073,-0.101902038,0.422794163,0.049056977,0.0889538527,-0.229613423,-0.0432321578,0.0643324703,0.514903605,-0.105232365,-0.0494560897,0.0163528472,0.211037174,-0.0210340302,0.333579838,0.383440495,0.0245470498,0.900248647,0.107962206,-0.0402252413,0.0445526727,0.394438714,-0.356575042,0.0110483505,0.989582479,-0.125158325,-0.0353699699,-0.00189136108,-0.15663892,0.0789399073,-0.101902038,0.422794163,0.049056977,0.0889538527,-0.229613423,-0.0432321578,0.0643324628,0.514903605,-0.105232365,-0.0494560823,0.0163528472,0.211037174,-0.0210340302,0.333579838,0.383440495,0.0245470479,0.900248647,0.107962206,-0.0402252413,0.0445526689,0.394438714,-0.356575042,0.0110483505,0.989582479,-0.125158325,-0.0353699699,-0.00189136108
0.604854698,3214767.45,0,0,0.00407115975,4.56301495e-06,0.33133027,0.225725118,0.0282405615,1,0.517808437,0.0058022216,-0.00868587382,-0.855432808,-0.0198516175,0.120867051,-0.0011494105,-2.24207754e-44,2.24207754e-44,2.24207754e-44,-0.236666799,0.0827312171,-0.0742784217,0.457506031,-0.228270814,-0.0475272685,-0.177682042,-0.0729612857,0.0637027696,0.531771123,-0.356610566,0.0452132449,0.0234606098,0.00207994925,-0.00581247499,0.328608394,0.249343753,-0.0329144746,0.960605621,0.110150255,-0.0130762588,0.00287415134,0.324204177,-0.262977809,0.0367228687,0.97954005,-0.119669557,-0.0364806429,0.00580306537,-0.074625425,-0.0101884818,-0.0706654489,-0.161550716,0.138782069,-0.530379117,-0.248063952,0.0191689823,0.0494844802,0.198890939,-0.00954415463,-0.300236464,-0.191424564,-0.0562049001,0.181708828,-0.0146299982,0.0893906727,0.35792318,-0.0404206142,-0.00479854038,-0.00700625964,0.0967801735,0.190268859,-0.408643693,-0.145393983,0.00341568538,-0.0321493521,0.00327930576,-0.154376775,-0.145047203,0.0886251926,-0.116700821,0.426043808,0.0450502038,0.109971032,-0.239881873,-0.0363750532,0.0592150763,0.528317451,-0.111366913,-0.0462259129,0.0164821763,0.225908533,-0.0411908627,0.338649422,0.355199933,0.0213840827,0.899199486,0.104564458,-0.0332219824,0.0453801304,0.39599973,-0.355821133,0.0101294331,0.988566399,-0.131855845,-0.0406161994,-0.00105032651,-0.145047203,0.0886251926,-0.116700821,0.426043808,0.0450502038,0.109971039,-0.239881873,-0.0363750495,0.0592150725,0.528317451,-0.111366913,-0.0462259129,0.0164821763,0.225908533,-0.0411908627,0.338649422,0.355199933,0.0213840865,0.899199486,0.104564458,-0.0332219824,0.0453801267,0.39599973,-0.355821133,0.0101294331,0.988566399,-0.131855845,-0.0406161994,-0.00105032651,-0.145047203,0.0886251926,-0.116700821,0.426043808,0.0450502038,0.109971032,-0.239881873,-0.0363750532,0.0592150763,0.528317451,-0.111366913,-0.0462259129,0.0164821763,0.225908533,-0.0411908627,0.338649422,0.355199933,0.0213840827,0.899199486,0.104564458,-0.0332219824,0.0453801304,0.39599973,-0.355821133,0.0101294331,0.988566399,-0.131855845,-0.0406161994,-0.00105032651
0.614870119,3214767.46,0,0,0.0140865808,9.37003642e-06,0.366885811,0.225725118,0,1,0.517834604,0.0063738022,-0.00824383367,-0.855417311,-0.0130858663,0.138742164,0.00634583179,-2.24207754e-44,2.24207754e-44,2.24207754e-44,-0.238208145,0.0824253634,-0.0751968399,0.456986248,-0.227534339,-0.0511147007,-0.180898279,-0.072745949,0.0641691014,0.534743905,-0.357153118,0.0415681489,0.0216437951,0.00167348841,-0.00453196326,0.328512818,0.249927148,-0.0294571556,0.95974493,0.11008057,-0.0121075762,0.00453283172,0.326824039,-0.267554134,0.0348587818,0.979583263,-0.121249393,-0.0369816944,0.00468219956,-0.174618378,-0.0398526117,-0.10027919,8.57020059e-05,0.0425034761,-0.294266671,-0.33784014,0.0206782501,0.0472905599,0.339756995,-0.0754119009,-0.36806798,-0.17340906,-0.0319430009,0.118584298,-0.0112799136,0.0408885852,0.337487996,-0.109053053,-0.00816425961,0.150989741,0.206310511,0.301301241,-0.48810333,-0.205080986,0.00497785164,-0.211127549,-0.0733528435,-0.0880748257,-0.145047203,0.0886251926,-0.116700821,0.426043808,0.0450502038,0.109971032,-0.239881873,-0.0363750532,0.0592150763,0.528317451,-0.111366913,-0.0462259129,0.0164821763,0.225908533,-0.0411908627,0.338649422,0.355199933,0.0213840827,0.899199486,0.104564458,-0.0332219824,0.0453801304,0.39599973,-0.355821133,0.0101294331,0.988566399,-0.131855845,-0.0406161994,-0.00105032651,-0.145047203,0.0886251926,-0.116700821,0.426043808,0.0450502038,0.109971039,-0.239881873,-0.0363750495,0.0592150725,0.528317451,-0.111366913,-0.0462259129,0.0164821763,0.225908533,-0.0411908627,0.338649422,0.355199933,0.0213840865,0.899199486,0.104564458,-0.0332219824,0.0453801267,0.39599973,-0.355821133,0.0101294331,0.988566399,-0.131855845,-0.0406161994,-0.00105032651,-0.145047203,0.0886251926,-0.116700821,0.426043808,0.0450502038,0.109971032,-0.239881873,-0.0363750532,0.0592150763,0.528317451,-0.111366913,-0.0462259129,0.0164821763,0.225908533,-0.0411908627,0.338649422,0.355199933,0.0213840827,0.899199486,0.104564458,-0.0332219824,0.0453801304,0.39599973,-0.355821133,0.0101294331,0.988566399,-0.131855845,-0.0406161994,-0.00105032651
0.625854412,3214767.47,0,0,0.00508309714,4.270114e-06,0.406847268,0.218066853,0.0215714574,1,0.517858684,0.00680978782,-0.00793846883,-0.855402231,-0.000333486183,0.0530737415,0.00129531347,-2.24207754e-44,2.24207754e-44,2.24207754e-44,-0.239855215,0.0818866342,-0.0764160231,0.457451046,-0.227351934,-0.0544874109,-0.184378237,-0.0725697428,0.0647770315,0.538973212,-0.358275801,0.0379354246,0.0198597424,0.00144139153,-0.00269937725,0.328080088,0.250213742,-0.0256502833,0.958519876,0.109962836,-0.00984763354,0.00753642246,0.33106631,-0.273941398,0.0323064327,0.979676545,-0.123748951,-0.0378656313,0.00392788136,-0.105643027,-0.0470514521,-0.0997715294,0.0569884963,0.000595265999,-0.278568119,-0.249276519,0.00963975769,0.0523423888,0.349016368,-0.103750445,-0.252804905,-0.129736587,-0.0117911063,0.173605204,-0.0547135025,0.0168541763,0.300411224,-0.0837696344,-0.0114152981,0.199432924,0.271398842,0.388575882,-0.559719205,-0.211800903,0.0135439783,-0.187415615,-0.0644046292,-0.0494466312,-0.14197062,0.0926050618,-0.126465112,0.427510738,0.0292383581,0.131317705,-0.24990055,-0.0350238606,0.0575795844,0.530768514,-0.130015671,-0.0420094579,0.0172798727,0.235446393,-0.0564659759,0.336477935,0.333628476,0.0195064321,0.89589107,0.101771347,-0.0293357223,0.0471656621,0.394167036,-0.353103697,0.0116643533,0.986996353,-0.140799344,-0.0452127904,0.000972609269,-0.14197062,0.0926050618,-0.126465112,0.427510738,0.0292383581,0.131317705,-0.24990055,-0.0350238644,0.0575795881,0.530768514,-0.130015671,-0.0420094579,0.0172798727,0.235446393,-0.0564659759,0.336477935,0.333628476,0.019506434,0.89589107,0.101771347,-0.0293357242,0.0471656695,0.394167036,-0.353103697,0.0116643533,0.986996353,-0.140799344,-0.0452127904,0.000972609269,-0.14197062,0.0926050618,-0.126465112,0.427510738,0.0292383581,0.131317705,-0.24990055,-0.0350238606,0.0575795844,0.530768514,-0.130015671,-0.0420094579,0.0172798727,0.235446393,-0.0564659759,0.336477935,0.333628476,0.0195064321,0.89589107,0.101771347,-0.0293357223,0.0471656621,0.394167036,-0.353103697,0.0116643533,0.986996353,-0.140799344,-0.0452127904,0.000972609269
0.636853393,3214767.48,0,0,0.0160820778,4.45684418e-06,0.447579622,0.218066853,0,1,0.517906249,0.0071801506,-0.00774134416,-0.85537219,0.00784931798,0.0897860229,0.0133754425,-2.24207754e-44,2.24207754e-44,2.24207754e-44,-0.241615906,0.0812464878,-0.0775920451,0.458808511,-0.227863848,-0.0558420904,-0.187268004,-0.0725214258,0.0652264729,0.542669833,-0.359536648,0.0357021019,0.0187110547,0.00140018167,-0.00176506187,0.327613622,0.250284582,-0.023005167,0.957568467,0.109533802,-0.00725107547,0.0106379557,0.335578233,-0.279783398,0.0303449929,0.980077088,-0.126995906,-0.0390407257,0.00364521844,-0.199508354,-0.0707300678,-0.124516688,0.173489407,-0.0766690597,-0.0733589008,-0.295805752,0.00261537428,0.0424053632,0.374560654,-0.136871591,-0.197255537,-0.102402948,0.000708519015,0.0600405857,-0.047050491,0.00242980709,0.243957981,-0.0950224921,-0.0615384243,0.288079947,0.328832507,0.484891772,-0.597241879,-0.184735507,0.0582400151,-0.385071546,-0.141519055,-0.0186583027,-0.14197062,0.0926050618,-0.126465112,0.427510738,0.0292383581,0.131317705,-0.24990055,-0.0350238606,0.0575795844,0.530768514,-0.130015671,-0.0420094579,0.0172798727,0.235446393,-0.0564659759,0.336477935,0.333628476,0.0195064321,0.89589107,0.101771347,-0.0293357223,0.0471656621,0.394167036,-0.353103697,0.0116643533,0.986996353,-0.140799344,-0.0452127904,0.000972609269,-0.14197062,0.0926050618,-0.126465112,0.427510738,0.0292383581,0.131317705,-0.24990055,-0.0350238644,0.0575795881,0.530768514,-0.130015671,-0.0420094579,0.0172798727,0.235446393,-0.0564659759,0.336477935,0.333628476,0.019506434,0.89589107,0.101771347,-0.0293357242,0.0471656695,0.394167036,-0.353103697,0.0116643533,0.986996353,-0.140799344,-0.0452127904,0.000972609269,-0.14197062,0.0926050618,-0.126465112,0.427510738,0.0292383581,0.131317705,-0.24990055,-0.0350238606,0.0575795844,0.530768514,-0.130015671,-0.0420094579,0.0172798727,0.235446393,-0.0564659759,0.336477935,0.333628476,0.0195064321,0.89589107,0.101771347,-0.0293357223,0.0471656621,0.394167036,-0.353103697,0.0116643533,0.986996353,-0.140799344,-0.0452127904,0.000972609269
0.646860949,3214767.49,0,0,0.00614461675,7.10180029e-06,0.48500067,0.194151886,0.0176945478,1,0.517958462,0.00746106962,-0.0076478878,-0.85533905,0.0159286633,0.0385193601,0.0141305961,-2.24207754e-44,2.24207754e-44,2.24207754e-44,-0.243351087,0.0805130154,-0.0788390189,0.460785687,-0.228849366,-0.0560560226,-0.189768314,-0.072518684,0.0656525046,0.5462237,-0.360966742,0.0342494622,0.0178969055,0.00146655191,-0.00109790033,0.326983899,0.250257492,-0.0207098126,0.956841052,0.108754382,-0.00429135049,0.0140020661,0.340669811,-0.285845906,0.0286834426,0.980929852,-0.130884036,-0.0404530503,0.00352777867,-0.161605597,-0.0781743303,-0.127536967,0.219858751,-0.117749579,0.051905036,-0.213281497,-0.00280338083,0.039718803,0.326852471,-0.142191246,-0.102050647,-0.0719379187,0.0112553285,0.0686104894,-0.0733890384,-0.0104078315,0.227673084,-0.0548068956,-0.0854072049,0.297790021,0.340256602,0.519087672,-0.609574497,-0.148177639,0.106413938,-0.40344432,-0.13700144,-0.0079377573,-0.146585763,0.0920640752,-0.130163521,0.43001616,0.0156908333,0.149012253,-0.256531805,-0.0419784561,0.0610627607,0.522267818,-0.143611416,-0.0387478024,0.0183266252,0.234852448,-0.0648765266,0.329155684,0.3213346,0.0193525031,0.890500367,0.0996171758,-0.0281463861,0.0500721037,0.387231678,-0.350613356,0.0144118369,0.984612465,-0.150711879,-0.048634883,0.00296718534,-0.146585763,0.0920640826,-0.130163521,0.43001616,0.0156908333,0.149012253,-0.256531805,-0.0419784598,0.0610627681,0.522267818,-0.143611416,-0.0387478024,0.0183266252,0.234852448,-0.0648765266,0.329155684,0.3213346,0.0193525013,0.890500367,0.0996171758,-0.0281463843,0.0500721112,0.387231678,-0.350613356,0.0144118369,0.984612465,-0.150711879,-0.048634883,0.00296718534,-0.146585763,0.0920640752,-0.130163521,0.43001616,0.0156908333,0.149012253,-0.256531805,-0.0419784561,0.0610627607,0.522267818,-0.143611416,-0.0387478024,0.0183266252,0.234852448,-0.0648765266,0.329155684,0.3213346,0.0193525031,0.890500367,0.0996171758,-0.0281463861,0.0500721037,0.387231678,-0.350613356,0.0144118369,0.984612465,-0.150711879,-0.048634883,0.00296718534
0.656873954,3214767.5,0,0,0.016157622,1.09262764e-05,0.522538185,0.194151886,0,1,0.518048167,0.00765753491,-0.00762105873,-0.855283201,0.01680254,0.0286074858,0.0171245765,-2.24207754e-44,2.24207754e-44,2.24207754e-44,-0.245151415,0.0796612725,-0.0802048668,0.463430852,-0.230341047,-0.0541023165,-0.191599444,-0.07255885,0.0659648106,0.548975229,-0.362310946,0.0337353982,0.0172775947,0.00169975171,-0.000742517703,0.32620275,0.249941215,-0.018394975,0.956463218,0.10778214,-0.00118254963,0.0175148826,0.345980436,-0.291946381,0.0275550224,0.982339621,-0.135743976,-0.0418511182,0.00349004869,-0.171037212,-0.0831760839,-0.134417564,0.268690348,-0.155135557,0.2292023,-0.160249025,-0.00245893188,0.0319857299,0.24702394,-0.129754499,-0.0279640183,-0.0484151728,0.0291508827,0.0218513776,-0.0804438367,-0.0422736816,0.234827414,-0.025334565,-0.103158124,0.311703026,0.350864798,0.534987271,-0.605276465,-0.0943572968,0.16051276,-0.493431687,-0.130323395,-0.00188781158,-0.146585763,0.0920640752,-0.130163521,0.43001616,0.0156908333,0.149012253,-0.256531805,-0.0419784561,0.0610627607,0.522267818,-0.143611416,-0.0387478024,0.0183266252,0.234852448,-0.0648765266,0.329155684,0.3213346,0.0193525031,0.890500367,0.0996171758,-0.0281463861,0.0500721037,0.387231678,-0.350613356,0.0144118369,0.984612465,-0.150711879,-0.048634883,0.00296718534,-0.146585763,0.0920640826,-0.130163521,0.43001616,0.0156908333,0.149012253,-0.256531805,-0.0419784598,0.0610627681,0.522267818,-0.143611416,-0.0387478024,0.0183266252,0.234852448,-0.0648765266,0.329155684,0.3213346,0.0193525013,0.890500367,0.0996171758,-0.0281463843,0.0500721112,0.387231678,-0.350613356,0.0144118369,0.984612465,-0.150711879,-0.048634883,0.00296718534,-0.146585763,0.0920640752,-0.130163521,0.43001616,0.0156908333,0.149012253,-0.256531805,-0.0419784561,0.0610627607,0.522267818,-0.143611416,-0.0387478024,0.0183266252,0.234852448,-0.0648765266,0.329155684,0.3213346,0.0193525031,0.890500367,0.0996171758,-0.0281463861,0.0500721037,0.387231678,-0.350613356,0.0144118369,0.984612465,-0.150711879,-0.048634883,0.00296718534
0.667858547,3214767.51,0,0,0.00709787011,7.65221193e-06,0.563542962,0.233579893,0.0151661485,1,0.518080294,0.00774535211,-0.00771191576,-0.85526216,0.0211551189,-0.00588588836,0.00799464341,-2.24207754e-44,2.24207754e-44,2.24207754e-44,-0.246719569,0.0787536353,-0.081689015,0.466413945,-0.232149243,-0.0510816537,-0.192932978,-0.0725506544,0.0664179921,0.551353753,-0.363711923,0.0338810757,0.0169391073,0.00211707666,-0.000585279078,0.325297922,0.249295965,-0.0155026689,0.956296623,0.106464744,0.00243435265,0.0215341989,0.352279633,-0.298942298,0.0266488176,0.98457849,-0.141071647,-0.0429923572,0.00349254976,-0.123602994,-0.0778010562,-0.123261638,0.26028046,-0.162973836,0.356533855,-0.0690331236,-0.000499966554,0.0368388854,0.135396272,-0.0949147716,0.0815729573,-0.022376813,0.0410464145,0.00246954942,-0.0732705593,-0.0669589937,0.244956762,-0.00863025151,-0.113819651,0.299022704,0.332647592,0.511620045,-0.565700889,-0.0619250052,0.205968022,-0.466674089,-0.0757398307,0.00264834566,-0.158496022,0.0874618068,-0.128694743,0.431258649,0.000524684787,0.158641174,-0.257524818,-0.0532762781,0.0671499148,0.507822871,-0.155197918,-0.0387751833,0.0198839866,0.22681424,-0.0644519031,0.321290463,0.317974985,0.0212239847,0.886366844,0.0985416919,-0.0274862573,0.0544239134,0.378483236,-0.350427449,0.015764147,0.982236743,-0.158982784,-0.0503763035,0.00504722679,-0.158496022,0.0874618068,-0.128694743,0.431258649,0.000524684787,0.158641174,-0.257524818,-0.0532762706,0.0671499223,0.507822871,-0.155197918,-0.0387751795,0.0198839866,0.22681424,-0.0644519031,0.321290463,0.317974985,0.0212239809,0.886366844,0.0985416919,-0.0274862573,0.0544239134,0.378483236,-0.350427449,0.015764147,0.982236743,-0.158982784,-0.0503763035,0.00504722679,-0.158496022,0.0874618068,-0.128694743,0.431258649,0.000524684787,0.158641174,-0.257524818,-0.0532762781,0.0671499148,0.507822871,-0.155197918,-0.0387751833,0.0198839866,0.22681424,-0.0644519031,0.321290463,0.317974985,0.0212239847,0.886366844,0.0985416919,-0.0274862573,0.0544239134,0.378483236,-0.350427449,0.015764147,0.982236743,-0.158982784,-0.0503763035,0.00504722679
0.678857038,3214767.53,0,0,0.0180963608,6.82007521e-06,0.604109108,0.233579893,0,1,0.518089533,0.0077576316,-0.00783724897,-0.855255306,0.0243959147,-0.0151321683,-0.00483950041,-2.24207754e-44,2.24207754e-44,2.24207754e-44,-0.247870237,0.0779950246,-0.0828502551,0.468976021,-0.233787671,-0.0466460995,-0.193295881,-0.0725436732,0.0668238848,0.552088022,-0.364401251,0.0352879353,0.0168080777,0.00257906225,-0.000728358398,0.324643552,0.24848412,-0.013018691,0.956240118,0.105286792,0.00530775916,0.0248217937,0.357131332,-0.304323554,0.0261566825,0.986785412,-0.145847797,-0.043528989,0.00354217528,-0.100306951,-0.0706801116,-0.108508952,0.237164646,-0.153890207,0.455661923,-0.0211593583,0.00349362986,0.0448751785,0.0466934629,-0.0563650429,0.155827925,-0.00788113102,0.0482235327,-0.0231795777,-0.0561437048,-0.0876386389,0.250650257,-0.00420572562,-0.120524295,0.272478908,0.32102564,0.463457257,-0.517180741,-0.0429092832,0.226308346,-0.45237118,-0.0373746157,0.00601082342,-0.158496022,0.0874618068,-0.128694743,0.431258649,0.000524684787,0.158641174,-0.257524818,-0.0532762781,0.0671499148,0.507822871,-0.155197918,-0.0387751833,0.0198839866,0.22681424,-0.0644519031,0.321290463,0.317974985,0.0212239847,0.886366844,0.0985416919,-0.0274862573,0.0544239134,0.378483236,-0.350427449,0.015764147,0.982236743,-0.158982784,-0.0503763035,0.00504722679,-0.158496022,0.0874618068,-0.128694743,0.431258649,0.000524684787,0.158641174,-0.257524818,-0.0532762706,0.0671499223,0.507822871,-0.155197918,-0.0387751795,0.0198839866,0.22681424,-0.0644519031,0.321290463,0.317974985,0.0212239809,0.886366844,0.0985416919,-0.0274862573,0.0544239134,0.378483236,-0.350427449,0.015764147,0.982236743,-0.158982784,-0.0503763035,0.00504722679,-0.158496022,0.0874618068,-0.128694743,0.431258649,0.000524684787,0.158641174,-0.257524818,-0.0532762781,0.0671499148,0.507822871,-0.155197918,-0.0387751833,0.0198839866,0.22681424,-0.0644519031,0.321290463,0.317974985,0.0212239847,0.886366844,0.0985416919,-0.0274862573,0.0544239134,0.378483236,-0.350427449,0.015764147,0.982236743,-0.158982784,-0.0503763035,0.00504722679
0.688870419,3214767.54,0,0,0.0080723688,1.12936832e-05,0.640352428,0.265077688,0.0151336789,1,0.518007219,0.00773888407,-0.00800372101,-0.855303764,0.0304516163,-0.0187180694,-0.0253351387,-2.24207754e-44,2.24207754e-44,2.24207754e-44,-0.248609796,0.0774080083,-0.0837982669,0.470950752,-0.235109165,-0.0422228537,-0.193394363,-0.0724280477,0.0673635527,0.552341223,-0.364807397,0.036843475,0.016773494,0.00308459508,-0.00107299315,0.324277014,0.247578561,-0.010527486,0.956210196,0.104057662,0.0076984982,0.0278172474,0.361378223,-0.309126019,0.0257501043,0.989045084,-0.149659157,-0.0437545702,0.00363176176,-0.0684676841,-0.0569587536,-0.085611783,0.182394043,-0.124536112,0.475435913,-0.00456710998,0.0123136984,0.0606863648,0.00318985712,-0.0277969986,0.176577419,-0.00141489739,0.0488638915,-0.0478076711,-0.0248015095,-0.0919545218,0.244691879,-0.00250548567,-0.122364752,0.219624385,0.289023936,0.398708463,-0.454315305,-0.0424199887,0.225148156,-0.360645801,-0.0155806448,0.0183011368,-0.173088431,0.0787688494,-0.123536341,0.432837129,-0.0139980912,0.161578044,-0.254003167,-0.0673307702,0.0743847862,0.492689192,-0.163549751,-0.0423594043,0.0215215236,0.21347183,-0.0573515669,0.315691471,0.322094977,0.0242270976,0.884042084,0.0985432193,-0.0262773409,0.0592896417,0.371313304,-0.351899207,0.0155240856,0.980663002,-0.165030852,-0.0506570227,0.00723377522,-0.173088431,0.0787688494,-0.123536341,0.432837129,-0.0139980912,0.161578044,-0.254003167,-0.0673307702,0.0743847936,0.492689192,-0.163549751,-0.042359408,0.0215215236,0.21347183,-0.0573515631,0.315691471,0.322094977,0.0242270976,0.884042084,0.0985432193,-0.0262773428,0.0592896417,0.371313304,-0.351899207,0.0155240856,0.980663002,-0.165030852,-0.0506570227,0.00723377522,-0.173088431,0.0787688494,-0.123536341,0.432837129,-0.0139980912,0.161578044,-0.254003167,-0.0673307702,0.0743847862,0.492689192,-0.163549751,-0.0423594043,0.0215215236,0.21347183,-0.0573515669,0.315691471,0.322094977,0.0242270976,0.884042084,0.0985432193,-0.0262773409,0.0592896417,0.371313304,-0.351899207,0.0155240856,0.980663002,-0.165030852,-0.0506570227,0.00723377522
0.699862596,3214767.55,0,0,0.0190645461,8.87224451e-06,0.679102242,0.265077688,0,1,0.517849684,0.00779647753,-0.00823519658,-0.85539645,0.0403155051,-0.0145850172,-0.0354946367,-2.24207754e-44,2.24207754e-44,2.24207754e-44,-0.249445155,0.0766730681,-0.0846816301,0.47293213,-0.236475006,-0.03536544,-0.193381488,-0.0723323524,0.0681218058,0.55195868,-0.364978462,0.0391172245,0.0167830773,0.00362225273,-0.00188781333,0.324111581,0.246457547,-0.00781575311,0.956186116,0.10269808,0.0100118853,0.0311327949,0.365553677,-0.314007491,0.0251476076,0.991622686,-0.154079035,-0.0438664444,0.00415277481,-0.0557421111,-0.0572028644,-0.0665056258,0.137270048,-0.0960132629,0.58350122,0.00539175933,0.0103998501,0.0633212477,-0.0423213691,-0.00758747663,0.167790011,0.00259995786,0.0459789261,-0.0708212107,-0.00816979259,-0.092921406,0.211840495,-0.00158915133,-0.106371932,0.170801997,0.26064831,0.308760881,-0.372951567,-0.0525711589,0.201271713,-0.340681553,-0.00625173701,0.0510824807,-0.173088431,0.0787688494,-0.123536341,0.432837129,-0.0139980912,0.161578044,-0.254003167,-0.0673307702,0.0743847862,0.492689192,-0.163549751,-0.0423594043,0.0215215236,0.21347183,-0.0573515669,0.315691471,0.322094977,0.0242270976,0.884042084,0.0985432193,-0.0262773409,0.0592896417,0.371313304,-0.351899207,0.0155240856,0.980663002,-0.165030852,-0.0506570227,0.00723377522,-0.173088431,0.0787688494,-0.123536341,0.432837129,-0.0139980912,0.161578044,-0.254003167,-0.0673307702,0.0743847936,0.492689192,-0.163549751,-0.042359408,0.0215215236,0.21347183,-0.0573515631,0.315691471,0.322094977,0.0242270976,0.884042084,0.0985432193,-0.0262773428,0.0592896417,0.371313304,-0.351899207,0.0155240856,0.980663002,-0.165030852,-0.0506570227,0.00723377522,-0.173088431,0.0787688494,-0.123536341,0.432837129,-0.0139980912,0.161578044,-0.254003167,-0.0673307702,0.0743847862,0.492689192,-0.163549751,-0.0423594043,0.0215215236,0.21347183,-0.0573515669,0.315691471,0.322094977,0.0242270976,0.884042084,0.0985432193,-0.0262773409,0.0592896417,0.371313304,-0.351899207,0.0155240856,0.980663002,-0.165030852,-0.0506570227,0.00723377522
0.709863295,3214767.56,0,0,0.00904712779,8.75396654e-06,0.713178277,0.286730938,0.017186448,1,0.5176754,0.00781700388,-0.00848088879,-0.855499327,0.0491400063,-0.027642725,-0.0409887955,-2.24207754e-44,2.24207754e-44,2.24207754e-44,-0.249823332,0.0761196241,-0.085250698,0.474042147,-0.237262055,-0.0292106848,-0.19322364,-0.0722216219,0.0687819123,0.551389217,-0.364917934,0.0407627672,0.0168394707,0.00407439331,-0.00253238901,0.324041843,0.245580584,-0.00593492156,0.956171036,0.101755925,0.0114676785,0.033518929,0.368157655,-0.317315876,0.0245472845,0.993394911,-0.157176435,-0.0439047441,0.0048110825,-0.0313277394,-0.0598433279,-0.0492772162,0.104503185,-0.0735030919,0.67602253,0.0269701723,0.00695408415,0.0681809038,-0.0751160905,0.0174857918,0.179256395,0.00681370171,0.0413754731,-0.0585325956,-0.00805176143,-0.083365798,0.16929698,-0.00180106505,-0.0836556628,0.13056916,0.227802783,0.226754829,-0.30258888,-0.0703534335,0.161081642,-0.310895622,-0.00219370471,0.0876645446,-0.184362024,0.0679068267,-0.115742415,0.436914802,-0.0236400515,0.160320535,-0.248829752,-0.0814160779,0.0811747089,0.481640637,-0.164623275,-0.0485671833,0.0224876329,0.196285382,-0.0473728925,0.313135207,0.331375331,0.0276643559,0.883409858,0.0991156548,-0.0247527882,0.0635198653,0.368170619,-0.354192317,0.0141152963,0.979973435,-0.16873835,-0.0500188917,0.00941695832,-0.184362024,0.0679068267,-0.115742415,0.436914802,-0.0236400515,0.16032052,-0.248829752,-0.0814160854,0.0811747164,0.481640637,-0.164623275,-0.0485671796,0.0224876329,0.196285382,-0.0473728925,0.313135207,0.331375331,0.0276643578,0.883409858,0.0991156548,-0.0247527882,0.0635198653,0.368170619,-0.354192317,0.0141152963,0.979973435,-0.16873835,-0.0500188917,0.00941695832,-0.184362024,0.0679068267,-0.115742415,0.436914802,-0.0236400515,0.160320535,-0.248829752,-0.0814160779,0.0811747089,0.481640637,-0.164623275,-0.0485671833,0.0224876329,0.196285382,-0.0473728925,0.313135207,0.331375331,0.0276643559,0.883409858,0.0991156548,-0.0247527882,0.0635198653,0.368170619,-0.354192317,0.0141152963,0.979973435,-0.16873835,-0.0500188917,0.00941695832
0.719863383,3214767.57,0,0,0.019047216,8.76607373e-06,0.745916128,0.286730938,0,1,0.517483354,0.00782874785,-0.00877985638,-0.855612457,0.0522198118,-0.0286717247,-0.0462107025,-2.24207754e-44,2.24207754e-44,2.24207754e-44,-0.250015527,0.0755382627,-0.0856687501,0.474792629,-0.237783059,-0.0223666001,-0.192940652,-0.07215783,0.0694737956,0.550538778,-0.364577174,0.0425490439,0.0169457551,0.00448149769,-0.00311554177,0.323977977,0.244828984,-0.00453385198,0.956150115,0.101085044,0.0125208022,0.0355492719,0.369963795,-0.319950074,0.0238167346,0.994713664,-0.159948573,-0.0439129286,0.00576920854,-0.0125681907,-0.0535654239,-0.0389575921,0.0533838794,-0.0364990197,0.670329571,0.0249141045,0.00925801694,0.0687854216,-0.0874032602,0.0449562632,0.169576451,0.0133750876,0.0433971994,-0.0607804991,-0.00482049957,-0.0695298463,0.12056455,-0.00220127497,-0.0562124252,0.0882023796,0.183618233,0.151360959,-0.238485515,-0.0710428432,0.110891506,-0.245035321,-0.000188989041,0.0934747532,-0.184362024,0.0679068267,-0.115742415,0.436914802,-0.0236400515,0.160320535,-0.248829752,-0.0814160779,0.0811747089,0.481640637,-0.164623275,-0.0485671833,0.0224876329,0.196285382,-0.0473728925,0.313135207,0.331375331,0.0276643559,0.883409858,0.0991156548,-0.0247527882,0.0635198653,0.368170619,-0.354192317,0.0141152963,0.979973435,-0.16873835,-0.0500188917,0.00941695832,-0.184362024,0.0679068267,-0.115742415,0.436914802,-0.0236400515,0.16032052,-0.248829752,-0.0814160854,0.0811747164,0.481640637,-0.164623275,-0.0485671796,0.0224876329,0.196285382,-0.0473728925,0.313135207,0.331375331,0.0276643578,0.883409858,0.0991156548,-0.0247527882,0.0635198653,0.368170619,-0.354192317,0.0141152963,0.979973435,-0.16873835,-0.0500188917,0.00941695832,-0.184362024,0.0679068267,-0.115742415,0.436914802,-0.0236400515,0.160320535,-0.248829752,-0.0814160779,0.0811747089,0.481640637,-0.164623275,-0.0485671833,0.0224876329,0.196285382,-0.0473728925,0.313135207,0.331375331,0.0276643559,0.883409858,0.0991156548,-0.0247527882,0.0635198653,0.368170619,-0.354192317,0.0141152963,0.979973435,-0.16873835,-0.0500188917,0.00941695832
0.73086386,3214767.58,0,0,0.01007347,8.71578231e-06,0.780156434,0.260845292,0.0171806067,1,0.517274022,0.00784115307,-0.00908148009,-0.855735719,0.0576337166,-0.0323967151,-0.0495522879,-2.24207754e-44,2.24207754e-44,2.24207754e-44,-0.25008595,0.0750386938,-0.0859986022,0.475137919,-0.237996206,-0.0156141296,-0.192727149,-0.072040841,0.070161745,0.549643397,-0.36399138,0.0441074893,0.0171377882,0.00493438262,-0.00370098162,0.323906422,0.244246066,-0.00362946,0.956124902,0.100694239,0.0131610362,0.0370567143,0.371065885,-0.321949244,0.0230384283,0.995456278,-0.162035257,-0.0439042822,0.00677079568,-0.00397624914,-0.0531942584,-0.0247603077,0.0284496453,-0.0147567,0.706440687,0.021795338,0.00819268171,0.0712312013,-0.0925149322,0.0658968762,0.154312328,0.0250356607,0.0408315957,-0.0524460115,-0.0115057584,-0.048517257,0.0694007128,-0.00289561343,-0.0275820307,0.0489145294,0.129234642,0.0834839121,-0.172269687,-0.0927416012,0.0489881411,-0.199731454,0.00183815847,0.119087338,-0.191198617,0.0568154082,-0.106715083,0.441735744,-0.0298000723,0.156428948,-0.24497509,-0.0922159031,0.0862821415,0.47344923,-0.163157523,-0.0562121943,0.0231627934,0.179104775,-0.0367663801,0.313118845,0.342376649,0.0314274952,0.884680569,0.10022673,-0.0230237395,0.0664220601,0.369624078,-0.356088579,0.0117683522,0.979616404,-0.170870438,-0.0489191636,0.0118761249,-0.191198617,0.0568154082,-0.106715083,0.441735744,-0.0298000723,0.156428963,-0.24497509,-0.0922159106,0.0862821341,0.47344923,-0.163157523,-0.0562121943,0.0231627934,0.179104775,-0.0367663801,0.313118845,0.342376649,0.0314274952,0.884680569,0.10022673,-0.0230237413,0.0664220601,0.369624078,-0.356088579,0.0117683522,0.979616404,-0.170870438,-0.0489191636,0.0118761249,-0.191198617,0.0568154082,-0.106715083,0.441735744,-0.0298000723,0.156428948,-0.24497509,-0.0922159031,0.0862821415,0.47344923,-0.163157523,-0.0562121943,0.0231627934,0.179104775,-0.0367663801,0.313118845,0.342376649,0.0314274952,0.884680569,0.10022673,-0.0230237395,0.0664220601,0.369624078,-0.356088579,0.0117683522,0.979616404,-0.170870438,-0.0489191636,0.0118761249
0.740869227,3214767.59,0,0,7.11027533e-05,1.20098703e-05,0.809495807,0.266242307,0.0152698308,1,0.517053127,0.00785300508,-0.00941287354,-0.855865538,0.0566928089,-0.0327931307,-0.0511966161,-2.24207754e-44,2.24207754e-44,2.24207754e-44,-0.250106782,0.0745302811,-0.0861933455,0.475304306,-0.238037467,-0.00847603753,-0.192556411,-0.0719434544,0.0708708316,0.548722088,-0.363230586,0.0455235466,0.0174753107,0.00535819959,-0.00420549465,0.32374388,0.243881941,-0.0032232427,0.956090152,0.100512266,0.0134478826,0.0380030386,0.371523619,-0.323318124,0.0220437553,0.995730698,-0.16377151,-0.0438871831,0.00802389625,-0.00167345325,-0.0481584445,-0.0177126341,0.0102337115,0.00152834679,0.720184386,0.0139760738,0.0124818077,0.0698954239,-0.0920305401,0.0830934793,0.131408721,0.0426638201,0.0457309112,-0.0507801622,-0.0215207096,-0.0300685186,0.0254962463,-0.00384687283,-0.0134384036,0.0185164381,0.0683519915,0.0264033452,-0.113848135,-0.102968298,0.0166122466,-0.154756069,0.00104650029,0.126337871,-0.191198617,0.0568154082,-0.106715083,0.441735744,-0.0298000723,0.156428948,-0.24497509,-0.0922159031,0.0862821415,0.47344923,-0.163157523,-0.0562121943,0.0231627934,0.179104775,-0.0367663801,0.313118845,0.342376649,0.0314274952,0.884680569,0.10022673,-0.0230237395,0.0664220601,0.369624078,-0.356088579,0.0117683522,0.979616404,-0.170870438,-0.0489191636,0.0118761249,-0.1938954,0.0471248031,-0.098385714,0.44599703,-0.0317587554,0.150857598,-0.243114442,-0.0983423591,0.0898343176,0.46677357,-0.161095887,-0.0636581406,0.0237886123,0.163834944,-0.0267061945,0.314723313,0.353345394,0.0349624567,0.887121558,0.101507589,-0.0216983762,0.0680471361,0.374388993,-0.356732428,0.00904154032,0.97884208,-0.171346456,-0.047816135,0.0145021053,-0.1938954,0.0471248031,-0.098385714,0.44599703,-0.0317587554,0.150857583,-0.243114442,-0.0983423665,0.0898343101,0.46677357,-0.161095887,-0.0636581406,0.0237886123,0.163834944,-0.0267061945,0.314723313,0.353345394,0.0349624567,0.887121558,0.101507589,-0.021698378,0.0680471361,0.374388993,-0.356732428,0.00904154032,0.97884208,-0.171346456,-0.047816135,0.0145021053
0.751861707,3214767.6,0,0,0.0110635827,7.85570592e-06,0.839556575,0.266242307,0,1,0.516802192,0.00782590732,-0.00977765489,-0.856013238,0.0485547669,-0.0389440283,-0.0479369499,-2.24207754e-44,2.24207754e-44,2.24207754e-44,-0.250112295,0.0740795434,-0.086432308,0.47533989,-0.23788321,-0.000417634641,-0.192399859,-0.0716971382,0.07162413,0.547645211,-0.362155795,0.0467877984,0.0181387588,0.00601920905,-0.00477042282,0.323341757,0.243571386,-0.00306800636,0.956023872,0.100413196,0.0135586802,0.0384052694,0.371526867,-0.324247181,0.0207816064,0.995801091,-0.165143758,-0.0438848771,0.00949660409,0.00121648912,-0.0332543924,-0.0161203407,-0.000627497735,0.0201824233,0.650485337,0.0120781846,0.0229218192,0.0617843419,-0.0867222771,0.0919912234,0.0910827667,0.0662774965,0.055738017,-0.0419499241,-0.0424745418,-0.0233590528,0.00694894465,-0.00786942244,-0.00520572765,0.00458222115,0.0167712979,-0.0176051147,-0.0490630493,-0.117523946,0.000189746919,-0.0915205479,0.000115029754,0.135001987,-0.1938954,0.0471248031,-0.098385714,0.44599703,-0.0317587554,0.150857583,-0.243114442,-0.0983423665,0.0898343101,0.46677357,-0.161095887,-0.0636581406,0.0237886123,0.163834944,-0.0267061945,0.314723313,0.353345394,0.0349624567,0.887121558,0.101507589,-0.021698378,0.0680471361,0.374388993,-0.356732428,0.00904154032,0.97884208,-0.171346456,-0.047816135,0.0145021053,-0.1938954,0.0471248031,-0.098385714,0.44599703,-0.0317587554,0.150857598,-0.243114442,-0.0983423591,0.0898343176,0.46677357,-0.161095887,-0.0636581406,0.0237886123,0.163834944,-0.0267061945,0.314723313,0.353345394,0.0349624567,0.887121558,0.101507589,-0.0216983762,0.0680471361,0.374388993,-0.356732428,0.00904154032,0.97884208,-0.171346456,-0.047816135,0.0145021053,-0.1938954,0.0471248031,-0.098385714,0.44599703,-0.0317587554,0.150857583,-0.243114442,-0.0983423665,0.0898343101,0.46677357,-0.161095887,-0.0636581406,0.0237886123,0.163834944,-0.0267061945,0.314723313,0.353345394,0.0349624567,0.887121558,0.101507589,-0.021698378,0.0680471361,0.374388993,-0.356732428,0.00904154032,0.97884208,-0.171346456,-0.047816135,0.0145021053
0.761862938,3214767.61,0,0,0.00107406499,8.35675746e-06,0.864783645,0.259160064,0.0128787607,1,0.516613901,0.00776426774,-0.0100697549,-0.856124043,0.0397438854,-0.0425922796,-0.0385586619,-2.24207754e-44,2.24207754e-44,2.24207754e-44,-0.250093758,0.0738119036,-0.0866340101,0.475264966,-0.237580657,0.00565918535,-0.192304283,-0.0714249089,0.0721710548,0.546842813,-0.36121875,0.0475441851,0.0187973473,0.00662250072,-0.00515556429,0.322899789,0.243317813,-0.00303090503,0.955860734,0.100377508,0.0135761788,0.0384806506,0.371086717,-0.324516177,0.0197553784,0.995770931,-0.165817961,-0.043884974,0.0107550435,0.0020230331,-0.0223254804,-0.0251072794,-0.0126922177,0.037187025,0.574936628,0.00778591912,0.0302566811,0.0484390035,-0.075442031,0.0944935679,0.0656753927,0.0622603148,0.0644415021,-0.0369205773,-0.0433995537,-0.0277992152,0.00221915264,-0.0228283014,-0.0028418079,0.000337854523,0.00326874782,-0.0624841936,-0.0165082701,-0.0839946494,-0.00455765612,-0.0526946597,-0.000140833901,0.11490991,-0.193670958,0.0398484245,-0.0911146924,0.448707283,-0.03069444,0.145079628,-0.243864208,-0.100306638,0.0922974125,0.461405277,-0.160130128,-0.0700151548,0.0242295787,0.150956184,-0.0177062787,0.316595852,0.362895668,0.0379981063,0.889451087,0.102731496,-0.0210533515,0.0683583617,0.380464643,-0.356368184,0.00623858348,0.977480292,-0.170563728,-0.0471158437,0.0171996392,-0.193670958,0.0398484282,-0.0911146924,0.448707283,-0.03069444,0.145079613,-0.243864208,-0.100306645,0.0922974199,0.461405277,-0.160130128,-0.0700151622,0.0242295787,0.150956184,-0.0177062787,0.316595852,0.362895668,0.0379981063,0.889451087,0.102731496,-0.0210533533,0.0683583617,0.380464643,-0.356368184,0.00623858534,0.977480292,-0.170563728,-0.0471158437,0.0171996392,-0.193670958,0.0398484245,-0.0911146924,0.448707283,-0.03069444,0.145079628,-0.243864208,-0.100306638,0.0922974125,0.461405277,-0.160130128,-0.0700151548,0.0242295787,0.150956184,-0.0177062787,0.316595852,0.362895668,0.0379981063,0.889451087,0.102731496,-0.0210533515,0.0683583617,0.380464643,-0.356368184,0.00623858348,0.977480292,-0.170563728,-0.0471158437,0.0171996392
0.771863241,3214767.62,0,0,0.0110743679,8.70367512e-06,0.887871504,0.259160064,0,1,0.516427755,0.00765030319,-0.0103681469,-0.856233835,0.0404275432,-0.0569529533,-0.0472118817,-2.24207754e-44,2.24207754e-44,2.24207754e-44,-0.249928385,0.0736526251,-0.0868215188,0.474973768,-0.237079278,0.0108541073,-0.192219332,-0.0710906833,0.0726967752,0.546187639,-0.360290229,0.0480210967,0.0195110291,0.0072518643,-0.00540817762,0.322420239,0.2430453,-0.0030216251,0.955569088,0.100364074,0.0135603128,0.0384101532,0.370331258,-0.324560583,0.0190276541,0.995485306,-0.166182816,-0.0438829362,0.012074017,0.0279434621,-0.0121405153,-0.011660194,-0.0409916639,0.0585863553,0.485096902,0.00888341106,0.0348854102,0.0579231679,-0.0583328269,0.0912394002,0.0366600007,0.0800442323,0.0600207634,-0.016600972,-0.051799994,-0.0255763736,0.000281343295,-0.0324906148,-0.000350654183,-0.00279935682,-0.0151276225,-0.0798708573,0.00333803636,-0.0715965852,-0.0503137335,-0.028540967,0.000485449273,0.149569497,-0.193670958,0.0398484245,-0.0911146924,0.448707283,-0.03069444,0.145079628,-0.243864208,-0.100306638,0.0922974125,0.461405277,-0.160130128,-0.0700151548,0.0242295787,0.150956184,-0.0177062787,0.316595852,0.362895668,0.0379981063,0.889451087,0.102731496,-0.0210533515,0.0683583617,0.380464643,-0.356368184,0.00623858348,0.977480292,-0.170563728,-0.0471158437,0.0171996392,-0.193670958,0.0398484282,-0.0911146924,0.448707283,-0.03069444,0.145079613,-0.243864208,-0.100306645,0.0922974199,0.461405277,-0.160130128,-0.0700151622,0.0242295787,0.150956184,-0.0177062787,0.316595852,0.362895668,0.0379981063,0.889451087,0.102731496,-0.0210533533,0.0683583617,0.380464643,-0.356368184,0.00623858534,0.977480292,-0.170563728,-0.0471158437,0.0171996392,-0.193670958,0.0398484245,-0.0911146924,0.448707283,-0.03069444,0.145079628,-0.243864208,-0.100306638,0.0922974125,0.461405277,-0.160130128,-0.0700151548,0.0242295787,0.150956184,-0.0177062787,0.316595852,0.362895668,0.0379981063,0.889451087,0.102731496,-0.0210533515,0.0683583617,0.380464643,-0.356368184,0.00623858348,0.977480292,-0.170563728,-0.0471158437,0.0171996392
0.782864343,3214767.63,0,0,0.00201562885,9.35187563e-06,0.910701275,0.314836856,0.00805096328,1,0.516265094,0.00752814487,-0.0106241694,-0.856329858,0.037784148,-0.0611924939,-0.0448607579,-2.24207754e-44,2.24207754e-44,2.24207754e-44,-0.249670893,0.0735835433,-0.0869031921,0.474585027,-0.236558974,0.0144895762,-0.192166805,-0.0708018914,0.0731511936,0.545782745,-0.359571755,0.0482575446,0.0201388802,0.00772920158,-0.00551284244,0.322019011,0.242840752,-0.00302253128,0.955264449,0.100365318,0.0135295866,0.0382417999,0.369614124,-0.32448563,0.0185443684,0.994939983,-0.166370124,-0.0438798107,0.0132411877,0.0336453281,-0.00660945894,-0.0105711892,-0.0520459302,0.0682107508,0.437343955,0.00534323463,0.0368051678,0.0548436232,-0.0464160182,0.0890463963,0.0264053438,0.0754838437,0.060114786,-0.0116908122,-0.0482546128,-0.0259986334,-0.000292339391,-0.0414143093,0.000352472212,-0.00443190569,-0.0236955415,-0.0964187831,0.0123583609,-0.0522949547,-0.0767397135,-0.0211233851,0.000260881032,0.13902925,-0.192976117,0.0351369157,-0.0860430151,0.448501498,-0.0308688283,0.139563903,-0.246530801,-0.0993234888,0.093535699,0.456223279,-0.165051311,-0.0746343061,0.0246924758,0.14290522,-0.0101280455,0.317866236,0.369721949,0.0404136069,0.890982747,0.104523167,-0.0210800283,0.06762366,0.386562407,-0.355400264,0.00387218967,0.975708425,-0.169466197,-0.0464221612,0.0195453353,-0.192976117,0.035136912,-0.0860430151,0.448501498,-0.0308688283,0.139563903,-0.246530801,-0.0993234813,0.0935356915,0.456223279,-0.165051311,-0.0746342987,0.0246924758,0.14290522,-0.0101280464,0.317866236,0.369721949,0.0404136069,0.890982747,0.104523167,-0.0210800283,0.06762366,0.386562407,-0.355400264,0.00387218967,0.975708425,-0.169466197,-0.0464221612,0.0195453353,-0.192976117,0.0351369157,-0.0860430151,0.448501498,-0.0308688283,0.139563903,-0.246530801,-0.0993234888,0.093535699,0.456223279,-0.165051311,-0.0746343061,0.0246924758,0.14290522,-0.0101280455,0.317866236,0.369721949,0.0404136069,0.890982747,0.104523167,-0.0210800283,0.06762366,0.386562407,-0.355400264,0.00387218967,0.975708425,-0.169466197,-0.0464221612,0.0195453353
0.793861232,3214767.64,0,0,0.0130125177,7.82683492e-06,0.93076241,0.314836856,0,1,0.515985429,0.00726796268,-0.0110954475,-0.856494665,0.0389028378,-0.0703857988,-0.0439017043,-2.24207754e-44,2.24207754e-44,2.24207754e-44,-0.248934299,0.0735459179,-0.0870069042,0.473427862,-0.235347807,0.0195845217,-0.19212383,-0.0703022927,0.0738904402,0.545341671,-0.358356267,0.0483506881,0.0212768279,0.00850488339,-0.00560766365,0.321301907,0.242570341,-0.00302888104,0.954777002,0.100399666,0.0132747609,0.0375684164,0.368386209,-0.32403934,0.0175290629,0.993154585,-0.166598648,-0.0438685901,0.0153212827,0.0634884313,-0.00087005028,-0.00612449087,-0.101885378,0.0977387875,0.319738328,0.00203770609,0.034167435,0.0504998192,-0.0234109797,0.0849796906,-0.00326027605,0.0818023235,0.0515901595,-0.00483410945,-0.0510549285,-0.013750582,-0.000508939964,-0.029867094,0.00371399312,-0.0298133045,-0.0657175928,-0.0807400942,0.0454783626,-0.084868446,-0.161663249,-0.0136315329,0.00089395442,0.149409011,-0.192976117,0.0351369157,-0.0860430151,0.448501498,-0.0308688283,0.139563903,-0.246530801,-0.0993234888,0.093535699,0.456223279,-0.165051311,-0.0746343061,0.0246924758,0.14290522,-0.0101280455,0.317866236,0.369721949,0.0404136069,0.890982747,0.104523167,-0.0210800283,0.06762366,0.386562407,-0.355400264,0.00387218967,0.975708425,-0.169466197,-0.0464221612,0.0195453353,-0.192976117,0.035136912,-0.0860430151,0.448501498,-0.0308688283,0.139563903,-0.246530801,-0.0993234813,0.0935356915,0.456223279,-0.165051311,-0.0746342987,0.0246924758,0.14290522,-0.0101280464,0.317866236,0.369721949,0.0404136069,0.890982747,0.104523167,-0.0210800283,0.06762366,0.386562407,-0.355400264,0.00387218967,0.975708425,-0.169466197,-0.0464221612,0.0195453353,-0.192976117,0.0351369157,-0.0860430151,0.448501498,-0.0308688283,0.139563903,-0.246530801,-0.0993234888,0.093535699,0.456223279,-0.165051311,-0.0746343061,0.0246924758,0.14290522,-0.0101280455,0.317866236,0.369721949,0.0404136069,0.890982747,0.104523167,-0.0210800283,0.06762366,0.386562407,-0.355400264,0.00387218967,0.975708425,-0.169466197,-0.0464221612,0.0195453353
0.804857524,3214767.65,0,0,0.00410509342,5.98514453e-06,0.948034227,0.193729997,0.0121849775,1,0.515826702,0.00705601042,-0.0114322957,-0.856587589,0.0329831913,-0.07179901,-0.0290264431,-2.24207754e-44,2.24207754e-44,2.24207754e-44,-0.248308912,0.0735440254,-0.0871251971,0.472381771,-0.2343404,0.022584483,-0.192108318,-0.0699702874,0.0743049309,0.545157135,-0.357519537,0.0482742079,0.0219642855,0.00902417861,-0.00565755926,0.3208583,0.242444977,-0.00303502521,0.954467058,0.100440361,0.0129063381,0.0368510224,0.367522031,-0.323532969,0.0167954974,0.991449773,-0.166722447,-0.0438658074,0.0165772308,0.0596341863,0.000135694107,-0.0178082902,-0.103765525,0.101745263,0.287647843,0.00128604774,0.0328042656,0.0338986032,-0.0158307236,0.0828622952,-0.00983695593,0.0580854639,0.0531801693,-0.00581322145,-0.0392869972,-0.0126352962,-0.000720937911,-0.0325021632,0.00423272233,-0.0403693616,-0.0735618845,-0.0917286277,0.0527328253,-0.0628875419,-0.171490654,-0.0117528718,-0.000196220964,0.107422948,-0.192194134,0.032399103,-0.083146818,0.445846319,-0.0344755948,0.134688541,-0.250442684,-0.0969950631,0.0942249075,0.450613797,-0.177236289,-0.0775545016,0.0256171655,0.139900804,-0.00316384248,0.318952978,0.373790205,0.0421571955,0.89154017,0.106694117,-0.0211110711,0.0663456768,0.391376436,-0.354104429,0.00203702971,0.973672628,-0.168570071,-0.0455145426,0.0214763097,-0.192194134,0.032399103,-0.083146818,0.445846319,-0.0344755948,0.134688541,-0.250442684,-0.0969950557,0.0942249,0.450613797,-0.177236289,-0.0775545016,0.0256171655,0.139900804,-0.00316384248,0.318952978,0.373790205,0.0421571955,0.89154017,0.106694117,-0.021111073,0.0663456768,0.391376436,-0.354104429,0.00203702971,0.973672628,-0.168570071,-0.0455145426,0.0214763097,-0.192194134,0.032399103,-0.083146818,0.445846319,-0.0344755948,0.134688541,-0.250442684,-0.0969950631,0.0942249075,0.450613797,-0.177236289,-0.0775545016,0.0256171655,0.139900804,-0.00316384248,0.318952978,0.373790205,0.0421571955,0.89154017,0.106694117,-0.0211110711,0.0663456768,0.391376436,-0.354104429,0.00203702971,0.973672628,-0.168570071,-0.0455145426,0.0214763097
0.814878709,3214767.66,0,0,0.014126278,4.06755134e-06,0.961361468,0.193729997,0,1,0.515664399,0.00682729948,-0.0117571456,-0.856682777,0.0306914598,-0.0731029436,-0.0377921797,-2.24207754e-44,2.24207754e-44,2.24207754e-44,-0.247543111,0.073629804,-0.0872375444,0.47104463,-0.23318015,0.0246734228,-0.192097113,-0.0696052611,0.0747210085,0.544994116,-0.356703401,0.0481066816,0.022706503,0.00953123812,-0.00571835134,0.320450306,0.242367014,-0.00304012815,0.954164326,0.100509688,0.012453761,0.0359388925,0.366817474,-0.322859973,0.0159580652,0.989421308,-0.166818738,-0.0438585356,0.0177413598,0.0817037001,0.0121770678,-0.00977716222,-0.145050779,0.121499002,0.177120551,0.000870794058,0.0379169397,0.042551022,-0.0170535613,0.0813903362,-0.019929884,0.0779914483,0.049879238,-0.00745095406,-0.0392893441,-0.00571776973,-0.000452422391,-0.0301748458,0.00805019494,-0.0477823056,-0.0991202146,-0.0613798238,0.0741823539,-0.0893409625,-0.214941859,-0.0086114062,0.000909323455,0.115785822,-0.192194134,0.032399103,-0.083146818,0.445846319,-0.0344755948,0.134688541,-0.250442684,-0.0969950631,0.0942249075,0.450613797,-0.177236289,-0.0775545016,0.0256171655,0.139900804,-0.00316384248,0.318952978,0.373790205,0.0421571955,0.89154017,0.106694117,-0.0211110711,0.0663456768,0.391376436,-0.354104429,0.00203702971,0.973672628,-0.168570071,-0.0455145426,0.0214763097,-0.192194134,0.032399103,-0.083146818,0.445846319,-0.0344755948,0.134688541,-0.250442684,-0.0969950557,0.0942249,0.450613797,-0.177236289,-0.0775545016,0.0256171655,0.139900804,-0.00316384248,0.318952978,0.373790205,0.0421571955,0.89154017,0.106694117,-0.021111073,0.0663456768,0.391376436,-0.354104429,0.00203702971,0.973672628,-0.168570071,-0.0455145426,0.0214763097,-0.192194134,0.032399103,-0.083146818,0.445846319,-0.0344755948,0.134688541,-0.250442684,-0.0969950631,0.0942249075,0.450613797,-0.177236289,-0.0775545016,0.0256171655,0.139900804,-0.00316384248,0.318952978,0.373790205,0.0421571955,0.89154017,0.106694117,-0.0211110711,0.0663456768,0.391376436,-0.354104429,0.00203702971,0.973672628,-0.168570071,-0.0455145426,0.0214763097
0.825855064,3214767.67,0,0,0.00515144505,4.8619695e-06,0.973381877,0.180861913,0.0180002004,1,0.515510678,0.00654579327,-0.012106332,-0.856772661,0.0212799367,-0.0687609911,-0.0205619633,-2.24207754e-44,2.24207754e-44,2.24207754e-44,-0.246656865,0.0737883076,-0.0874482766,0.46935001,-0.231725931,0.0266761705,-0.192093462,-0.069147028,0.0751108527,0.54476732,-0.355720848,0.0478360169,0.0234836712,0.0101443315,-0.00586456712,0.320091635,0.242306665,-0.00304782554,0.95375663,0.100613691,0.0118547678,0.0347210541,0.366081238,-0.321929544,0.0150629338,0.986929834,-0.166910842,-0.0438536331,0.0188896023,0.0655240417,0.0134717654,-0.0255585723,-0.134195998,0.119627275,0.162285462,-5.70635711e-05,0.0384901538,0.023495622,-0.0198984556,0.0823395252,-0.0239569228,0.0525043011,0.0528624728,-0.0153763406,-0.0227163676,-0.00561680226,-0.000834991923,-0.0371565968,0.0089104455,-0.0505325198,-0.0996781439,-0.064428404,0.0779852122,-0.0599171817,-0.195359513,-0.00719557237,-6.3838037e-05,0.0785819367,-0.191411227,0.0312089473,-0.0819387212,0.441509426,-0.0413942188,0.130860806,-0.254519463,-0.0944650546,0.0944494978,0.445210695,-0.195236489,-0.0797133669,0.0264908969,0.140621826,0.00368539616,0.320018083,0.375840843,0.0433858931,0.891316891,0.109153859,-0.0208064914,0.0648070052,0.394838452,-0.352746487,0.000756924972,0.971682012,-0.167663336,-0.0444305278,0.0227538384,-0.191411227,0.0312089473,-0.0819387212,0.441509426,-0.0413942188,0.130860806,-0.254519463,-0.0944650471,0.0944494903,0.445210695,-0.195236489,-0.0797133669,0.0264908969,0.140621826,0.00368539616,0.320018083,0.375840843,0.0433858931,0.891316891,0.109153859,-0.0208064932,0.0648070052,0.394838452,-0.352746487,0.000756924972,0.971682012,-0.167663336,-0.0444305278,0.0227538403,-0.191411227,0.0312089473,-0.0819387212,0.441509426,-0.0413942188,0.130860806,-0.254519463,-0.0944650546,0.0944494978,0.445210695,-0.195236489,-0.0797133669,0.0264908969,0.140621826,0.00368539616,0.320018083,0.375840843,0.0433858931,0.891316891,0.109153859,-0.0208064914,0.0648070052,0.394838452,-0.352746487,0.000756924972,0.971682012,-0.167663336,-0.0444305278,0.0227538384
0.837116002,3214767.68,0,0,0.0164123834,5.77326864e-06,0.983038485,0.180861913,0,1,0.515462458,0.00644866889,-0.0122114308,-0.856800914,0.0195954982,-0.0691813156,-0.028990984,-2.24207754e-44,2.24207754e-44,2.24207754e-44,-0.246356949,0.07386785,-0.0875302106,0.468749821,-0.231222585,0.0271575116,-0.192093045,-0.0689771101,0.075228259,0.544679523,-0.355394781,0.0477071367,0.0237394664,0.0103543969,-0.00592743233,0.320001334,0.242288187,-0.00304948213,0.953594923,0.100697495,0.0116703697,0.0342987403,0.365872622,-0.321594149,0.0147935217,0.986114681,-0.166935056,-0.0438501686,0.0192169677,0.0778589919,0.0217766631,-0.0189167485,-0.154853284,0.127729282,0.108092315,0.000144173202,0.0436551496,0.0311609507,-0.0225954447,0.0813768357,-0.0346448794,0.0676377267,0.0523384139,-0.0158107914,-0.0226330031,-0.00433414942,-0.000299263047,-0.0414383747,0.0249582678,-0.044571802,-0.107356921,-0.0481205583,0.0857915953,-0.0698313415,-0.206328869,-0.00572018372,0.00112242007,0.0829702765,-0.191411227,0.0312089473,-0.0819387212,0.441509426,-0.0413942188,0.130860806,-0.254519463,-0.0944650546,0.0944494978,0.445210695,-0.195236489,-0.0797133669,0.0264908969,0.140621826,0.00368539616,0.320018083,0.375840843,0.0433858931,0.891316891,0.109153859,-0.0208064914,0.0648070052,0.394838452,-0.352746487,0.000756924972,0.971682012,-0.167663336,-0.0444305278,0.0227538384,-0.191411227,0.0312089473,-0.0819387212,0.441509426,-0.0413942188,0.130860806,-0.254519463,-0.0944650471,0.0944494903,0.445210695,-0.195236489,-0.0797133669,0.0264908969,0.140621826,0.00368539616,0.320018083,0.375840843,0.0433858931,0.891316891,0.109153859,-0.0208064932,0.0648070052,0.394838452,-0.352746487,0.000756924972,0.971682012,-0.167663336,-0.0444305278,0.0227538403,-0.191411227,0.0312089473,-0.0819387212,0.441509426,-0.0413942188,0.130860806,-0.254519463,-0.0944650546,0.0944494978,0.445210695,-0.195236489,-0.0797133669,0.0264908969,0.140621826,0.00368539616,0.320018083,0.375840843,0.0433858931,0.891316891,0.109153859,-0.0208064914,0.0648070052,0.394838452,-0.352746487,0.000756924972,0.971682012,-0.167663336,-0.0444305278,0.0227538384
0.847870346,3214767.69,0,0,0.00717524672,5.49200922e-06,0.98990804,0.17224811,0.0216464549,1,0.515224993,0.00600391533,-0.0126213534,-0.856940985,0.0081915753,-0.0626429543,-0.0223732442,-2.24207754e-44,2.24207754e-44,2.24207754e-44,-0.244918898,0.0744070634,-0.0878751576,0.465747386,-0.228814945,0.0282455459,-0.192093357,-0.068098411,0.0757717937,0.544143736,-0.353886247,0.0469182506,0.0250115022,0.0113060465,-0.00629073614,0.319737911,0.242217705,-0.00305182021,0.952721834,0.101540871,0.0110096447,0.0323028006,0.365333349,-0.319898278,0.013609617,0.982511044,-0.167005718,-0.0438162982,0.0205661617,0.0718472525,0.0312571898,-0.0268880464,-0.163412794,0.133042917,0.0518310703,0.000111038273,0.0500968695,0.0219419245,-0.0355065092,0.084864758,-0.0491792411,0.0601351671,0.0539131463,-0.0238477793,-0.00718685286,-0.00461625028,-7.21069009e-05,-0.0516510718,0.0612148456,-0.0315006897,-0.108246773,-0.0232439674,0.0964494422,-0.0512200408,-0.182428196,-0.00250884122,0.00245898613,0.0611394383,-0.191078961,0.0310277492,-0.0817582384,0.436250359,-0.050203979,0.128179669,-0.257891238,-0.0925495401,0.0945094302,0.440080583,-0.216882944,-0.0816660151,0.0269650687,0.143274218,0.0105726812,0.321020961,0.376861989,0.0443148911,0.890534222,0.111938134,-0.0202337354,0.063127771,0.397331089,-0.351607114,2.14502215e-05,0.969848037,-0.166679323,-0.0431925915,0.0235017277,-0.191078961,0.0310277492,-0.0817582384,0.436250359,-0.050203979,0.128179669,-0.257891238,-0.0925495327,0.0945094228,0.440080583,-0.216882944,-0.0816660151,0.0269650687,0.143274218,0.0105726812,0.321020961,0.376861989,0.0443148911,0.890534222,0.111938134,-0.0202337336,0.063127771,0.397331089,-0.351607114,2.14502215e-05,0.969848037,-0.166679323,-0.0431925915,0.0235017296,-0.191078961,0.0310277492,-0.0817582384,0.436250359,-0.050203979,0.128179669,-0.257891238,-0.0925495401,0.0945094302,0.440080583,-0.216882944,-0.0816660151,0.0269650687,0.143274218,0.0105726812,0.321020961,0.376861989,0.0443148911,0.890534222,0.111938134,-0.0202337354,0.063127771,0.397331089,-0.351607114,2.14502215e-05,0.969848037,-0.166679323,-0.0431925915,0.0235017277
0.857879471,3214767.7,0,0,0.0171843721,8.68691131e-06,0.99443841,0.17224811,0,1,0.515130579,0.00576063339,-0.0128061622,-0.856996655,0.00467634434,-0.059496481,-0.0177649073,-2.24207754e-44,2.24207754e-44,2.24207754e-44,-0.244178787,0.0747339651,-0.0881565437,0.464021087,-0.227445707,0.0285714529,-0.192085698,-0.0675936416,0.0759751499,0.543747365,-0.353046209,0.0463484079,0.0256011002,0.0118270041,-0.00652887113,0.319693267,0.242178395,-0.00304851402,0.952165425,0.102398776,0.0107984468,0.0312031955,0.365199029,-0.318893254,0.0131381433,0.980778515,-0.167014837,-0.0437782221,0.0211352166,0.0713198334,0.0328811258,-0.0315868296,-0.172983289,0.138051048,0.0248931944,0.000921235536,0.0504495166,0.0168402474,-0.0422714017,0.084524259,-0.0590105355,0.0544140153,0.0519949496,-0.0240087006,-0.00313367113,-0.00388412341,0.000290812372,-0.0552898087,0.0964117125,-0.0170118995,-0.109032512,-0.00911660306,0.101405121,-0.0412036777,-0.163518786,-0.000188585327,0.00426590163,0.05191423,-0.191078961,0.0310277492,-0.0817582384,0.436250359,-0.050203979,0.128179669,-0.257891238,-0.0925495401,0.0945094302,0.440080583,-0.216882944,-0.0816660151,0.0269650687,0.143274218,0.0105726812,0.321020961,0.376861989,0.0443148911,0.890534222,0.111938134,-0.0202337354,0.063127771,0.397331089,-0.351607114,2.14502215e-05,0.969848037,-0.166679323,-0.0431925915,0.0235017277,-0.191078961,0.0310277492,-0.0817582384,0.436250359,-0.050203979,0.128179669,-0.257891238,-0.0925495327,0.0945094228,0.440080583,-0.216882944,-0.0816660151,0.0269650687,0.143274218,0.0105726812,0.321020961,0.376861989,0.0443148911,0.890534222,0.111938134,-0.0202337336,0.063127771,0.397331089,-0.351607114,2.14502215e-05,0.969848037,-0.166679323,-0.0431925915,0.0235017296,-0.191078961,0.0310277492,-0.0817582384,0.436250359,-0.050203979,0.128179669,-0.257891238,-0.0925495401,0.0945094302,0.440080583,-0.216882944,-0.0816660151,0.0269650687,0.143274218,0.0105726812,0.321020961,0.376861989,0.0443148911,0.890534222,0.111938134,-0.0202337354,0.063127771,0.397331089,-0.351607114,2.14502215e-05,0.969848037,-0.166679323,-0.0431925915,0.0235017277
0.868868584,3214767.72,0,0,0.00817087572,7.6838769e-06,0.997625291,0.174426008,0.0218364298,1,0.515070438,0.00551630603,-0.0129627846,-0.857032061,0.00098752114,-0.0585343428,-0.0129735693,-2.24207754e-44,2.24207754e-44,2.24207754e-44,-0.243531898,0.0750613958,-0.0885219499,0.46235916,-0.226073354,0.028775638,-0.192078978,-0.0670873001,0.0760997161,0.543308258,-0.352186233,0.0457642935,0.0260613132,0.0123514635,-0.00674893241,0.319672555,0.242127895,-0.00304839713,0.951654911,0.103414804,0.0106487907,0.0301774181,0.365137041,-0.317893654,0.0128498347,0.979340374,-0.167010203,-0.0437315367,0.0215553008,0.0649669841,0.0327945054,-0.036749132,-0.16694133,0.137703329,0.0164791178,0.000939434976,0.0506718643,0.0125214644,-0.044290334,0.085512571,-0.0611205287,0.0437312983,0.0511114448,-0.0186468437,-0.00148227636,-0.00527358148,0.000152601482,-0.0497073755,0.109183602,-0.012615853,-0.0996280313,-0.00456121191,0.100212015,-0.0228449255,-0.13162303,0.00125968887,0.00602741959,0.0360201858,-0.190507919,0.0319693163,-0.0823773146,0.430919111,-0.0584855527,0.126364261,-0.260807246,-0.0907767192,0.0945774391,0.435640097,-0.238719374,-0.0833206698,0.0275779068,0.146177039,0.0171999931,0.322404176,0.377364635,0.0449176878,0.889293253,0.114680067,-0.0192297846,0.0614861622,0.398442268,-0.350786895,-0.000316254795,0.968131304,-0.165723205,-0.0419569761,0.0236189328,-0.190507919,0.0319693163,-0.0823773146,0.430919111,-0.0584855527,0.126364261,-0.260807246,-0.0907767117,0.0945774466,0.435640097,-0.238719374,-0.0833206698,0.0275779068,0.146177039,0.0171999931,0.322404176,0.377364635,0.0449176878,0.889293253,0.114680067,-0.0192297865,0.0614861622,0.398442268,-0.350786895,-0.000316254795,0.968131304,-0.165723205,-0.0419569761,0.0236189347,-0.190507919,0.0319693163,-0.0823773146,0.430919111,-0.0584855527,0.126364261,-0.260807246,-0.0907767192,0.0945774391,0.435640097,-0.238719374,-0.0833206698,0.0275779068,0.146177039,0.0171999931,0.322404176,0.377364635,0.0449176878,0.889293253,0.114680067,-0.0192297846,0.0614861622,0.398442268,-0.350786895,-0.000316254795,0.968131304,-0.165723205,-0.0419569761,0.0236189328
0.878873797,3214767.73,0,0,0.018176089,9.2452392e-06,0.999204695,0.174426008,0,1,0.515002131,0.00526714232,-0.0131236967,-0.857072234,0.00108465517,-0.0590056479,-0.0135574406,-2.24207754e-44,2.24207754e-44,2.24207754e-44,-0.242828622,0.0753849819,-0.0888632685,0.460603237,-0.224663347,0.0288797151,-0.192062274,-0.0665896535,0.076249294,0.542855918,-0.351343393,0.045090124,0.0264923051,0.0128203603,-0.00686828559,0.319664985,0.24208568,-0.00304282433,0.951163113,0.104693405,0.0105694653,0.0291897375,0.365109086,-0.316868097,0.0126650138,0.978188396,-0.166982949,-0.0436459295,0.0218475629,0.0689430386,0.0318932459,-0.0355668776,-0.175461337,0.141818106,0.00843256619,0.00172508811,0.0493141301,0.0136079863,-0.0465574302,0.0848805532,-0.0683774352,0.0390010886,0.0459477566,-0.00893692207,-0.000339133578,-0.00397598092,0.000496472581,-0.0470415726,0.134242147,-0.00593369873,-0.0970295444,-0.00205901801,0.102544382,-0.0145940408,-0.103189446,0.00336446683,0.00883903261,0.0247888565,-0.190507919,0.0319693163,-0.0823773146,0.430919111,-0.0584855527,0.126364261,-0.260807246,-0.0907767192,0.0945774391,0.435640097,-0.238719374,-0.0833206698,0.0275779068,0.146177039,0.0171999931,0.322404176,0.377364635,0.0449176878,0.889293253,0.114680067,-0.0192297846,0.0614861622,0.398442268,-0.350786895,-0.000316254795,0.968131304,-0.165723205,-0.0419569761,0.0236189328,-0.190507919,0.0319693163,-0.0823773146,0.430919111,-0.0584855527,0.126364261,-0.260807246,-0.0907767117,0.0945774466,0.435640097,-0.238719374,-0.0833206698,0.0275779068,0.146177039,0.0171999931,0.322404176,0.377364635,0.0449176878,0.889293253,0.114680067,-0.0192297865,0.0614861622,0.398442268,-0.350786895,-0.000316254795,0.968131304,-0.165723205,-0.0419569761,0.0236189347,-0.190507919,0.0319693163,-0.0823773146,0.430919111,-0.0584855527,0.126364261,-0.260807246,-0.0907767192,0.0945774391,0.435640097,-0.238719374,-0.0833206698,0.0275779068,0.146177039,0.0171999931,0.322404176,0.377364635,0.0449176878,0.889293253,0.114680067,-0.0192297846,0.0614861622,0.398442268,-0.350786895,-0.000316254795,0.968131304,-0.165723205,-0.0419569761,0.0236189328
0.889853118,3214767.74,0,0,0.00917100906,4.25614417e-06,0.999896765,0.160458032,0.0209664404,1,0.514945805,0.00496942084,-0.013290884,-0.857105315,-0.00227522291,-0.0557491146,-0.00938026141,-2.24207754e-44,2.24207754e-44,2.24207754e-44,-0.242087528,0.0757636949,-0.0893386528,0.458583534,-0.222971588,0.0289660227,-0.192051291,-0.0659962967,0.0763740242,0.542267323,-0.350297451,0.0442892089,0.0268508364,0.0133782011,-0.00693912013,0.319667935,0.242027283,-0.00304028462,0.950682759,0.106309742,0.0105206929,0.028098885,0.365092933,-0.31566143,0.0125358328,0.977204025,-0.166934073,-0.0434929244,0.0220692866,0.0612463467,0.0310208593,-0.0405792296,-0.170819566,0.142298043,0.00403507613,0.000776095549,0.0489524007,0.00986425951,-0.0513073392,0.0868164152,-0.0699445829,0.0259903874,0.0450881347,-0.00395750767,0.000837019004,-0.00464518229,0.000435930182,-0.0356235802,0.142826602,-0.00206631166,-0.0890946537,-0.000540223031,0.100227825,-0.00902473647,-0.0703283474,0.00504798163,0.0251669437,0.0142238941,-0.190443516,0.0332183167,-0.0834515914,0.426019847,-0.0661576837,0.125093639,-0.263020217,-0.0898248032,0.0946164802,0.431588024,-0.259685814,-0.0847721174,0.0279872138,0.148557335,0.022936523,0.323760211,0.377819806,0.0452896059,0.887838483,0.117380708,-0.0175813287,0.0600994229,0.398549765,-0.350496739,-0.000394502655,0.96666944,-0.164920345,-0.0408079922,0.0233068131,-0.190443516,0.033218313,-0.0834515914,0.426019847,-0.0661576837,0.125093639,-0.263020217,-0.0898248106,0.0946164876,0.431588024,-0.259685814,-0.0847721174,0.0279872138,0.148557335,0.022936523,0.323760211,0.377819806,0.0452896059,0.887838483,0.117380708,-0.0175813287,0.0600994192,0.398549765,-0.350496739,-0.000394502655,0.96666944,-0.164920345,-0.0408079922,0.023306815,-0.190443516,0.0332183167,-0.0834515914,0.426019847,-0.0661576837,0.125093639,-0.263020217,-0.0898248032,0.0946164802,0.431588024,-0.259685814,-0.0847721174,0.0279872138,0.148557335,0.022936523,0.323760211,0.377819806,0.0452896059,0.887838483,0.117380708,-0.0175813287,0.0600994229,0.398549765,-0.350496739,-0.000394502655,0.96666944,-0.164920345,-0.0408079922,0.0233068131
0.899853752,3214767.75,0,0,0.0191716431,4.41726297e-06,0.99999994,0.160458032,0,1,0.514907122,0.00473193871,-0.013415914,-0.857127964,-0.00423594797,-0.0522192456,-0.00690480508,-2.24207754e-44,2.24207754e-44,2.24207754e-44,-0.241495162,0.0760661662,-0.0897570401,0.456863821,-0.221536309,0.0289832707,-0.192048788,-0.0655141175,0.0764646232,0.541725278,-0.349422365,0.0435783491,0.0270615909,0.0138156097,-0.00696229329,0.319682539,0.241986111,-0.00303609739,0.950386286,0.107801981,0.0105173113,0.0272243656,0.365094751,-0.314673603,0.0124557531,0.976631463,-0.166874647,-0.0431105383,0.0221828911,0.0557087995,0.0299998634,-0.0433403775,-0.168949068,0.14319092,0.00132211158,-0.00037207923,0.0481308289,0.00798098929,-0.055904232,0.0888404027,-0.0697384998,0.0169550311,0.043815922,-0.00139010139,0.00178935332,-0.00414538244,0.00021897431,-0.0251501091,0.148350388,0.000384295534,-0.0853164345,0.000499452814,0.0968373939,-0.00749330502,-0.0475533642,0.0063092201,0.0421967655,0.010055121,-0.190443516,0.0332183167,-0.0834515914,0.426019847,-0.0661576837,0.125093639,-0.263020217,-0.0898248032,0.0946164802,0.431588024,-0.259685814,-0.0847721174,0.0279872138,0.148557335,0.022936523,0.323760211,0.377819806,0.0452896059,0.887838483,0.117380708,-0.0175813287,0.0600994229,0.398549765,-0.350496739,-0.000394502655,0.96666944,-0.164920345,-0.0408079922,0.0233068131,-0.190443516,0.033218313,-0.0834515914,0.426019847,-0.0661576837,0.125093639,-0.263020217,-0.0898248106,0.0946164876,0.431588024,-0.259685814,-0.0847721174,0.0279872138,0.148557335,0.022936523,0.323760211,0.377819806,0.0452896059,0.887838483,0.117380708,-0.0175813287,0.0600994192,0.398549765,-0.350496739,-0.000394502655,0.96666944,-0.164920345,-0.0408079922,0.023306815,-0.190443516,0.0332183167,-0.0834515914,0.426019847,-0.0661576837,0.125093639,-0.263020217,-0.0898248032,0.0946164802,0.431588024,-0.259685814,-0.0847721174,0.0279872138,0.148557335,0.022936523,0.323760211,0.377819806,0.0452896059,0.887838483,0.117380708,-0.0175813287,0.0600994229,0.398549765,-0.350496739,-0.000394502655,0.96666944,-0.164920345,-0.0408079922,0.0233068131
0.909874163,3214767.76,0,0,0.00918302033,6.26221299e-06,1,0.16977964,0.0182443261,1,0.514880657,0.00450090319,-0.0135184834,-0.857143462,-0.00622276496,-0.0491543002,-0.00526625896,-2.24207754e-44,2.24207754e-44,2.24207754e-44,-0.240997598,0.0763647482,-0.0902098715,0.455243856,-0.220121413,0.0289947316,-0.192063078,-0.0650314763,0.0765312612,0.541149795,-0.348518014,0.0429035835,0.0271721259,0.0142593384,-0.00696328375,0.319715977,0.241937637,-0.00303644454,0.950181663,0.109222613,0.0105462233,0.0264181904,0.36510393,-0.313749403,0.0123860966,0.976294219,-0.166807592,-0.0426558927,0.0222719647,0.0494076982,0.0290374588,-0.0454401746,-0.163327053,0.142072499,-0.000546306605,-0.00165096752,0.0474319756,0.00675457017,-0.0586931631,0.089521125,-0.0695458576,0.00819747895,0.0429276228,0.000779197435,0.00641827239,-0.00454633031,0.000101703292,-0.0220444817,0.144776016,0.0078826379,-0.079594478,0.00134757801,0.0901364163,-0.00661441404,-0.0276799966,0.00724713411,0.0552428961,0.00804677233,-0.190741003,0.034317717,-0.0844412297,0.422078848,-0.0718231052,0.124333337,-0.264404804,-0.0899033919,0.0948960856,0.428043425,-0.27793014,-0.0862839893,0.0282879639,0.150290534,0.027317021,0.324801952,0.378432959,0.0454121865,0.886399865,0.119785555,-0.015732009,0.0589909479,0.398012042,-0.350622594,-0.000228395686,0.965552151,-0.16439341,-0.0396565422,0.0228212401,-0.190741003,0.034317717,-0.0844412297,0.422078848,-0.0718231052,0.124333329,-0.264404804,-0.0899033993,0.094896093,0.428043425,-0.27793014,-0.0862839893,0.0282879639,0.150290534,0.027317021,0.324801952,0.378432959,0.0454121865,0.886399865,0.119785555,-0.015732009,0.0589909479,0.398012042,-0.350622594,-0.000228395686,0.965552151,-0.16439341,-0.0396565422,0.0228212401,-0.190741003,0.034317717,-0.0844412297,0.422078848,-0.0718231052,0.124333337,-0.264404804,-0.0899033919,0.0948960856,0.428043425,-0.27793014,-0.0862839893,0.0282879639,0.150290534,0.027317021,0.324801952,0.378432959,0.0454121865,0.886399865,0.119785555,-0.015732009,0.0589909479,0.398012042,-0.350622594,-0.000228395686,0.965552151,-0.16439341,-0.0396565422,0.0228212401
0.920857773,3214767.77,0,0,0.000171576627,5.95580786e-06,1,0.163946301,0.0143964291,1,0.514853477,0.00428135181,-0.0136125134,-0.857159376,-0.00726921018,-0.0460431576,-0.00600399356,-2.24207754e-44,2.24207754e-44,2.24207754e-44,-0.240522012,0.0766472295,-0.0906598121,0.453620106,-0.218702272,0.0289776847,-0.192088619,-0.0645668209,0.0766037256,0.540550232,-0.347622305,0.0422082171,0.0272281803,0.0146724051,-0.00694379024,0.319826216,0.24189727,-0.0030364634,0.949940085,0.110677801,0.0106786666,0.0256367084,0.365124494,-0.312894017,0.0123237772,0.976100504,-0.166729882,-0.0420050584,0.0223439988,0.0444419943,0.0282172691,-0.0447326936,-0.158460841,0.140633255,-0.00166431721,-0.00387902348,0.0463597402,0.00753623201,-0.0602295697,0.0903846994,-0.067821756,0.00421257876,0.0410776734,0.00265270518,0.0134869097,-0.00396880833,-0.000220424336,-0.0238425992,0.141808733,0.0146402949,-0.0763453841,0.0025807051,0.0816984177,-0.00602195505,-0.0145068048,0.00796111766,0.0675538257,0.00681752292,-0.190741003,0.034317717,-0.0844412297,0.422078848,-0.0718231052,0.124333337,-0.264404804,-0.0899033919,0.0948960856,0.428043425,-0.27793014,-0.0862839893,0.0282879639,0.150290534,0.027317021,0.324801952,0.378432959,0.0454121865,0.886399865,0.119785555,-0.015732009,0.0589909479,0.398012042,-0.350622594,-0.000228395686,0.965552151,-0.16439341,-0.0396565422,0.0228212401,-0.191181779,0.034945596,-0.085194923,0.419237584,-0.0750090554,0.124047391,-0.265227914,-0.0904515162,0.0952899009,0.425155759,-0.29232657,-0.0879594386,0.0284609385,0.151200563,0.0299990699,0.325205326,0.379526615,0.0453501828,0.885120153,0.121797085,-0.0140013639,0.0582273267,0.397096306,-0.350794911,5.13475388e-05,0.964870632,-0.164206058,-0.0386116989,0.022297401,-0.191181779,0.0349455997,-0.085194923,0.419237584,-0.0750090554,0.124047384,-0.265227914,-0.0904515162,0.0952898934,0.425155759,-0.29232657,-0.0879594311,0.0284609385,0.151200563,0.0299990699,0.325205326,0.379526615,0.0453501828,0.885120153,0.121797085,-0.014001362,0.0582273304,0.397096306,-0.350794911,5.13475388e-05,0.964870632,-0.164206058,-0.0386116989,0.022297401
0.930859716,3214767.78,0,0,0.0101735201,7.34534115e-06,1,0.163946301,0,1,0.5148229,0.00407219399,-0.0136926211,-0.857177556,-0.00732597103,-0.0436997004,-0.00643198937,-2.24207754e-44,2.24207754e-44,2.24207754e-44,-0.240119025,0.076921761,-0.091103211,0.452088326,-0.217313647,0.0289599691,-0.192149073,-0.064110823,0.0766843706,0.539956033,-0.3467215,0.0415378176,0.0272583049,0.0150730964,-0.00690309517,0.320004821,0.241856918,-0.00304087368,0.949639022,0.112048835,0.0109286858,0.0248975232,0.365169555,-0.312140495,0.0122669293,0.975991189,-0.166648433,-0.0412947722,0.0224052854,0.040437445,0.0260347389,-0.0441189595,-0.153698727,0.139130831,-0.00254497933,-0.00593836,0.0441585034,0.00836964604,-0.0595283769,0.0886446461,-0.0687632412,0.00244094408,0.0381896347,0.00550229801,0.0217992943,-0.00371843181,-0.000462086551,-0.0407410935,0.139481321,0.0403851122,-0.0740280747,0.00602815533,0.0715573505,-0.00540913315,-0.00942196976,0.00832124241,0.0775085688,0.00546354847,-0.191181779,0.0349455997,-0.085194923,0.419237584,-0.0750090554,0.124047384,-0.265227914,-0.0904515162,0.0952898934,0.425155759,-0.29232657,-0.0879594311,0.0284609385,0.151200563,0.0299990699,0.325205326,0.379526615,0.0453501828,0.885120153,0.121797085,-0.014001362,0.0582273304,0.397096306,-0.350794911,5.13475388e-05,0.964870632,-0.164206058,-0.0386116989,0.022297401,-0.191181779,0.034945596,-0.085194923,0.419237584,-0.0750090554,0.124047391,-0.265227914,-0.0904515162,0.0952899009,0.425155759,-0.29232657,-0.0879594386,0.0284609385,0.151200563,0.0299990699,0.325205326,0.379526615,0.0453501828,0.885120153,0.121797085,-0.0140013639,0.0582273267,0.397096306,-0.350794911,5.13475388e-05,0.964870632,-0.164206058,-0.0386116989,0.022297401,-0.191181779,0.0349455997,-0.085194923,0.419237584,-0.0750090554,0.124047384,-0.265227914,-0.0904515162,0.0952898934,0.425155759,-0.29232657,-0.0879594311,0.0284609385,0.151200563,0.0299990699,0.325205326,0.379526615,0.0453501828,0.885120153,0.121797085,-0.014001362,0.0582273304,0.397096306,-0.350794911,5.13475388e-05,0.964870632,-0.164206058,-0.0386116989,0.022297401
0.941863315,3214767.79,0,0,0.00114566879,9.02591273e-06,1,0.162926037,0.0108865499,1,0.51478827,0.0038425019,-0.0137780979,-0.857198,-0.00812432729,-0.0374882556,-0.00593725638,-2.24207754e-44,2.24207754e-44,2.24207754e-44,-0.239712596,0.0772127062,-0.0916318074,0.450324237,-0.215668619,0.0289349128,-0.192271471,-0.0636021122,0.0767874643,0.539267361,-0.345660001,0.0407471471,0.0272800941,0.0155136883,-0.00683953241,0.320319563,0.241813824,-0.00305085024,0.949072003,0.113651708,0.0115589304,0.0240387376,0.365299553,-0.311384261,0.012205584,0.975893974,-0.166547894,-0.0403794721,0.0224633496,0.0271593463,0.0233312417,-0.0440717265,-0.138981149,0.134309202,-0.00119053654,-0.0143293459,0.0415472612,0.00868213642,-0.0547393337,0.0887126401,-0.0622752011,0.00145202468,0.0364419557,0.00523090782,0.0280899275,-0.00372640765,-0.00118403975,-0.0464704409,0.124485388,0.0542436764,-0.0683096498,0.0145394849,0.0561518744,-0.00494775269,-0.00742648216,0.00834156014,0.0703647956,0.00454226416,-0.191530019,0.0350629613,-0.0855198875,0.41737628,-0.0755368993,0.123998716,-0.265822381,-0.0912718549,0.095800586,0.422724485,-0.30321312,-0.089695476,0.0285100006,0.151618272,0.0311255865,0.325117618,0.380914271,0.0452086143,0.883984864,0.123419181,-0.0124286264,0.0577372909,0.396046489,-0.350759327,0.000469015911,0.964516163,-0.164316803,-0.0377444476,0.0218275078,-0.191530019,0.0350629576,-0.0855198875,0.41737628,-0.0755368993,0.123998709,-0.265822381,-0.0912718475,0.0958005786,0.422724485,-0.30321312,-0.0896954685,0.0285100006,0.151618272,0.0311255865,0.325117618,0.380914271,0.0452086143,0.883984864,0.123419181,-0.0124286264,0.0577372909,0.396046489,-0.350759327,0.000469015911,0.964516163,-0.164316803,-0.0377444476,0.0218275078,-0.191530019,0.0350629613,-0.0855198875,0.41737628,-0.0755368993,0.123998716,-0.265822381,-0.0912718549,0.095800586,0.422724485,-0.30321312,-0.089695476,0.0285100006,0.151618272,0.0311255865,0.325117618,0.380914271,0.0452086143,0.883984864,0.123419181,-0.0124286264,0.0577372909,0.396046489,-0.350759327,0.000469015911,0.964516163,-0.164316803,-0.0377444476,0.0218275078
0.952857659,3214767.8,0,0,0.0121400128,6.11459836e-06,1,0.162926037,0,1,0.514763415,0.00366756506,-0.0138396546,-0.857212722,-0.00663087703,-0.036047902,-0.00458949758,-2.24207754e-44,2.24207754e-44,2.24207754e-44,-0.239477217,0.0774201825,-0.0920707062,0.448989451,-0.214341849,0.0289279781,-0.192436233,-0.0632115826,0.0768756941,0.538753808,-0.344796091,0.0401298329,0.0272909887,0.0158577692,-0.0067596403,0.320617288,0.24177748,-0.00306509924,0.948574364,0.114827715,0.0121882735,0.0233914591,0.365475297,-0.310901821,0.0121596456,0.97582382,-0.166467264,-0.0397045314,0.0225014407,0.022352038,0.0185810942,-0.043708127,-0.131466091,0.132295012,-0.000512652623,-0.017239796,0.0368954763,0.00890267268,-0.0493533313,0.0845604837,-0.0617803335,0.000867880532,0.0325053744,0.0101076802,0.0309430379,-0.00341372634,-0.00155347097,-0.0535913743,0.115144327,0.0713637397,-0.0628387779,0.0192865524,0.0431919955,-0.00434600376,-0.00680629537,0.0078502791,0.0676527321,0.00327641284,-0.191530019,0.0350629613,-0.0855198875,0.41737628,-0.0755368993,0.123998716,-0.265822381,-0.0912718549,0.095800586,0.422724485,-0.30321312,-0.089695476,0.0285100006,0.151618272,0.0311255865,0.325117618,0.380914271,0.0452086143,0.883984864,0.123419181,-0.0124286264,0.0577372909,0.396046489,-0.350759327,0.000469015911,0.964516163,-0.164316803,-0.0377444476,0.0218275078,-0.191530019,0.0350629576,-0.0855198875,0.41737628,-0.0755368993,0.123998709,-0.265822381,-0.0912718475,0.0958005786,0.422724485,-0.30321312,-0.0896954685,0.0285100006,0.151618272,0.0311255865,0.325117618,0.380914271,0.0452086143,0.883984864,0.123419181,-0.0124286264,0.0577372909,0.396046489,-0.350759327,0.000469015911,0.964516163,-0.164316803,-0.0377444476,0.0218275078,-0.191530019,0.0350629613,-0.0855198875,0.41737628,-0.0755368993,0.123998716,-0.265822381,-0.0912718549,0.095800586,0.422724485,-0.30321312,-0.089695476,0.0285100006,0.151618272,0.0311255865,0.325117618,0.380914271,0.0452086143,0.883984864,0.123419181,-0.0124286264,0.0577372909,0.396046489,-0.350759327,0.000469015911,0.964516163,-0.164316803,-0.0377444476,0.0218275078
0.963878463,3214767.81,0,0,0.00318692531,4.42517921e-06,1,0.168828294,0.00799036026,1,0.514745116,0.00350427325,-0.0138992304,-0.857223392,-0.00685030874,-0.0331350341,-0.00327701517,-2.24207754e-44,2.24207754e-44,2.24207754e-44,-0.239315242,0.0775848478,-0.0925077423,0.447763413,-0.213052526,0.0289334785,-0.192644879,-0.0628633648,0.0769641623,0.538303256,-0.343962103,0.03955286,0.0272972342,0.016173292,-0.00664051296,0.320925593,0.241743326,-0.00308399205,0.948089957,0.115865335,0.0128890397,0.0228131525,0.365699112,-0.310558379,0.0121181738,0.975758493,-0.166391179,-0.0391022153,0.0225302409,0.0116973985,0.0153180026,-0.0436956622,-0.115484804,0.126038983,0.0013390932,-0.0233613234,0.0337030739,0.008823907,-0.04181486,0.0827997848,-0.0543132052,0.000492155435,0.0312902555,0.0134973358,0.0302454773,-0.00347022666,-0.00211623334,-0.0427085236,0.094285287,0.0660895035,-0.0539154485,0.0242791418,0.0281966217,-0.00405051606,-0.00636937935,0.00746448431,0.0537770055,0.0026927609,-0.191707551,0.0346345082,-0.0855162963,0.416437745,-0.0742361248,0.124058947,-0.266477406,-0.0920682922,0.0964604393,0.420450121,-0.31120348,-0.0913532302,0.0286314692,0.151551574,0.0311301611,0.324739456,0.382363558,0.0450217165,0.883073568,0.124656871,-0.0110550225,0.057587713,0.39496237,-0.350439996,0.000955766067,0.964336693,-0.16470173,-0.0370650627,0.0214986429,-0.191707551,0.0346345045,-0.0855162963,0.416437745,-0.0742361248,0.12405894,-0.266477406,-0.0920682922,0.0964604467,0.420450121,-0.31120348,-0.0913532302,0.0286314692,0.151551574,0.0311301611,0.324739456,0.382363558,0.0450217165,0.883073568,0.124656871,-0.0110550262,0.0575877093,0.39496237,-0.350439996,0.000955766067,0.964336693,-0.16470173,-0.0370650627,0.0214986447,-0.191707551,0.0346345082,-0.0855162963,0.416437745,-0.0742361248,0.124058947,-0.266477406,-0.0920682922,0.0964604393,0.420450121,-0.31120348,-0.0913532302,0.0286314692,0.151551574,0.0311301611,0.324739456,0.382363558,0.0450217165,0.883073568,0.124656871,-0.0110550225,0.057587713,0.39496237,-0.350439996,0.000955766067,0.964336693,-0.16470173,-0.0370650627,0.0214986429
0.974862628,3214767.82,0,0,0.01417109,8.96770507e-06,1,0.168828294,0,1,0.51473099,0.00332294661,-0.0139673231,-0.857231498,-0.00498441886,-0.031276118,-0.0014656334,-2.24207754e-44,2.24207754e-44,2.24207754e-44,-0.239225611,0.0777282044,-0.0930255428,0.446454257,-0.211563781,0.0289599914,-0.192955747,-0.0624993406,0.0770733878,0.537850618,-0.343000859,0.0389235355,0.0273023751,0.0165179726,-0.00645099161,0.321287572,0.241703644,-0.00311215245,0.94760716,0.116894357,0.0137434565,0.0222393703,0.366011828,-0.310331196,0.0120735606,0.975685954,-0.166311011,-0.0384812355,0.022554921,0.00544257089,0.00942487363,-0.0426721759,-0.105441123,0.122906156,0.00282891258,-0.0269471463,0.0277440026,0.00929398369,-0.03523653,0.0783131421,-0.0509010442,0.000408263295,0.0267068073,0.0178164653,0.0298732836,-0.00318359747,-0.00249524671,-0.0386807695,0.0809027478,0.0757354349,-0.0434101708,0.026820058,0.0127530061,-0.00352284801,-0.00580503372,0.00611716975,0.0513410792,0.00161271275,-0.191707551,0.0346345082,-0.0855162963,0.416437745,-0.0742361248,0.124058947,-0.266477406,-0.0920682922,0.0964604393,0.420450121,-0.31120348,-0.0913532302,0.0286314692,0.151551574,0.0311301611,0.324739456,0.382363558,0.0450217165,0.883073568,0.124656871,-0.0110550225,0.057587713,0.39496237,-0.350439996,0.000955766067,0.964336693,-0.16470173,-0.0370650627,0.0214986429,-0.191707551,0.0346345045,-0.0855162963,0.416437745,-0.0742361248,0.12405894,-0.266477406,-0.0920682922,0.0964604467,0.420450121,-0.31120348,-0.0913532302,0.0286314692,0.151551574,0.0311301611,0.324739456,0.382363558,0.0450217165,0.883073568,0.124656871,-0.0110550262,0.0575877093,0.39496237,-0.350439996,0.000955766067,0.964336693,-0.16470173,-0.0370650627,0.0214986447,-0.191707551,0.0346345082,-0.0855162963,0.416437745,-0.0742361248,0.124058947,-0.266477406,-0.0920682922,0.0964604393,0.420450121,-0.31120348,-0.0913532302,0.0286314692,0.151551574,0.0311301611,0.324739456,0.382363558,0.0450217165,0.883073568,0.124656871,-0.0110550225,0.057587713,0.39496237,-0.350439996,0.000955766067,0.964336693,-0.16470173,-0.0370650627,0.0214986429
0.984871267,3214767.83,0,0,0.00415217178,4.32599336e-06,1,0.162207987,0.00660517812,1,0.514725327,0.00317199621,-0.0140315387,-0.857234418,-0.00399916526,-0.0328292027,-0.000449534564,-2.24207754e-44,2.24207754e-44,2.24207754e-44,-0.239185169,0.0778003335,-0.0934452713,0.445465803,-0.210366279,0.0289979335,-0.193222538,-0.0622460246,0.0771686435,0.53753376,-0.342232078,0.0384563133,0.0273069106,0.0167670567,-0.00622292608,0.321567446,0.241673112,-0.00313849794,0.947302818,0.117601946,0.0144647462,0.0218768772,0.366280437,-0.310252517,0.0120365983,0.975630641,-0.166254416,-0.0380188152,0.0225671865,0.00319996336,0.00559485378,-0.0412691198,-0.0955405608,0.118285857,0.00442667212,-0.0266921017,0.0235873796,0.00984252803,-0.0297897365,0.0755591616,-0.0451817736,0.000576794555,0.0232620891,0.024977522,0.027227845,-0.00291147293,-0.00270519801,-0.0264681932,0.0657830238,0.0724760517,-0.0315443948,0.0268319994,0.00553314202,-0.00374493329,-0.00530019123,0.00507348124,0.0442756861,0.000962274033,-0.191677213,0.0337686539,-0.0852063,0.416244358,-0.0722722411,0.124107823,-0.267535865,-0.0926535204,0.097170569,0.418146551,-0.317808658,-0.0929326341,0.0287675392,0.151212975,0.0303777456,0.324118316,0.383622825,0.044858776,0.882381499,0.12564224,-0.00979296118,0.0576258525,0.394084811,-0.349888206,0.00150140189,0.964317083,-0.165355682,-0.036622826,0.021399796,-0.191677213,0.0337686539,-0.0852063,0.416244358,-0.0722722411,0.124107823,-0.267535865,-0.0926535279,0.0971705616,0.418146551,-0.317808658,-0.0929326341,0.0287675392,0.151212975,0.0303777456,0.324118316,0.383622825,0.044858776,0.882381499,0.12564224,-0.00979296025,0.0576258525,0.394084811,-0.349888206,0.00150140189,0.964317083,-0.165355682,-0.036622826,0.0213997979,-0.191677213,0.0337686539,-0.0852063,0.416244358,-0.0722722411,0.124107823,-0.267535865,-0.0926535204,0.097170569,0.418146551,-0.317808658,-0.0929326341,0.0287675392,0.151212975,0.0303777456,0.324118316,0.383622825,0.044858776,0.882381499,0.12564224,-0.00979296118,0.0576258525,0.394084811,-0.349888206,0.00150140189,0.964317083,-0.165355682,-0.036622826,0.021399796
0.995928715,3214767.84,0,0,0.0152096199,7.64196739e-06,1,0.162207987,0,1,0.51472187,0.00299406308,-0.0141152395,-0.857235789,-0.00337401917,-0.0333710983,-3.8687208e-06,-2.24207754e-44,2.24207754e-44,2.24207754e-44,-0.239160568,0.0778408423,-0.0939198211,0.444367945,-0.208971485,0.0290621333,-0.193539947,-0.0619944558,0.0772949755,0.537193179,-0.34134692,0.0379344337,0.0273176916,0.017011527,-0.00590510434,0.321890414,0.241641402,-0.00317189679,0.947035015,0.118338093,0.0154062556,0.0215905588,0.366594553,-0.31021145,0.0119918725,0.975572228,-0.166208252,-0.0374967717,0.0225741211,0.00141165953,0.00236436841,-0.038538713,-0.0869343206,0.113549881,0.00602246867,-0.0255166721,0.0196329467,0.0108432928,-0.0271671452,0.0730367824,-0.0407498777,0.00104862661,0.0190773215,0.0290182643,0.0260827243,-0.00248996262,-0.0028273284,-0.0164837725,0.0558809638,0.0779171586,-0.0180413071,0.0252810568,0.00227450114,-0.00380543037,-0.00461952575,0.00328219798,0.0403853208,0.000366609078,-0.191677213,0.0337686539,-0.0852063,0.416244358,-0.0722722411,0.124107823,-0.267535865,-0.0926535204,0.097170569,0.418146551,-0.317808658,-0.0929326341,0.0287675392,0.151212975,0.0303777456,0.324118316,0.383622825,0.044858776,0.882381499,0.12564224,-0.00979296118,0.0576258525,0.394084811,-0.349888206,0.00150140189,0.964317083,-0.165355682,-0.036622826,0.021399796,-0.191677213,0.0337686539,-0.0852063,0.416244358,-0.0722722411,0.124107823,-0.267535865,-0.0926535279,0.0971705616,0.418146551,-0.317808658,-0.0929326341,0.0287675392,0.151212975,0.0303777456,0.324118316,0.383622825,0.044858776,0.882381499,0.12564224,-0.00979296025,0.0576258525,0.394084811,-0.349888206,0.00150140189,0.964317083,-0.165355682,-0.036622826,0.0213997979,-0.191677213,0.0337686539,-0.0852063,0.416244358,-0.0722722411,0.124107823,-0.267535865,-0.0926535204,0.097170569,0.418146551,-0.317808658,-0.0929326341,0.0287675392,0.151212975,0.0303777456,0.324118316,0.383622825,0.044858776,0.882381499,0.12564224,-0.00979296118,0.0576258525,0.394084811,-0.349888206,0.00150140189,0.964317083,-0.165355682,-0.036622826,0.021399796
1.00685549,3214767.85,0,0,0.00607930822,5.81424683e-06,1,0.250803772,0.0061724782,1,0.514718711,0.00283326046,-0.0141884852,-0.857237041,-0.00430977857,-0.0355878063,-0.000589455769,-2.24207754e-44,2.24207754e-44,2.24207754e-44,-0.239153385,0.0778588653,-0.0942933187,0.443572342,-0.207882464,0.0291290637,-0.193779141,-0.0618075728,0.0774076581,0.536942065,-0.340624064,0.0375680439,0.0273296088,0.0171933789,-0.00557294302,0.322155446,0.241619229,-0.00319931842,0.946921587,0.118808381,0.0161591209,0.021469567,0.3668302,-0.310196787,0.0119528919,0.9755283,-0.16617994,-0.0371542163,0.0225763544,4.28725361e-05,0.00147911638,-0.0361463763,-0.0754250437,0.10624183,0.00712655764,-0.0232692808,0.0181316976,0.0118973227,-0.0242901128,0.0714702159,-0.0353652164,0.00144452846,0.0174462777,0.0345459431,0.0272962619,-0.00195998792,-0.00262644119,-0.00905999355,0.0430448949,0.0759583041,-0.00914453343,0.0224771388,0.00112028455,-0.00383027713,-0.00419301353,0.00216010096,0.0315024853,0.000176658999,-0.191583008,0.0326469764,-0.0847430751,0.416440785,-0.0706276149,0.124158278,-0.269084007,-0.0929143354,0.0978290513,0.415815413,-0.323981136,-0.0944571868,0.0288818851,0.150728211,0.0293789767,0.323340833,0.384612381,0.0447648019,0.881906033,0.126505062,-0.00865230709,0.0577403009,0.393520623,-0.349235594,0.00207694061,0.964414895,-0.166191369,-0.03631109,0.0214488916,-0.191583008,0.0326469764,-0.0847430751,0.416440785,-0.0706276149,0.124158286,-0.269084007,-0.0929143354,0.0978290588,0.415815413,-0.323981136,-0.0944571868,0.0288818851,0.150728211,0.0293789767,0.323340833,0.384612381,0.0447648019,0.881906033,0.126505062,-0.00865230802,0.0577402972,0.393520623,-0.349235594,0.00207694061,0.964414895,-0.166191369,-0.03631109,0.0214488935,-0.191583008,0.0326469764,-0.0847430751,0.416440785,-0.0706276149,0.124158278,-0.269084007,-0.0929143354,0.0978290513,0.415815413,-0.323981136,-0.0944571868,0.0288818851,0.150728211,0.0293789767,0.323340833,0.384612381,0.0447648019,0.881906033,0.126505062,-0.00865230709,0.0577403009,0.393520623,-0.349235594,0.00207694061,0.964414895,-0.166191369,-0.03631109,0.0214488916
1.01687186,3214767.86,0,0,0.0160956839,4.36697155e-06,1,0.250803772,0,1,0.514708459,0.00267100683,-0.0142588671,-0.857242525,-0.00507099228,-0.0354086049,-0.00253302511,-2.24207754e-44,2.24207754e-44,2.24207754e-44,-0.239164099,0.0778701454,-0.0946294591,0.442862988,-0.20685257,0.0292066336,-0.19400765,-0.0616336465,0.0775426179,0.536698341,-0.339920461,0.0372207053,0.0273491722,0.0173554793,-0.00523485057,0.322449267,0.241604164,-0.00322325458,0.946847618,0.119222417,0.0169727206,0.0214020293,0.367036432,-0.310187697,0.0119170863,0.975489676,-0.166171521,-0.0368521921,0.0225781463,-0.00160643109,0.000972305425,-0.0322232246,-0.0670874864,0.100258805,0.00816937629,-0.0220753569,0.0169713143,0.0143546294,-0.0241555311,0.0698915944,-0.0331146084,0.00216806703,0.0157097373,0.0344461799,0.0309094079,-0.00120375876,-0.00223446637,-0.00650463719,0.039101392,0.0834406614,-0.00555993384,0.019094618,0.000757433416,-0.00348762562,-0.00369863934,0.000252174621,0.0281732194,0.000169841092,-0.191583008,0.0326469764,-0.0847430751,0.416440785,-0.0706276149,0.124158278,-0.269084007,-0.0929143354,0.0978290513,0.415815413,-0.323981136,-0.0944571868,0.0288818851,0.150728211,0.0293789767,0.323340833,0.384612381,0.0447648019,0.881906033,0.126505062,-0.00865230709,0.0577403009,0.393520623,-0.349235594,0.00207694061,0.964414895,-0.166191369,-0.03631109,0.0214488916,-0.191583008,0.0326469764,-0.0847430751,0.416440785,-0.0706276149,0.124158286,-0.269084007,-0.0929143354,0.0978290588,0.415815413,-0.323981136,-0.0944571868,0.0288818851,0.150728211,0.0293789767,0.323340833,0.384612381,0.0447648019,0.881906033,0.126505062,-0.00865230802,0.0577402972,0.393520623,-0.349235594,0.00207694061,0.964414895,-0.166191369,-0.03631109,0.0214488935,-0.191583008,0.0326469764,-0.0847430751,0.416440785,-0.0706276149,0.124158278,-0.269084007,-0.0929143354,0.0978290513,0.415815413,-0.323981136,-0.0944571868,0.0288818851,0.150728211,0.0293789767,0.323340833,0.384612381,0.0447648019,0.881906033,0.126505062,-0.00865230709,0.0577403009,0.393520623,-0.349235594,0.00207694061,0.964414895,-0.166191369,-0.03631109,0.0214488916
1.02795411,3214767.87,0,0,0.00723467488,5.56092709e-06,1,0.170879066,0.00641176105,1,0.514686406,0.00246379571,-0.0143405581,-0.857255042,-0.00683700154,-0.035483446,-0.00465502776,-2.24207754e-44,2.24207754e-44,2.24207754e-44,-0.239196807,0.0778800026,-0.0949918777,0.442159921,-0.205720156,0.0293116141,-0.194253981,-0.0614369251,0.077730231,0.536424637,-0.339090377,0.0368744694,0.0273775924,0.0175397955,-0.00479258038,0.322864205,0.24159582,-0.00324663986,0.946782291,0.119614623,0.0179650448,0.021349879,0.36722818,-0.31018123,0.0118760392,0.975447416,-0.166175231,-0.0365791805,0.0225800276,-0.00569785805,0.000693267502,-0.0286027137,-0.0525354631,0.0903158262,0.00932688918,-0.0215944964,0.0160985701,0.0167719163,-0.0218808223,0.0682027042,-0.0274718571,0.00263135741,0.0150032472,0.0353312716,0.0379947759,-0.00037614617,-0.00175937219,-0.00489788409,0.0298330411,0.0830228999,-0.00371990236,0.0144626219,0.000475001318,-0.00327843218,-0.00335826539,-0.00107747654,0.0199702438,0.000211433726,-0.191520244,0.031399861,-0.0842511505,0.41667825,-0.0700277835,0.124327525,-0.271007597,-0.0928384736,0.0983250514,0.413549811,-0.330392897,-0.096019946,0.0289327987,0.150322616,0.0284942947,0.322469473,0.385297507,0.044773329,0.881559014,0.127284601,-0.00764268637,0.0578891188,0.393361181,-0.348626524,0.00258712843,0.964598835,-0.167093158,-0.0360534713,0.0215716735,-0.191520244,0.031399861,-0.0842511505,0.41667825,-0.0700277835,0.124327533,-0.271007597,-0.0928384811,0.0983250439,0.413549811,-0.330392897,-0.096019946,0.0289327987,0.150322616,0.0284942947,0.322469473,0.385297507,0.044773329,0.881559014,0.127284601,-0.0076426845,0.0578891225,0.393361181,-0.348626524,0.00258712657,0.964598835,-0.167093158,-0.0360534713,0.0215716735,-0.191520244,0.031399861,-0.0842511505,0.41667825,-0.0700277835,0.124327525,-0.271007597,-0.0928384736,0.0983250514,0.413549811,-0.330392897,-0.096019946,0.0289327987,0.150322616,0.0284942947,0.322469473,0.385297507,0.044773329,0.881559014,0.127284601,-0.00764268637,0.0578891188,0.393361181,-0.348626524,0.00258712843,0.964598835,-0.167093158,-0.0360534713,0.0215716735
1.0388904,3214767.89,0,0,0.0181709686,4.72180545e-06,1,0.170879066,0,1,0.514652669,0.00228591985,-0.0143926069,-0.85727489,-0.00866972469,-0.0288095847,-0.00697332481,-2.24207754e-44,2.24207754e-44,2.24207754e-44,-0.239359573,0.0778859034,-0.0953074843,0.441621691,-0.204695657,0.0294349976,-0.194574624,-0.0612471476,0.0779528171,0.536167145,-0.338288397,0.0365457982,0.0274148788,0.0177127589,-0.00446488243,0.323385537,0.241594747,-0.00326553197,0.946729004,0.119986475,0.0190062579,0.0213108156,0.367389381,-0.310174733,0.0118405633,0.975410163,-0.166206136,-0.0363490209,0.0225844905,-0.0162884369,0.00037544503,-0.0248668324,-0.0393734127,0.0816528276,0.0106758261,-0.0274410676,0.015500851,0.0195865128,-0.0212456603,0.0663441196,-0.0255286936,0.00330608012,0.0142147122,0.0259206742,0.0464262478,0.000109497501,-0.00145292084,-0.00406567194,0.0302340705,0.0875123814,-0.00296701351,0.0115079982,0.000562516856,-0.00281384913,-0.00299055432,-0.00322325714,0.0176395569,0.000436818373,-0.191520244,0.031399861,-0.0842511505,0.41667825,-0.0700277835,0.124327525,-0.271007597,-0.0928384736,0.0983250514,0.413549811,-0.330392897,-0.096019946,0.0289327987,0.150322616,0.0284942947,0.322469473,0.385297507,0.044773329,0.881559014,0.127284601,-0.00764268637,0.0578891188,0.393361181,-0.348626524,0.00258712843,0.964598835,-0.167093158,-0.0360534713,0.0215716735,-0.191520244,0.031399861,-0.0842511505,0.41667825,-0.0700277835,0.124327533,-0.271007597,-0.0928384811,0.0983250439,0.413549811,-0.330392897,-0.096019946,0.0289327987,0.150322616,0.0284942947,0.322469473,0.385297507,0.044773329,0.881559014,0.127284601,-0.0076426845,0.0578891225,0.393361181,-0.348626524,0.00258712657,0.964598835,-0.167093158,-0.0360534713,0.0215716735,-0.191520244,0.031399861,-0.0842511505,0.41667825,-0.0700277835,0.124327525,-0.271007597,-0.0928384736,0.0983250514,0.413549811,-0.330392897,-0.096019946,0.0289327987,0.150322616,0.0284942947,0.322469473,0.385297507,0.044773329,0.881559014,0.127284601,-0.00764268637,0.0578891188,0.393361181,-0.348626524,0.00258712843,0.964598835,-0.167093158,-0.0360534713,0.0215716735
1.04987775,3214767.9,0,0,0.00914654415,9.2741102e-06,1,0.208957121,0.00566959381,1,0.514623702,0.00216965424,-0.0144186364,-0.857292175,-0.00979167502,-0.0248578209,-0.00884943549,-2.24207754e-44,2.24207754e-44,2.24207754e-44,-0.23950623,0.0778879449,-0.0954935625,0.441351831,-0.204073295,0.0295234267,-0.194796279,-0.0611258186,0.0781175643,0.536003649,-0.337766618,0.0363448299,0.0274448842,0.017824512,-0.00425815023,0.323778778,0.241597354,-0.00327613624,0.946699917,0.120217063,0.0196981691,0.0212889407,0.367464066,-0.310169846,0.0118193775,0.975387037,-0.16623725,-0.0362247489,0.0225886665,-0.0229927227,0.000175807087,-0.0220241677,-0.030338401,0.0757267103,0.0115431277,-0.031553641,0.015096223,0.0214762352,-0.019534545,0.063926883,-0.0271085203,0.00442181015,0.0135995504,0.0209340397,0.0515784286,0.000428351719,-0.00125291804,-0.00347529515,0.0300469305,0.0877625793,-0.00264530396,0.00940939877,0.000685158651,-0.00246290979,-0.00279836822,-0.00466053141,0.0153272869,0.000635620439,-0.191188455,0.0303925648,-0.0838253722,0.416917831,-0.0695187449,0.124642923,-0.273004204,-0.0922591165,0.0986451581,0.411830246,-0.336062491,-0.097685121,0.0288413372,0.150135994,0.027631972,0.321634501,0.385830849,0.0448764451,0.881261647,0.127950072,-0.00674000382,0.0580264628,0.393574893,-0.348173738,0.00303226337,0.964806318,-0.167894363,-0.035834536,0.0217077397,-0.191188455,0.0303925648,-0.0838253722,0.416917831,-0.0695187449,0.124642923,-0.273004204,-0.092259109,0.0986451507,0.411830246,-0.336062491,-0.0976851285,0.0288413372,0.150135994,0.027631972,0.321634501,0.385830849,0.0448764451,0.881261647,0.127950072,-0.00674000382,0.0580264665,0.393574893,-0.348173738,0.00303226523,0.964806318,-0.167894363,-0.035834536,0.0217077415,-0.191188455,0.0303925648,-0.0838253722,0.416917831,-0.0695187449,0.124642923,-0.273004204,-0.0922591165,0.0986451581,0.411830246,-0.336062491,-0.097685121,0.0288413372,0.150135994,0.027631972,0.321634501,0.385830849,0.0448764451,0.881261647,0.127950072,-0.00674000382,0.0580264628,0.393574893,-0.348173738,0.00303226337,0.964806318,-0.167894363,-0.035834536,0.0217077397
1.06088478,3214767.91,0,0,0.000158593059,5.92926517e-06,1,0.171854161,0.00495770574,1,0.514569223,0.00202134857,-0.0144324582,-0.857324958,-0.0116122728,-0.0234451164,-0.0109068425,-2.24207754e-44,2.24207754e-44,2.24207754e-44,-0.239834696,0.077887468,-0.0957309306,0.441072762,-0.203222081,0.0296663679,-0.195199847,-0.0609515607,0.0783916041,0.535778463,-0.337016195,0.0360253043,0.0275079925,0.0179820377,-0.00403742213,0.324440181,0.241605237,-0.0032894297,0.946664572,0.120579824,0.0207503606,0.021259876,0.367552459,-0.31016013,0.011793063,0.975354493,-0.166305318,-0.0360610075,0.0225980822,-0.0276642069,-0.000210059341,-0.0184996463,-0.0184723586,0.0674679428,0.0118566919,-0.0320488065,0.0139448531,0.0234364085,-0.0187479611,0.0621206053,-0.0244653169,0.00576771656,0.0129737835,0.0204132814,0.0567844622,0.000820785062,-0.00102257263,-0.00250022835,0.0287554506,0.0858366936,-0.00227559824,0.00545411417,0.000879934873,-0.00206644274,-0.00274704164,-0.00607256079,0.0116127795,0.000838969951,-0.191188455,0.0303925648,-0.0838253722,0.416917831,-0.0695187449,0.124642923,-0.273004204,-0.0922591165,0.0986451581,0.411830246,-0.336062491,-0.097685121,0.0288413372,0.150135994,0.027631972,0.321634501,0.385830849,0.0448764451,0.881261647,0.127950072,-0.00674000382,0.0580264628,0.393574893,-0.348173738,0.00303226337,0.964806318,-0.167894363,-0.035834536,0.0217077397,-0.190751106,0.0299283843,-0.0835917741,0.416919231,-0.0688780546,0.125023618,-0.275095522,-0.091141209,0.0987549424,0.410661131,-0.341020197,-0.0993593708,0.0286550503,0.150154084,0.0268651284,0.32088998,0.386271179,0.0450499468,0.881011963,0.128556564,-0.00588767137,0.0581390373,0.39402163,-0.34796077,0.00336195715,0.964990377,-0.168540105,-0.0356393009,0.0218300819,-0.190751106,0.0299283862,-0.0835917741,0.416919231,-0.0688780546,0.125023618,-0.275095522,-0.0911412016,0.0987549499,0.410661131,-0.341020197,-0.0993593708,0.0286550503,0.150154084,0.0268651284,0.32088998,0.386271179,0.0450499468,0.881011963,0.128556564,-0.00588767231,0.0581390411,0.39402163,-0.34796077,0.00336195901,0.964990377,-0.168540105,-0.0356393009,0.0218300819
1.07187018,3214767.92,0,0,0.011143995,4.84706834e-06,1,0.171854161,0,1,0.514503598,0.00187695248,-0.0144326622,-0.857364714,-0.0128223309,-0.0168436877,-0.0138706248,-2.24207754e-44,2.24207754e-44,2.24207754e-44,-0.240215242,0.0778820962,-0.0959248021,0.440920055,-0.202461675,0.0298057124,-0.195616692,-0.0607914217,0.0786901712,0.535569012,-0.336289674,0.0357176624,0.027596185,0.0181277283,-0.00382795045,0.325162172,0.241618454,-0.00329944445,0.946640491,0.120917052,0.0217586476,0.0212349202,0.367608607,-0.310147703,0.0117713446,0.97532171,-0.166387782,-0.0359339267,0.022609923,-0.0365048051,-0.000628298265,-0.0141708246,-0.00928662904,0.060942322,0.0114128804,-0.0391906388,0.0130055668,0.0263236873,-0.0161337052,0.0590556748,-0.0279566851,0.00849204045,0.0111996597,0.0123702241,0.0629706383,0.00132215163,-0.000657358556,-0.00172952644,0.0292102043,0.0843304694,-0.00191429805,0.0043892595,0.00117225864,-0.00157251372,-0.00261511304,-0.00766473962,0.0103663029,0.00114208716,-0.190751106,0.0299283862,-0.0835917741,0.416919231,-0.0688780546,0.125023618,-0.275095522,-0.0911412016,0.0987549499,0.410661131,-0.341020197,-0.0993593708,0.0286550503,0.150154084,0.0268651284,0.32088998,0.386271179,0.0450499468,0.881011963,0.128556564,-0.00588767231,0.0581390411,0.39402163,-0.34796077,0.00336195901,0.964990377,-0.168540105,-0.0356393009,0.0218300819,-0.190751106,0.0299283843,-0.0835917741,0.416919231,-0.0688780546,0.125023618,-0.275095522,-0.091141209,0.0987549424,0.410661131,-0.341020197,-0.0993593708,0.0286550503,0.150154084,0.0268651284,0.32088998,0.386271179,0.0450499468,0.881011963,0.128556564,-0.00588767137,0.0581390373,0.39402163,-0.34796077,0.00336195715,0.964990377,-0.168540105,-0.0356393009,0.0218300819,-0.190751106,0.0299283862,-0.0835917741,0.416919231,-0.0688780546,0.125023618,-0.275095522,-0.0911412016,0.0987549499,0.410661131,-0.341020197,-0.0993593708,0.0286550503,0.150154084,0.0268651284,0.32088998,0.386271179,0.0450499468,0.881011963,0.128556564,-0.00588767231,0.0581390411,0.39402163,-0.34796077,0.00336195901,0.964990377,-0.168540105,-0.0356393009,0.0218300819
1.08285344,3214767.93,0,0,0.00216353731,4.58303839e-06,1,0.16859686,0.00438946486,1,0.514453292,0.0017906311,-0.0144225825,-0.857395232,-0.0136806583,-0.0183632113,-0.0145597998,-2.24207754e-44,2.24207754e-44,2.24207754e-44,-0.240502939,0.0778747201,-0.0960284993,0.440862834,-0.201990962,0.0298908092,-0.195917711,-0.0606939755,0.0789047107,0.535434246,-0.335817367,0.0355086923,0.0276703443,0.0182120521,-0.0037180318,0.325674117,0.241630614,-0.00330377277,0.946630061,0.121142536,0.0224202313,0.0212207418,0.367638648,-0.310137302,0.0117598781,0.975299954,-0.166451648,-0.0358580463,0.0226195436,-0.0348648429,-0.00112027198,-0.0123605598,-0.00611828454,0.0576530099,0.010080792,-0.0358263403,0.0116055785,0.0269450191,-0.0175770056,0.0592363887,-0.0245350245,0.00969977956,0.0101683633,0.0154115921,0.0644139796,0.0016407147,-0.000477761612,-0.00102840923,0.02709575,0.0812385753,-0.00168950309,0.00342209172,0.00137350103,-0.00136414031,-0.00281688501,-0.0080955876,0.00905074924,0.00122462853,-0.190263331,0.030062519,-0.0836141631,0.416629016,-0.0680749565,0.125441954,-0.277198553,-0.0896210745,0.0986932293,0.409938693,-0.345409662,-0.100875996,0.0284505319,0.150519043,0.0261889808,0.320332497,0.386557698,0.0452040024,0.88082397,0.129130289,-0.00506362319,0.0581945181,0.394580841,-0.347996771,0.00358592346,0.965141952,-0.169046983,-0.0354623049,0.0219737478,-0.190263331,0.0300625153,-0.0836141631,0.416629016,-0.0680749565,0.125441954,-0.277198553,-0.089621067,0.0986932367,0.409938693,-0.345409662,-0.100876004,0.0284505319,0.150519043,0.0261889808,0.320332497,0.386557698,0.0452040024,0.88082397,0.129130289,-0.0050636204,0.0581945181,0.394580841,-0.347996771,0.00358592533,0.965141952,-0.169046983,-0.0354623049,0.0219737478,-0.190263331,0.030062519,-0.0836141631,0.416629016,-0.0680749565,0.125441954,-0.277198553,-0.0896210745,0.0986932293,0.409938693,-0.345409662,-0.100875996,0.0284505319,0.150519043,0.0261889808,0.320332497,0.386557698,0.0452040024,0.88082397,0.129130289,-0.00506362319,0.0581945181,0.394580841,-0.347996771,0.00358592346,0.965141952,-0.169046983,-0.0354623049,0.0219737478
1.09285444,3214767.94,0,0,0.0121645401,4.51784581e-06,1,0.16859686,0,1,0.514376581,0.00165410014,-0.0144065944,-0.857441783,-0.0141807208,-0.0149186011,-0.0149562154,-2.24207754e-44,2.24207754e-44,2.24207754e-44,-0.240915686,0.077849485,-0.0961645693,0.44080624,-0.201321632,0.0299969222,-0.196331173,-0.0605717562,0.0792317092,0.535215497,-0.335116029,0.0352110788,0.027790755,0.0183163919,-0.00352607062,0.326470166,0.241654411,-0.00330679794,0.946623921,0.1214412,0.0233552083,0.0212033391,0.36767599,-0.310118884,0.0117457742,0.975265741,-0.16655314,-0.0357551984,0.0226356704,-0.037581902,-0.00287422631,-0.0105268974,-0.004086487,0.0549961291,0.00800095219,-0.0378565565,0.00955699012,0.028026538,-0.017338004,0.0565765239,-0.0286668912,0.00993216876,0.00724951411,0.0117199291,0.068602927,0.00226599933,-1.42720837e-05,-0.000276569364,0.0253933389,0.0774856135,-0.00124503335,0.00315321237,0.00165111525,-0.000975952134,-0.00270827487,-0.00902080722,0.00848310627,0.00152788858,-0.190263331,0.030062519,-0.0836141631,0.416629016,-0.0680749565,0.125441954,-0.277198553,-0.0896210745,0.0986932293,0.409938693,-0.345409662,-0.100875996,0.0284505319,0.150519043,0.0261889808,0.320332497,0.386557698,0.0452040024,0.88082397,0.129130289,-0.00506362319,0.0581945181,0.394580841,-0.347996771,0.00358592346,0.965141952,-0.169046983,-0.0354623049,0.0219737478,-0.190263331,0.0300625153,-0.0836141631,0.416629016,-0.0680749565,0.125441954,-0.277198553,-0.089621067,0.0986932367,0.409938693,-0.345409662,-0.100876004,0.0284505319,0.150519043,0.0261889808,0.320332497,0.386557698,0.0452040024,0.88082397,0.129130289,-0.0050636204,0.0581945181,0.394580841,-0.347996771,0.00358592533,0.965141952,-0.169046983,-0.0354623049,0.0219737478,-0.190263331,0.030062519,-0.0836141631,0.416629016,-0.0680749565,0.125441954,-0.277198553,-0.0896210745,0.0986932293,0.409938693,-0.345409662,-0.100875996,0.0284505319,0.150519043,0.0261889808,0.320332497,0.386557698,0.0452040024,0.88082397,0.129130289,-0.00506362319,0.0581945181,0.394580841,-0.347996771,0.00358592346,0.965141952,-0.169046983,-0.0354623049,0.0219737478
1.10285491,3214767.95,0,0,0.00213103415,4.51039523e-06,1,0.171551015,0.00407332182,1,0.514314473,0.00155918871,-0.014382625,-0.857479632,-0.0137360049,-0.0148482369,-0.0135313161,-2.24207754e-44,2.24207754e-44,2.24207754e-44,-0.241296187,0.0778033957,-0.0962667316,0.440769404,-0.200779721,0.0300692935,-0.196708262,-0.0604961216,0.0795116127,0.53503859,-0.334557027,0.0349358283,0.0278837848,0.0183698144,-0.00341420854,0.327166975,0.241679922,-0.00330504333,0.946625471,0.12168771,0.0241124332,0.0211927928,0.367706299,-0.3101013,0.0117374612,0.975238264,-0.166646317,-0.0356721282,0.0226519965,-0.0368287899,-0.00597500196,-0.0101660378,-0.00346766715,0.0536223538,0.00679040886,-0.0358027406,0.00589274103,0.0276804809,-0.0183399711,0.0558348559,-0.0253670923,0.00891624205,0.00406631641,0.0129286554,0.0697373673,0.00272112922,0.000271609519,0.00047786365,0.0234547313,0.0738329217,-0.00095053215,0.00289377943,0.00182222552,-0.000762817392,-0.00283641717,-0.00940171629,0.00815494731,0.0016666759,-0.189666778,0.0307976305,-0.0839289054,0.416127026,-0.0673053265,0.125932053,-0.27933988,-0.0878143981,0.0985032991,0.409583509,-0.349482983,-0.102178879,0.0283583924,0.151432842,0.025477808,0.320081741,0.386523306,0.0452466197,0.88073355,0.129667148,-0.00421700627,0.0581748486,0.395057619,-0.348293334,0.00374339893,0.965283155,-0.169541031,-0.035291709,0.0221803412,-0.189666778,0.0307976324,-0.0839289054,0.416127026,-0.0673053265,0.125932053,-0.27933988,-0.0878143907,0.0985032916,0.409583509,-0.349482983,-0.102178879,0.0283583924,0.151432842,0.025477808,0.320081741,0.386523306,0.0452466197,0.88073355,0.129667148,-0.00421700859,0.0581748448,0.395057619,-0.348293334,0.00374339707,0.965283155,-0.169541031,-0.035291709,0.0221803412,-0.189666778,0.0307976305,-0.0839289054,0.416127026,-0.0673053265,0.125932053,-0.27933988,-0.0878143981,0.0985032991,0.409583509,-0.349482983,-0.102178879,0.0283583924,0.151432842,0.025477808,0.320081741,0.386523306,0.0452466197,0.88073355,0.129667148,-0.00421700627,0.0581748486,0.395057619,-0.348293334,0.00374339893,0.965283155,-0.169541031,-0.035291709,0.0221803412
1.11285559,3214767.96,0,0,0.0121317091,5.44637442e-06,1,0.171551015,0,1,0.514245629,0.00144777028,-0.0143529736,-0.857521594,-0.0141908834,-0.0104042478,-0.0134426327,-2.24207754e-44,2.24207754e-44,2.24207754e-44,-0.2417472,0.0777156204,-0.0963839218,0.440731585,-0.200146601,0.0301343668,-0.197142884,-0.0604413375,0.0798478574,0.534817338,-0.333901405,0.0346051194,0.0279930141,0.0184008889,-0.00326757552,0.328008026,0.241714329,-0.00330013898,0.94663626,0.121961884,0.0249765534,0.0211819801,0.367741972,-0.310079336,0.0117299305,0.975205183,-0.166764453,-0.0355747193,0.0226744991,-0.0404852293,-0.00776442979,-0.00929267518,-0.0029679467,0.0522958748,0.00419558492,-0.0393426977,0.00435177237,0.028747445,-0.0179813262,0.0534018204,-0.0312398449,0.00947305281,0.00183355354,0.00868931878,0.0706675276,0.00291875401,0.000503615127,0.00112871442,0.0238739587,0.072276555,-0.000910891977,0.00315203471,0.0017989038,-0.000510547892,-0.00260211644,-0.0103448089,0.00819308404,0.00210482022,-0.189666778,0.0307976305,-0.0839289054,0.416127026,-0.0673053265,0.125932053,-0.27933988,-0.0878143981,0.0985032991,0.409583509,-0.349482983,-0.102178879,0.0283583924,0.151432842,0.025477808,0.320081741,0.386523306,0.0452466197,0.88073355,0.129667148,-0.00421700627,0.0581748486,0.395057619,-0.348293334,0.00374339893,0.965283155,-0.169541031,-0.035291709,0.0221803412,-0.189666778,0.0307976324,-0.0839289054,0.416127026,-0.0673053265,0.125932053,-0.27933988,-0.0878143907,0.0985032916,0.409583509,-0.349482983,-0.102178879,0.0283583924,0.151432842,0.025477808,0.320081741,0.386523306,0.0452466197,0.88073355,0.129667148,-0.00421700859,0.0581748448,0.395057619,-0.348293334,0.00374339707,0.965283155,-0.169541031,-0.035291709,0.0221803412,-0.189666778,0.0307976305,-0.0839289054,0.416127026,-0.0673053265,0.125932053,-0.27933988,-0.0878143981,0.0985032991,0.409583509,-0.349482983,-0.102178879,0.0283583924,0.151432842,0.025477808,0.320081741,0.386523306,0.0452466197,0.88073355,0.129667148,-0.00421700627,0.0581748486,0.395057619,-0.348293334,0.00374339893,0.965283155,-0.169541031,-0.035291709,0.0221803412
1.12386499,3214767.97,0,0,0.00317924796,8.51973891e-06,1,0.164010562,0.00421544909,1,0.514179826,0.00134789688,-0.0143108508,-0.857561946,-0.015082296,-0.0124309584,-0.0120895095,-2.24207754e-44,2.24207754e-44,2.24207754e-44,-0.242222771,0.0776096508,-0.0964958742,0.440700829,-0.199529737,0.0301684234,-0.197585732,-0.0604060441,0.0801898837,0.534572721,-0.333248466,0.0342642404,0.028106818,0.0184159726,-0.00314153777,0.328843206,0.24174954,-0.00329390564,0.946656227,0.122230135,0.0258171987,0.0211702585,0.367778569,-0.310057938,0.011724581,0.975173175,-0.166890413,-0.0354780853,0.0227009039,-0.0376437828,-0.00946642924,-0.00935393479,-0.00220265612,0.0506263338,0.00189003092,-0.0335012637,0.0020399543,0.0284095444,-0.022713298,0.0556369796,-0.0254135244,0.00974373054,0.000974758412,0.0136049939,0.068387337,0.00296797929,0.000531184778,0.00207368587,0.0203697644,0.0674834698,-0.00100292999,0.00292233448,0.00179411122,-0.000410887384,-0.00275463518,-0.0104863131,0.00790817104,0.00222487003,-0.188938037,0.0320223644,-0.0845215991,0.415421337,-0.0669363588,0.126554862,-0.281531602,-0.085844554,0.0981639996,0.409498066,-0.353698432,-0.10329663,0.0283370204,0.152983516,0.0245988928,0.320107013,0.386047184,0.045174107,0.880740285,0.13018541,-0.00328329206,0.0580737814,0.395465642,-0.348801225,0.00385169312,0.965472937,-0.17012158,-0.0351565816,0.022452455,-0.188938037,0.0320223644,-0.0845215991,0.415421337,-0.0669363588,0.126554862,-0.281531602,-0.0858445466,0.0981639922,0.409498066,-0.353698432,-0.10329663,0.0283370204,0.152983516,0.0245988928,0.320107013,0.386047184,0.045174107,0.880740285,0.13018541,-0.00328329299,0.0580737814,0.395465642,-0.348801225,0.00385169126,0.965472937,-0.17012158,-0.0351565816,0.0224524569,-0.188938037,0.0320223644,-0.0845215991,0.415421337,-0.0669363588,0.126554862,-0.281531602,-0.085844554,0.0981639996,0.409498066,-0.353698432,-0.10329663,0.0283370204,0.152983516,0.0245988928,0.320107013,0.386047184,0.045174107,0.880740285,0.13018541,-0.00328329206,0.0580737814,0.395465642,-0.348801225,0.00385169312,0.965472937,-0.17012158,-0.0351565816,0.022452455
1.13483782,3214767.98,0,0,0.014152077,5.98886982e-06,1,0.164010562,0,1,0.514157534,0.00131556962,-0.0142945023,-0.857575655,-0.0154944668,-0.00904465746,-0.0130602606,-2.24207754e-44,2.24207754e-44,2.24207754e-44,-0.242382884,0.0775726289,-0.0965313092,0.44069171,-0.199328288,0.0301721413,-0.197732911,-0.0603955016,0.0803072974,0.534486771,-0.333032101,0.0341414176,0.0281495359,0.0184193477,-0.00309883477,0.329116166,0.241761327,-0.00329153007,0.946664572,0.122317329,0.0260916092,0.0211660955,0.367791235,-0.310050994,0.0117232855,0.975162804,-0.166934639,-0.0354461037,0.0227109324,-0.0407557599,-0.00922140572,-0.00871590618,-0.00227872492,0.0502789207,0.000626082299,-0.0377759896,0.00277932175,0.0296275485,-0.0211357921,0.0536647998,-0.0322456323,0.0109385522,0.000796030858,0.00983050559,0.0681652352,0.00293977815,0.000611626601,0.00209909724,0.0222312417,0.0689140707,-0.00105306914,0.00321136229,0.00171770982,-0.000299455103,-0.00253811735,-0.0112121124,0.00801692903,0.00258693984,-0.188938037,0.0320223644,-0.0845215991,0.415421337,-0.0669363588,0.126554862,-0.281531602,-0.085844554,0.0981639996,0.409498066,-0.353698432,-0.10329663,0.0283370204,0.152983516,0.0245988928,0.320107013,0.386047184,0.045174107,0.880740285,0.13018541,-0.00328329206,0.0580737814,0.395465642,-0.348801225,0.00385169312,0.965472937,-0.17012158,-0.0351565816,0.022452455,-0.188938037,0.0320223644,-0.0845215991,0.415421337,-0.0669363588,0.126554862,-0.281531602,-0.0858445466,0.0981639922,0.409498066,-0.353698432,-0.10329663,0.0283370204,0.152983516,0.0245988928,0.320107013,0.386047184,0.045174107,0.880740285,0.13018541,-0.00328329299,0.0580737814,0.395465642,-0.348801225,0.00385169126,0.965472937,-0.17012158,-0.0351565816,0.0224524569,-0.188938037,0.0320223644,-0.0845215991,0.415421337,-0.0669363588,0.126554862,-0.281531602,-0.085844554,0.0981639996,0.409498066,-0.353698432,-0.10329663,0.0283370204,0.152983516,0.0245988928,0.320107013,0.386047184,0.045174107,0.880740285,0.13018541,-0.00328329206,0.0580737814,0.395465642,-0.348801225,0.00385169312,0.965472937,-0.17012158,-0.0351565816,0.022452455
1.1448531,3214767.99,0,0,0.00413000025,4.32925299e-06,1,0.200441107,0.00419926643,1,0.514078617,0.00122119882,-0.0142209856,-0.857624292,-0.0164679196,-0.00685796048,-0.0126695856,-2.24207754e-44,2.24207754e-44,2.24207754e-44,-0.242987558,0.0774350911,-0.096649386,0.440663368,-0.198633015,0.0301554278,-0.198289618,-0.0603640899,0.0807315707,0.534178734,-0.332279056,0.0336716175,0.0283102654,0.0184260122,-0.0029907173,0.330050707,0.241802216,-0.00328218006,0.946699321,0.122633934,0.0270543881,0.0211503711,0.367836535,-0.310027957,0.0117205353,0.97512871,-0.167099118,-0.0353344269,0.0227514077,-0.04235081,-0.0103313215,-0.00842755381,-0.00172773725,0.0490259156,-0.0023736509,-0.0377060883,0.0015954657,0.0305513684,-0.0241598412,0.0550983958,-0.0311335251,0.011703657,0.000328229566,0.00962333102,0.0649917573,0.00297466782,0.000706310209,0.00288878288,0.0211440325,0.0668969825,-0.00112188025,0.00308498438,0.0016465598,-0.000142096847,-0.00250089075,-0.0118515044,0.00782905053,0.00298848725,-0.188225061,0.0336051136,-0.0853861347,0.414534807,-0.0669509321,0.127328172,-0.283624828,-0.0839050487,0.0977169648,0.409678459,-0.357897699,-0.104217879,0.0283461493,0.155025244,0.0236055776,0.320410937,0.385194242,0.0450015888,0.880844593,0.130641252,-0.00225389004,0.0579487532,0.395808041,-0.349477232,0.00390892848,0.965698719,-0.17077896,-0.0350415967,0.0227429233,-0.188225061,0.0336051136,-0.0853861347,0.414534807,-0.0669509321,0.127328172,-0.283624828,-0.0839050412,0.0977169573,0.409678459,-0.357897699,-0.104217879,0.0283461493,0.155025244,0.0236055776,0.320410937,0.385194242,0.0450015888,0.880844593,0.130641252,-0.00225389376,0.0579487495,0.395808041,-0.349477232,0.00390892848,0.965698719,-0.17077896,-0.0350415967,0.0227429252,-0.188225061,0.0336051136,-0.0853861347,0.414534807,-0.0669509321,0.127328172,-0.283624828,-0.0839050487,0.0977169648,0.409678459,-0.357897699,-0.104217879,0.0283461493,0.155025244,0.0236055776,0.320410937,0.385194242,0.0450015888,0.880844593,0.130641252,-0.00225389004,0.0579487532,0.395808041,-0.349477232,0.00390892848,0.965698719,-0.17077896,-0.0350415967,0.0227429233
1.15485638,3214768,0,0,0.0141332829,5.20888716e-06,1,0.200441107,0,1,0.514011621,0.00114556868,-0.0141484048,-0.857665777,-0.0171580017,-0.00258356053,-0.0129520446,-2.24207754e-44,2.24207754e-44,2.24207754e-44,-0.243516311,0.0773090869,-0.0967478305,0.440642029,-0.198051959,0.0301070195,-0.198772624,-0.0603408553,0.0811112076,0.533906817,-0.331638366,0.0332130082,0.0284579154,0.01842843,-0.00289278943,0.330809653,0.241837859,-0.0032725241,0.946736395,0.122888841,0.0278583728,0.0211372375,0.367874414,-0.310009569,0.011720093,0.975100577,-0.167250916,-0.0352408774,0.0227921046,-0.0460846573,-0.0107958354,-0.00816950947,-0.00181585259,0.0481285453,-0.00518375728,-0.0428291224,0.00193125044,0.0321846269,-0.0214585755,0.0522719286,-0.0425675958,0.0122964419,8.34818566e-05,0.00609591417,0.0621944852,0.00294507993,0.000861599925,0.00323842326,0.0215682853,0.0675193071,-0.00108750642,0.00322296866,0.00143551407,2.8527882e-05,-0.00222063297,-0.0132026523,0.00778332632,0.00366938277,-0.188225061,0.0336051136,-0.0853861347,0.414534807,-0.0669509321,0.127328172,-0.283624828,-0.0839050487,0.0977169648,0.409678459,-0.357897699,-0.104217879,0.0283461493,0.155025244,0.0236055776,0.320410937,0.385194242,0.0450015888,0.880844593,0.130641252,-0.00225389004,0.0579487532,0.395808041,-0.349477232,0.00390892848,0.965698719,-0.17077896,-0.0350415967,0.0227429233,-0.188225061,0.0336051136,-0.0853861347,0.414534807,-0.0669509321,0.127328172,-0.283624828,-0.0839050412,0.0977169573,0.409678459,-0.357897699,-0.104217879,0.0283461493,0.155025244,0.0236055776,0.320410937,0.385194242,0.0450015888,0.880844593,0.130641252,-0.00225389376,0.0579487495,0.395808041,-0.349477232,0.00390892848,0.965698719,-0.17077896,-0.0350415967,0.0227429252,-0.188225061,0.0336051136,-0.0853861347,0.414534807,-0.0669509321,0.127328172,-0.283624828,-0.0839050487,0.0977169648,0.409678459,-0.357897699,-0.104217879,0.0283461493,0.155025244,0.0236055776,0.320410937,0.385194242,0.0450015888,0.880844593,0.130641252,-0.00225389004,0.0579487532,0.395808041,-0.349477232,0.00390892848,0.965698719,-0.17077896,-0.0350415967,0.0227429233
1.16585303,3214768.01,0,0,0.0051462166,4.26592305e-06,1,0.18377509,0.00435990095,1,0.513958216,0.00108892436,-0.0140809873,-0.857698917,-0.0176899899,-0.00422042236,-0.0120534189,-2.24207754e-44,2.24207754e-44,2.24207754e-44,-0.243970871,0.077196762,-0.0968310833,0.440626144,-0.197575673,0.0300441533,-0.199184418,-0.06032658,0.0814357698,0.533676028,-0.331103951,0.0328079313,0.0285770986,0.0184285343,-0.00281890994,0.331414402,0.241868064,-0.00326329144,0.946772456,0.123085737,0.0285140816,0.0211269464,0.367905498,-0.309995383,0.0117208213,0.975078166,-0.167383984,-0.0351644307,0.0228297487,-0.043935854,-0.0114984373,-0.00842095446,-0.00139761972,0.0472339168,-0.00696178991,-0.0387538634,0.00107830833,0.032630749,-0.0245868508,0.0544893555,-0.0384666324,0.0117908427,-2.1793312e-05,0.00968354382,0.0589903034,0.00309588062,0.000969343528,0.00386719382,0.0179819968,0.0636082143,-0.000977206044,0.00298730261,0.00142897491,9.85289371e-05,-0.00230367715,-0.0132864872,0.00752197439,0.00378781604,-0.187702954,0.0354639962,-0.086487487,0.413509488,-0.0675487071,0.128246829,-0.285630256,-0.0820854232,0.0972205773,0.409980834,-0.3622576,-0.104873069,0.0284490176,0.157293856,0.0226243623,0.320999712,0.384027064,0.0447491668,0.881040514,0.131036535,-0.0011120066,0.0578294694,0.396033973,-0.350294501,0.00392781943,0.965960622,-0.171549454,-0.0349338315,0.0230262578,-0.187702954,0.0354639962,-0.086487487,0.413509488,-0.0675487071,0.128246829,-0.285630256,-0.0820854232,0.0972205698,0.409980834,-0.3622576,-0.104873069,0.0284490176,0.157293856,0.0226243623,0.320999712,0.384027064,0.0447491668,0.881040514,0.131036535,-0.00111200381,0.0578294657,0.396033973,-0.350294501,0.00392781943,0.965960622,-0.171549454,-0.0349338315,0.0230262596,-0.187702954,0.0354639962,-0.086487487,0.413509488,-0.0675487071,0.128246829,-0.285630256,-0.0820854232,0.0972205773,0.409980834,-0.3622576,-0.104873069,0.0284490176,0.157293856,0.0226243623,0.320999712,0.384027064,0.0447491668,0.881040514,0.131036535,-0.0011120066,0.0578294694,0.396033973,-0.350294501,0.00392781943,0.965960622,-0.171549454,-0.0349338315,0.0230262578
1.17585503,3214768.02,0,0,0.0151482159,5.13717532e-06,1,0.18377509,0,1,0.51390475,0.0010389738,-0.0140074585,-0.857732296,-0.0178831238,0.00012321012,-0.0123427948,-2.24207754e-44,2.24207754e-44,2.24207754e-44,-0.244438127,0.0770804882,-0.0969147235,0.440609604,-0.197108045,0.0299615711,-0.199620768,-0.0603102371,0.0817718133,0.53347075,-0.330591947,0.0323156714,0.0287010148,0.0184277445,-0.00275278906,0.331984907,0.241897732,-0.00325298915,0.946810484,0.123277396,0.0291709602,0.0211176481,0.367937237,-0.309983075,0.0117225889,0.97505796,-0.167528763,-0.0350887403,0.0228722002,-0.0479137264,-0.0118933907,-0.00847913511,-0.00167724327,0.0465186201,-0.00902237557,-0.0453389958,0.00158306176,0.0339116529,-0.0192987565,0.0503181852,-0.0523442365,0.0122946296,-0.000131151275,0.00541853113,0.0558059737,0.00292432099,0.00106195617,0.00388929108,0.019218443,0.0661727116,-0.000898355851,0.00321715861,0.00114050962,0.000211565944,-0.00190259679,-0.0149415713,0.00755379442,0.00443164865,-0.187702954,0.0354639962,-0.086487487,0.413509488,-0.0675487071,0.128246829,-0.285630256,-0.0820854232,0.0972205773,0.409980834,-0.3622576,-0.104873069,0.0284490176,0.157293856,0.0226243623,0.320999712,0.384027064,0.0447491668,0.881040514,0.131036535,-0.0011120066,0.0578294694,0.396033973,-0.350294501,0.00392781943,0.965960622,-0.171549454,-0.0349338315,0.0230262578,-0.187702954,0.0354639962,-0.086487487,0.413509488,-0.0675487071,0.128246829,-0.285630256,-0.0820854232,0.0972205698,0.409980834,-0.3622576,-0.104873069,0.0284490176,0.157293856,0.0226243623,0.320999712,0.384027064,0.0447491668,0.881040514,0.131036535,-0.00111200381,0.0578294657,0.396033973,-0.350294501,0.00392781943,0.965960622,-0.171549454,-0.0349338315,0.0230262596,-0.187702954,0.0354639962,-0.086487487,0.413509488,-0.0675487071,0.128246829,-0.285630256,-0.0820854232,0.0972205773,0.409980834,-0.3622576,-0.104873069,0.0284490176,0.157293856,0.0226243623,0.320999712,0.384027064,0.0447491668,0.881040514,0.131036535,-0.0011120066,0.0578294694,0.396033973,-0.350294501,0.00392781943,0.965960622,-0.171549454,-0.0349338315,0.0230262578
1.18585548,3214768.03,0,0,0.00512309792,5.87897375e-06,1,0.210018363,0.00452560186,1,0.513854444,0.000993478345,-0.013929869,-0.857763708,-0.0181943178,-0.000867319526,-0.0113377124,-2.24207754e-44,2.24207754e-44,2.24207754e-44,-0.244913936,0.076957956,-0.0970022827,0.440594673,-0.19664681,0.0298617277,-0.200062841,-0.060298156,0.082113117,0.533266306,-0.330078602,0.0318102762,0.0288180411,0.0184261389,-0.0026932226,0.332525402,0.241927519,-0.00324176019,0.946852505,0.123452,0.0298159029,0.0211095084,0.367968708,-0.309972048,0.0117250485,0.975039303,-0.167679608,-0.0350142792,0.0229173489,-0.0464836545,-0.0124781001,-0.00892618112,-0.00134136085,0.0458528437,-0.0105669815,-0.0423437767,0.00094119116,0.0342805944,-0.0216843188,0.0523376204,-0.0486613289,0.0114058089,-0.000171424137,0.00743305357,0.0526381135,0.00303474697,0.00116589316,0.00441403827,0.0159375165,0.0628200844,-0.000755532179,0.00306257489,0.00109969068,0.000265486917,-0.00188603497,-0.0150902895,0.00735259382,0.00453496817,-0.187414825,0.0374941975,-0.0877442211,0.412442386,-0.0686919987,0.129267514,-0.287570208,-0.0804531649,0.0967298225,0.410298973,-0.366783202,-0.105232708,0.0286336653,0.15945746,0.0217777155,0.321847171,0.382667214,0.044453647,0.881325006,0.13139306,0.000182844698,0.0577198267,0.396073192,-0.351195633,0.00392376631,0.966242909,-0.172412783,-0.0348417498,0.0232873969,-0.187414825,0.0374941975,-0.0877442211,0.412442386,-0.0686919987,0.129267514,-0.287570208,-0.0804531723,0.096729815,0.410298973,-0.366783202,-0.105232716,0.0286336653,0.15945746,0.0217777155,0.321847171,0.382667214,0.044453647,0.881325006,0.13139306,0.000182847027,0.0577198267,0.396073192,-0.351195633,0.00392376631,0.966242909,-0.172412783,-0.0348417498,0.0232873987,-0.187414825,0.0374941975,-0.0877442211,0.412442386,-0.0686919987,0.129267514,-0.287570208,-0.0804531649,0.0967298225,0.410298973,-0.366783202,-0.105232708,0.0286336653,0.15945746,0.0217777155,0.321847171,0.382667214,0.044453647,0.881325006,0.13139306,0.000182844698,0.0577198267,0.396073192,-0.351195633,0.00392376631,0.966242909,-0.172412783,-0.0348417498,0.0232873969
1.19685523,3214768.04,0,0,0.0161228529,5.72903082e-06,1,0.210018363,0,1,0.513804317,0.000953240611,-0.0138475634,-0.857795119,-0.018340705,0.00226974697,-0.0114368824,-2.24207754e-44,2.24207754e-44,2.24207754e-44,-0.2453987,0.0768336728,-0.0970927626,0.44057864,-0.196194232,0.0297474898,-0.200536251,-0.0602795742,0.082458429,0.53310895,-0.329595864,0.0311671626,0.0289410017,0.0184248984,-0.00264048413,0.333024055,0.241955981,-0.00322974473,0.946895063,0.123623773,0.0304703247,0.0211028177,0.368000567,-0.309963226,0.0117283221,0.975023508,-0.167843759,-0.0349405594,0.0229667239,-0.0492280386,-0.0126671055,-0.00932129193,-0.00165547326,0.0450059287,-0.0119386259,-0.0489576794,0.00185061281,0.0342865773,-0.0136734415,0.0470335744,-0.0693191811,0.0122036561,-0.000139511947,0.0045029996,0.0482281037,0.00276772305,0.00121880102,0.00429933332,0.0172868147,0.0661792755,-0.000625104934,0.003209193,0.000774073997,0.000351602357,-0.00145448803,-0.0169300176,0.00734822126,0.00509568164,-0.187414825,0.0374941975,-0.0877442211,0.412442386,-0.0686919987,0.129267514,-0.287570208,-0.0804531649,0.0967298225,0.410298973,-0.366783202,-0.105232708,0.0286336653,0.15945746,0.0217777155,0.321847171,0.382667214,0.044453647,0.881325006,0.13139306,0.000182844698,0.0577198267,0.396073192,-0.351195633,0.00392376631,0.966242909,-0.172412783,-0.0348417498,0.0232873969,-0.187414825,0.0374941975,-0.0877442211,0.412442386,-0.0686919987,0.129267514,-0.287570208,-0.0804531723,0.096729815,0.410298973,-0.366783202,-0.105232716,0.0286336653,0.15945746,0.0217777155,0.321847171,0.382667214,0.044453647,0.881325006,0.13139306,0.000182847027,0.0577198267,0.396073192,-0.351195633,0.00392376631,0.966242909,-0.172412783,-0.0348417498,0.0232873987,-0.187414825,0.0374941975,-0.0877442211,0.412442386,-0.0686919987,0.129267514,-0.287570208,-0.0804531649,0.0967298225,0.410298973,-0.366783202,-0.105232708,0.0286336653,0.15945746,0.0217777155,0.321847171,0.382667214,0.044453647,0.881325006,0.13139306,0.000182844698,0.0577198267,0.396073192,-0.351195633,0.00392376631,0.966242909,-0.172412783,-0.0348417498,0.0232873969
1.20685559,3214768.05,0,0,0.0061139171,5.34905121e-06,1,0.218760222,0.00457784534,1,0.5137586,0.000916381076,-0.0137624014,-0.857823908,-0.0186474118,0.00256095221,-0.0106795458,-2.24207754e-44,2.24207754e-44,2.24207754e-44,-0.245888695,0.0767044872,-0.0971905738,0.440562993,-0.195748046,0.0296211112,-0.20101957,-0.0602640733,0.0827968642,0.532969832,-0.329121023,0.0304748286,0.0290566552,0.0184236728,-0.00259565376,0.333487511,0.241983607,-0.0032170699,0.946940243,0.123783588,0.0311215501,0.0210975278,0.368032277,-0.309956342,0.0117321033,0.975009978,-0.168015972,-0.0348679088,0.0230186377,-0.049018994,-0.0128149502,-0.00997814164,-0.00157095783,0.0441748574,-0.0130134495,-0.0489034615,0.00182259071,0.0336327776,-0.0126911951,0.0466933772,-0.0732242167,0.0117932744,-4.44274956e-05,0.00430688029,0.0446776561,0.00270185946,0.00129816344,0.00451189419,0.0157518722,0.0654829666,-0.000449145999,0.00315993023,0.000596025377,0.000405574596,-0.00122604007,-0.017763542,0.00723214401,0.00534872245,-0.187379599,0.0395157635,-0.0890348628,0.411490798,-0.0702396035,0.130344197,-0.289467007,-0.0791232362,0.0963349119,0.410550594,-0.371361047,-0.10531611,0.0288789533,0.161232546,0.0211354308,0.322889537,0.381220639,0.0441493727,0.881686509,0.131713554,0.00163338333,0.0576130152,0.395880461,-0.352146745,0.00389965624,0.966522634,-0.173327759,-0.0347632505,0.0235497095,-0.187379599,0.0395157635,-0.0890348628,0.411490798,-0.0702396035,0.130344197,-0.289467007,-0.0791232437,0.0963349193,0.410550594,-0.371361047,-0.10531611,0.0288789533,0.161232546,0.0211354308,0.322889537,0.381220639,0.0441493727,0.881686509,0.131713554,0.00163338566,0.0576130189,0.395880461,-0.352146745,0.00389965624,0.966522634,-0.173327759,-0.0347632505,0.0235497095,-0.187379599,0.0395157635,-0.0890348628,0.411490798,-0.0702396035,0.130344197,-0.289467007,-0.0791232362,0.0963349119,0.410550594,-0.371361047,-0.10531611,0.0288789533,0.161232546,0.0211354308,0.322889537,0.381220639,0.0441493727,0.881686509,0.131713554,0.00163338333,0.0576130152,0.395880461,-0.352146745,0.00389965624,0.966522634,-0.173327759,-0.0347632505,0.0235497095
1.21685793,3214768.06,0,0,0.0161162619,5.79096377e-06,1,0.218760222,0,1,0.513713062,0.000884283509,-0.0136724347,-0.857852638,-0.0187653005,0.00384579971,-0.0102833211,-2.24207754e-44,2.24207754e-44,2.24207754e-44,-0.246386737,0.0765774623,-0.0972937644,0.44054684,-0.195312604,0.0294867102,-0.201533645,-0.0602411702,0.0831260383,0.532880306,-0.32867831,0.0296418611,0.0291818734,0.0184239298,-0.002560928,0.333902031,0.242008775,-0.00320394151,0.946984231,0.123949632,0.031802047,0.0210939329,0.368063867,-0.309952378,0.0117364973,0.975000024,-0.168204293,-0.0347958617,0.0230751056,-0.049919609,-0.0129136769,-0.0106504895,-0.00155666878,0.0432611704,-0.0137729971,-0.0518265627,0.00204850361,0.0323122777,-0.00789402239,0.0437689796,-0.0850959048,0.0123747028,-8.6580867e-06,0.00331276935,0.0397197232,0.00244474225,0.0013229911,0.00445096893,0.0163626466,0.0685064718,-0.000312605262,0.00312406127,0.000290082273,0.000448247709,-0.000910052622,-0.0192123745,0.00715641724,0.00575177604,-0.187379599,0.0395157635,-0.0890348628,0.411490798,-0.0702396035,0.130344197,-0.289467007,-0.0791232362,0.0963349119,0.410550594,-0.371361047,-0.10531611,0.0288789533,0.161232546,0.0211354308,0.322889537,0.381220639,0.0441493727,0.881686509,0.131713554,0.00163338333,0.0576130152,0.395880461,-0.352146745,0.00389965624,0.966522634,-0.173327759,-0.0347632505,0.0235497095,-0.187379599,0.0395157635,-0.0890348628,0.411490798,-0.0702396035,0.130344197,-0.289467007,-0.0791232437,0.0963349193,0.410550594,-0.371361047,-0.10531611,0.0288789533,0.161232546,0.0211354308,0.322889537,0.381220639,0.0441493727,0.881686509,0.131713554,0.00163338566,0.0576130189,0.395880461,-0.352146745,0.00389965624,0.966522634,-0.173327759,-0.0347632505,0.0235497095,-0.187379599,0.0395157635,-0.0890348628,0.411490798,-0.0702396035,0.130344197,-0.289467007,-0.0791232362,0.0963349119,0.410550594,-0.371361047,-0.10531611,0.0288789533,0.161232546,0.0211354308,0.322889537,0.381220639,0.0441493727,0.881686509,0.131713554,0.00163338333,0.0576130152,0.395880461,-0.352146745,0.00389965624,0.966522634,-0.173327759,-0.0347632505,0.0235497095
1.22686937,3214768.07,0,0,0.00612415699,4.67989594e-06,1,0.191562809,0.00445830822,1,0.513672471,0.000851317891,-0.0135828657,-0.857878447,-0.0189174414,0.00353642157,-0.00941648521,-2.24207754e-44,2.24207754e-44,2.24207754e-44,-0.246878713,0.0764466599,-0.0974050015,0.440533102,-0.194884241,0.0293439925,-0.202036202,-0.0602250434,0.083442159,0.53279072,-0.32823199,0.0288170762,0.0292987712,0.0184237193,-0.00252571958,0.334282458,0.242033198,-0.00319022569,0.947030902,0.124097377,0.0324709602,0.0210917778,0.368094325,-0.309950382,0.0117410757,0.974991679,-0.168405354,-0.03472526,0.023133168,-0.0490742736,-0.0129961269,-0.0113585368,-0.00124710333,0.0423280783,-0.0144242495,-0.0501235314,0.00165032852,0.0312524252,-0.00874242,0.0443302542,-0.0833277106,0.011785307,2.16881763e-05,0.00330254715,0.0365836769,0.00236989721,0.00139749295,0.004640128,0.0144180758,0.0669940487,-0.000146976352,0.00301041105,9.06687783e-05,0.000464653276,-0.000712929992,-0.0234734286,0.00701990584,0.00595242158,-0.187582076,0.041363515,-0.0902435109,0.410752177,-0.0720578283,0.13142556,-0.291309386,-0.0781312063,0.0960670784,0.410684943,-0.375819355,-0.105186515,0.0291444045,0.162494361,0.0207248107,0.324016988,0.379800379,0.0438630693,0.882099092,0.132013321,0.00322014093,0.0574972928,0.395482987,-0.353082001,0.0038539134,0.966802001,-0.174249679,-0.0346972346,0.0238390826,-0.187582076,0.041363515,-0.0902435109,0.410752177,-0.0720578283,0.13142556,-0.291309386,-0.0781311989,0.0960670859,0.410684943,-0.375819355,-0.105186507,0.0291444045,0.162494361,0.0207248107,0.324016988,0.379800379,0.0438630693,0.882099092,0.132013321,0.00322014326,0.057497289,0.395482987,-0.353082001,0.00385391153,0.966802001,-0.174249679,-0.0346972346,0.0238390844,-0.187582076,0.041363515,-0.0902435109,0.410752177,-0.0720578283,0.13142556,-0.291309386,-0.0781312063,0.0960670784,0.410684943,-0.375819355,-0.105186515,0.0291444045,0.162494361,0.0207248107,0.324016988,0.379800379,0.0438630693,0.882099092,0.132013321,0.00322014093,0.0574972928,0.395482987,-0.353082001,0.0038539134,0.966802001,-0.174249679,-0.0346972346,0.0238390826
1.23787424,3214768.08,0,0,0.0171290319,5.40306792e-06,1,0.191562809,0,1,0.513624549,0.000815603591,-0.0134723857,-0.857908905,-0.0188155212,0.00427735597,-0.00911880191,-2.24207754e-44,2.24207754e-44,2.24207754e-44,-0.247472823,0.0762915164,-0.0975454897,0.440521479,-0.194387242,0.0291693863,-0.202653229,-0.0602040477,0.0838084072,0.532712162,-0.327720642,0.0277614687,0.0294490457,0.0184240527,-0.00249329675,0.334679455,0.242058903,-0.0031734223,0.947084606,0.124275684,0.0333039165,0.0210908595,0.368129492,-0.30995217,0.0117467036,0.974985898,-0.168775111,-0.0346417725,0.0232085213,-0.0493589304,-0.0130393403,-0.0119633991,-0.000729405961,0.0409774967,-0.0148383509,-0.0513044745,0.00153755001,0.0300728716,-0.00600629533,0.0423499569,-0.0880978778,0.0125194322,-3.1775704e-05,0.00266976468,0.0311418884,0.0020642085,0.00141410658,0.0045319018,0.0142408181,0.0694554746,-2.89620348e-05,0.00284340954,-0.000266716932,0.000471460546,-0.000410413195,-0.0316729657,0.00688649854,0.00639181305,-0.187582076,0.041363515,-0.0902435109,0.410752177,-0.0720578283,0.13142556,-0.291309386,-0.0781312063,0.0960670784,0.410684943,-0.375819355,-0.105186515,0.0291444045,0.162494361,0.0207248107,0.324016988,0.379800379,0.0438630693,0.882099092,0.132013321,0.00322014093,0.0574972928,0.395482987,-0.353082001,0.0038539134,0.966802001,-0.174249679,-0.0346972346,0.0238390826,-0.187582076,0.041363515,-0.0902435109,0.410752177,-0.0720578283,0.13142556,-0.291309386,-0.0781311989,0.0960670859,0.410684943,-0.375819355,-0.105186507,0.0291444045,0.162494361,0.0207248107,0.324016988,0.379800379,0.0438630693,0.882099092,0.132013321,0.00322014326,0.057497289,0.395482987,-0.353082001,0.00385391153,0.966802001,-0.174249679,-0.0346972346,0.0238390844,-0.187582076,0.041363515,-0.0902435109,0.410752177,-0.0720578283,0.13142556,-0.291309386,-0.0781312063,0.0960670784,0.410684943,-0.375819355,-0.105186515,0.0291444045,0.162494361,0.0207248107,0.324016988,0.379800379,0.0438630693,0.882099092,0.132013321,0.00322014093,0.0574972928,0.395482987,-0.353082001,0.0038539134,0.966802001,-0.174249679,-0.0346972346,0.0238390826
1.24885487,3214768.1,0,0,0.00811053393,4.90201637e-06,1,0.194448978,0.00394544005,1,0.51358819,0.000783724594,-0.0133822421,-0.857932091,-0.0188194569,0.00358182332,-0.0083241798,-2.24207754e-44,2.24207754e-44,2.24207754e-44,-0.247957245,0.0761606619,-0.0976691544,0.440517157,-0.193981871,0.0290171765,-0.203147143,-0.0601919182,0.0841038674,0.532638431,-0.327288479,0.0269155018,0.0295681283,0.0184234213,-0.00246374286,0.334977359,0.242079541,-0.00315868552,0.947131872,0.124406047,0.0339754447,0.0210914016,0.368156821,-0.309955597,0.0117514795,0.974982202,-0.169066563,-0.0345739163,0.02327279,-0.0481434092,-0.0130368229,-0.0126602361,-0.000150672451,0.0399745069,-0.0152403815,-0.0486631952,0.0010981512,0.0291662998,-0.00780987088,0.0431639142,-0.0829517245,0.0116939712,-5.7570167e-05,0.00283921929,0.0287650283,0.00200789492,0.0015093456,0.00469921902,0.0127624786,0.0664660856,0.000120885823,0.0026492402,-0.000445018522,0.000472866406,-0.00027554945,-0.030651832,0.00672843913,0.0065586092,-0.188008338,0.042922765,-0.0912945867,0.410284877,-0.0737811625,0.132427156,-0.293008208,-0.0775063708,0.095928885,0.410729051,-0.379764795,-0.104956411,0.0293814205,0.163244709,0.0205662772,0.325149417,0.378552139,0.0436224006,0.882536352,0.132286683,0.00488785654,0.0573904961,0.394926727,-0.353937089,0.00378444418,0.967064619,-0.175136507,-0.0346347429,0.0241477378,-0.188008338,0.042922765,-0.0912945867,0.410284877,-0.0737811625,0.132427156,-0.293008208,-0.0775063634,0.0959288925,0.410729051,-0.379764795,-0.104956418,0.0293814205,0.163244709,0.0205662772,0.325149417,0.378552139,0.0436224006,0.882536352,0.132286683,0.00488785515,0.0573904961,0.394926727,-0.353937089,0.00378444232,0.967064619,-0.175136507,-0.0346347429,0.0241477396,-0.188008338,0.042922765,-0.0912945867,0.410284877,-0.0737811625,0.132427156,-0.293008208,-0.0775063708,0.095928885,0.410729051,-0.379764795,-0.104956411,0.0293814205,0.163244709,0.0205662772,0.325149417,0.378552139,0.0436224006,0.882536352,0.132286683,0.00488785654,0.0573904961,0.394926727,-0.353937089,0.00378444418,0.967064619,-0.175136507,-0.0346347429,0.0241477378
1.25917913,3214768.11,0,0,0.018434789,1.00191683e-05,1,0.194448978,0,1,0.51354605,0.000747826358,-0.0132733891,-0.857959032,-0.0186101068,0.00392136071,-0.00796016585,-2.24207754e-44,2.24207754e-44,2.24207754e-44,-0.248539209,0.0760047585,-0.0978257135,0.44052279,-0.193514287,0.0288352259,-0.203738928,-0.0601789616,0.0844472796,0.532561243,-0.326787233,0.0259075332,0.0297114886,0.0184221976,-0.00243603415,0.335288554,0.242101282,-0.00314052985,0.947185874,0.124557108,0.0347906835,0.0210936237,0.368186593,-0.309963644,0.0117568886,0.97498101,-0.169527933,-0.0344941989,0.0233553499,-0.0481490418,-0.0129949702,-0.0134137003,0.000842531677,0.0384393297,-0.0153511222,-0.0485793501,0.000930029491,0.0282068774,-0.00659370469,0.0416888185,-0.0821873546,0.0115983728,-0.000145595666,0.00233752979,0.0245254114,0.00175782817,0.0015448198,0.00454920204,0.0120148584,0.0671971366,0.000243964765,0.0023548631,-0.000770996092,0.000448004081,-4.09575987e-05,-0.0384089239,0.00656069024,0.0069820662,-0.188008338,0.042922765,-0.0912945867,0.410284877,-0.0737811625,0.132427156,-0.293008208,-0.0775063708,0.095928885,0.410729051,-0.379764795,-0.104956411,0.0293814205,0.163244709,0.0205662772,0.325149417,0.378552139,0.0436224006,0.882536352,0.132286683,0.00488785654,0.0573904961,0.394926727,-0.353937089,0.00378444418,0.967064619,-0.175136507,-0.0346347429,0.0241477378,-0.188008338,0.042922765,-0.0912945867,0.410284877,-0.0737811625,0.132427156,-0.293008208,-0.0775063634,0.0959288925,0.410729051,-0.379764795,-0.104956418,0.0293814205,0.163244709,0.0205662772,0.325149417,0.378552139,0.0436224006,0.882536352,0.132286683,0.00488785515,0.0573904961,0.394926727,-0.353937089,0.00378444232,0.967064619,-0.175136507,-0.0346347429,0.0241477396,-0.188008338,0.042922765,-0.0912945867,0.410284877,-0.0737811625,0.132427156,-0.293008208,-0.0775063708,0.095928885,0.410729051,-0.379764795,-0.104956411,0.0293814205,0.163244709,0.0205662772,0.325149417,0.378552139,0.0436224006,0.882536352,0.132286683,0.00488785654,0.0573904961,0.394926727,-0.353937089,0.00378444418,0.967064619,-0.175136507,-0.0346347429,0.0241477378
1.26986877,3214768.12,0,0,0.0091188387,4.33158129e-06,1,0.199291855,0.00384259224,1,0.513513148,0.000717837946,-0.0131836021,-0.857980132,-0.0184193961,0.00465861242,-0.00793906581,-2.24207754e-44,2.24207754e-44,2.24207754e-44,-0.249019623,0.0758756772,-0.097963959,0.440536976,-0.193138078,0.0286821388,-0.204217941,-0.0601707846,0.0847250521,0.532491028,-0.326372564,0.0251117963,0.0298252329,0.0184203535,-0.00241523096,0.335516155,0.242117733,-0.00312476535,0.947230577,0.124678038,0.0354609527,0.0210967399,0.368208736,-0.309972733,0.0117612043,0.974981904,-0.169925019,-0.0344293602,0.0234275106,-0.0487322472,-0.0128196888,-0.0139220683,0.00195797114,0.0368703902,-0.0150285782,-0.0487845764,0.000859553984,0.0276727099,-0.006225775,0.0405274183,-0.0794634894,0.0118122501,-0.000228267367,0.0015060294,0.0208271872,0.00147967052,0.00155989488,0.00423489558,0.0125139868,0.0690906048,0.000336360477,0.00211064913,-0.00104866724,0.000403833605,0.000233030718,-0.0453664847,0.00645233039,0.0075179683,-0.188631758,0.0441808701,-0.0921606123,0.409979433,-0.0757284537,0.133315384,-0.294636905,-0.0770939067,0.0958810225,0.410535067,-0.383607388,-0.104682468,0.0296183787,0.163512141,0.0205571465,0.32624653,0.377487183,0.0434430689,0.883005202,0.132558495,0.0065959394,0.057321988,0.394310176,-0.35465318,0.00370717049,0.967334449,-0.175973624,-0.0345747955,0.0245017968,-0.188631758,0.0441808701,-0.0921606123,0.409979433,-0.0757284537,0.133315384,-0.294636905,-0.0770939142,0.09588103,0.410535067,-0.383607388,-0.10468246,0.0296183787,0.163512141,0.0205571465,0.32624653,0.377487183,0.0434430689,0.883005202,0.132558495,0.006595938,0.057321988,0.394310176,-0.35465318,0.00370717049,0.967334449,-0.175973624,-0.0345747955,0.0245017968,-0.188631758,0.0441808701,-0.0921606123,0.409979433,-0.0757284537,0.133315384,-0.294636905,-0.0770939067,0.0958810225,0.410535067,-0.383607388,-0.104682468,0.0296183787,0.163512141,0.0205571465,0.32624653,0.377487183,0.0434430689,0.883005202,0.132558495,0.0065959394,0.057321988,0.394310176,-0.35465318,0.00370717049,0.967334449,-0.175973624,-0.0345747955,0.0245017968
1.2805259,3214768.13,0,0,0.0197759671,5.37512824e-06,1,0.199291855,0,1,0.513480246,0.000692070695,-0.0130929854,-0.858001232,-0.0181835331,0.00457811495,-0.00745685399,-2.24207754e-44,2.24207754e-44,2.24207754e-44,-0.24950695,0.0757482573,-0.0981061533,0.440562129,-0.192775935,0.028531,-0.204701334,-0.0601635538,0.0849985331,0.532426536,-0.325968325,0.0243464615,0.029940635,0.0184173044,-0.00240098918,0.335705131,0.242131591,-0.00310896756,0.947273016,0.12479832,0.0361531638,0.0211006794,0.368228078,-0.309984386,0.0117651243,0.974985003,-0.170372009,-0.0343657658,0.0235044956,-0.0483527705,-0.0126782963,-0.0145311067,0.00280411029,0.0358890966,-0.0152649535,-0.0472891554,0.000582326786,0.0270048734,-0.00731552392,0.0408213362,-0.0735542774,0.0110138441,-0.000337355246,0.00156135741,0.0180614907,0.0013690223,0.00161561451,0.00433999533,0.0116722975,0.0681692138,0.000443940691,0.00182456407,-0.00121359131,0.000392209156,0.000331653078,-0.0415429622,0.00629042089,0.00774789136,-0.188631758,0.0441808701,-0.0921606123,0.409979433,-0.0757284537,0.133315384,-0.294636905,-0.0770939067,0.0958810225,0.410535067,-0.383607388,-0.104682468,0.0296183787,0.163512141,0.0205571465,0.32624653,0.377487183,0.0434430689,0.883005202,0.132558495,0.0065959394,0.057321988,0.394310176,-0.35465318,0.00370717049,0.967334449,-0.175973624,-0.0345747955,0.0245017968,-0.188631758,0.0441808701,-0.0921606123,0.409979433,-0.0757284537,0.133315384,-0.294636905,-0.0770939142,0.09588103,0.410535067,-0.383607388,-0.10468246,0.0296183787,0.163512141,0.0205571465,0.32624653,0.377487183,0.0434430689,0.883005202,0.132558495,0.006595938,0.057321988,0.394310176,-0.35465318,0.00370717049,0.967334449,-0.175973624,-0.0345747955,0.0245017968,-0.188631758,0.0441808701,-0.0921606123,0.409979433,-0.0757284537,0.133315384,-0.294636905,-0.0770939067,0.0958810225,0.410535067,-0.383607388,-0.104682468,0.0296183787,0.163512141,0.0205571465,0.32624653,0.377487183,0.0434430689,0.883005202,0.132558495,0.0065959394,0.057321988,0.394310176,-0.35465318,0.00370717049,0.967334449,-0.175973624,-0.0345747955,0.0245017968
1.29085821,3214768.14,0,0,0.0101290438,6.3078478e-06,1,0.169964973,0.00338727236,1,0.513450205,0.000664191728,-0.0130044986,-0.858020604,-0.0179193113,0.00471717445,-0.00727114826,-2.24207754e-44,2.24207754e-44,2.24207754e-44,-0.249984011,0.0756228864,-0.0982554108,0.440594703,-0.192422494,0.0283777248,-0.205157667,-0.0601594076,0.0852634758,0.532340109,-0.325555533,0.0236505568,0.0300426707,0.0184133835,-0.00238443562,0.335877389,0.242145032,-0.00309225428,0.947317302,0.124912709,0.0368118882,0.0211058334,0.368244916,-0.309997201,0.0117689399,0.974988878,-0.170742363,-0.034303762,0.0235830154,-0.0481868684,-0.0124465348,-0.0149213588,0.0038297982,0.0346761607,-0.0150031457,-0.0461406671,0.000419834483,0.0264517125,-0.00816337671,0.0405785367,-0.0688551366,0.0103077525,-0.000471900596,0.00121010013,0.0159404203,0.00122909236,0.00166528032,0.00425924035,0.0114893448,0.0665638372,0.000540296664,0.00157132128,-0.00138848636,0.000346514746,0.000497101515,-0.0394526236,0.00616571121,0.00812073704,-0.189354122,0.0450777933,-0.0928314403,0.409885287,-0.0775534883,0.134063348,-0.296126574,-0.0768579021,0.095922865,0.41022718,-0.38699466,-0.104448684,0.029810613,0.163429797,0.0206496492,0.327227592,0.376676261,0.0433323123,0.883479714,0.132815987,0.00823427737,0.0572835431,0.393674731,-0.355222762,0.00362227485,0.967592657,-0.176720232,-0.034510389,0.0248766281,-0.189354122,0.0450777896,-0.0928314403,0.409885287,-0.0775534883,0.134063348,-0.296126574,-0.0768579096,0.0959228575,0.41022718,-0.38699466,-0.104448684,0.029810613,0.163429797,0.0206496492,0.327227592,0.376676261,0.0433323123,0.883479714,0.132815987,0.0082342755,0.0572835431,0.393674731,-0.355222762,0.00362227485,0.967592657,-0.176720232,-0.034510389,0.0248766299,-0.189354122,0.0450777933,-0.0928314403,0.409885287,-0.0775534883,0.134063348,-0.296126574,-0.0768579021,0.095922865,0.41022718,-0.38699466,-0.104448684,0.029810613,0.163429797,0.0206496492,0.327227592,0.376676261,0.0433323123,0.883479714,0.132815987,0.00823427737,0.0572835431,0.393674731,-0.355222762,0.00362227485,0.967592657,-0.176720232,-0.034510389,0.0248766281
1.30136746,3214768.15,0,0,0.000316214282,6.24824315e-06,1,0.192555133,0.00286817551,1,0.513419151,0.00064115203,-0.0129154809,-0.858040512,-0.0175924245,0.00502940733,-0.00715937791,-2.24207754e-44,2.24207754e-44,2.24207754e-44,-0.250469327,0.0754999071,-0.0984055027,0.440641075,-0.19208388,0.0282301996,-0.205618829,-0.0601559691,0.0855261534,0.532258391,-0.325153738,0.0229899902,0.0301433764,0.0184078086,-0.00237484439,0.336019844,0.242156148,-0.00307550118,0.947359204,0.125026166,0.037479423,0.0211116336,0.368258834,-0.310012251,0.0117720738,0.974994838,-0.171148196,-0.0342428572,0.0236667618,-0.0483454429,-0.0121824043,-0.0151882851,0.00506774476,0.0334430523,-0.0147289094,-0.0453435481,0.000244828087,0.0260048285,-0.00883731898,0.0403779298,-0.0631860644,0.00957717746,-0.000591018121,0.00102137949,0.0135394968,0.00107909483,0.00170370261,0.00423880899,0.0112337274,0.0657421127,0.000618115417,0.00128341804,-0.00155531033,0.000304026675,0.000628676731,-0.0385005884,0.00602990109,0.00845334493,-0.189354122,0.0450777933,-0.0928314403,0.409885287,-0.0775534883,0.134063348,-0.296126574,-0.0768579021,0.095922865,0.41022718,-0.38699466,-0.104448684,0.029810613,0.163429797,0.0206496492,0.327227592,0.376676261,0.0433323123,0.883479714,0.132815987,0.00823427737,0.0572835431,0.393674731,-0.355222762,0.00362227485,0.967592657,-0.176720232,-0.034510389,0.0248766281,-0.190150201,0.0456242785,-0.0933016315,0.409963131,-0.0791591182,0.134695455,-0.297469348,-0.0767250359,0.0960225314,0.409834474,-0.389862835,-0.10430561,0.0299571566,0.163140595,0.0207672678,0.328058958,0.376128137,0.043292772,0.883945107,0.133068055,0.00974495709,0.0572710186,0.393059909,-0.355648339,0.00353750214,0.967832565,-0.177363902,-0.0344381183,0.0252713151,-0.190150201,0.0456242785,-0.0933016315,0.409963131,-0.0791591182,0.134695455,-0.297469348,-0.0767250434,0.0960225239,0.409834474,-0.389862835,-0.104305618,0.0299571566,0.163140595,0.0207672678,0.328058958,0.376128137,0.043292772,0.883945107,0.133068055,0.00974495709,0.0572710186,0.393059909,-0.355648339,0.00353750214,0.967832565,-0.177363902,-0.0344381183,0.0252713151
1.31186724,3214768.16,0,0,0.010815999,4.19095159e-06,1,0.192555133,0,1,0.513384819,0.000613392505,-0.0128098661,-0.858062685,-0.0175055768,0.0058238511,-0.0065771509,-2.24207754e-44,2.24207754e-44,2.24207754e-44,-0.251053095,0.0753561929,-0.0985934138,0.440723509,-0.191697136,0.0280590858,-0.206149548,-0.0601543859,0.0858298689,0.532142997,-0.324669302,0.0222853925,0.0302455295,0.0184005648,-0.00236293417,0.336172014,0.24216871,-0.00305437716,0.947410285,0.125159681,0.0382381082,0.0211200342,0.368272156,-0.31003207,0.0117753278,0.975003242,-0.171569273,-0.0341716111,0.0237739999,-0.0506902337,-0.0118961576,-0.0160965305,0.00976036675,0.030584773,-0.013263206,-0.0451962389,0.000165402074,0.0247955136,-0.00871854555,0.0393969901,-0.0566843636,0.0080840895,-0.000585628732,0.00046899484,0.0112687666,0.000962759252,0.00177320908,0.00404094206,0.011167868,0.0635451153,0.000757471484,0.000953424722,-0.00178035139,0.000214269166,0.000805457006,-0.0377814062,0.00589731336,0.00975829735,-0.190150201,0.0456242785,-0.0933016315,0.409963131,-0.0791591182,0.134695455,-0.297469348,-0.0767250434,0.0960225239,0.409834474,-0.389862835,-0.104305618,0.0299571566,0.163140595,0.0207672678,0.328058958,0.376128137,0.043292772,0.883945107,0.133068055,0.00974495709,0.0572710186,0.393059909,-0.355648339,0.00353750214,0.967832565,-0.177363902,-0.0344381183,0.0252713151,-0.190150201,0.0456242785,-0.0933016315,0.409963131,-0.0791591182,0.134695455,-0.297469348,-0.0767250359,0.0960225314,0.409834474,-0.389862835,-0.10430561,0.0299571566,0.163140595,0.0207672678,0.328058958,0.376128137,0.043292772,0.883945107,0.133068055,0.00974495709,0.0572710186,0.393059909,-0.355648339,0.00353750214,0.967832565,-0.177363902,-0.0344381183,0.0252713151,-0.190150201,0.0456242785,-0.0933016315,0.409963131,-0.0791591182,0.134695455,-0.297469348,-0.0767250434,0.0960225239,0.409834474,-0.389862835,-0.104305618,0.0299571566,0.163140595,0.0207672678,0.328058958,0.376128137,0.043292772,0.883945107,0.133068055,0.00974495709,0.0572710186,0.393059909,-0.355648339,0.00353750214,0.967832565,-0.177363902,-0.0344381183,0.0252713151
1.32187569,3214768.17,0,0,0.00117985997,1.1632219e-05,1,0.193062238,0.00231415033,1,0.513357878,0.000594938174,-0.012719458,-0.858080149,-0.0174006205,0.00586380623,-0.00627193414,-2.24207754e-44,2.24207754e-44,2.24207754e-44,-0.251569986,0.0752393752,-0.0987574682,0.440845221,-0.191405252,0.0279307682,-0.206599295,-0.0601532012,0.0860729218,0.532056451,-0.324278146,0.0217602234,0.0303199887,0.0183944758,-0.00235810224,0.336273015,0.242177948,-0.00303627294,0.947450757,0.125270888,0.0388604924,0.0211281627,0.368280202,-0.310050607,0.0117772287,0.975012004,-0.171929434,-0.0341133103,0.0238704402,-0.0516724363,-0.0114939986,-0.0165225528,0.0132354712,0.0284964535,-0.0127702644,-0.0442207381,6.13344746e-05,0.0240069088,-0.00902491435,0.0392012075,-0.0494703129,0.00693876622,-0.000639553997,0.0006746609,0.00967939105,0.000918312347,0.00184288807,0.00413516397,0.0110566551,0.0605006926,0.000846418843,0.00072514941,-0.00188053818,0.000183673968,0.000908727117,-0.0329594277,0.00577991595,0.00948209316,-0.190940201,0.0459038168,-0.0936164483,0.410163164,-0.0804222748,0.135212332,-0.298681021,-0.076599218,0.0961512104,0.409422427,-0.392176986,-0.104254536,0.0300664138,0.162756383,0.0208277591,0.328716457,0.375810951,0.0433042794,0.884394586,0.13329871,0.0110819191,0.0572800338,0.392513305,-0.355945557,0.00345085934,0.968054652,-0.17792207,-0.0343731083,0.0256790593,-0.190940201,0.0459038168,-0.0936164483,0.410163164,-0.0804222748,0.135212332,-0.298681021,-0.0765992105,0.0961512029,0.409422427,-0.392176986,-0.104254536,0.0300664138,0.162756383,0.0208277591,0.328716457,0.375810951,0.0433042794,0.884394586,0.13329871,0.0110819228,0.0572800376,0.392513305,-0.355945557,0.00345085934,0.968054652,-0.17792207,-0.0343731083,0.0256790593,-0.190940201,0.0459038168,-0.0936164483,0.410163164,-0.0804222748,0.135212332,-0.298681021,-0.076599218,0.0961512104,0.409422427,-0.392176986,-0.104254536,0.0300664138,0.162756383,0.0208277591,0.328716457,0.375810951,0.0433042794,0.884394586,0.13329871,0.0110819191,0.0572800338,0.392513305,-0.355945557,0.00345085934,0.968054652,-0.17792207,-0.0343731083,0.0256790593
1.33475293,3214768.18,0,0,0.014057097,7.09109008e-06,1,0.193062238,0,1,0.513336957,0.000581727771,-0.0126465643,-0.858093739,-0.0173677858,0.00713889813,-0.00615582336,-2.24207754e-44,2.24207754e-44,2.24207754e-44,-0.251996487,0.0751486868,-0.0988916457,0.440972954,-0.191189542,0.0278350022,-0.206958041,-0.0601523854,0.0862618089,0.53199017,-0.323970526,0.0213846583,0.0303720776,0.0183892343,-0.00235533458,0.336341619,0.242184848,-0.00302139437,0.947482944,0.12535958,0.039341256,0.0211352557,0.368284911,-0.310066521,0.011778147,0.975019991,-0.172197506,-0.0340673625,0.0239681341,-0.0549989119,-0.0112753771,-0.0169715341,0.0181884244,0.0257978644,-0.0112729529,-0.045877602,0.000161121672,0.0233678147,-0.007344299,0.0377170928,-0.0457590185,0.00636140164,-0.000657116761,-1.68471106e-05,0.00755024236,0.000809525896,0.00186104199,0.00388783729,0.0111365765,0.0607308373,0.000908719609,0.000491853803,-0.00207626983,5.8616406e-05,0.00107118266,-0.0357066989,0.00572843105,0.0146917738,-0.190940201,0.0459038168,-0.0936164483,0.410163164,-0.0804222748,0.135212332,-0.298681021,-0.076599218,0.0961512104,0.409422427,-0.392176986,-0.104254536,0.0300664138,0.162756383,0.0208277591,0.328716457,0.375810951,0.0433042794,0.884394586,0.13329871,0.0110819191,0.0572800338,0.392513305,-0.355945557,0.00345085934,0.968054652,-0.17792207,-0.0343731083,0.0256790593,-0.190940201,0.0459038168,-0.0936164483,0.410163164,-0.0804222748,0.135212332,-0.298681021,-0.0765992105,0.0961512029,0.409422427,-0.392176986,-0.104254536,0.0300664138,0.162756383,0.0208277591,0.328716457,0.375810951,0.0433042794,0.884394586,0.13329871,0.0110819228,0.0572800376,0.392513305,-0.355945557,0.00345085934,0.968054652,-0.17792207,-0.0343731083,0.0256790593,-0.190940201,0.0459038168,-0.0936164483,0.410163164,-0.0804222748,0.135212332,-0.298681021,-0.076599218,0.0961512104,0.409422427,-0.392176986,-0.104254536,0.0300664138,0.162756383,0.0208277591,0.328716457,0.375810951,0.0433042794,0.884394586,0.13329871,0.0110819191,0.0572800338,0.392513305,-0.355945557,0.00345085934,0.968054652,-0.17792207,-0.0343731083,0.0256790593
1.3448331,3214768.19,0,0,0.00377693633,5.27594239e-06,1,0.195782166,0.00148573518,1,0.513300478,0.000564188929,-0.0125168236,-0.858117521,-0.0170653015,0.00669417018,-0.00632959884,-2.24207754e-44,2.24207754e-44,2.24207754e-44,-0.25277856,0.0749960616,-0.0991298631,0.44126609,-0.190851629,0.0276819468,-0.207596317,-0.0601503626,0.0865838155,0.531891882,-0.323447317,0.0208164323,0.0304523893,0.0183788724,-0.00235329918,0.33642754,0.242195383,-0.00299489289,0.947538614,0.125514567,0.0401655696,0.0211483389,0.36828956,-0.310096294,0.011778635,0.975036323,-0.172655165,-0.0339882001,0.024191305,-0.0548560843,-0.0105200289,-0.0167804696,0.0215625931,0.0234132446,-0.0111157829,-0.0440747626,7.78655231e-05,0.0228219945,-0.0076091513,0.0375131704,-0.0366170481,0.00514987344,-0.000835921557,0.000616748759,0.00585727347,0.00073493761,0.0019273411,0.00417550374,0.0109526571,0.055830799,0.000945264124,0.000243201255,-0.00210897811,5.07520053e-05,0.00121961872,-0.0276445057,0.00558631448,0.0146984151,-0.191723198,0.0460047796,-0.0938405171,0.410484403,-0.0810006335,0.135613024,-0.299729675,-0.0764677003,0.0962883607,0.409124136,-0.393662721,-0.104297601,0.0301188286,0.162400097,0.0207678936,0.32922852,0.375724792,0.0433596186,0.884825945,0.13347362,0.012242049,0.0573139042,0.392042607,-0.356139809,0.00334611908,0.968236029,-0.178380728,-0.0343167745,0.0260917582,-0.191723198,0.0460047759,-0.0938405171,0.410484403,-0.0810006335,0.135613024,-0.299729675,-0.0764676929,0.0962883681,0.409124136,-0.393662721,-0.104297608,0.0301188286,0.162400097,0.0207678936,0.32922852,0.375724792,0.0433596186,0.884825945,0.13347362,0.0122420453,0.0573139079,0.392042607,-0.356139809,0.00334611721,0.968236029,-0.178380728,-0.0343167745,0.02609176,-0.191723198,0.0460047796,-0.0938405171,0.410484403,-0.0810006335,0.135613024,-0.299729675,-0.0764677003,0.0962883607,0.409124136,-0.393662721,-0.104297601,0.0301188286,0.162400097,0.0207678936,0.32922852,0.375724792,0.0433596186,0.884825945,0.13347362,0.012242049,0.0573139042,0.392042607,-0.356139809,0.00334611908,0.968236029,-0.178380728,-0.0343167745,0.0260917582
1.35487002,3214768.2,0,0,0.0138138644,7.41612166e-06,1,0.195782166,0,1,0.513273597,0.000550787314,-0.0124262944,-0.858134866,-0.0168801304,0.00731665641,-0.00641530612,-2.24207754e-44,2.24207754e-44,2.24207754e-44,-0.253333777,0.0748933479,-0.099297598,0.441501141,-0.1906299,0.0275774207,-0.208037227,-0.0601491369,0.086808607,0.531821847,-0.323079377,0.0204698555,0.0304977447,0.0183699857,-0.00234941137,0.336479574,0.242202222,-0.00297550182,0.94758004,0.125623822,0.0407083817,0.0211579297,0.368290633,-0.310118079,0.0117783677,0.975049436,-0.17292963,-0.0339328237,0.0243586488,-0.0564723909,-0.0101388553,-0.0167992748,0.0251994133,0.0212141983,-0.00989195425,-0.0446060561,0.000173856897,0.0222584084,-0.00620766263,0.0361458771,-0.0335909985,0.00423257891,-0.000921071682,0.000142649151,0.00445584254,0.000642478,0.00193952816,0.00408485532,0.0109256282,0.0538906604,0.000963422877,1.14828481e-05,-0.00223830179,-8.86045964e-05,0.00137700327,-0.0279519074,0.0055083856,0.0189953279,-0.191723198,0.0460047796,-0.0938405171,0.410484403,-0.0810006335,0.135613024,-0.299729675,-0.0764677003,0.0962883607,0.409124136,-0.393662721,-0.104297601,0.0301188286,0.162400097,0.0207678936,0.32922852,0.375724792,0.0433596186,0.884825945,0.13347362,0.012242049,0.0573139042,0.392042607,-0.356139809,0.00334611908,0.968236029,-0.178380728,-0.0343167745,0.0260917582,-0.191723198,0.0460047759,-0.0938405171,0.410484403,-0.0810006335,0.135613024,-0.299729675,-0.0764676929,0.0962883681,0.409124136,-0.393662721,-0.104297608,0.0301188286,0.162400097,0.0207678936,0.32922852,0.375724792,0.0433596186,0.884825945,0.13347362,0.0122420453,0.0573139079,0.392042607,-0.356139809,0.00334611721,0.968236029,-0.178380728,-0.0343167745,0.02609176,-0.191723198,0.0460047796,-0.0938405171,0.410484403,-0.0810006335,0.135613024,-0.299729675,-0.0764677003,0.0962883607,0.409124136,-0.393662721,-0.104297601,0.0301188286,0.162400097,0.0207678936,0.32922852,0.375724792,0.0433596186,0.884825945,0.13347362,0.012242049,0.0573139042,0.392042607,-0.356139809,0.00334611908,0.968236029,-0.178380728,-0.0343167745,0.0260917582
1.36585462,3214768.21,0,0,0.00513042696,4.50806692e-06,1,0.177675858,0.00121858716,1,0.513238549,0.000534329447,-0.0123205828,-0.858157396,-0.0163081083,0.00573223084,-0.00737089198,-2.24207754e-44,2.24207754e-44,2.24207754e-44,-0.253992856,0.0747771114,-0.099491246,0.441805869,-0.190384224,0.0274579804,-0.208554521,-0.0601474009,0.0870768279,0.531744778,-0.322648138,0.0201036911,0.0305453259,0.0183573421,-0.00234312634,0.336529553,0.242209345,-0.0029521496,0.947631061,0.125753507,0.0413168259,0.0211691316,0.368289858,-0.310144752,0.0117772119,0.97506696,-0.173224166,-0.0338675417,0.0245746467,-0.0529209599,-0.00930828135,-0.0154906353,0.0247690212,0.0201769713,-0.0101794749,-0.041346021,0.000100953883,0.0225113221,-0.00702551752,0.0359772742,-0.0283133928,0.00382148381,-0.00115783501,0.00093708554,0.00433685724,0.000563621463,0.00195031951,0.0044185454,0.0106984619,0.0476548187,0.000903254549,-9.31733448e-05,-0.00219367025,-8.73900062e-05,0.00150990998,-0.0223417692,0.00538915116,0.0161312725,-0.192587361,0.045978792,-0.0940113962,0.410816669,-0.0813879594,0.135911167,-0.300650448,-0.0763033405,0.0964127854,0.408859581,-0.394881308,-0.104412459,0.0301542617,0.162177473,0.0206159987,0.329586029,0.375763118,0.0434357598,0.885237336,0.133627176,0.0132124275,0.0573705733,0.391687185,-0.356262565,0.00322238356,0.968392789,-0.178782642,-0.0342448577,0.0265206583,-0.192587361,0.045978792,-0.0940113962,0.410816669,-0.0813879594,0.135911167,-0.300650448,-0.0763033479,0.0964127779,0.408859581,-0.394881308,-0.104412451,0.0301542617,0.162177473,0.0206159987,0.329586029,0.375763118,0.0434357598,0.885237336,0.133627176,0.0132124256,0.057370577,0.391687185,-0.356262565,0.00322238356,0.968392789,-0.178782642,-0.0342448577,0.0265206583,-0.192587361,0.045978792,-0.0940113962,0.410816669,-0.0813879594,0.135911167,-0.300650448,-0.0763033405,0.0964127854,0.408859581,-0.394881308,-0.104412459,0.0301542617,0.162177473,0.0206159987,0.329586029,0.375763118,0.0434357598,0.885237336,0.133627176,0.0132124275,0.0573705733,0.391687185,-0.356262565,0.00322238356,0.968392789,-0.178782642,-0.0342448577,0.0265206583
1.37594961,3214768.22,0,0,0.0152254207,5.8170408e-06,1,0.177675858,0,1,0.513206959,0.000521234469,-0.0122341542,-0.858177543,-0.0161001235,0.00665587978,-0.0076396591,-2.24207754e-44,2.24207754e-44,2.24207754e-44,-0.254538149,0.0746858567,-0.0996465534,0.442077667,-0.190195963,0.027366383,-0.208977669,-0.0601451732,0.0872987956,0.531685293,-0.322298348,0.0198287498,0.0305813644,0.0183458384,-0.00234065624,0.336564422,0.242214456,-0.00293273665,0.947673559,0.125860721,0.0417828336,0.0211783201,0.368287891,-0.310167581,0.0117749888,0.975083113,-0.173462451,-0.0338136442,0.024778299,-0.0546555445,-0.00895719882,-0.0153611889,0.0279794279,0.0181995165,-0.00885021966,-0.0423250757,0.000255255058,0.022110777,-0.0055262791,0.0345076732,-0.0266890507,0.0035052856,-0.00118351937,0.000118339769,0.00310741272,0.00048482581,0.001940032,0.00423066039,0.0106924064,0.0453227423,0.000918064208,-0.000251530117,-0.00230275444,-0.000267803494,0.00166604295,-0.0233453996,0.00537194265,0.0216740575,-0.192587361,0.045978792,-0.0940113962,0.410816669,-0.0813879594,0.135911167,-0.300650448,-0.0763033405,0.0964127854,0.408859581,-0.394881308,-0.104412459,0.0301542617,0.162177473,0.0206159987,0.329586029,0.375763118,0.0434357598,0.885237336,0.133627176,0.0132124275,0.0573705733,0.391687185,-0.356262565,0.00322238356,0.968392789,-0.178782642,-0.0342448577,0.0265206583,-0.192587361,0.045978792,-0.0940113962,0.410816669,-0.0813879594,0.135911167,-0.300650448,-0.0763033479,0.0964127779,0.408859581,-0.394881308,-0.104412451,0.0301542617,0.162177473,0.0206159987,0.329586029,0.375763118,0.0434357598,0.885237336,0.133627176,0.0132124256,0.057370577,0.391687185,-0.356262565,0.00322238356,0.968392789,-0.178782642,-0.0342448577,0.0265206583,-0.192587361,0.045978792,-0.0940113962,0.410816669,-0.0813879594,0.135911167,-0.300650448,-0.0763033405,0.0964127854,0.408859581,-0.394881308,-0.104412459,0.0301542617,0.162177473,0.0206159987,0.329586029,0.375763118,0.0434357598,0.885237336,0.133627176,0.0132124275,0.0573705733,0.391687185,-0.356262565,0.00322238356,0.968392789,-0.178782642,-0.0342448577,0.0265206583
1.38685279,3214768.23,0,0,0.00611881679,4.34787944e-06,1,0.183304306,0.00117510557,1,0.513172805,0.000506484706,-0.0121512935,-0.85819912,-0.0155670941,0.00520230411,-0.0083157951,-2.24207754e-44,2.24207754e-44,2.24207754e-44,-0.25506559,0.0745996088,-0.0997940972,0.442351252,-0.190017566,0.0272764713,-0.209385797,-0.0601430684,0.0875208005,0.531628072,-0.321956068,0.0195769388,0.0306157768,0.0183330178,-0.00233593257,0.336593449,0.242218956,-0.00291336514,0.947717428,0.125966549,0.042207025,0.0211871397,0.36828503,-0.310190231,0.0117723132,0.975100338,-0.173679769,-0.033760421,0.0249770693,-0.0510804765,-0.00839121733,-0.0143240914,0.026604021,0.0177161749,-0.00915836543,-0.0394511111,0.000167312959,0.0222798251,-0.00613007834,0.034181416,-0.0240786243,0.00340742897,-0.00134406902,0.000766068522,0.00284350896,0.000426641374,0.00193344359,0.00451100012,0.0105055608,0.0403117761,0.000850813347,-0.000296449667,-0.00223051943,-0.000259685621,0.00175881793,-0.0209248774,0.00528924959,0.0180675555,-0.193518162,0.0458904356,-0.0941770822,0.411126226,-0.0817920342,0.136135757,-0.301463842,-0.0760992244,0.0965237096,0.408628881,-0.396056414,-0.104573913,0.0302033592,0.162128359,0.0204340667,0.329850435,0.375873536,0.0435116775,0.885641575,0.133765489,0.0140017867,0.0574344397,0.39142862,-0.356330454,0.00308853015,0.968523026,-0.179165095,-0.0341505222,0.0269523114,-0.193518162,0.0458904356,-0.0941770822,0.411126226,-0.0817920342,0.136135757,-0.301463842,-0.0760992318,0.096523717,0.408628881,-0.396056414,-0.104573913,0.0302033592,0.162128359,0.0204340667,0.329850435,0.375873536,0.0435116775,0.885641575,0.133765489,0.0140017904,0.0574344359,0.39142862,-0.356330454,0.00308852829,0.968523026,-0.179165095,-0.0341505222,0.0269523133,-0.193518162,0.0458904356,-0.0941770822,0.411126226,-0.0817920342,0.136135757,-0.301463842,-0.0760992244,0.0965237096,0.408628881,-0.396056414,-0.104573913,0.0302033592,0.162128359,0.0204340667,0.329850435,0.375873536,0.0435116775,0.885641575,0.133765489,0.0140017867,0.0574344397,0.39142862,-0.356330454,0.00308853015,0.968523026,-0.179165095,-0.0341505222,0.0269523114
1.39687308,3214768.24,0,0,0.016139105,1.0730233e-05,1,0.183304306,0,1,0.513137639,0.000492934196,-0.0120694172,-0.858221352,-0.0153752649,0.00609494699,-0.00836471561,-2.24207754e-44,2.24207754e-44,2.24207754e-44,-0.255588621,0.0745171234,-0.0999388546,0.44263339,-0.189849272,0.0271928869,-0.209787518,-0.0601403452,0.0877394304,0.53157413,-0.321623862,0.0193370916,0.0306475237,0.0183199029,-0.00233567087,0.336619139,0.242223129,-0.0028940069,0.947760522,0.126071662,0.0425867364,0.0211961139,0.368281335,-0.310213149,0.0117683448,0.975118697,-0.173898548,-0.0337071605,0.0251959637,-0.052222278,-0.00811399333,-0.0143827787,0.0285502803,0.016443409,-0.00813368149,-0.0400638692,0.000292745885,0.0217076726,-0.00512876455,0.0327570215,-0.0236741416,0.00307860505,-0.00132871943,-0.000129636275,0.00245471648,0.000412551715,0.00193893909,0.00427238131,0.0104788439,0.0360973887,0.000911596115,-0.000408828811,-0.00229522702,-0.000443071185,0.00187929953,-0.0214792546,0.00532434229,0.022909075,-0.193518162,0.0458904356,-0.0941770822,0.411126226,-0.0817920342,0.136135757,-0.301463842,-0.0760992244,0.0965237096,0.408628881,-0.396056414,-0.104573913,0.0302033592,0.162128359,0.0204340667,0.329850435,0.375873536,0.0435116775,0.885641575,0.133765489,0.0140017867,0.0574344397,0.39142862,-0.356330454,0.00308853015,0.968523026,-0.179165095,-0.0341505222,0.0269523114,-0.193518162,0.0458904356,-0.0941770822,0.411126226,-0.0817920342,0.136135757,-0.301463842,-0.0760992318,0.096523717,0.408628881,-0.396056414,-0.104573913,0.0302033592,0.162128359,0.0204340667,0.329850435,0.375873536,0.0435116775,0.885641575,0.133765489,0.0140017904,0.0574344359,0.39142862,-0.356330454,0.00308852829,0.968523026,-0.179165095,-0.0341505222,0.0269523133,-0.193518162,0.0458904356,-0.0941770822,0.411126226,-0.0817920342,0.136135757,-0.301463842,-0.0760992244,0.0965237096,0.408628881,-0.396056414,-0.104573913,0.0302033592,0.162128359,0.0204340667,0.329850435,0.375873536,0.0435116775,0.885641575,0.133765489,0.0140017867,0.0574344397,0.39142862,-0.356330454,0.00308853015,0.968523026,-0.179165095,-0.0341505222,0.0269523114
1.4078574,3214768.25,0,0,0.00712575903,5.67082316e-06,1,0.208305195,0.00126153231,1,0.513093829,0.000475945068,-0.0119746411,-0.85824883,-0.0149743306,0.00587522844,-0.0085351225,-2.24207754e-44,2.24207754e-44,2.24207754e-44,-0.256195098,0.0744230077,-0.100106455,0.442967266,-0.189655989,0.0270954091,-0.210253134,-0.0601372421,0.0879985839,0.53151226,-0.321237594,0.0190595593,0.030683443,0.0183031987,-0.00233569322,0.336647749,0.242227927,-0.00287075806,0.947812498,0.126196235,0.0429766141,0.0212069191,0.368276,-0.310240239,0.0117626786,0.975141943,-0.174150869,-0.0336435884,0.0254541971,-0.0506933182,-0.00771784829,-0.0140599022,0.0283148419,0.0155959819,-0.00771044614,-0.0387527719,0.000307461247,0.0212535076,-0.00494322786,0.031559974,-0.0231399052,0.00286376849,-0.00136045448,-0.000375849457,0.00225893338,0.000400126824,0.00193675177,0.00424501346,0.010365298,0.0301572792,0.000922333391,-0.000472846383,-0.0022703202,-0.000549032586,0.00199377327,-0.0217825696,0.0053238729,0.0228027292,-0.194449037,0.0457914099,-0.0943578258,0.411410332,-0.0823077038,0.136318251,-0.302239776,-0.0758529082,0.0966194347,0.408432603,-0.397317946,-0.104772143,0.0302810203,0.162201226,0.0202762783,0.330092221,0.375987738,0.0435741059,0.886052489,0.133901089,0.014664568,0.0574863553,0.391212106,-0.35636735,0.00296449289,0.968634903,-0.179542765,-0.0340485163,0.0273638517,-0.194449037,0.0457914099,-0.0943578258,0.411410332,-0.0823077038,0.136318251,-0.302239776,-0.0758529156,0.0966194272,0.408432603,-0.397317946,-0.104772151,0.0302810203,0.162201226,0.0202762783,0.330092221,0.375987738,0.0435741059,0.886052489,0.133901089,0.0146645699,0.057486359,0.391212106,-0.35636735,0.00296449475,0.968634903,-0.179542765,-0.0340485163,0.0273638517,-0.194449037,0.0457914099,-0.0943578258,0.411410332,-0.0823077038,0.136318251,-0.302239776,-0.0758529082,0.0966194347,0.408432603,-0.397317946,-0.104772143,0.0302810203,0.162201226,0.0202762783,0.330092221,0.375987738,0.0435741059,0.886052489,0.133901089,0.014664568,0.0574863553,0.391212106,-0.35636735,0.00296449289,0.968634903,-0.179542765,-0.0340485163,0.0273638517
1.41885323,3214768.27,0,0,0.0181215899,4.21702862e-06,1,0.208305195,0,1,0.513057768,0.000464437326,-0.0118954163,-0.858271539,-0.0146660423,0.00586419599,-0.00855842698,-2.24207754e-44,2.24207754e-44,2.24207754e-44,-0.256700039,0.0743474439,-0.100247204,0.443252087,-0.189504758,0.0270209163,-0.210638344,-0.0601339526,0.0882076472,0.531465054,-0.320928305,0.0188300367,0.0307110827,0.0182896014,-0.00234146672,0.336669087,0.242232025,-0.00285133952,0.947854221,0.126299441,0.0432488136,0.0212164018,0.368270814,-0.310262799,0.0117566502,0.975162387,-0.174363583,-0.0335902907,0.0256893635,-0.0496414676,-0.00742388936,-0.0139046786,0.028004352,0.0149656916,-0.00747299287,-0.0379195213,0.000305841793,0.0207976867,-0.00470817741,0.0306180418,-0.0227490868,0.00273665832,-0.00139268744,-0.000494621287,0.00209473143,0.000411137851,0.00194310897,0.00417946884,0.0102662854,0.0252067745,0.000949352689,-0.000542856054,-0.00223037018,-0.000611813914,0.00206265552,-0.020747114,0.00531341322,0.0225659702,-0.194449037,0.0457914099,-0.0943578258,0.411410332,-0.0823077038,0.136318251,-0.302239776,-0.0758529082,0.0966194347,0.408432603,-0.397317946,-0.104772143,0.0302810203,0.162201226,0.0202762783,0.330092221,0.375987738,0.0435741059,0.886052489,0.133901089,0.014664568,0.0574863553,0.391212106,-0.35636735,0.00296449289,0.968634903,-0.179542765,-0.0340485163,0.0273638517,-0.194449037,0.0457914099,-0.0943578258,0.411410332,-0.0823077038,0.136318251,-0.302239776,-0.0758529156,0.0966194272,0.408432603,-0.397317946,-0.104772151,0.0302810203,0.162201226,0.0202762783,0.330092221,0.375987738,0.0435741059,0.886052489,0.133901089,0.0146645699,0.057486359,0.391212106,-0.35636735,0.00296449475,0.968634903,-0.179542765,-0.0340485163,0.0273638517,-0.194449037,0.0457914099,-0.0943578258,0.411410332,-0.0823077038,0.136318251,-0.302239776,-0.0758529082,0.0966194347,0.408432603,-0.397317946,-0.104772143,0.0302810203,0.162201226,0.0202762783,0.330092221,0.375987738,0.0435741059,0.886052489,0.133901089,0.014664568,0.0574863553,0.391212106,-0.35636735,0.00296449289,0.968634903,-0.179542765,-0.0340485163,0.0273638517
1.4288738,3214768.28,0,0,0.00816297531,1.09081157e-05,1,0.189114828,0.00119423866,1,0.513013721,0.000448908162,-0.0118046207,-0.858299136,-0.0143073415,0.00583647471,-0.00849486515,-2.24207754e-44,2.24207754e-44,2.24207754e-44,-0.257275909,0.0742608085,-0.100410767,0.443576396,-0.189328283,0.0269317981,-0.211079508,-0.0601306446,0.0884547085,0.531408727,-0.320568383,0.0185545254,0.0307432879,0.0182722174,-0.00234680809,0.336693466,0.242236972,-0.00282807089,0.947904289,0.12642163,0.0435124785,0.0212277081,0.36826393,-0.310289145,0.0117489463,0.9751876,-0.174609452,-0.0335267037,0.025938062,-0.0482514985,-0.00712408777,-0.0138278529,0.0274384394,0.0142308436,-0.00701029086,-0.0368513949,0.000340086961,0.0201653764,-0.00441315863,0.0293352325,-0.0234610476,0.00258146157,-0.00139764207,-0.000848866301,0.00190375233,0.000422347046,0.00193631102,0.00405237311,0.0101770349,0.0198949296,0.000961308833,-0.000603286549,-0.00220835092,-0.000714926922,0.00213875296,-0.0206464715,0.00533564994,0.0219092462,-0.195268109,0.0457221642,-0.0945491344,0.411697686,-0.0827599987,0.136480555,-0.303012133,-0.0755614415,0.0967006758,0.408304155,-0.398512185,-0.104985245,0.0303650741,0.162302315,0.0201584473,0.330338955,0.376080215,0.0436164252,0.88645339,0.134031788,0.0152384341,0.057512112,0.391013414,-0.356393218,0.00285586715,0.968720436,-0.179905474,-0.0339425728,0.0277345106,-0.195268109,0.0457221642,-0.0945491344,0.411697686,-0.0827599987,0.136480555,-0.303012133,-0.0755614489,0.0967006683,0.408304155,-0.398512185,-0.104985245,0.0303650741,0.162302315,0.0201584473,0.330338955,0.376080215,0.0436164252,0.88645339,0.134031788,0.0152384322,0.057512112,0.391013414,-0.356393218,0.00285586715,0.968720436,-0.179905474,-0.0339425728,0.0277345106,-0.195268109,0.0457221642,-0.0945491344,0.411697686,-0.0827599987,0.136480555,-0.303012133,-0.0755614415,0.0967006758,0.408304155,-0.398512185,-0.104985245,0.0303650741,0.162302315,0.0201584473,0.330338955,0.376080215,0.0436164252,0.88645339,0.134031788,0.0152384341,0.057512112,0.391013414,-0.356393218,0.00285586715,0.968720436,-0.179905474,-0.0339425728,0.0277345106
1.43985989,3214768.29,0,0,0.0191490594,6.80424273e-06,1,0.189114828,0,1,0.51297754,0.000437437586,-0.0117296726,-0.858321786,-0.0139053874,0.00530546391,-0.00857818592,-2.24207754e-44,2.24207754e-44,2.24207754e-44,-0.257747263,0.074191317,-0.100547485,0.44384408,-0.189188495,0.0268620458,-0.211440101,-0.0601274259,0.0886540189,0.531364858,-0.320280015,0.0183200762,0.0307687335,0.0182580594,-0.00235499395,0.336711735,0.242241234,-0.00280873547,0.947944462,0.12652272,0.0436861813,0.0212373175,0.368257493,-0.31031093,0.011741559,0.975209177,-0.174812272,-0.0334734879,0.0261465628,-0.0459778383,-0.00682662241,-0.0134632839,0.0260007065,0.0139016239,-0.00705442717,-0.0352721661,0.000287513511,0.0198570192,-0.00444302754,0.0285834279,-0.0233995412,0.00253738835,-0.00144764537,-0.000689382723,0.00179639796,0.000425824255,0.00192999304,0.00401015021,0.0100520337,0.0157089625,0.000951533206,-0.000667565968,-0.00215345901,-0.000740708841,0.00216638902,-0.0200383533,0.00529903686,0.0194199197,-0.195268109,0.0457221642,-0.0945491344,0.411697686,-0.0827599987,0.136480555,-0.303012133,-0.0755614415,0.0967006758,0.408304155,-0.398512185,-0.104985245,0.0303650741,0.162302315,0.0201584473,0.330338955,0.376080215,0.0436164252,0.88645339,0.134031788,0.0152384341,0.057512112,0.391013414,-0.356393218,0.00285586715,0.968720436,-0.179905474,-0.0339425728,0.0277345106,-0.195268109,0.0457221642,-0.0945491344,0.411697686,-0.0827599987,0.136480555,-0.303012133,-0.0755614489,0.0967006683,0.408304155,-0.398512185,-0.104985245,0.0303650741,0.162302315,0.0201584473,0.330338955,0.376080215,0.0436164252,0.88645339,0.134031788,0.0152384322,0.057512112,0.391013414,-0.356393218,0.00285586715,0.968720436,-0.179905474,-0.0339425728,0.0277345106,-0.195268109,0.0457221642,-0.0945491344,0.411697686,-0.0827599987,0.136480555,-0.303012133,-0.0755614415,0.0967006758,0.408304155,-0.398512185,-0.104985245,0.0303650741,0.162302315,0.0201584473,0.330338955,0.376080215,0.0436164252,0.88645339,0.134031788,0.0152384341,0.057512112,0.391013414,-0.356393218,0.00285586715,0.968720436,-0.179905474,-0.0339425728,0.0277345106
1.45085463,3214768.3,0,0,0.0100722639,4.79118899e-06,1,0.231354963,0.00137150288,1,0.512941003,0.000424756319,-0.011657862,-0.858344615,-0.0136602344,0.00549860019,-0.0084412843,-2.24207754e-44,2.24207754e-44,2.24207754e-44,-0.258195162,0.0741245076,-0.100681029,0.444096476,-0.189052209,0.0267925039,-0.211784884,-0.0601245351,0.0888501555,0.531321287,-0.320000648,0.0180808287,0.0307936408,0.0182432234,-0.0023629216,0.336728841,0.242245555,-0.00278947456,0.947983801,0.126622781,0.0438232236,0.0212468784,0.368250549,-0.310332268,0.0117338123,0.975231051,-0.175011382,-0.0334205329,0.0263305232,-0.0451018885,-0.00659774151,-0.0135873789,0.02555429,0.0132126119,-0.00663519651,-0.0346596651,0.000367169298,0.0192201529,-0.00409126421,0.027326094,-0.0245751087,0.00241669035,-0.00142016646,-0.00118798716,0.0015912524,0.000437703071,0.00192416855,0.00380543643,0.0100194644,0.0125122927,0.000977954944,-0.000716520823,-0.00214710808,-0.000832312449,0.00220798841,-0.0200082716,0.00532758702,0.0195158403,-0.196035057,0.0457230732,-0.094790183,0.411901981,-0.0834239349,0.13662824,-0.303824216,-0.075174816,0.096739687,0.408178866,-0.399883687,-0.105178125,0.0304625668,0.162423998,0.0200828426,0.330610961,0.376103759,0.043646913,0.886867046,0.134172514,0.0157665089,0.0575290322,0.390834928,-0.356415868,0.00275896117,0.968790829,-0.180261999,-0.0338403992,0.0280651487,-0.196035057,0.0457230732,-0.094790183,0.411901981,-0.0834239349,0.13662824,-0.303824216,-0.0751748085,0.0967396796,0.408178866,-0.399883687,-0.105178125,0.0304625668,0.162423998,0.0200828426,0.330610961,0.376103759,0.043646913,0.886867046,0.134172514,0.015766507,0.0575290285,0.390834928,-0.356415868,0.00275896303,0.968790829,-0.180261999,-0.0338403992,0.0280651487,-0.196035057,0.0457230732,-0.094790183,0.411901981,-0.0834239349,0.13662824,-0.303824216,-0.075174816,0.096739687,0.408178866,-0.399883687,-0.105178125,0.0304625668,0.162423998,0.0200828426,0.330610961,0.376103759,0.043646913,0.886867046,0.134172514,0.0157665089,0.0575290322,0.390834928,-0.356415868,0.00275896117,0.968790829,-0.180261999,-0.0338403992,0.0280651487
1.46085697,3214768.31,0,0,0.000145469327,5.85522503e-06,1,0.187931117,0.00140205026,1,0.512905002,0.00041369602,-0.0115863783,-0.858367085,-0.0132601913,0.0050051827,-0.0085504204,-2.24207754e-44,2.24207754e-44,2.24207754e-44,-0.258635253,0.0740603656,-0.100815564,0.444344699,-0.188922673,0.02672619,-0.212124124,-0.0601208918,0.0890400037,0.531280577,-0.319732457,0.0178347621,0.0308175273,0.0182289463,-0.00237500318,0.336743772,0.242249936,-0.00277027604,0.948020995,0.12672244,0.0439308137,0.021256702,0.368242949,-0.310353488,0.0117252823,0.975253165,-0.175210208,-0.0333674476,0.026516553,-0.0427694432,-0.0062799952,-0.0132169835,0.0239504408,0.0128851105,-0.00674163038,-0.0331052355,0.000330290204,0.0189329758,-0.00415601581,0.026562918,-0.0245291553,0.00238889433,-0.00146081846,-0.00108087831,0.00145654916,0.000434770162,0.00191435055,0.00369973178,0.00990941655,0.00965749752,0.000973482674,-0.000784478034,-0.00209577242,-0.000851901539,0.00221277121,-0.0197282024,0.00527967466,0.0171647668,-0.196035057,0.0457230732,-0.094790183,0.411901981,-0.0834239349,0.13662824,-0.303824216,-0.075174816,0.096739687,0.408178866,-0.399883687,-0.105178125,0.0304625668,0.162423998,0.0200828426,0.330610961,0.376103759,0.043646913,0.886867046,0.134172514,0.0157665089,0.0575290322,0.390834928,-0.356415868,0.00275896117,0.968790829,-0.180261999,-0.0338403992,0.0280651487,-0.196745396,0.0457748584,-0.0950718299,0.41207093,-0.084173061,0.136773333,-0.304635674,-0.0747707933,0.0967548788,0.408092529,-0.401285738,-0.105332717,0.0305638928,0.162549436,0.0200698785,0.330898762,0.376065552,0.0436597094,0.887262821,0.134309873,0.0162419248,0.0575273186,0.390661001,-0.356461585,0.00267381035,0.968851149,-0.18060638,-0.0337386206,0.0283394996,-0.196745396,0.0457748547,-0.0950718299,0.41207093,-0.084173061,0.136773333,-0.304635674,-0.0747707859,0.0967548862,0.408092529,-0.401285738,-0.105332725,0.0305638928,0.162549436,0.0200698785,0.330898762,0.376065552,0.0436597094,0.887262821,0.134309873,0.016241923,0.0575273186,0.390661001,-0.356461585,0.00267380849,0.968851149,-0.18060638,-0.0337386206,0.0283394977
1.47185524,3214768.32,0,0,0.0111437403,5.19631431e-06,1,0.187931117,0,1,0.51286149,0.000399504846,-0.0115041034,-0.858394206,-0.0129829366,0.0053053461,-0.00838262588,-2.24207754e-44,2.24207754e-44,2.24207754e-44,-0.259135246,0.0739869699,-0.100974105,0.444623679,-0.188772768,0.0266469028,-0.212512597,-0.0601166524,0.0892630741,0.531232536,-0.319423079,0.017533673,0.0308454372,0.0182112828,-0.0023903721,0.336759806,0.242255226,-0.00274735689,0.94806391,0.126840904,0.0440285727,0.0212685037,0.368233144,-0.310378462,0.0117146149,0.975279927,-0.175446376,-0.0333041027,0.0267112888,-0.0418133773,-0.00599962007,-0.0134467939,0.0234459452,0.0120140063,-0.00633036485,-0.0324642099,0.000432139466,0.01815602,-0.00372215454,0.0250928346,-0.0255997218,0.00225539901,-0.00140784273,-0.00166503654,0.00120263675,0.000447522703,0.00190868007,0.00342580117,0.00987990014,0.00717343437,0.00100566971,-0.000846253999,-0.00209138962,-0.000938679965,0.00223739306,-0.0197774041,0.00530454377,0.0168949496,-0.196745396,0.0457748547,-0.0950718299,0.41207093,-0.084173061,0.136773333,-0.304635674,-0.0747707859,0.0967548862,0.408092529,-0.401285738,-0.105332725,0.0305638928,0.162549436,0.0200698785,0.330898762,0.376065552,0.0436597094,0.887262821,0.134309873,0.016241923,0.0575273186,0.390661001,-0.356461585,0.00267380849,0.968851149,-0.18060638,-0.0337386206,0.0283394977,-0.196745396,0.0457748584,-0.0950718299,0.41207093,-0.084173061,0.136773333,-0.304635674,-0.0747707933,0.0967548788,0.408092529,-0.401285738,-0.105332717,0.0305638928,0.162549436,0.0200698785,0.330898762,0.376065552,0.0436597094,0.887262821,0.134309873,0.0162419248,0.0575273186,0.390661001,-0.356461585,0.00267381035,0.968851149,-0.18060638,-0.0337386206,0.0283394996,-0.196745396,0.0457748547,-0.0950718299,0.41207093,-0.084173061,0.136773333,-0.304635674,-0.0747707859,0.0967548862,0.408092529,-0.401285738,-0.105332725,0.0305638928,0.162549436,0.0200698785,0.330898762,0.376065552,0.0436597094,0.887262821,0.134309873,0.016241923,0.0575273186,0.390661001,-0.356461585,0.00267380849,0.968851149,-0.18060638,-0.0337386206,0.0283394977
1.4818594,3214768.33,0,0,0.00108684599,7.10180029e-06,1,0.218503177,0.00133565068,1,0.512832701,0.000391137524,-0.0114497766,-0.858412087,-0.0126266554,0.00482400134,-0.00853594486,-2.24207754e-44,2.24207754e-44,2.24207754e-44,-0.259460777,0.0739402771,-0.101080216,0.444805175,-0.188678101,0.026595667,-0.212766409,-0.0601133369,0.0894073173,0.531202495,-0.319225162,0.0173304025,0.0308633782,0.0181998424,-0.00240330445,0.336768806,0.242258772,-0.00273214397,0.948090613,0.126919508,0.0440799929,0.0212765206,0.368226111,-0.310395032,0.0117070619,0.975297749,-0.175603539,-0.033261884,0.0268368814,-0.0397530906,-0.00573435565,-0.0130781354,0.0220386572,0.0117781861,-0.00650048116,-0.0311070289,0.000387616805,0.0180113986,-0.0038191604,0.0245661568,-0.0252631214,0.00224057073,-0.00145733997,-0.00152162591,0.00108728756,0.000436359085,0.00189482991,0.00330375414,0.00978508592,0.00608535623,0.000993581605,-0.000901732885,-0.00205279118,-0.000941313396,0.00222799438,-0.0195288695,0.0052528102,0.0146323787,-0.197408944,0.0458610579,-0.0953698456,0.412229955,-0.0849120244,0.136930123,-0.305431575,-0.0743903592,0.0967578664,0.408048809,-0.402621388,-0.105465181,0.0306546427,0.162664205,0.0201005004,0.331181586,0.37597993,0.0436628237,0.887625098,0.134441718,0.0166589841,0.0575051084,0.390484571,-0.356538296,0.00259980187,0.968905926,-0.180942193,-0.0336383991,0.0285601728,-0.197408944,0.0458610579,-0.0953698456,0.412229955,-0.0849120244,0.136930123,-0.305431575,-0.0743903518,0.0967578739,0.408048809,-0.402621388,-0.105465181,0.0306546427,0.162664205,0.0201005004,0.331181586,0.37597993,0.0436628237,0.887625098,0.134441718,0.0166589823,0.0575051084,0.390484571,-0.356538296,0.00259980187,0.968905926,-0.180942193,-0.0336383991,0.0285601746,-0.197408944,0.0458610579,-0.0953698456,0.412229955,-0.0849120244,0.136930123,-0.305431575,-0.0743903592,0.0967578664,0.408048809,-0.402621388,-0.105465181,0.0306546427,0.162664205,0.0201005004,0.331181586,0.37597993,0.0436628237,0.887625098,0.134441718,0.0166589841,0.0575051084,0.390484571,-0.356538296,0.00259980187,0.968905926,-0.180942193,-0.0336383991,0.0285601728
1.49187349,3214768.34,0,0,0.0111009371,7.74580985e-06,1,0.218503177,0,1,0.512788653,0.000376569165,-0.0113727907,-0.858439505,-0.0122356452,0.00473158434,-0.00852924492,-2.24207754e-44,2.24207754e-44,2.24207754e-44,-0.259916812,0.073873505,-0.101234846,0.44505623,-0.188539937,0.0265173707,-0.213125676,-0.0601090081,0.0896213874,0.531156838,-0.318937659,0.0170249175,0.0308895875,0.0181816351,-0.00242171087,0.336780578,0.242263943,-0.00270953146,0.94812876,0.127036169,0.0441479161,0.0212883335,0.368214905,-0.31041944,0.0116956122,0.975324512,-0.175835997,-0.0331991948,0.0269921813,-0.0380438007,-0.00544576254,-0.0130758965,0.0211107731,0.0110191209,-0.00623769453,-0.0299610663,0.000433963462,0.0174425747,-0.00349895912,0.0232604891,-0.0259531755,0.00210137013,-0.00145544531,-0.00191873382,0.000850096345,0.000429162465,0.00188019988,0.00300994492,0.009727614,0.00545474747,0.000993505353,-0.000959129247,-0.00205260678,-0.000996932969,0.00223628362,-0.0194622036,0.00524762878,0.0132790664,-0.197408944,0.0458610579,-0.0953698456,0.412229955,-0.0849120244,0.136930123,-0.305431575,-0.0743903592,0.0967578664,0.408048809,-0.402621388,-0.105465181,0.0306546427,0.162664205,0.0201005004,0.331181586,0.37597993,0.0436628237,0.887625098,0.134441718,0.0166589841,0.0575051084,0.390484571,-0.356538296,0.00259980187,0.968905926,-0.180942193,-0.0336383991,0.0285601728,-0.197408944,0.0458610579,-0.0953698456,0.412229955,-0.0849120244,0.136930123,-0.305431575,-0.0743903518,0.0967578739,0.408048809,-0.402621388,-0.105465181,0.0306546427,0.162664205,0.0201005004,0.331181586,0.37597993,0.0436628237,0.887625098,0.134441718,0.0166589823,0.0575051084,0.390484571,-0.356538296,0.00259980187,0.968905926,-0.180942193,-0.0336383991,0.0285601746,-0.197408944,0.0458610579,-0.0953698456,0.412229955,-0.0849120244,0.136930123,-0.305431575,-0.0743903592,0.0967578664,0.408048809,-0.402621388,-0.105465181,0.0306546427,0.162664205,0.0201005004,0.331181586,0.37597993,0.0436628237,0.887625098,0.134441718,0.0166589841,0.0575051084,0.390484571,-0.356538296,0.00259980187,0.968905926,-0.180942193,-0.0336383991,0.0285601728
1.50286839,3214768.35,0,0,0.00213108119,6.5821223e-06,1,0.184523873,0.00127458572,1,0.512752056,0.000366025226,-0.0113093574,-0.858462155,-0.0118309092,0.00432159146,-0.0086786896,-2.24207754e-44,2.24207754e-44,2.24207754e-44,-0.260287315,0.0738209933,-0.101364188,0.445261747,-0.188433051,0.0264549777,-0.213418528,-0.0601046868,0.0897937864,0.531122446,-0.318709999,0.0167684536,0.03091022,0.0181670804,-0.00244130357,0.336788028,0.242268175,-0.00269080629,0.948157668,0.127132922,0.0442010947,0.0212982092,0.368204892,-0.310439885,0.0116855111,0.975346804,-0.176029429,-0.0331469737,0.0271163378,-0.0359655544,-0.00512352167,-0.0127500687,0.0198688693,0.0105625447,-0.00633822335,-0.0285437927,0.000400859775,0.0171817485,-0.00350140058,0.0225189533,-0.0253447499,0.00204766961,-0.00148027192,-0.0018632937,0.000701128331,0.000417186209,0.00186564459,0.00285269134,0.00962277316,0.00525282882,0.00097612536,-0.00102408172,-0.00202927948,-0.00100903481,0.00222037197,-0.0191955417,0.0051904968,0.0114152944,-0.198041826,0.0459662527,-0.0956699923,0.412368625,-0.0856096074,0.137102202,-0.306188136,-0.0740386471,0.0967565849,0.408034682,-0.403895974,-0.105578654,0.0307299104,0.162779957,0.020145677,0.331432343,0.375863403,0.0436623655,0.887946963,0.134566113,0.0170158893,0.0574684963,0.390323043,-0.356639653,0.00253604725,0.968961239,-0.181278884,-0.0335337967,0.0287397988,-0.198041826,0.0459662527,-0.0956699923,0.412368625,-0.0856096074,0.137102202,-0.306188136,-0.0740386471,0.0967565924,0.408034682,-0.403895974,-0.105578646,0.0307299104,0.162779957,0.020145677,0.331432343,0.375863403,0.0436623655,0.887946963,0.134566113,0.0170158911,0.0574684963,0.390323043,-0.356639653,0.00253604911,0.968961239,-0.181278884,-0.0335337967,0.0287397988,-0.198041826,0.0459662527,-0.0956699923,0.412368625,-0.0856096074,0.137102202,-0.306188136,-0.0740386471,0.0967565849,0.408034682,-0.403895974,-0.105578654,0.0307299104,0.162779957,0.020145677,0.331432343,0.375863403,0.0436623655,0.887946963,0.134566113,0.0170158893,0.0574684963,0.390323043,-0.356639653,0.00253604725,0.968961239,-0.181278884,-0.0335337967,0.0287397988
1.51386508,3214768.36,0,0,0.0131277703,9.92929563e-06,1,0.184523873,0,1,0.512708426,0.00035522395,-0.0112342881,-0.858489215,-0.0116347885,0.0051769386,-0.0084285615,-2.24207754e-44,2.24207754e-44,2.24207754e-44,-0.260719955,0.0737613961,-0.101520553,0.445503145,-0.188314065,0.0263827853,-0.213761672,-0.0600989684,0.0899935961,0.531085134,-0.318450242,0.0164619498,0.0309334751,0.018150026,-0.00246876571,0.336794645,0.242273256,-0.00266836374,0.948189855,0.127248332,0.0442632698,0.0213100296,0.368192166,-0.310464442,0.0116729308,0.975373507,-0.176260963,-0.0330843329,0.0272552669,-0.0362238698,-0.00483385427,-0.0132051138,0.0203424692,0.00945949741,-0.00581778493,-0.0287137348,0.000529084762,0.0162778217,-0.00283840508,0.0210872348,-0.025432298,0.00187236746,-0.00138035847,-0.0025552602,0.000441022246,0.000428343657,0.00187443593,0.00255921669,0.00960954744,0.0051315045,0.000992511166,-0.00109731965,-0.00205861754,-0.00107135565,0.00222597597,-0.0193492472,0.00523606921,0.0115579814,-0.198041826,0.0459662527,-0.0956699923,0.412368625,-0.0856096074,0.137102202,-0.306188136,-0.0740386471,0.0967565849,0.408034682,-0.403895974,-0.105578654,0.0307299104,0.162779957,0.020145677,0.331432343,0.375863403,0.0436623655,0.887946963,0.134566113,0.0170158893,0.0574684963,0.390323043,-0.356639653,0.00253604725,0.968961239,-0.181278884,-0.0335337967,0.0287397988,-0.198041826,0.0459662527,-0.0956699923,0.412368625,-0.0856096074,0.137102202,-0.306188136,-0.0740386471,0.0967565924,0.408034682,-0.403895974,-0.105578646,0.0307299104,0.162779957,0.020145677,0.331432343,0.375863403,0.0436623655,0.887946963,0.134566113,0.0170158911,0.0574684963,0.390323043,-0.356639653,0.00253604911,0.968961239,-0.181278884,-0.0335337967,0.0287397988,-0.198041826,0.0459662527,-0.0956699923,0.412368625,-0.0856096074,0.137102202,-0.306188136,-0.0740386471,0.0967565849,0.408034682,-0.403895974,-0.105578654,0.0307299104,0.162779957,0.020145677,0.331432343,0.375863403,0.0436623655,0.887946963,0.134566113,0.0170158893,0.0574684963,0.390323043,-0.356639653,0.00253604725,0.968961239,-0.181278884,-0.0335337967,0.0287397988
1.52485871,3214768.37,0,0,0.00416360097,6.61611557e-06,1,0.172611792,0.000949710608,1,0.512672126,0.000347563182,-0.0111729903,-0.858511686,-0.0111423507,0.00454013422,-0.00861953478,-2.24207754e-44,2.24207754e-44,2.24207754e-44,-0.261068374,0.0737150535,-0.101650007,0.445697248,-0.188221246,0.0263230074,-0.214039654,-0.060094133,0.0901553556,0.531056046,-0.31824252,0.016214205,0.0309521258,0.0181357041,-0.00249259616,0.336798638,0.242277503,-0.00264966628,0.948215246,0.127343625,0.044314418,0.0213197768,0.368180841,-0.310484856,0.0116622485,0.975395679,-0.176452249,-0.0330324285,0.0273602642,-0.0336148702,-0.00450991699,-0.0127318418,0.0185723864,0.00922663789,-0.00613402203,-0.0269690249,0.000434170681,0.0161449444,-0.00302164536,0.0205963068,-0.0243777949,0.00186241325,-0.00148310594,-0.00219889916,0.000389266788,0.000421843928,0.00186495658,0.00255142548,0.00946492702,0.00511601893,0.000958164921,-0.00114832364,-0.00202817563,-0.00106427679,0.0022077281,-0.0189351644,0.00515107531,0.00995849818,-0.198612064,0.0460798442,-0.0959596336,0.412544131,-0.0860062018,0.137280971,-0.306888193,-0.0737386718,0.0967691019,0.408082426,-0.404845685,-0.105679698,0.0307858288,0.162867516,0.0201640502,0.331641108,0.375755072,0.0436617509,0.888225138,0.134667024,0.0173174739,0.0574261695,0.390156329,-0.356750697,0.00247764215,0.969007134,-0.181596905,-0.0334316716,0.0288805328,-0.198612064,0.0460798442,-0.0959596336,0.412544131,-0.0860062018,0.137280971,-0.306888193,-0.0737386644,0.0967691094,0.408082426,-0.404845685,-0.105679698,0.0307858288,0.162867516,0.0201640502,0.331641108,0.375755072,0.0436617509,0.888225138,0.134667024,0.0173174776,0.0574261695,0.390156329,-0.356750697,0.00247764029,0.969007134,-0.181596905,-0.0334316716,0.0288805328,-0.198612064,0.0460798442,-0.0959596336,0.412544131,-0.0860062018,0.137280971,-0.306888193,-0.0737386718,0.0967691019,0.408082426,-0.404845685,-0.105679698,0.0307858288,0.162867516,0.0201640502,0.331641108,0.375755072,0.0436617509,0.888225138,0.134667024,0.0173174739,0.0574261695,0.390156329,-0.356750697,0.00247764215,0.969007134,-0.181596905,-0.0334316716,0.0288805328
1.53486026,3214768.38,0,0,0.0141651556,7.62660056e-06,1,0.172611792,0,1,0.512650609,0.000344156782,-0.0111362142,-0.858525038,-0.0111395996,0.00548152486,-0.00833440665,-2.24207754e-44,2.24207754e-44,2.24207754e-44,-0.26127556,0.0736883581,-0.101728715,0.44581309,-0.188168675,0.0262884777,-0.21420531,-0.0600909926,0.0902494937,0.53104049,-0.318122238,0.0160664916,0.0309627242,0.0181272794,-0.00250846916,0.336800367,0.242280081,-0.0026384308,0.948229849,0.127400503,0.0443449765,0.0213255566,0.368173778,-0.310497195,0.0116556846,0.975408912,-0.176567003,-0.033001218,0.0274203718,-0.0348048955,-0.00440843822,-0.013249917,0.0195375588,0.00857084151,-0.00562633481,-0.0277999677,0.000551793899,0.0155014032,-0.00243339129,0.0198299177,-0.0246024299,0.00172917359,-0.00137902598,-0.00279167714,0.000246268173,0.000431406253,0.00187550578,0.00238719955,0.00947780348,0.00507938629,0.000964729348,-0.00118821964,-0.00206027646,-0.00110380293,0.00221346575,-0.01917102,0.00521490304,0.00992660411,-0.198612064,0.0460798442,-0.0959596336,0.412544131,-0.0860062018,0.137280971,-0.306888193,-0.0737386718,0.0967691019,0.408082426,-0.404845685,-0.105679698,0.0307858288,0.162867516,0.0201640502,0.331641108,0.375755072,0.0436617509,0.888225138,0.134667024,0.0173174739,0.0574261695,0.390156329,-0.356750697,0.00247764215,0.969007134,-0.181596905,-0.0334316716,0.0288805328,-0.198612064,0.0460798442,-0.0959596336,0.412544131,-0.0860062018,0.137280971,-0.306888193,-0.0737386644,0.0967691094,0.408082426,-0.404845685,-0.105679698,0.0307858288,0.162867516,0.0201640502,0.331641108,0.375755072,0.0436617509,0.888225138,0.134667024,0.0173174776,0.0574261695,0.390156329,-0.356750697,0.00247764029,0.969007134,-0.181596905,-0.0334316716,0.0288805328,-0.198612064,0.0460798442,-0.0959596336,0.412544131,-0.0860062018,0.137280971,-0.306888193,-0.0737386718,0.0967691019,0.408082426,-0.404845685,-0.105679698,0.0307858288,0.162867516,0.0201640502,0.331641108,0.375755072,0.0436617509,0.888225138,0.134667024,0.0173174739,0.0574261695,0.390156329,-0.356750697,0.00247764215,0.969007134,-0.181596905,-0.0334316716,0.0288805328
1.54585486,3214768.39,0,0,0.00513017736,5.53531572e-06,1,0.201450195,0.000630170107,1,0.512593925,0.000338648999,-0.0110391686,-0.858560145,-0.0105385641,0.00552692078,-0.00833253469,-2.24207754e-44,2.24207754e-44,2.24207754e-44,-0.261815578,0.0736220926,-0.101938762,0.446113825,-0.188037261,0.0261977538,-0.214639544,-0.0600825138,0.0904922113,0.531003058,-0.317813247,0.0156879146,0.0309897866,0.0181045644,-0.00255201524,0.336803138,0.24228698,-0.00260843476,0.948267341,0.127550513,0.0444260277,0.0213406254,0.36815384,-0.310530126,0.0116378441,0.975444078,-0.176870391,-0.0329184011,0.0275718421,-0.0327828974,-0.00394736882,-0.0130134914,0.0181060359,0.00797653291,-0.00567268021,-0.0265425276,0.000507207587,0.0149219679,-0.00224711397,0.018862078,-0.0231409594,0.00165631098,-0.00145565567,-0.00267011742,0.000134544724,0.000430400978,0.00187260134,0.00233856263,0.00928405486,0.00508048246,0.000913641648,-0.00128466857,-0.00206060125,-0.00112576934,0.00218526321,-0.0188002381,0.00514684757,0.00922507793,-0.199101329,0.0461772159,-0.0962139592,0.412773013,-0.0860662088,0.137454256,-0.307518363,-0.0734981075,0.0967984274,0.408187926,-0.405444533,-0.105787836,0.0308213588,0.162910819,0.0201228894,0.331783205,0.375657558,0.0436605588,0.888460934,0.134742409,0.0175613314,0.0573792309,0.390001208,-0.356868744,0.00241954997,0.969049096,-0.18189992,-0.0333393142,0.0289995968,-0.199101329,0.0461772196,-0.0962139592,0.412773013,-0.0860662088,0.137454256,-0.307518363,-0.0734981149,0.09679842,0.408187926,-0.405444533,-0.105787829,0.0308213588,0.162910819,0.0201228894,0.331783205,0.375657558,0.0436605588,0.888460934,0.134742409,0.0175613295,0.0573792346,0.390001208,-0.356868744,0.00241954997,0.969049096,-0.18189992,-0.0333393142,0.0289995968,-0.199101329,0.0461772159,-0.0962139592,0.412773013,-0.0860662088,0.137454256,-0.307518363,-0.0734981075,0.0967984274,0.408187926,-0.405444533,-0.105787836,0.0308213588,0.162910819,0.0201228894,0.331783205,0.375657558,0.0436605588,0.888460934,0.134742409,0.0175613314,0.0573792309,0.390001208,-0.356868744,0.00241954997,0.969049096,-0.18189992,-0.0333393142,0.0289995968
1.55727244,3214768.4,0,0,0.0165477572,1.13490969e-05,1,0.201450195,0,1,0.51255244,0.000338821526,-0.0109666977,-0.858585835,-0.0102173779,0.00621611951,-0.00812775269,-2.24207754e-44,2.24207754e-44,2.24207754e-44,-0.262213707,0.0735765621,-0.102097817,0.446334898,-0.187946633,0.0261331201,-0.214961812,-0.0600758269,0.0906653926,0.530980706,-0.317593187,0.0154146589,0.0310085602,0.0180875733,-0.0025871878,0.336803555,0.242292181,-0.00258591748,0.948294342,0.127661243,0.0444866084,0.0213513859,0.368137836,-0.31055513,0.0116240224,0.975470126,-0.177096456,-0.0328565203,0.0276816562,-0.0326828063,-0.00365023967,-0.0131867602,0.0180408265,0.00738715194,-0.00539464271,-0.0265649725,0.000544561131,0.0142483935,-0.00179917424,0.0180701651,-0.0222258717,0.00154624518,-0.0014367915,-0.00287676044,5.3999197e-06,0.000430864282,0.00187462021,0.00224188878,0.00916320551,0.00504500885,0.000877351558,-0.00136619923,-0.00208591018,-0.00115862244,0.00216372451,-0.0187231731,0.00513193756,0.00905871857,-0.199101329,0.0461772159,-0.0962139592,0.412773013,-0.0860662088,0.137454256,-0.307518363,-0.0734981075,0.0967984274,0.408187926,-0.405444533,-0.105787836,0.0308213588,0.162910819,0.0201228894,0.331783205,0.375657558,0.0436605588,0.888460934,0.134742409,0.0175613314,0.0573792309,0.390001208,-0.356868744,0.00241954997,0.969049096,-0.18189992,-0.0333393142,0.0289995968,-0.199101329,0.0461772196,-0.0962139592,0.412773013,-0.0860662088,0.137454256,-0.307518363,-0.0734981149,0.09679842,0.408187926,-0.405444533,-0.105787829,0.0308213588,0.162910819,0.0201228894,0.331783205,0.375657558,0.0436605588,0.888460934,0.134742409,0.0175613295,0.0573792346,0.390001208,-0.356868744,0.00241954997,0.969049096,-0.18189992,-0.0333393142,0.0289995968,-0.199101329,0.0461772159,-0.0962139592,0.412773013,-0.0860662088,0.137454256,-0.307518363,-0.0734981075,0.0967984274,0.408187926,-0.405444533,-0.105787836,0.0308213588,0.162910819,0.0201228894,0.331783205,0.375657558,0.0436605588,0.888460934,0.134742409,0.0175613314,0.0573792309,0.390001208,-0.356868744,0.00241954997,0.969049096,-0.18189992,-0.0333393142,0.0289995968
1.56787036,3214768.41,0,0,0.00713046081,4.32878733e-06,1,0.189843122,0.000581264496,1,0.512524486,0.000339058868,-0.010920465,-0.85860312,-0.00975009985,0.00563874375,-0.00826638378,-2.24207754e-44,2.24207754e-44,2.24207754e-44,-0.262464464,0.0735485628,-0.102201127,0.446471035,-0.187887758,0.0260886587,-0.215167478,-0.0600719601,0.0907791257,0.530965388,-0.317450464,0.0152411349,0.0310210492,0.018075414,-0.00260821311,0.336803764,0.242295608,-0.00257095834,0.948312759,0.127733856,0.0445272103,0.0213581994,0.36812675,-0.3105717,0.0116147958,0.975487411,-0.177244291,-0.0328158736,0.0277531184,-0.0303996354,-0.00342377601,-0.0127408141,0.0163024161,0.00736682164,-0.00566679845,-0.0250967834,0.000436214556,0.0142192505,-0.00200631795,0.0177005734,-0.0213987008,0.00157075224,-0.00159707165,-0.00245846133,4.22896046e-05,0.000432088767,0.00186919596,0.00233899173,0.00902166776,0.00509944698,0.00083974289,-0.00139228674,-0.0020606278,-0.00114717416,0.00215036469,-0.0183162484,0.00504708663,0.00885330699,-0.199536353,0.0462466031,-0.0964471623,0.413028866,-0.0859517232,0.137619719,-0.308099627,-0.0732700899,0.0968414918,0.408296973,-0.405867666,-0.105897211,0.0308542736,0.16292423,0.0199709646,0.331864744,0.375562012,0.0436669216,0.888673425,0.134800404,0.0177525282,0.0573385581,0.389874279,-0.356981516,0.00236369111,0.969096959,-0.182209566,-0.0332550108,0.0291140936,-0.199536353,0.0462466031,-0.0964471623,0.413028866,-0.0859517232,0.137619719,-0.308099627,-0.0732700825,0.0968414992,0.408296973,-0.405867666,-0.105897218,0.0308542736,0.16292423,0.0199709646,0.331864744,0.375562012,0.0436669216,0.888673425,0.134800404,0.0177525263,0.0573385581,0.389874279,-0.356981516,0.00236369111,0.969096959,-0.182209566,-0.0332550108,0.0291140955,-0.199536353,0.0462466031,-0.0964471623,0.413028866,-0.0859517232,0.137619719,-0.308099627,-0.0732700899,0.0968414918,0.408296973,-0.405867666,-0.105897211,0.0308542736,0.16292423,0.0199709646,0.331864744,0.375562012,0.0436669216,0.888673425,0.134800404,0.0177525282,0.0573385581,0.389874279,-0.356981516,0.00236369111,0.969096959,-0.182209566,-0.0332550108,0.0291140936
1.5788534,3214768.43,0,0,0.0181135009,4.22401354e-06,1,0.189843122,0,1,0.512483537,0.000343069201,-0.0108509278,-0.858628392,-0.00950197875,0.00664147828,-0.00797476154,-2.24207754e-44,2.24207754e-44,2.24207754e-44,-0.262839049,0.0735091418,-0.102357991,0.446674168,-0.187804639,0.0260261688,-0.215475887,-0.0600656793,0.0909433141,0.530946732,-0.317243665,0.0149870291,0.0310387388,0.0180574153,-0.00264279637,0.336803019,0.242300674,-0.00254849251,0.94833988,0.127841413,0.044587858,0.0213679727,0.368109554,-0.310596883,0.0116005987,0.97551316,-0.177466109,-0.0327550471,0.0278593786,-0.0310104173,-0.00314620906,-0.0130746774,0.0167478807,0.00674326299,-0.0051105842,-0.0256044213,0.000536053267,0.0134400576,-0.00143692829,0.0169722736,-0.0208072104,0.001449542,-0.00148668909,-0.00291582034,-9.84683502e-05,0.000413538539,0.00187052856,0.00224740361,0.00889790431,0.00503713917,0.000793989224,-0.00146351755,-0.00210805493,-0.00119396229,0.00214056135,-0.0184300486,0.00504974974,0.00879887678,-0.199536353,0.0462466031,-0.0964471623,0.413028866,-0.0859517232,0.137619719,-0.308099627,-0.0732700899,0.0968414918,0.408296973,-0.405867666,-0.105897211,0.0308542736,0.16292423,0.0199709646,0.331864744,0.375562012,0.0436669216,0.888673425,0.134800404,0.0177525282,0.0573385581,0.389874279,-0.356981516,0.00236369111,0.969096959,-0.182209566,-0.0332550108,0.0291140936,-0.199536353,0.0462466031,-0.0964471623,0.413028866,-0.0859517232,0.137619719,-0.308099627,-0.0732700825,0.0968414992,0.408296973,-0.405867666,-0.105897218,0.0308542736,0.16292423,0.0199709646,0.331864744,0.375562012,0.0436669216,0.888673425,0.134800404,0.0177525263,0.0573385581,0.389874279,-0.356981516,0.00236369111,0.969096959,-0.182209566,-0.0332550108,0.0291140955,-0.199536353,0.0462466031,-0.0964471623,0.413028866,-0.0859517232,0.137619719,-0.308099627,-0.0732700899,0.0968414918,0.408296973,-0.405867666,-0.105897211,0.0308542736,0.16292423,0.0199709646,0.331864744,0.375562012,0.0436669216,0.888673425,0.134800404,0.0177525282,0.0573385581,0.389874279,-0.356981516,0.00236369111,0.969096959,-0.182209566,-0.0332550108,0.0291140936
1.58886269,3214768.44,0,0,0.0081584258,8.37491825e-06,1,0.179546885,0.00053614378,1,0.512449503,0.000347640133,-0.010794756,-0.858649433,-0.00908266753,0.00661442569,-0.00797159877,-2.24207754e-44,2.24207754e-44,2.24207754e-44,-0.263137549,0.0734794289,-0.102486603,0.44683224,-0.187737823,0.0259744395,-0.215724826,-0.0600606352,0.0910763592,0.53093183,-0.317076802,0.0147819258,0.031053314,0.018041959,-0.00267015654,0.336802095,0.242304727,-0.00252983184,0.948362768,0.127929419,0.0446383804,0.0213756263,0.368094683,-0.310617894,0.0115886712,0.975534499,-0.177648336,-0.03270505,0.0279462375,-0.0296499245,-0.00289178966,-0.0128777204,0.0156334564,0.00656156475,-0.0050412016,-0.0248071644,0.000517330132,0.0131468466,-0.00138211821,0.0164694283,-0.0203790758,0.00143994705,-0.00155388983,-0.00280226674,-0.000117138487,0.000401132798,0.00186681864,0.00229515089,0.0087475786,0.00504019205,0.000748476828,-0.00150519016,-0.00210892363,-0.00120186072,0.00212901551,-0.0182164516,0.00498850923,0.00865209568,-0.19990775,0.0462638959,-0.0966511741,0.413334608,-0.0856666639,0.137776449,-0.308635771,-0.073070921,0.0969061628,0.408414811,-0.406096578,-0.106017016,0.0308888163,0.162907511,0.0197301805,0.331892341,0.375475466,0.0436801612,0.888861418,0.134835422,0.0178873241,0.0573000759,0.389756769,-0.35708791,0.00231252983,0.969143808,-0.18252252,-0.0331794992,0.0292204469,-0.19990775,0.0462638959,-0.0966511741,0.413334608,-0.0856666639,0.137776449,-0.308635771,-0.0730709285,0.0969061553,0.408414811,-0.406096578,-0.106017023,0.0308888163,0.162907511,0.0197301805,0.331892341,0.375475466,0.0436801612,0.888861418,0.134835422,0.0178873222,0.0573000722,0.389756769,-0.35708791,0.00231252983,0.969143808,-0.18252252,-0.0331794992,0.0292204488,-0.19990775,0.0462638959,-0.0966511741,0.413334608,-0.0856666639,0.137776449,-0.308635771,-0.073070921,0.0969061628,0.408414811,-0.406096578,-0.106017016,0.0308888163,0.162907511,0.0197301805,0.331892341,0.375475466,0.0436801612,0.888861418,0.134835422,0.0178873241,0.0573000759,0.389756769,-0.35708791,0.00231252983,0.969143808,-0.18252252,-0.0331794992,0.0292204469
1.59985645,3214768.45,0,0,0.0191521868,5.19910827e-06,1,0.179546885,0,1,0.512409449,0.000357413519,-0.0107269604,-0.858674169,-0.00872388482,0.00716588832,-0.00786572695,-2.24207754e-44,2.24207754e-44,2.24207754e-44,-0.263495833,0.0734466761,-0.102642238,0.447021365,-0.187662587,0.0259180889,-0.216025189,-0.060053695,0.0912298635,0.530918777,-0.316883981,0.0145402458,0.0310701858,0.0180238746,-0.00270602969,0.33679983,0.242309332,-0.00250743749,0.948389947,0.128033176,0.0446981266,0.0213842262,0.368076086,-0.310643524,0.0115739787,0.97555989,-0.177867338,-0.0326454081,0.028049428,-0.0293268058,-0.00258249557,-0.0128600607,0.0152959805,0.00616865465,-0.00464116363,-0.0247451533,0.00058523257,0.0126332026,-0.00104103447,0.0158049818,-0.0199640319,0.00140923122,-0.00151326903,-0.00292327534,-0.000206580095,0.000369779911,0.00186156831,0.00227885763,0.00856372993,0.00496275211,0.000690401706,-0.00157867244,-0.00213989895,-0.00122942415,0.00210932293,-0.018140452,0.0049355235,0.00852208864,-0.19990775,0.0462638959,-0.0966511741,0.413334608,-0.0856666639,0.137776449,-0.308635771,-0.073070921,0.0969061628,0.408414811,-0.406096578,-0.106017016,0.0308888163,0.162907511,0.0197301805,0.331892341,0.375475466,0.0436801612,0.888861418,0.134835422,0.0178873241,0.0573000759,0.389756769,-0.35708791,0.00231252983,0.969143808,-0.18252252,-0.0331794992,0.0292204469,-0.19990775,0.0462638959,-0.0966511741,0.413334608,-0.0856666639,0.137776449,-0.308635771,-0.0730709285,0.0969061553,0.408414811,-0.406096578,-0.106017023,0.0308888163,0.162907511,0.0197301805,0.331892341,0.375475466,0.0436801612,0.888861418,0.134835422,0.0178873222,0.0573000722,0.389756769,-0.35708791,0.00231252983,0.969143808,-0.18252252,-0.0331794992,0.0292204488,-0.19990775,0.0462638959,-0.0966511741,0.413334608,-0.0856666639,0.137776449,-0.308635771,-0.073070921,0.0969061628,0.408414811,-0.406096578,-0.106017016,0.0308888163,0.162907511,0.0197301805,0.331892341,0.375475466,0.0436801612,0.888861418,0.134835422,0.0178873241,0.0573000759,0.389756769,-0.35708791,0.00231252983,0.969143808,-0.18252252,-0.0331794992,0.0292204469
1.60987163,3214768.46,0,0,0.00917799398,5.11668622e-06,1,0.187564176,0.000501960516,1,0.51237601,0.000366625522,-0.0106724584,-0.858694792,-0.00834861957,0.00742736924,-0.00783965457,-2.24207754e-44,2.24207754e-44,2.24207754e-44,-0.263780028,0.0734222457,-0.102769323,0.447166771,-0.187601641,0.0258723609,-0.216267377,-0.0600479431,0.091354996,0.530908465,-0.316729158,0.0143423537,0.0310843363,0.0180081725,-0.00273423293,0.336797744,0.242312938,-0.00248884014,0.948413134,0.1281178,0.0447476767,0.0213908385,0.368060052,-0.310664922,0.0115616787,0.975580931,-0.178047284,-0.0325965062,0.028133681,-0.0286662895,-0.00238371803,-0.0127624013,0.0147460466,0.00592038408,-0.0042662723,-0.024442317,0.000624138105,0.0123850927,-0.000818331144,0.0152554242,-0.0196888614,0.00140144897,-0.00154976803,-0.00299732736,-0.000246580807,0.000347507594,0.00186208752,0.00230579404,0.00840299204,0.00490866136,0.000637427147,-0.00162567908,-0.00216025813,-0.00124422414,0.00209561549,-0.0180846862,0.00488404231,0.00841282774,-0.200208783,0.046222724,-0.0968141109,0.413697869,-0.0852352604,0.137930989,-0.309137732,-0.0728998557,0.09699101,0.408532262,-0.406157017,-0.106157549,0.0309191514,0.162852019,0.0194058083,0.331872761,0.375399292,0.0437053293,0.889024794,0.134852126,0.0179710835,0.0572590232,0.389649957,-0.357183248,0.00227168761,0.969186187,-0.182841629,-0.0331125483,0.0293211937,-0.200208783,0.046222724,-0.0968141109,0.413697869,-0.0852352604,0.137930989,-0.309137732,-0.0728998482,0.0969910026,0.408532262,-0.406157017,-0.106157549,0.0309191514,0.162852019,0.0194058083,0.331872761,0.375399292,0.0437053293,0.889024794,0.134852126,0.0179710854,0.0572590269,0.389649957,-0.357183248,0.00227168761,0.969186187,-0.182841629,-0.0331125483,0.0293211937,-0.200208783,0.046222724,-0.0968141109,0.413697869,-0.0852352604,0.137930989,-0.309137732,-0.0728998557,0.09699101,0.408532262,-0.406157017,-0.106157549,0.0309191514,0.162852019,0.0194058083,0.331872761,0.375399292,0.0437053293,0.889024794,0.134852126,0.0179710835,0.0572590232,0.389649957,-0.357183248,0.00227168761,0.969186187,-0.182841629,-0.0331125483,0.0293211937
1.61988923,3214768.47,0,0,0.019195592,2.31959857e-05,1,0.187564176,0,1,0.512342811,0.000379256846,-0.0106176427,-0.858715296,-0.00800550263,0.00771372532,-0.00786356628,-2.24207754e-44,2.24207754e-44,2.24207754e-44,-0.264065802,0.0733998045,-0.102896325,0.447313398,-0.187544405,0.0258323438,-0.216512144,-0.0600412227,0.0914773494,0.530902147,-0.316579878,0.0141476225,0.0310983509,0.0179929156,-0.00276484876,0.336794853,0.242316172,-0.00247025071,0.948436141,0.128200844,0.0447961763,0.0213968381,0.368043393,-0.310686707,0.011549117,0.975601733,-0.178228036,-0.0325479768,0.0282172076,-0.0280985441,-0.00214051316,-0.0125964442,0.0142551577,0.00565506797,-0.00395011296,-0.0242143888,0.000677991193,0.0121611776,-0.000610871764,0.0147109777,-0.0193257555,0.00140705355,-0.00153040129,-0.002986687,-0.000299136242,0.000307579176,0.00185395184,0.00231885049,0.00823519751,0.0048304894,0.000574765494,-0.00168595451,-0.00218362617,-0.00125761458,0.00207211496,-0.0179820322,0.00482128048,0.00828815158,-0.200208783,0.046222724,-0.0968141109,0.413697869,-0.0852352604,0.137930989,-0.309137732,-0.0728998557,0.09699101,0.408532262,-0.406157017,-0.106157549,0.0309191514,0.162852019,0.0194058083,0.331872761,0.375399292,0.0437053293,0.889024794,0.134852126,0.0179710835,0.0572590232,0.389649957,-0.357183248,0.00227168761,0.969186187,-0.182841629,-0.0331125483,0.0293211937,-0.200208783,0.046222724,-0.0968141109,0.413697869,-0.0852352604,0.137930989,-0.309137732,-0.0728998482,0.0969910026,0.408532262,-0.406157017,-0.106157549,0.0309191514,0.162852019,0.0194058083,0.331872761,0.375399292,0.0437053293,0.889024794,0.134852126,0.0179710854,0.0572590269,0.389649957,-0.357183248,0.00227168761,0.969186187,-0.182841629,-0.0331125483,0.0293211937,-0.200208783,0.046222724,-0.0968141109,0.413697869,-0.0852352604,0.137930989,-0.309137732,-0.0728998557,0.09699101,0.408532262,-0.406157017,-0.106157549,0.0309191514,0.162852019,0.0194058083,0.331872761,0.375399292,0.0437053293,0.889024794,0.134852126,0.0179710835,0.0572590232,0.389649957,-0.357183248,0.00227168761,0.969186187,-0.182841629,-0.0331125483,0.0293211937
1.63086188,3214768.48,0,0,0.0100497073,8.46711919e-06,1,0.259532128,0.000523030758,1,0.512309253,0.000392518792,-0.0105648916,-0.858735979,-0.00762752118,0.0078942636,-0.00788175501,-2.24207754e-44,2.24207754e-44,2.24207754e-44,-0.264337569,0.0733796507,-0.103020698,0.447448403,-0.187488586,0.0257937871,-0.216748878,-0.0600345358,0.091598168,0.530896068,-0.316436172,0.0139562935,0.0311124772,0.0179770663,-0.00279358635,0.336791843,0.242319122,-0.00245172204,0.948459744,0.128282145,0.0448442847,0.0214022603,0.368026346,-0.310708523,0.0115365703,0.975622356,-0.178406447,-0.0325002372,0.0282991007,-0.0273665804,-0.00195706543,-0.0124395574,0.0136955287,0.00541685894,-0.00353011163,-0.0238523483,0.000714053749,0.0119974166,-0.000420076423,0.0141536687,-0.019015437,0.00140613713,-0.00156549574,-0.00303069223,-0.000332603639,0.000279558502,0.00185749063,0.00235617673,0.00806252845,0.00475258846,0.000512590748,-0.00172700931,-0.0022015383,-0.00126402825,0.00205527805,-0.0179369859,0.00476490799,0.0081701763,-0.200457275,0.0461263359,-0.0969439819,0.414092481,-0.0847122297,0.138075799,-0.309605718,-0.072749503,0.0970952585,0.408631206,-0.406103551,-0.10630887,0.0309461709,0.162753582,0.0190326422,0.331821561,0.375334918,0.043747168,0.889169633,0.134855047,0.0180127025,0.0572158098,0.389560342,-0.357262194,0.0022435803,0.969220698,-0.183165416,-0.033049915,0.0294130445,-0.200457275,0.0461263359,-0.0969439819,0.414092481,-0.0847122297,0.138075799,-0.309605718,-0.0727495104,0.097095266,0.408631206,-0.406103551,-0.10630887,0.0309461709,0.162753582,0.0190326422,0.331821561,0.375334918,0.043747168,0.889169633,0.134855047,0.0180127006,0.0572158135,0.389560342,-0.357262194,0.0022435803,0.969220698,-0.183165416,-0.033049915,0.0294130445,-0.200457275,0.0461263359,-0.0969439819,0.414092481,-0.0847122297,0.138075799,-0.309605718,-0.072749503,0.0970952585,0.408631206,-0.406103551,-0.10630887,0.0309461709,0.162753582,0.0190326422,0.331821561,0.375334918,0.043747168,0.889169633,0.134855047,0.0180127025,0.0572158098,0.389560342,-0.357262194,0.0022435803,0.969220698,-0.183165416,-0.033049915,0.0294130445
1.64222391,3214768.49,0,0,0.00148362527,7.71228224e-06,1,0.188213307,0.000700294971,1,0.512269258,0.00041237846,-0.0105015244,-0.858760595,-0.00721284049,0.0081186397,-0.00789740123,-2.24207754e-44,2.24207754e-44,2.24207754e-44,-0.264664531,0.073357664,-0.103169411,0.447611868,-0.187426373,0.0257555004,-0.21703513,-0.0600253753,0.0917404741,0.530893326,-0.316270858,0.013731312,0.031129254,0.0179586206,-0.00283080083,0.336787254,0.242322117,-0.00242944248,0.948487937,0.128377542,0.0449002385,0.0214078501,0.368005186,-0.310735166,0.0115213171,0.975646853,-0.178621784,-0.032443475,0.028396314,-0.0265680738,-0.0017467374,-0.0122975577,0.0130547378,0.0051083914,-0.00311710592,-0.023456201,0.000753693865,0.0117929168,-0.000226899225,0.0134905912,-0.0185499974,0.00139619235,-0.0015607815,-0.00298747257,-0.000394751522,0.000232126287,0.00185190781,0.00236640102,0.00786468294,0.00462959148,0.000435649097,-0.00178157527,-0.00221940293,-0.00126779266,0.00202880171,-0.0178171862,0.00468996679,0.00801741984,-0.200650364,0.0459909663,-0.0970435068,0.414521992,-0.0840119347,0.138204634,-0.310046852,-0.0726144984,0.0972152129,0.408728898,-0.405858338,-0.106465973,0.030964395,0.162596226,0.0186277218,0.331751525,0.375300646,0.0438079983,0.889293194,0.134840026,0.0180223733,0.057172969,0.389480293,-0.357318819,0.0022256244,0.969239295,-0.183475628,-0.0329918899,0.0294900648,-0.200650364,0.0459909625,-0.0970435068,0.414521992,-0.0840119347,0.138204634,-0.310046852,-0.0726145059,0.0972152203,0.408728898,-0.405858338,-0.106465973,0.030964395,0.162596226,0.0186277218,0.331751525,0.375300646,0.0438079983,0.889293194,0.134840026,0.0180223696,0.057172969,0.389480293,-0.357318819,0.0022256244,0.969239295,-0.183475628,-0.0329918899,0.0294900648,-0.200650364,0.0459909663,-0.0970435068,0.414521992,-0.0840119347,0.138204634,-0.310046852,-0.0726144984,0.0972152129,0.408728898,-0.405858338,-0.106465973,0.030964395,0.162596226,0.0186277218,0.331751525,0.375300646,0.0438079983,0.889293194,0.134840026,0.0180223733,0.057172969,0.389480293,-0.357318819,0.0022256244,0.969239295,-0.183475628,-0.0329918899,0.0294900648
1.65285389,3214768.5,0,0,0.0121136103,4.703179e-06,1,0.188213307,0,1,0.51223582,0.000430791057,-0.0104499115,-0.858781159,-0.00691268547,0.00864934735,-0.00786276441,-2.24207754e-44,2.24207754e-44,2.24207754e-44,-0.264930159,0.0733407512,-0.103292152,0.447742939,-0.187376946,0.0257283971,-0.2172703,-0.0600174963,0.091857627,0.530893147,-0.316138923,0.0135480659,0.0311430804,0.0179430302,-0.00286187767,0.336782873,0.242324218,-0.00241083442,0.9485116,0.128454998,0.0449455753,0.0214117263,0.367987067,-0.310757548,0.0115085989,0.97566694,-0.178800583,-0.0323968194,0.0284758564,-0.0267904121,-0.00165788759,-0.0122876121,0.0133455321,0.00479542371,-0.00238534203,-0.0237097144,0.000824996503,0.0116516072,0.00016811247,0.0130064674,-0.0181580596,0.00136973534,-0.00153248943,-0.00323095894,-0.000478989561,0.000189574654,0.00186644599,0.00235387357,0.00766655244,0.00445239292,0.00035237355,-0.0018349929,-0.00225449819,-0.00127687806,0.00199336861,-0.017958574,0.00465293461,0.00792010967,-0.200650364,0.0459909663,-0.0970435068,0.414521992,-0.0840119347,0.138204634,-0.310046852,-0.0726144984,0.0972152129,0.408728898,-0.405858338,-0.106465973,0.030964395,0.162596226,0.0186277218,0.331751525,0.375300646,0.0438079983,0.889293194,0.134840026,0.0180223733,0.057172969,0.389480293,-0.357318819,0.0022256244,0.969239295,-0.183475628,-0.0329918899,0.0294900648,-0.200650364,0.0459909625,-0.0970435068,0.414521992,-0.0840119347,0.138204634,-0.310046852,-0.0726145059,0.0972152203,0.408728898,-0.405858338,-0.106465973,0.030964395,0.162596226,0.0186277218,0.331751525,0.375300646,0.0438079983,0.889293194,0.134840026,0.0180223696,0.057172969,0.389480293,-0.357318819,0.0022256244,0.969239295,-0.183475628,-0.0329918899,0.0294900648,-0.200650364,0.0459909663,-0.0970435068,0.414521992,-0.0840119347,0.138204634,-0.310046852,-0.0726144984,0.0972152129,0.408728898,-0.405858338,-0.106465973,0.030964395,0.162596226,0.0186277218,0.331751525,0.375300646,0.0438079983,0.889293194,0.134840026,0.0180223733,0.057172969,0.389480293,-0.357318819,0.0022256244,0.969239295,-0.183475628,-0.0329918899,0.0294900648
1.66287103,3214768.51,0,0,0.00213936763,6.31669536e-06,1,0.208982266,0.000734478235,1,0.512202442,0.000450692751,-0.0103994561,-0.858801663,-0.00647797342,0.00830151886,-0.00789557956,-2.24207754e-44,2.24207754e-44,2.24207754e-44,-0.26518932,0.0733247623,-0.103414021,0.44786939,-0.187329754,0.025705656,-0.217502117,-0.0600095429,0.0919736549,0.530894816,-0.316012263,0.0133689772,0.0311566833,0.0179273859,-0.00289273658,0.336777955,0.242325887,-0.00239221985,0.948535383,0.128530562,0.0449896194,0.0214148294,0.367968559,-0.310780048,0.0114958966,0.975686729,-0.178978562,-0.0323507823,0.0285539627,-0.0250550974,-0.00156209059,-0.0120881861,0.0119394828,0.00470303185,-0.00226572878,-0.0226423554,0.00075503689,0.0115854582,0.000110077264,0.0124232192,-0.0177544877,0.00135682896,-0.00161821465,-0.00293308101,-0.000489857746,0.000158633775,0.00185823941,0.00240753591,0.00748379156,0.00439122273,0.000288198265,-0.00185804802,-0.00223959726,-0.00126192218,0.00197631703,-0.0176384114,0.00456506386,0.00772735756,-0.200820237,0.0458165631,-0.0971190706,0.414957076,-0.0832774565,0.138309911,-0.310461581,-0.0724906698,0.0973457471,0.408804715,-0.405558974,-0.106626563,0.0309821367,0.162400529,0.0182307027,0.331676692,0.375282407,0.0438854061,0.889406741,0.134816915,0.0180081576,0.0571289062,0.389417142,-0.357357085,0.00221517682,0.969245851,-0.183777094,-0.032936044,0.0295594595,-0.200820237,0.0458165631,-0.0971190706,0.414957076,-0.0832774565,0.138309911,-0.310461581,-0.0724906623,0.0973457545,0.408804715,-0.405558974,-0.106626563,0.0309821367,0.162400529,0.0182307027,0.331676692,0.375282407,0.0438854061,0.889406741,0.134816915,0.0180081557,0.0571289062,0.389417142,-0.357357085,0.00221517682,0.969245851,-0.183777094,-0.032936044,0.0295594614,-0.200820237,0.0458165631,-0.0971190706,0.414957076,-0.0832774565,0.138309911,-0.310461581,-0.0724906698,0.0973457471,0.408804715,-0.405558974,-0.106626563,0.0309821367,0.162400529,0.0182307027,0.331676692,0.375282407,0.0438854061,0.889406741,0.134816915,0.0180081576,0.0571289062,0.389417142,-0.357357085,0.00221517682,0.969245851,-0.183777094,-0.032936044,0.0295594595
1.67298416,3214768.52,0,0,0.0122524989,7.29225576e-06,1,0.208982266,0,1,0.512169123,0.000471363688,-0.0103507387,-0.858822107,-0.0061907107,0.00867521949,-0.00784074236,-2.24207754e-44,2.24207754e-44,2.24207754e-44,-0.265438735,0.0733094513,-0.103534684,0.447988957,-0.18728441,0.0256869886,-0.217728049,-0.0600017607,0.0920889452,0.530897617,-0.315890938,0.0131935664,0.0311700962,0.0179112703,-0.00292326324,0.33677265,0.242327228,-0.00237352052,0.948559463,0.128604218,0.0450324826,0.0214171913,0.367949754,-0.310802609,0.0114832716,0.975706279,-0.179155514,-0.0323053636,0.0286305752,-0.0250977091,-0.00150933815,-0.0120787323,0.0121743856,0.00438666949,-0.00155166758,-0.0227065813,0.000808991084,0.0114780096,0.00043693083,0.0119520407,-0.0173800606,0.0013285192,-0.00157598907,-0.00317200017,-0.000566197967,0.000113643342,0.00187751267,0.00239493814,0.00728654489,0.00419684779,0.000197276153,-0.00189650094,-0.0022691011,-0.00126532326,0.00193094078,-0.0177660137,0.0045300792,0.00762366597,-0.200820237,0.0458165631,-0.0971190706,0.414957076,-0.0832774565,0.138309911,-0.310461581,-0.0724906698,0.0973457471,0.408804715,-0.405558974,-0.106626563,0.0309821367,0.162400529,0.0182307027,0.331676692,0.375282407,0.0438854061,0.889406741,0.134816915,0.0180081576,0.0571289062,0.389417142,-0.357357085,0.00221517682,0.969245851,-0.183777094,-0.032936044,0.0295594595,-0.200820237,0.0458165631,-0.0971190706,0.414957076,-0.0832774565,0.138309911,-0.310461581,-0.0724906623,0.0973457545,0.408804715,-0.405558974,-0.106626563,0.0309821367,0.162400529,0.0182307027,0.331676692,0.375282407,0.0438854061,0.889406741,0.134816915,0.0180081557,0.0571289062,0.389417142,-0.357357085,0.00221517682,0.969245851,-0.183777094,-0.032936044,0.0295594614,-0.200820237,0.0458165631,-0.0971190706,0.414957076,-0.0832774565,0.138309911,-0.310461581,-0.0724906698,0.0973457471,0.408804715,-0.405558974,-0.106626563,0.0309821367,0.162400529,0.0182307027,0.331676692,0.375282407,0.0438854061,0.889406741,0.134816915,0.0180081576,0.0571289062,0.389417142,-0.357357085,0.00221517682,0.969245851,-0.183777094,-0.032936044,0.0295594595
1.68388416,3214768.53,0,0,0.00314818416,2.26660632e-05,1,0.207385048,0.000723093748,1,0.512129188,0.00049701106,-0.0102944179,-0.858846605,-0.00567957619,0.00805479381,-0.00787185039,-2.24207754e-44,2.24207754e-44,2.24207754e-44,-0.26572606,0.0732920021,-0.103678055,0.448124617,-0.187232926,0.0256696921,-0.21799162,-0.0599926151,0.0922262073,0.530902445,-0.315752387,0.0129883494,0.0311859325,0.0178917348,-0.00295929075,0.336765736,0.242328376,-0.00235099508,0.94858855,0.128690153,0.0450821295,0.0214190613,0.367926836,-0.310829699,0.0114682326,0.975729227,-0.179366231,-0.0322517045,0.028720513,-0.0227552112,-0.00141540531,-0.0118135056,0.0103772096,0.00426347693,-0.00144624233,-0.0211906899,0.000703081314,0.0114266146,0.000308022602,0.0112310089,-0.0169198699,0.00131654716,-0.00171209662,-0.00281240186,-0.000567904091,9.30238748e-05,0.00187705341,0.00245532952,0.00707521848,0.00412172824,0.000136384973,-0.00191491691,-0.00223936536,-0.0012401134,0.00190641335,-0.0173443835,0.00442234799,0.00739052752,-0.200970963,0.0456127003,-0.0971782357,0.415383726,-0.0825543627,0.138389781,-0.310853601,-0.0723668113,0.0974810496,0.408860266,-0.405253887,-0.106787182,0.0310020484,0.162187025,0.017851688,0.331608355,0.375277638,0.0439759642,0.889512479,0.134789169,0.0179775953,0.0570835322,0.389369547,-0.35737747,0.0022119265,0.969242692,-0.184066251,-0.0328799188,0.029621128,-0.200970963,0.045612704,-0.0971782357,0.415383726,-0.0825543627,0.138389781,-0.310853601,-0.0723668039,0.097481057,0.408860266,-0.405253887,-0.106787182,0.0310020484,0.162187025,0.017851688,0.331608355,0.375277638,0.0439759642,0.889512479,0.134789169,0.0179775972,0.0570835285,0.389369547,-0.35737747,0.0022119265,0.969242692,-0.184066251,-0.0328799188,0.029621128,-0.200970963,0.0456127003,-0.0971782357,0.415383726,-0.0825543627,0.138389781,-0.310853601,-0.0723668113,0.0974810496,0.408860266,-0.405253887,-0.106787182,0.0310020484,0.162187025,0.017851688,0.331608355,0.375277638,0.0439759642,0.889512479,0.134789169,0.0179775953,0.0570835322,0.389369547,-0.35737747,0.0022119265,0.969242692,-0.184066251,-0.0328799188,0.029621128
1.69485312,3214768.54,0,0,0.0141171459,4.07593325e-06,1,0.207385048,0,1,0.512095988,0.000518206332,-0.010249909,-0.85886693,-0.00542394398,0.0082464125,-0.00780488551,-2.24207754e-44,2.24207754e-44,2.24207754e-44,-0.265951544,0.0732781217,-0.103796013,0.448228508,-0.187192142,0.0256588887,-0.218201905,-0.059985362,0.0923399478,0.530906856,-0.315642983,0.0128210699,0.031198971,0.0178748816,-0.0029886635,0.336759716,0.242329061,-0.00233208993,0.948613048,0.128759786,0.0451222211,0.0214198846,0.367907554,-0.3108522,0.0114558442,0.975748003,-0.179540142,-0.0322076753,0.0287937447,-0.022598803,-0.00136841752,-0.0118007585,0.0105829732,0.00392093603,-0.000793876301,-0.0210321601,0.000751370913,0.0113268448,0.00056312175,0.0107559394,-0.016572075,0.00129411463,-0.00163983705,-0.00304590538,-0.000637101533,4.74348999e-05,0.00189978257,0.00243819086,0.00688285613,0.00391483307,4.17274314e-05,-0.00194141758,-0.00226448616,-0.00123905612,0.00185132783,-0.0174394883,0.00439071795,0.00727793667,-0.200970963,0.0456127003,-0.0971782357,0.415383726,-0.0825543627,0.138389781,-0.310853601,-0.0723668113,0.0974810496,0.408860266,-0.405253887,-0.106787182,0.0310020484,0.162187025,0.017851688,0.331608355,0.375277638,0.0439759642,0.889512479,0.134789169,0.0179775953,0.0570835322,0.389369547,-0.35737747,0.0022119265,0.969242692,-0.184066251,-0.0328799188,0.029621128,-0.200970963,0.045612704,-0.0971782357,0.415383726,-0.0825543627,0.138389781,-0.310853601,-0.0723668039,0.097481057,0.408860266,-0.405253887,-0.106787182,0.0310020484,0.162187025,0.017851688,0.331608355,0.375277638,0.0439759642,0.889512479,0.134789169,0.0179775972,0.0570835285,0.389369547,-0.35737747,0.0022119265,0.969242692,-0.184066251,-0.0328799188,0.029621128,-0.200970963,0.0456127003,-0.0971782357,0.415383726,-0.0825543627,0.138389781,-0.310853601,-0.0723668113,0.0974810496,0.408860266,-0.405253887,-0.106787182,0.0310020484,0.162187025,0.017851688,0.331608355,0.375277638,0.0439759642,0.889512479,0.134789169,0.0179775953,0.0570835322,0.389369547,-0.35737747,0.0022119265,0.969242692,-0.184066251,-0.0328799188,0.029621128
1.70485373,3214768.55,0,0,0.00413735677,4.54066321e-06,1,0.193777028,0.000652387738,1,0.512062907,0.000539517147,-0.0102071213,-0.858887136,-0.00504067913,0.00768832862,-0.00781900529,-2.24207754e-44,2.24207754e-44,2.24207754e-44,-0.266167879,0.0732648596,-0.103912912,0.448327899,-0.18715404,0.0256519858,-0.218405589,-0.0599782392,0.0924528986,0.53091222,-0.315538913,0.0126577122,0.0312118623,0.0178580172,-0.00301796896,0.336753219,0.242329448,-0.00231303647,0.948637545,0.128827557,0.0451607369,0.0214200094,0.367888004,-0.31087473,0.0114435796,0.975766301,-0.179712787,-0.0321642533,0.0288654342,-0.0207557417,-0.00129723945,-0.0115920249,0.00931096822,0.00376246939,-0.000679088582,-0.0197717529,0.000670250913,0.0112811727,0.000473353546,0.0101618906,-0.0161886029,0.00128671923,-0.00174405321,-0.00280691311,-0.000644770393,3.87936816e-05,0.00190780568,0.00246851193,0.00670988392,0.0038284047,-2.02056967e-07,-0.00195654924,-0.00223778491,-0.00121578097,0.00182241795,-0.0171019565,0.00430428516,0.00708898297,-0.201111257,0.0453891456,-0.0972282588,0.415787816,-0.081901975,0.138448805,-0.311232477,-0.0722377375,0.0976154879,0.408896357,-0.404998302,-0.106948592,0.031025229,0.161975116,0.0175131708,0.331552893,0.375282526,0.0440759137,0.889612973,0.1347619,0.0179378763,0.0570369065,0.389330596,-0.357384861,0.00221657567,0.969230235,-0.184341222,-0.0328224935,0.029672984,-0.201111257,0.0453891456,-0.0972282588,0.415787816,-0.081901975,0.138448805,-0.311232477,-0.07223773,0.0976154953,0.408896357,-0.404998302,-0.106948592,0.031025229,0.161975116,0.0175131708,0.331552893,0.375282526,0.0440759137,0.889612973,0.1347619,0.0179378781,0.0570369065,0.389330596,-0.357384861,0.00221657567,0.969230235,-0.184341222,-0.0328224935,0.029672984,-0.201111257,0.0453891456,-0.0972282588,0.415787816,-0.081901975,0.138448805,-0.311232477,-0.0722377375,0.0976154879,0.408896357,-0.404998302,-0.106948592,0.031025229,0.161975116,0.0175131708,0.331552893,0.375282526,0.0440759137,0.889612973,0.1347619,0.0179378763,0.0570369065,0.389330596,-0.357384861,0.00221657567,0.969230235,-0.184341222,-0.0328224935,0.029672984
1.71485651,3214768.56,0,0,0.0141401347,6.8298541e-06,1,0.193777028,0,1,0.512029886,0.00056051166,-0.0101663191,-0.858907282,-0.00482408656,0.00782206561,-0.00775693962,-2.24207754e-44,2.24207754e-44,2.24207754e-44,-0.266373366,0.0732521564,-0.10402865,0.448421836,-0.18711862,0.0256486423,-0.218601331,-0.0599713065,0.0925652012,0.530918241,-0.315440267,0.0124978311,0.0312246475,0.0178409237,-0.00304728677,0.336746395,0.242329627,-0.00229377975,0.948662102,0.128893524,0.0451977551,0.0214194786,0.367868334,-0.310897201,0.0114314798,0.975784123,-0.179884076,-0.0321213901,0.0289355405,-0.0206340626,-0.00125224097,-0.0115830954,0.00964586344,0.00336316368,-6.25931134e-05,-0.0195840094,0.000722660043,0.0111879911,0.000722997414,0.00967661664,-0.0158367604,0.00127254194,-0.00165742519,-0.00305068959,-0.000717279967,-2.47764115e-06,0.00193816284,0.00243522041,0.00652135257,0.00359771401,-9.32085677e-05,-0.00198146095,-0.00225707213,-0.00120750989,0.00175548252,-0.0171781983,0.00427833991,0.00696317106,-0.201111257,0.0453891456,-0.0972282588,0.415787816,-0.081901975,0.138448805,-0.311232477,-0.0722377375,0.0976154879,0.408896357,-0.404998302,-0.106948592,0.031025229,0.161975116,0.0175131708,0.331552893,0.375282526,0.0440759137,0.889612973,0.1347619,0.0179378763,0.0570369065,0.389330596,-0.357384861,0.00221657567,0.969230235,-0.184341222,-0.0328224935,0.029672984,-0.201111257,0.0453891456,-0.0972282588,0.415787816,-0.081901975,0.138448805,-0.311232477,-0.07223773,0.0976154953,0.408896357,-0.404998302,-0.106948592,0.031025229,0.161975116,0.0175131708,0.331552893,0.375282526,0.0440759137,0.889612973,0.1347619,0.0179378781,0.0570369065,0.389330596,-0.357384861,0.00221657567,0.969230235,-0.184341222,-0.0328224935,0.029672984,-0.201111257,0.0453891456,-0.0972282588,0.415787816,-0.081901975,0.138448805,-0.311232477,-0.0722377375,0.0976154879,0.408896357,-0.404998302,-0.106948592,0.031025229,0.161975116,0.0175131708,0.331552893,0.375282526,0.0440759137,0.889612973,0.1347619,0.0179378763,0.0570369065,0.389330596,-0.357384861,0.00221657567,0.969230235,-0.184341222,-0.0328224935,0.029672984
1.72585386,3214768.57,0,0,0.00512708584,4.57698479e-06,1,0.175589696,0.000564426184,1,0.511990368,0.000585655333,-0.0101194037,-0.858931422,-0.00447366666,0.00743511599,-0.00775157055,-2.24207754e-44,2.24207754e-44,2.24207754e-44,-0.266609401,0.0732376799,-0.104166314,0.448530734,-0.187080324,0.0256494638,-0.218828067,-0.0599630401,0.0926990062,0.530926824,-0.315328866,0.0123110088,0.0312398579,0.0178206395,-0.0030828435,0.336737543,0.242329478,-0.0022703968,0.948691308,0.128970385,0.0452398285,0.0214179587,0.367844403,-0.310924113,0.011417185,0.975804865,-0.180088043,-0.0320706442,0.0290176272,-0.0192320459,-0.00118061795,-0.0114225484,0.00889838673,0.00303673511,0.000245526637,-0.0185682289,0.000687041844,0.011125342,0.000769551261,0.00901548564,-0.0154032093,0.00126408122,-0.00169481745,-0.00298732962,-0.000758843904,-2.1698952e-05,0.0019630352,0.00242857845,0.00631800201,0.00341933104,-0.000159725329,-0.00200391817,-0.00223892601,-0.00118035229,0.00169776042,-0.0169478841,0.00420704996,0.00676306058,-0.201238036,0.0451590642,-0.0972758085,0.416159242,-0.0813375488,0.138494819,-0.311599791,-0.0720964745,0.0977438465,0.408922613,-0.404812068,-0.107110344,0.0310487282,0.161787912,0.0172265731,0.331510544,0.375292063,0.0441803858,0.889707744,0.134738401,0.0178958178,0.0569883063,0.389299035,-0.357382417,0.00222910382,0.96920985,-0.184602141,-0.0327640511,0.0297153778,-0.201238036,0.045159068,-0.0972758085,0.416159242,-0.0813375488,0.138494819,-0.311599791,-0.072096467,0.097743839,0.408922613,-0.404812068,-0.107110336,0.0310487282,0.161787912,0.0172265731,0.331510544,0.375292063,0.0441803858,0.889707744,0.134738401,0.0178958215,0.0569883063,0.389299035,-0.357382417,0.00222910382,0.96920985,-0.184602141,-0.0327640511,0.0297153797,-0.201238036,0.0451590642,-0.0972758085,0.416159242,-0.0813375488,0.138494819,-0.311599791,-0.0720964745,0.0977438465,0.408922613,-0.404812068,-0.107110344,0.0310487282,0.161787912,0.0172265731,0.331510544,0.375292063,0.0441803858,0.889707744,0.134738401,0.0178958178,0.0569883063,0.389299035,-0.357382417,0.00222910382,0.96920985,-0.184602141,-0.0327640511,0.0297153778
1.73587086,3214768.58,0,0,0.0151440888,7.90785998e-06,1,0.175589696,0,1,0.511977196,0.000594278157,-0.0101040164,-0.858939409,-0.00442250958,0.00760011002,-0.0077261948,-2.24207754e-44,2.24207754e-44,2.24207754e-44,-0.266687155,0.0732330009,-0.10421209,0.448567599,-0.18706882,0.025651373,-0.218902767,-0.0599601567,0.0927433893,0.5309304,-0.315293372,0.0122498143,0.0312448982,0.0178140458,-0.00309529155,0.336734384,0.242329329,-0.00226248754,0.948700964,0.128995433,0.0452531353,0.0214171894,0.367836326,-0.310933083,0.0114124799,0.975811541,-0.180156112,-0.0320538096,0.0290445443,-0.0194688346,-0.00116597582,-0.0114460383,0.00927998777,0.00282682083,0.000537625048,-0.0186843555,0.000727769744,0.0110882306,0.000925198779,0.00883095432,-0.0152612403,0.00125885697,-0.00163576927,-0.00313885836,-0.000799909758,-3.98124903e-05,0.00198100624,0.00239734934,0.00624488993,0.00330038043,-0.000201589239,-0.00201722351,-0.00224821316,-0.0011745746,0.00166149891,-0.0170248337,0.0042071268,0.0067157601,-0.201238036,0.0451590642,-0.0972758085,0.416159242,-0.0813375488,0.138494819,-0.311599791,-0.0720964745,0.0977438465,0.408922613,-0.404812068,-0.107110344,0.0310487282,0.161787912,0.0172265731,0.331510544,0.375292063,0.0441803858,0.889707744,0.134738401,0.0178958178,0.0569883063,0.389299035,-0.357382417,0.00222910382,0.96920985,-0.184602141,-0.0327640511,0.0297153778,-0.201238036,0.045159068,-0.0972758085,0.416159242,-0.0813375488,0.138494819,-0.311599791,-0.072096467,0.097743839,0.408922613,-0.404812068,-0.107110336,0.0310487282,0.161787912,0.0172265731,0.331510544,0.375292063,0.0441803858,0.889707744,0.134738401,0.0178958215,0.0569883063,0.389299035,-0.357382417,0.00222910382,0.96920985,-0.184602141,-0.0327640511,0.0297153797,-0.201238036,0.0451590642,-0.0972758085,0.416159242,-0.0813375488,0.138494819,-0.311599791,-0.0720964745,0.0977438465,0.408922613,-0.404812068,-0.107110344,0.0310487282,0.161787912,0.0172265731,0.331510544,0.375292063,0.0441803858,0.889707744,0.134738401,0.0178958178,0.0569883063,0.389299035,-0.357382417,0.00222910382,0.96920985,-0.184602141,-0.0327640511,0.0297153778
1.74685361,3214768.59,0,0,0.00613500876,4.44706529e-06,1,0.1952569,0.000508844852,1,0.511924684,0.000627883186,-0.0100452919,-0.858971357,-0.00395937217,0.00679213228,-0.00775251258,-2.24207754e-44,2.24207754e-44,2.24207754e-44,-0.266981781,0.0732153207,-0.104393311,0.448706418,-0.187027678,0.0256624203,-0.219189674,-0.0599490106,0.0929199606,0.53094542,-0.315159768,0.0120109497,0.0312648639,0.0177878235,-0.00314408401,0.336721033,0.242328405,-0.00223060837,0.948739052,0.129093125,0.0453038998,0.0214132294,0.367803782,-0.310968786,0.0113940379,0.975837469,-0.180425018,-0.0319874063,0.029149577,-0.0169752296,-0.00105242059,-0.0111617316,0.00767038297,0.00245995261,0.000659284706,-0.0169407725,0.00062534929,0.0110092796,0.000825153256,0.00795146357,-0.0146868918,0.00123889965,-0.0017138744,-0.00285049807,-0.000833231548,-5.74298538e-05,0.00199567946,0.00239629205,0.00600248994,0.00312761054,-0.000263862283,-0.00203768327,-0.00220279652,-0.00113132293,0.00160269882,-0.0165020321,0.00408629049,0.00642756838,-0.201346278,0.0449380726,-0.097329244,0.41649437,-0.0808287039,0.138530254,-0.311950386,-0.0719425157,0.0978632942,0.408956766,-0.404658735,-0.10726995,0.0310695041,0.161635369,0.0169921741,0.331481129,0.375306726,0.0442850515,0.889796138,0.134716272,0.0178552791,0.0569399297,0.389272094,-0.357374132,0.00224822573,0.969182253,-0.184843794,-0.0327058285,0.0297441892,-0.201346278,0.0449380726,-0.097329244,0.41649437,-0.0808287039,0.138530254,-0.311950386,-0.0719425082,0.0978633016,0.408956766,-0.404658735,-0.10726995,0.0310695041,0.161635369,0.0169921741,0.331481129,0.375306726,0.0442850515,0.889796138,0.134716272,0.017855281,0.0569399334,0.389272094,-0.357374132,0.00224822573,0.969182253,-0.184843794,-0.0327058285,0.0297441892,-0.201346278,0.0449380726,-0.097329244,0.41649437,-0.0808287039,0.138530254,-0.311950386,-0.0719425157,0.0978632942,0.408956766,-0.404658735,-0.10726995,0.0310695041,0.161635369,0.0169921741,0.331481129,0.375306726,0.0442850515,0.889796138,0.134716272,0.0178552791,0.0569399297,0.389272094,-0.357374132,0.00224822573,0.969182253,-0.184843794,-0.0327058285,0.0297441892
1.75685765,3214768.6,0,0,0.0161390561,5.81331551e-06,1,0.1952569,0,1,0.511891901,0.000648139452,-0.0100108255,-0.858991325,-0.00381071516,0.00689766835,-0.00771432137,-2.24207754e-44,2.24207754e-44,2.24207754e-44,-0.267153144,0.0732049793,-0.104505159,0.448787123,-0.187005818,0.0256726015,-0.219359651,-0.0599422231,0.093029663,0.530955732,-0.315082937,0.0118655069,0.0312771425,0.0177714713,-0.00317459879,0.336712211,0.242327601,-0.00221036631,0.948762655,0.129152089,0.0453335755,0.0214099623,0.367783278,-0.3109909,0.0113828722,0.975852907,-0.180590883,-0.0319465101,0.0292129535,-0.0169202406,-0.00101251563,-0.0111628016,0.00804780889,0.00204078807,0.00114969932,-0.0168211833,0.000685696723,0.0109420186,0.00109346234,0.00749359513,-0.0144224977,0.00122008915,-0.00160763413,-0.00308335712,-0.00090441166,-9.11275347e-05,0.00203457265,0.0023446111,0.00583259203,0.00288961688,-0.000355750264,-0.00205727993,-0.0022095805,-0.00110603345,0.00151838642,-0.0165440515,0.00407530833,0.00626964774,-0.201346278,0.0449380726,-0.097329244,0.41649437,-0.0808287039,0.138530254,-0.311950386,-0.0719425157,0.0978632942,0.408956766,-0.404658735,-0.10726995,0.0310695041,0.161635369,0.0169921741,0.331481129,0.375306726,0.0442850515,0.889796138,0.134716272,0.0178552791,0.0569399297,0.389272094,-0.357374132,0.00224822573,0.969182253,-0.184843794,-0.0327058285,0.0297441892,-0.201346278,0.0449380726,-0.097329244,0.41649437,-0.0808287039,0.138530254,-0.311950386,-0.0719425082,0.0978633016,0.408956766,-0.404658735,-0.10726995,0.0310695041,0.161635369,0.0169921741,0.331481129,0.375306726,0.0442850515,0.889796138,0.134716272,0.017855281,0.0569399334,0.389272094,-0.357374132,0.00224822573,0.969182253,-0.184843794,-0.0327058285,0.0297441892,-0.201346278,0.0449380726,-0.097329244,0.41649437,-0.0808287039,0.138530254,-0.311950386,-0.0719425157,0.0978632942,0.408956766,-0.404658735,-0.10726995,0.0310695041,0.161635369,0.0169921741,0.331481129,0.375306726,0.0442850515,0.889796138,0.134716272,0.0178552791,0.0569399297,0.389272094,-0.357374132,0.00224822573,0.969182253,-0.184843794,-0.0327058285,0.0297441892
1.7668732,3214768.61,0,0,0.00617384678,5.63357025e-06,1,0.176247209,0.000432521105,1,0.511859059,0.000667484012,-0.00997822359,-0.859011233,-0.00357401348,0.00651595229,-0.00771884713,-2.24207754e-44,2.24207754e-44,2.24207754e-44,-0.26731354,0.0731952414,-0.104615793,0.448862255,-0.186986774,0.0256844852,-0.219521597,-0.059935715,0.0931387916,0.530966401,-0.315011024,0.0117231123,0.0312892385,0.0177551657,-0.00320458319,0.336703062,0.242326662,-0.00218994217,0.94878608,0.129209548,0.0453618206,0.021406183,0.367762655,-0.311012834,0.0113719953,0.975867867,-0.180754393,-0.0319061726,0.029274527,-0.0157405324,-0.000957243901,-0.0110327182,0.00740621099,0.00178161508,0.0012949399,-0.0159745198,0.00065272738,0.0108986963,0.00112047524,0.00699855108,-0.0141471447,0.00120342139,-0.00162752031,-0.00302928849,-0.000931494171,-9.89176406e-05,0.00205622078,0.00233056885,0.00568384724,0.00275615253,-0.00040148737,-0.00206662761,-0.00218662806,-0.00107450515,0.00146639801,-0.0163058192,0.00402247207,0.00608691154,-0.201452166,0.0447343588,-0.0973932222,0.416785181,-0.0803961828,0.138559207,-0.312287122,-0.0717781559,0.0979724303,0.408994138,-0.404566854,-0.107421227,0.0310901012,0.161526918,0.016812522,0.331464201,0.375323564,0.0443870835,0.889878869,0.134698793,0.0178199261,0.0568941385,0.389246941,-0.357366204,0.00227156654,0.969151258,-0.185068458,-0.03264587,0.0297619961,-0.201452166,0.0447343588,-0.0973932222,0.416785181,-0.0803961828,0.138559207,-0.312287122,-0.0717781633,0.0979724377,0.408994138,-0.404566854,-0.107421227,0.0310901012,0.161526918,0.016812522,0.331464201,0.375323564,0.0443870835,0.889878869,0.134698793,0.0178199299,0.0568941385,0.389246941,-0.357366204,0.00227156654,0.969151258,-0.185068458,-0.03264587,0.0297619961,-0.201452166,0.0447343588,-0.0973932222,0.416785181,-0.0803961828,0.138559207,-0.312287122,-0.0717781559,0.0979724303,0.408994138,-0.404566854,-0.107421227,0.0310901012,0.161526918,0.016812522,0.331464201,0.375323564,0.0443870835,0.889878869,0.134698793,0.0178199261,0.0568941385,0.389246941,-0.357366204,0.00227156654,0.969151258,-0.185068458,-0.03264587,0.0297619961
1.77785306,3214768.62,0,0,0.0171537078,4.0428713e-06,1,0.176247209,0,1,0.51181978,0.00069105177,-0.00994015578,-0.859035075,-0.00337796612,0.00640231883,-0.00770661421,-2.24207754e-44,2.24207754e-44,2.24207754e-44,-0.267500997,0.0731841177,-0.104748078,0.448952854,-0.18696861,0.0257029962,-0.219711944,-0.0599275269,0.0932690576,0.530981839,-0.314930767,0.0115555413,0.0313034989,0.017736258,-0.00324226846,0.33669132,0.242325291,-0.002164962,0.948813498,0.129276469,0.0453930721,0.0214007907,0.367737681,-0.311039031,0.0113593685,0.975884736,-0.180949688,-0.0318580307,0.0293461233,-0.0151301026,-0.000895296165,-0.0109700719,0.00729060499,0.0013763262,0.00159620098,-0.0155078573,0.000669711502,0.0108229462,0.00130394904,0.00645948574,-0.0138144083,0.00117690396,-0.00156116462,-0.00310583389,-0.000999551616,-0.000121646524,0.00208852231,0.00226960448,0.00550682098,0.00253344327,-0.000472768646,-0.00208825828,-0.00217333972,-0.00103734003,0.0013835046,-0.0161462743,0.00398458214,0.00587459048,-0.201452166,0.0447343588,-0.0973932222,0.416785181,-0.0803961828,0.138559207,-0.312287122,-0.0717781559,0.0979724303,0.408994138,-0.404566854,-0.107421227,0.0310901012,0.161526918,0.016812522,0.331464201,0.375323564,0.0443870835,0.889878869,0.134698793,0.0178199261,0.0568941385,0.389246941,-0.357366204,0.00227156654,0.969151258,-0.185068458,-0.03264587,0.0297619961,-0.201452166,0.0447343588,-0.0973932222,0.416785181,-0.0803961828,0.138559207,-0.312287122,-0.0717781633,0.0979724377,0.408994138,-0.404566854,-0.107421227,0.0310901012,0.161526918,0.016812522,0.331464201,0.375323564,0.0443870835,0.889878869,0.134698793,0.0178199299,0.0568941385,0.389246941,-0.357366204,0.00227156654,0.969151258,-0.185068458,-0.03264587,0.0297619961,-0.201452166,0.0447343588,-0.0973932222,0.416785181,-0.0803961828,0.138559207,-0.312287122,-0.0717781559,0.0979724303,0.408994138,-0.404566854,-0.107421227,0.0310901012,0.161526918,0.016812522,0.331464201,0.375323564,0.0443870835,0.889878869,0.134698793,0.0178199261,0.0568941385,0.389246941,-0.357366204,0.00227156654,0.969151258,-0.185068458,-0.03264587,0.0297619961
1.78885327,3214768.64,0,0,0.00807702309,4.22913581e-06,1,0.250625424,0.000386998057,1,0.511786997,0.000710128108,-0.00990996882,-0.859054923,-0.00322871213,0.00645232853,-0.00769645767,-2.24207754e-44,2.24207754e-44,2.24207754e-44,-0.267648011,0.0731754303,-0.10485737,0.449023813,-0.18695654,0.0257200506,-0.219864085,-0.0599208288,0.0933770463,0.530995607,-0.314868838,0.0114187011,0.0313151442,0.0177207254,-0.00327356812,0.336681068,0.242324039,-0.00214390783,0.948835969,0.129330739,0.0454174653,0.0213957801,0.36771673,-0.311060667,0.0113492031,0.975898206,-0.181110263,-0.0318183526,0.029403815,-0.0148971789,-0.00086346094,-0.0109623382,0.00735149486,0.00104087754,0.00189278822,-0.0153638851,0.000709139335,0.010789468,0.00154589489,0.00603072485,-0.0136302188,0.00115698378,-0.00152606121,-0.00326762605,-0.00105923659,-0.000129072272,0.00212829816,0.00220773625,0.00537596364,0.00233819382,-0.000527760654,-0.00210706168,-0.00216372428,-0.0010016755,0.00130829122,-0.0161277521,0.00398239354,0.00571233453,-0.201548636,0.0445562676,-0.0974712521,0.417037725,-0.0800091848,0.13858597,-0.31260246,-0.0716091171,0.0980717316,0.409045368,-0.404505819,-0.107561849,0.0311098397,0.161462352,0.0166774355,0.33145991,0.375340343,0.0444818251,0.889956594,0.13468273,0.0177895576,0.0568497255,0.389221251,-0.357362121,0.00229820237,0.969118416,-0.185276657,-0.0325859822,0.0297698826,-0.201548636,0.0445562676,-0.0974712521,0.417037725,-0.0800091848,0.13858597,-0.31260246,-0.0716091245,0.0980717242,0.409045368,-0.404505819,-0.107561849,0.0311098397,0.161462352,0.0166774355,0.33145991,0.375340343,0.0444818251,0.889956594,0.13468273,0.0177895594,0.0568497255,0.389221251,-0.357362121,0.00229820237,0.969118416,-0.185276657,-0.0325859822,0.0297698826,-0.201548636,0.0445562676,-0.0974712521,0.417037725,-0.0800091848,0.13858597,-0.31260246,-0.0716091171,0.0980717316,0.409045368,-0.404505819,-0.107561849,0.0311098397,0.161462352,0.0166774355,0.33145991,0.375340343,0.0444818251,0.889956594,0.13468273,0.0177895576,0.0568497255,0.389221251,-0.357362121,0.00229820237,0.969118416,-0.185276657,-0.0325859822,0.0297698826
1.79886248,3214768.65,0,0,0.0180862341,9.42405313e-06,1,0.250625424,0,1,0.511754215,0.000729547522,-0.00988043472,-0.859074771,-0.00303829531,0.00610216614,-0.00771135418,-2.24207754e-44,2.24207754e-44,2.24207754e-44,-0.26779151,0.0731671751,-0.10496632,0.449094176,-0.186947539,0.0257393159,-0.220013961,-0.0599139184,0.0934845582,0.531011343,-0.314811021,0.0112842051,0.031326551,0.0177055188,-0.00330566824,0.33667025,0.242322698,-0.00212253141,0.948857784,0.129383624,0.0454400107,0.0213902742,0.36769557,-0.311082155,0.011339399,0.975910962,-0.18126975,-0.0317788646,0.0294597298,-0.0138025917,-0.000796087261,-0.0108304713,0.0066681765,0.000830492179,0.00190417934,-0.0146075599,0.000664620136,0.0107249534,0.00153736048,0.00561423833,-0.0133307343,0.00112886762,-0.00152429787,-0.00313140987,-0.00109115604,-0.000137002207,0.00213854969,0.00218054838,0.00523501216,0.00221834192,-0.000562162662,-0.00211593951,-0.00213756366,-0.000967765169,0.0012608869,-0.015788177,0.00391845033,0.00551230367,-0.201548636,0.0445562676,-0.0974712521,0.417037725,-0.0800091848,0.13858597,-0.31260246,-0.0716091171,0.0980717316,0.409045368,-0.404505819,-0.107561849,0.0311098397,0.161462352,0.0166774355,0.33145991,0.375340343,0.0444818251,0.889956594,0.13468273,0.0177895576,0.0568497255,0.389221251,-0.357362121,0.00229820237,0.969118416,-0.185276657,-0.0325859822,0.0297698826,-0.201548636,0.0445562676,-0.0974712521,0.417037725,-0.0800091848,0.13858597,-0.31260246,-0.0716091245,0.0980717242,0.409045368,-0.404505819,-0.107561849,0.0311098397,0.161462352,0.0166774355,0.33145991,0.375340343,0.0444818251,0.889956594,0.13468273,0.0177895594,0.0568497255,0.389221251,-0.357362121,0.00229820237,0.969118416,-0.185276657,-0.0325859822,0.0297698826,-0.201548636,0.0445562676,-0.0974712521,0.417037725,-0.0800091848,0.13858597,-0.31260246,-0.0716091171,0.0980717316,0.409045368,-0.404505819,-0.107561849,0.0311098397,0.161462352,0.0166774355,0.33145991,0.375340343,0.0444818251,0.889956594,0.13468273,0.0177895576,0.0568497255,0.389221251,-0.357362121,0.00229820237,0.969118416,-0.185276657,-0.0325859822,0.0297698826
1.809856,3214768.66,0,0,0.00913144927,6.16023317e-06,1,0.201551244,0.000372260809,1,0.511714816,0.000751010084,-0.00984761864,-0.859098613,-0.0028352635,0.00580399996,-0.00770145748,-2.24207754e-44,2.24207754e-44,2.24207754e-44,-0.267946929,0.0731581151,-0.105095245,0.449167967,-0.186939195,0.0257623456,-0.220182031,-0.0599063337,0.0936127231,0.531029582,-0.314747095,0.0111260097,0.0313398428,0.0176872369,-0.00334238727,0.336657017,0.242321014,-0.00209679408,0.948883891,0.129445344,0.0454658419,0.0213832464,0.367670208,-0.311107606,0.0113280639,0.975925744,-0.181456536,-0.0317323208,0.0295242518,-0.0128132021,-0.000741051044,-0.0107424445,0.00616675429,0.000553917955,0.00204337342,-0.0139190136,0.000648940739,0.0106568299,0.00164737238,0.00513523258,-0.0131186871,0.00109433115,-0.0015063379,-0.00313362572,-0.00112433964,-0.00014087926,0.00216377573,0.00214725547,0.00507260999,0.00206398009,-0.000611531083,-0.00212016888,-0.00211755,-0.000923499581,0.00119459373,-0.0155322663,0.00387720671,0.005279426,-0.201631397,0.0444053635,-0.0975629687,0.417260855,-0.079636924,0.138615072,-0.312893778,-0.0714382008,0.0981618538,0.409119487,-0.404446244,-0.107694648,0.0311271064,0.161434442,0.0165651552,0.331463546,0.375354737,0.0445670858,0.890029252,0.1346654,0.017764248,0.0568073392,0.389194071,-0.357366413,0.00232658535,0.969086528,-0.185470343,-0.0325274505,0.0297689773,-0.201631397,0.0444053672,-0.0975629687,0.417260855,-0.079636924,0.138615072,-0.312893778,-0.0714382082,0.0981618464,0.409119487,-0.404446244,-0.107694641,0.0311271064,0.161434442,0.0165651552,0.331463546,0.375354737,0.0445670858,0.890029252,0.1346654,0.0177642498,0.0568073429,0.389194071,-0.357366413,0.00232658535,0.969086528,-0.185470343,-0.0325274505,0.0297689792,-0.201631397,0.0444053635,-0.0975629687,0.417260855,-0.079636924,0.138615072,-0.312893778,-0.0714382008,0.0981618538,0.409119487,-0.404446244,-0.107694648,0.0311271064,0.161434442,0.0165651552,0.331463546,0.375354737,0.0445670858,0.890029252,0.1346654,0.017764248,0.0568073392,0.389194071,-0.357366413,0.00232658535,0.969086528,-0.185470343,-0.0325274505,0.0297689773
1.81985958,3214768.67,0,0,0.0191350351,6.60773367e-06,1,0.201551244,0,1,0.511682034,0.000768589729,-0.00982142612,-0.859118402,-0.00266278908,0.00545050669,-0.00769722788,-2.24207754e-44,2.24207754e-44,2.24207754e-44,-0.268069744,0.0731510222,-0.105202131,0.449226707,-0.186934903,0.0257830713,-0.220317498,-0.0599000119,0.0937188864,0.531046391,-0.314697951,0.0109961368,0.0313506089,0.0176722109,-0.003373374,0.336645603,0.242319599,-0.00207507191,0.94890517,0.129495293,0.0454857871,0.0213769563,0.367648959,-0.311128676,0.0113190301,0.975937426,-0.181610212,-0.0316938423,0.0295759272,-0.0117949788,-0.000683093094,-0.0106367851,0.00558634661,0.000352413888,0.00206348742,-0.0131884944,0.000608998875,0.0105822831,0.00165205996,0.00476324419,-0.0128876725,0.00106338854,-0.00150356535,-0.00303872465,-0.00114837219,-0.000142574296,0.00217298931,0.00212053047,0.00494663697,0.00196229876,-0.000636813988,-0.00212386297,-0.00209628488,-0.000891751493,0.0011520742,-0.0152196754,0.00381958624,0.00509435683,-0.201631397,0.0444053635,-0.0975629687,0.417260855,-0.079636924,0.138615072,-0.312893778,-0.0714382008,0.0981618538,0.409119487,-0.404446244,-0.107694648,0.0311271064,0.161434442,0.0165651552,0.331463546,0.375354737,0.0445670858,0.890029252,0.1346654,0.017764248,0.0568073392,0.389194071,-0.357366413,0.00232658535,0.969086528,-0.185470343,-0.0325274505,0.0297689773,-0.201631397,0.0444053672,-0.0975629687,0.417260855,-0.079636924,0.138615072,-0.312893778,-0.0714382082,0.0981618464,0.409119487,-0.404446244,-0.107694641,0.0311271064,0.161434442,0.0165651552,0.331463546,0.375354737,0.0445670858,0.890029252,0.1346654,0.0177642498,0.0568073429,0.389194071,-0.357366413,0.00232658535,0.969086528,-0.185470343,-0.0325274505,0.0297689792,-0.201631397,0.0444053635,-0.0975629687,0.417260855,-0.079636924,0.138615072,-0.312893778,-0.0714382008,0.0981618538,0.409119487,-0.404446244,-0.107694648,0.0311271064,0.161434442,0.0165651552,0.331463546,0.375354737,0.0445670858,0.890029252,0.1346654,0.017764248,0.0568073392,0.389194071,-0.357366413,0.00232658535,0.969086528,-0.185470343,-0.0325274505,0.0297689773
1.82985978,3214768.68,0,0,0.00912722526,7.26431608e-06,1,0.182312913,0.000343680382,1,0.511655867,0.000781737792,-0.0098016914,-0.859134197,-0.00255839713,0.00531881955,-0.00767495902,-2.24207754e-44,2.24207754e-44,2.24207754e-44,-0.268160701,0.0731457695,-0.105286971,0.449270159,-0.186933175,0.0257999878,-0.220420256,-0.0598952249,0.093803145,0.531059802,-0.314661384,0.0108938674,0.0313589834,0.0176602639,-0.00339750713,0.336636335,0.242318466,-0.00205764058,0.948922038,0.129534379,0.0455010645,0.0213717632,0.367631972,-0.311145395,0.0113120275,0.975946486,-0.181730896,-0.0316634774,0.0296159349,-0.0113746831,-0.000651989074,-0.0106215142,0.00550643262,0.000137206007,0.0021922288,-0.0128639676,0.000616521807,0.0105211595,0.0017830499,0.00446531409,-0.0127653545,0.0010416623,-0.00148107833,-0.00308597065,-0.00117487262,-0.000141702694,0.00219224487,0.00208730786,0.00484342221,0.00185315381,-0.000664538995,-0.00212810468,-0.00208933116,-0.000861036999,0.00110680563,-0.015091816,0.00380175677,0.00494108954,-0.201706022,0.0442782864,-0.0976670906,0.417455137,-0.0792932436,0.138648212,-0.313165963,-0.0712670907,0.0982444957,0.40920651,-0.404406607,-0.107816152,0.0311454069,0.161440283,0.016464889,0.331470758,0.375360727,0.0446426496,0.890097678,0.134647727,0.0177426264,0.0567671657,0.389164597,-0.357380271,0.00235622376,0.969058692,-0.185655236,-0.0324702077,0.0297617055,-0.201706022,0.0442782864,-0.0976670906,0.417455137,-0.0792932436,0.138648212,-0.313165963,-0.0712670907,0.0982445031,0.40920651,-0.404406607,-0.10781616,0.0311454069,0.161440283,0.016464889,0.331470758,0.375360727,0.0446426496,0.890097678,0.134647727,0.0177426264,0.0567671657,0.389164597,-0.357380271,0.00235622376,0.969058692,-0.185655236,-0.0324702077,0.0297617074,-0.201706022,0.0442782864,-0.0976670906,0.417455137,-0.0792932436,0.138648212,-0.313165963,-0.0712670907,0.0982444957,0.40920651,-0.404406607,-0.107816152,0.0311454069,0.161440283,0.016464889,0.331470758,0.375360727,0.0446426496,0.890097678,0.134647727,0.0177426264,0.0567671657,0.389164597,-0.357380271,0.00235622376,0.969058692,-0.185655236,-0.0324702077,0.0297617055
1.83986804,3214768.69,0,0,0.0191354882,4.95603308e-06,1,0.182312913,0,1,0.511616647,0.000801601098,-0.00977288932,-0.85915786,-0.00239488669,0.00508763967,-0.00765529973,-2.24207754e-44,2.24207754e-44,2.24207754e-44,-0.268292874,0.0731382966,-0.10541416,0.449334413,-0.186933324,0.0258270502,-0.220571756,-0.0598878264,0.0939288661,0.531082392,-0.31461063,0.0107420925,0.0313712768,0.0176426303,-0.00343480753,0.336621881,0.242316753,-0.0020311668,0.948946655,0.12959148,0.0455221981,0.0213635527,0.367606342,-0.311170369,0.0113019925,0.975959301,-0.18191053,-0.0316180885,0.0296737421,-0.0106197856,-0.000594721641,-0.0105650546,0.00517863967,-0.000134566028,0.00228024344,-0.0123184463,0.000602775195,0.0104273036,0.0018960092,0.00405772123,-0.0125318533,0.00100802677,-0.00146276026,-0.00307149393,-0.00121722196,-0.000141913217,0.00220885687,0.00203336403,0.00470571453,0.00171254831,-0.000691319699,-0.00213873177,-0.00207378576,-0.000822640024,0.00105163001,-0.0148282833,0.00375502231,0.00473628519,-0.201706022,0.0442782864,-0.0976670906,0.417455137,-0.0792932436,0.138648212,-0.313165963,-0.0712670907,0.0982444957,0.40920651,-0.404406607,-0.107816152,0.0311454069,0.161440283,0.016464889,0.331470758,0.375360727,0.0446426496,0.890097678,0.134647727,0.0177426264,0.0567671657,0.389164597,-0.357380271,0.00235622376,0.969058692,-0.185655236,-0.0324702077,0.0297617055,-0.201706022,0.0442782864,-0.0976670906,0.417455137,-0.0792932436,0.138648212,-0.313165963,-0.0712670907,0.0982445031,0.40920651,-0.404406607,-0.10781616,0.0311454069,0.161440283,0.016464889,0.331470758,0.375360727,0.0446426496,0.890097678,0.134647727,0.0177426264,0.0567671657,0.389164597,-0.357380271,0.00235622376,0.969058692,-0.185655236,-0.0324702077,0.0297617074,-0.201706022,0.0442782864,-0.0976670906,0.417455137,-0.0792932436,0.138648212,-0.313165963,-0.0712670907,0.0982444957,0.40920651,-0.404406607,-0.107816152,0.0311454069,0.161440283,0.016464889,0.331470758,0.375360727,0.0446426496,0.890097678,0.134647727,0.0177426264,0.0567671657,0.389164597,-0.357380271,0.00235622376,0.969058692,-0.185655236,-0.0324702077,0.0297617055
1.85085455,3214768.7,0,0,0.0101351612,5.43100759e-06,1,0.193268061,0.000333592296,1,0.511577606,0.000819799199,-0.00974616315,-0.859181404,-0.00225170958,0.00479583442,-0.00762031646,-2.24207754e-44,2.24207754e-44,2.24207754e-44,-0.268413156,0.073131673,-0.105540387,0.449394435,-0.186937243,0.0258549657,-0.220713422,-0.059880849,0.0940529108,0.53110534,-0.314564914,0.0105938651,0.0313831046,0.0176252425,-0.00347090233,0.336607158,0.242315069,-0.00200462667,0.948970795,0.129646912,0.0455420017,0.0213551372,0.367580712,-0.311195135,0.011292384,0.975971639,-0.182085663,-0.0315735564,0.0297289714,-0.00987523515,-0.000536986103,-0.0105268462,0.0049921074,-0.000426802115,0.00238766335,-0.0117190545,0.000594430836,0.0103087239,0.00203664904,0.00364679354,-0.0123003153,0.000979223289,-0.00143703702,-0.00306625059,-0.00124735164,-0.000140726828,0.00222523953,0.00199278025,0.00455066655,0.00157879665,-0.000718679512,-0.00214364799,-0.00206198753,-0.000778548652,0.000996728428,-0.0145475175,0.00370599749,0.00450043241,-0.20176819,0.0441732332,-0.0977829397,0.417629182,-0.0789596513,0.138686523,-0.313419312,-0.0711001828,0.0983219817,0.409307718,-0.404361188,-0.107926883,0.0311651118,0.161468923,0.0163756646,0.331480801,0.375358403,0.0447082259,0.890163064,0.134626567,0.0177230164,0.0567297861,0.389126748,-0.357401848,0.00238613412,0.969032943,-0.185832232,-0.0324169844,0.0297476389,-0.20176819,0.0441732332,-0.0977829397,0.417629182,-0.0789596513,0.138686523,-0.313419312,-0.0711001754,0.0983219892,0.409307718,-0.404361188,-0.107926883,0.0311651118,0.161468923,0.0163756646,0.331480801,0.375358403,0.0447082259,0.890163064,0.134626567,0.0177230183,0.0567297861,0.389126748,-0.357401848,0.00238613412,0.969032943,-0.185832232,-0.0324169844,0.0297476407,-0.20176819,0.0441732332,-0.0977829397,0.417629182,-0.0789596513,0.138686523,-0.313419312,-0.0711001828,0.0983219817,0.409307718,-0.404361188,-0.107926883,0.0311651118,0.161468923,0.0163756646,0.331480801,0.375358403,0.0447082259,0.890163064,0.134626567,0.0177230164,0.0567297861,0.389126748,-0.357401848,0.00238613412,0.969032943,-0.185832232,-0.0324169844,0.0297476389
1.8608621,3214768.71,0,0,8.53040256e-05,6.97374344e-06,1,0.223753043,0.000311821699,1,0.511551678,0.000831703539,-0.00972899981,-0.859197021,-0.00216440437,0.00458475156,-0.00759123173,-2.24207754e-44,2.24207754e-44,2.24207754e-44,-0.268489927,0.0731275901,-0.105624475,0.449433893,-0.186941653,0.0258743893,-0.220805332,-0.0598761328,0.0941349417,0.531122029,-0.314537019,0.0104963686,0.0313908309,0.0176138356,-0.00349532673,0.336597055,0.242313936,-0.00198678719,0.94898659,0.129682839,0.0455541946,0.0213493221,0.367563516,-0.311211586,0.0112862876,0.975979447,-0.182201028,-0.0315441005,0.0297642425,-0.00937832147,-0.000491799903,-0.010493611,0.00488002971,-0.000634970784,0.0024464305,-0.0112934215,0.000580784574,0.0102125267,0.00209529023,0.00338894944,-0.012103931,0.000955863565,-0.0014196249,-0.00302487775,-0.00126946031,-0.000140623306,0.0022301795,0.00196008408,0.00445552915,0.00149777159,-0.000729562715,-0.00214781542,-0.00205293065,-0.000753800094,0.00096531742,-0.0143216113,0.00366219413,0.00435656123,-0.20176819,0.0441732332,-0.0977829397,0.417629182,-0.0789596513,0.138686523,-0.313419312,-0.0711001828,0.0983219817,0.409307718,-0.404361188,-0.107926883,0.0311651118,0.161468923,0.0163756646,0.331480801,0.375358403,0.0447082259,0.890163064,0.134626567,0.0177230164,0.0567297861,0.389126748,-0.357401848,0.00238613412,0.969032943,-0.185832232,-0.0324169844,0.0297476389,-0.201820731,0.0440847091,-0.0979068875,0.41778785,-0.0786478296,0.138730839,-0.313658446,-0.0709403157,0.0983962566,0.409418523,-0.404322803,-0.108029477,0.0311862156,0.16151455,0.0162935406,0.331490993,0.375345021,0.0447651669,0.890226126,0.134602055,0.0177057721,0.0566948541,0.38908112,-0.357431173,0.00241638906,0.969011009,-0.186004356,-0.0323681794,0.0297284089,-0.201820731,0.0440847054,-0.0979068875,0.41778785,-0.0786478296,0.138730839,-0.313658446,-0.0709403232,0.0983962491,0.409418523,-0.404322803,-0.108029477,0.0311862156,0.16151455,0.0162935406,0.331490993,0.375345021,0.0447651669,0.890226126,0.134602055,0.0177057683,0.0566948503,0.38908112,-0.357431173,0.00241639093,0.969011009,-0.186004356,-0.0323681794,0.0297284089
1.87185283,3214768.72,0,0,0.011076034,4.39910218e-06,1,0.223753043,0,1,0.511512935,0.000848789758,-0.00970443338,-0.859220386,-0.00204548961,0.00449905824,-0.00756565249,-2.24207754e-44,2.24207754e-44,2.24207754e-44,-0.268598825,0.0731220469,-0.105750367,0.449492037,-0.18695125,0.0259045139,-0.220937997,-0.0598691143,0.094256714,0.531148553,-0.314498991,0.0103525613,0.0314021595,0.0175969917,-0.00353187299,0.336581558,0.242312238,-0.00195991411,0.949009776,0.129735246,0.0455712229,0.0213403963,0.367537647,-0.311236173,0.0112775527,0.975990653,-0.182371393,-0.0315004513,0.0298149399,-0.00901995227,-0.00044950351,-0.0105110826,0.00487017957,-0.000891804579,0.00256719743,-0.0110548269,0.000602573331,0.0101215076,0.00235544052,0.00301786652,-0.0119351614,0.000940639817,-0.001391144,-0.00311016967,-0.00131262082,-0.000143557612,0.00225142203,0.00190768961,0.00430112751,0.00134668697,-0.000758705894,-0.00216682791,-0.00204953644,-0.000705588085,0.000904413406,-0.0141700841,0.00363221648,0.00412478764,-0.201820731,0.0440847054,-0.0979068875,0.41778785,-0.0786478296,0.138730839,-0.313658446,-0.0709403232,0.0983962491,0.409418523,-0.404322803,-0.108029477,0.0311862156,0.16151455,0.0162935406,0.331490993,0.375345021,0.0447651669,0.890226126,0.134602055,0.0177057683,0.0566948503,0.38908112,-0.357431173,0.00241639093,0.969011009,-0.186004356,-0.0323681794,0.0297284089,-0.201820731,0.0440847091,-0.0979068875,0.41778785,-0.0786478296,0.138730839,-0.313658446,-0.0709403157,0.0983962566,0.409418523,-0.404322803,-0.108029477,0.0311862156,0.16151455,0.0162935406,0.331490993,0.375345021,0.0447651669,0.890226126,0.134602055,0.0177057721,0.0566948541,0.38908112,-0.357431173,0.00241638906,0.969011009,-0.186004356,-0.0323681794,0.0297284089,-0.201820731,0.0440847054,-0.0979068875,0.41778785,-0.0786478296,0.138730839,-0.313658446,-0.0709403232,0.0983962491,0.409418523,-0.404322803,-0.108029477,0.0311862156,0.16151455,0.0162935406,0.331490993,0.375345021,0.0447651669,0.890226126,0.134602055,0.0177057683,0.0566948503,0.38908112,-0.357431173,0.00241639093,0.969011009,-0.186004356,-0.0323681794,0.0297284089
1.88383353,3214768.73,0,0,0.00312419096,5.63310459e-06,1,0.186988153,0.000306934118,1,0.511487186,0.00086005131,-0.00968858227,-0.859235883,-0.00196803221,0.00427926937,-0.00753367878,-2.24207754e-44,2.24207754e-44,2.24207754e-44,-0.268668771,0.0731186792,-0.105834298,0.449530482,-0.186959386,0.0259252731,-0.221024528,-0.0598643683,0.0943371803,0.531167686,-0.314476043,0.0102581102,0.0314095765,0.0175859444,-0.00355648785,0.336570948,0.242311075,-0.00194189989,0.949024856,0.129769206,0.0455816314,0.0213342905,0.367520303,-0.311252534,0.0112720225,0.975997746,-0.182483599,-0.0314716361,0.0298472568,-0.00853098091,-0.000400066987,-0.0104730884,0.00475416519,-0.00109800394,0.00260709319,-0.0106246453,0.000582587498,0.0100144325,0.00238698628,0.00278091966,-0.011718018,0.000917313213,-0.00137540232,-0.00304148393,-0.00133185391,-0.000146063467,0.00225003297,0.00187728542,0.00421204697,0.00127984246,-0.000764270371,-0.00217023585,-0.00204065652,-0.000683911378,0.000880210602,-0.0139199449,0.00357978558,0.00399135984,-0.201820731,0.0440847054,-0.0979068875,0.41778785,-0.0786478296,0.138730839,-0.313658446,-0.0709403232,0.0983962491,0.409418523,-0.404322803,-0.108029477,0.0311862156,0.16151455,0.0162935406,0.331490993,0.375345021,0.0447651669,0.890226126,0.134602055,0.0177057683,0.0566948503,0.38908112,-0.357431173,0.00241639093,0.969011009,-0.186004356,-0.0323681794,0.0297284089,-0.201857775,0.0440078191,-0.0980358869,0.417939544,-0.0783408955,0.138781264,-0.313882858,-0.0707885399,0.098469317,0.409539163,-0.404271185,-0.108124048,0.0312072206,0.161570549,0.0162165165,0.331498504,0.37532416,0.0448149964,0.89028579,0.13457337,0.0176887177,0.0566616878,0.389030218,-0.357465178,0.00244793296,0.968992829,-0.18617247,-0.0323243998,0.0297043994,-0.201857775,0.0440078154,-0.0980358869,0.417939544,-0.0783408955,0.138781264,-0.313882858,-0.0707885399,0.0984693244,0.409539163,-0.404271185,-0.10812404,0.0312072206,0.161570549,0.0162165165,0.331498504,0.37532416,0.0448149964,0.89028579,0.13457337,0.0176887214,0.0566616878,0.389030218,-0.357465178,0.00244793296,0.968992829,-0.18617247,-0.0323243998,0.0297043994
1.89387142,3214768.74,0,0,0.0131620727,1.04461797e-05,1,0.186988153,0,1,0.511442363,0.00087784708,-0.00966282189,-0.859262824,-0.00184066524,0.00394579209,-0.00748499576,-2.24207754e-44,2.24207754e-44,2.24207754e-44,-0.268780321,0.0731137618,-0.105980389,0.449595362,-0.186977744,0.0259623397,-0.221166134,-0.0598565228,0.0944758505,0.531201363,-0.314440459,0.0100968769,0.0314221494,0.0175668895,-0.00359813264,0.336552173,0.242308989,-0.00191044714,0.949050903,0.129826978,0.0455988348,0.0213235226,0.367489934,-0.311280996,0.0112627372,0.976009786,-0.182675019,-0.0314222611,0.0299013425,-0.00779173989,-0.000332096126,-0.0104471501,0.00463785091,-0.00143000262,0.00270329369,-0.00999524351,0.00057142193,0.00986007042,0.00253875251,0.00237077288,-0.0114442995,0.000895310834,-0.00134823122,-0.00301901437,-0.00135640381,-0.000152753782,0.00225437083,0.00184101996,0.00404897938,0.00116479956,-0.000782643328,-0.00217779144,-0.00203258055,-0.000638723723,0.000835856423,-0.0136075765,0.00350896618,0.00374849606,-0.201857775,0.0440078154,-0.0980358869,0.417939544,-0.0783408955,0.138781264,-0.313882858,-0.0707885399,0.0984693244,0.409539163,-0.404271185,-0.10812404,0.0312072206,0.161570549,0.0162165165,0.331498504,0.37532416,0.0448149964,0.89028579,0.13457337,0.0176887214,0.0566616878,0.389030218,-0.357465178,0.00244793296,0.968992829,-0.18617247,-0.0323243998,0.0297043994,-0.201857775,0.0440078191,-0.0980358869,0.417939544,-0.0783408955,0.138781264,-0.313882858,-0.0707885399,0.098469317,0.409539163,-0.404271185,-0.108124048,0.0312072206,0.161570549,0.0162165165,0.331498504,0.37532416,0.0448149964,0.89028579,0.13457337,0.0176887177,0.0566616878,0.389030218,-0.357465178,0.00244793296,0.968992829,-0.18617247,-0.0323243998,0.0297043994,-0.201857775,0.0440078154,-0.0980358869,0.417939544,-0.0783408955,0.138781264,-0.313882858,-0.0707885399,0.0984693244,0.409539163,-0.404271185,-0.10812404,0.0312072206,0.161570549,0.0162165165,0.331498504,0.37532416,0.0448149964,0.89028579,0.13457337,0.0176887214,0.0566616878,0.389030218,-0.357465178,0.00244793296,0.968992829,-0.18617247,-0.0323243998,0.0297043994
1.90485644,3214768.75,0,0,0.00381321041,6.26314431e-06,1,0.184416305,0.000288292766,1,0.511410475,0.000890008872,-0.00964535959,-0.859281957,-0.00175328902,0.00367593416,-0.0074456525,-2.24207754e-44,2.24207754e-44,2.24207754e-44,-0.268855274,0.0731107518,-0.106084689,0.449641198,-0.186993375,0.0259896815,-0.221263543,-0.0598508939,0.0945737511,0.531227291,-0.314418375,0.00998377986,0.0314309895,0.0175535176,-0.00362810609,0.336538494,0.242307425,-0.00188790518,0.949069142,0.129866779,0.0456099994,0.0213156343,0.367468119,-0.311301261,0.0112565327,0.976017952,-0.182809591,-0.0313875228,0.0299378168,-0.00722406898,-0.000275263359,-0.0104067409,0.00452154549,-0.00166023162,0.00274696853,-0.00949543715,0.00054940948,0.00973288808,0.00259542256,0.00209973427,-0.0111999251,0.000874208345,-0.00133066019,-0.00295800599,-0.0013734391,-0.000158466544,0.00225098035,0.0018127946,0.00393763324,0.00109266932,-0.000790228776,-0.00218265154,-0.00202381937,-0.000610859541,0.000807893404,-0.0133236554,0.00344428024,0.00358588854,-0.201887786,0.0439380854,-0.0981677994,0.418084413,-0.0780526027,0.138836503,-0.314096034,-0.0706463829,0.0985425487,0.409662515,-0.404216528,-0.108211838,0.0312293265,0.161630765,0.0161512271,0.331504554,0.37529856,0.0448600054,0.890344322,0.134541452,0.0176724717,0.056632407,0.388972521,-0.357501864,0.00247965381,0.96897763,-0.186336562,-0.0322849564,0.0296761617,-0.201887786,0.0439380854,-0.0981677994,0.418084413,-0.0780526027,0.138836503,-0.314096034,-0.0706463829,0.0985425562,0.409662515,-0.404216528,-0.108211838,0.0312293265,0.161630765,0.0161512271,0.331504554,0.37529856,0.0448600054,0.890344322,0.134541452,0.0176724717,0.056632407,0.388972521,-0.357501864,0.00247965567,0.96897763,-0.186336562,-0.0322849564,0.0296761636,-0.201887786,0.0439380854,-0.0981677994,0.418084413,-0.0780526027,0.138836503,-0.314096034,-0.0706463829,0.0985425487,0.409662515,-0.404216528,-0.108211838,0.0312293265,0.161630765,0.0161512271,0.331504554,0.37529856,0.0448600054,0.890344322,0.134541452,0.0176724717,0.056632407,0.388972521,-0.357501864,0.00247965381,0.96897763,-0.186336562,-0.0322849564,0.0296761617
1.91486575,3214768.76,0,0,0.0138225211,9.52603295e-06,1,0.184416305,0,1,0.511378706,0.000901698484,-0.0096286675,-0.859301031,-0.00167209737,0.0036726594,-0.00743467128,-2.24207754e-44,2.24207754e-44,2.24207754e-44,-0.268926352,0.073108159,-0.106188931,0.449686587,-0.187010989,0.0260177124,-0.221357927,-0.0598452613,0.0946707129,0.531254709,-0.314398915,0.00987244491,0.0314397402,0.0175403357,-0.00365818338,0.336524576,0.242305785,-0.00186532561,0.949087083,0.129905358,0.0456202775,0.0213076137,0.367446154,-0.311321527,0.0112506784,0.97602582,-0.182942361,-0.0313532613,0.0299725179,-0.00708786864,-0.00025123838,-0.0104424516,0.00456715794,-0.00182119408,0.00284315972,-0.00946138613,0.00057659141,0.00967794377,0.00285939453,0.00185011176,-0.0110968659,0.000876502716,-0.00130934163,-0.00305278413,-0.00140649546,-0.000168168437,0.00226383028,0.00177748594,0.00380434399,0.000978749827,-0.000810835743,-0.00220707618,-0.0020274336,-0.000567351992,0.000763593358,-0.0132641969,0.00341625279,0.00339065958,-0.201887786,0.0439380854,-0.0981677994,0.418084413,-0.0780526027,0.138836503,-0.314096034,-0.0706463829,0.0985425487,0.409662515,-0.404216528,-0.108211838,0.0312293265,0.161630765,0.0161512271,0.331504554,0.37529856,0.0448600054,0.890344322,0.134541452,0.0176724717,0.056632407,0.388972521,-0.357501864,0.00247965381,0.96897763,-0.186336562,-0.0322849564,0.0296761617,-0.201887786,0.0439380854,-0.0981677994,0.418084413,-0.0780526027,0.138836503,-0.314096034,-0.0706463829,0.0985425562,0.409662515,-0.404216528,-0.108211838,0.0312293265,0.161630765,0.0161512271,0.331504554,0.37529856,0.0448600054,0.890344322,0.134541452,0.0176724717,0.056632407,0.388972521,-0.357501864,0.00247965567,0.96897763,-0.186336562,-0.0322849564,0.0296761636,-0.201887786,0.0439380854,-0.0981677994,0.418084413,-0.0780526027,0.138836503,-0.314096034,-0.0706463829,0.0985425487,0.409662515,-0.404216528,-0.108211838,0.0312293265,0.161630765,0.0161512271,0.331504554,0.37529856,0.0448600054,0.890344322,0.134541452,0.0176724717,0.056632407,0.388972521,-0.357501864,0.00247965381,0.96897763,-0.186336562,-0.0322849564,0.0296761617
1.92585458,3214768.77,0,0,0.00512289396,4.24310565e-06,1,0.177731272,0.000284075737,1,0.511340678,0.000915340497,-0.00960948691,-0.859323859,-0.00157541898,0.0034603246,-0.00740156323,-2.24207754e-44,2.24207754e-44,2.24207754e-44,-0.269007504,0.073105596,-0.106313936,0.449740559,-0.187034562,0.0260521844,-0.221468136,-0.0598385036,0.0947858617,0.531289577,-0.314378709,0.00974128023,0.031450104,0.0175247658,-0.00369434035,0.336507559,0.242303699,-0.00183820224,0.949108183,0.129950091,0.0456314273,0.0212978367,0.3674196,-0.311345786,0.0112441033,0.97603476,-0.183099315,-0.0313128121,0.0300118905,-0.00660294946,-0.000194954162,-0.0104151694,0.00448008673,-0.00205342798,0.00290836906,-0.0090651121,0.00056390604,0.00955404714,0.00297983643,0.00156620529,-0.0108438889,0.000860346307,-0.00128843484,-0.00301551772,-0.00143073767,-0.000178753253,0.0022612249,0.00174369011,0.00366703933,0.00088706828,-0.000820447633,-0.00222024368,-0.00202139094,-0.000529871613,0.000730069878,-0.0129983667,0.00334612466,0.00319382153,-0.201905638,0.0438712016,-0.0982992873,0.418229759,-0.077768527,0.138895884,-0.314294219,-0.0705153868,0.0986174718,0.409789443,-0.404143929,-0.108292945,0.0312509313,0.161690474,0.016091872,0.33150813,0.375271499,0.0449009612,0.890400648,0.134505808,0.0176557153,0.0566054732,0.388911724,-0.357539147,0.00251308456,0.968965948,-0.186496317,-0.0322497785,0.0296446607,-0.201905638,0.0438712016,-0.0982992873,0.418229759,-0.077768527,0.138895884,-0.314294219,-0.0705153868,0.0986174643,0.409789443,-0.404143929,-0.108292945,0.0312509313,0.161690474,0.016091872,0.33150813,0.375271499,0.0449009612,0.890400648,0.134505808,0.0176557191,0.0566054694,0.388911724,-0.357539147,0.0025130827,0.968965948,-0.186496317,-0.0322497785,0.0296446607,-0.201905638,0.0438712016,-0.0982992873,0.418229759,-0.077768527,0.138895884,-0.314294219,-0.0705153868,0.0986174718,0.409789443,-0.404143929,-0.108292945,0.0312509313,0.161690474,0.016091872,0.33150813,0.375271499,0.0449009612,0.890400648,0.134505808,0.0176557153,0.0566054732,0.388911724,-0.357539147,0.00251308456,0.968965948,-0.186496317,-0.0322497785,0.0296446607
1.93600648,3214768.78,0,0,0.0152747948,4.96208668e-06,1,0.177731272,0,1,0.511328042,0.000919911312,-0.00960322563,-0.859331489,-0.00154477707,0.00350649864,-0.00740384357,-2.24207754e-44,2.24207754e-44,2.24207754e-44,-0.269034028,0.0731048211,-0.106355675,0.449758619,-0.187042907,0.0260639656,-0.221504658,-0.0598361939,0.0948240608,0.531301916,-0.314372689,0.0096979728,0.031453561,0.0175196379,-0.00370656932,0.336501777,0.242302969,-0.00182913779,0.949115098,0.12996459,0.0456348211,0.0212945268,0.36741069,-0.311353892,0.011242046,0.976037621,-0.183151364,-0.0312994532,0.030024413,-0.00663026562,-0.000190590843,-0.0104375575,0.00452213408,-0.00210067513,0.00295567303,-0.00913815573,0.000580502499,0.00954482984,0.00311185746,0.0014830149,-0.0108159091,0.000864370493,-0.00127975922,-0.00306567224,-0.00144674582,-0.000183891025,0.00226711575,0.00172837637,0.00360979303,0.000836992578,-0.000829190016,-0.00223388569,-0.00202472322,-0.000509852602,0.000712101755,-0.0130055817,0.00333709572,0.0031114365,-0.201905638,0.0438712016,-0.0982992873,0.418229759,-0.077768527,0.138895884,-0.314294219,-0.0705153868,0.0986174718,0.409789443,-0.404143929,-0.108292945,0.0312509313,0.161690474,0.016091872,0.33150813,0.375271499,0.0449009612,0.890400648,0.134505808,0.0176557153,0.0566054732,0.388911724,-0.357539147,0.00251308456,0.968965948,-0.186496317,-0.0322497785,0.0296446607,-0.201905638,0.0438712016,-0.0982992873,0.418229759,-0.077768527,0.138895884,-0.314294219,-0.0705153868,0.0986174643,0.409789443,-0.404143929,-0.108292945,0.0312509313,0.161690474,0.016091872,0.33150813,0.375271499,0.0449009612,0.890400648,0.134505808,0.0176557191,0.0566054694,0.388911724,-0.357539147,0.0025130827,0.968965948,-0.186496317,-0.0322497785,0.0296446607,-0.201905638,0.0438712016,-0.0982992873,0.418229759,-0.077768527,0.138895884,-0.314294219,-0.0705153868,0.0986174718,0.409789443,-0.404143929,-0.108292945,0.0312509313,0.161690474,0.016091872,0.33150813,0.375271499,0.0449009612,0.890400648,0.134505808,0.0176557153,0.0566054732,0.388911724,-0.357539147,0.00251308456,0.968965948,-0.186496317,-0.0322497785,0.0296446607
1.94687105,3214768.79,0,0,0.00615600916,8.34604725e-06,1,0.189698767,0.000305220485,1,0.511277556,0.000937794801,-0.009579123,-0.859361768,-0.00142351817,0.00328896428,-0.00736852316,-2.24207754e-44,2.24207754e-44,2.24207754e-44,-0.269135624,0.0731023997,-0.106522411,0.449830055,-0.187079087,0.0261120964,-0.221647412,-0.0598270185,0.0949754491,0.531353116,-0.314351976,0.00952779967,0.0314671919,0.0174994022,-0.00375520205,0.336478323,0.242299885,-0.001792914,0.949142337,0.130020872,0.0456471816,0.0212811679,0.367374748,-0.311386228,0.0112342909,0.976048648,-0.183356673,-0.0312468372,0.0300721377,-0.0061053168,-0.000121183388,-0.0104039079,0.00442035729,-0.00237630983,0.00304885069,-0.00872723013,0.000566207862,0.00939690787,0.00326677854,0.00115566421,-0.0104911709,0.000843018235,-0.00125368591,-0.00301065249,-0.00147826667,-0.000199639704,0.00226092455,0.00168600318,0.00343878707,0.00072494708,-0.000839353714,-0.002252365,-0.00201766496,-0.000462640775,0.000674314506,-0.0126855178,0.00324671715,0.00287277927,-0.201909065,0.0438042209,-0.0984282196,0.418380737,-0.0774633065,0.13895835,-0.314475358,-0.0703944638,0.0986947492,0.40992403,-0.404025376,-0.108370028,0.031270206,0.161742121,0.0160316639,0.331507385,0.375247955,0.0449393913,0.89045459,0.13446492,0.017636545,0.0565815419,0.388848662,-0.357575715,0.00254758447,0.968956113,-0.186650172,-0.0322187282,0.0296098553,-0.201909065,0.0438042171,-0.0984282196,0.418380737,-0.0774633065,0.13895835,-0.314475358,-0.0703944564,0.0986947417,0.40992403,-0.404025376,-0.108370021,0.031270206,0.161742121,0.0160316639,0.331507385,0.375247955,0.0449393913,0.89045459,0.13446492,0.0176365469,0.0565815419,0.388848662,-0.357575715,0.00254758447,0.968956113,-0.186650172,-0.0322187282,0.0296098553,-0.201909065,0.0438042209,-0.0984282196,0.418380737,-0.0774633065,0.13895835,-0.314475358,-0.0703944638,0.0986947492,0.40992403,-0.404025376,-0.108370028,0.031270206,0.161742121,0.0160316639,0.331507385,0.375247955,0.0449393913,0.89045459,0.13446492,0.017636545,0.0565815419,0.388848662,-0.357575715,0.00254758447,0.968956113,-0.186650172,-0.0322187282,0.0296098553
1.94996067,3214768.8,2,0,0.00924563501,0.000108900946,1,0.189698767,0,1,0.51126498,0.000942181097,-0.00957332365,-0.859369338,-0.00139359117,0.00330199534,-0.00737097487,-2.24207754e-44,2.24207754e-44,2.24207754e-44,-0.269160062,0.0731019303,-0.106564067,0.449847847,-0.187088698,0.0261244271,-0.221682444,-0.0598247163,0.0950130075,0.531366527,-0.314347565,0.00948595721,0.0314705707,0.0174944084,-0.00376733392,0.336472362,0.242299065,-0.00178385898,0.949149013,0.130034447,0.0456499495,0.021277789,0.367365718,-0.311394304,0.0112325028,0.976051331,-0.183407381,-0.0312338956,0.0300833695,-0.00609345175,-0.000114705916,-0.010414796,0.0044499631,-0.00241303327,0.00309199328,-0.00875754096,0.00057681679,0.00938372687,0.00337789813,0.00108998537,-0.010446216,0.000845016562,-0.00124627224,-0.00303603848,-0.00149005372,-0.000204319716,0.00226415787,0.0016762478,0.00337785902,0.00068222743,-0.00084591459,-0.00226425077,-0.00201993203,-0.000442530698,0.000659449666,-0.0126661761,0.00323063461,0.00278844335,-0.201909065,0.0438042209,-0.0984282196,0.418380737,-0.0774633065,0.13895835,-0.314475358,-0.0703944638,0.0986947492,0.40992403,-0.404025376,-0.108370028,0.031270206,0.161742121,0.0160316639,0.331507385,0.375247955,0.0449393913,0.89045459,0.13446492,0.017636545,0.0565815419,0.388848662,-0.357575715,0.00254758447,0.968956113,-0.186650172,-0.0322187282,0.0296098553,-0.201909065,0.0438042171,-0.0984282196,0.418380737,-0.0774633065,0.13895835,-0.314475358,-0.0703944564,0.0986947417,0.40992403,-0.404025376,-0.108370021,0.031270206,0.161742121,0.0160316639,0.331507385,0.375247955,0.0449393913,0.89045459,0.13446492,0.0176365469,0.0565815419,0.388848662,-0.357575715,0.00254758447,0.968956113,-0.186650172,-0.0322187282,0.0296098553,-0.201909065,0.0438042209,-0.0984282196,0.418380737,-0.0774633065,0.13895835,-0.314475358,-0.0703944638,0.0986947492,0.40992403,-0.404025376,-0.108370028,0.031270206,0.161742121,0.0160316639,0.331507385,0.375247955,0.0449393913,0.89045459,0.13446492,0.017636545,0.0565815419,0.388848662,-0.357575715,0.00254758447,0.968956113,-0.186650172,-0.0322187282,0.0296098553
