elapsed_s,steady_s,event,reason_mask,result_age_s,frame_age_s,command_gain,inference_ms,peak_control_target_step_rad,ready,qw,qx,qy,qz,gx,gy,gz,cmd_x,cmd_y,cmd_yaw,q0,q1,q2,q3,q4,q5,q6,q7,q8,q9,q10,q11,q12,q13,q14,q15,q16,q17,q18,q19,q20,q21,q22,q23,q24,q25,q26,q27,q28,dq0,dq1,dq2,dq3,dq4,dq5,dq6,dq7,dq8,dq9,dq10,dq11,dq12,dq13,dq14,dq15,dq16,dq17,dq18,dq19,dq20,dq21,dq22,dq23,dq24,dq25,dq26,dq27,dq28,previous_target0,previous_target1,previous_target2,previous_target3,previous_target4,previous_target5,previous_target6,previous_target7,previous_target8,previous_target9,previous_target10,previous_target11,previous_target12,previous_target13,previous_target14,previous_target15,previous_target16,previous_target17,previous_target18,previous_target19,previous_target20,previous_target21,previous_target22,previous_target23,previous_target24,previous_target25,previous_target26,previous_target27,previous_target28,candidate0,candidate1,candidate2,candidate3,candidate4,candidate5,candidate6,candidate7,candidate8,candidate9,candidate10,candidate11,candidate12,candidate13,candidate14,candidate15,candidate16,candidate17,candidate18,candidate19,candidate20,candidate21,candidate22,candidate23,candidate24,candidate25,candidate26,candidate27,candidate28,applied0,applied1,applied2,applied3,applied4,applied5,applied6,applied7,applied8,applied9,applied10,applied11,applied12,applied13,applied14,applied15,applied16,applied17,applied18,applied19,applied20,applied21,applied22,applied23,applied24,applied25,applied26,applied27,applied28
0,3188550.52,1,0,0,2.7007889e-05,0,0,0,0,0.425967783,-0.0176694933,-0.0194315929,0.904357016,0.00182576582,-0.00441405643,0.00922806561,-2.24207754e-44,2.24207754e-44,0.509426057,-0.162777364,0.087120913,-0.0258519817,0.428640246,-0.282462001,-0.0431944951,-0.159700289,0.0426532775,-0.0636299998,0.22340706,-0.0806693956,-0.00668766862,0.00594330253,0.0575252324,-0.0278844088,0.297164708,0.396055192,0.0476778075,1.01601529,0.118471757,-0.0913027301,0.0881349146,0.340097845,-0.23941882,0.0405313931,0.930011153,-0.0916105285,0.00278257183,-0.019183537,-0.00263616955,-0.00885722972,-0.0488354564,-0.00172282523,0.00655055279,-0.0104781641,-0.00482246932,0.0129927266,0.0329119563,0.00658409856,0.00155902712,-0.00493205246,-0.0027884061,-0.00143214874,0.0082112262,0.00230837124,-0.00298141921,0.00150149642,-0.0216058325,0.0108013274,0.0296676513,0.00215424877,-0.0169805661,0.00209068996,-0.000162025535,0.0173486285,-0.00764512923,-0.00447024731,0.00248372159,-0.199463889,0.0782591403,-0.0494750813,0.350004554,-0.190628186,-0.0629463345,-0.129729688,-0.00615486922,-0.0249879435,0.221556604,0.0164779723,0.0101877395,0.00591107877,0.295264691,-0.0243002083,0.278299868,0.585302353,0.114908874,0.941472054,0.120486774,-0.126317739,0.14253588,0.353024334,-0.273762792,0.0331593975,0.925005734,-0.0937517434,-0.00155442883,-0.019525595,-0.199463889,0.0782591403,-0.0494750813,0.350004554,-0.190628186,-0.0629463345,-0.129729688,-0.00615486922,-0.0249879435,0.221556604,0.0164779723,0.0101877395,0.00591107877,0.295264691,-0.0243002083,0.278299868,0.585302353,0.114908874,0.941472054,0.120486774,-0.126317739,0.14253588,0.353024334,-0.273762792,0.0331593975,0.925005734,-0.0937517434,-0.00155442883,-0.019525595,-0.199463889,0.0782591403,-0.0494750813,0.350004554,-0.190628186,-0.0629463345,-0.129729688,-0.00615486922,-0.0249879435,0.221556604,0.0164779723,0.0101877395,0.00591107877,0.295264691,-0.0243002083,0.278299868,0.585302353,0.114908874,0.941472054,0.120486774,-0.126317739,0.14253588,0.353024334,-0.273762792,0.0331593975,0.925005734,-0.0937517434,-0.00155442883,-0.019525595
0.0109119751,3188550.53,0,0,0.0104530351,4.21190634e-06,0,0.143842306,1.61528587e-05,1,0.425926119,-0.0176480971,-0.0194315519,0.904377043,0.00174047553,-0.00396393333,0.00929047912,-2.24207754e-44,2.24207754e-44,0.592407465,-0.162803397,0.0870322362,-0.0263370294,0.428622276,-0.282398909,-0.0432975553,-0.159747928,0.0427818187,-0.0633014664,0.223470941,-0.080655247,-0.00673540682,0.00591567112,0.0575106665,-0.0278053824,0.297188073,0.396025717,0.0476932153,1.01580656,0.11857947,-0.0910121799,0.0881556049,0.339932084,-0.239398137,0.0405297801,0.930182934,-0.0916866437,0.00273658754,-0.019158097,-0.00258122897,-0.00901861861,-0.0485776179,-0.00182104507,0.00617463887,-0.0102626914,-0.00473266514,0.0126919737,0.0327595659,0.00644975808,0.00121925538,-0.0046635936,-0.00278885267,-0.00151406112,0.00780537631,0.00239791139,-0.00296755391,0.00155139703,-0.0223473553,0.0108223855,0.0314036123,0.00192967965,-0.016849909,0.00205383729,-0.000158377748,0.0184529051,-0.00764692156,-0.00480193272,0.00263226777,-0.199448466,0.0782696158,-0.0494792685,0.34997943,-0.190590709,-0.06293457,-0.129740894,-0.00618876563,-0.0249772668,0.221581742,0.0164486337,0.0101981303,0.00589952338,0.295220435,-0.024280699,0.278301716,0.585285664,0.114894725,0.941455901,0.120496139,-0.126305819,0.142526627,0.353028476,-0.273774147,0.0331479758,0.925005317,-0.093748115,-0.00156241679,-0.0195180662,-0.139599293,0.118925199,-0.0657286867,0.252521932,-0.0451575071,-0.0172882099,-0.173221916,-0.137728751,0.0164544415,0.319115907,-0.0974016339,0.0505220518,-0.0389424562,0.123506181,0.0514278822,0.285521269,0.520507336,0.059995655,0.878782868,0.156843096,-0.0800363943,0.106612727,0.369065851,-0.317831844,-0.0111830169,0.923323929,-0.0796619356,-0.0325611047,0.0096976757,-0.199442834,0.0782734379,-0.0494807959,0.349970281,-0.19057703,-0.0629302785,-0.129744977,-0.00620113499,-0.0249733701,0.221590906,0.0164379291,0.0102019226,0.00589530682,0.295204282,-0.0242735799,0.278302401,0.585279584,0.114889562,0.94145,0.120499559,-0.126301467,0.142523244,0.353029966,-0.27377829,0.0331438035,0.925005138,-0.0937467888,-0.00156533183,-0.0195153188
0.020920774,3188550.54,0,0,0.0003817291,5.37699088e-06,0,0.138288829,6.37769699e-05,1,0.425884187,-0.0176287275,-0.0194306523,0.904397249,0.00179002003,-0.00342756626,0.00908516906,-2.24207754e-44,2.24207754e-44,0.66148138,-0.162828788,0.086941205,-0.0268189535,0.428602815,-0.282339066,-0.0433979444,-0.159796536,0.0429063141,-0.0629745722,0.223537177,-0.0806460381,-0.0067800968,0.00588797638,0.0574949495,-0.0277300067,0.297212124,0.395996302,0.0477090031,1.01558626,0.118687339,-0.0906986743,0.0881740525,0.339766085,-0.239377931,0.0405280627,0.930367827,-0.0917625353,0.00268761115,-0.0191311184,-0.00249762693,-0.00914979167,-0.0477581285,-0.00207978394,0.00588191301,-0.00984205026,-0.00508193159,0.0122560579,0.0327080674,0.00691430783,0.00065792253,-0.0043210173,-0.00274476712,-0.0016405104,0.007355134,0.00239910139,-0.00290758349,0.0016013541,-0.0210471209,0.0107363686,0.0301748812,0.00182170887,-0.0162066277,0.00199433626,-0.000188774109,0.017791748,-0.00751794921,-0.00491727097,0.00273107504,-0.199325979,0.0783528164,-0.0495125242,0.349779993,-0.190293074,-0.0628411546,-0.129829884,-0.00645796163,-0.0248924773,0.221781343,0.0162156411,0.0102806529,0.00580775458,0.294869035,-0.0241257623,0.278316498,0.585153103,0.114782378,0.941327631,0.120570526,-0.126211122,0.142453134,0.353061289,-0.273864299,0.0330572501,0.92500186,-0.0937192887,-0.00162585557,-0.0194582772,-0.139534861,0.118862435,-0.0662528351,0.252712458,-0.04455553,-0.017318394,-0.173256218,-0.137588307,0.0167804249,0.319312543,-0.0972964019,0.0504497141,-0.0388561413,0.123593777,0.0512683503,0.285615623,0.520521522,0.0600441359,0.878588378,0.156661376,-0.0799692348,0.106623769,0.369189978,-0.317775428,-0.0111122392,0.923492789,-0.079625465,-0.0325575806,0.00964292698,-0.199303508,0.0783677995,-0.0495199822,0.349744171,-0.190237269,-0.0628242269,-0.129846171,-0.00650660833,-0.0248761643,0.221818224,0.0161734913,0.0102954879,0.0057912739,0.294805259,-0.0240979735,0.278319448,0.585128963,0.114762045,0.94130379,0.120583586,-0.126193702,0.142439768,0.353067607,-0.273880571,0.0330409184,0.925001681,-0.0937139392,-0.00163739873,-0.0194475353
0.0309431618,3188550.55,0,0,0.0104041169,2.21268274e-05,0,0.138288829,0.000134497881,1,0.425852686,-0.017614577,-0.0194276646,0.904412389,0.00242351554,-0.00290156784,0.00838853233,-2.24207754e-44,2.24207754e-44,0.722210407,-0.162847847,0.0868659839,-0.0271936096,0.428583086,-0.28229171,-0.0434738919,-0.159844771,0.0430002436,-0.0627109259,0.223604605,-0.0806471705,-0.00681250961,0.00586617412,0.0574788414,-0.0276714601,0.297231376,0.395973623,0.0477220304,1.01543093,0.118772648,-0.0904752836,0.0881886482,0.339642197,-0.239362285,0.0405261479,0.930493534,-0.0918214843,0.00264811865,-0.0191087201,-0.00229155552,-0.0096533224,-0.0461689346,-0.00277697761,0.00600815238,-0.00925423764,-0.00686791399,0.0113127818,0.0331811979,0.00982067175,-0.000821433205,-0.00385787804,-0.00272430317,-0.00236378075,0.00738957478,0.0024190133,-0.00278220279,0.0016422919,-0.0185752045,0.0106272902,0.0267077852,0.00182760577,-0.0150486808,0.00193350308,-0.000280424283,0.0142145362,-0.00726268301,-0.00496197352,0.00285794889,-0.198996753,0.0785756409,-0.0496058613,0.349246174,-0.189489558,-0.0625906661,-0.130068973,-0.00717938412,-0.0246623624,0.222318605,0.0155911082,0.0105015794,0.00556212105,0.293926537,-0.0237111561,0.27835688,0.584797382,0.114481203,0.940981865,0.120768756,-0.125956461,0.142255947,0.353150338,-0.274105877,0.0328143016,0.924993932,-0.0936416313,-0.00179609633,-0.0192982275,-0.139534861,0.118862435,-0.0662528351,0.252712458,-0.04455553,-0.017318394,-0.173256218,-0.137588307,0.0167804249,0.319312543,-0.0972964019,0.0504497141,-0.0388561413,0.123593777,0.0512683503,0.285615623,0.520521522,0.0600441359,0.878588378,0.156661376,-0.0799692348,0.106623769,0.369189978,-0.317775428,-0.0111122392,0.923492789,-0.079625465,-0.0325575806,0.00964292698,-0.198949799,0.0786074474,-0.0496190079,0.34916994,-0.189375132,-0.0625549257,-0.130103067,-0.00728234649,-0.0246296413,0.222395182,0.0155019797,0.0105331196,0.00552705163,0.293792039,-0.0236519575,0.278362632,0.584746659,0.114438228,0.940932631,0.12079709,-0.125920147,0.142227814,0.353163004,-0.274140358,0.0327796228,0.92499274,-0.0936305672,-0.00182038359,-0.0192753784
0.0419470798,3188550.56,0,0,0.00137298368,2.32439488e-05,0,0.198609196,0.000241190195,1,0.425813198,-0.0175932255,-0.0194099844,0.90443176,0.00594488624,-0.0012260587,0.00628969492,-2.24207754e-44,2.24207754e-44,0.779120624,-0.162870154,0.0867318511,-0.0277194809,0.428525507,-0.282207072,-0.0435760468,-0.159977153,0.0431111939,-0.062298853,0.223803326,-0.0806932598,-0.00685073808,0.00583224557,0.0574264266,-0.0275777504,0.297263443,0.395942062,0.0477419049,1.01520884,0.118899986,-0.0901609659,0.088210538,0.339466423,-0.239339739,0.0405208096,0.930626273,-0.0919046178,0.00258585252,-0.0190711692,-0.00140725332,-0.0128270816,-0.0416474976,-0.00740871765,0.00843481254,-0.00790486299,-0.0152478302,0.00715208007,0.0355746932,0.022904776,-0.00661003962,-0.00261221314,-0.00295653217,-0.00653321529,0.00781494845,0.0032001154,-0.00250244443,0.001663303,-0.0194846522,0.01063246,0.0270951279,0.00182190281,-0.0147514958,0.00184500858,-0.000586842245,0.00953752734,-0.00665586814,-0.00542971119,0.00338416174,-0.198300913,0.0790506154,-0.049807746,0.348142117,-0.187776491,-0.0620665364,-0.130569682,-0.0086741792,-0.024178315,0.223442793,0.0142832324,0.0109653687,0.00505333068,0.291951627,-0.0228551626,0.278441966,0.584047079,0.113855928,0.940257907,0.121178962,-0.12542586,0.141842514,0.353339642,-0.274606973,0.0323092751,0.924979389,-0.0934797972,-0.00215371582,-0.0189655647,-0.138946325,0.119444959,-0.0667859241,0.253088832,-0.0422344506,-0.0171642955,-0.173440635,-0.137252212,0.0171426553,0.319708169,-0.0977297127,0.0506532565,-0.0387235656,0.122863032,0.0508956276,0.285694391,0.519983053,0.0601167865,0.878290534,0.1565063,-0.0799073279,0.106454819,0.369432539,-0.317691714,-0.0110784555,0.923635721,-0.0796002895,-0.032739535,0.00961669441,-0.198216259,0.0791082308,-0.0498319641,0.348006517,-0.187568888,-0.0620024875,-0.130630836,-0.00885758549,-0.0241193753,0.223580107,0.0141234556,0.011021981,0.00499088643,0.291710436,-0.0227499641,0.278452307,0.583955705,0.113779277,0.940169513,0.121229358,-0.125360936,0.141792029,0.35336262,-0.274668425,0.0322473869,0.924977481,-0.0934599936,-0.00219734409,-0.0189247951
0.05291533,3188550.57,0,0,0.0123412339,5.58514148e-06,0,0.198609196,0.000348836184,1,0.425800949,-0.0175765436,-0.019349847,0.904439151,0.0137707312,0.00405643322,-0.000908401213,-2.24207754e-44,2.24207754e-44,0.826139569,-0.162871823,0.0865395442,-0.0281470995,0.428344786,-0.282060355,-0.0436584651,-0.160285369,0.0431508198,-0.0618135333,0.224242881,-0.0808395445,-0.00687181624,0.00579184946,0.0572832376,-0.0275005177,0.297359943,0.395916343,0.0477630198,1.01488245,0.119028777,-0.0897588208,0.0882337838,0.339267999,-0.239318103,0.0405100882,0.930728912,-0.0919783339,0.00251358328,-0.0190228205,0.00100367656,-0.0184921604,-0.0305223875,-0.0214380641,0.0154478047,-0.00609093066,-0.0344025269,0.000385937601,0.0448783338,0.0481295176,-0.0169408862,-0.00117240509,-0.00410166243,-0.0164729133,0.00551081263,0.0129123041,-0.00180920842,0.00186511921,-0.0348115638,0.0108263465,0.0396188013,0.00207447493,-0.0185787529,0.00176761823,-0.00115408888,0.00804588292,-0.00573471049,-0.00653282693,0.00458035991,-0.197197556,0.0798015147,-0.05012336,0.346375138,-0.185070962,-0.061231833,-0.131366625,-0.0110643618,-0.0234101862,0.225232303,0.0122009842,0.011703141,0.00423954614,0.288808376,-0.0214841831,0.278576791,0.582856178,0.112856954,0.939105928,0.121835679,-0.124579705,0.141184673,0.353638798,-0.27540791,0.0315027237,0.924954414,-0.0932217836,-0.00272228662,-0.0184342396,-0.138946325,0.119444959,-0.0667859241,0.253088832,-0.0422344506,-0.0171642955,-0.173440635,-0.137252212,0.0171426553,0.319708169,-0.0977297127,0.0506532565,-0.0387235656,0.122863032,0.0508956276,0.285694391,0.519983053,0.0601167865,0.878290534,0.1565063,-0.0799073279,0.106454819,0.369432539,-0.317691714,-0.0110784555,0.923635721,-0.0796002895,-0.032739535,0.00961669441,-0.197075099,0.0798848569,-0.0501583852,0.346179038,-0.184770688,-0.0611391962,-0.131455079,-0.0113296323,-0.0233249366,0.225430906,0.0119698895,0.011785022,0.0041492302,0.288459539,-0.0213320274,0.278591752,0.582724035,0.112746082,0.938978136,0.12190856,-0.124485798,0.141111657,0.353671998,-0.275496781,0.0314132124,0.924951673,-0.0931931511,-0.00278538838,-0.0183752701
0.0629477762,3188550.58,0,0,0.00234147813,1.95731409e-05,0,0.204653013,0.000705689192,1,0.425819814,-0.0175520666,-0.019241007,0.904433072,0.0288062114,0.00319056492,-0.00491514569,-2.24207754e-44,2.24207754e-44,0.861162007,-0.162792981,0.0862793103,-0.0283868946,0.427972645,-0.281818271,-0.0437053442,-0.160747781,0.0430709682,-0.0613138117,0.224940702,-0.0811157003,-0.00687010866,0.00569385989,0.0570189618,-0.0274207257,0.297571808,0.39590472,0.0477841534,1.01440275,0.119139493,-0.0892529115,0.0882580504,0.339028209,-0.239300177,0.0404945947,0.930805802,-0.0920296311,0.00243635406,-0.0189677756,0.0168271288,-0.0330200046,-0.0194370542,-0.0518027209,0.0321686193,-0.00354786287,-0.0527567305,-0.0156260561,0.0533504486,0.0869719833,-0.0366350189,0.00134333293,-0.0153352395,-0.0349441655,0.012942032,0.0268665999,-0.000654401199,0.00231337082,-0.0579349697,0.011494833,0.0593099594,0.00270810188,-0.0288882721,0.00184128073,-0.00185160968,0.00750342757,-0.00467483979,-0.00970957801,0.00623332616,-0.195711836,0.0808662474,-0.050563138,0.344184011,-0.181284353,-0.0601494163,-0.132383063,-0.0140450224,-0.0224011689,0.227571413,0.00948587898,0.0126797259,0.00321713206,0.284711838,-0.0198024772,0.278769106,0.581255496,0.111591935,0.937618256,0.122662947,-0.123499423,0.140318662,0.354045093,-0.276421547,0.0304743871,0.924927413,-0.0928976908,-0.00347353076,-0.0177507177,-0.137521923,0.121299416,-0.0674375892,0.253914297,-0.0363725573,-0.0167725086,-0.173533857,-0.13641195,0.0177166332,0.320853919,-0.0989532098,0.0513274744,-0.0385627896,0.12104959,0.0499520041,0.286046326,0.518493414,0.0601501726,0.877850831,0.15641284,-0.0797906741,0.105932273,0.369875789,-0.317655861,-0.0111669321,0.923713088,-0.0796523765,-0.0332365297,0.00977553986,-0.195545927,0.0809815302,-0.0506112464,0.343926638,-0.180871189,-0.0600257441,-0.132500395,-0.0143939052,-0.0222867895,0.227837369,0.00917670596,0.0127899144,0.00309801265,0.284245223,-0.0196035989,0.278789848,0.581076562,0.11144527,0.937447906,0.122759171,-0.123374805,0.140220627,0.354090214,-0.276539117,0.030355664,0.924923956,-0.0928599313,-0.00355838868,-0.017672237
0.0744571881,3188550.59,0,0,0.0138508901,7.40215182e-06,0,0.204653013,0.00203296542,1,0.425840437,-0.017450219,-0.0190545954,0.904429317,0.0527496822,-0.00652217912,-0.00211782008,-2.24207754e-44,2.24207754e-44,0.887232125,-0.16242671,0.085798122,-0.0285286568,0.427156955,-0.281332672,-0.0437199771,-0.16136004,0.0427530445,-0.0607472211,0.226123005,-0.0816557109,-0.00683380663,0.00541293668,0.05650644,-0.0271774475,0.297924757,0.395905137,0.0478095077,1.01366234,0.119291611,-0.0885036737,0.0882877856,0.338661075,-0.239281833,0.0404700339,0.930878639,-0.0920687094,0.00224564713,-0.0188880973,0.0512988418,-0.0598501191,-0.0110512348,-0.104216173,0.0611149967,0.000108240136,-0.067502737,-0.0442772061,0.058438357,0.141522065,-0.0671120435,0.00539200054,-0.0378808193,-0.0634980798,0.0321938284,0.0411712602,0.000504951167,0.00265799509,-0.0854224265,0.0191032328,0.0864762366,0.00309279398,-0.0417086855,0.00179591822,-0.00294243707,0.00714334985,-0.00333958096,-0.0273795482,0.0108005926,-0.194088519,0.0819942132,-0.0510338843,0.341665775,-0.177241758,-0.0589393303,-0.133531049,-0.0174586866,-0.0212820042,0.230173707,0.00646075793,0.0137578798,0.00205159956,0.280146152,-0.0178565402,0.278972119,0.579504609,0.110156871,0.935950935,0.123604469,-0.122280084,0.139359385,0.354486704,-0.277571857,0.0293127224,0.924893558,-0.0925281867,-0.00430382788,-0.016982818,-0.137521923,0.121299416,-0.0674375892,0.253914297,-0.0363725573,-0.0167725086,-0.173533857,-0.13641195,0.0177166332,0.320853919,-0.0989532098,0.0513274744,-0.0385627896,0.12104959,0.0499520041,0.286046326,0.518493414,0.0601501726,0.877850831,0.15641284,-0.0797906741,0.105932273,0.369875789,-0.317655861,-0.0111669321,0.923713088,-0.0796523765,-0.0332365297,0.00977553986,-0.193365693,0.0824964643,-0.0512434915,0.340544462,-0.175441697,-0.0584005155,-0.134042218,-0.0189786982,-0.0207836721,0.231332436,0.00511375535,0.0142379524,0.00153261982,0.278113186,-0.0169900674,0.27906251,0.57872498,0.109517872,0.935208559,0.124023698,-0.121737145,0.138932243,0.354683369,-0.278084069,0.028795464,0.924878478,-0.0923636556,-0.00467353594,-0.0166408941
0.0849161898,3188550.6,0,0,0.00434324797,4.7236681e-06,0,0.195282977,0.00150030851,1,0.425825983,-0.0171943195,-0.0186950527,0.904448509,0.0882093459,-0.01846621,0.00862159859,-2.24207754e-44,2.24207754e-44,0.913243294,-0.16149044,0.0848001167,-0.0286177378,0.425376981,-0.280304402,-0.0436834544,-0.16231069,0.0419249199,-0.0600336604,0.228330567,-0.0827516913,-0.00672970247,0.00473073032,0.0554678179,-0.0266439002,0.298524141,0.395916671,0.0478399917,1.01242924,0.119656384,-0.0872296244,0.0883219466,0.338089079,-0.239264116,0.0404220782,0.930960059,-0.0920963138,0.0017112653,-0.0186090432,0.0995434821,-0.102026761,-0.00468671368,-0.183949992,0.105521724,0.00542647811,-0.0886868164,-0.0889586359,0.06029566,0.218218744,-0.110903651,0.01135334,-0.07135766,-0.105153173,0.0539850518,0.056533765,0.00131612865,0.0024292625,-0.116776586,0.0400228798,0.122266069,0.00261906488,-0.0517264009,0.00124229747,-0.00484344456,0.00652092183,-0.00147235231,-0.0582248233,0.035517171,-0.190889835,0.0846117064,-0.0520170666,0.33742094,-0.169014692,-0.0567302741,-0.135806158,-0.0233541634,-0.0191633739,0.234960482,0.000392656773,0.0158632621,0.000125119928,0.271596313,-0.0144857438,0.279514074,0.575984895,0.107587367,0.932928503,0.125307471,-0.120009333,0.137525767,0.355295062,-0.279610455,0.0272382703,0.924867034,-0.0919164419,-0.00587790273,-0.0155803878,-0.13529399,0.125803009,-0.068499811,0.255826414,-0.0288685113,-0.016424112,-0.175207198,-0.134877786,0.0186042879,0.321873873,-0.103907712,0.0526644774,-0.0373921841,0.118125819,0.0491531901,0.287387222,0.515568495,0.0601132773,0.877530277,0.156565771,-0.0791043639,0.10503915,0.370018929,-0.31752792,-0.011155487,0.923967898,-0.0800160095,-0.0339121632,0.0100011174,-0.190631136,0.0848033875,-0.0520937666,0.337041259,-0.168362543,-0.0565427169,-0.135989502,-0.0238731187,-0.0189876296,0.235364914,-9.26870853e-05,0.01603451,-4.94602136e-05,0.270882159,-0.0141896112,0.279550701,0.57570374,0.107366458,0.932670712,0.125452921,-0.119818985,0.137374595,0.355363578,-0.279786915,0.0270596128,0.924862862,-0.0918610692,-0.00600835495,-0.0154613489
0.0949194231,3188550.61,0,0,0.0143464813,6.96210191e-06,0,0.195282977,0.00185859203,1,0.425765663,-0.0168474354,-0.0182495955,0.904492497,0.124941319,-0.0296541471,0.0197513048,-2.24207754e-44,2.24207754e-44,0.930335581,-0.160207242,0.0835210457,-0.0286243465,0.423053682,-0.278978556,-0.0435962379,-0.163345188,0.0407614708,-0.0594123341,0.231005698,-0.0841390118,-0.00657324027,0.00385305518,0.0541589931,-0.0259856284,0.299164146,0.395931989,0.0478606261,1.01105452,0.120211259,-0.0857700482,0.0883408487,0.337547392,-0.239255086,0.0403506905,0.931021094,-0.0920999795,0.000931461982,-0.0180614889,0.147740141,-0.145703465,0.00161500101,-0.265424252,0.151115194,0.0110141831,-0.113276102,-0.135213524,0.0629019961,0.300554752,-0.157452911,0.0191687588,-0.099093087,-0.148275182,0.0736034065,0.0686444268,0.00155030389,0.00171071745,-0.150783062,0.066431284,0.161342219,0.0012751919,-0.0551714115,0.000737897702,-0.0108230775,0.00579537917,0.000404170278,-0.0909195244,0.0677877665,-0.188133091,0.0866542011,-0.052834373,0.333375037,-0.162065461,-0.054731667,-0.137759879,-0.0288841296,-0.0172906425,0.239270136,-0.00477913953,0.0176880732,-0.00173519831,0.263986379,-0.0113301687,0.279904455,0.572989106,0.105233334,0.930181503,0.12685743,-0.117981032,0.135914892,0.356025159,-0.281490624,0.0253344923,0.92482245,-0.0913263559,-0.00726799853,-0.0143119134,-0.13529399,0.125803009,-0.068499811,0.255826414,-0.0288685113,-0.016424112,-0.175207198,-0.134877786,0.0186042879,0.321873873,-0.103907712,0.0526644774,-0.0373921841,0.118125819,0.0491531901,0.287387222,0.515568495,0.0601132773,0.877530277,0.156565771,-0.0791043639,0.10503915,0.370018929,-0.31752792,-0.011155487,0.923967898,-0.0800160095,-0.0339121632,0.0100011174,-0.187838018,0.0868728161,-0.052921854,0.332941979,-0.161321655,-0.0545177497,-0.137969002,-0.0294760223,-0.0170901977,0.239731416,-0.00533269718,0.0178833902,-0.00193431554,0.263171852,-0.0109924152,0.279946268,0.572668433,0.104981378,0.929887533,0.127023324,-0.117763937,0.135742471,0.356103301,-0.281691849,0.0251307245,0.924817681,-0.0912631974,-0.00741678569,-0.0141761433
0.104921246,3188550.62,0,0,0.00427946914,7.40587711e-06,0,0.260629226,0.00268428028,1,0.42564556,-0.0163737703,-0.0176595505,0.904569447,0.162492901,-0.0408603251,0.0346097909,-2.24207754e-44,2.24207754e-44,0.945573211,-0.15844366,0.0817947313,-0.0285863411,0.419901758,-0.277188063,-0.0434491523,-0.164614663,0.0391226448,-0.0587837957,0.234484285,-0.0859836191,-0.00631023943,0.00269221328,0.0524221249,-0.0251384769,0.299903482,0.395943075,0.0478687659,1.0093751,0.121048421,-0.0839561746,0.0883397609,0.337002695,-0.239248082,0.040087685,0.931073487,-0.092083931,-0.000152325723,-0.017197255,0.19672887,-0.191645384,0.00541118765,-0.350326985,0.198775902,0.0176726654,-0.136482224,-0.184109733,0.0630368739,0.381286532,-0.203556553,0.0317926258,-0.127763763,-0.191634819,0.0927895978,0.0777246505,0.000791229075,0.000175540816,-0.180586651,0.0954860002,0.19558771,-0.00109144975,-0.0539039783,0.0007374899,-0.0396737382,0.00487002218,0.00246967562,-0.120139211,0.0993405133,-0.184333637,0.0907649398,-0.0541215427,0.329535574,-0.152221054,-0.0523556881,-0.140727967,-0.0344683751,-0.0148740504,0.244297177,-0.0127249397,0.0202578828,-0.00328934425,0.254630417,-0.00800657272,0.280908614,0.568606317,0.102568269,0.927026391,0.128750131,-0.115349397,0.133870944,0.356694728,-0.283523023,0.0232773647,0.924848795,-0.0908345953,-0.00908096321,-0.0127655286,-0.132198781,0.133856595,-0.0701320171,0.259004891,-0.019880265,-0.0158631261,-0.178625137,-0.132029206,0.0199757461,0.322655141,-0.113350436,0.0549569242,-0.0349915661,0.11461544,0.0481369831,0.289897621,0.511076212,0.0600458309,0.877250552,0.157223478,-0.0775554031,0.104013845,0.36934188,-0.317154229,-0.0107735032,0.924308121,-0.0807828754,-0.0350154079,0.010527866,-0.1839903,0.0910487175,-0.0542269796,0.329071075,-0.151349515,-0.0521153621,-0.140977547,-0.0351108722,-0.0146445427,0.244813204,-0.0133876204,0.0204863958,-0.00349812349,0.253708333,-0.00763683207,0.280967802,0.56822747,0.102288239,0.926698625,0.128937647,-0.115100503,0.133674309,0.356777996,-0.283744514,0.0230531171,0.924845278,-0.0907683969,-0.00925175752,-0.0126121277
0.115918932,3188550.63,0,0,0.0152771552,6.62403181e-06,0,0.260629226,0.00100623071,1,0.425478667,-0.0157786887,-0.0169173349,0.904672742,0.200332955,-0.049471993,0.0425606258,-2.24207754e-44,2.24207754e-44,0.958660662,-0.156211928,0.0796204656,-0.0284736753,0.415920794,-0.274932772,-0.0432179123,-0.166171342,0.0370059982,-0.0581086688,0.238825813,-0.0883088335,-0.00590264611,0.00133716827,0.0502468012,-0.0241225548,0.300716668,0.395942271,0.047858797,1.00735021,0.122208208,-0.0817710757,0.0883032605,0.336524665,-0.239241913,0.0394430608,0.931116879,-0.0920488983,-0.00154817547,-0.0160297863,0.24274154,-0.235444292,0.0155006573,-0.431769818,0.2442884,0.0275374968,-0.167791486,-0.230919868,0.0706850514,0.470403045,-0.252484024,0.0468185358,-0.141451508,-0.235660166,0.109095268,0.0842126384,-0.000541450921,-0.00172577205,-0.218252555,0.128844976,0.234074503,-0.00612623431,-0.044352524,0.000493404455,-0.0825221986,0.00399701158,0.00430035079,-0.151949614,0.128172442,-0.180394143,0.0940210894,-0.0553313494,0.324206024,-0.142220944,-0.0495981872,-0.143591613,-0.0418404005,-0.0122406827,0.250218153,-0.0203285404,0.0228798576,-0.00568487169,0.244050413,-0.00376417488,0.281587839,0.564259171,0.0993551314,0.923265159,0.130901679,-0.11249356,0.131614834,0.357650369,-0.286064327,0.0207043663,0.924807966,-0.0900750533,-0.0110406578,-0.0110054016,-0.132198781,0.133856595,-0.0701320171,0.259004891,-0.019880265,-0.0158631261,-0.178625137,-0.132029206,0.0199757461,0.322655141,-0.113350436,0.0549569242,-0.0349915661,0.11461544,0.0481369831,0.289897621,0.511076212,0.0600458309,0.877250552,0.157223478,-0.0775554031,0.104013845,0.36934188,-0.317154229,-0.0107735032,0.924308121,-0.0807828754,-0.0350154079,0.010527866,-0.180019483,0.0943307653,-0.0554464087,0.323699176,-0.141269863,-0.0493359342,-0.143863961,-0.0425415225,-0.0119902333,0.250781298,-0.02105169,0.0231292248,-0.0059127002,0.243044183,-0.003360698,0.281652451,0.563845694,0.0990495458,0.922907472,0.131106302,-0.112221949,0.131400272,0.357741266,-0.286306024,0.0204596594,0.924804091,-0.0900028199,-0.0112270359,-0.0108380029
0.125919027,3188550.64,0,0,0.00529588899,6.74370676e-06,0,0.243533868,0.00484200567,1,0.425261229,-0.0150558567,-0.0160276294,0.904803455,0.236979321,-0.0608189367,0.0566278212,-2.24207754e-44,2.24207754e-44,0.967895508,-0.153502017,0.076998964,-0.0282920972,0.411117435,-0.272215366,-0.0428732485,-0.16798991,0.0344124921,-0.0573881865,0.244011611,-0.091106452,-0.00535337301,-0.000199203932,0.0476386137,-0.0229102932,0.301595807,0.3959319,0.0478313863,1.00495517,0.123656757,-0.0792396516,0.0881497785,0.336137712,-0.239242598,0.0383235365,0.93115133,-0.0919927284,-0.00321033993,-0.014619993,0.290063798,-0.280190855,0.0197204817,-0.513192356,0.290351957,0.0391808674,-0.190968543,-0.278543741,0.0728440657,0.550441682,-0.297889829,0.0602702759,-0.162142605,-0.277700871,0.129514843,0.0905572921,-0.0012813044,-0.00339261652,-0.253899068,0.154730707,0.265402973,-0.0229347739,-0.0348242447,-0.000523151131,-0.132051796,0.00308813807,0.00654917303,-0.174973458,0.148855388,-0.175086141,0.100558639,-0.0571842045,0.320263535,-0.128880888,-0.0465259664,-0.147934064,-0.0479511358,-0.00901838951,0.256241858,-0.0321604237,0.0263753645,-0.00707651628,0.232547373,-0.000288169831,0.283287674,0.557831168,0.0961275697,0.919460773,0.133329108,-0.108834021,0.129037932,0.358166158,-0.28842327,0.018300727,0.924758494,-0.0898065343,-0.0135487821,-0.00893318374,-0.127920255,0.14370352,-0.0720997527,0.262720853,-0.0094127059,-0.0147559727,-0.18315573,-0.128818214,0.021879375,0.323350579,-0.1262656,0.0576950498,-0.0322048105,0.111202419,0.0461701266,0.292938083,0.504680157,0.0597896464,0.876873612,0.158176363,-0.0750066563,0.102922194,0.368114561,-0.316788226,-0.0104477089,0.924280167,-0.0821733773,-0.0367553607,0.0115609262,-0.174664602,0.100944228,-0.0573175065,0.319749266,-0.12781319,-0.0462420359,-0.148248836,-0.0486738533,-0.00874225236,0.2568416,-0.0330014527,0.0266552716,-0.00730109075,0.231462896,0.000127032399,0.283373922,0.557356179,0.0958028138,0.919080198,0.13355118,-0.108531699,0.12880452,0.358255088,-0.288676769,0.0180437975,0.924754202,-0.0897383168,-0.013756182,-0.00875002611
0.135919656,3188550.65,0,0,0.0152965183,6.88014552e-06,0,0.243533868,0.00112453103,1,0.425039798,-0.0142259765,-0.0149928583,0.904938698,0.270178467,-0.0662179291,0.0524457581,-2.24207754e-44,2.24207754e-44,0.975132287,-0.150369406,0.0739936233,-0.0279530566,0.405572742,-0.269090056,-0.0424274057,-0.170132115,0.0314051546,-0.0565237105,0.250047356,-0.0943586677,-0.00466722623,-0.00174605532,0.0446250066,-0.0215500668,0.302524984,0.395914167,0.0477772877,1.00213015,0.1253791,-0.076339379,0.0877568647,0.335913539,-0.239257917,0.036712084,0.931177855,-0.0919212252,-0.00515129231,-0.0129994433,0.328304708,-0.314138144,0.0394345336,-0.580105901,0.326713949,0.048035752,-0.225784436,-0.315433264,0.0918730572,0.634669662,-0.341826856,0.0735136867,-0.154367015,-0.315736145,0.142322719,0.0945961475,-0.00199755654,-0.00919427443,-0.299802452,0.18083325,0.303776413,-0.0488825627,-0.0155733842,-0.0023512803,-0.180060983,0.00238320068,0.00770212105,-0.204367056,0.169263437,-0.170789748,0.104488745,-0.0585428774,0.315021902,-0.117998399,-0.0436320044,-0.151142433,-0.0553174019,-0.00620387867,0.262354851,-0.0407325663,0.0292283073,-0.00936547853,0.22149393,0.00394376554,0.284166753,0.552989602,0.0928175077,0.915581465,0.135592476,-0.105752647,0.126659021,0.359072387,-0.291007072,0.0156820007,0.924714923,-0.0891112238,-0.0156626943,-0.00706635416,-0.127920255,0.14370352,-0.0720997527,0.262720853,-0.0094127059,-0.0147559727,-0.18315573,-0.128818214,0.021879375,0.323350579,-0.1262656,0.0576950498,-0.0322048105,0.111202419,0.0461701266,0.292938083,0.504680157,0.0597896464,0.876873612,0.158176363,-0.0750066563,0.102922194,0.368114561,-0.316788226,-0.0104477089,0.924280167,-0.0821733773,-0.0367553607,0.0115609262,-0.170353502,0.104887806,-0.0586808324,0.314489692,-0.116893418,-0.0433381572,-0.151468217,-0.0560653545,-0.00591810048,0.262975544,-0.0416029617,0.0295179877,-0.00959789567,0.220371589,0.0043734666,0.284256011,0.552497983,0.092481412,0.915187597,0.135822296,-0.105439775,0.126417473,0.359164387,-0.291269422,0.0154161006,0.924710512,-0.0890406221,-0.0158773363,-0.00687680021
0.145924777,3188550.66,0,0,0.00530543504,9.9609606e-06,0,0.238466077,0.00796303898,1,0.42477569,-0.013294599,-0.0138512105,0.905095041,0.29475832,-0.0771003887,0.0687176064,-2.24207754e-44,2.24207754e-44,0.980780125,-0.146887422,0.0706537962,-0.0275737345,0.39944455,-0.265629083,-0.0418994762,-0.17247048,0.0280393288,-0.0556122437,0.256738544,-0.0979779214,-0.00387049234,-0.00339988433,0.0412959494,-0.0199994314,0.303497642,0.395893157,0.0475426875,0.99893868,0.127232492,-0.0731804371,0.0871737301,0.335818976,-0.239332333,0.0347041599,0.931199551,-0.0918330103,-0.00727098528,-0.0112406006,0.360263437,-0.346601218,0.0354161188,-0.632810771,0.358203858,0.0557148941,-0.23763597,-0.349993408,0.089385435,0.688982069,-0.373794943,0.0833528042,-0.174305037,-0.343082517,0.163649917,0.0988757238,-0.00216702255,-0.0351608656,-0.329875499,0.186610371,0.321389109,-0.0635994151,-0.00650171842,-0.0129574882,-0.210619971,0.00212818757,0.00961228739,-0.214666799,0.179253131,-0.164058462,0.113602065,-0.061055962,0.311503083,-0.101605684,-0.0396901742,-0.156864777,-0.0614891388,-0.00210875832,0.268992811,-0.0570309237,0.0335793272,-0.0103244185,0.209008396,0.0068330951,0.28657499,0.544080317,0.0890893191,0.911346793,0.138438374,-0.100953385,0.123739563,0.359397918,-0.293593973,0.0130808335,0.924462974,-0.089406155,-0.0189351737,-0.0044531459,-0.122925997,0.154661909,-0.0745101199,0.26677379,0.00181671977,-0.012672198,-0.188389122,-0.125774056,0.0244712681,0.324102074,-0.142430305,0.0607546382,-0.0291860998,0.108799621,0.0430023931,0.296188653,0.496190339,0.0590933114,0.876348555,0.159293756,-0.07148619,0.101902835,0.366802454,-0.316632986,-0.0102455532,0.923832476,-0.0843576491,-0.0391273536,0.0130573604,-0.163581416,0.114078268,-0.0612119995,0.310984343,-0.100406222,-0.0393768288,-0.157230392,-0.0622346997,-0.00180049054,0.269631952,-0.0580213591,0.0338944979,-0.0105431713,0.207846195,0.00725257583,0.28668648,0.543524861,0.0887414366,0.910940886,0.138680249,-0.100611627,0.12348631,0.359483778,-0.293861181,0.012810301,0.924455702,-0.0893476084,-0.0191693567,-0.00425006449
0.156919292,3188550.67,0,0,0.0162999504,6.43823296e-06,0,0.238466077,0.00120414048,1,0.424549699,-0.0122723393,-0.0125998994,0.9052338,0.320971787,-0.0816671923,0.0505579486,-2.24207754e-44,2.24207754e-44,0.985554993,-0.143082693,0.0670463517,-0.0269927159,0.39280948,-0.261891395,-0.0412972122,-0.175112903,0.0243849456,-0.0544764511,0.264181763,-0.101981297,-0.00294965436,-0.00499066617,0.0376534127,-0.0182739403,0.304557145,0.395861596,0.0470409691,0.99525857,0.129214719,-0.0696708784,0.0864349902,0.335785002,-0.239573732,0.0324910656,0.931227148,-0.0917407647,-0.00960586593,-0.00925049372,0.388358235,-0.36832127,0.0639116243,-0.675750196,0.380670577,0.0622743778,-0.274332613,-0.373618454,0.120835774,0.767906249,-0.412137449,0.0960037261,-0.15702486,-0.372789711,0.178424627,0.108819656,-0.00458366796,-0.0626063719,-0.384883285,0.203130141,0.36210835,-0.0793325081,-0.0019098944,-0.0342885442,-0.224389836,0.00297113857,0.00923378859,-0.241211474,0.206943274,-0.158803955,0.118847288,-0.0627746731,0.305789113,-0.0883939043,-0.0362387411,-0.160891876,-0.0697012767,0.00128672831,0.276032776,-0.0679403394,0.0370508581,-0.0127339195,0.196207136,0.0114535708,0.287803084,0.537962556,0.0852574557,0.906875908,0.141102567,-0.0971890688,0.120950013,0.360343814,-0.296537131,0.0101009849,0.924382448,-0.0887612328,-0.0215146393,-0.00221625157,-0.122925997,0.154661909,-0.0745101199,0.26677379,0.00181671977,-0.012672198,-0.188389122,-0.125774056,0.0244712681,0.324102074,-0.142430305,0.0607546382,-0.0291860998,0.108799621,0.0430023931,0.296188653,0.496190339,0.0590933114,0.876348555,0.159293756,-0.07148619,0.101902835,0.366802454,-0.316632986,-0.0102455532,0.923832476,-0.0843576491,-0.0391273536,0.0130573604,-0.158326656,0.119323745,-0.0629308,0.305270076,-0.0871937945,-0.0359252244,-0.161257684,-0.0704472363,0.00159516372,0.276672274,-0.0689313114,0.0373662002,-0.0129527897,0.195044309,0.0118732806,0.287914634,0.537406862,0.0849093869,0.906469762,0.141344577,-0.0968471318,0.120696619,0.360429734,-0.296804458,0.00983030535,0.924375117,-0.0887026489,-0.0217489507,-0.0020130612
0.167918458,3188550.68,0,0,0.00723331934,6.45034015e-06,0,0.305843074,0.0120493695,1,0.424266189,-0.0109519809,-0.0110099958,0.905404329,0.341771066,-0.0896349624,0.0515019074,-2.24207754e-44,2.24207754e-44,0.989166379,-0.138253212,0.0624466091,-0.0262231063,0.384450883,-0.257168859,-0.0405049808,-0.178507298,0.0197117385,-0.0529837236,0.273775518,-0.107140042,-0.00172093429,-0.00697804336,0.0330190733,-0.015970042,0.305917472,0.395759106,0.0460208133,0.990380108,0.131742641,-0.0651974007,0.085394159,0.335775107,-0.24023065,0.0297542159,0.931261599,-0.0916234478,-0.0126202209,-0.00665213959,0.410518438,-0.391621917,0.0710160583,-0.708990216,0.400638252,0.0689721555,-0.294648081,-0.39803347,0.134290248,0.826106727,-0.443555474,0.108295836,-0.162912846,-0.395670593,0.198662415,0.116427548,-0.013826428,-0.098235622,-0.42541647,0.219992563,0.385176301,-0.091684252,0.00023051961,-0.0705144703,-0.230386585,0.0031066197,0.00926476531,-0.261759043,0.226340339,-0.150475055,0.130997404,-0.066278927,0.302697539,-0.0689170435,-0.0307481512,-0.168546349,-0.0764897764,0.00672026351,0.283547938,-0.0905342847,0.0424258187,-0.013188269,0.183322877,0.0135270562,0.29098314,0.52535522,0.0806166977,0.902196646,0.144470572,-0.0906662494,0.117580958,0.360528529,-0.299491525,0.00728718378,0.923869789,-0.0901136026,-0.0258921254,0.0011283271,-0.117714375,0.166265488,-0.077516295,0.271061569,0.0124758184,-0.00921600591,-0.194504529,-0.123525396,0.0279247463,0.325003892,-0.162097439,0.0639846474,-0.0259607285,0.108463146,0.0388235822,0.299464941,0.485266328,0.0576842129,0.87593174,0.160509452,-0.0668247491,0.100892656,0.365546882,-0.316697299,-0.0100145498,0.923110187,-0.0876806378,-0.0421676673,0.0149403866,-0.149976552,0.13153407,-0.0664499253,0.302216142,-0.0676784962,-0.0304205008,-0.168941349,-0.0772055164,0.00704292953,0.284178764,-0.0916232541,0.0427538827,-0.0133826267,0.182183743,0.0139119904,0.291112214,0.524745226,0.0802677348,0.901796997,0.144714639,-0.0903034583,0.117327012,0.360604912,-0.299753338,0.00702390447,0.923858285,-0.0900765806,-0.0261397902,0.00133850425
0.177918668,3188550.69,0,0,0.0172335291,6.65895641e-06,0,0.305843074,0.00123535097,1,0.424120992,-0.00981570221,-0.00961371418,0.905501306,0.352647305,-0.0894779116,0.0315268449,-2.24207754e-44,2.24207754e-44,0.991672277,-0.134131953,0.0585023388,-0.0253345016,0.377341807,-0.25316298,-0.0397879109,-0.181668505,0.0157067701,-0.0514176302,0.282366753,-0.111720271,-0.000567396288,-0.00842007902,0.0289916769,-0.0139593259,0.307101846,0.395486504,0.0449426137,0.98585391,0.134121358,-0.0611141808,0.0844394341,0.335796386,-0.241158232,0.0274405144,0.931297004,-0.0915497318,-0.0154352933,-0.00422918797,0.414263874,-0.397323042,0.0930486172,-0.711377323,0.400941253,0.0731726959,-0.322483838,-0.403214246,0.163838863,0.873819768,-0.465432167,0.119139954,-0.140886426,-0.406024039,0.206384674,0.119033262,-0.0364679508,-0.114962429,-0.465393782,0.24668254,0.417779803,-0.0967982188,0.0023337116,-0.107738309,-0.232174426,0.00345219392,0.00668318244,-0.291380137,0.24916023,-0.145567507,0.136280566,-0.0679622889,0.297958493,-0.0567243844,-0.0275226347,-0.172434896,-0.0835357159,0.00989669561,0.289758027,-0.101254448,0.0456553325,-0.0151015855,0.172108889,0.0173164774,0.292253733,0.519349933,0.0771814063,0.898262203,0.146873206,-0.0870947912,0.11508105,0.361280292,-0.302068949,0.00469538197,0.923756003,-0.0897491425,-0.0283302031,0.00319737568,-0.117714375,0.166265488,-0.077516295,0.271061569,0.0124758184,-0.00921600591,-0.194504529,-0.123525396,0.0279247463,0.325003892,-0.162097439,0.0639846474,-0.0259607285,0.108463146,0.0388235822,0.299464941,0.485266328,0.0576842129,0.87593174,0.160509452,-0.0668247491,0.100892656,0.365546882,-0.316697299,-0.0100145498,0.923110187,-0.0876806378,-0.0421676673,0.0149403866,-0.145088136,0.136796638,-0.0681267232,0.297495544,-0.0555333793,-0.0272075608,-0.172814727,-0.0842239782,0.0102069788,0.290364653,-0.10230162,0.045970805,-0.0152884815,0.171013474,0.0176866371,0.29237783,0.518763304,0.0768458396,0.897877872,0.147107899,-0.0867459252,0.114836857,0.361353725,-0.302320719,0.00444220938,0.923744917,-0.0897135437,-0.028568361,0.00339948386
0.187918903,3188550.7,0,0,0.00730729196,6.77164644e-06,0,0.231638085,0.0167465582,1,0.423965871,-0.00864874199,-0.0082114758,0.905599654,0.354998112,-0.0912988037,0.0306971576,-2.24207754e-44,2.24207754e-44,0.993600249,-0.130003974,0.0545034595,-0.0244648699,0.370293021,-0.249176681,-0.0390480086,-0.184871107,0.0116532063,-0.0497908816,0.291141242,-0.116408758,0.000656278688,-0.00988207106,0.0249400232,-0.0118148075,0.308255225,0.394970894,0.0436615571,0.98117131,0.136653274,-0.0569446273,0.0834707543,0.335830033,-0.242469877,0.0251222774,0.93132782,-0.091489926,-0.0183962602,-0.00173522753,0.41046083,-0.400658429,0.0929387957,-0.701576531,0.396459043,0.0762279183,-0.329427928,-0.405305564,0.172994584,0.890274704,-0.475515991,0.128553316,-0.136939734,-0.40669322,0.214210466,0.113063782,-0.0637044758,-0.13484773,-0.477354735,0.261347264,0.426925987,-0.0971549302,0.00764339929,-0.146762326,-0.232936591,0.00292783068,0.00396502856,-0.30648914,0.255158961,-0.136853874,0.148708761,-0.0718096197,0.29653275,-0.0386168212,-0.0205735043,-0.181299657,-0.0898993239,0.0161767639,0.296274304,-0.127967939,0.0509212688,-0.0145680178,0.162797228,0.0175257456,0.295708001,0.503963053,0.0723072961,0.894322991,0.149972096,-0.0795407817,0.111784831,0.361252159,-0.30498603,0.00239896588,0.923000336,-0.0929772705,-0.0330814458,0.00671938434,-0.112083063,0.176581189,-0.080645971,0.275377363,0.0215243995,-0.00380926905,-0.201702625,-0.123031676,0.0324630216,0.325835347,-0.185116008,0.0670369342,-0.0226702951,0.110388279,0.0340736173,0.302595288,0.471782237,0.0554525591,0.875669122,0.16163756,-0.0610341094,0.0996185988,0.364507377,-0.317339092,-0.00977098383,0.922206938,-0.0926708579,-0.0455546789,0.0171028525,-0.136370361,0.149252802,-0.0719820932,0.296119809,-0.0374429375,-0.0202462859,-0.181697905,-0.0905460268,0.0164946541,0.296851307,-0.12908341,0.0512358248,-0.0147261657,0.161774263,0.0178487394,0.295842439,0.50333488,0.0719783083,0.893958926,0.150199786,-0.0791795552,0.111547366,0.361315697,-0.30522716,0.00216142274,0.922984838,-0.0929712877,-0.0333249085,0.0069220569
0.197919128,3188550.71,0,0,0.0173075171,7.05802813e-06,0,0.231638085,0.00116641819,1,0.423935562,-0.00750523387,-0.00677044876,0.905635953,0.355821848,-0.0864326358,0.00723839784,-2.24207754e-44,2.24207754e-44,0.995087206,-0.12598148,0.0505260192,-0.0233344641,0.36339885,-0.245301127,-0.0382447802,-0.188401967,0.00765030459,-0.0477825888,0.300314605,-0.121288016,0.0020711075,-0.010954055,0.0208637752,-0.00973443035,0.309340984,0.394078255,0.0422707573,0.976174712,0.139431894,-0.0523705631,0.0825121552,0.336003006,-0.244188264,0.0227766484,0.931355596,-0.0914969295,-0.0217119846,0.000975419942,0.397609055,-0.395392179,0.113073222,-0.676215887,0.380271703,0.0812385678,-0.353195816,-0.396947414,0.205355734,0.919588387,-0.489972889,0.145870924,-0.103363454,-0.403727829,0.21153906,0.104071535,-0.106988423,-0.14216508,-0.503782213,0.282683045,0.465056032,-0.093137607,0.0186809842,-0.189126,-0.233733609,0.00260800868,-0.00275634625,-0.338354826,0.274116129,-0.132181019,0.153966725,-0.0734765381,0.292541921,-0.0272715539,-0.0174110346,-0.185148552,-0.096149534,0.0192490667,0.301850796,-0.138748571,0.0539613888,-0.0160964634,0.152910605,0.0206473973,0.297007233,0.49789232,0.0691277534,0.890804052,0.152172714,-0.076049611,0.109489754,0.361866236,-0.307316363,0.000103179365,0.922850668,-0.0929194689,-0.0354344435,0.00867816061,-0.112083063,0.176581189,-0.080645971,0.275377363,0.0215243995,-0.00380926905,-0.201702625,-0.123031676,0.0324630216,0.325835347,-0.185116008,0.0670369342,-0.0226702951,0.110388279,0.0340736173,0.302595288,0.471782237,0.0554525591,0.875669122,0.16163756,-0.0610341094,0.0996185988,0.364507377,-0.317339092,-0.00977098383,0.922206938,-0.0926708579,-0.0455546789,0.0171028525,-0.131734848,0.154468745,-0.0736356974,0.292160869,-0.026188314,-0.0171090849,-0.185516044,-0.0967463031,0.0195424072,0.302383244,-0.139777899,0.0542516634,-0.0162423979,0.151966631,0.020945454,0.2971313,0.497312695,0.068824172,0.890468061,0.152382821,-0.075716272,0.109270617,0.361924857,-0.307538867,-0.000116020441,0.922836363,-0.092913948,-0.0356591046,0.00886518508
0.208919122,3188550.73,0,0,0.00828974182,6.50482252e-06,0,0.249024946,0.022524029,1,0.423879594,-0.00614704937,-0.00510546239,0.905683279,0.341984689,-0.0728593394,-0.00280644209,-2.24207754e-44,2.24207754e-44,0.99633199,-0.121382453,0.0458635576,-0.0220954549,0.35564366,-0.240926728,-0.037273895,-0.192549065,0.00299057877,-0.0453381129,0.311212093,-0.127133086,0.00389140123,-0.012209204,0.0161596164,-0.00716703478,0.31044504,0.392410815,0.0404667407,0.970260501,0.142798588,-0.0468155742,0.0814780071,0.336269826,-0.246804014,0.020013785,0.931383014,-0.091595754,-0.0257678442,0.00420504343,0.35631156,-0.378839403,0.114174664,-0.615674436,0.346278936,0.0838701725,-0.369545758,-0.375623345,0.22403188,0.920491159,-0.493605286,0.166511387,-0.0775036663,-0.382833302,0.193584606,0.0815013051,-0.166756511,-0.157065719,-0.49544996,0.283621013,0.484037459,-0.0782808587,0.038338501,-0.239931047,-0.225292072,0.00213885098,-0.0209808648,-0.356755376,0.276255369,-0.123666383,0.1701819,-0.0784464478,0.292441726,-0.011705935,-0.00803847983,-0.19588393,-0.101263091,0.0266976207,0.309551507,-0.171952754,0.0583581626,-0.014601931,0.148505881,0.0187731776,0.299527586,0.478529751,0.063725099,0.887441635,0.154792279,-0.0663056374,0.106991112,0.361920893,-0.309159607,-0.00108911842,0.922545552,-0.0977967158,-0.041295249,0.0128361583,-0.107414871,0.189890787,-0.0846581087,0.280099839,0.0266562551,0.00373414648,-0.210067868,-0.121654958,0.0377793647,0.328418225,-0.212353617,0.0686862394,-0.0190000627,0.117039762,0.0280084088,0.304078966,0.455636948,0.0527509414,0.875857115,0.162147611,-0.0534386151,0.0993700698,0.363828391,-0.316748947,-0.00843224116,0.922018051,-0.0986639857,-0.0498159565,0.0197747443,-0.12324737,0.17069006,-0.0786066055,0.292123497,-0.0107168257,-0.00773493946,-0.196249634,-0.101788864,0.0269833468,0.310037941,-0.17299442,0.0586244613,-0.0147153288,0.147694588,0.0190112907,0.299644947,0.477939487,0.0634421483,0.887142956,0.154981911,-0.0659738779,0.106794618,0.361970097,-0.309355289,-0.00127844885,0.922531962,-0.097819075,-0.0415149406,0.0130150579
0.218920642,3188550.74,0,0,0.018291262,7.13206828e-06,0,0.249024946,0.00102889538,1,0.423965007,-0.00513992598,-0.00374286436,0.905656278,0.323693722,-0.0713516101,-0.0160503462,-2.24207754e-44,2.24207754e-44,0.997189343,-0.118057333,0.0422185883,-0.0208725743,0.349923462,-0.237726033,-0.0364270285,-0.19634302,-0.000589059782,-0.0429266244,0.320443183,-0.132087141,0.00564856315,-0.0127064763,0.0124787726,-0.00531510962,0.311071903,0.390356034,0.038868621,0.965338349,0.145616889,-0.0417515412,0.0808238983,0.336791009,-0.24945052,0.0178446602,0.931402802,-0.0919548348,-0.0295024943,0.00702235056,0.324247092,-0.355746955,0.116937302,-0.543941319,0.30411765,0.0833218992,-0.368108153,-0.347787857,0.240208805,0.911042631,-0.491145015,0.176199257,-0.0464586802,-0.356802553,0.191312984,0.0496583097,-0.231008992,-0.159459621,-0.481326342,0.27577129,0.508624256,-0.0569944046,0.0540969372,-0.279626131,-0.211430982,0.00189048785,-0.0417389311,-0.372792929,0.278682798,-0.119712882,0.174976483,-0.0799575597,0.289439321,-0.00237356126,-0.00517455488,-0.199334458,-0.106223814,0.0293934755,0.314141214,-0.181781068,0.0608706772,-0.0156718623,0.140851125,0.0210198294,0.300634801,0.472960621,0.0610554181,0.884623468,0.15658161,-0.0631754771,0.105137147,0.362384945,-0.31100589,-0.00287547708,0.922417223,-0.0980076939,-0.0433680788,0.0145241059,-0.107414871,0.189890787,-0.0846581087,0.280099839,0.0266562551,0.00373414648,-0.210067868,-0.121654958,0.0377793647,0.328418225,-0.212353617,0.0686862394,-0.0190000627,0.117039762,0.0280084088,0.304078966,0.455636948,0.0527509414,0.875857115,0.162147611,-0.0534386151,0.0993700698,0.363828391,-0.316748947,-0.00843224116,0.922018051,-0.0986639857,-0.0498159565,0.0197747443,-0.119346619,0.175420672,-0.0800975487,0.289161146,-0.00150898099,-0.00490923226,-0.199654132,-0.106683396,0.0296432301,0.314566404,-0.182691589,0.0611034408,-0.0157709848,0.140141964,0.0212279689,0.300737381,0.472444683,0.0608080924,0.8843624,0.156747371,-0.062885493,0.104965389,0.36242792,-0.311176926,-0.0030409731,0.922405303,-0.0980272442,-0.0435601138,0.0146804824
0.228953009,3188550.75,0,0,0.00831005396,2.41822563e-05,0,0.260987319,0.0256861001,1,0.423996925,-0.00433671055,-0.00274302298,0.905649126,0.304685056,-0.0679117069,-0.00972250476,-2.24207754e-44,2.24207754e-44,0.997847438,-0.115561426,0.0394574665,-0.0200489722,0.345843673,-0.235440508,-0.0357809067,-0.199136257,-0.00327448943,-0.0410744511,0.327538162,-0.135949612,0.00705202203,-0.0131311603,0.00974072795,-0.00375066558,0.311360478,0.388261229,0.037605077,0.961670399,0.147714674,-0.0377522819,0.0804387406,0.337225914,-0.251812696,0.0162038077,0.931417644,-0.0923985839,-0.0323845558,0.009174373,0.29148972,-0.337400556,0.101586618,-0.482771039,0.270605803,0.0829188153,-0.356723964,-0.325609744,0.236851647,0.885622919,-0.485181332,0.18382065,-0.0472255908,-0.332586527,0.183168277,0.0298785921,-0.283474773,-0.157674894,-0.452650726,0.255330473,0.509469986,-0.0408494174,0.0606519878,-0.306257427,-0.199729189,0.00184517703,-0.0924259275,-0.362977922,0.270477474,-0.112671405,0.18775034,-0.0843053758,0.291443437,0.0077046454,0.00625870377,-0.210725784,-0.111639805,0.0374783054,0.320590436,-0.215782911,0.0633376539,-0.0134085156,0.14212203,0.0180328283,0.302475214,0.452685535,0.0556163788,0.882257998,0.158253297,-0.0526085868,0.103042424,0.362192363,-0.312825203,-0.00324263796,0.921939433,-0.10495536,-0.0489315838,0.018665906,-0.103396878,0.199450418,-0.0880272985,0.285185665,0.0288982093,0.0136538576,-0.219380915,-0.122911781,0.0441533625,0.331173062,-0.240601987,0.0690171793,-0.0154729802,0.125757426,0.0225564763,0.305058569,0.438514292,0.0492804609,0.875930488,0.162288979,-0.0447321311,0.0988222063,0.363172054,-0.316999346,-0.00713250972,0.921611786,-0.106152564,-0.0539942421,0.0227469932,-0.112344563,0.188162655,-0.0844365433,0.2912229,0.0084515065,0.00651931018,-0.211030796,-0.112037033,0.0377135351,0.320963383,-0.216657549,0.0635378063,-0.0134812668,0.14154534,0.0181922447,0.30256626,0.452186137,0.0553930998,0.882035017,0.158395514,-0.0523310229,0.102893695,0.362226903,-0.312972307,-0.00337971747,0.921927869,-0.104997553,-0.0491099954,0.0188097246
0.239942095,3188550.76,0,0,0.0192991397,2.19647773e-05,0,0.260987319,0.000842407346,1,0.424161166,-0.00333426963,-0.00127260631,0.905579686,0.281268001,-0.0502001606,-0.0347787961,-2.24207754e-44,2.24207754e-44,0.998394787,-0.112625889,0.0356238373,-0.018689217,0.34081465,-0.232646018,-0.0347218923,-0.203789204,-0.00688672625,-0.0379007459,0.338349789,-0.141923189,0.00950485934,-0.0133780595,0.0059753987,-0.00193846447,0.311609089,0.384184986,0.0357826427,0.956190526,0.150587618,-0.0310928002,0.0801639855,0.338136822,-0.25577423,0.0139736189,0.931439936,-0.0948591828,-0.0369732864,0.0125931641,0.232199997,-0.304953367,0.113068566,-0.379903793,0.20839791,0.0861509368,-0.375715017,-0.283255875,0.269562632,0.883768022,-0.49141708,0.199910447,-0.0115111088,-0.298580974,0.151397869,0.0112232612,-0.376926541,-0.146105751,-0.444749683,0.222782165,0.560165584,-0.0142295081,0.0783555731,-0.343245238,-0.175974965,0.00180986919,-0.238789797,-0.37542671,0.279275149,-0.109459572,0.191802159,-0.0855943114,0.289276332,0.0150441229,0.00881969929,-0.213723123,-0.115543373,0.0397899225,0.324255288,-0.22437793,0.0653045177,-0.0141234547,0.13645485,0.0195993986,0.30336985,0.447777927,0.0534222052,0.880066752,0.159650892,-0.0498809144,0.101580933,0.362531632,-0.314270735,-0.00458972529,0.921825945,-0.105369963,-0.0506848171,0.0200792141,-0.103396878,0.199450418,-0.0880272985,0.285185665,0.0288982093,0.0136538576,-0.219380915,-0.122911781,0.0441533625,0.331173062,-0.240601987,0.0690171793,-0.0154729802,0.125757426,0.0225564763,0.305058569,0.438514292,0.0492804609,0.875930488,0.162288979,-0.0447321311,0.0988222063,0.363172054,-0.316999346,-0.00713250972,0.921611786,-0.106152564,-0.0539942421,0.0227469932,-0.109204642,0.192123756,-0.0856966078,0.289104313,0.015626654,0.00902296603,-0.213961005,-0.115853198,0.0399734005,0.324546158,-0.22506012,0.0654606223,-0.0141801983,0.136005059,0.0197237376,0.303440869,0.447388411,0.0532480553,0.879892826,0.159761816,-0.0496644229,0.101464935,0.362558573,-0.314385474,-0.00469664484,0.921816945,-0.105402872,-0.0508239716,0.0201913901
0.250941949,3188550.77,0,0,0.0103431209,2.21990049e-05,0,0.197528861,0.0259090215,1,0.424373001,-0.0024334942,3.97789627e-05,0.9054842,0.248826221,-0.0141104069,-0.0524053611,-2.24207754e-44,2.24207754e-44,0.998802364,-0.11022792,0.0322383717,-0.0173997469,0.336978257,-0.230577618,-0.033714436,-0.208198994,-0.0098984763,-0.034531977,0.348641038,-0.147820324,0.011789239,-0.0134352902,0.00268151867,-0.000332199765,0.311670095,0.379077166,0.0340890251,0.951144874,0.152895525,-0.0244172253,0.0800567791,0.339152187,-0.260052383,0.0120212687,0.931462407,-0.0981196612,-0.041240599,0.0158032048,0.144059241,-0.264071822,0.114663363,-0.258603871,0.137702554,0.0900680721,-0.405855477,-0.21786952,0.317071527,0.874505162,-0.520449877,0.195875034,0.0166127384,-0.255123913,0.0896608457,0.00255238893,-0.464187503,-0.141799554,-0.419691384,0.170742229,0.588440895,-0.00594701152,0.100975201,-0.368795574,-0.151336536,0.00188420957,-0.348533809,-0.362984657,0.276892841,-0.105310455,0.201487049,-0.0887423009,0.293131679,0.0200532079,0.0221005455,-0.225529909,-0.120191641,0.0482132956,0.330622375,-0.256781131,0.0645731315,-0.0113975145,0.141446248,0.0163436066,0.304240316,0.429191023,0.0482609868,0.878145814,0.160195172,-0.0386534408,0.100063607,0.362311602,-0.316096365,-0.0044362694,0.921407461,-0.113273531,-0.0556504503,0.0241379254,-0.101651125,0.206276372,-0.0902684405,0.290921271,0.0282414705,0.0254059415,-0.229253232,-0.124623746,0.0510583073,0.334861279,-0.267401516,0.0666868538,-0.0120702237,0.135468006,0.0179232508,0.305248499,0.423123658,0.0456706695,0.875684619,0.161738455,-0.0352463126,0.0984129012,0.362672567,-0.317741692,-0.00589744933,0.921267629,-0.114032261,-0.0577529259,0.0258349329,-0.10511893,0.201737717,-0.0888221711,0.293015987,0.0204817802,0.0222735479,-0.225724772,-0.120423608,0.0483622029,0.330844223,-0.257337004,0.0646837652,-0.0114327241,0.141133353,0.016426282,0.304293066,0.428873479,0.0481254086,0.878017008,0.160275936,-0.0384751111,0.0999772102,0.362330496,-0.316182494,-0.00451274589,0.92140013,-0.113313243,-0.0557604916,0.0242267437
0.260950269,3188550.78,0,0,0.000463099219,2.42171809e-05,0,0.115239993,0.0199914575,1,0.424599528,-0.00186831004,0.00104529411,0.905378759,0.217458025,-0.0273602977,-0.0447900482,-2.24207754e-44,2.24207754e-44,0.999081552,-0.109018169,0.0297966171,-0.0163612068,0.334995568,-0.229554549,-0.0328449346,-0.21202153,-0.0118420199,-0.0314336121,0.357017219,-0.152814418,0.0135454023,-0.0133111523,0.000371687202,0.000544205541,0.311643749,0.373993695,0.0327333994,0.947161973,0.15429543,-0.0185598079,0.0800143108,0.340137422,-0.263824999,0.0106585063,0.931481898,-0.10181047,-0.0446968973,0.0184738562,0.118632138,-0.230947644,0.0941382125,-0.166263804,0.0823500976,0.0817448944,-0.349732101,-0.182507515,0.294332117,0.797812939,-0.471675038,0.158348888,0.00753084663,-0.215659946,0.0967811421,-0.0094212601,-0.535208464,-0.132508576,-0.372275531,0.119436339,0.567136705,-0.00367257372,0.0942807719,-0.379416734,-0.127894372,0.00200786884,-0.356661946,-0.324567258,0.252132028,-0.103660919,0.203645959,-0.0894302428,0.292135268,0.0237442851,0.0235905424,-0.227208287,-0.122189529,0.0494957566,0.332533181,-0.261568546,0.065525949,-0.0117007568,0.138751402,0.0170556735,0.304694772,0.426456004,0.0470933318,0.877036393,0.160890847,-0.0371175855,0.0993195102,0.362474322,-0.316838056,-0.00509493425,0.921344459,-0.11361555,-0.0565981977,0.0249028951,-0.102251559,0.209069058,-0.0908985734,0.296213418,0.026798591,0.037399061,-0.237687945,-0.127040699,0.0575049371,0.339063555,-0.287387192,0.0619125701,-0.00916531123,0.145594597,0.0142209679,0.304266393,0.411388397,0.042296499,0.874911547,0.160385117,-0.0258934759,0.0976525694,0.362331092,-0.319098204,-0.0051139351,0.920782566,-0.121383451,-0.0604219176,0.0284875594,-0.104115792,0.206560522,-0.0901041999,0.297244966,0.0226290226,0.0354747474,-0.235617638,-0.124722481,0.0559229776,0.336810142,-0.281560004,0.0609206483,-0.00887619145,0.148464799,0.0134822521,0.303768426,0.414723516,0.0436889827,0.87618798,0.159619987,-0.0278193057,0.0985132903,0.362152606,-0.318228811,-0.00437997282,0.920863569,-0.120853558,-0.0592930205,0.0275668167
0.271941929,3188550.79,0,0,0.0114547592,2.13412568e-05,0,0.115239993,0.00039473176,1,0.424834907,-0.00134428486,0.00189564563,0.905267835,0.187468916,-0.00417896034,-0.0670560747,-2.24207754e-44,2.24207754e-44,0.999312937,-0.108069137,0.0277272612,-0.0154319499,0.333828419,-0.229036644,-0.0320502333,-0.215414658,-0.0132685332,-0.0282481443,0.364762247,-0.157635733,0.0149786631,-0.0130704828,-0.0015521032,0.00136827747,0.31141004,0.368285149,0.0313055739,0.943811476,0.155150518,-0.0130019253,0.0799788758,0.341149926,-0.267605811,0.00947245304,0.931502402,-0.105458781,-0.0476770364,0.0208332222,0.0602817498,-0.189692631,0.102886163,-0.0763133317,0.0282617547,0.0841857791,-0.366479605,-0.101411775,0.371356755,0.794907272,-0.529663861,0.142131567,0.049423743,-0.176865712,0.0535137542,-0.0309583675,-0.595469594,-0.155871019,-0.328464091,0.0599516742,0.57987833,-0.00338648446,0.112796322,-0.37841776,-0.111919872,0.00202875072,-0.412829995,-0.293658644,0.238651231,-0.103082061,0.207951531,-0.0905446857,0.29667297,0.0249410719,0.0365417898,-0.236765638,-0.126007944,0.0568001866,0.338059664,-0.284791201,0.0614706725,-0.00903651118,0.146873251,0.0138918776,0.304044545,0.412874162,0.0429168418,0.875480175,0.160044253,-0.0267514214,0.098036021,0.36225158,-0.318710893,-0.00478696078,0.920818627,-0.121147387,-0.0599189997,0.0280773751,-0.102251559,0.209069058,-0.0908985734,0.296213418,0.026798591,0.037399061,-0.237687945,-0.127040699,0.0575049371,0.339063555,-0.287387192,0.0619125701,-0.00916531123,0.145594597,0.0142209679,0.304266393,0.411388397,0.042296499,0.874911547,0.160385117,-0.0258934759,0.0976525694,0.362331092,-0.319098204,-0.0051139351,0.920782566,-0.121383451,-0.0604219176,0.0284875594,-0.10300567,0.208054319,-0.0905772373,0.296630681,0.0251119286,0.0366206467,-0.23685047,-0.126102939,0.0568650067,0.338152021,-0.285030007,0.0615113229,-0.00904835761,0.146755636,0.0139221456,0.304064959,0.412737519,0.0428597778,0.875427902,0.160075605,-0.0266725048,0.0980007499,0.362258911,-0.318746507,-0.00481703505,0.920815349,-0.121169105,-0.0599652603,0.0281151049
0.28194223,3188550.8,0,0,0.0014450443,2.15400942e-05,0,0.124182552,0.010659948,1,0.42508176,-0.000983133214,0.00266268034,0.905150533,0.15721029,-0.00679947762,-0.0387109928,-2.24207754e-44,2.24207754e-44,0.999470949,-0.107674673,0.0260003917,-0.0145938536,0.333435774,-0.228957295,-0.0312556848,-0.218817502,-0.0140389204,-0.0246314965,0.372202039,-0.162725359,0.0160636008,-0.0126560545,-0.00309927086,0.00176320958,0.310964972,0.361963034,0.0296972692,0.940983951,0.155511096,-0.00733852759,0.0799400657,0.342292637,-0.271332622,0.00847580377,0.931525946,-0.109540418,-0.0503176041,0.0230549052,0.0380235575,-0.16248937,0.0643034428,-0.0221200455,-0.00179478084,0.0730781108,-0.302930206,-0.0691794455,0.335021436,0.690157354,-0.473414391,0.0839900523,0.0280066151,-0.140289769,0.0419554152,-0.0562677197,-0.655575097,-0.161245465,-0.240493059,0.0250959545,0.540070295,-0.00451786164,0.111090489,-0.366083682,-0.091936551,0.00260634767,-0.38136822,-0.237389177,0.203856811,-0.10663002,0.205126733,-0.0890218765,0.300802499,0.0239589661,0.0477497652,-0.2423722,-0.132377863,0.0638942719,0.34248811,-0.296165586,0.0553778484,-0.00675790152,0.154454947,0.0121343378,0.302600712,0.404484242,0.039335452,0.873563409,0.158027396,-0.017826803,0.0961130708,0.362658203,-0.322070539,-0.00527443364,0.920050263,-0.127670199,-0.0604644231,0.0302952416,-0.106382132,0.205465496,-0.089127481,0.30067113,0.0245319605,0.0480453521,-0.24267298,-0.132714912,0.0641316101,0.342811018,-0.297000408,0.0554985218,-0.00679173134,0.154078946,0.0122316293,0.302665591,0.404001415,0.039133653,0.873382092,0.158127636,-0.0175370984,0.0959891081,0.362683922,-0.322199523,-0.0053770598,0.920037031,-0.127760768,-0.0606217273,0.0304282736,-0.106595986,0.205173239,-0.0890363827,0.300784469,0.0240376443,0.047790356,-0.242413491,-0.132424146,0.0639268607,0.342532456,-0.296280205,0.0553944185,-0.00676254695,0.154403314,0.0121476967,0.302609622,0.404417932,0.0393077433,0.873538494,0.158041149,-0.0177870244,0.0960960463,0.362661719,-0.322088242,-0.00528852642,0.920048475,-0.127682626,-0.0604860224,0.0303135067
0.2929409,3188550.81,0,0,0.0124437143,2.12732702e-05,0,0.124182552,0.000104755163,1,0.425263613,-0.000566198898,0.00344263157,0.905062795,0.151513547,-0.000664353953,-0.0294386856,-2.24207754e-44,2.24207754e-44,0.999601364,-0.107307851,0.0241879877,-0.0139321014,0.333467245,-0.229182601,-0.0304001514,-0.22206074,-0.0145255262,-0.0203746893,0.379751921,-0.167485669,0.0170047823,-0.0121571925,-0.00464217179,0.00217619119,0.31000486,0.353742629,0.0275954325,0.938674867,0.155688718,-0.00102380721,0.0797128752,0.343706608,-0.275509357,0.00745578762,0.931552172,-0.114036597,-0.052595038,0.0252264794,0.0148795247,-0.154741451,0.0520648211,0.0240446292,-0.0318062678,0.0756246448,-0.26291433,0.00249334425,0.446938127,0.593287289,-0.266515613,0.137083158,0.0556210391,-0.134430528,0.0195654668,-0.0914636031,-0.696972549,-0.19070226,-0.182303309,0.00894546695,0.540693879,-0.0366368145,0.128100455,-0.331142932,-0.0804737583,0.00155564619,-0.399973989,-0.158039331,0.173100352,-0.106405981,0.205432907,-0.0891173184,0.300683767,0.0244768411,0.0480169207,-0.242644042,-0.132682487,0.0641087815,0.342779964,-0.296920091,0.05548691,-0.00678847684,0.154115111,0.0122222695,0.302659363,0.404047847,0.0391530618,0.873399556,0.158117995,-0.0175649673,0.096001029,0.362681448,-0.322187126,-0.00536718965,0.920038283,-0.127752051,-0.0606065951,0.0304154791,-0.106382132,0.205465496,-0.089127481,0.30067113,0.0245319605,0.0480453521,-0.24267298,-0.132714912,0.0641316101,0.342811018,-0.297000408,0.0554985218,-0.00679173134,0.154078946,0.0122316293,0.302665591,0.404001415,0.039133653,0.873382092,0.158127636,-0.0175370984,0.0959891081,0.362683922,-0.322199523,-0.0053770598,0.920037031,-0.127760768,-0.0606217273,0.0304282736,-0.106398962,0.205442503,-0.0891203135,0.300680041,0.0244930685,0.0480252877,-0.242652565,-0.132692039,0.0641155019,0.342789114,-0.296943724,0.0554903299,-0.00678943424,0.154104471,0.0122250225,0.30266118,0.404034197,0.0391473547,0.87339437,0.158120826,-0.0175567642,0.0959975272,0.362682164,-0.322190762,-0.00537009537,0.920037925,-0.127754629,-0.0606110506,0.0304192454
0.303944689,3188550.82,0,0,0.00343699567,2.28327699e-05,0,0.1089219,0.0098746419,1,0.425328255,-0.000280387874,0.00403572107,0.905030131,0.118986815,-0.00381071283,-0.00299520278,-2.24207754e-44,2.24207754e-44,0.999697864,-0.107266612,0.0228157155,-0.0136131654,0.333960831,-0.229652867,-0.0297210496,-0.224408612,-0.0146456175,-0.0168154333,0.385309547,-0.170642614,0.0176818632,-0.011631717,-0.00571298786,0.0023116509,0.308893889,0.346485436,0.0255915634,0.937433243,0.15574564,0.00403249729,0.0791398883,0.344985485,-0.278716743,0.00673338445,0.931571662,-0.117648073,-0.053745877,0.0267121214,0.00121390342,-0.125685215,0.0181977022,0.0620994121,-0.0552001037,0.0603720024,-0.208875462,-0.0220492687,0.296368748,0.518032491,-0.319045961,0.0354773253,0.0469383001,-0.0907442719,0.0117514776,-0.120357253,-0.742532551,-0.204552814,-0.0823714957,0.00404453836,0.47082299,-0.0718731135,0.125482783,-0.311515003,-0.066353783,0.00234916178,-0.321805954,-0.0872286782,0.12928237,-0.112214282,0.199253008,-0.0853984803,0.305261403,0.0234081596,0.0560813099,-0.245096952,-0.13651824,0.0700016692,0.345639437,-0.297939539,0.0479021743,-0.00384727819,0.163953632,0.0110850055,0.300907046,0.402006865,0.0370032638,0.872592449,0.155483857,-0.0101812333,0.0953492671,0.362482041,-0.325425982,-0.00575555116,0.919884682,-0.132371619,-0.0590627752,0.0320562571,-0.112214282,0.199253008,-0.0853984803,0.305261403,0.0234081596,0.0560813062,-0.245096952,-0.13651824,0.0700016692,0.345639437,-0.297939539,0.0479021743,-0.00384727865,0.163953632,0.0110850036,0.300907046,0.402006865,0.0370032601,0.872592449,0.155483857,-0.0101812361,0.0953492671,0.362482041,-0.325425982,-0.00575555302,0.919884682,-0.132371619,-0.0590627752,0.0320562571,-0.112214282,0.199253008,-0.0853984803,0.305261403,0.0234081596,0.0560813099,-0.245096952,-0.13651824,0.0700016692,0.345639437,-0.297939539,0.0479021743,-0.00384727819,0.163953632,0.0110850055,0.300907046,0.402006865,0.0370032638,0.872592449,0.155483857,-0.0101812333,0.0953492671,0.362482041,-0.325425982,-0.00575555116,0.919884682,-0.132371619,-0.0590627752,0.0320562571
0.314912482,3188550.83,0,0,0.0144047891,4.38513234e-06,0,0.1089219,0,1,0.425408423,-9.03411201e-05,0.0045343223,0.904990137,0.0970562175,0.0111855632,-0.0189928729,-2.24207754e-44,2.24207754e-44,0.996966064,-0.107572742,0.0217275601,-0.0133317178,0.335056335,-0.230473995,-0.0290568471,-0.226563901,-0.0148035986,-0.0140730944,0.390300453,-0.17377542,0.0176536981,-0.010693091,-0.00640306389,0.00232364563,0.307408422,0.338902861,0.0231628045,0.936745763,0.155742913,0.00893252622,0.0781303048,0.346339285,-0.281731755,0.00608832389,0.931590021,-0.121045128,-0.0542306453,0.0279775932,-0.0453225598,-0.098382391,0.0263012946,0.135324463,-0.0964165926,0.0651464537,-0.206829086,-0.0160278194,0.247165561,0.471916527,-0.292234361,-0.0225293804,0.109198466,-0.0548016131,-0.000793364306,-0.160961136,-0.768731952,-0.26097399,-0.052669432,-0.00236498308,0.485213757,-0.119295999,0.136026546,-0.293636203,-0.0608854219,0.00208801916,-0.333036929,-0.030541094,0.12045937,-0.112214282,0.199253008,-0.0853984803,0.305261403,0.0234081596,0.0560813099,-0.245096952,-0.13651824,0.0700016692,0.345639437,-0.297939539,0.0479021743,-0.00384727819,0.163953632,0.0110850055,0.300907046,0.402006865,0.0370032638,0.872592449,0.155483857,-0.0101812333,0.0953492671,0.362482041,-0.325425982,-0.00575555116,0.919884682,-0.132371619,-0.0590627752,0.0320562571,-0.112214282,0.199253008,-0.0853984803,0.305261403,0.0234081596,0.0560813062,-0.245096952,-0.13651824,0.0700016692,0.345639437,-0.297939539,0.0479021743,-0.00384727865,0.163953632,0.0110850036,0.300907046,0.402006865,0.0370032601,0.872592449,0.155483857,-0.0101812361,0.0953492671,0.362482041,-0.325425982,-0.00575555302,0.919884682,-0.132371619,-0.0590627752,0.0320562571,-0.112214282,0.199253008,-0.0853984803,0.305261403,0.0234081596,0.0560813099,-0.245096952,-0.13651824,0.0700016692,0.345639437,-0.297939539,0.0479021743,-0.00384727819,0.163953632,0.0110850055,0.300907046,0.402006865,0.0370032638,0.872592449,0.155483857,-0.0101812333,0.0953492671,0.362482041,-0.325425982,-0.00575555116,0.919884682,-0.132371619,-0.0590627752,0.0320562571
0.325912211,3188550.84,0,0,0.00539007504,4.14997339e-06,0,0.121581834,0.0113874376,1,0.42549035,6.75626798e-05,0.00508113252,0.904948711,0.0727465451,0.0209605247,-0.0176911745,-2.24207754e-44,2.24207754e-44,0.978310227,-0.108356781,0.0206111986,-0.0131062996,0.337266237,-0.232014865,-0.0283109359,-0.228995115,-0.0150550948,-0.0113819195,0.395919234,-0.177046061,0.0169590581,-0.00921585318,-0.0068986183,0.00229110289,0.305301398,0.32791999,0.0192938708,0.9363873,0.155632213,0.0150594739,0.0759758428,0.348013252,-0.285521954,0.00540156662,0.931637645,-0.124872252,-0.054424718,0.0293499641,-0.0722749755,-0.069363609,0.0185167175,0.177543163,-0.120843209,0.051949881,-0.16825366,-0.0149608348,0.173046917,0.368054032,-0.19954066,-0.0811036155,0.115432225,-0.0254265908,-0.009794279,-0.143670157,-0.788623393,-0.302336842,-0.014743085,-0.0212965012,0.414897829,-0.181362107,0.110556088,-0.253829807,-0.0456726812,0.0036351548,-0.254317552,-0.00458577788,0.0891373083,-0.118315801,0.18786557,-0.0801954865,0.310083091,0.0250830054,0.0618540645,-0.243610531,-0.142582104,0.0758576691,0.348823845,-0.28963393,0.0403844602,-0.00218969723,0.17291975,0.00947506912,0.298991442,0.403520823,0.0353466421,0.871840358,0.152460188,-0.00432244688,0.0943701714,0.363957047,-0.329936683,-0.00685586035,0.92000246,-0.13583836,-0.0562639087,0.0331561826,-0.118315801,0.18786557,-0.0801954865,0.310083091,0.0250830054,0.0618540607,-0.243610531,-0.142582104,0.0758576691,0.348823845,-0.28963393,0.0403844602,-0.00218969677,0.17291975,0.00947507098,0.298991442,0.403520823,0.0353466384,0.871840358,0.152460188,-0.00432244409,0.0943701714,0.363957047,-0.329936683,-0.00685586222,0.92000246,-0.13583836,-0.0562639087,0.0331561826,-0.118315801,0.18786557,-0.0801954865,0.310083091,0.0250830054,0.0618540645,-0.243610531,-0.142582104,0.0758576691,0.348823845,-0.28963393,0.0403844602,-0.00218969723,0.17291975,0.00947506912,0.298991442,0.403520823,0.0353466421,0.871840358,0.152460188,-0.00432244688,0.0943701714,0.363957047,-0.329936683,-0.00685586035,0.92000246,-0.13583836,-0.0562639087,0.0331561826
0.335942191,3188550.85,0,0,0.015420055,2.16220506e-05,0,0.121581834,0,1,0.425560951,9.27268629e-05,0.0053674127,0.904913843,0.0635597557,0.0253770277,-0.0182896927,-2.24207754e-44,2.24207754e-44,0.938641608,-0.109023146,0.0201082304,-0.0129566658,0.338810772,-0.2330423,-0.0279036444,-0.230311349,-0.0151421502,-0.0100712357,0.398713261,-0.178495973,0.0161337536,-0.0082648918,-0.00704217236,0.0022223324,0.304203987,0.321609199,0.016684223,0.936303675,0.155342966,0.0182384551,0.0743446127,0.348797381,-0.287448943,0.0050463127,0.931667626,-0.12683785,-0.0544235185,0.0300287772,-0.0867120922,-0.0585359074,0.0162534174,0.198601261,-0.131150484,0.0481884666,-0.158402696,-0.00840542093,0.15626435,0.335230768,-0.171371415,-0.111630246,0.114835858,-0.0133936955,-0.00657509128,-0.129101455,-0.789900005,-0.335215598,-0.00828061718,-0.0427077152,0.382190466,-0.216778159,0.087728247,-0.232596144,-0.0422300026,0.00397750223,-0.232642084,0.00235404214,0.0802679509,-0.118315801,0.18786557,-0.0801954865,0.310083091,0.0250830054,0.0618540645,-0.243610531,-0.142582104,0.0758576691,0.348823845,-0.28963393,0.0403844602,-0.00218969723,0.17291975,0.00947506912,0.298991442,0.403520823,0.0353466421,0.871840358,0.152460188,-0.00432244688,0.0943701714,0.363957047,-0.329936683,-0.00685586035,0.92000246,-0.13583836,-0.0562639087,0.0331561826,-0.118315801,0.18786557,-0.0801954865,0.310083091,0.0250830054,0.0618540607,-0.243610531,-0.142582104,0.0758576691,0.348823845,-0.28963393,0.0403844602,-0.00218969677,0.17291975,0.00947507098,0.298991442,0.403520823,0.0353466384,0.871840358,0.152460188,-0.00432244409,0.0943701714,0.363957047,-0.329936683,-0.00685586222,0.92000246,-0.13583836,-0.0562639087,0.0331561826,-0.118315801,0.18786557,-0.0801954865,0.310083091,0.0250830054,0.0618540645,-0.243610531,-0.142582104,0.0758576691,0.348823845,-0.28963393,0.0403844602,-0.00218969723,0.17291975,0.00947506912,0.298991442,0.403520823,0.0353466421,0.871840358,0.152460188,-0.00432244688,0.0943701714,0.363957047,-0.329936683,-0.00685586035,0.92000246,-0.13583836,-0.0562639087,0.0331561826
0.346912414,3188550.86,0,0,0.00637379289,4.23099846e-06,0,0.135130715,0.0162558854,1,0.425621063,9.81720368e-05,0.00567577407,0.904883683,0.0519413985,0.0246839263,-0.0100140264,-2.24207754e-44,2.24207754e-44,0.864403188,-0.109851263,0.0196090732,-0.0128552439,0.340728849,-0.234326527,-0.0275176838,-0.231720775,-0.0151878316,-0.00866988301,0.401751757,-0.180057555,0.0149848135,-0.00730520114,-0.00712187821,0.00218756986,0.303203106,0.313683867,0.0132839838,0.936252058,0.154859796,0.021614993,0.071958892,0.349418074,-0.289571911,0.00468610553,0.931713879,-0.128741726,-0.0543746017,0.0306928195,-0.0769684985,-0.0444511175,0.00613968028,0.181799486,-0.124094948,0.0317936689,-0.128329292,-0.0025067071,0.129602626,0.282705456,-0.14741376,-0.113291264,0.0815633535,-0.00581280841,-0.00173059234,-0.0778339431,-0.793920398,-0.34062764,-0.00341852591,-0.0500647575,0.304456621,-0.251369268,0.0442042276,-0.197286323,-0.0320683606,0.00503261853,-0.160443157,0.00609618705,0.0564368442,-0.12331865,0.17434977,-0.0743063241,0.3161349,0.0314415842,0.0660044551,-0.239388466,-0.149338305,0.0809881836,0.352649331,-0.273378044,0.033193402,-0.00120426994,0.179976925,0.0067364499,0.297786742,0.406671107,0.0343052447,0.871205568,0.149248853,0.000242069364,0.0930594057,0.366880476,-0.334674984,-0.00819439068,0.920662284,-0.138727844,-0.0529479086,0.0336038172,-0.12331865,0.17434977,-0.0743063241,0.3161349,0.0314415842,0.0660044551,-0.239388466,-0.149338305,0.0809881836,0.352649331,-0.273378044,0.033193402,-0.00120426994,0.179976925,0.0067364499,0.297786742,0.406671107,0.0343052447,0.871205568,0.149248853,0.000242073089,0.0930594057,0.366880476,-0.334674984,-0.00819439068,0.920662284,-0.138727844,-0.0529479086,0.0336038172,-0.12331865,0.17434977,-0.0743063241,0.3161349,0.0314415842,0.0660044551,-0.239388466,-0.149338305,0.0809881836,0.352649331,-0.273378044,0.033193402,-0.00120426994,0.179976925,0.0067364499,0.297786742,0.406671107,0.0343052447,0.871205568,0.149248853,0.000242069364,0.0930594057,0.366880476,-0.334674984,-0.00819439068,0.920662284,-0.138727844,-0.0529479086,0.0336038172
0.356941844,3188550.87,0,0,0.0164032229,2.20439397e-05,0,0.135130715,0,1,0.425685674,5.7147241e-05,0.00603692606,0.90485096,0.0501746163,0.034927424,-0.0116006266,-2.24207754e-44,2.24207754e-44,0.771726012,-0.110928707,0.0190753844,-0.0127539327,0.343024015,-0.23583132,-0.0270555485,-0.233332202,-0.0152049316,-0.00713319518,0.405044705,-0.181612417,0.0132643441,-0.00630501471,-0.00716306362,0.00216087792,0.302422643,0.30432713,0.00864099897,0.9362095,0.153666154,0.0249797739,0.0686099455,0.34972924,-0.291728407,0.00424925331,0.931756318,-0.13081947,-0.0537962131,0.0312933736,-0.092275098,-0.0429686345,0.00807074923,0.188843295,-0.123001888,0.0378260724,-0.133451998,-0.000838917855,0.124210835,0.265167147,-0.12131948,-0.14970088,0.0806515887,-0.00206215424,-0.00185156998,-0.0520844571,-0.772939682,-0.406303704,-0.00310397497,-0.119437881,0.256989777,-0.297925025,0.0145673463,-0.165930375,-0.0372569636,0.0028074265,-0.167038724,0.0668566376,0.0435194485,-0.12331865,0.17434977,-0.0743063241,0.3161349,0.0314415842,0.0660044551,-0.239388466,-0.149338305,0.0809881836,0.352649331,-0.273378044,0.033193402,-0.00120426994,0.179976925,0.0067364499,0.297786742,0.406671107,0.0343052447,0.871205568,0.149248853,0.000242069364,0.0930594057,0.366880476,-0.334674984,-0.00819439068,0.920662284,-0.138727844,-0.0529479086,0.0336038172,-0.12331865,0.17434977,-0.0743063241,0.3161349,0.0314415842,0.0660044551,-0.239388466,-0.149338305,0.0809881836,0.352649331,-0.273378044,0.033193402,-0.00120426994,0.179976925,0.0067364499,0.297786742,0.406671107,0.0343052447,0.871205568,0.149248853,0.000242073089,0.0930594057,0.366880476,-0.334674984,-0.00819439068,0.920662284,-0.138727844,-0.0529479086,0.0336038172,-0.12331865,0.17434977,-0.0743063241,0.3161349,0.0314415842,0.0660044551,-0.239388466,-0.149338305,0.0809881836,0.352649331,-0.273378044,0.033193402,-0.00120426994,0.179976925,0.0067364499,0.297786742,0.406671107,0.0343052447,0.871205568,0.149248853,0.000242069364,0.0930594057,0.366880476,-0.334674984,-0.00819439068,0.920662284,-0.138727844,-0.0529479086,0.0336038172
0.367942024,3188550.88,0,0,0.00742037222,2.14469619e-05,0,0.122196972,0.0213720202,1,0.425721943,-6.61541026e-06,0.00632650871,0.904831946,0.0457478911,0.0377951413,-0.00703299139,-2.24207754e-44,2.24207754e-44,0.657834589,-0.111787915,0.0186817143,-0.012703659,0.344757527,-0.236984029,-0.0267311521,-0.234578222,-0.0152078457,-0.00597568974,0.407522023,-0.182759836,0.0118391598,-0.00556510547,-0.00717443181,0.00215196423,0.302096665,0.296634525,0.00453307666,0.936188102,0.152460918,0.0272007212,0.0654426366,0.349804103,-0.293204308,0.00389838149,0.93177706,-0.132245675,-0.0530939437,0.0316239744,-0.0858860686,-0.038296856,0.00417024596,0.169261113,-0.112035908,0.032587748,-0.122166201,-0.000144347054,0.111961998,0.239360422,-0.107683241,-0.146202043,0.0731675178,-0.000633152144,-0.000564706861,-0.0232797861,-0.764266074,-0.419410944,-0.00196353998,-0.128615215,0.203274086,-0.330020279,0.00440129545,-0.137331933,-0.0331526287,0.00153821369,-0.138806671,0.0793308318,0.0254031233,-0.126637042,0.160157576,-0.0683393255,0.323998153,0.0421958864,0.0687971562,-0.23404789,-0.155295163,0.0852651149,0.356882155,-0.252006024,0.0266698897,-0.000126967207,0.185050324,0.00271341018,0.298315376,0.410253227,0.0337996632,0.871169448,0.145913035,0.00370004773,0.0913496017,0.370648742,-0.338927329,-0.00901225209,0.922177315,-0.141595066,-0.0497969016,0.0331974961,-0.126637042,0.160157576,-0.0683393255,0.323998153,0.0421958864,0.0687971488,-0.23404789,-0.155295163,0.0852651149,0.356882155,-0.252006024,0.0266698897,-0.000126967207,0.185050324,0.00271341018,0.298315376,0.410253227,0.0337996632,0.871169448,0.145913035,0.00370004261,0.0913496017,0.370648742,-0.338927329,-0.00901225023,0.922177315,-0.141595066,-0.0497969016,0.0331974961,-0.126637042,0.160157576,-0.0683393255,0.323998153,0.0421958864,0.0687971562,-0.23404789,-0.155295163,0.0852651149,0.356882155,-0.252006024,0.0266698897,-0.000126967207,0.185050324,0.00271341018,0.298315376,0.410253227,0.0337996632,0.871169448,0.145913035,0.00370004773,0.0913496017,0.370648742,-0.338927329,-0.00901225209,0.922177315,-0.141595066,-0.0497969016,0.0331974961
0.378941876,3188550.9,0,0,0.0184202241,2.1785032e-05,0,0.122196972,0,1,0.425754458,-0.000102236205,0.00661284756,0.904814601,0.0405627526,0.0429739729,-0.0069717681,-2.24207754e-44,2.24207754e-44,0.546241701,-0.112727597,0.0183115192,-0.0126556763,0.34651342,-0.238105953,-0.0263701398,-0.23585178,-0.0152126057,-0.00489549898,0.409916431,-0.183843166,0.0103963595,-0.00478521269,-0.00715660304,0.00214933977,0.30193907,0.2891047,0.000134858157,0.936165094,0.15092805,0.0290297531,0.0619415604,0.349826306,-0.294481486,0.00360972947,0.931786537,-0.13379316,-0.0520390384,0.0317961201,-0.0951776505,-0.0340275764,0.00402355427,0.17419976,-0.110492729,0.035253983,-0.127871767,-0.000701537007,0.102582514,0.238444,-0.117825739,-0.124685578,0.0792899504,0.00459721405,0.000564409012,-0.0102089597,-0.74889636,-0.444384992,-0.00189361989,-0.158506379,0.169212356,-0.361542135,0.00111905276,-0.120784439,-0.0259686597,0.000874857127,-0.152654007,0.114113465,0.0134937633,-0.126637042,0.160157576,-0.0683393255,0.323998153,0.0421958864,0.0687971562,-0.23404789,-0.155295163,0.0852651149,0.356882155,-0.252006024,0.0266698897,-0.000126967207,0.185050324,0.00271341018,0.298315376,0.410253227,0.0337996632,0.871169448,0.145913035,0.00370004773,0.0913496017,0.370648742,-0.338927329,-0.00901225209,0.922177315,-0.141595066,-0.0497969016,0.0331974961,-0.126637042,0.160157576,-0.0683393255,0.323998153,0.0421958864,0.0687971488,-0.23404789,-0.155295163,0.0852651149,0.356882155,-0.252006024,0.0266698897,-0.000126967207,0.185050324,0.00271341018,0.298315376,0.410253227,0.0337996632,0.871169448,0.145913035,0.00370004261,0.0913496017,0.370648742,-0.338927329,-0.00901225023,0.922177315,-0.141595066,-0.0497969016,0.0331974961,-0.126637042,0.160157576,-0.0683393255,0.323998153,0.0421958864,0.0687971562,-0.23404789,-0.155295163,0.0852651149,0.356882155,-0.252006024,0.0266698897,-0.000126967207,0.185050324,0.00271341018,0.298315376,0.410253227,0.0337996632,0.871169448,0.145913035,0.00370004773,0.0913496017,0.370648742,-0.338927329,-0.00901225209,0.922177315,-0.141595066,-0.0497969016,0.0331974961
0.389941798,3188550.91,0,0,0.00941065094,2.15549953e-05,0,0.131621957,0.0236437619,1,0.425770819,-0.000269141834,0.00695788022,0.90480423,0.0315009058,0.0439298339,-0.00115514081,-2.24207754e-44,2.24207754e-44,0.448270589,-0.114014469,0.0179095585,-0.012655166,0.34882921,-0.239564493,-0.0259177927,-0.237540916,-0.0152202155,-0.00362290279,0.413086534,-0.185563862,0.00901656691,-0.00367792766,-0.0070325695,0.00221560569,0.301882088,0.278689474,-0.00601837831,0.936160505,0.148754478,0.0311301555,0.0566379353,0.349830806,-0.295971602,0.00332188769,0.931803465,-0.135760114,-0.0504208468,0.0319325365,-0.0987728462,-0.027273817,-0.00132796343,0.172814295,-0.103969142,0.0359996818,-0.122201078,-0.000595980091,0.0855911598,0.224344879,-0.121666856,-0.0968262777,0.08055491,0.0116562964,0.00671952032,-0.00135005696,-0.736662328,-0.440520734,-6.52247763e-05,-0.169248849,0.138138965,-0.393701613,0.00013017084,-0.100332238,-0.0152181471,0.00136479072,-0.157939315,0.123222038,0.00715497416,-0.127641112,0.146675706,-0.0625343993,0.333131522,0.0559346229,0.0706383139,-0.229598582,-0.160171583,0.0886289775,0.361564994,-0.228362262,0.0202033687,0.000614252873,0.186849907,-0.00210957602,0.300406933,0.412242681,0.033685714,0.871840417,0.142365858,0.00637559593,0.0888792351,0.374754429,-0.342678338,-0.00965056568,0.924012899,-0.144662231,-0.0475126058,0.0321969725,-0.127641112,0.146675706,-0.0625343993,0.333131522,0.0559346229,0.0706383213,-0.229598582,-0.160171583,0.0886289775,0.361564994,-0.228362262,0.0202033687,0.000614252873,0.186849907,-0.00210957602,0.300406933,0.412242681,0.0336857177,0.871840417,0.142365858,0.00637559732,0.0888792351,0.374754429,-0.342678338,-0.00965056662,0.924012899,-0.144662231,-0.0475126058,0.0321969725,-0.127641112,0.146675706,-0.0625343993,0.333131522,0.0559346229,0.0706383139,-0.229598582,-0.160171583,0.0886289775,0.361564994,-0.228362262,0.0202033687,0.000614252873,0.186849907,-0.00210957602,0.300406933,0.412242681,0.033685714,0.871840417,0.142365858,0.00637559593,0.0888792351,0.374754429,-0.342678338,-0.00965056568,0.924012899,-0.144662231,-0.0475126058,0.0321969725
0.400914354,3188550.92,0,0,0.000387588982,4.87174839e-06,0,0.127953012,0.0211776793,1,0.425759643,-0.000373824732,0.0071621309,0.904807866,0.0255540963,0.0293709058,0.00494063878,-2.24207754e-44,2.24207754e-44,0.361696064,-0.114929557,0.0176571645,-0.0126953488,0.350540161,-0.240579948,-0.0255655386,-0.238640085,-0.0152256927,-0.00283035194,0.415237278,-0.186741799,0.00810810365,-0.00289554265,-0.00689262757,0.00241389731,0.301884115,0.271359414,-0.0103097912,0.936167538,0.147058129,0.0323816463,0.0526391454,0.349826872,-0.296911806,0.0032056889,0.931818306,-0.137307644,-0.0492489375,0.0319902673,-0.0820951611,-0.0235007349,-0.00627570925,0.165066883,-0.0983528569,0.0330690145,-0.0977731943,-0.000474842265,0.0744902864,0.205863073,-0.114814065,-0.0841436163,0.0755407587,0.01510562,0.0306177698,0.00130719237,-0.7318241,-0.417937487,0.00143992319,-0.163541511,0.116422452,-0.400283813,-0.000756928523,-0.088732563,-0.0100011025,0.0015900596,-0.143523857,0.108755581,0.00514056627,-0.127641112,0.146675706,-0.0625343993,0.333131522,0.0559346229,0.0706383139,-0.229598582,-0.160171583,0.0886289775,0.361564994,-0.228362262,0.0202033687,0.000614252873,0.186849907,-0.00210957602,0.300406933,0.412242681,0.033685714,0.871840417,0.142365858,0.00637559593,0.0888792351,0.374754429,-0.342678338,-0.00965056568,0.924012899,-0.144662231,-0.0475126058,0.0321969725,-0.127259731,0.134077281,-0.0573948286,0.342719257,0.0702109486,0.0714062899,-0.226926744,-0.163486645,0.0913318843,0.366098732,-0.207184583,0.013417948,0.0016319165,0.188813359,-0.00690797903,0.304151207,0.413511634,0.0339281149,0.872862935,0.138857469,0.00855348818,0.0857809111,0.379003793,-0.345527619,-0.00945814606,0.926214278,-0.147855058,-0.0457677469,0.0309616812,-0.127259731,0.134077281,-0.0573948286,0.342719257,0.0702109486,0.0714062899,-0.226926744,-0.163486645,0.0913318843,0.366098732,-0.207184583,0.013417948,0.0016319165,0.188813359,-0.00690797903,0.304151207,0.413511634,0.0339281112,0.872862935,0.138857469,0.00855349004,0.0857809111,0.379003793,-0.345527619,-0.00945814699,0.926214278,-0.147855058,-0.0457677469,0.0309616812
0.410941638,3188550.93,0,0,0.0104148732,2.19750218e-05,7.82218485e-05,0.127953012,0,1,0.425728828,-0.000445915299,0.00732353376,0.904821038,0.0219670981,0.0302323028,0.0050516515,-2.24207754e-44,2.24207754e-44,0.294294178,-0.115740664,0.0174355209,-0.0127728619,0.352193743,-0.241543666,-0.0252340939,-0.239571676,-0.0152311437,-0.00212465972,0.417237461,-0.187861934,0.00734504359,-0.00217359699,-0.00673561683,0.00276978314,0.301953435,0.264086872,-0.0143258488,0.93618542,0.145434201,0.03340685,0.0486383103,0.349821478,-0.297736734,0.00311990594,0.931839705,-0.138746485,-0.0482442789,0.0320283882,-0.092086263,-0.0220140815,-0.00657682447,0.177796543,-0.0993948132,0.0364985205,-0.101675957,-0.000784836302,0.0707567111,0.205845714,-0.114065424,-0.0679313987,0.0731194764,0.0167569574,0.0328034647,0.0108557269,-0.721400142,-0.394129574,0.00149402674,-0.173777118,0.0938452855,-0.405082881,1.64271551e-05,-0.08129251,-0.00771107106,0.00268947775,-0.163986042,0.101813771,0.00244117319,-0.127259731,0.134077281,-0.0573948286,0.342719257,0.0702109486,0.0714062899,-0.226926744,-0.163486645,0.0913318843,0.366098732,-0.207184583,0.013417948,0.0016319165,0.188813359,-0.00690797903,0.304151207,0.413511634,0.0339281112,0.872862935,0.138857469,0.00855349004,0.0857809111,0.379003793,-0.345527619,-0.00945814699,0.926214278,-0.147855058,-0.0457677469,0.0309616812,-0.127259731,0.134077281,-0.0573948286,0.342719257,0.0702109486,0.0714062899,-0.226926744,-0.163486645,0.0913318843,0.366098732,-0.207184583,0.013417948,0.0016319165,0.188813359,-0.00690797903,0.304151207,0.413511634,0.0339281149,0.872862935,0.138857469,0.00855348818,0.0857809111,0.379003793,-0.345527619,-0.00945814606,0.926214278,-0.147855058,-0.0457677469,0.0309616812,-0.127259731,0.134077281,-0.0573948286,0.342719257,0.0702109486,0.0714062899,-0.226926744,-0.163486645,0.0913318843,0.366098732,-0.207184583,0.013417948,0.0016319165,0.188813359,-0.00690797903,0.304151207,0.413511634,0.0339281112,0.872862935,0.138857469,0.00855349004,0.0857809111,0.379003793,-0.345527619,-0.00945814699,0.926214278,-0.147855058,-0.0457677469,0.0309616812
0.420948122,3188550.94,0,0,0.000393866096,2.05431134e-05,0.000605099893,0.152348075,0.0153006017,1,0.425705075,-0.000515169813,0.00746264821,0.904831052,0.0173870642,0.0183448549,0.00589828845,-2.24207754e-44,2.24207754e-44,0.237351015,-0.116630644,0.0172326304,-0.0128400521,0.354005367,-0.242542788,-0.0248783957,-0.240529388,-0.0152399074,-0.00144189724,0.419272721,-0.189017981,0.00683834916,-0.00147465093,-0.00655453,0.0031864366,0.302120626,0.256933987,-0.0180808771,0.936201274,0.14368397,0.0341951847,0.0446165949,0.349820286,-0.298514158,0.00304940739,0.931870341,-0.14036566,-0.047306519,0.0320416093,-0.0816792622,-0.0189410523,-0.0074508735,0.177758873,-0.0983674079,0.0335842147,-0.086912863,-0.000852951081,0.065859504,0.197810128,-0.114951082,-0.0411122143,0.0659075677,0.0183934011,0.0496442094,0.0214865934,-0.711850584,-0.361181051,0.0017743957,-0.170216888,0.068356514,-0.395983934,-0.000346630521,-0.0743640885,-0.00674693473,0.00325331441,-0.150674447,0.0855351686,0.000825003663,-0.127259731,0.134077281,-0.0573948286,0.342719257,0.0702109486,0.0714062899,-0.226926744,-0.163486645,0.0913318843,0.366098732,-0.207184583,0.013417948,0.0016319165,0.188813359,-0.00690797903,0.304151207,0.413511634,0.0339281112,0.872862935,0.138857469,0.00855349004,0.0857809111,0.379003793,-0.345527619,-0.00945814699,0.926214278,-0.147855058,-0.0457677469,0.0309616812,-0.125664711,0.124377646,-0.053834267,0.351550758,0.0817786306,0.0717560276,-0.227230012,-0.164739519,0.0928945839,0.369800627,-0.191883981,0.00701408787,0.00265805051,0.190462321,-0.0105349896,0.3083992,0.413082898,0.0341355577,0.87407589,0.135674119,0.0103409234,0.0820817202,0.382865608,-0.347334385,-0.00865210593,0.928392947,-0.150891617,-0.0447129644,0.0298348479,-0.125664711,0.124377646,-0.053834267,0.351550758,0.0817786306,0.0717560202,-0.227230012,-0.164739519,0.0928945839,0.369800627,-0.191883981,0.00701408787,0.00265805051,0.190462321,-0.0105349896,0.3083992,0.413082898,0.0341355577,0.87407589,0.135674119,0.010340929,0.0820817202,0.382865608,-0.347334385,-0.00865210593,0.928392947,-0.150891617,-0.0447129644,0.0298348479
0.431912661,3188550.95,0,0,0.011358405,4.55230474e-06,0.00216654362,0.152348075,0,1,0.425679654,-0.000558452099,0.00757082785,0.904842079,0.0156629812,0.0219663121,0.00332448329,-2.24207754e-44,2.24207754e-44,0.185744047,-0.117458336,0.0170501079,-0.0129132401,0.355806231,-0.2435247,-0.0245432835,-0.241387665,-0.0152468756,-0.000793602841,0.421225041,-0.190153494,0.00647141133,-0.000871727709,-0.00637989724,0.00368964975,0.302443773,0.249899164,-0.0214794856,0.936216652,0.142006293,0.0347205885,0.0407336578,0.349821389,-0.299215555,0.0029878919,0.931910634,-0.141851336,-0.0465444773,0.0320383646,-0.095571667,-0.0188164469,-0.00583614316,0.193246871,-0.102127664,0.0362953581,-0.0967117473,-0.000565862167,0.0665674433,0.202263236,-0.114408955,-0.0384067968,0.0590093173,0.0170049239,0.0438423119,0.039940089,-0.69527781,-0.326830804,0.000958945719,-0.175582409,0.0422984213,-0.390185118,0.000904633722,-0.0694047511,-0.00556130521,0.00484816963,-0.165904492,0.0742839947,-0.00155483477,-0.125664711,0.124377646,-0.053834267,0.351550758,0.0817786306,0.0717560202,-0.227230012,-0.164739519,0.0928945839,0.369800627,-0.191883981,0.00701408787,0.00265805051,0.190462321,-0.0105349896,0.3083992,0.413082898,0.0341355577,0.87407589,0.135674119,0.010340929,0.0820817202,0.382865608,-0.347334385,-0.00865210593,0.928392947,-0.150891617,-0.0447129644,0.0298348479,-0.125664711,0.124377646,-0.053834267,0.351550758,0.0817786306,0.0717560276,-0.227230012,-0.164739519,0.0928945839,0.369800627,-0.191883981,0.00701408787,0.00265805051,0.190462321,-0.0105349896,0.3083992,0.413082898,0.0341355577,0.87407589,0.135674119,0.0103409234,0.0820817202,0.382865608,-0.347334385,-0.00865210593,0.928392947,-0.150891617,-0.0447129644,0.0298348479,-0.125664711,0.124377646,-0.053834267,0.351550758,0.0817786306,0.0717560202,-0.227230012,-0.164739519,0.0928945839,0.369800627,-0.191883981,0.00701408787,0.00265805051,0.190462321,-0.0105349896,0.3083992,0.413082898,0.0341355577,0.87407589,0.135674119,0.010340929,0.0820817202,0.382865608,-0.347334385,-0.00865210593,0.928392947,-0.150891617,-0.0447129644,0.0298348479
0.441943664,3188550.96,0,0,0.00137187727,2.21091323e-05,0.00486730319,0.170320272,0.007925421,1,0.425668389,-0.000598144368,0.00766913872,0.904846549,0.0133466413,0.00862589013,0.00247197296,-2.24207754e-44,2.24207754e-44,0.147729024,-0.118376121,0.0168663431,-0.0129652256,0.357772142,-0.244557604,-0.0241911802,-0.242298588,-0.0152505944,-0.000128982982,0.423234195,-0.191285059,0.00611330848,-0.000320675987,-0.00621668715,0.00420287857,0.302912533,0.243059769,-0.0245441999,0.93622452,0.140261948,0.0350177586,0.0369081944,0.34983182,-0.299878895,0.00293680234,0.931964517,-0.143464088,-0.0458881743,0.0320128351,-0.0834626704,-0.0177355967,-0.0052837166,0.193126321,-0.102101825,0.0332185067,-0.0819764808,-0.00025925407,0.065542765,0.195933148,-0.111222714,-0.0327492394,0.0514601022,0.0155984843,0.0591111667,0.0511650667,-0.676614702,-0.293007731,0.000851922377,-0.169005439,0.0223663691,-0.373184681,0.000992487767,-0.0633910522,-0.00491028745,0.00565948803,-0.148943663,0.0585320778,-0.00298632728,-0.123208791,0.118058719,-0.0519104376,0.358792633,0.0892814845,0.0722147822,-0.230692565,-0.164654657,0.0937709659,0.372314543,-0.18395856,0.00150621124,0.00349484105,0.19208695,-0.0127302594,0.312089592,0.410865158,0.0343185216,0.874941111,0.132871211,0.0116183013,0.0779643953,0.385940284,-0.348457694,-0.00743188709,0.930268049,-0.15367651,-0.044127062,0.0290532038,-0.123208791,0.118058719,-0.0519104376,0.358792633,0.0892814845,0.0722147822,-0.230692565,-0.164654657,0.0937709659,0.372314543,-0.18395856,0.0015062117,0.00349484105,0.19208695,-0.0127302594,0.312089592,0.410865158,0.0343185179,0.874941111,0.132871211,0.0116183031,0.0779643953,0.385940284,-0.348457694,-0.00743188895,0.930268049,-0.15367651,-0.044127062,0.0290532056,-0.123208791,0.118058719,-0.0519104376,0.358792633,0.0892814845,0.0722147822,-0.230692565,-0.164654657,0.0937709659,0.372314543,-0.18395856,0.00150621124,0.00349484105,0.19208695,-0.0127302594,0.312089592,0.410865158,0.0343185216,0.874941111,0.132871211,0.0116183013,0.0779643953,0.385940284,-0.348457694,-0.00743188709,0.930268049,-0.15367651,-0.044127062,0.0290532038
0.452985327,3188550.97,0,0,0.0124135399,4.3339096e-06,0.00960324332,0.170320272,0,1,0.425664186,-0.000616937934,0.0077612428,0.904847741,0.0125325443,0.0151017793,-0.00202077045,-2.24207754e-44,2.24207754e-44,0.114116035,-0.119421348,0.0166547038,-0.0130153149,0.360123128,-0.245789543,-0.023797838,-0.24331598,-0.0152504882,0.000667144719,0.425577343,-0.19259654,0.00572846225,0.000240013163,-0.00605315855,0.00485498086,0.303658038,0.235136092,-0.0277662762,0.936228693,0.138299227,0.0351799652,0.0325537436,0.349871546,-0.300587893,0.00288671441,0.932060659,-0.145226851,-0.04529728,0.0319646411,-0.0998628065,-0.0182099827,-0.00239749718,0.206854388,-0.106344849,0.0342869423,-0.0968316123,0.000249497214,0.0686500967,0.202010781,-0.109852433,-0.0339586884,0.0453184955,0.0125160469,0.0446488224,0.0697806627,-0.646740079,-0.249915078,-0.000369032059,-0.166032314,0.00910941046,-0.363023043,0.0050521181,-0.0574554726,-0.00343646645,0.0112901973,-0.160430983,0.0446801372,-0.00498659862,-0.123208791,0.118058719,-0.0519104376,0.358792633,0.0892814845,0.0722147822,-0.230692565,-0.164654657,0.0937709659,0.372314543,-0.18395856,0.00150621124,0.00349484105,0.19208695,-0.0127302594,0.312089592,0.410865158,0.0343185216,0.874941111,0.132871211,0.0116183013,0.0779643953,0.385940284,-0.348457694,-0.00743188709,0.930268049,-0.15367651,-0.044127062,0.0290532038,-0.123208791,0.118058719,-0.0519104376,0.358792633,0.0892814845,0.0722147822,-0.230692565,-0.164654657,0.0937709659,0.372314543,-0.18395856,0.0015062117,0.00349484105,0.19208695,-0.0127302594,0.312089592,0.410865158,0.0343185179,0.874941111,0.132871211,0.0116183031,0.0779643953,0.385940284,-0.348457694,-0.00743188895,0.930268049,-0.15367651,-0.044127062,0.0290532056,-0.123208791,0.118058719,-0.0519104376,0.358792633,0.0892814845,0.0722147822,-0.230692565,-0.164654657,0.0937709659,0.372314543,-0.18395856,0.00150621124,0.00349484105,0.19208695,-0.0127302594,0.312089592,0.410865158,0.0343185216,0.874941111,0.132871211,0.0116183013,0.0779643953,0.385940284,-0.348457694,-0.00743188709,0.930268049,-0.15367651,-0.044127062,0.0290532038
0.463944059,3188550.98,0,0,0.00337962667,2.18828209e-05,0.0164343435,0.163241755,0.00600284338,1,0.425676316,-0.00061643956,0.00782452431,0.904841483,0.0106648616,-0.00250583352,-0.00257695187,-2.24207754e-44,2.24207754e-44,0.0876516476,-0.120305464,0.016478844,-0.0130347954,0.362144619,-0.246836618,-0.0234800857,-0.244167686,-0.0152461845,0.00135051552,0.427539855,-0.19366692,0.00542660616,0.000653423602,-0.00594139518,0.00540080387,0.304387659,0.228833362,-0.0300834235,0.936225116,0.136709049,0.0352494679,0.0290571563,0.349911809,-0.301118255,0.00285630836,0.93219465,-0.146690026,-0.0449194126,0.0319097191,-0.0772730559,-0.0169242937,-0.00206002081,0.194734409,-0.101908155,0.0294045545,-0.074060075,0.000518584216,0.0674213395,0.189098582,-0.10409601,-0.0267529581,0.0379706137,0.0100348005,0.0620832853,0.0751648098,-0.618944466,-0.221140847,-0.000157407296,-0.15145722,0.00607164623,-0.336810678,0.00351180625,-0.0493128672,-0.00286695058,0.0147354808,-0.130915418,0.0330371,-0.00569199212,-0.120150395,0.114471324,-0.0511542335,0.364795476,0.0926616937,0.0732241422,-0.236688435,-0.163557619,0.0942336172,0.373503059,-0.183265552,-0.0032609459,0.00422113715,0.193687037,-0.0139972735,0.314587325,0.406551331,0.0344692543,0.875289857,0.130453274,0.0122081041,0.0735939294,0.388230324,-0.349269688,-0.00592310727,0.931925237,-0.156219989,-0.0439058617,0.0287027061,-0.120150395,0.114471324,-0.0511542335,0.364795476,0.0926616937,0.0732241496,-0.236688435,-0.163557619,0.0942336172,0.373503059,-0.183265552,-0.00326094637,0.00422113715,0.193687037,-0.0139972735,0.314587325,0.406551331,0.0344692543,0.875289857,0.130453274,0.012208106,0.0735939294,0.388230324,-0.349269688,-0.0059231054,0.931925237,-0.156219989,-0.0439058617,0.0287027061,-0.120150395,0.114471324,-0.0511542335,0.364795476,0.0926616937,0.0732241422,-0.236688435,-0.163557619,0.0942336172,0.373503059,-0.183265552,-0.0032609459,0.00422113715,0.193687037,-0.0139972735,0.314587325,0.406551331,0.0344692543,0.875289857,0.130453274,0.0122081041,0.0735939294,0.388230324,-0.349269688,-0.00592310727,0.931925237,-0.156219989,-0.0439058617,0.0287027061
0.474943142,3188550.99,0,0,0.0143787097,2.18311325e-05,0.0256735142,0.163241755,0,1,0.425705373,-0.000626986963,0.00789662637,0.904827178,0.00967532117,0.0112374956,-0.00745583232,-2.24207754e-44,2.24207754e-44,0.0670065358,-0.121410318,0.016275797,-0.0130397836,0.36456579,-0.2480869,-0.0231105629,-0.245226771,-0.0152322846,0.00218132092,0.429844052,-0.194903746,0.0050999173,0.00111620664,-0.00583684025,0.00593543565,0.305391192,0.221671924,-0.032425195,0.936219275,0.13496995,0.0353130661,0.0250648223,0.350045264,-0.301662445,0.00283458154,0.932480931,-0.14835684,-0.0446496643,0.0318342485,-0.101169579,-0.0168123581,0.000769119069,0.207869813,-0.10642463,0.0314619057,-0.0967216715,0.00167172786,0.0705480948,0.194703668,-0.102629915,-0.0268773176,0.039527569,0.00822357181,0.0353812277,0.087920785,-0.580395401,-0.176047027,-0.000683276216,-0.142026901,0.00496678567,-0.331297398,0.015555785,-0.0428198427,-0.00107068161,0.0312663056,-0.146054968,0.0158612859,-0.00666377274,-0.120150395,0.114471324,-0.0511542335,0.364795476,0.0926616937,0.0732241422,-0.236688435,-0.163557619,0.0942336172,0.373503059,-0.183265552,-0.0032609459,0.00422113715,0.193687037,-0.0139972735,0.314587325,0.406551331,0.0344692543,0.875289857,0.130453274,0.0122081041,0.0735939294,0.388230324,-0.349269688,-0.00592310727,0.931925237,-0.156219989,-0.0439058617,0.0287027061,-0.120150395,0.114471324,-0.0511542335,0.364795476,0.0926616937,0.0732241496,-0.236688435,-0.163557619,0.0942336172,0.373503059,-0.183265552,-0.00326094637,0.00422113715,0.193687037,-0.0139972735,0.314587325,0.406551331,0.0344692543,0.875289857,0.130453274,0.012208106,0.0735939294,0.388230324,-0.349269688,-0.0059231054,0.931925237,-0.156219989,-0.0439058617,0.0287027061,-0.120150395,0.114471324,-0.0511542335,0.364795476,0.0926616937,0.0732241422,-0.236688435,-0.163557619,0.0942336172,0.373503059,-0.183265552,-0.0032609459,0.00422113715,0.193687037,-0.0139972735,0.314587325,0.406551331,0.0344692543,0.875289857,0.130453274,0.0122081041,0.0735939294,0.388230324,-0.349269688,-0.00592310727,0.931925237,-0.156219989,-0.0439058617,0.0287027061
0.484944957,3188551,0,0,0.00437914394,2.2825785e-05,0.0363048464,0.163719058,0.00738397241,1,0.425738841,-0.000606425689,0.00793349184,0.904811084,0.0076157921,-0.00914009847,-0.00705438387,-2.24207754e-44,2.24207754e-44,0.0524831042,-0.122262567,0.0161183681,-0.0130339349,0.366548687,-0.249112919,-0.0228274744,-0.246032581,-0.0152120283,0.00287421909,0.431691915,-0.195884943,0.00487102661,0.00147963688,-0.0057655666,0.00640817778,0.306276351,0.216077656,-0.0340359546,0.936216235,0.133630186,0.0353638381,0.0219289009,0.350186855,-0.302035362,0.00282765809,0.932857513,-0.149637625,-0.044525817,0.0317666307,-0.0731983334,-0.0149726821,0.000282798923,0.190376163,-0.0993718281,0.0259788558,-0.0684820712,0.00224678498,0.0682045743,0.177051559,-0.0946991369,-0.0202832147,0.0338158309,0.00628137309,0.0557237156,0.0889472663,-0.545003414,-0.15248023,-2.46502423e-05,-0.127873376,0.00521528348,-0.299662352,0.0131621789,-0.0332485512,-0.000522890303,0.0413807519,-0.11370068,0.0108086998,-0.00678845914,-0.116458565,0.113086499,-0.051106438,0.36971271,0.0934307724,0.0748893917,-0.244072407,-0.161743701,0.0942552537,0.373995513,-0.187333077,-0.00776485354,0.00453703385,0.193832904,-0.0148183303,0.315559536,0.399441659,0.0344653428,0.875266135,0.128266156,0.012270689,0.0691283047,0.389474213,-0.349947482,-0.0044170171,0.933335125,-0.158411399,-0.0441966765,0.028685078,-0.116458565,0.113086499,-0.051106438,0.36971271,0.0934307724,0.0748893917,-0.244072407,-0.161743701,0.0942552537,0.373995513,-0.187333077,-0.007764854,0.00453703385,0.193832904,-0.0148183303,0.315559536,0.399441659,0.0344653428,0.875266135,0.128266156,0.0122706946,0.0691283047,0.389474213,-0.349947482,-0.00441701524,0.933335125,-0.158411399,-0.0441966765,0.0286850799,-0.116458565,0.113086499,-0.051106438,0.36971271,0.0934307724,0.0748893917,-0.244072407,-0.161743701,0.0942552537,0.373995513,-0.187333077,-0.00776485354,0.00453703385,0.193832904,-0.0148183303,0.315559536,0.399441659,0.0344653428,0.875266135,0.128266156,0.012270689,0.0691283047,0.389474213,-0.349947482,-0.0044170171,0.933335125,-0.158411399,-0.0441966765,0.028685078
0.49594168,3188551.01,0,0,0.015375867,2.1411106e-05,0.0505646393,0.163719058,0,1,0.425795436,-0.000586854527,0.00796540361,0.904784203,0.00521271629,0.00494932476,-0.0125007741,-2.24207754e-44,2.24207754e-44,0.0382350311,-0.123283118,0.0159565173,-0.0130220437,0.36886853,-0.250324905,-0.0225351062,-0.24699609,-0.015158277,0.00371629093,0.433812618,-0.196989998,0.0046245195,0.0018935136,-0.00569044147,0.00687572826,0.30742988,0.209823191,-0.0355244167,0.936216295,0.132187918,0.0354284979,0.0184286851,0.350438088,-0.302382231,0.00283419178,0.933435798,-0.151065886,-0.0444195233,0.0316858068,-0.0931242555,-0.0123104174,0.00158388191,0.19511573,-0.101686887,0.0232680347,-0.0879214853,0.00600430975,0.0711664632,0.175544709,-0.089771837,-0.0203781631,0.0345337763,0.00628870958,0.0274061691,0.100825883,-0.50381428,-0.103695378,0.000149690779,-0.115636677,0.00589258038,-0.285576373,0.0265248604,-0.0257307142,0.00129360042,0.0525749736,-0.123176336,0.00783883128,-0.00665184949,-0.116458565,0.113086499,-0.051106438,0.36971271,0.0934307724,0.0748893917,-0.244072407,-0.161743701,0.0942552537,0.373995513,-0.187333077,-0.00776485354,0.00453703385,0.193832904,-0.0148183303,0.315559536,0.399441659,0.0344653428,0.875266135,0.128266156,0.012270689,0.0691283047,0.389474213,-0.349947482,-0.0044170171,0.933335125,-0.158411399,-0.0441966765,0.028685078,-0.116458565,0.113086499,-0.051106438,0.36971271,0.0934307724,0.0748893917,-0.244072407,-0.161743701,0.0942552537,0.373995513,-0.187333077,-0.007764854,0.00453703385,0.193832904,-0.0148183303,0.315559536,0.399441659,0.0344653428,0.875266135,0.128266156,0.0122706946,0.0691283047,0.389474213,-0.349947482,-0.00441701524,0.933335125,-0.158411399,-0.0441966765,0.0286850799,-0.116458565,0.113086499,-0.051106438,0.36971271,0.0934307724,0.0748893917,-0.244072407,-0.161743701,0.0942552537,0.373995513,-0.187333077,-0.00776485354,0.00453703385,0.193832904,-0.0148183303,0.315559536,0.399441659,0.0344653428,0.875266135,0.128266156,0.012270689,0.0691283047,0.389474213,-0.349947482,-0.0044170171,0.933335125,-0.158411399,-0.0441966765,0.028685078
0.505947093,3188551.02,0,0,0.00540062413,2.1725893e-05,0.065940395,0.145384111,0.00787448883,1,0.425841302,-0.000569241412,0.00797541998,0.904762566,0.003630755,-0.00854152814,-0.012393971,-2.24207754e-44,2.24207754e-44,0.0281954352,-0.123931669,0.0158674121,-0.0130121168,0.37035203,-0.251103431,-0.0223647058,-0.247601777,-0.015104251,0.00427739043,0.435136557,-0.197667062,0.00447640056,0.00214983243,-0.0056462693,0.00714952452,0.308235109,0.205950692,-0.0362692289,0.936220765,0.131301761,0.0354957394,0.0162864551,0.350656748,-0.302548438,0.00284720049,0.933874786,-0.151946157,-0.044359725,0.0316334963,-0.0721986815,-0.0104985638,0.000877825485,0.177944779,-0.0938238055,0.0201900434,-0.0667953417,0.00703915255,0.0692082718,0.158193946,-0.0810670331,-0.0172470175,0.0301730428,0.00484734029,0.0390755348,0.100341544,-0.471642643,-0.0885805488,0.000835151819,-0.107415408,0.0104149887,-0.255198628,0.0277389083,-0.0174834449,0.00177081372,0.0557833202,-0.100123897,0.0073430175,-0.00646623503,-0.113198891,0.112396233,-0.051285632,0.37406233,0.0920069963,0.0770200342,-0.251775682,-0.160032764,0.094369173,0.373525739,-0.195207566,-0.0119481683,0.00477894209,0.193896607,-0.0154056065,0.315616876,0.392094016,0.0345794857,0.874794722,0.126436293,0.0120076835,0.0649602711,0.389966667,-0.350672364,-0.00297589973,0.934685469,-0.160409659,-0.0445578098,0.0289625973,-0.113198891,0.112396233,-0.051285632,0.37406233,0.0920069963,0.0770200267,-0.251775682,-0.160032764,0.094369173,0.373525739,-0.195207566,-0.0119481683,0.00477894209,0.193896607,-0.0154056065,0.315616876,0.392094016,0.0345794819,0.874794722,0.126436293,0.0120076891,0.0649602711,0.389966667,-0.350672364,-0.00297589973,0.934685469,-0.160409659,-0.0445578098,0.0289625973,-0.113198891,0.112396233,-0.051285632,0.37406233,0.0920069963,0.0770200342,-0.251775682,-0.160032764,0.094369173,0.373525739,-0.195207566,-0.0119481683,0.00477894209,0.193896607,-0.0154056065,0.315616876,0.392094016,0.0345794857,0.874794722,0.126436293,0.0120076835,0.0649602711,0.389966667,-0.350672364,-0.00297589973,0.934685469,-0.160409659,-0.0445578098,0.0289625973
0.516912594,3188551.03,0,0,0.0163661251,4.52296808e-06,0.0854433402,0.145384111,0,1,0.425926059,-0.000582065084,0.00799135491,0.904722512,0.000288648531,0.00487289205,-0.016904125,-2.24207754e-44,2.24207754e-44,0.0201682318,-0.125046209,0.0157679152,-0.0129846465,0.372647136,-0.252287298,-0.0220811069,-0.248605773,-0.0149819897,0.00512811216,0.437057197,-0.198615178,0.00425180513,0.00251926528,-0.00556360791,0.00739781419,0.309492201,0.200575113,-0.0369037576,0.936230242,0.130068168,0.0356299281,0.0132495994,0.351074666,-0.302729398,0.00288477982,0.934625804,-0.153343529,-0.0442862026,0.0315637849,-0.0967617109,-0.00680646813,0.00274038804,0.192284092,-0.0983261019,0.0231602341,-0.0857661739,0.0117301699,0.0710082427,0.156050488,-0.0755507499,-0.0180431213,0.0299906433,0.00760351308,0.0152147375,0.105910055,-0.428965986,-0.0356195979,0.00103022018,-0.100599147,0.0135545153,-0.243837103,0.0381998494,-0.0122017367,0.00373685709,0.0662554651,-0.115678072,0.0056809797,-0.00546202064,-0.113198891,0.112396233,-0.051285632,0.37406233,0.0920069963,0.0770200342,-0.251775682,-0.160032764,0.094369173,0.373525739,-0.195207566,-0.0119481683,0.00477894209,0.193896607,-0.0154056065,0.315616876,0.392094016,0.0345794857,0.874794722,0.126436293,0.0120076835,0.0649602711,0.389966667,-0.350672364,-0.00297589973,0.934685469,-0.160409659,-0.0445578098,0.0289625973,-0.113198891,0.112396233,-0.051285632,0.37406233,0.0920069963,0.0770200267,-0.251775682,-0.160032764,0.094369173,0.373525739,-0.195207566,-0.0119481683,0.00477894209,0.193896607,-0.0154056065,0.315616876,0.392094016,0.0345794819,0.874794722,0.126436293,0.0120076891,0.0649602711,0.389966667,-0.350672364,-0.00297589973,0.934685469,-0.160409659,-0.0445578098,0.0289625973,-0.113198891,0.112396233,-0.051285632,0.37406233,0.0920069963,0.0770200342,-0.251775682,-0.160032764,0.094369173,0.373525739,-0.195207566,-0.0119481683,0.00477894209,0.193896607,-0.0154056065,0.315616876,0.392094016,0.0345794857,0.874794722,0.126436293,0.0120076835,0.0649602711,0.389966667,-0.350672364,-0.00297589973,0.934685469,-0.160409659,-0.0445578098,0.0289625973
0.527912078,3188551.04,0,0,0.00736550614,4.11411747e-06,0.107771792,0.143940095,0.0101582706,1,0.426019132,-0.000569662603,0.00797890127,0.904678822,-0.00190976565,-0.00146260916,-0.0180487242,-2.24207754e-44,2.24207754e-44,0.0144263646,-0.126070917,0.015703043,-0.0129537843,0.374832392,-0.25339812,-0.0218182392,-0.249485299,-0.014829956,0.00596517092,0.438777894,-0.199434966,0.00405864883,0.00284637162,-0.00547269918,0.0076510082,0.310732961,0.195794582,-0.0372191109,0.936249673,0.128886282,0.0358632058,0.0106221652,0.351554334,-0.302824259,0.00293704751,0.935444832,-0.154553905,-0.0442221537,0.031503696,-0.0893257409,-0.00449336367,0.0028595177,0.183991298,-0.0923785418,0.0238559153,-0.0753498971,0.0137965446,0.069735229,0.140299037,-0.0654912591,-0.0162061658,0.0267433114,0.00852495618,0.0172038954,0.102644086,-0.376506954,-0.0182118807,0.00187514105,-0.0989627689,0.0224396829,-0.206847012,0.0427914262,-0.00639719097,0.00501460675,0.0708529204,-0.104043946,0.00459293462,-0.0045056846,-0.110504664,0.112182967,-0.051634647,0.377696753,0.0890241414,0.079311803,-0.259114593,-0.158503845,0.0944027454,0.372659326,-0.205365837,-0.0158847068,0.0049412474,0.192939073,-0.01560276,0.315012753,0.383926839,0.034701556,0.874367893,0.124909207,0.0115154684,0.0609146878,0.389796227,-0.351535827,-0.00188384205,0.935856581,-0.162247404,-0.0451400504,0.0293054655,-0.110504664,0.112182967,-0.051634647,0.377696753,0.0890241414,0.0793118104,-0.259114593,-0.158503845,0.0944027454,0.372659326,-0.205365837,-0.0158847068,0.0049412474,0.192939073,-0.01560276,0.315012753,0.383926839,0.034701556,0.874367893,0.124909207,0.0115154665,0.0609146878,0.389796227,-0.351535827,-0.00188384019,0.935856581,-0.162247404,-0.0451400504,0.0293054637,-0.110504664,0.112182967,-0.051634647,0.377696753,0.0890241414,0.079311803,-0.259114593,-0.158503845,0.0944027454,0.372659326,-0.205365837,-0.0158847068,0.0049412474,0.192939073,-0.01560276,0.315012753,0.383926839,0.034701556,0.874367893,0.124909207,0.0115154684,0.0609146878,0.389796227,-0.351535827,-0.00188384205,0.935856581,-0.162247404,-0.0451400504,0.0293054655
0.537913459,3188551.05,0,0,0.0173668871,4.81680036e-06,0.130423412,0.143940095,0,1,0.426104724,-0.000582495122,0.00796877686,0.904638529,-0.00328952656,0.000462792115,-0.0190731902,-2.24207754e-44,2.24207754e-44,0.0106383478,-0.127018213,0.0156673435,-0.0129223457,0.376683146,-0.254311383,-0.0215797015,-0.250274748,-0.0146825872,0.00666082744,0.440143853,-0.200052395,0.00390186603,0.00310647255,-0.00537542021,0.00775993103,0.311749309,0.192301258,-0.0373290554,0.93627286,0.127896905,0.0361246914,0.00869404618,0.352015972,-0.30287531,0.00299368938,0.936183453,-0.15560928,-0.0441827625,0.0314640366,-0.0929996818,-0.00312040723,0.00311698159,0.180993408,-0.0884371847,0.0226026904,-0.0767020136,0.0149399964,0.0690281838,0.131294295,-0.0580765121,-0.0146838725,0.0247095358,0.0101273414,0.00962665863,0.100521162,-0.330900699,-0.00781769026,0.00270647858,-0.0972473174,0.0292896368,-0.180911243,0.0477132238,-0.00433477061,0.00603898568,0.075019367,-0.0995860994,0.00371868466,-0.00365791027,-0.110504664,0.112182967,-0.051634647,0.377696753,0.0890241414,0.079311803,-0.259114593,-0.158503845,0.0944027454,0.372659326,-0.205365837,-0.0158847068,0.0049412474,0.192939073,-0.01560276,0.315012753,0.383926839,0.034701556,0.874367893,0.124909207,0.0115154684,0.0609146878,0.389796227,-0.351535827,-0.00188384205,0.935856581,-0.162247404,-0.0451400504,0.0293054655,-0.110504664,0.112182967,-0.051634647,0.377696753,0.0890241414,0.0793118104,-0.259114593,-0.158503845,0.0944027454,0.372659326,-0.205365837,-0.0158847068,0.0049412474,0.192939073,-0.01560276,0.315012753,0.383926839,0.034701556,0.874367893,0.124909207,0.0115154665,0.0609146878,0.389796227,-0.351535827,-0.00188384019,0.935856581,-0.162247404,-0.0451400504,0.0293054637,-0.110504664,0.112182967,-0.051634647,0.377696753,0.0890241414,0.079311803,-0.259114593,-0.158503845,0.0944027454,0.372659326,-0.205365837,-0.0158847068,0.0049412474,0.192939073,-0.01560276,0.315012753,0.383926839,0.034701556,0.874367893,0.124909207,0.0115154684,0.0609146878,0.389796227,-0.351535827,-0.00188384205,0.935856581,-0.162247404,-0.0451400504,0.0293054655
0.548913397,3188551.07,0,0,0.008353638,4.69991937e-06,0.157822847,0.157934148,0.0112224817,1,0.426172405,-0.000570136355,0.00794723351,0.904606879,-0.00359316193,-0.00570790423,-0.0188199598,-2.24207754e-44,2.24207754e-44,0.00760962488,-0.127686948,0.0156430379,-0.012899695,0.378052115,-0.254972368,-0.0214076769,-0.250813961,-0.0145660397,0.0072042481,0.441120476,-0.200473309,0.00379696675,0.00328519987,-0.00529448455,0.00787302386,0.312529385,0.189842895,-0.0373752452,0.936298668,0.127156392,0.0363917761,0.00738450931,0.352401525,-0.302904636,0.00304489071,0.936780334,-0.156313851,-0.0441545881,0.0314374156,-0.0833964944,-0.00310341292,0.00287482399,0.169783831,-0.0811950713,0.0225740727,-0.066809848,0.0145403715,0.0677387938,0.119692437,-0.0507893488,-0.0130662676,0.0218032431,0.0104407491,0.0137245124,0.0958393142,-0.293022633,-0.00448358292,0.00346411252,-0.0911159888,0.0352570377,-0.155923337,0.048837617,-0.00356007484,0.00663269218,0.0753507465,-0.0883943066,0.00302234408,-0.00304989726,-0.108573787,0.112222686,-0.0520416312,0.380673259,0.0851179808,0.081649825,-0.265720576,-0.15713419,0.0943571627,0.371598989,-0.216588318,-0.0195228737,0.00512789655,0.19065769,-0.0156132123,0.314146757,0.375427902,0.0348748639,0.874176443,0.123649977,0.0110750347,0.0570889041,0.389095485,-0.352484047,-0.0011992529,0.936883807,-0.163991153,-0.0459592938,0.029644601,-0.108573787,0.112222686,-0.0520416312,0.380673259,0.0851179808,0.0816498324,-0.265720576,-0.15713419,0.0943571627,0.371598989,-0.216588318,-0.0195228737,0.00512789655,0.19065769,-0.0156132123,0.314146757,0.375427902,0.0348748639,0.874176443,0.123649977,0.0110750366,0.0570889041,0.389095485,-0.352484047,-0.00119925104,0.936883807,-0.163991153,-0.0459592938,0.0296445992,-0.108573787,0.112222686,-0.0520416312,0.380673259,0.0851179808,0.081649825,-0.265720576,-0.15713419,0.0943571627,0.371598989,-0.216588318,-0.0195228737,0.00512789655,0.19065769,-0.0156132123,0.314146757,0.375427902,0.0348748639,0.874176443,0.123649977,0.0110750347,0.0570889041,0.389095485,-0.352484047,-0.0011992529,0.936883807,-0.163991153,-0.0459592938,0.029644601
0.558942869,3188551.08,0,0,0.0183831099,2.17719935e-05,0.184958637,0.157934148,0,1,0.426260293,-0.000569340191,0.00792547315,0.904565632,-0.00378383254,-0.00172762258,-0.0193981621,-2.24207754e-44,2.24207754e-44,0.00561152119,-0.12859787,0.0156099675,-0.0128683848,0.379783511,-0.255780041,-0.0211630706,-0.251545459,-0.0144206788,0.00788160507,0.442314625,-0.200959787,0.00366472732,0.00350397569,-0.00517775817,0.00795360934,0.313454628,0.187202066,-0.0374006368,0.936337769,0.126259252,0.0367691517,0.0059360303,0.352905929,-0.302941471,0.00311506586,0.937560141,-0.157292917,-0.0441355556,0.031412445,-0.0917219594,-0.00350876292,0.00310711074,0.170670599,-0.0782942548,0.0238362066,-0.0735543519,0.0141724385,0.0673350021,0.116420776,-0.0459022112,-0.0125606265,0.0210911371,0.0121321576,0.00604656106,0.0903604701,-0.244806021,-0.00170105055,0.00429695146,-0.0868694931,0.0398290791,-0.135715067,0.0511293113,-0.00362692075,0.00723510189,0.0788498297,-0.0963366106,0.00149247563,-0.00220260839,-0.108573787,0.112222686,-0.0520416312,0.380673259,0.0851179808,0.081649825,-0.265720576,-0.15713419,0.0943571627,0.371598989,-0.216588318,-0.0195228737,0.00512789655,0.19065769,-0.0156132123,0.314146757,0.375427902,0.0348748639,0.874176443,0.123649977,0.0110750347,0.0570889041,0.389095485,-0.352484047,-0.0011992529,0.936883807,-0.163991153,-0.0459592938,0.029644601,-0.108573787,0.112222686,-0.0520416312,0.380673259,0.0851179808,0.0816498324,-0.265720576,-0.15713419,0.0943571627,0.371598989,-0.216588318,-0.0195228737,0.00512789655,0.19065769,-0.0156132123,0.314146757,0.375427902,0.0348748639,0.874176443,0.123649977,0.0110750366,0.0570889041,0.389095485,-0.352484047,-0.00119925104,0.936883807,-0.163991153,-0.0459592938,0.0296445992,-0.108573787,0.112222686,-0.0520416312,0.380673259,0.0851179808,0.081649825,-0.265720576,-0.15713419,0.0943571627,0.371598989,-0.216588318,-0.0195228737,0.00512789655,0.19065769,-0.0156132123,0.314146757,0.375427902,0.0348748639,0.874176443,0.123649977,0.0110750347,0.0570889041,0.389095485,-0.352484047,-0.0011992529,0.936883807,-0.163991153,-0.0459592938,0.029644601
0.569943291,3188551.09,0,0,0.0094336262,2.2218097e-05,0.216921493,0.13709208,0.012147814,1,0.426361591,-0.000550418161,0.00789356511,0.904518187,-0.00326207769,-0.00510913366,-0.0186838005,-2.24207754e-44,2.24207754e-44,0.00401392905,-0.129612654,0.0155580202,-0.0128355296,0.381691366,-0.256626815,-0.0208931118,-0.252349943,-0.0142671652,0.00867401157,0.443596095,-0.201431796,0.00353632681,0.00372691592,-0.00503002713,0.00803918391,0.314484835,0.184667751,-0.0374103002,0.936398208,0.125329062,0.0372928567,0.00452473387,0.353519708,-0.302985072,0.0032060123,0.938496172,-0.158314496,-0.0441232771,0.031391032,-0.0859238282,-0.00493792491,0.0027955086,0.157740653,-0.0684243664,0.0244157482,-0.0679183528,0.0122502344,0.0657700002,0.104336269,-0.0368638039,-0.0106403166,0.0184915774,0.013116641,0.00612429064,0.0816287175,-0.187468037,0.000370746158,0.00545545295,-0.0717999488,0.0454730242,-0.108677991,0.0506357998,-0.00432557939,0.00795107335,0.0792563036,-0.0901353583,-1.40479206e-05,-0.00135158026,-0.1073476,0.11246448,-0.0524744168,0.383043855,0.0803013295,0.0839582235,-0.27170521,-0.1556945,0.0942264199,0.370269805,-0.228736132,-0.0227676313,0.00540610868,0.187202141,-0.0154286977,0.31328845,0.366976589,0.035186708,0.874322176,0.122789301,0.0108383745,0.0534945726,0.388009876,-0.353538752,-0.000877827406,0.937870085,-0.16572237,-0.046956934,0.0299855545,-0.1073476,0.11246448,-0.0524744168,0.383043855,0.0803013295,0.0839582235,-0.27170521,-0.1556945,0.0942264199,0.370269805,-0.228736132,-0.0227676313,0.00540610868,0.187202141,-0.0154286977,0.31328845,0.366976589,0.0351867117,0.874322176,0.122789301,0.0108383689,0.0534945764,0.388009876,-0.353538752,-0.000877825543,0.937870085,-0.16572237,-0.046956934,0.0299855564,-0.1073476,0.11246448,-0.0524744168,0.383043855,0.0803013295,0.0839582235,-0.27170521,-0.1556945,0.0942264199,0.370269805,-0.228736132,-0.0227676313,0.00540610868,0.187202141,-0.0154286977,0.31328845,0.366976589,0.035186708,0.874322176,0.122789301,0.0108383745,0.0534945726,0.388009876,-0.353538752,-0.000877827406,0.937870085,-0.16572237,-0.046956934,0.0299855545
0.580949673,3188551.1,0,0,0.000391435809,2.38828361e-05,0.251005977,0.156159978,0.0124326944,1,0.426429331,-0.000541586778,0.0078751985,0.904486418,-0.00298695057,-0.00429266272,-0.0184835009,-2.24207754e-44,2.24207754e-44,0.00287116924,-0.130321518,0.0155140357,-0.012812891,0.382947981,-0.257157773,-0.0206938833,-0.252910674,-0.0141740432,0.0091977315,0.444415689,-0.201706305,0.0034543958,0.00387653243,-0.00491710473,0.00807306543,0.315100014,0.1833556,-0.0373993926,0.936452568,0.124799907,0.0376617536,0.00371603621,0.353917241,-0.303023577,0.00327055063,0.939142168,-0.159072429,-0.0441301651,0.0313832015,-0.0881359056,-0.0058806492,0.00274386792,0.154317766,-0.0639987066,0.0242705382,-0.0696561262,0.0110808024,0.0650765896,0.0999212414,-0.0320854448,-0.00963708386,0.018382486,0.0145405,0.00368241686,0.0739232153,-0.150002852,0.00178756891,0.00858108792,-0.0622669384,0.0459072217,-0.0955966562,0.0490928739,-0.00484885601,0.00802960247,0.0809803382,-0.0930014551,-0.00116385869,-0.000803226372,-0.1073476,0.11246448,-0.0524744168,0.383043855,0.0803013295,0.0839582235,-0.27170521,-0.1556945,0.0942264199,0.370269805,-0.228736132,-0.0227676313,0.00540610868,0.187202141,-0.0154286977,0.31328845,0.366976589,0.035186708,0.874322176,0.122789301,0.0108383745,0.0534945726,0.388009876,-0.353538752,-0.000877827406,0.937870085,-0.16572237,-0.046956934,0.0299855545,-0.10653469,0.113046356,-0.0530372262,0.38466996,0.0748205632,0.0861408189,-0.277282,-0.153928757,0.0937841982,0.368877172,-0.241168842,-0.0254766736,0.00568452012,0.182204574,-0.01481531,0.312626243,0.358241737,0.0355223529,0.874985516,0.122263983,0.0110159609,0.0501619242,0.386611521,-0.354538172,-0.000986898318,0.938812435,-0.167342409,-0.0481711216,0.0302411038,-0.10653469,0.113046356,-0.0530372262,0.38466996,0.0748205632,0.0861408263,-0.277282,-0.153928757,0.0937841982,0.368877172,-0.241168827,-0.0254766736,0.00568452012,0.182204574,-0.01481531,0.312626243,0.358241737,0.0355223566,0.874985516,0.122263983,0.0110159665,0.0501619279,0.386611521,-0.354538172,-0.000986896455,0.938812435,-0.167342409,-0.0481711216,0.030241102
0.591945596,3188551.11,0,0,0.0113873589,2.23731622e-05,0.286928356,0.156159978,0,1,0.426540345,-0.00051076099,0.00784233864,0.904434383,-0.00186421105,-0.0054577305,-0.0173572265,-2.24207754e-44,2.24207754e-44,0.00205375161,-0.13149336,0.0154112726,-0.0127801225,0.384956032,-0.257941842,-0.0203697123,-0.253833532,-0.014047063,0.0100909583,0.445694298,-0.202062309,0.00334642176,0.00410895282,-0.00470138481,0.00811639708,0.316005439,0.181751475,-0.03730838,0.936695457,0.124113776,0.0382612683,0.00258392096,0.354569018,-0.30309701,0.00338114309,0.940267146,-0.160255313,-0.0441578962,0.0313775316,-0.0857657865,-0.00854910072,0.00236743945,0.14159508,-0.0532610044,0.0250330213,-0.0678816587,0.00787745696,0.0634651035,0.0892353058,-0.0228136647,-0.00745904585,0.0161845386,0.0165299326,0.00186577707,0.0566249341,-0.0909240246,0.0168767683,0.0237286575,-0.0371191017,0.0405258201,-0.0750114024,0.0425857343,-0.00698617287,0.00782115199,0.0827658623,-0.09165968,-0.00346338097,4.07751031e-05,-0.10653469,0.113046356,-0.0530372262,0.38466996,0.0748205632,0.0861408263,-0.277282,-0.153928757,0.0937841982,0.368877172,-0.241168827,-0.0254766736,0.00568452012,0.182204574,-0.01481531,0.312626243,0.358241737,0.0355223566,0.874985516,0.122263983,0.0110159665,0.0501619279,0.386611521,-0.354538172,-0.000986896455,0.938812435,-0.167342409,-0.0481711216,0.030241102,-0.10653469,0.113046356,-0.0530372262,0.38466996,0.0748205632,0.0861408189,-0.277282,-0.153928757,0.0937841982,0.368877172,-0.241168842,-0.0254766736,0.00568452012,0.182204574,-0.01481531,0.312626243,0.358241737,0.0355223529,0.874985516,0.122263983,0.0110159609,0.0501619242,0.386611521,-0.354538172,-0.000986898318,0.938812435,-0.167342409,-0.0481711216,0.0302411038,-0.10653469,0.113046356,-0.0530372262,0.38466996,0.0748205632,0.0861408263,-0.277282,-0.153928757,0.0937841982,0.368877172,-0.241168827,-0.0254766736,0.00568452012,0.182204574,-0.01481531,0.312626243,0.358241737,0.0355223566,0.874985516,0.122263983,0.0110159665,0.0501619279,0.386611521,-0.354538172,-0.000986896455,0.938812435,-0.167342409,-0.0481711216,0.030241102
0.602941957,3188551.12,0,0,0.00236187875,2.1930784e-05,0.324466586,0.176745001,0.012170136,1,0.426630169,-0.00047649059,0.00781965163,0.904392242,-5.80233827e-05,-0.00897477567,-0.0155937364,-2.24207754e-44,2.24207754e-44,0.00146905147,-0.132483229,0.0152873266,-0.0127545334,0.38655138,-0.25850296,-0.0200859141,-0.254622221,-0.0139794629,0.0108417328,0.446698517,-0.202280581,0.00327565311,0.00428240746,-0.00449510058,0.0081396522,0.316570967,0.180986941,-0.0370009243,0.93708241,0.123786479,0.0387195982,0.00181137281,0.355024517,-0.303201288,0.00347390352,0.941249788,-0.161284953,-0.0442086756,0.0313819498,-0.0773426816,-0.0117518706,0.00187445525,0.123677023,-0.0406368002,0.0219119452,-0.0619330145,0.00376002188,0.0618054494,0.0781265795,-0.0142693268,-0.00434665754,0.0127121517,0.0172961075,0.00239619636,0.0409002006,-0.043784637,0.0294318385,0.0381778106,-0.0218164492,0.0369088538,-0.0545654222,0.0353222303,-0.00947281625,0.00766430516,0.0790831298,-0.0755240172,-0.00442484813,0.000523164752,-0.106061324,0.113842875,-0.0536769405,0.38602829,0.0691575855,0.0881231874,-0.282661974,-0.151786938,0.0931786299,0.367378861,-0.253338963,-0.0276506152,0.00602428988,0.17624554,-0.0139106717,0.312330782,0.350146294,0.0360444635,0.876042366,0.122107208,0.0116817802,0.0471791625,0.384956062,-0.355475754,-0.00138236582,0.939806342,-0.168869928,-0.0495400988,0.0304388888,-0.106061324,0.113842875,-0.0536769405,0.38602829,0.0691575855,0.0881231874,-0.282661974,-0.151786938,0.0931786299,0.367378861,-0.253338963,-0.0276506133,0.00602428988,0.17624554,-0.0139106717,0.312330782,0.350146294,0.0360444598,0.876042366,0.122107208,0.0116817746,0.0471791588,0.384956062,-0.355475754,-0.00138236396,0.939806342,-0.168869928,-0.0495400988,0.0304388888,-0.106061324,0.113842875,-0.0536769405,0.38602829,0.0691575855,0.0881231874,-0.282661974,-0.151786938,0.0931786299,0.367378861,-0.253338963,-0.0276506152,0.00602428988,0.17624554,-0.0139106717,0.312330782,0.350146294,0.0360444635,0.876042366,0.122107208,0.0116817802,0.0471791625,0.384956062,-0.355475754,-0.00138236582,0.939806342,-0.168869928,-0.0495400988,0.0304388888
0.6129423,3188551.13,0,0,0.0123622217,2.15028413e-05,0.359775364,0.176745001,0,1,0.426701188,-0.000437549606,0.00780331483,0.904358864,0.000590405543,-0.00756087201,-0.0159285516,-2.24207754e-44,2.24207754e-44,0.00108331395,-0.133270338,0.015158237,-0.0127339223,0.387765318,-0.258881718,-0.01985256,-0.255257159,-0.013953005,0.0114592118,0.4474594,-0.202399164,0.0032366442,0.00438846508,-0.0043157097,0.00815403182,0.316911787,0.18071346,-0.0364439711,0.9375,0.12362548,0.039095331,0.00128063641,0.355304718,-0.303321779,0.0035486978,0.942060292,-0.162087917,-0.044287879,0.0313906036,-0.0815802291,-0.0135057094,0.00230736192,0.122191638,-0.0371283814,0.0243422184,-0.0661167949,0.00214659818,0.0618831255,0.0759862289,-0.010688643,-0.00374913542,0.00929942634,0.0185760539,0.000657795055,0.0294004939,-0.0188079067,0.078977786,0.0434357934,-0.0129872859,0.0386266671,-0.0541725755,0.0220162664,-0.0142967803,0.00734037161,0.0835441872,-0.087067008,-0.0101865754,0.00111061486,-0.106061324,0.113842875,-0.0536769405,0.38602829,0.0691575855,0.0881231874,-0.282661974,-0.151786938,0.0931786299,0.367378861,-0.253338963,-0.0276506152,0.00602428988,0.17624554,-0.0139106717,0.312330782,0.350146294,0.0360444635,0.876042366,0.122107208,0.0116817802,0.0471791625,0.384956062,-0.355475754,-0.00138236582,0.939806342,-0.168869928,-0.0495400988,0.0304388888,-0.106061324,0.113842875,-0.0536769405,0.38602829,0.0691575855,0.0881231874,-0.282661974,-0.151786938,0.0931786299,0.367378861,-0.253338963,-0.0276506133,0.00602428988,0.17624554,-0.0139106717,0.312330782,0.350146294,0.0360444598,0.876042366,0.122107208,0.0116817746,0.0471791588,0.384956062,-0.355475754,-0.00138236396,0.939806342,-0.168869928,-0.0495400988,0.0304388888,-0.106061324,0.113842875,-0.0536769405,0.38602829,0.0691575855,0.0881231874,-0.282661974,-0.151786938,0.0931786299,0.367378861,-0.253338963,-0.0276506152,0.00602428988,0.17624554,-0.0139106717,0.312330782,0.350146294,0.0360444635,0.876042366,0.122107208,0.0116817802,0.0471791625,0.384956062,-0.355475754,-0.00138236582,0.939806342,-0.168869928,-0.0495400988,0.0304388888
0.623941644,3188551.14,0,0,0.00338712893,2.16760673e-05,0.399630129,0.15351316,0.0117084086,1,0.426774621,-0.000397077587,0.00778629724,0.904324412,0.000238077249,-0.0104277534,-0.0162777714,-2.24207754e-44,2.24207754e-44,0.000774895947,-0.134063214,0.0150182638,-0.0127077354,0.388935655,-0.259212822,-0.0196260698,-0.255895168,-0.0139383944,0.0120785013,0.448165178,-0.20246245,0.00321444287,0.00446173036,-0.0041092108,0.00816327147,0.317137629,0.180613562,-0.0353600867,0.937975526,0.123518445,0.0395044908,0.000862357672,0.355463773,-0.303499222,0.00362048578,0.942861617,-0.162884131,-0.0443815812,0.0314034149,-0.0761867389,-0.0142903011,0.00282442919,0.112159975,-0.0298211612,0.0213826541,-0.060718324,0.00100302976,0.0619460121,0.0656751767,-0.00285783061,-0.000965990825,0.00606188085,0.0223806184,0.00131971354,0.0182417259,-0.00546717877,0.126872391,0.0504691154,-0.00962577201,0.0427634567,-0.0300465114,0.0127238715,-0.0201214738,0.00707406411,0.0761705935,-0.0713565201,-0.0088319974,0.00135108153,-0.105916336,0.114884973,-0.0544070303,0.386960328,0.0633378476,0.0899191201,-0.287895411,-0.149340242,0.0923706442,0.365836382,-0.265047371,-0.0292977747,0.00627536559,0.169751838,-0.0126174586,0.312310308,0.342688859,0.0367786735,0.87743926,0.12227682,0.0126947016,0.0445116237,0.383244336,-0.356338173,-0.00209017098,0.940840185,-0.170252621,-0.051020883,0.03067635,-0.105916336,0.114884973,-0.0544070303,0.386960328,0.0633378476,0.0899191201,-0.287895411,-0.149340242,0.0923706442,0.365836382,-0.265047371,-0.0292977747,0.00627536559,0.169751838,-0.0126174586,0.312310308,0.342688859,0.0367786698,0.87743926,0.12227682,0.0126947071,0.0445116237,0.383244336,-0.356338173,-0.00209016912,0.940840185,-0.170252621,-0.051020883,0.0306763481,-0.105916336,0.114884973,-0.0544070303,0.386960328,0.0633378476,0.0899191201,-0.287895411,-0.149340242,0.0923706442,0.365836382,-0.265047371,-0.0292977747,0.00627536559,0.169751838,-0.0126174586,0.312310308,0.342688859,0.0367786735,0.87743926,0.12227682,0.0126947016,0.0445116237,0.383244336,-0.356338173,-0.00209017098,0.940840185,-0.170252621,-0.051020883,0.03067635
0.633942687,3188551.15,0,0,0.0133881718,2.13468447e-05,0.436547041,0.15351316,0,1,0.426851839,-0.000354510092,0.00776501978,0.904288173,-0.000418491225,-0.0083921738,-0.0175606292,-2.24207754e-44,2.24207754e-44,0.000571426935,-0.134848714,0.01487114,-0.012674504,0.3900567,-0.25949949,-0.0194017496,-0.256517589,-0.0139313228,0.0127015952,0.448796123,-0.202464461,0.0032119879,0.00452152733,-0.00386145338,0.00816489477,0.317252576,0.180591479,-0.0336985365,0.938488603,0.123437881,0.0399863049,0.000641499879,0.355549246,-0.303744942,0.00368681736,0.943616509,-0.163634673,-0.0446348861,0.0314199366,-0.0817734078,-0.0149496943,0.00368377962,0.113785364,-0.0287170261,0.0231393725,-0.0647479668,0.000584797061,0.0625995025,0.0626553074,0.00102345401,9.65149738e-05,0.00613909913,0.0261448342,-0.000834664388,0.00768049527,-0.000715227856,0.193649694,0.0501534492,-0.00719337817,0.0522055067,-0.0174842495,0.0060002706,-0.0276844893,0.00631114095,0.0755471811,-0.0807561949,-0.0389055237,0.00188011455,-0.105916336,0.114884973,-0.0544070303,0.386960328,0.0633378476,0.0899191201,-0.287895411,-0.149340242,0.0923706442,0.365836382,-0.265047371,-0.0292977747,0.00627536559,0.169751838,-0.0126174586,0.312310308,0.342688859,0.0367786735,0.87743926,0.12227682,0.0126947016,0.0445116237,0.383244336,-0.356338173,-0.00209017098,0.940840185,-0.170252621,-0.051020883,0.03067635,-0.105916336,0.114884973,-0.0544070303,0.386960328,0.0633378476,0.0899191201,-0.287895411,-0.149340242,0.0923706442,0.365836382,-0.265047371,-0.0292977747,0.00627536559,0.169751838,-0.0126174586,0.312310308,0.342688859,0.0367786698,0.87743926,0.12227682,0.0126947071,0.0445116237,0.383244336,-0.356338173,-0.00209016912,0.940840185,-0.170252621,-0.051020883,0.0306763481,-0.105916336,0.114884973,-0.0544070303,0.386960328,0.0633378476,0.0899191201,-0.287895411,-0.149340242,0.0923706442,0.365836382,-0.265047371,-0.0292977747,0.00627536559,0.169751838,-0.0126174586,0.312310308,0.342688859,0.0367786735,0.87743926,0.12227682,0.0126947016,0.0445116237,0.383244336,-0.356338173,-0.00209017098,0.940840185,-0.170252621,-0.051020883,0.03067635
0.64491224,3188551.16,0,0,0.00436922116,4.05916944e-06,0.477496207,0.143148005,0.0109024346,1,0.426934004,-0.000314464705,0.00774136838,0.904249609,-0.000949922076,-0.0107496046,-0.0183884464,-2.24207754e-44,2.24207754e-44,0.00040874249,-0.135647759,0.0147183025,-0.0126326913,0.391155869,-0.25975737,-0.0191845261,-0.257143527,-0.0139298737,0.0133309523,0.449373394,-0.202415526,0.00322816451,0.00458030822,-0.00357623748,0.0081558777,0.3173002,0.180628404,-0.0314446576,0.938957393,0.123369344,0.0405543968,0.000538462831,0.355591416,-0.304060996,0.00374702364,0.944292128,-0.164369017,-0.0450618193,0.0314401723,-0.0769615546,-0.0155610461,0.00452328334,0.105717205,-0.0230939202,0.0207069069,-0.0597473681,-0.000222032671,0.0631803572,0.0535163768,0.00783767831,0.00276911259,0.00587457325,0.0299493447,-0.000708460226,0.00338043971,0.00892497506,0.24132286,0.0445516557,-0.00693678856,0.0591555946,-0.00656891754,0.00345424656,-0.0337627865,0.00585825415,0.0609953851,-0.0655942932,-0.0416151583,0.00207388285,-0.106052175,0.116129801,-0.0552010387,0.387492925,0.0576349348,0.0915935189,-0.292930931,-0.146711126,0.0914446861,0.36438632,-0.275949806,-0.0304370504,0.00637166947,0.162962466,-0.0110260304,0.312422544,0.335869431,0.0377823785,0.879009724,0.12266551,0.0138764083,0.0421994254,0.381680548,-0.357132435,-0.00312193483,0.941922426,-0.171454847,-0.0526173413,0.031023331,-0.106052175,0.116129801,-0.0552010387,0.387492925,0.0576349348,0.0915935263,-0.292930931,-0.146711126,0.0914446861,0.36438632,-0.275949806,-0.0304370504,0.00637166947,0.162962466,-0.0110260304,0.312422544,0.335869431,0.0377823785,0.879009724,0.12266551,0.0138764102,0.0421994254,0.381680548,-0.357132435,-0.00312193669,0.941922426,-0.171454847,-0.0526173413,0.0310233328,-0.106052175,0.116129801,-0.0552010387,0.387492925,0.0576349348,0.0915935189,-0.292930931,-0.146711126,0.0914446861,0.36438632,-0.275949806,-0.0304370504,0.00637166947,0.162962466,-0.0110260304,0.312422544,0.335869431,0.0377823785,0.879009724,0.12266551,0.0138764083,0.0421994254,0.381680548,-0.357132435,-0.00312193483,0.941922426,-0.171454847,-0.0526173413,0.031023331
0.654944704,3188551.17,0,0,0.014401685,2.22008675e-05,0.515106678,0.143148005,0,1,0.427037418,-0.000284728158,0.00771752698,0.904200971,-0.00157049403,-0.00649837777,-0.0193564445,-2.24207754e-44,2.24207754e-44,0.000301416585,-0.136663958,0.014527251,-0.0125746848,0.39246285,-0.260041922,-0.0189187713,-0.257938802,-0.0139348945,0.0140911974,0.450014323,-0.202304974,0.00326820626,0.00465292437,-0.00319950166,0.00808903854,0.317324102,0.180781022,-0.0280661136,0.939418554,0.123297893,0.0413183905,0.000488937891,0.35561648,-0.304522544,0.00380640989,0.945026219,-0.165261671,-0.0458761044,0.0314725786,-0.0846010894,-0.0161731355,0.00511992909,0.107554227,-0.0223903488,0.0215757638,-0.0659962595,-0.000704318576,0.0635156557,0.0512870923,0.0111995498,0.00422037113,0.00652672071,0.0321144052,-0.00532211689,0.00118782034,0.0197054166,0.299524844,0.0337472148,-0.00599622913,0.0653122589,-0.00235667289,0.00147444545,-0.0409108661,0.00450250087,0.0570680387,-0.0730316937,-0.0759192631,0.00295612658,-0.106052175,0.116129801,-0.0552010387,0.387492925,0.0576349348,0.0915935189,-0.292930931,-0.146711126,0.0914446861,0.36438632,-0.275949806,-0.0304370504,0.00637166947,0.162962466,-0.0110260304,0.312422544,0.335869431,0.0377823785,0.879009724,0.12266551,0.0138764083,0.0421994254,0.381680548,-0.357132435,-0.00312193483,0.941922426,-0.171454847,-0.0526173413,0.031023331,-0.106052175,0.116129801,-0.0552010387,0.387492925,0.0576349348,0.0915935263,-0.292930931,-0.146711126,0.0914446861,0.36438632,-0.275949806,-0.0304370504,0.00637166947,0.162962466,-0.0110260304,0.312422544,0.335869431,0.0377823785,0.879009724,0.12266551,0.0138764102,0.0421994254,0.381680548,-0.357132435,-0.00312193669,0.941922426,-0.171454847,-0.0526173413,0.0310233328,-0.106052175,0.116129801,-0.0552010387,0.387492925,0.0576349348,0.0915935189,-0.292930931,-0.146711126,0.0914446861,0.36438632,-0.275949806,-0.0304370504,0.00637166947,0.162962466,-0.0110260304,0.312422544,0.335869431,0.0377823785,0.879009724,0.12266551,0.0138764083,0.0421994254,0.381680548,-0.357132435,-0.00312193483,0.941922426,-0.171454847,-0.0526173413,0.031023331
0.665914133,3188551.18,0,0,0.00538134528,5.29130921e-06,0.556109846,0.159692951,0.00998684764,1,0.427124888,-0.000247708813,0.00768995704,0.904159904,-0.00195438368,-0.0113362074,-0.0189351235,-2.24207754e-44,2.24207754e-44,0.000215603664,-0.137454718,0.0143629303,-0.0125224292,0.393473834,-0.260228425,-0.0187158231,-0.258544385,-0.0139472829,0.0147236763,0.450465292,-0.202152476,0.00332602579,0.00472708838,-0.00287023047,0.0080482848,0.317330539,0.181140333,-0.0250619147,0.939724863,0.123230226,0.0419578776,0.000485811179,0.355629474,-0.304946899,0.00384838972,0.94550997,-0.165871933,-0.0465646572,0.0315029398,-0.0745765343,-0.0165879112,0.00510898884,0.0960995331,-0.0159142017,0.0195199922,-0.0559508465,-0.00168192026,0.0627303421,0.0401314422,0.0183401462,0.00691556185,0.00793983694,0.0335997082,-0.00332771079,0.000373729243,0.0485246554,0.296001583,0.0292954501,-0.00733721908,0.062246982,0.000988010084,0.00126902654,-0.0432053208,0.00402956409,0.042326957,-0.0520169139,-0.0616273284,0.00304993358,-0.106433704,0.117499918,-0.0559926592,0.387772262,0.0521742254,0.0931444615,-0.297655165,-0.144011915,0.0905305594,0.363002092,-0.285936654,-0.0310808774,0.00640298333,0.156159416,-0.0092826942,0.31249404,0.329738498,0.0390578061,0.880557954,0.123239487,0.0150931031,0.0403904021,0.380283952,-0.357871622,-0.00440449268,0.94303143,-0.172498077,-0.0543036871,0.0315290131,-0.106433704,0.117499918,-0.0559926592,0.387772262,0.0521742254,0.0931444541,-0.297655165,-0.144011915,0.0905305594,0.363002092,-0.285936654,-0.0310808774,0.00640298333,0.156159416,-0.0092826942,0.31249404,0.329738498,0.0390578024,0.880557954,0.123239487,0.0150931031,0.0403904021,0.380283952,-0.357871622,-0.00440449454,0.94303143,-0.172498077,-0.0543036871,0.0315290131,-0.106433704,0.117499918,-0.0559926592,0.387772262,0.0521742254,0.0931444615,-0.297655165,-0.144011915,0.0905305594,0.363002092,-0.285936654,-0.0310808774,0.00640298333,0.156159416,-0.0092826942,0.31249404,0.329738498,0.0390578061,0.880557954,0.123239487,0.0150931031,0.0403904021,0.380283952,-0.357871622,-0.00440449268,0.94303143,-0.172498077,-0.0543036871,0.0315290131
0.676912212,3188551.19,0,0,0.0163794239,4.15090472e-06,0.596786976,0.159692951,0,1,0.42722553,-0.000233327301,0.00766730402,0.904112577,-0.00254422752,-0.00403909246,-0.017998565,-2.24207754e-44,2.24207754e-44,0.00015422162,-0.138460651,0.0141613148,-0.0124659818,0.394635618,-0.260411501,-0.0184719469,-0.25931254,-0.0139716212,0.0154666826,0.450927645,-0.20191209,0.00341843697,0.00482623326,-0.00246919575,0.00787899829,0.317332357,0.181885883,-0.0213791654,0.940075219,0.123154707,0.0426934212,0.000505121716,0.355636984,-0.305491298,0.0038835525,0.946088135,-0.166581944,-0.0475450605,0.03155002,-0.0830961093,-0.0169859845,0.00436230889,0.0945531577,-0.0137295751,0.0200908892,-0.0627562478,-0.00250575016,0.0610750914,0.0355068259,0.0220999662,0.00863262638,0.00848872121,0.0332839899,-0.0145773031,-0.000189064449,0.0744854659,0.306893349,0.0271716528,-0.00616855873,0.0599541143,0.00245788903,0.000217783978,-0.0463275202,0.00240147533,0.0465896688,-0.0582877174,-0.0859827027,0.00427820859,-0.106433704,0.117499918,-0.0559926592,0.387772262,0.0521742254,0.0931444615,-0.297655165,-0.144011915,0.0905305594,0.363002092,-0.285936654,-0.0310808774,0.00640298333,0.156159416,-0.0092826942,0.31249404,0.329738498,0.0390578061,0.880557954,0.123239487,0.0150931031,0.0403904021,0.380283952,-0.357871622,-0.00440449268,0.94303143,-0.172498077,-0.0543036871,0.0315290131,-0.106433704,0.117499918,-0.0559926592,0.387772262,0.0521742254,0.0931444541,-0.297655165,-0.144011915,0.0905305594,0.363002092,-0.285936654,-0.0310808774,0.00640298333,0.156159416,-0.0092826942,0.31249404,0.329738498,0.0390578024,0.880557954,0.123239487,0.0150931031,0.0403904021,0.380283952,-0.357871622,-0.00440449454,0.94303143,-0.172498077,-0.0543036871,0.0315290131,-0.106433704,0.117499918,-0.0559926592,0.387772262,0.0521742254,0.0931444615,-0.297655165,-0.144011915,0.0905305594,0.363002092,-0.285936654,-0.0310808774,0.00640298333,0.156159416,-0.0092826942,0.31249404,0.329738498,0.0390578061,0.880557954,0.123239487,0.0150931031,0.0403904021,0.380283952,-0.357871622,-0.00440449268,0.94303143,-0.172498077,-0.0543036871,0.0315290131
0.686912484,3188551.2,0,0,0.00634660991,4.35020775e-06,0.633134305,0.163500197,0.00834572315,1,0.427305073,-0.000248525583,0.00765845692,0.904075027,-0.00303377304,0.00695004268,-0.0174473785,-0.00162111106,0.00299387379,0.000113726725,-0.139361218,0.0139903687,-0.0124253072,0.395580977,-0.260540456,-0.0182633232,-0.259999961,-0.0139994873,0.016070107,0.451263666,-0.201672912,0.00351449358,0.00491251424,-0.00214433204,0.0076472559,0.317329228,0.182750091,-0.0182643868,0.940350711,0.123101778,0.0432878062,0.00053711317,0.355634719,-0.305966496,0.0038979582,0.946599841,-0.167199597,-0.0485286191,0.0316010937,-0.0961878747,-0.0171019156,0.00391829293,0.09506578,-0.0125282109,0.0211704038,-0.0742047504,-0.00289580086,0.0599246658,0.0327615626,0.0250015017,0.0102154855,0.00866805762,0.0317270644,-0.0302525125,-0.00040706023,0.0934044793,0.316070527,0.028248813,-0.00465742638,0.0595525093,0.003706672,-0.00055040617,-0.0483109802,0.000766018406,0.0555119738,-0.0652309209,-0.108217031,0.00570026599,-0.106808141,0.118689746,-0.0566157065,0.388023436,0.0474688709,0.0945156664,-0.301785827,-0.141445383,0.0897593051,0.361766756,-0.294282377,-0.0312936679,0.00640654657,0.149647295,-0.00767576322,0.312453151,0.324360073,0.040432401,0.881970406,0.123854764,0.016297251,0.0391925648,0.37901476,-0.358580738,-0.00581675768,0.944075584,-0.173413649,-0.0559580959,0.0321210064,-0.106808141,0.118689746,-0.0566157065,0.388023436,0.0474688709,0.0945156664,-0.301785827,-0.141445383,0.0897593051,0.361766756,-0.294282377,-0.0312936679,0.00640654657,0.149647295,-0.00767576322,0.312453151,0.324360073,0.040432401,0.881970406,0.123854764,0.0162972528,0.0391925648,0.37901476,-0.358580738,-0.00581675582,0.944075584,-0.173413649,-0.0559580959,0.0321210064,-0.106808141,0.118689746,-0.0566157065,0.388023436,0.0474688709,0.0945156664,-0.301785827,-0.141445383,0.0897593051,0.361766756,-0.294282377,-0.0312936679,0.00640654657,0.149647295,-0.00767576322,0.312453151,0.324360073,0.040432401,0.881970406,0.123854764,0.016297251,0.0391925648,0.37901476,-0.358580738,-0.00581675768,0.944075584,-0.173413649,-0.0559580959,0.0321210064
0.696943021,3188551.21,0,0,0.0163771468,2.14148313e-05,0.668742239,0.163500197,0,1,0.427366257,-0.000269116368,0.00765354605,0.904046178,-0.00338135101,0.001113042,-0.0165603105,-0.00686405692,0.00921563525,8.38648193e-05,-0.140092447,0.0138531914,-0.012396181,0.396310896,-0.260624915,-0.0180993192,-0.260553211,-0.0140260737,0.016542377,0.451493561,-0.201454163,0.00360447145,0.00498159416,-0.00189733494,0.00743333995,0.317322791,0.183595389,-0.0157897212,0.940559089,0.12306378,0.0437554978,0.000592771103,0.355627328,-0.306353927,0.00390037731,0.947005987,-0.167678759,-0.0493523479,0.0316491313,-0.0869266912,-0.017203629,0.00343351602,0.0882734284,-0.00912334025,0.0200750586,-0.064566426,-0.00364762964,0.0584112853,0.0258218963,0.0289244205,0.011907462,0.00856937561,0.0304012056,-0.0232662018,-0.00103120925,0.113582544,0.302206904,0.0247208197,-0.00493178377,0.0573603958,0.0105648851,-0.00110466476,-0.0483490415,8.72678356e-05,0.0465885513,-0.0552326553,-0.0969108865,0.00611623656,-0.106808141,0.118689746,-0.0566157065,0.388023436,0.0474688709,0.0945156664,-0.301785827,-0.141445383,0.0897593051,0.361766756,-0.294282377,-0.0312936679,0.00640654657,0.149647295,-0.00767576322,0.312453151,0.324360073,0.040432401,0.881970406,0.123854764,0.016297251,0.0391925648,0.37901476,-0.358580738,-0.00581675768,0.944075584,-0.173413649,-0.0559580959,0.0321210064,-0.106808141,0.118689746,-0.0566157065,0.388023436,0.0474688709,0.0945156664,-0.301785827,-0.141445383,0.0897593051,0.361766756,-0.294282377,-0.0312936679,0.00640654657,0.149647295,-0.00767576322,0.312453151,0.324360073,0.040432401,0.881970406,0.123854764,0.0162972528,0.0391925648,0.37901476,-0.358580738,-0.00581675582,0.944075584,-0.173413649,-0.0559580959,0.0321210064,-0.106808141,0.118689746,-0.0566157065,0.388023436,0.0474688709,0.0945156664,-0.301785827,-0.141445383,0.0897593051,0.361766756,-0.294282377,-0.0312936679,0.00640654657,0.149647295,-0.00767576322,0.312453151,0.324360073,0.040432401,0.881970406,0.123854764,0.016297251,0.0391925648,0.37901476,-0.358580738,-0.00581675768,0.944075584,-0.173413649,-0.0559580959,0.0321210064
0.706943175,3188551.22,0,0,0.00640325295,2.20318325e-05,0.703174531,0.139959157,0.00695510209,1,0.427449048,-0.00024739842,0.00761873974,0.904007316,-0.00374191068,-0.0057361885,-0.0140974987,-0.0147059653,0.0189192146,6.18439444e-05,-0.141000003,0.0136420336,-0.0123622864,0.397275537,-0.260686994,-0.0178616904,-0.261187047,-0.0140831508,0.0172219072,0.451710552,-0.201059163,0.00376674416,0.00508052809,-0.00154389185,0.0072400663,0.317307413,0.185198307,-0.0124874087,0.94084692,0.122999273,0.0443906374,0.00088135025,0.355612159,-0.306926727,0.00389700336,0.94744575,-0.168192506,-0.0502868257,0.0317234844,-0.0747011527,-0.0180803686,0.00272936397,0.0778547376,-0.00294621731,0.0223029852,-0.0507156216,-0.00561975874,0.0554063655,0.0139770396,0.0352493338,0.0146032088,0.00777176674,0.02842566,-0.0179179218,-0.00121913617,0.145984292,0.259762555,0.0256145243,-0.00504546892,0.0502110273,0.0332150869,-0.00137183757,-0.0473811254,-0.000775736815,0.0351782143,-0.0384434536,-0.0723576397,0.00643183151,-0.107676297,0.119718812,-0.0570112541,0.388529181,0.0439428091,0.0958584696,-0.30543679,-0.139178649,0.0893776268,0.360699654,-0.300502181,-0.0311449077,0.00641623,0.142692193,-0.00611719489,0.312248766,0.319740683,0.0419902205,0.883146703,0.124520376,0.0173704773,0.0385251939,0.377532303,-0.359244347,-0.00724909455,0.945033371,-0.174192637,-0.0576424897,0.0325724408,-0.107676297,0.119718812,-0.0570112541,0.388529181,0.0439428091,0.0958584696,-0.30543679,-0.139178649,0.0893776268,0.360699654,-0.300502181,-0.0311449096,0.00641623,0.142692193,-0.00611719489,0.312248766,0.319740683,0.0419902205,0.883146703,0.124520376,0.0173704755,0.0385251902,0.377532303,-0.359244347,-0.00724909455,0.945033371,-0.174192637,-0.0576424897,0.0325724408,-0.107676297,0.119718812,-0.0570112541,0.388529181,0.0439428091,0.0958584696,-0.30543679,-0.139178649,0.0893776268,0.360699654,-0.300502181,-0.0311449077,0.00641623,0.142692193,-0.00611719489,0.312248766,0.319740683,0.0419902205,0.883146703,0.124520376,0.0173704773,0.0385251939,0.377532303,-0.359244347,-0.00724909455,0.945033371,-0.174192637,-0.0576424897,0.0325724408
0.716943269,3188551.23,0,0,0.0164033473,2.21580267e-05,0.736330509,0.139959157,0,1,0.427507252,-0.000263051305,0.00760495523,0.903979897,-0.00383289554,0.00159564381,-0.0122656561,-0.0262401346,0.0331773348,4.56052221e-05,-0.14184238,0.0134550733,-0.012330329,0.39807722,-0.260703057,-0.0175837874,-0.261764854,-0.0141479271,0.0177647509,0.451831102,-0.200688422,0.00392401544,0.00515029673,-0.0012806498,0.00695401616,0.317296445,0.186751753,-0.00994528364,0.941133976,0.122960307,0.044884719,0.00130033109,0.355595052,-0.307398647,0.00388063234,0.947865307,-0.16861172,-0.0511087924,0.0317927785,-0.0840408057,-0.0189797916,0.00341665233,0.0792654753,-0.000283550617,0.029416265,-0.0566886924,-0.00701470813,0.0536093153,0.00980081502,0.0384505093,0.0164920259,0.00665871706,0.0250124894,-0.0290268864,-0.00121787062,0.162192374,0.247348487,0.0285673831,-0.00352442241,0.0488002077,0.0487276874,-0.0019855923,-0.0467903204,-0.00203977898,0.041599147,-0.0409449711,-0.0821289793,0.00711354753,-0.107676297,0.119718812,-0.0570112541,0.388529181,0.0439428091,0.0958584696,-0.30543679,-0.139178649,0.0893776268,0.360699654,-0.300502181,-0.0311449077,0.00641623,0.142692193,-0.00611719489,0.312248766,0.319740683,0.0419902205,0.883146703,0.124520376,0.0173704773,0.0385251939,0.377532303,-0.359244347,-0.00724909455,0.945033371,-0.174192637,-0.0576424897,0.0325724408,-0.107676297,0.119718812,-0.0570112541,0.388529181,0.0439428091,0.0958584696,-0.30543679,-0.139178649,0.0893776268,0.360699654,-0.300502181,-0.0311449096,0.00641623,0.142692193,-0.00611719489,0.312248766,0.319740683,0.0419902205,0.883146703,0.124520376,0.0173704755,0.0385251902,0.377532303,-0.359244347,-0.00724909455,0.945033371,-0.174192637,-0.0576424897,0.0325724408,-0.107676297,0.119718812,-0.0570112541,0.388529181,0.0439428091,0.0958584696,-0.30543679,-0.139178649,0.0893776268,0.360699654,-0.300502181,-0.0311449077,0.00641623,0.142692193,-0.00611719489,0.312248766,0.319740683,0.0419902205,0.883146703,0.124520376,0.0173704773,0.0385251939,0.377532303,-0.359244347,-0.00724909455,0.945033371,-0.174192637,-0.0576424897,0.0325724408
0.727913469,3188551.24,0,0,0.00741989817,4.59188595e-06,0.771001935,0.120672863,0.00712540746,1,0.427559555,-0.000258557295,0.00758358045,0.90395534,-0.00341815175,-0.00158351811,-0.0111416616,-0.0430549085,0.0541718043,3.26214795e-05,-0.14261739,0.0132563328,-0.0122937672,0.398828566,-0.260681272,-0.0172876976,-0.262270153,-0.0142309507,0.0182947088,0.451902002,-0.200288966,0.00410190457,0.00521544041,-0.00105352129,0.00671494892,0.317282587,0.188484907,-0.00762348576,0.941401541,0.122926883,0.0453553759,0.00189544645,0.355572402,-0.307856113,0.00385639188,0.948222876,-0.168968379,-0.0518386774,0.0318645537,-0.079216443,-0.0203531142,0.00368439918,0.0755323246,0.00296926429,0.0311205182,-0.0514665954,-0.00886996929,0.0527793579,0.00613534683,0.0411582626,0.0190519467,0.00627799053,0.0213574301,-0.0255218241,-0.00130375801,0.178820819,0.226321414,0.0266693067,-0.00281541445,0.0461787768,0.0657196566,-0.00248503312,-0.045557946,-0.00284263142,0.0350749902,-0.0358843096,-0.0722901449,0.00727606099,-0.109040648,0.119639367,-0.0567496419,0.390537411,0.0443371236,0.0976349115,-0.307673812,-0.138581425,0.0900734812,0.36005944,-0.300796181,-0.0304224882,0.00635357155,0.135566786,-0.00544683076,0.312074244,0.316307187,0.0435804129,0.883802414,0.125050649,0.018078357,0.0382774919,0.375801504,-0.360052377,-0.00850470737,0.945713878,-0.175036952,-0.0591272451,0.0327535719,-0.109040648,0.119639367,-0.0567496419,0.390537411,0.0443371236,0.0976349115,-0.307673812,-0.138581425,0.0900734812,0.36005944,-0.300796181,-0.0304224882,0.00635357155,0.135566786,-0.00544682983,0.312074244,0.316307187,0.0435804166,0.883802414,0.125050649,0.0180783514,0.0382774919,0.375801504,-0.360052377,-0.00850470737,0.945713878,-0.175036952,-0.0591272451,0.0327535719,-0.109040648,0.119639367,-0.0567496419,0.390537411,0.0443371236,0.0976349115,-0.307673812,-0.138581425,0.0900734812,0.36005944,-0.300796181,-0.0304224882,0.00635357155,0.135566786,-0.00544683076,0.312074244,0.316307187,0.0435804129,0.883802414,0.125050649,0.018078357,0.0382774919,0.375801504,-0.360052377,-0.00850470737,0.945713878,-0.175036952,-0.0591272451,0.0327535719
0.738942935,3188551.26,0,0,0.0184493642,2.17691995e-05,0.803833127,0.120672863,0,1,0.427619189,-0.000295671169,0.00757376011,0.903927207,-0.00420639943,0.00349459215,-0.0115079377,-0.0638909861,0.0796791017,2.33341907e-05,-0.143692106,0.0130102448,-0.0122491969,0.399796486,-0.260647535,-0.0168828201,-0.262978375,-0.0143391173,0.018929163,0.451966047,-0.199762881,0.00436729565,0.0052839946,-0.000819657405,0.0063224961,0.317268401,0.19068484,-0.00491192797,0.941719234,0.122906543,0.0459030494,0.00278742914,0.355527073,-0.308412492,0.00381240714,0.948675692,-0.16946964,-0.0527931526,0.0319538601,-0.0882363543,-0.0207417719,0.00382535579,0.0800430924,0.00335966446,0.0318587609,-0.0578610413,-0.00931765139,0.0534055606,0.00462629134,0.0451868363,0.0240881573,0.00568115851,0.0178105719,-0.029796401,-0.00130603567,0.187486038,0.222242296,0.0240007397,-0.00136739074,0.0448531322,0.0807688534,-0.00554360542,-0.0464900285,-0.00404497515,0.0351130478,-0.0408921316,-0.0769142881,0.0074644573,-0.109040648,0.119639367,-0.0567496419,0.390537411,0.0443371236,0.0976349115,-0.307673812,-0.138581425,0.0900734812,0.36005944,-0.300796181,-0.0304224882,0.00635357155,0.135566786,-0.00544683076,0.312074244,0.316307187,0.0435804129,0.883802414,0.125050649,0.018078357,0.0382774919,0.375801504,-0.360052377,-0.00850470737,0.945713878,-0.175036952,-0.0591272451,0.0327535719,-0.109040648,0.119639367,-0.0567496419,0.390537411,0.0443371236,0.0976349115,-0.307673812,-0.138581425,0.0900734812,0.36005944,-0.300796181,-0.0304224882,0.00635357155,0.135566786,-0.00544682983,0.312074244,0.316307187,0.0435804166,0.883802414,0.125050649,0.0180783514,0.0382774919,0.375801504,-0.360052377,-0.00850470737,0.945713878,-0.175036952,-0.0591272451,0.0327535719,-0.109040648,0.119639367,-0.0567496419,0.390537411,0.0443371236,0.0976349115,-0.307673812,-0.138581425,0.0900734812,0.36005944,-0.300796181,-0.0304224882,0.00635357155,0.135566786,-0.00544683076,0.312074244,0.316307187,0.0435804129,0.883802414,0.125050649,0.018078357,0.0382774919,0.375801504,-0.360052377,-0.00850470737,0.945713878,-0.175036952,-0.0591272451,0.0327535719
0.749941853,3188551.27,0,0,0.00939167989,2.14758329e-05,0.834334016,0.150999986,0.00930258632,1,0.427674413,-0.00031557359,0.00755930319,0.90390116,-0.00494257128,0.00932632014,-0.0122295152,-0.0880919099,0.108120777,1.66909776e-05,-0.144566521,0.0127968015,-0.0122114979,0.400594741,-0.260608137,-0.016586246,-0.263551652,-0.0144381067,0.0194734316,0.452008396,-0.199291214,0.0046405266,0.00534165651,-0.000660041755,0.00605529873,0.317255348,0.192608193,-0.00275559933,0.941932261,0.122895107,0.0463307612,0.00366073311,0.355445117,-0.308881015,0.00376834162,0.948987961,-0.169860259,-0.0534918979,0.0320271961,-0.100658245,-0.0217199754,0.00368402363,0.0887017027,0.00298428489,0.0349355899,-0.0666227713,-0.00998752471,0.0549682193,0.00472138589,0.0501774065,0.031302467,0.00500034401,0.0153649235,-0.0339303426,-0.00102828816,0.192881867,0.21698387,0.021007698,-0.000605469337,0.0414488986,0.0905530676,-0.0107898517,-0.0482879989,-0.00481916592,0.0338606834,-0.0454173796,-0.0729170814,0.00717178592,-0.111835152,0.118009835,-0.0555250682,0.394858539,0.0506798774,0.100223199,-0.307857454,-0.14047277,0.0924369246,0.360317588,-0.291493595,-0.0289227869,0.00613967422,0.1276474,-0.00634453259,0.312001526,0.314405024,0.045316577,0.883846045,0.125294,0.0183247775,0.0384019762,0.373865485,-0.360832661,-0.00947759673,0.946095705,-0.176098704,-0.060412053,0.0326203704,-0.111835152,0.118009835,-0.0555250682,0.394858539,0.0506798774,0.100223206,-0.307857454,-0.14047277,0.0924369246,0.360317588,-0.291493595,-0.0289227851,0.00613967422,0.1276474,-0.00634453166,0.312001526,0.314405024,0.0453165807,0.883846045,0.125294,0.0183247793,0.0384019725,0.373865485,-0.360832661,-0.00947759673,0.946095705,-0.176098704,-0.060412053,0.0326203704,-0.111835152,0.118009835,-0.0555250682,0.394858539,0.0506798774,0.100223199,-0.307857454,-0.14047277,0.0924369246,0.360317588,-0.291493595,-0.0289227869,0.00613967422,0.1276474,-0.00634453259,0.312001526,0.314405024,0.045316577,0.883846045,0.125294,0.0183247775,0.0384019762,0.373865485,-0.360832661,-0.00947759673,0.946095705,-0.176098704,-0.060412053,0.0326203704
0.759942091,3188551.28,0,0,0.0193919181,2.14041211e-05,0.859968245,0.150999986,0,1,0.427733243,-0.000388234359,0.00756104058,0.903873324,-0.00602654833,0.0111969039,-0.0140549242,-0.113688469,0.136098266,1.230833e-05,-0.145683318,0.012575876,-0.0121667711,0.401581764,-0.260587543,-0.0161846653,-0.264284283,-0.0145378411,0.0200369768,0.452054977,-0.198748618,0.00499759847,0.00538108684,-0.000518487417,0.00571081322,0.3172445,0.194538087,-0.000568967487,0.942100763,0.122892663,0.0467223227,0.00461023254,0.35525912,-0.309384465,0.0037155461,0.949348152,-0.17036517,-0.0542228818,0.0320964716,-0.111791775,-0.0225836318,0.00532308314,0.10123948,0.00220656814,0.0412877388,-0.0724192783,-0.0102820685,0.0575418435,0.00440240838,0.0561614707,0.0377296209,0.0034438672,0.0128238657,-0.0288455673,-0.00129808334,0.193914786,0.217208639,0.0129365828,-0.00022237259,0.0369542949,0.0980063826,-0.0245116297,-0.0511779636,-0.00549861649,0.0348377265,-0.0494364165,-0.0687400326,0.00678074779,-0.111835152,0.118009835,-0.0555250682,0.394858539,0.0506798774,0.100223199,-0.307857454,-0.14047277,0.0924369246,0.360317588,-0.291493595,-0.0289227869,0.00613967422,0.1276474,-0.00634453259,0.312001526,0.314405024,0.045316577,0.883846045,0.125294,0.0183247775,0.0384019762,0.373865485,-0.360832661,-0.00947759673,0.946095705,-0.176098704,-0.060412053,0.0326203704,-0.111835152,0.118009835,-0.0555250682,0.394858539,0.0506798774,0.100223206,-0.307857454,-0.14047277,0.0924369246,0.360317588,-0.291493595,-0.0289227851,0.00613967422,0.1276474,-0.00634453166,0.312001526,0.314405024,0.0453165807,0.883846045,0.125294,0.0183247793,0.0384019725,0.373865485,-0.360832661,-0.00947759673,0.946095705,-0.176098704,-0.060412053,0.0326203704,-0.111835152,0.118009835,-0.0555250682,0.394858539,0.0506798774,0.100223199,-0.307857454,-0.14047277,0.0924369246,0.360317588,-0.291493595,-0.0289227869,0.00613967422,0.1276474,-0.00634453259,0.312001526,0.314405024,0.045316577,0.883846045,0.125294,0.0183247775,0.0384019762,0.373865485,-0.360832661,-0.00947759673,0.946095705,-0.176098704,-0.060412053,0.0326203704
0.770942639,3188551.29,0,0,0.01038391,2.16229819e-05,0.88571769,0.157882925,0.0231754184,1,0.427813083,-0.000481450756,0.00756354583,0.903835475,-0.00726409489,0.0279489998,-0.0147928204,-0.146962672,0.168908864,8.80416519e-06,-0.147152618,0.0122829424,-0.0120866671,0.402917594,-0.260560781,-0.0156034585,-0.26523459,-0.014677437,0.0207510926,0.452121347,-0.198019803,0.00551509298,0.00541320397,-0.0003900663,0.00538053969,0.317227811,0.196885288,0.00197259802,0.942211688,0.122888662,0.047082521,0.00582933659,0.354868621,-0.310021609,0.00364508014,0.949725091,-0.17096898,-0.0549577102,0.0321722031,-0.151360437,-0.0257866811,0.00742779439,0.132972658,0.000162243319,0.0624607503,-0.0992948413,-0.0122483009,0.0609562173,0.00842907,0.0670459047,0.0504401587,0.00182143529,0.0103208777,-0.0398689881,-0.00111695309,0.194251671,0.212513462,0.00758138765,-0.000300390675,0.0247473456,0.102773942,-0.0380477123,-0.0562143661,-0.00627125008,0.0325472988,-0.0620900206,-0.0639472678,0.00572806457,-0.116872594,0.114607297,-0.0531697609,0.402046204,0.0640827566,0.103604406,-0.305279881,-0.145064682,0.0967368782,0.362390965,-0.268318176,-0.0262401905,0.00563851278,0.118683547,-0.00959423743,0.311963439,0.31423372,0.0472786725,0.883268952,0.124924347,0.0180161446,0.0388887227,0.371856123,-0.361291707,-0.0101588592,0.946209431,-0.177495897,-0.0615635179,0.032208357,-0.116872594,0.114607297,-0.0531697609,0.402046204,0.0640827566,0.103604406,-0.305279881,-0.145064682,0.0967368782,0.362390965,-0.268318176,-0.0262401905,0.00563851278,0.118683547,-0.00959423743,0.311963439,0.31423372,0.0472786687,0.883268952,0.124924347,0.0180161465,0.0388887264,0.371856123,-0.361291707,-0.0101588583,0.946209431,-0.177495897,-0.0615635179,0.032208357,-0.116872594,0.114607297,-0.0531697609,0.402046204,0.0640827566,0.103604406,-0.305279881,-0.145064682,0.0967368782,0.362390965,-0.268318176,-0.0262401905,0.00563851278,0.118683547,-0.00959423743,0.311963439,0.31423372,0.0472786725,0.883268952,0.124924347,0.0180161446,0.0388887227,0.371856123,-0.361291707,-0.0101588592,0.946209431,-0.177495897,-0.0615635179,0.032208357
0.781943273,3188551.3,0,0,0.00130422087,2.21435912e-05,0.908788323,0.163563993,0.0428141952,1,0.427871227,-0.000602020358,0.0075839418,0.9038077,-0.00865676999,0.0266637914,-0.0173401479,-0.185239673,0.201549277,6.29763326e-06,-0.148440376,0.0120711178,-0.0120140919,0.404068798,-0.260565609,-0.0150597766,-0.266069263,-0.0147764497,0.0212570205,0.452188551,-0.197443381,0.00595117779,0.00542273652,-0.000311937794,0.00509676756,0.317206234,0.198429152,0.00366111239,0.942260027,0.122884512,0.047212705,0.00666649081,0.354484111,-0.310491711,0.00359279243,0.949971259,-0.171487689,-0.0554485582,0.0322146975,-0.160960138,-0.0269082859,0.01008204,0.146795332,-0.000463183154,0.0690750927,-0.102933496,-0.0125842001,0.0645671785,0.00753318425,0.0745205581,0.0561010949,0.000960338337,0.00930870418,-0.0285836142,-0.00478856545,0.192604542,0.208711341,0.00519053964,-0.000689659617,0.01229575,0.105784401,-0.0544954799,-0.0599429272,-0.00666547334,0.0285610463,-0.0633495972,-0.0578878522,0.00510618649,-0.125054866,0.109747417,-0.0496113151,0.412681878,0.084827289,0.106711432,-0.299950778,-0.151693419,0.102645896,0.367710859,-0.225503981,-0.0215887036,0.00482821837,0.108842313,-0.0158297215,0.311788082,0.315862477,0.0495531484,0.882196009,0.123453274,0.016755268,0.0396139026,0.369167656,-0.360877335,-0.0106474236,0.946009994,-0.17910172,-0.0627871677,0.0315066427,-0.125054866,0.109747417,-0.0496113151,0.412681878,0.084827289,0.106711432,-0.299950778,-0.151693419,0.102645904,0.367710859,-0.225503981,-0.0215887036,0.00482821837,0.108842306,-0.0158297215,0.311788082,0.315862477,0.0495531484,0.882196009,0.123453274,0.0167552643,0.0396139063,0.369167656,-0.360877335,-0.0106474236,0.946009994,-0.17910172,-0.0627871677,0.0315066427,-0.125054866,0.109747417,-0.0496113151,0.412681878,0.084827289,0.106711432,-0.299950778,-0.151693419,0.102645896,0.367710859,-0.225503981,-0.0215887036,0.00482821837,0.108842313,-0.0158297215,0.311788082,0.315862477,0.0495531484,0.882196009,0.123453274,0.016755268,0.0396139026,0.369167656,-0.360877335,-0.0106474236,0.946009994,-0.17910172,-0.0627871677,0.0315066427
0.792942427,3188551.31,0,0,0.0123033752,2.15740874e-05,0.929099858,0.163563993,0,1,0.427998096,-0.000969483634,0.00767794019,0.903746486,-0.0114188874,0.0611028671,-0.0246670377,-0.229589358,0.232247666,4.50470634e-06,-0.151541665,0.0116561931,-0.0118210632,0.406798542,-0.260637283,-0.0137647539,-0.268133432,-0.0149624674,0.0222516451,0.452452868,-0.196208745,0.00694795093,0.00541560212,-0.000189102488,0.00442433124,0.317091793,0.201070681,0.00656187767,0.94230175,0.12285538,0.047291521,0.00814389531,0.353480905,-0.311412483,0.0034793322,0.950335741,-0.17259258,-0.0563135296,0.0322666541,-0.251059979,-0.030896673,0.0185287427,0.224253073,-0.00812268071,0.10409674,-0.16813001,-0.0132511444,0.0771629736,0.0258943308,0.0974274278,0.0800832286,-0.00113064423,0.00839638989,-0.0448500924,-0.0163648799,0.185085028,0.206132069,0.00143649604,-0.00316804415,0.0020053701,0.105354428,-0.0907845721,-0.0696561486,-0.00996368378,0.0221474711,-0.0857095271,-0.0627494827,0.0027834205,-0.125054866,0.109747417,-0.0496113151,0.412681878,0.084827289,0.106711432,-0.299950778,-0.151693419,0.102645896,0.367710859,-0.225503981,-0.0215887036,0.00482821837,0.108842313,-0.0158297215,0.311788082,0.315862477,0.0495531484,0.882196009,0.123453274,0.016755268,0.0396139026,0.369167656,-0.360877335,-0.0106474236,0.946009994,-0.17910172,-0.0627871677,0.0315066427,-0.125054866,0.109747417,-0.0496113151,0.412681878,0.084827289,0.106711432,-0.299950778,-0.151693419,0.102645904,0.367710859,-0.225503981,-0.0215887036,0.00482821837,0.108842306,-0.0158297215,0.311788082,0.315862477,0.0495531484,0.882196009,0.123453274,0.0167552643,0.0396139063,0.369167656,-0.360877335,-0.0106474236,0.946009994,-0.17910172,-0.0627871677,0.0315066427,-0.125054866,0.109747417,-0.0496113151,0.412681878,0.084827289,0.106711432,-0.299950778,-0.151693419,0.102645896,0.367710859,-0.225503981,-0.0215887036,0.00482821837,0.108842313,-0.0158297215,0.311788082,0.315862477,0.0495531484,0.882196009,0.123453274,0.016755268,0.0396139026,0.369167656,-0.360877335,-0.0106474236,0.946009994,-0.17910172,-0.0627871677,0.0315066427
0.803941635,3188551.32,0,0,0.00337832794,2.1556858e-05,0.94662267,0.159898773,0.066406399,1,0.428131223,-0.00122930342,0.00773647241,0.903682649,-0.011424453,0.0468051694,-0.0331399553,-0.286277473,0.262009323,3.22222286e-06,-0.153984025,0.011338247,-0.0115743112,0.409024715,-0.260699689,-0.012764249,-0.269766599,-0.0151008181,0.0230836179,0.45269388,-0.195181593,0.00776281813,0.0054070116,-0.000122835874,0.00418011658,0.316827625,0.20290871,0.00853914488,0.942311466,0.122816943,0.0472996123,0.00918940362,0.352380067,-0.312120289,0.00336060813,0.950491786,-0.173332348,-0.0568537414,0.0322901607,-0.238210887,-0.0325795189,0.0285597928,0.216899619,-0.00403943658,0.0958352834,-0.159986198,-0.0145654818,0.0868521407,0.0213389006,0.105832122,0.0815467387,-0.00065063074,0.00516385119,-0.0148079703,-0.0312031209,0.183639005,0.190079823,0.000888140989,-0.00418915693,0.000441055803,0.103427738,-0.120827563,-0.0710093081,-0.0130211832,0.0123862075,-0.0642286465,-0.0475784875,0.00212866254,-0.13730599,0.104648992,-0.0452766269,0.426102281,0.110836938,0.107729271,-0.292753696,-0.158657983,0.108886264,0.377789855,-0.159097582,-0.0140118878,0.00353751471,0.0984156877,-0.025346728,0.310623974,0.318442941,0.052204363,0.880763113,0.120321497,0.0135466456,0.0401426405,0.365044296,-0.359005123,-0.0112550929,0.945488751,-0.180404142,-0.0642855391,0.0307476372,-0.13730599,0.104648992,-0.0452766269,0.426102281,0.110836938,0.107729271,-0.292753696,-0.158657983,0.108886257,0.377789855,-0.159097582,-0.0140118878,0.00353751471,0.0984156877,-0.025346728,0.310623974,0.318442941,0.052204363,0.880763113,0.120321497,0.0135466456,0.0401426442,0.365044296,-0.359005123,-0.011255092,0.945488751,-0.180404142,-0.0642855391,0.0307476353,-0.13730599,0.104648992,-0.0452766269,0.426102281,0.110836938,0.107729271,-0.292753696,-0.158657983,0.108886264,0.377789855,-0.159097582,-0.0140118878,0.00353751471,0.0984156877,-0.025346728,0.310623974,0.318442941,0.052204363,0.880763113,0.120321497,0.0135466456,0.0401426405,0.365044296,-0.359005123,-0.0112550929,0.945488751,-0.180404142,-0.0642855391,0.0307476372
0.813941791,3188551.33,0,0,0.0133784842,2.14851461e-05,0.960144818,0.159898773,0,1,0.428280056,-0.00160788349,0.00784290116,0.903610587,-0.0143446857,0.0981481969,-0.0350080878,-0.346957177,0.287040383,2.37614472e-06,-0.15700157,0.0109825814,-0.0112863285,0.411631137,-0.26076743,-0.01165755,-0.27185455,-0.0152648371,0.0239859261,0.453023821,-0.1939895,0.00872241613,0.00532211503,-7.49406827e-05,0.00375527306,0.316528708,0.20472233,0.010403757,0.942311823,0.122753009,0.0472117104,0.0101578757,0.351006269,-0.312828332,0.00311789382,0.950594664,-0.17400834,-0.0573862232,0.0323013887,-0.350327313,-0.0373136066,0.0297266394,0.298584998,-0.0102314949,0.122596838,-0.245533839,-0.0170441046,0.0936793834,0.0444361418,0.128941625,0.106995784,-0.0130329719,0.00477996748,-0.0573509857,-0.0319591127,0.179078028,0.18659234,-0.00070594612,-0.00811432023,-0.0169962198,0.0914723948,-0.152361184,-0.0702045709,-0.0342185088,0.00918147992,-0.0732459426,-0.0606581792,0.000334703771,-0.13730599,0.104648992,-0.0452766269,0.426102281,0.110836938,0.107729271,-0.292753696,-0.158657983,0.108886264,0.377789855,-0.159097582,-0.0140118878,0.00353751471,0.0984156877,-0.025346728,0.310623974,0.318442941,0.052204363,0.880763113,0.120321497,0.0135466456,0.0401426405,0.365044296,-0.359005123,-0.0112550929,0.945488751,-0.180404142,-0.0642855391,0.0307476372,-0.13730599,0.104648992,-0.0452766269,0.426102281,0.110836938,0.107729271,-0.292753696,-0.158657983,0.108886257,0.377789855,-0.159097582,-0.0140118878,0.00353751471,0.0984156877,-0.025346728,0.310623974,0.318442941,0.052204363,0.880763113,0.120321497,0.0135466456,0.0401426442,0.365044296,-0.359005123,-0.011255092,0.945488751,-0.180404142,-0.0642855391,0.0307476353,-0.13730599,0.104648992,-0.0452766269,0.426102281,0.110836938,0.107729271,-0.292753696,-0.158657983,0.108886264,0.377789855,-0.159097582,-0.0140118878,0.00353751471,0.0984156877,-0.025346728,0.310623974,0.318442941,0.052204363,0.880763113,0.120321497,0.0135466456,0.0401426405,0.365044296,-0.359005123,-0.0112550929,0.945488751,-0.180404142,-0.0642855391,0.0307476372
0.823941979,3188551.34,0,0,0.00337957591,2.15992332e-05,0.971421301,0.156103168,0.0974462479,1,0.428476751,-0.0020469157,0.00796850119,0.903515339,-0.0150601547,0.0845499262,-0.0498697981,-0.415185839,0.309858203,1.75222647e-06,-0.160538852,0.010606599,-0.0108929686,0.414723188,-0.260865539,-0.0104520023,-0.274345964,-0.0154276583,0.0250273068,0.453498989,-0.192610979,0.00983578525,0.00523513416,-4.40211443e-05,0.00344153121,0.316039711,0.206490278,0.0122020114,0.942300141,0.122658052,0.0469970703,0.0110088261,0.349202216,-0.313506305,0.00269600353,0.950673699,-0.174670756,-0.0579979308,0.0322975442,-0.351169139,-0.0376670882,0.0452511199,0.307605416,-0.00816112757,0.116016544,-0.248614535,-0.0160224177,0.110049278,0.0455343276,0.143106461,0.112060346,-0.00637729513,0.00223702216,-0.0181929674,-0.0581051446,0.175507128,0.172903821,-0.0012872559,-0.0101440735,-0.0216252338,0.0810846388,-0.196123108,-0.0664236993,-0.0448324308,0.00721823378,-0.0588361397,-0.0584450476,-0.000743388606,-0.152766034,0.0995059833,-0.0396702625,0.442447662,0.142614022,0.105476663,-0.283925265,-0.165172651,0.114580743,0.394620508,-0.0616513342,-0.00318414345,0.00187698938,0.0885674506,-0.039797239,0.307715744,0.322210193,0.05518426,0.878756762,0.114810683,0.00657273829,0.0403349549,0.35839355,-0.355744243,-0.0123522729,0.944413781,-0.181064278,-0.0654030964,0.0307248682,-0.152766034,0.0995059833,-0.0396702625,0.442447662,0.142614022,0.105476663,-0.283925265,-0.165172651,0.11458075,0.394620508,-0.0616513342,-0.00318414299,0.00187698938,0.0885674506,-0.039797239,0.307715744,0.322210193,0.05518426,0.878756762,0.114810683,0.00657274434,0.0403349586,0.35839355,-0.355744243,-0.0123522738,0.944413781,-0.181064278,-0.0654030964,0.0307248682,-0.152766034,0.0995059833,-0.0396702625,0.442447662,0.142614022,0.105476663,-0.283925265,-0.165172651,0.114580743,0.394620508,-0.0616513342,-0.00318414345,0.00187698938,0.0885674506,-0.039797239,0.307715744,0.322210193,0.05518426,0.878756762,0.114810683,0.00657273829,0.0403349549,0.35839355,-0.355744243,-0.0123522729,0.944413781,-0.181064278,-0.0654030964,0.0307248682
0.834947548,3188551.35,0,0,0.0143851447,2.23498791e-05,0.981338978,0.156103168,0,1,0.428747803,-0.00278922915,0.0082035251,0.903382659,-0.0188245419,0.147695139,-0.0567045994,-0.495167762,0.33219558,1.2533701e-06,-0.165976152,0.0101171751,-0.0103348289,0.419335723,-0.261005342,-0.00890540984,-0.278264165,-0.0156452432,0.0264072306,0.454342484,-0.190649316,0.0114306714,0.00488942256,-2.7805163e-05,0.00284085516,0.315461338,0.208628029,0.0141268019,0.942290485,0.121846281,0.0461519137,0.0118906042,0.346348822,-0.314249277,0.00195577531,0.950752378,-0.175337136,-0.0587051362,0.0322867669,-0.514194191,-0.0416952595,0.051402431,0.43949905,-0.0152245229,0.136023432,-0.372939885,-0.0177758448,0.122635223,0.0899343193,0.177506119,0.14639926,-0.0407119356,0.00073141238,-0.0513650514,-0.0478077307,0.179701641,0.15412128,-0.00057688955,-0.114632919,-0.112666704,0.0664869994,-0.276343048,-0.0574599318,-0.0758838952,0.00591522781,-0.0533497334,-0.060802158,-0.00105604087,-0.152766034,0.0995059833,-0.0396702625,0.442447662,0.142614022,0.105476663,-0.283925265,-0.165172651,0.114580743,0.394620508,-0.0616513342,-0.00318414345,0.00187698938,0.0885674506,-0.039797239,0.307715744,0.322210193,0.05518426,0.878756762,0.114810683,0.00657273829,0.0403349549,0.35839355,-0.355744243,-0.0123522729,0.944413781,-0.181064278,-0.0654030964,0.0307248682,-0.152766034,0.0995059833,-0.0396702625,0.442447662,0.142614022,0.105476663,-0.283925265,-0.165172651,0.11458075,0.394620508,-0.0616513342,-0.00318414299,0.00187698938,0.0885674506,-0.039797239,0.307715744,0.322210193,0.05518426,0.878756762,0.114810683,0.00657274434,0.0403349586,0.35839355,-0.355744243,-0.0123522738,0.944413781,-0.181064278,-0.0654030964,0.0307248682,-0.152766034,0.0995059833,-0.0396702625,0.442447662,0.142614022,0.105476663,-0.283925265,-0.165172651,0.114580743,0.394620508,-0.0616513342,-0.00318414345,0.00187698938,0.0885674506,-0.039797239,0.307715744,0.322210193,0.05518426,0.878756762,0.114810683,0.00657273829,0.0403349549,0.35839355,-0.355744243,-0.0123522729,0.944413781,-0.181064278,-0.0654030964,0.0307248682
0.844948391,3188551.36,0,0,0.00440059789,2.31862068e-05,0.988224745,0.146117061,0.123786718,1,0.429078311,-0.00345144328,0.00840828661,0.903221548,-0.0196801145,0.124685392,-0.0857523754,-0.567672729,0.349822909,9.24265294e-07,-0.171088174,0.00972729363,-0.00964368507,0.423738122,-0.261137992,-0.00763984909,-0.282028347,-0.015781194,0.0278111659,0.455237776,-0.188759983,0.0129012726,0.00458363304,-2.80560744e-05,0.00263405289,0.314818859,0.210398674,0.0156111605,0.942284524,0.120494299,0.0448218249,0.0124336407,0.343234032,-0.314769745,0.00114591466,0.950802207,-0.175768092,-0.0592737123,0.0322726853,-0.497260958,-0.0372466631,0.0805949122,0.429122299,-0.0104712127,0.118433818,-0.369487375,-0.0111550093,0.151352778,0.0837755203,0.195724294,0.145267457,-0.0222920682,-0.000415766321,0.00243000686,-0.0770397782,0.174314871,0.144519851,-0.000703193189,-0.140918702,-0.139670521,0.0462540314,-0.331380099,-0.0486234315,-0.0809988081,0.00435159029,-0.0356259756,-0.0529617928,-0.00163833296,-0.170658424,0.0951042026,-0.0331608839,0.459382296,0.17825754,0.0994630903,-0.273592025,-0.169560105,0.118539862,0.417517126,0.0621353835,0.0112625826,0.000348838978,0.0810661018,-0.0609448627,0.303474426,0.327191144,0.058155749,0.876845121,0.106674165,-0.00592560321,0.0398698449,0.35028854,-0.350834459,-0.0139863417,0.94280237,-0.180611581,-0.0650873333,0.0323632769,-0.170658424,0.0951042026,-0.0331608839,0.459382296,0.17825754,0.0994630903,-0.273592025,-0.169560105,0.11853987,0.417517126,0.0621353835,0.0112625826,0.000348838978,0.0810660943,-0.0609448627,0.303474426,0.327191144,0.058155749,0.876845121,0.106674165,-0.00592560368,0.0398698486,0.35028854,-0.350834459,-0.0139863398,0.94280237,-0.180611581,-0.0650873333,0.0323632769,-0.170658424,0.0951042026,-0.0331608839,0.459382296,0.17825754,0.0994630903,-0.273592025,-0.169560105,0.118539862,0.417517126,0.0621353835,0.0112625826,0.000348838978,0.0810661018,-0.0609448627,0.303474426,0.327191144,0.058155749,0.876845121,0.106674165,-0.00592560321,0.0398698449,0.35028854,-0.350834459,-0.0139863417,0.94280237,-0.180611581,-0.0650873333,0.0323632769
0.855941439,3188551.37,0,0,0.015393646,2.13012099e-05,0.993669152,0.146117061,0,1,0.429507643,-0.00432888605,0.00874701887,0.903010488,-0.00958646461,0.199076623,-0.111128859,-0.643190503,0.366222858,6.61128297e-07,-0.177603081,0.00921384245,-0.00902874023,0.429329604,-0.261111528,-0.00651717559,-0.286873579,-0.0159481429,0.0295011513,0.456495374,-0.186537623,0.0146398162,0.00414934987,-0.000154519119,0.00218968699,0.31428048,0.212247118,0.0169686954,0.942302704,0.118089765,0.0424271785,0.0127488477,0.339367539,-0.315086097,7.73676802e-05,0.950837612,-0.176043034,-0.0595985241,0.0322841555,-0.701330721,-0.0567939766,0.0601624772,0.60948956,0.0103786997,0.107150808,-0.522765517,-0.0168627053,0.185732618,0.142372757,0.235256836,0.183019102,-0.0448484495,-0.0197667796,-0.0389998704,-0.052964896,0.188164219,0.133483604,0.00258239941,-0.287300795,-0.291570455,0.0216887519,-0.424427181,-0.0212748777,-0.118515685,0.00281276088,-0.0236777291,-0.0226793047,0.00223112968,-0.170658424,0.0951042026,-0.0331608839,0.459382296,0.17825754,0.0994630903,-0.273592025,-0.169560105,0.118539862,0.417517126,0.0621353835,0.0112625826,0.000348838978,0.0810661018,-0.0609448627,0.303474426,0.327191144,0.058155749,0.876845121,0.106674165,-0.00592560321,0.0398698449,0.35028854,-0.350834459,-0.0139863417,0.94280237,-0.180611581,-0.0650873333,0.0323632769,-0.170658424,0.0951042026,-0.0331608839,0.459382296,0.17825754,0.0994630903,-0.273592025,-0.169560105,0.11853987,0.417517126,0.0621353835,0.0112625826,0.000348838978,0.0810660943,-0.0609448627,0.303474426,0.327191144,0.058155749,0.876845121,0.106674165,-0.00592560368,0.0398698486,0.35028854,-0.350834459,-0.0139863398,0.94280237,-0.180611581,-0.0650873333,0.0323632769,-0.170658424,0.0951042026,-0.0331608839,0.459382296,0.17825754,0.0994630903,-0.273592025,-0.169560105,0.118539862,0.417517126,0.0621353835,0.0112625826,0.000348838978,0.0810661018,-0.0609448627,0.303474426,0.327191144,0.058155749,0.876845121,0.106674165,-0.00592560321,0.0398698449,0.35028854,-0.350834459,-0.0139863417,0.94280237,-0.180611581,-0.0650873333,0.0323632769
0.866912141,3188551.38,0,0,0.00635974202,4.03821468e-06,0.997166872,0.151399989,0.130036294,1,0.430129439,-0.00514174579,0.00909433234,0.902706802,-0.00517749926,0.149888217,-0.154828832,-0.710747778,0.379713506,4.72906009e-07,-0.184416011,0.00865110103,-0.00822062232,0.435321122,-0.260891646,-0.00553145399,-0.292020649,-0.0160657875,0.0316454209,0.45785439,-0.184038341,0.0164390281,0.00387670123,-0.000416493072,0.00227010273,0.313556373,0.214073822,0.0183126461,0.94232589,0.115058824,0.0391863473,0.0128795663,0.334685564,-0.315211177,-0.00106325373,0.950854123,-0.176249564,-0.0597575754,0.0323110856,-0.647392988,-0.0548476279,0.0945396125,0.575219929,0.029644087,0.0934402943,-0.491616458,-0.00866411813,0.229333028,0.122949176,0.258942842,0.175124139,-0.0174207464,-0.0283214524,0.0495709255,-0.0900618881,0.176323786,0.135847464,0.00181572069,-0.300664246,-0.334381163,0.00912034046,-0.495068014,-0.00847245008,-0.106120579,0.000815147592,-0.0191757623,-0.0130090332,0.002814468,-0.19063431,0.092617318,-0.0291638151,0.474795699,0.214541897,0.0900886953,-0.261448085,-0.172125652,0.120466463,0.443172604,0.192171678,0.0303730369,0.000263273716,0.0799194723,-0.0879603475,0.301435053,0.335424304,0.0612323023,0.8762272,0.0972018614,-0.0227062106,0.0391125455,0.343482494,-0.346411198,-0.0146486089,0.940779626,-0.180332899,-0.062118616,0.0353099555,-0.19063431,0.092617318,-0.0291638151,0.474795699,0.214541897,0.0900886953,-0.261448085,-0.172125652,0.120466456,0.443172604,0.192171678,0.0303730369,0.000263273716,0.0799194723,-0.0879603475,0.301435053,0.335424304,0.0612323023,0.8762272,0.0972018614,-0.0227062125,0.0391125455,0.343482494,-0.346411198,-0.0146486079,0.940779626,-0.180332899,-0.062118616,0.0353099555,-0.19063431,0.092617318,-0.0291638151,0.474795699,0.214541897,0.0900886953,-0.261448085,-0.172125652,0.120466463,0.443172604,0.192171678,0.0303730369,0.000263273716,0.0799194723,-0.0879603475,0.301435053,0.335424304,0.0612323023,0.8762272,0.0972018614,-0.0227062106,0.0391125455,0.343482494,-0.346411198,-0.0146486089,0.940779626,-0.180332899,-0.062118616,0.0353099555
0.876932375,3188551.39,0,0,0.0163799762,1.13523565e-05,0.998974264,0.151399989,0,1,0.430833846,-0.00611063885,0.00962850358,0.902359188,0.0259965528,0.234233513,-0.166929752,-0.763967097,0.389737844,3.48732328e-07,-0.192659989,0.007883179,-0.00714060105,0.442543149,-0.259982169,-0.004931523,-0.298119545,-0.0163837019,0.0341091082,0.459389389,-0.181139246,0.0185341854,0.00352517632,-0.000983380713,0.0021190648,0.312773257,0.216013491,0.0194310471,0.942767322,0.111079909,0.0344319828,0.0129287988,0.329348415,-0.315240532,-0.0019241285,0.950849831,-0.176424414,-0.0598160066,0.0325924307,-0.882742107,-0.088768065,0.118926197,0.777549684,0.126139387,0.0473771542,-0.645399451,-0.0425022915,0.261780292,0.160045549,0.306372344,0.219949931,-0.0348816775,-0.073015213,-0.0184326191,-0.0820934027,0.199574098,0.101433441,0.0561245717,-0.437681943,-0.537302434,0.00259027071,-0.560532689,-0.000209031641,-0.0713475645,-0.00144556398,-0.0166084617,-0.00284118974,0.0387649909,-0.19063431,0.092617318,-0.0291638151,0.474795699,0.214541897,0.0900886953,-0.261448085,-0.172125652,0.120466463,0.443172604,0.192171678,0.0303730369,0.000263273716,0.0799194723,-0.0879603475,0.301435053,0.335424304,0.0612323023,0.8762272,0.0972018614,-0.0227062106,0.0391125455,0.343482494,-0.346411198,-0.0146486089,0.940779626,-0.180332899,-0.062118616,0.0353099555,-0.19063431,0.092617318,-0.0291638151,0.474795699,0.214541897,0.0900886953,-0.261448085,-0.172125652,0.120466456,0.443172604,0.192171678,0.0303730369,0.000263273716,0.0799194723,-0.0879603475,0.301435053,0.335424304,0.0612323023,0.8762272,0.0972018614,-0.0227062125,0.0391125455,0.343482494,-0.346411198,-0.0146486079,0.940779626,-0.180332899,-0.062118616,0.0353099555,-0.19063431,0.092617318,-0.0291638151,0.474795699,0.214541897,0.0900886953,-0.261448085,-0.172125652,0.120466463,0.443172604,0.192171678,0.0303730369,0.000263273716,0.0799194723,-0.0879603475,0.301435053,0.335424304,0.0612323023,0.8762272,0.0972018614,-0.0227062106,0.0391125455,0.343482494,-0.346411198,-0.0146486089,0.940779626,-0.180332899,-0.062118616,0.0353099555
0.886942081,3188551.4,0,0,0.00641932804,2.20760703e-05,0.999790788,0.123165548,0.121665016,1,0.431828409,-0.00743465824,0.0105597991,0.901863337,0.0659518018,0.331812084,-0.195479125,-0.807890892,0.397738159,2.57163663e-07,-0.204672396,0.00657579442,-0.00543348351,0.453247815,-0.257562131,-0.00456140051,-0.306735009,-0.0170563757,0.037824288,0.461474717,-0.176948696,0.0216240529,0.00327308592,-0.00219638273,0.00168465287,0.311665565,0.218578145,0.0203057919,0.943889439,0.105043396,0.0264331289,0.0129004726,0.322152525,-0.315176159,-0.00244623539,0.950805724,-0.176616549,-0.0595440343,0.0333976969,-1.17960954,-0.128565654,0.159636274,1.05216908,0.273346305,0.0155368717,-0.833860397,-0.0691523328,0.354318798,0.206024259,0.38786757,0.301011503,-0.0170428324,-0.126712322,-0.103655569,-0.0889422446,0.235190898,0.0415699631,0.154549479,-0.583901048,-0.82317102,-0.00894861575,-0.623909831,0.0119700246,-0.0255928785,-0.00524461176,-0.0159309506,0.055771213,0.10374409,-0.210465908,0.0894997939,-0.026921384,0.491175145,0.250029385,0.0768289715,-0.248257637,-0.174101099,0.123413585,0.468198776,0.313836694,0.0522255152,0.002588314,0.086505115,-0.116355509,0.308446974,0.349486411,0.0638999119,0.878625333,0.088266395,-0.0394076407,0.0384538025,0.335454375,-0.344225705,-0.0125577264,0.938015759,-0.180660754,-0.0580765493,0.0377420224,-0.210465908,0.0894997939,-0.026921384,0.491175145,0.250029385,0.0768289715,-0.248257637,-0.174101099,0.123413593,0.468198776,0.313836694,0.052225519,0.002588314,0.086505115,-0.116355509,0.308446974,0.349486411,0.0638999119,0.878625333,0.088266395,-0.0394076444,0.0384538025,0.335454375,-0.344225705,-0.0125577264,0.938015759,-0.180660754,-0.0580765493,0.0377420224,-0.210465908,0.0894997939,-0.026921384,0.491175145,0.250029385,0.0768289715,-0.248257637,-0.174101099,0.123413585,0.468198776,0.313836694,0.0522255152,0.002588314,0.086505115,-0.116355509,0.308446974,0.349486411,0.0638999119,0.878625333,0.088266395,-0.0394076407,0.0384538025,0.335454375,-0.344225705,-0.0125577264,0.938015759,-0.180660754,-0.0580765493,0.0377420224
0.896943055,3188551.41,0,0,0.016420302,2.16220506e-05,0.999995053,0.123165548,0,1,0.432759106,-0.00838655606,0.0114617636,0.901397705,0.0915739313,0.179431841,-0.216366261,-0.844786942,0.404223353,1.89638683e-07,-0.215678498,0.0051029087,-0.00372634456,0.463589877,-0.254197538,-0.00443828665,-0.314131379,-0.0179115012,0.0415377915,0.463048041,-0.172833547,0.0245755259,0.00320472335,-0.00368684693,0.00184516923,0.31049034,0.220911488,0.0207542311,0.945034981,0.0993847996,0.0181360785,0.0126492865,0.315394759,-0.314930439,-0.00260490389,0.95068413,-0.176773518,-0.0589410514,0.0344288908,-1.0142808,-0.157768533,0.175513074,0.988472879,0.372575372,0.0130221657,-0.654352605,-0.0945787132,0.37945357,0.114009716,0.425763488,0.284311324,0.000451455766,-0.160252392,0.107148148,-0.138856754,0.226690754,0.0530052148,0.075012058,-0.531641185,-0.803622186,-0.0358706005,-0.704672635,0.0327307805,-0.0114507675,-0.0207206495,-0.0155252554,0.0577955581,0.0957727209,-0.210465908,0.0894997939,-0.026921384,0.491175145,0.250029385,0.0768289715,-0.248257637,-0.174101099,0.123413585,0.468198776,0.313836694,0.0522255152,0.002588314,0.086505115,-0.116355509,0.308446974,0.349486411,0.0638999119,0.878625333,0.088266395,-0.0394076407,0.0384538025,0.335454375,-0.344225705,-0.0125577264,0.938015759,-0.180660754,-0.0580765493,0.0377420224,-0.210465908,0.0894997939,-0.026921384,0.491175145,0.250029385,0.0768289715,-0.248257637,-0.174101099,0.123413593,0.468198776,0.313836694,0.052225519,0.002588314,0.086505115,-0.116355509,0.308446974,0.349486411,0.0638999119,0.878625333,0.088266395,-0.0394076444,0.0384538025,0.335454375,-0.344225705,-0.0125577264,0.938015759,-0.180660754,-0.0580765493,0.0377420224,-0.210465908,0.0894997939,-0.026921384,0.491175145,0.250029385,0.0768289715,-0.248257637,-0.174101099,0.123413585,0.468198776,0.313836694,0.0522255152,0.002588314,0.086505115,-0.116355509,0.308446974,0.349486411,0.0638999119,0.878625333,0.088266395,-0.0394076407,0.0384538025,0.335454375,-0.344225705,-0.0125577264,0.938015759,-0.180660754,-0.0580765493,0.0377420224
0.907943861,3188551.42,0,0,0.00742034521,2.21501105e-05,1,0.123313628,0.0833551288,1,0.433768302,-0.00869959686,0.0121583473,0.900900424,0.100058526,0.118652053,-0.227385432,-0.878334701,0.40993467,1.35648818e-07,-0.224744573,0.00337866764,-0.00195683492,0.472475916,-0.25005421,-0.00423242897,-0.319822282,-0.0189588405,0.0454917811,0.463636786,-0.168359384,0.027284354,0.00339148543,-0.00538707851,0.00355299073,0.308808476,0.223057553,0.0213198308,0.945471644,0.0948633105,0.010643946,0.0121825896,0.308350235,-0.314507008,-0.00268531428,0.950233757,-0.176924184,-0.0584253184,0.035227146,-0.908705652,-0.176461279,0.167817026,0.865936816,0.440635681,0.0200132262,-0.575909853,-0.099606812,0.423797697,0.0442384183,0.479973465,0.28161937,0.034571182,-0.165599838,0.150852486,-0.179415509,0.210305199,0.0480776206,0.0448068231,-0.410779148,-0.740969658,-0.0584761761,-0.68533659,0.0449003056,-0.00578370225,-0.0686437711,-0.0142119443,0.0653057173,0.0750260353,-0.232984751,0.0864509195,-0.0278267264,0.502882481,0.263524294,0.0602218062,-0.242778361,-0.174849585,0.124252193,0.486083984,0.397191823,0.0730779842,0.00851809792,0.101229697,-0.138088316,0.319372833,0.363387227,0.0659522638,0.886284411,0.0825231746,-0.0519340113,0.0377428755,0.324819446,-0.343595803,-0.00901302323,0.934588075,-0.17964381,-0.0542105325,0.0391116515,-0.232984751,0.0864509195,-0.0278267264,0.502882481,0.263524294,0.0602218099,-0.242778361,-0.174849585,0.124252185,0.486083984,0.397191823,0.0730779842,0.00851809792,0.101229705,-0.138088316,0.319372833,0.363387227,0.0659522638,0.886284411,0.0825231746,-0.0519340113,0.0377428755,0.324819446,-0.343595803,-0.00901302323,0.934588075,-0.17964381,-0.0542105325,0.0391116515,-0.232984751,0.0864509195,-0.0278267264,0.502882481,0.263524294,0.0602218062,-0.242778361,-0.174849585,0.124252193,0.486083984,0.397191823,0.0730779842,0.00851809792,0.101229697,-0.138088316,0.319372833,0.363387227,0.0659522638,0.886284411,0.0825231746,-0.0519340113,0.0377428755,0.324819446,-0.343595803,-0.00901302323,0.934588075,-0.17964381,-0.0542105325,0.0391116515
0.918941444,3188551.44,0,0,0.0184179279,2.15228647e-05,1,0.123313628,0,1,0.43494156,-0.00941851828,0.0130138192,0.900315344,0.072232686,0.145785764,-0.210004136,-0.905379474,0.414416134,9.70297975e-08,-0.236813024,0.0013321836,-0.000407625223,0.483342201,-0.244279936,-0.00412030239,-0.327612698,-0.0197941717,0.0513888933,0.464122355,-0.161576763,0.0311515909,0.00411438476,-0.00700263865,0.00431928271,0.306560934,0.225549027,0.0216062274,0.946085334,0.0904678553,0.00152323721,0.011067776,0.30068922,-0.313991517,-0.00271634595,0.948846102,-0.177070692,-0.057033889,0.0361549407,-0.981299877,-0.173250034,0.109692499,0.876186848,0.507117391,0.00871778186,-0.625705302,-0.0607088581,0.523658752,0.0204499904,0.605003059,0.331686735,0.0735663846,-0.12328276,0.0768995956,-0.206096441,0.20372054,0.0132204648,0.0332160145,-0.323284715,-0.73945719,-0.109576769,-0.622731149,0.0457368717,-0.00111864333,-0.138778359,-0.0112455031,0.127397463,0.0717108101,-0.232984751,0.0864509195,-0.0278267264,0.502882481,0.263524294,0.0602218062,-0.242778361,-0.174849585,0.124252193,0.486083984,0.397191823,0.0730779842,0.00851809792,0.101229697,-0.138088316,0.319372833,0.363387227,0.0659522638,0.886284411,0.0825231746,-0.0519340113,0.0377428755,0.324819446,-0.343595803,-0.00901302323,0.934588075,-0.17964381,-0.0542105325,0.0391116515,-0.232984751,0.0864509195,-0.0278267264,0.502882481,0.263524294,0.0602218099,-0.242778361,-0.174849585,0.124252185,0.486083984,0.397191823,0.0730779842,0.00851809792,0.101229705,-0.138088316,0.319372833,0.363387227,0.0659522638,0.886284411,0.0825231746,-0.0519340113,0.0377428755,0.324819446,-0.343595803,-0.00901302323,0.934588075,-0.17964381,-0.0542105325,0.0391116515,-0.232984751,0.0864509195,-0.0278267264,0.502882481,0.263524294,0.0602218062,-0.242778361,-0.174849585,0.124252193,0.486083984,0.397191823,0.0730779842,0.00851809792,0.101229697,-0.138088316,0.319372833,0.363387227,0.0659522638,0.886284411,0.0825231746,-0.0519340113,0.0377428755,0.324819446,-0.343595803,-0.00901302323,0.934588075,-0.17964381,-0.0542105325,0.0391116515
0.928947132,3188551.45,0,0,0.00844042003,2.32569873e-05,1,0.107252039,0.0473724604,1,0.435802191,-0.00975164305,0.0135315657,0.899887919,0.059309829,0.128070831,-0.183135569,-0.925108135,0.417617857,7.15521153e-08,-0.245988801,-0.000481754862,0.000477490394,0.491432309,-0.238977879,-0.00399795221,-0.333359182,-0.0203721765,0.0569291897,0.464061052,-0.155205682,0.0345386826,0.00495864591,-0.00813848618,0.00537154032,0.304191679,0.227514848,0.0216795374,0.946320832,0.0878993049,-0.00555657921,0.00984359253,0.294661939,-0.313492239,-0.00271284976,0.947331727,-0.177166522,-0.0558264665,0.036764618,-0.958195567,-0.182511717,0.0706215352,0.813347638,0.544306278,0.0083718067,-0.614326715,-0.0421753116,0.608020306,0.00252140104,0.67022413,0.369128376,0.102988593,-0.10109216,0.0555519015,-0.244602457,0.193968832,0.00396835199,0.0295986421,-0.210942462,-0.713200331,-0.141354501,-0.573145032,0.0500781089,0.00212687952,-0.155526415,-0.00694366731,0.130010873,0.0581192747,-0.250899732,0.0813440681,-0.028016679,0.511866808,0.263789296,0.0450346842,-0.245640397,-0.173471138,0.125254869,0.499224573,0.444564283,0.0859178752,0.0150726307,0.116863638,-0.149180591,0.330785692,0.375122011,0.0682134703,0.89573741,0.0812967196,-0.0595326871,0.0376478136,0.314343601,-0.341982245,-0.00486698374,0.933608353,-0.177282989,-0.0514568314,0.0398920141,-0.250899732,0.0813440681,-0.028016679,0.511866808,0.263789296,0.0450346842,-0.245640397,-0.173471138,0.125254855,0.499224573,0.444564283,0.0859178752,0.0150726316,0.116863646,-0.149180591,0.330785692,0.375122011,0.0682134703,0.89573741,0.0812967196,-0.0595326908,0.0376478136,0.314343601,-0.341982245,-0.00486698374,0.933608353,-0.177282989,-0.0514568314,0.0398920141,-0.250899732,0.0813440681,-0.028016679,0.511866808,0.263789296,0.0450346842,-0.245640397,-0.173471138,0.125254869,0.499224573,0.444564283,0.0859178752,0.0150726307,0.116863638,-0.149180591,0.330785692,0.375122011,0.0682134703,0.89573741,0.0812967196,-0.0595326871,0.0376478136,0.314343601,-0.341982245,-0.00486698374,0.933608353,-0.177282989,-0.0514568314,0.0398920141
0.939944577,3188551.46,0,0,0.0194378649,2.21398659e-05,1,0.107252039,0,1,0.436517507,-0.010234612,0.014014123,0.899528384,0.0398042277,0.102559835,-0.142831668,-0.942387223,0.42037341,5.11813241e-08,-0.255673259,-0.0023316599,0.000918796111,0.499416977,-0.233420625,-0.00392818078,-0.339593709,-0.0206302479,0.0635933131,0.464085221,-0.148157969,0.038542226,0.00614933437,-0.00896701403,0.00568308588,0.301591963,0.229405776,0.0216909405,0.946509659,0.0863998383,-0.01259044,0.00823468715,0.289209485,-0.312981069,-0.00267162942,0.945822239,-0.177206099,-0.0544875152,0.0372964926,-0.933630288,-0.187008113,0.0305694211,0.761752307,0.559733212,0.0092375828,-0.598174274,-0.0238725748,0.67485708,-0.00268846471,0.722370446,0.405858278,0.123864606,-0.0719442815,0.0457996167,-0.277333617,0.184116393,-0.000203471369,0.0116845025,-0.11232996,-0.687214017,-0.165992141,-0.534949839,0.0524492189,0.0050603454,-0.144584149,-0.00262482464,0.127639621,0.0481378697,-0.250899732,0.0813440681,-0.028016679,0.511866808,0.263789296,0.0450346842,-0.245640397,-0.173471138,0.125254869,0.499224573,0.444564283,0.0859178752,0.0150726307,0.116863638,-0.149180591,0.330785692,0.375122011,0.0682134703,0.89573741,0.0812967196,-0.0595326871,0.0376478136,0.314343601,-0.341982245,-0.00486698374,0.933608353,-0.177282989,-0.0514568314,0.0398920141,-0.250899732,0.0813440681,-0.028016679,0.511866808,0.263789296,0.0450346842,-0.245640397,-0.173471138,0.125254855,0.499224573,0.444564283,0.0859178752,0.0150726316,0.116863646,-0.149180591,0.330785692,0.375122011,0.0682134703,0.89573741,0.0812967196,-0.0595326908,0.0376478136,0.314343601,-0.341982245,-0.00486698374,0.933608353,-0.177282989,-0.0514568314,0.0398920141,-0.250899732,0.0813440681,-0.028016679,0.511866808,0.263789296,0.0450346842,-0.245640397,-0.173471138,0.125254869,0.499224573,0.444564283,0.0859178752,0.0150726307,0.116863638,-0.149180591,0.330785692,0.375122011,0.0682134703,0.89573741,0.0812967196,-0.0595326871,0.0376478136,0.314343601,-0.341982245,-0.00486698374,0.933608353,-0.177282989,-0.0514568314,0.0398920141
0.950941605,3188551.47,0,0,0.0104218111,2.16010958e-05,1,0.11974806,0.0188422203,1,0.437166125,-0.0105315987,0.014299171,0.899205446,0.00664195977,0.0889999941,-0.127854139,-0.955903351,0.422494739,3.6610075e-08,-0.266091108,-0.00449196156,0.00119287951,0.507619679,-0.226771578,-0.00372727495,-0.346439332,-0.020951841,0.0711703375,0.464121163,-0.139025196,0.043234095,0.00784263015,-0.00954943243,0.00639612554,0.297903091,0.231467724,0.0216539446,0.946566999,0.0856716707,-0.0203698166,0.00628639804,0.283009857,-0.312371016,-0.00245094555,0.944462895,-0.177190185,-0.0532419756,0.0377163701,-0.895288646,-0.16252768,0.0265045241,0.666159987,0.544931173,0.0154125793,-0.636899531,-0.0141799748,0.604735255,0.0475490354,0.810958803,0.37857464,0.183678374,-0.0275181327,0.00420549046,-0.316244274,0.164694354,-0.00705542602,0.00234626327,-0.0328554772,-0.632197857,-0.163630575,-0.493379265,0.0453118235,0.0429992564,-0.0715612993,0.00703084888,0.0894732252,0.0237715151,-0.262363672,0.0774517879,-0.0271780267,0.519640446,0.257949829,0.0344537348,-0.260264516,-0.166757509,0.125219107,0.504751027,0.463406503,0.0894722492,0.0218209866,0.126993522,-0.14892827,0.341894269,0.383007854,0.0706260502,0.904086471,0.0834928825,-0.0623311922,0.0383027941,0.305350423,-0.339248687,-0.00110229477,0.936610103,-0.173037931,-0.0503166541,0.0398626477,-0.262363672,0.0774517879,-0.0271780267,0.519640446,0.257949829,0.034453731,-0.260264516,-0.166757509,0.125219092,0.504751027,0.463406503,0.0894722492,0.0218209866,0.126993522,-0.14892827,0.341894269,0.383007854,0.0706260502,0.904086471,0.0834928825,-0.0623311922,0.0383027941,0.305350423,-0.339248687,-0.00110229477,0.936610103,-0.173037931,-0.0503166541,0.0398626477,-0.262363672,0.0774517879,-0.0271780267,0.519640446,0.257949829,0.0344537348,-0.260264516,-0.166757509,0.125219107,0.504751027,0.463406503,0.0894722492,0.0218209866,0.126993522,-0.14892827,0.341894269,0.383007854,0.0706260502,0.904086471,0.0834928825,-0.0623311922,0.0383027941,0.305350423,-0.339248687,-0.00110229477,0.936610103,-0.173037931,-0.0503166541,0.0398626477
0.961943975,3188551.48,0,0,0.00142810913,2.19400972e-05,1,0.1152982,0.0224334598,1,0.437697858,-0.0108477017,0.0143541545,0.898942113,-0.0317030475,0.0269656107,-0.106685884,-0.96639055,0.424118608,2.6187239e-08,-0.274572432,-0.00593436789,0.00139012455,0.513727844,-0.221500635,-0.00352708157,-0.352738321,-0.0210382547,0.0765988827,0.464778692,-0.130451515,0.0467912257,0.00985775888,-0.00956983212,0.00653760973,0.294550449,0.233003676,0.0215769149,0.946545422,0.085493803,-0.0264202319,0.00480732461,0.278128445,-0.311940193,-0.00180287356,0.944061756,-0.177081302,-0.0524401739,0.0378840938,-0.793352842,-0.133036494,0.0141016413,0.560133815,0.512595236,0.0275782757,-0.598569512,-0.00881400239,0.493465751,0.0633031726,0.882279932,0.339667767,0.200256094,0.0155926682,0.0372352637,-0.347034931,0.144826472,-0.007220787,-0.00848553795,-0.0109907743,-0.57894367,-0.132699326,-0.488189846,0.0428717323,0.0745816231,-0.0259203017,0.0124971233,0.074467808,0.0137065891,-0.268663496,0.0716101602,-0.0235693511,0.527267933,0.249733403,0.0272303075,-0.282697976,-0.158721164,0.124258481,0.503756523,0.46545279,0.0863886401,0.0262565296,0.130889699,-0.143051177,0.350689173,0.387461662,0.0737665668,0.90981853,0.0876414925,-0.06265039,0.0387257636,0.301813841,-0.338251382,0.000783927739,0.943460405,-0.169185743,-0.0498189889,0.04004471,-0.268663496,0.0716101602,-0.0235693511,0.527267933,0.249733403,0.0272303037,-0.282697976,-0.158721164,0.124258488,0.503756523,0.46545279,0.0863886401,0.0262565296,0.130889699,-0.143051177,0.350689173,0.387461662,0.0737665668,0.90981853,0.0876414925,-0.06265039,0.0387257636,0.301813841,-0.338251382,0.000783925876,0.943460405,-0.169185743,-0.0498189889,0.04004471,-0.268663496,0.0716101602,-0.0235693511,0.527267933,0.249733403,0.0272303075,-0.282697976,-0.158721164,0.124258481,0.503756523,0.46545279,0.0863886401,0.0262565296,0.130889699,-0.143051177,0.350689173,0.387461662,0.0737665668,0.90981853,0.0876414925,-0.06265039,0.0387257636,0.301813841,-0.338251382,0.000783927739,0.943460405,-0.169185743,-0.0498189889,0.04004471
0.972941307,3188551.49,0,0,0.0124254408,2.13179737e-05,1,0.1152982,0,1,0.438227326,-0.0110755758,0.0140847042,0.898685575,-0.0719786808,0.0320358016,-0.105410635,-0.974486291,0.425357342,1.87317699e-08,-0.283666313,-0.00725108059,0.00164246268,0.519695461,-0.215715021,-0.00306287361,-0.360093951,-0.0211008079,0.0815746337,0.465839803,-0.119335636,0.050466653,0.0123783974,-0.00908866059,0.00675948802,0.290439248,0.234591112,0.0215050988,0.946084738,0.0854615197,-0.0326804779,0.00352247804,0.272507638,-0.311425596,-0.00069779082,0.943914711,-0.176586673,-0.0516855866,0.0380212665,-0.7752707,-0.089392595,0.0306722019,0.478168547,0.457981676,0.0421202444,-0.670003831,0.00392371882,0.366459012,0.129036501,0.963613808,0.280440807,0.230850682,0.0567858964,-0.0260578077,-0.331549168,0.125045687,-0.00524296379,-0.0613930188,0.00300012762,-0.487281233,-0.0914500877,-0.445780277,0.041424118,0.107852504,-0.00427962281,0.0739570484,0.0545407012,0.0104698641,-0.268663496,0.0716101602,-0.0235693511,0.527267933,0.249733403,0.0272303075,-0.282697976,-0.158721164,0.124258481,0.503756523,0.46545279,0.0863886401,0.0262565296,0.130889699,-0.143051177,0.350689173,0.387461662,0.0737665668,0.90981853,0.0876414925,-0.06265039,0.0387257636,0.301813841,-0.338251382,0.000783927739,0.943460405,-0.169185743,-0.0498189889,0.04004471,-0.268663496,0.0716101602,-0.0235693511,0.527267933,0.249733403,0.0272303037,-0.282697976,-0.158721164,0.124258488,0.503756523,0.46545279,0.0863886401,0.0262565296,0.130889699,-0.143051177,0.350689173,0.387461662,0.0737665668,0.90981853,0.0876414925,-0.06265039,0.0387257636,0.301813841,-0.338251382,0.000783925876,0.943460405,-0.169185743,-0.0498189889,0.04004471,-0.268663496,0.0716101602,-0.0235693511,0.527267933,0.249733403,0.0272303075,-0.282697976,-0.158721164,0.124258481,0.503756523,0.46545279,0.0863886401,0.0262565296,0.130889699,-0.143051177,0.350689173,0.387461662,0.0737665668,0.90981853,0.0876414925,-0.06265039,0.0387257636,0.301813841,-0.338251382,0.000783927739,0.943460405,-0.169185743,-0.0498189889,0.04004471
0.983941654,3188551.5,0,0,0.00341777503,2.16211192e-05,1,0.121443998,0.0234780014,1,0.438616008,-0.011258333,0.0136461491,0.898500443,-0.107921682,-0.0391595177,-0.0735922232,-0.980661392,0.426293343,1.33988625e-08,-0.290811479,-0.00800181273,0.00185427035,0.523901343,-0.21146813,-0.00250196364,-0.366475135,-0.0210762862,0.0845286772,0.467128038,-0.10947077,0.053063456,0.0145195965,-0.00830982719,0.00672157202,0.287226915,0.235742778,0.0214609765,0.945067525,0.0855180323,-0.0369821899,0.00289877737,0.268088877,-0.310982227,0.000406063424,0.943912983,-0.175783306,-0.0512464829,0.0381346755,-0.661847591,-0.0657173619,0.0153682567,0.374996454,0.400950134,0.0672639385,-0.603170753,0.00134883961,0.251302361,0.12056452,0.998667896,0.248582616,0.198049694,0.0919809118,0.0185090993,-0.313546419,0.108733468,-0.00394914346,-0.129141361,0.00677811587,-0.389735192,-0.0422685333,-0.440939397,0.0472466871,0.108713746,0.00157341163,0.0783396065,0.0366370529,0.0121639399,-0.27369684,0.0655417442,-0.0184302703,0.536375642,0.245029524,0.0226612091,-0.306175977,-0.151396886,0.123827331,0.500292659,0.464267135,0.0813676566,0.028630551,0.128991485,-0.135679141,0.355722696,0.390447378,0.0761567801,0.912716031,0.0916435197,-0.0636453778,0.0393749774,0.302154809,-0.340097159,0.00170350075,0.950770199,-0.16586633,-0.0490796193,0.0399586596,-0.27369684,0.0655417442,-0.0184302703,0.536375642,0.245029524,0.0226612072,-0.306175977,-0.151396886,0.123827338,0.500292659,0.464267135,0.0813676566,0.028630551,0.128991485,-0.135679141,0.355722696,0.390447378,0.0761567801,0.912716031,0.0916435197,-0.0636453778,0.0393749811,0.302154809,-0.340097159,0.00170350075,0.950770199,-0.16586633,-0.0490796193,0.0399586596,-0.27369684,0.0655417442,-0.0184302703,0.536375642,0.245029524,0.0226612091,-0.306175977,-0.151396886,0.123827331,0.500292659,0.464267135,0.0813676566,0.028630551,0.128991485,-0.135679141,0.355722696,0.390447378,0.0761567801,0.912716031,0.0916435197,-0.0636453778,0.0393749774,0.302154809,-0.340097159,0.00170350075,0.950770199,-0.16586633,-0.0490796193,0.0399586596
0.993945994,3188551.51,0,0,0.0134221148,2.30260193e-05,1,0.121443998,0,1,0.438944489,-0.0114235785,0.0130329877,0.89834702,-0.131762892,-0.0121341171,-0.0773462877,-0.984981477,0.426942885,9.88064564e-09,-0.297611564,-0.00845628139,0.0021902239,0.527524889,-0.20775786,-0.00172355399,-0.372938335,-0.0209882669,0.0866345316,0.468562365,-0.0992312133,0.0553151369,0.0165177137,-0.00727023045,0.00647017034,0.284369558,0.236804202,0.021433264,0.94345206,0.0858316347,-0.040500436,0.00266181212,0.263866663,-0.310502023,0.00155238796,0.944145143,-0.174653515,-0.0510024391,0.0382484235,-0.700941861,-0.0330707133,0.0477976501,0.364441991,0.352399647,0.0832574144,-0.68067193,0.013236911,0.186803997,0.161545873,1.03774524,0.209214896,0.203532025,0.108913414,-0.0546706952,-0.267335355,0.107033163,-0.00185449992,-0.180325121,0.0514054261,-0.33380574,-0.014892498,-0.409497201,0.048253838,0.118393436,0.0397017486,0.140527412,0.0175859183,0.010431814,-0.27369684,0.0655417442,-0.0184302703,0.536375642,0.245029524,0.0226612091,-0.306175977,-0.151396886,0.123827331,0.500292659,0.464267135,0.0813676566,0.028630551,0.128991485,-0.135679141,0.355722696,0.390447378,0.0761567801,0.912716031,0.0916435197,-0.0636453778,0.0393749774,0.302154809,-0.340097159,0.00170350075,0.950770199,-0.16586633,-0.0490796193,0.0399586596,-0.27369684,0.0655417442,-0.0184302703,0.536375642,0.245029524,0.0226612072,-0.306175977,-0.151396886,0.123827338,0.500292659,0.464267135,0.0813676566,0.028630551,0.128991485,-0.135679141,0.355722696,0.390447378,0.0761567801,0.912716031,0.0916435197,-0.0636453778,0.0393749811,0.302154809,-0.340097159,0.00170350075,0.950770199,-0.16586633,-0.0490796193,0.0399586596,-0.27369684,0.0655417442,-0.0184302703,0.536375642,0.245029524,0.0226612091,-0.306175977,-0.151396886,0.123827331,0.500292659,0.464267135,0.0813676566,0.028630551,0.128991485,-0.135679141,0.355722696,0.390447378,0.0761567801,0.912716031,0.0916435197,-0.0636453778,0.0393749774,0.302154809,-0.340097159,0.00170350075,0.950770199,-0.16586633,-0.0490796193,0.0399586596
1.00394646,3188551.52,0,0,0.00344008114,2.27401033e-05,1,0.133339316,0.0283873081,1,0.439219505,-0.0115071461,0.0122651216,0.898222327,-0.153155714,-0.0840284228,-0.0503759719,-0.988364041,0.427447468,7.28622629e-09,-0.304096669,-0.00872391276,0.002621094,0.53080982,-0.204551458,-0.000763868738,-0.379310817,-0.0209068023,0.088056244,0.470024288,-0.0888503492,0.0573060364,0.0183271617,-0.00609100237,0.00622315332,0.281832904,0.237910286,0.0214239564,0.941414356,0.0864583254,-0.043523185,0.00258678175,0.259828568,-0.309980035,0.00265034358,0.944609284,-0.173273146,-0.0508733205,0.0383466296,-0.604115605,-0.0236256141,0.0363723598,0.296279192,0.297435939,0.104917541,-0.598059177,0.00478422502,0.115276828,0.128217548,1.03528619,0.195249945,0.1623891,0.124620892,-0.00307369372,-0.244129717,0.11330685,-0.000493584143,-0.216004074,0.066744037,-0.280509233,-0.00391650712,-0.397670895,0.0553057529,0.101508833,0.0466774702,0.127708673,0.0108470945,0.0095598679,-0.27863124,0.0615135208,-0.0122759193,0.544873238,0.233650818,0.0201467946,-0.334563285,-0.147973076,0.122736864,0.492029041,0.45092833,0.0745676383,0.0306837484,0.12553823,-0.127157629,0.355643809,0.391770005,0.0772474036,0.912689626,0.0969332904,-0.0650771037,0.0387074202,0.305279046,-0.344530225,0.00262464769,0.956813157,-0.163850829,-0.0476529114,0.039841827,-0.27863124,0.0615135208,-0.0122759175,0.544873238,0.233650818,0.0201467928,-0.334563285,-0.147973076,0.122736856,0.492029041,0.45092833,0.0745676383,0.0306837484,0.12553823,-0.127157629,0.355643809,0.391770005,0.0772474036,0.912689626,0.0969332904,-0.0650771037,0.0387074202,0.305279046,-0.344530225,0.00262464769,0.956813157,-0.163850829,-0.0476529114,0.039841827,-0.27863124,0.0615135208,-0.0122759193,0.544873238,0.233650818,0.0201467946,-0.334563285,-0.147973076,0.122736864,0.492029041,0.45092833,0.0745676383,0.0306837484,0.12553823,-0.127157629,0.355643809,0.391770005,0.0772474036,0.912689626,0.0969332904,-0.0650771037,0.0387074202,0.305279046,-0.344530225,0.00262464769,0.956813157,-0.163850829,-0.0476529114,0.039841827
1.01494101,3188551.53,0,0,0.014434637,2.12620944e-05,1,0.133339316,0,1,0.439517617,-0.0116389301,0.0112754637,0.8980878,-0.157893777,-0.0408036858,-0.0638158619,-0.991232812,0.427872211,5.21184829e-09,-0.31185025,-0.00887485594,0.00343885738,0.534359932,-0.201416329,0.000688916363,-0.387035817,-0.0208877344,0.0891177505,0.471485704,-0.0765329599,0.0594176687,0.020380985,-0.00463844789,0.00537373638,0.279299855,0.23937574,0.0214296374,0.93865788,0.0879212841,-0.0466268435,0.00256317016,0.255617946,-0.309384465,0.00394510152,0.945404768,-0.17167905,-0.0507642627,0.0384549499,-0.668940842,-0.00556644704,0.0930004567,0.301027328,0.234763712,0.132401109,-0.665345728,-0.00125588058,0.073007144,0.114247173,1.01505136,0.164021581,0.180513948,0.116899736,-0.099270381,-0.194279596,0.129218459,0.00116235041,-0.238736257,0.163425684,-0.24753961,-0.000940007041,-0.321934789,0.0431120768,0.113368712,0.0811374933,0.136407673,0.00834377296,0.00871728733,-0.27863124,0.0615135208,-0.0122759193,0.544873238,0.233650818,0.0201467946,-0.334563285,-0.147973076,0.122736864,0.492029041,0.45092833,0.0745676383,0.0306837484,0.12553823,-0.127157629,0.355643809,0.391770005,0.0772474036,0.912689626,0.0969332904,-0.0650771037,0.0387074202,0.305279046,-0.344530225,0.00262464769,0.956813157,-0.163850829,-0.0476529114,0.039841827,-0.27863124,0.0615135208,-0.0122759175,0.544873238,0.233650818,0.0201467928,-0.334563285,-0.147973076,0.122736856,0.492029041,0.45092833,0.0745676383,0.0306837484,0.12553823,-0.127157629,0.355643809,0.391770005,0.0772474036,0.912689626,0.0969332904,-0.0650771037,0.0387074202,0.305279046,-0.344530225,0.00262464769,0.956813157,-0.163850829,-0.0476529114,0.039841827,-0.27863124,0.0615135208,-0.0122759193,0.544873238,0.233650818,0.0201467946,-0.334563285,-0.147973076,0.122736864,0.492029041,0.45092833,0.0745676383,0.0306837484,0.12553823,-0.127157629,0.355643809,0.391770005,0.0772474036,0.912689626,0.0969332904,-0.0650771037,0.0387074202,0.305279046,-0.344530225,0.00262464769,0.956813157,-0.163850829,-0.0476529114,0.039841827
1.0249422,3188551.54,0,0,0.00443490688,2.1904707e-05,1,0.105499756,0.0246281922,1,0.439770788,-0.0116012022,0.0103446348,0.897975504,-0.166277826,-0.117441796,-0.0516611487,-0.99323523,0.428166777,3.84334253e-09,-0.317948759,-0.00890738983,0.00442296872,0.537067771,-0.199465901,0.00213345652,-0.393046021,-0.0209789891,0.0896121711,0.472236782,-0.0666473657,0.0610611625,0.0220191684,-0.00345014618,0.00485332683,0.277411431,0.240749717,0.021444669,0.93622154,0.0896796435,-0.0489548109,0.0025677341,0.252538741,-0.309004486,0.00499148248,0.946229458,-0.170515656,-0.0506818816,0.0385415331,-0.570363998,-0.00307079474,0.0992163792,0.24430801,0.167596072,0.152073592,-0.560023785,-0.0149455396,0.0350872651,0.0481099263,0.969144642,0.167138085,0.148567304,0.119912855,-0.0297014881,-0.181223452,0.143053457,0.00157756032,-0.243680045,0.177260488,-0.222397044,0.00120756496,-0.295278847,0.0353275798,0.0967365503,0.0809312463,0.0999258682,0.00827840436,0.00866471604,-0.285533637,0.060754776,-0.00675677881,0.553885758,0.222092852,0.0200966075,-0.359191477,-0.148235679,0.122703932,0.483891219,0.43370378,0.0663418546,0.0311404988,0.122892618,-0.118679702,0.351871848,0.392374247,0.0766304582,0.910758257,0.101713888,-0.0671509653,0.0374006107,0.309009492,-0.349200159,0.00395473279,0.961073518,-0.162552536,-0.0463797562,0.0394080915,-0.285533637,0.060754776,-0.0067567802,0.553885758,0.222092852,0.0200966094,-0.359191477,-0.148235679,0.122703925,0.483891219,0.43370378,0.0663418546,0.0311404988,0.122892626,-0.118679702,0.351871848,0.392374247,0.0766304582,0.910758257,0.101713888,-0.0671509653,0.0374006107,0.309009492,-0.349200159,0.00395473279,0.961073518,-0.162552536,-0.0463797562,0.0394080915,-0.285533637,0.060754776,-0.00675677881,0.553885758,0.222092852,0.0200966075,-0.359191477,-0.148235679,0.122703932,0.483891219,0.43370378,0.0663418546,0.0311404988,0.122892618,-0.118679702,0.351871848,0.392374247,0.0766304582,0.910758257,0.101713888,-0.0671509653,0.0374006107,0.309009492,-0.349200159,0.00395473279,0.961073518,-0.162552536,-0.0463797562,0.0394080915
1.03595073,3188551.55,0,0,0.015443441,2.33487226e-05,1,0.105499756,0,1,0.439999908,-0.0117076207,0.00948218629,0.897871435,-0.160226032,-0.0546451993,-0.0539404824,-0.994923532,0.42841354,2.74914846e-09,-0.324679017,-0.00889947452,0.00577448122,0.5400213,-0.198097274,0.00382753438,-0.399342954,-0.0212284066,0.0898312479,0.4725658,-0.0573263839,0.0625736937,0.0234662704,-0.00234722509,0.00365134305,0.275955498,0.242298171,0.0214615632,0.933766663,0.0919147581,-0.0511596166,0.00256965263,0.250152946,-0.308808595,0.0060993298,0.947110176,-0.169493437,-0.0505835563,0.0386189595,-0.69058913,0.000725015416,0.154472932,0.310566366,0.113606147,0.179007351,-0.633583963,-0.0325118043,0.0162518639,0.0205733143,0.903020561,0.147586688,0.140592724,0.103242271,-0.126155078,-0.13580893,0.163228735,0.00176511041,-0.246920899,0.241027534,-0.218116134,0.000107574975,-0.215028241,0.0123946546,0.111409254,0.0875045881,0.0984833241,0.0112917768,0.00731873419,-0.285533637,0.060754776,-0.00675677881,0.553885758,0.222092852,0.0200966075,-0.359191477,-0.148235679,0.122703932,0.483891219,0.43370378,0.0663418546,0.0311404988,0.122892618,-0.118679702,0.351871848,0.392374247,0.0766304582,0.910758257,0.101713888,-0.0671509653,0.0374006107,0.309009492,-0.349200159,0.00395473279,0.961073518,-0.162552536,-0.0463797562,0.0394080915,-0.285533637,0.060754776,-0.0067567802,0.553885758,0.222092852,0.0200966094,-0.359191477,-0.148235679,0.122703925,0.483891219,0.43370378,0.0663418546,0.0311404988,0.122892626,-0.118679702,0.351871848,0.392374247,0.0766304582,0.910758257,0.101713888,-0.0671509653,0.0374006107,0.309009492,-0.349200159,0.00395473279,0.961073518,-0.162552536,-0.0463797562,0.0394080915,-0.285533637,0.060754776,-0.00675677881,0.553885758,0.222092852,0.0200966075,-0.359191477,-0.148235679,0.122703932,0.483891219,0.43370378,0.0663418546,0.0311404988,0.122892618,-0.118679702,0.351871848,0.392374247,0.0766304582,0.910758257,0.101713888,-0.0671509653,0.0374006107,0.309009492,-0.349200159,0.00395473279,0.961073518,-0.162552536,-0.0463797562,0.0394080915
1.04694124,3188551.56,0,0,0.00638683699,2.1210406e-05,1,0.151938293,0.0213978887,1,0.440293014,-0.0115624135,0.0083901789,0.897740483,-0.145301327,-0.0998371392,-0.052766487,-0.996195376,0.428598434,1.96646988e-09,-0.332365125,-0.00897879433,0.00785566308,0.543517828,-0.197303966,0.00611917907,-0.406315416,-0.0218057688,0.0899755359,0.472531646,-0.0471947864,0.0644199848,0.024942413,-0.0012668377,0.00280245114,0.274359167,0.244441792,0.0214822572,0.930851817,0.0947457254,-0.0536783524,0.00257690274,0.247848853,-0.308730066,0.00724310754,0.948051631,-0.168547347,-0.0504139811,0.0387023352,-0.653268099,-0.0128111998,0.189378783,0.294384897,0.0364154801,0.200930268,-0.581496894,-0.0612894259,0.00831499044,-0.0197424982,0.799681425,0.15249835,0.10686405,0.0786612779,-0.0819291249,-0.1185105,0.190318882,0.00156156672,-0.23674798,0.237390727,-0.205706254,0.000265947048,-0.160959437,0.00309008406,0.0860324129,0.0736242607,0.0671111345,0.0147134503,0.00641282089,-0.296305001,0.0634090155,-0.0020911321,0.561157823,0.20856832,0.0212593749,-0.379665196,-0.151834756,0.123188578,0.476296425,0.412305892,0.0563611835,0.0310236532,0.121019185,-0.110400409,0.346122593,0.392547846,0.0751550719,0.907673597,0.105952196,-0.0698572844,0.0356698036,0.312093616,-0.353045255,0.00558972731,0.963669002,-0.161937967,-0.0459084176,0.0389387608,-0.296305001,0.0634090155,-0.00209113164,0.561157823,0.20856832,0.0212593768,-0.379665196,-0.151834756,0.12318857,0.476296425,0.412305892,0.0563611872,0.0310236532,0.121019177,-0.110400409,0.346122593,0.392547846,0.0751550719,0.907673597,0.105952196,-0.0698572844,0.0356697999,0.312093616,-0.353045255,0.00558972731,0.963669002,-0.161937967,-0.0459084176,0.0389387608,-0.296305001,0.0634090155,-0.0020911321,0.561157823,0.20856832,0.0212593749,-0.379665196,-0.151834756,0.123188578,0.476296425,0.412305892,0.0563611835,0.0310236532,0.121019185,-0.110400409,0.346122593,0.392547846,0.0751550719,0.907673597,0.105952196,-0.0698572844,0.0356698036,0.312093616,-0.353045255,0.00558972731,0.963669002,-0.161937967,-0.0459084176,0.0389387608
1.05791424,3188551.57,0,0,0.017359837,5.05195931e-06,1,0.151938293,0,1,0.440504164,-0.0115588894,0.00763636176,0.897643685,-0.125699341,-0.0838481039,-0.0457235537,-0.997152328,0.428736836,1.40661871e-09,-0.339605719,-0.00918566342,0.0100382287,0.546871722,-0.197223201,0.00826931279,-0.412472397,-0.0226110425,0.0900142565,0.47211957,-0.0398170315,0.0658598468,0.0258500222,-0.000657770259,0.00155584351,0.273356497,0.246500075,0.0214960221,0.928555965,0.0972802788,-0.0557304695,0.00257022749,0.246728718,-0.308731765,0.00804395135,0.948720753,-0.167935699,-0.0502963439,0.0387559161,-0.718318939,-0.0300302338,0.229350805,0.341227025,-0.0133365216,0.222289816,-0.593188703,-0.0951239467,0.00235085329,-0.0620455146,0.693070531,0.145255953,0.0794671327,0.0490373969,-0.0985312313,-0.103571892,0.215774745,0.00133958401,-0.224238575,0.252570778,-0.202336818,-0.000710832712,-0.0942331553,-0.00154575123,0.072833918,0.0604860112,0.0549481697,0.0104341144,0.0048613688,-0.296305001,0.0634090155,-0.0020911321,0.561157823,0.20856832,0.0212593749,-0.379665196,-0.151834756,0.123188578,0.476296425,0.412305892,0.0563611835,0.0310236532,0.121019185,-0.110400409,0.346122593,0.392547846,0.0751550719,0.907673597,0.105952196,-0.0698572844,0.0356698036,0.312093616,-0.353045255,0.00558972731,0.963669002,-0.161937967,-0.0459084176,0.0389387608,-0.296305001,0.0634090155,-0.00209113164,0.561157823,0.20856832,0.0212593768,-0.379665196,-0.151834756,0.12318857,0.476296425,0.412305892,0.0563611872,0.0310236532,0.121019177,-0.110400409,0.346122593,0.392547846,0.0751550719,0.907673597,0.105952196,-0.0698572844,0.0356697999,0.312093616,-0.353045255,0.00558972731,0.963669002,-0.161937967,-0.0459084176,0.0389387608,-0.296305001,0.0634090155,-0.0020911321,0.561157823,0.20856832,0.0212593749,-0.379665196,-0.151834756,0.123188578,0.476296425,0.412305892,0.0563611835,0.0310236532,0.121019185,-0.110400409,0.346122593,0.392547846,0.0751550719,0.907673597,0.105952196,-0.0698572844,0.0356698036,0.312093616,-0.353045255,0.00558972731,0.963669002,-0.161937967,-0.0459084176,0.0389387608
1.06794195,3188551.58,0,0,0.00739298807,2.12760642e-05,1,0.145744998,0.0261009336,1,0.440696329,-0.0112910951,0.00687069073,0.897558928,-0.107212156,-0.108118728,-0.0409400016,-0.997813404,0.428832024,1.03727449e-09,-0.346449733,-0.00965825561,0.0123682702,0.550070941,-0.197748676,0.0105634201,-0.417954266,-0.0237733983,0.0900315195,0.471142709,-0.0335495323,0.0674001202,0.0264533255,-0.000322564883,0.000964271312,0.272275805,0.248784706,0.0215081032,0.926460385,0.0996360779,-0.057645876,0.00256485119,0.246028155,-0.30877018,0.00865704007,0.949280024,-0.167500526,-0.0501990989,0.0388008915,-0.702040434,-0.0542936698,0.241749153,0.322501242,-0.080072999,0.235130131,-0.551793039,-0.127974138,-0.0004973209,-0.117272943,0.583048701,0.151277304,0.0453539938,0.025128752,-0.0713637993,-0.100165486,0.236760974,0.00107235345,-0.200700119,0.230816871,-0.184996739,-0.000924438529,-0.0490776859,-0.00945925899,0.0635203794,0.0596633218,0.0383341908,0.00914067402,0.00427809451,-0.310774595,0.0694451183,0.00144148991,0.5657866,0.196553215,0.0225474685,-0.396387905,-0.154214859,0.12253537,0.47076425,0.386204958,0.0454157814,0.0305354334,0.120811507,-0.102214485,0.339265168,0.392063022,0.0727594867,0.904535651,0.109928474,-0.0721071064,0.0334621519,0.314403385,-0.355753124,0.00749873742,0.965302408,-0.161550194,-0.0462420732,0.0389152095,-0.310774595,0.0694451183,0.00144149107,0.5657866,0.196553215,0.0225474667,-0.396387905,-0.154214859,0.122535363,0.47076425,0.386204958,0.0454157814,0.0305354334,0.120811507,-0.102214485,0.339265168,0.392063022,0.0727594867,0.904535651,0.109928474,-0.0721071064,0.0334621556,0.314403385,-0.355753124,0.00749873742,0.965302408,-0.161550194,-0.0462420732,0.0389152095,-0.310774595,0.0694451183,0.00144148991,0.5657866,0.196553215,0.0225474685,-0.396387905,-0.154214859,0.12253537,0.47076425,0.386204958,0.0454157814,0.0305354334,0.120811507,-0.102214485,0.339265168,0.392063022,0.0727594867,0.904535651,0.109928474,-0.0721071064,0.0334621519,0.314403385,-0.355753124,0.00749873742,0.965302408,-0.161550194,-0.0462420732,0.0389152095
1.07794319,3188551.59,0,0,0.0173942307,2.20108777e-05,1,0.145744998,0,1,0.440875888,-0.0111539392,0.0062376014,0.89747709,-0.0956327096,-0.0936332867,-0.0429512709,-0.998321354,0.428904861,7.64911301e-10,-0.354069948,-0.0102309436,0.015015888,0.553602457,-0.199016094,0.0130102132,-0.423772067,-0.0251796674,0.0899843872,0.469743669,-0.0283868872,0.0688011348,0.0267122798,-0.000157647344,-3.81218561e-05,0.271394372,0.25127238,0.0215173587,0.924534559,0.101988681,-0.059413109,0.00254719891,0.245779142,-0.309028447,0.00947558321,0.950012147,-0.167143956,-0.0501202457,0.0388409346,-0.756397426,-0.0623573288,0.273558676,0.352914274,-0.161263406,0.249275863,-0.565748572,-0.149819121,-0.00562044466,-0.158976078,0.470415354,0.14052403,0.0176889822,0.0108234221,-0.0753754824,-0.0950813219,0.255830675,0.000834994076,-0.185099676,0.230770841,-0.168937415,-0.00196345826,-0.014506408,-0.0340283699,0.0844747052,0.0737323985,0.0321837142,0.00736446818,0.00387544394,-0.310774595,0.0694451183,0.00144148991,0.5657866,0.196553215,0.0225474685,-0.396387905,-0.154214859,0.12253537,0.47076425,0.386204958,0.0454157814,0.0305354334,0.120811507,-0.102214485,0.339265168,0.392063022,0.0727594867,0.904535651,0.109928474,-0.0721071064,0.0334621519,0.314403385,-0.355753124,0.00749873742,0.965302408,-0.161550194,-0.0462420732,0.0389152095,-0.310774595,0.0694451183,0.00144149107,0.5657866,0.196553215,0.0225474667,-0.396387905,-0.154214859,0.122535363,0.47076425,0.386204958,0.0454157814,0.0305354334,0.120811507,-0.102214485,0.339265168,0.392063022,0.0727594867,0.904535651,0.109928474,-0.0721071064,0.0334621556,0.314403385,-0.355753124,0.00749873742,0.965302408,-0.161550194,-0.0462420732,0.0389152095,-0.310774595,0.0694451183,0.00144148991,0.5657866,0.196553215,0.0225474685,-0.396387905,-0.154214859,0.12253537,0.47076425,0.386204958,0.0454157814,0.0305354334,0.120811507,-0.102214485,0.339265168,0.392063022,0.0727594867,0.904535651,0.109928474,-0.0721071064,0.0334621519,0.314403385,-0.355753124,0.00749873742,0.965302408,-0.161550194,-0.0462420732,0.0389152095
1.08894315,3188551.61,0,0,0.00841206871,2.17766501e-05,1,0.131867826,0.0288965702,1,0.441120774,-0.0110187046,0.00556584774,0.897362828,-0.0875781998,-0.0294429194,-0.045658078,-0.99873966,0.428964704,5.47142054e-10,-0.363722593,-0.0110365311,0.0184695031,0.557973325,-0.201705843,0.0160842445,-0.430916727,-0.0271580573,0.0897273645,0.467568368,-0.0236530975,0.070369564,0.026816234,-9.02338506e-05,-0.00120599451,0.270190984,0.25446564,0.0215203688,0.922605038,0.104779921,-0.0612864904,0.00248761754,0.245980129,-0.309645355,0.0105588874,0.951037169,-0.166732579,-0.0500499122,0.0388875827,-0.876800001,-0.0677830055,0.301698834,0.393302739,-0.267962247,0.262041777,-0.646642148,-0.175703093,-0.0394087769,-0.189440072,0.339314282,0.116109923,0.00387171237,0.00331812445,-0.13815181,-0.103403032,0.273490995,-0.000320686318,-0.142082199,0.244895101,-0.149603382,-0.00770937186,0.0460646749,-0.066948697,0.100259937,0.0933286175,0.0408857949,0.00430473406,0.00392853422,-0.328630745,0.0765328631,0.00362191349,0.567709744,0.191922501,0.0229086354,-0.408305973,-0.154003769,0.119941734,0.468578696,0.357308388,0.0346974283,0.029872166,0.122271866,-0.0956045985,0.332079202,0.390659899,0.0697227195,0.903102219,0.113474481,-0.0736302584,0.0311848223,0.315015346,-0.357791752,0.00889826566,0.966454446,-0.160762087,-0.0473699979,0.0390610136,-0.328630745,0.0765328631,0.00362191442,0.567709744,0.191922501,0.0229086336,-0.408305973,-0.154003769,0.119941741,0.468578696,0.357308388,0.0346974283,0.029872166,0.122271858,-0.0956045985,0.332079202,0.390659899,0.0697227195,0.903102219,0.113474481,-0.0736302584,0.0311848205,0.315015346,-0.357791752,0.00889826566,0.966454446,-0.160762087,-0.0473699979,0.0390610136,-0.328630745,0.0765328631,0.00362191349,0.567709744,0.191922501,0.0229086354,-0.408305973,-0.154003769,0.119941734,0.468578696,0.357308388,0.0346974283,0.029872166,0.122271866,-0.0956045985,0.332079202,0.390659899,0.0697227195,0.903102219,0.113474481,-0.0736302584,0.0311848223,0.315015346,-0.357791752,0.00889826566,0.966454446,-0.160762087,-0.0473699979,0.0390610136
1.09894396,3188551.62,0,0,0.0184128769,2.21747905e-05,1,0.131867826,0,1,0.441359699,-0.0108845877,0.00504278718,0.897250056,-0.0770867541,-0.0971632525,-0.0608149581,-0.999028027,0.429005742,4.03475753e-10,-0.372021943,-0.0118005918,0.021473147,0.561594427,-0.205040947,0.0187203977,-0.436976582,-0.0289957747,0.0893772244,0.465452492,-0.0209209286,0.0716100708,0.0268334933,-7.51629195e-05,-0.00186904357,0.268824548,0.257251501,0.0215155054,0.921390414,0.107069157,-0.0626101643,0.00242707133,0.246456087,-0.310423315,0.011438122,0.951991439,-0.166364506,-0.0500117652,0.03892757,-0.792435706,-0.0831694528,0.29625836,0.330788523,-0.37880078,0.264341652,-0.578672945,-0.187946692,-0.0281806905,-0.226997137,0.232003242,0.133722857,0.000685994048,0.000517472508,-0.022839006,-0.156138331,0.28109175,-0.00053820177,-0.106956184,0.213636294,-0.118663512,-0.00513245631,0.0495383963,-0.0837721154,0.0766226798,0.0970700458,0.0322792269,0.00373793393,0.00404320471,-0.328630745,0.0765328631,0.00362191349,0.567709744,0.191922501,0.0229086354,-0.408305973,-0.154003769,0.119941734,0.468578696,0.357308388,0.0346974283,0.029872166,0.122271866,-0.0956045985,0.332079202,0.390659899,0.0697227195,0.903102219,0.113474481,-0.0736302584,0.0311848223,0.315015346,-0.357791752,0.00889826566,0.966454446,-0.160762087,-0.0473699979,0.0390610136,-0.328630745,0.0765328631,0.00362191442,0.567709744,0.191922501,0.0229086336,-0.408305973,-0.154003769,0.119941741,0.468578696,0.357308388,0.0346974283,0.029872166,0.122271858,-0.0956045985,0.332079202,0.390659899,0.0697227195,0.903102219,0.113474481,-0.0736302584,0.0311848205,0.315015346,-0.357791752,0.00889826566,0.966454446,-0.160762087,-0.0473699979,0.0390610136,-0.328630745,0.0765328631,0.00362191349,0.567709744,0.191922501,0.0229086354,-0.408305973,-0.154003769,0.119941734,0.468578696,0.357308388,0.0346974283,0.029872166,0.122271866,-0.0956045985,0.332079202,0.390659899,0.0697227195,0.903102219,0.113474481,-0.0736302584,0.0311848223,0.315015346,-0.357791752,0.00889826566,0.966454446,-0.160762087,-0.0473699979,0.0390610136
1.1099125,3188551.63,0,0,0.00934709189,4.34787944e-06,1,0.19203499,0.0360662937,1,0.441512346,-0.0104175108,0.0046957992,0.897182405,0.0549118221,-0.0845776424,0.018054517,-0.999268949,0.429039985,2.88606805e-10,-0.380763829,-0.0134406928,0.0242214072,0.566152573,-0.207795069,0.0217517391,-0.442686886,-0.0316380598,0.0890818983,0.463133126,-0.0193190519,0.0730564967,0.0264957454,-0.000736753922,-0.00163399603,0.2668387,0.260262936,0.0215117708,0.920624554,0.108967945,-0.0635251105,0.00237782323,0.246913493,-0.31111154,0.0120604504,0.953099906,-0.166045293,-0.0499769375,0.0389670581,-1.07805598,-0.269445896,0.252619922,0.699898243,-0.0669070259,0.328340441,-0.619779408,-0.37158829,-0.0483209789,-0.216096938,0.101633176,0.136828676,-0.0832819343,-0.160953969,0.0133770555,-0.234850466,0.328147262,-0.000403815764,-0.0496509373,0.1881181,-0.0696236864,-0.00663081277,0.0458383374,-0.0439657904,0.0618157908,0.129892245,0.0419156775,0.00243719271,0.00385836093,-0.34890604,0.0829248279,0.00473432615,0.566723228,0.195716158,0.022192575,-0.416009039,-0.149129763,0.114341728,0.469676822,0.321242094,0.025014516,0.0295715015,0.124568999,-0.0899960399,0.325073808,0.387364209,0.0654025897,0.904107153,0.117304415,-0.0742799565,0.028381139,0.314562649,-0.360015482,0.00935778767,0.967354834,-0.159424394,-0.0488674976,0.0391866788,-0.34890604,0.0829248279,0.00473432755,0.566723228,0.195716158,0.0221925769,-0.416009039,-0.149129763,0.114341736,0.469676822,0.321242094,0.025014516,0.0295715015,0.124568999,-0.0899960399,0.325073808,0.387364209,0.0654025897,0.904107153,0.117304415,-0.0742799565,0.028381139,0.314562649,-0.360015482,0.00935778767,0.967354834,-0.159424394,-0.0488674976,0.0391866788,-0.34890604,0.0829248279,0.00473432615,0.566723228,0.195716158,0.022192575,-0.416009039,-0.149129763,0.114341728,0.469676822,0.321242094,0.025014516,0.0295715015,0.124568999,-0.0899960399,0.325073808,0.387364209,0.0654025897,0.904107153,0.117304415,-0.0742799565,0.028381139,0.314562649,-0.360015482,0.00935778767,0.967354834,-0.159424394,-0.0488674976,0.0391866788
1.1199391,3188551.64,0,0,0.019373694,1.73370354e-05,1,0.19203499,0,1,0.441380024,-0.00963963661,0.00517476257,0.897253573,0.211271822,-0.140348405,0.0222341809,-0.99943459,0.42906338,2.12825632e-10,-0.393088877,-0.0171647221,0.0270765759,0.57546407,-0.206100181,0.0250278953,-0.449020177,-0.0364553407,0.0887524411,0.461042881,-0.018810723,0.074333027,0.0256573856,-0.00350607,-0.000976725365,0.263875633,0.263787866,0.0215070359,0.920382142,0.110873811,-0.0638634413,0.00229533855,0.247397885,-0.311337173,0.0127120158,0.954511046,-0.165531173,-0.0499628671,0.0390059091,-1.25772047,-0.421308041,0.322669089,1.02235758,0.289747834,0.32616207,-0.601274252,-0.537424147,-0.0177054387,-0.216209114,0.0283197351,0.124726713,-0.0665969327,-0.339378476,0.142277375,-0.339936018,0.361946523,-0.000365956919,-0.0117395101,0.186033234,-0.0127083827,-0.00736434758,0.0438015424,-0.0130216377,0.0638449714,0.142602772,0.0520198122,0.00112392136,0.00392983761,-0.34890604,0.0829248279,0.00473432615,0.566723228,0.195716158,0.022192575,-0.416009039,-0.149129763,0.114341728,0.469676822,0.321242094,0.025014516,0.0295715015,0.124568999,-0.0899960399,0.325073808,0.387364209,0.0654025897,0.904107153,0.117304415,-0.0742799565,0.028381139,0.314562649,-0.360015482,0.00935778767,0.967354834,-0.159424394,-0.0488674976,0.0391866788,-0.34890604,0.0829248279,0.00473432755,0.566723228,0.195716158,0.0221925769,-0.416009039,-0.149129763,0.114341736,0.469676822,0.321242094,0.025014516,0.0295715015,0.124568999,-0.0899960399,0.325073808,0.387364209,0.0654025897,0.904107153,0.117304415,-0.0742799565,0.028381139,0.314562649,-0.360015482,0.00935778767,0.967354834,-0.159424394,-0.0488674976,0.0391866788,-0.34890604,0.0829248279,0.00473432615,0.566723228,0.195716158,0.022192575,-0.416009039,-0.149129763,0.114341728,0.469676822,0.321242094,0.025014516,0.0295715015,0.124568999,-0.0899960399,0.325073808,0.387364209,0.0654025897,0.904107153,0.117304415,-0.0742799565,0.028381139,0.314562649,-0.360015482,0.00935778767,0.967354834,-0.159424394,-0.0488674976,0.0391866788
1.13091266,3188551.65,0,0,0.01036363,4.39211726e-06,1,0.176087022,0.0706453323,1,0.441440731,-0.00790681504,0.00612008478,0.897234678,0.286922604,-0.158344701,-0.0174949225,-0.999572456,0.429082841,1.52234461e-10,-0.40808934,-0.0226523932,0.0316979252,0.588147581,-0.201171815,0.0289384611,-0.45577997,-0.0435703844,0.088426888,0.458162576,-0.0186223965,0.0754858851,0.0252581928,-0.00819302071,0.0015758361,0.25930056,0.268109471,0.0214994457,0.920578122,0.113140985,-0.0635370016,0.00212989817,0.248096317,-0.311468244,0.0134321582,0.956115901,-0.164650396,-0.0499794371,0.0390426628,-1.30976892,-0.465605378,0.409842998,1.07153928,0.473283619,0.328268081,-0.608487666,-0.62234211,-0.083199583,-0.246044889,0.0124999834,0.0419874489,-0.0177862421,-0.397923052,0.163685337,-0.389513761,0.352049589,-0.00180410105,0.0478535928,0.22265318,0.0608653761,-0.0281088855,0.100025535,-0.0169267971,0.0641936436,0.120666757,0.123902686,-0.00598422112,0.00131029391,-0.387478024,0.0985339656,-9.40486789e-05,0.545421541,0.196472481,0.027955465,-0.416294008,-0.116275996,0.0949277133,0.476404846,0.250596762,0.0186426677,0.0313818306,0.142545447,-0.0778671205,0.324358404,0.377154946,0.0541759133,0.91096729,0.123898596,-0.0689500645,0.0219432265,0.308531374,-0.363582611,0.0108582266,0.964963198,-0.155176178,-0.052924633,0.037616007,-0.387478024,0.0985339656,-9.40486789e-05,0.545421541,0.196472481,0.0279554669,-0.416294008,-0.116275996,0.0949277133,0.476404846,0.250596762,0.0186426677,0.0313818306,0.142545447,-0.0778671205,0.324358404,0.377154946,0.0541759133,0.91096729,0.123898596,-0.0689500645,0.0219432246,0.308531374,-0.363582611,0.0108582266,0.964963198,-0.155176178,-0.052924633,0.037616007,-0.387478024,0.0985339656,-9.40486789e-05,0.545421541,0.196472481,0.027955465,-0.416294008,-0.116275996,0.0949277133,0.476404846,0.250596762,0.0186426677,0.0313818306,0.142545447,-0.0778671205,0.324358404,0.377154946,0.0541759133,0.91096729,0.123898596,-0.0689500645,0.0219432265,0.308531374,-0.363582611,0.0108582266,0.964963198,-0.155176178,-0.052924633,0.037616007
1.14095289,3188551.66,0,0,0.000370966736,2.52616592e-05,1,0.177644193,0.123127654,1,0.441702098,-0.00651977025,0.00682480354,0.897112131,0.180682391,-0.215035573,-0.0940244421,-0.999667048,0.429096103,1.12261374e-10,-0.420987636,-0.0267077796,0.0359559618,0.598676801,-0.196014822,0.0321920589,-0.462385654,-0.0489903241,0.0883773193,0.456501335,-0.0166946407,0.0764518902,0.0253178645,-0.0114954049,0.00368860783,0.254987895,0.271244287,0.0214775242,0.921578288,0.115514107,-0.0625592619,0.001879271,0.248997703,-0.311846584,0.01402032,0.957238019,-0.163194254,-0.0500507727,0.0390433781,-1.26938236,-0.316905588,0.421616137,1.0436672,0.535173059,0.318900734,-0.73941642,-0.410375684,0.129869029,-0.0411506854,0.447911918,0.186756015,0.0293949544,-0.230270997,0.265025824,-0.476663113,0.268229783,-0.0020398437,0.149966419,0.237067297,0.122875087,-0.0167752244,0.0623049363,-0.0632607341,0.0499896258,0.112609796,0.145044997,-0.00726937549,-0.000457685761,-0.387478024,0.0985339656,-9.40486789e-05,0.545421541,0.196472481,0.027955465,-0.416294008,-0.116275996,0.0949277133,0.476404846,0.250596762,0.0186426677,0.0313818306,0.142545447,-0.0778671205,0.324358404,0.377154946,0.0541759133,0.91096729,0.123898596,-0.0689500645,0.0219432265,0.308531374,-0.363582611,0.0108582266,0.964963198,-0.155176178,-0.052924633,0.037616007,-0.441911578,0.107085757,-0.00738638313,0.509340286,0.180515453,0.0390954018,-0.41351518,-0.0735972747,0.0689693093,0.495598763,0.127469108,0.0118414871,0.031788975,0.170203492,-0.0585671924,0.324217588,0.360753059,0.0394135714,0.922569454,0.134726927,-0.0608339235,0.0153602269,0.301765203,-0.367255867,0.0104068406,0.963034272,-0.147501901,-0.0603741817,0.0332063064,-0.441911578,0.107085757,-0.00738638267,0.509340286,0.180515453,0.0390954018,-0.41351518,-0.0735972747,0.0689693093,0.495598763,0.127469108,0.0118414871,0.031788975,0.170203492,-0.0585671961,0.324217588,0.360753059,0.0394135714,0.922569454,0.134726927,-0.0608339235,0.0153602213,0.301765203,-0.367255867,0.0104068406,0.963034272,-0.147501901,-0.0603741817,0.0332063064
1.15194171,3188551.67,0,0,0.0113597838,2.14749016e-05,1,0.177644193,0,1,0.442007929,-0.00528128864,0.00679676421,0.896969855,0.0662022457,-0.183016136,-0.00225087418,-0.999745488,0.42910707,8.03007244e-11,-0.433550149,-0.0293048024,0.0395349972,0.60848242,-0.190165669,0.0354184881,-0.470784247,-0.0521447025,0.0901735872,0.457678288,-0.00990052056,0.0782967582,0.0251519289,-0.0127525767,0.00649747439,0.249934629,0.273496002,0.0213688426,0.923597634,0.118167892,-0.0608732924,0.00175783259,0.249610886,-0.31264624,0.0144102648,0.958336592,-0.161294714,-0.0506110154,0.0388640836,-1.30163586,-0.258031964,0.28561914,0.931575835,0.627798975,0.332815319,-0.946332157,-0.298498571,0.145865783,0.234854594,0.756471992,0.115395784,-0.0821128041,-0.0746175274,0.218233213,-0.506905854,0.207421541,-0.0246126726,0.236264452,0.320659488,0.2041246,-0.0124871973,0.0873988271,-0.0843212754,0.0351053551,0.119560465,0.266647935,-0.124832138,-0.0423373133,-0.441911578,0.107085757,-0.00738638267,0.509340286,0.180515453,0.0390954018,-0.41351518,-0.0735972747,0.0689693093,0.495598763,0.127469108,0.0118414871,0.031788975,0.170203492,-0.0585671961,0.324217588,0.360753059,0.0394135714,0.922569454,0.134726927,-0.0608339235,0.0153602213,0.301765203,-0.367255867,0.0104068406,0.963034272,-0.147501901,-0.0603741817,0.0332063064,-0.441911578,0.107085757,-0.00738638313,0.509340286,0.180515453,0.0390954018,-0.41351518,-0.0735972747,0.0689693093,0.495598763,0.127469108,0.0118414871,0.031788975,0.170203492,-0.0585671924,0.324217588,0.360753059,0.0394135714,0.922569454,0.134726927,-0.0608339235,0.0153602269,0.301765203,-0.367255867,0.0104068406,0.963034272,-0.147501901,-0.0603741817,0.0332063064,-0.441911578,0.107085757,-0.00738638267,0.509340286,0.180515453,0.0390954018,-0.41351518,-0.0735972747,0.0689693093,0.495598763,0.127469108,0.0118414871,0.031788975,0.170203492,-0.0585671961,0.324217588,0.360753059,0.0394135714,0.922569454,0.134726927,-0.0608339235,0.0153602213,0.301765203,-0.367255867,0.0104068406,0.963034272,-0.147501901,-0.0603741817,0.0332063064
1.16293191,3188551.68,0,0,0.00243709609,1.12247653e-05,1,0.122576021,0.198798954,1,0.441489577,-0.00378492614,0.00632349728,0.897236109,0.0298006013,-0.335997343,0.154219314,-0.999803782,0.429115206,5.74392305e-11,-0.447810382,-0.0327450708,0.0418248698,0.618065715,-0.181759343,0.0394554809,-0.481564939,-0.0559442565,0.091109924,0.461366415,-8.2012175e-06,0.0784940794,0.0231709071,-0.0131904455,0.0102247074,0.243353814,0.275843352,0.020648744,0.926811516,0.122528404,-0.0577926636,0.00159921125,0.250808716,-0.313497901,0.0146650355,0.95965451,-0.157751903,-0.0527020805,0.0381070562,-1.07179964,-0.30783686,0.142452255,0.695075154,0.74911648,0.333694816,-0.819155872,-0.332870603,0.0418628715,0.320339888,0.862647533,-0.049472481,-0.201987922,-0.0225810353,0.404306859,-0.578632116,0.190974578,-0.0879839957,0.282924056,0.372533143,0.287993878,-0.0156603381,0.107780941,-0.0579636097,0.0142063769,0.0961618274,0.280325025,-0.182444245,-0.0687818751,-0.49814415,0.116207808,-0.00818080828,0.447328031,0.137381867,0.0642819256,-0.42326048,-0.0028815493,0.0374129266,0.531914055,-0.071329847,0.00377747463,0.0332367793,0.207407832,-0.0332023986,0.331316531,0.331559598,0.0218301639,0.93758291,0.148466706,-0.0517890006,0.00894279778,0.292352885,-0.375267565,0.0116777383,0.962778687,-0.140539944,-0.0690160468,0.0262040645,-0.49814412,0.116207808,-0.00818080828,0.447328031,0.137381867,0.0642819181,-0.42326048,-0.0028815493,0.0374129266,0.531914055,-0.071329847,0.00377747463,0.0332367793,0.207407832,-0.0332023986,0.331316531,0.331559598,0.021830162,0.93758291,0.148466706,-0.0517890044,0.00894279964,0.292352885,-0.375267565,0.0116777383,0.962778687,-0.140539944,-0.0690160468,0.0262040626,-0.49814415,0.116207808,-0.00818080828,0.447328031,0.137381867,0.0642819256,-0.42326048,-0.0028815493,0.0374129266,0.531914055,-0.071329847,0.00377747463,0.0332367793,0.207407832,-0.0332023986,0.331316531,0.331559598,0.0218301639,0.93758291,0.148466706,-0.0517890006,0.00894279778,0.292352885,-0.375267565,0.0116777383,0.962778687,-0.140539944,-0.0690160468,0.0262040645
1.17294378,3188551.69,0,0,0.0124489651,2.1642074e-05,1,0.122576021,0,1,0.440908551,-0.00249873893,0.00598524325,0.897528589,0.0653454959,-0.190936193,0.110947758,-0.999843657,0.429120719,4.23570762e-11,-0.458625674,-0.0358638428,0.0436253175,0.623322964,-0.173511535,0.0431168489,-0.492450565,-0.0597857833,0.0904094502,0.468822211,0.00207064743,0.073263675,0.0217047669,-0.0135622509,0.0131051959,0.237628192,0.277593404,0.0193650331,0.930097461,0.127118424,-0.054608468,0.00146744109,0.252492756,-0.314025491,0.0150724594,0.960858583,-0.154497251,-0.0553304739,0.0366030931,-1.10674274,-0.310393542,0.208834782,0.410223424,0.878160894,0.390299708,-1.30885923,-0.422295988,-0.160787925,1.0805912,-0.345560163,-0.86517632,-0.106059313,-0.0414128974,0.18890579,-0.565539479,0.157306433,-0.154205859,0.365807474,0.533633292,0.337306321,-0.00918720756,0.208193272,-0.0543957613,0.0631078184,0.144104958,0.36834392,-0.32979387,-0.217526332,-0.49814415,0.116207808,-0.00818080828,0.447328031,0.137381867,0.0642819256,-0.42326048,-0.0028815493,0.0374129266,0.531914055,-0.071329847,0.00377747463,0.0332367793,0.207407832,-0.0332023986,0.331316531,0.331559598,0.0218301639,0.93758291,0.148466706,-0.0517890006,0.00894279778,0.292352885,-0.375267565,0.0116777383,0.962778687,-0.140539944,-0.0690160468,0.0262040645,-0.49814412,0.116207808,-0.00818080828,0.447328031,0.137381867,0.0642819181,-0.42326048,-0.0028815493,0.0374129266,0.531914055,-0.071329847,0.00377747463,0.0332367793,0.207407832,-0.0332023986,0.331316531,0.331559598,0.021830162,0.93758291,0.148466706,-0.0517890044,0.00894279964,0.292352885,-0.375267565,0.0116777383,0.962778687,-0.140539944,-0.0690160468,0.0262040626,-0.49814415,0.116207808,-0.00818080828,0.447328031,0.137381867,0.0642819256,-0.42326048,-0.0028815493,0.0374129266,0.531914055,-0.071329847,0.00377747463,0.0332367793,0.207407832,-0.0332023986,0.331316531,0.331559598,0.0218301639,0.93758291,0.148466706,-0.0517890006,0.00894279778,0.292352885,-0.375267565,0.0116777383,0.962778687,-0.140539944,-0.0690160468,0.0262040645
1.18393506,3188551.7,0,0,0.00344818784,4.97279689e-06,1,0.114887953,0.130306453,1,0.440541446,-0.00179773953,0.00583887892,0.897711456,0.053676974,-0.260806084,0.154684037,-0.999876499,0.429125309,3.02980765e-11,-0.464799255,-0.0377754755,0.0447373651,0.625233889,-0.167980358,0.0454679094,-0.500116467,-0.0624512173,0.0891282633,0.475615382,-0.00115905632,0.0676659867,0.0209641587,-0.0137045672,0.0145293837,0.234186724,0.278414816,0.0183407255,0.932394147,0.130485505,-0.0525075309,0.0014281855,0.253716499,-0.31434688,0.015481079,0.961752295,-0.152336165,-0.0573789254,0.0351815633,-0.980028212,-0.323067248,0.169816017,0.275245488,0.942592084,0.389822185,-1.23527694,-0.451457024,-0.231850684,1.12409317,-0.590097249,-0.938468218,-0.136237964,-0.0139231794,0.274846792,-0.577452302,0.127155706,-0.178265899,0.387907177,0.567639351,0.355533063,-0.00546507211,0.197955281,-0.052133631,0.0683614761,0.149187297,0.349386871,-0.339310348,-0.239767894,-0.576195717,0.128550217,-0.00545819476,0.375789881,0.069898054,0.106822878,-0.406671941,0.0844544768,0.00521089882,0.636063337,-0.201636299,0.00826725364,0.0304648876,0.260142684,-0.0285361521,0.351124018,0.301561683,0.00876243412,0.948102832,0.15477182,-0.0384685993,0.00162090361,0.292530626,-0.386850446,0.0159357488,0.964677811,-0.130444393,-0.0772306398,0.0154255256,-0.576195717,0.128550217,-0.00545819616,0.375789881,0.069898054,0.106822878,-0.406671941,0.0844544768,0.00521089789,0.636063337,-0.201636299,0.00826725364,0.0304648876,0.260142684,-0.0285361521,0.351124018,0.301561683,0.0087624304,0.948102832,0.15477182,-0.0384685956,0.00162089779,0.292530626,-0.386850446,0.0159357488,0.964677811,-0.130444393,-0.0772306398,0.0154255265,-0.576195717,0.128550217,-0.00545819476,0.375789881,0.069898054,0.106822878,-0.406671941,0.0844544768,0.00521089882,0.636063337,-0.201636299,0.00826725364,0.0304648876,0.260142684,-0.0285361521,0.351124018,0.301561683,0.00876243412,0.948102832,0.15477182,-0.0384685993,0.00162090361,0.292530626,-0.386850446,0.0159357488,0.964677811,-0.130444393,-0.0772306398,0.0154255256
1.19494384,3188551.71,0,0,0.0144569748,1.95079483e-05,1,0.114887953,0,1,0.439783752,-0.00101256254,0.00528518576,0.898087561,-0.134408131,-0.143502474,0.145443127,-0.999900758,0.429128647,2.16722577e-11,-0.482188463,-0.0411934666,0.0474458337,0.627339303,-0.151511133,0.0524364784,-0.529089689,-0.0656776354,0.0882003084,0.51216507,-0.0469203331,0.0549594536,0.0188428815,-0.0122035835,0.0161957983,0.22676605,0.279340178,0.015110366,0.937595665,0.139874876,-0.0453238338,0.00138498773,0.256653041,-0.315913588,0.0185479857,0.964712977,-0.144900873,-0.0641167089,0.0287480652,-1.04602194,-0.123242371,0.0679506063,0.0548311993,1.08798587,0.435456723,-1.91048062,0.0153429387,0.000636456651,2.75568676,-3.36143398,-0.936531544,-0.211003646,0.24821566,0.157811046,-0.418695778,-0.00458883774,-0.229228497,0.294294029,0.554832339,0.498358637,-0.00128149847,0.12508373,-0.135414749,0.239637151,0.189079106,0.491244972,-0.433918774,-0.462275118,-0.576195717,0.128550217,-0.00545819476,0.375789881,0.069898054,0.106822878,-0.406671941,0.0844544768,0.00521089882,0.636063337,-0.201636299,0.00826725364,0.0304648876,0.260142684,-0.0285361521,0.351124018,0.301561683,0.00876243412,0.948102832,0.15477182,-0.0384685993,0.00162090361,0.292530626,-0.386850446,0.0159357488,0.964677811,-0.130444393,-0.0772306398,0.0154255256,-0.576195717,0.128550217,-0.00545819616,0.375789881,0.069898054,0.106822878,-0.406671941,0.0844544768,0.00521089789,0.636063337,-0.201636299,0.00826725364,0.0304648876,0.260142684,-0.0285361521,0.351124018,0.301561683,0.0087624304,0.948102832,0.15477182,-0.0384685956,0.00162089779,0.292530626,-0.386850446,0.0159357488,0.964677811,-0.130444393,-0.0772306398,0.0154255265,-0.576195717,0.128550217,-0.00545819476,0.375789881,0.069898054,0.106822878,-0.406671941,0.0844544768,0.00521089882,0.636063337,-0.201636299,0.00826725364,0.0304648876,0.260142684,-0.0285361521,0.351124018,0.301561683,0.00876243412,0.948102832,0.15477182,-0.0384685993,0.00162090361,0.292530626,-0.386850446,0.0159357488,0.964677811,-0.130444393,-0.0772306398,0.0154255256
1.20494426,3188551.72,0,0,0.00449427217,2.18790956e-05,1,0.105162151,0.152544022,1,0.438823432,-0.00026564984,0.00363489031,0.898565948,-0.272704601,-0.35797587,0.246049464,-0.999917209,0.429130942,1.59816466e-11,-0.490927011,-0.0419014655,0.0469038822,0.627145231,-0.140147105,0.0563447401,-0.544690371,-0.0644895658,0.0859097317,0.537516892,-0.0761284158,0.0461960286,0.0160463266,-0.0085257329,0.0194073133,0.222667664,0.278882027,0.0124725886,0.940608919,0.144766048,-0.0404069573,0.0013583519,0.2575652,-0.3172566,0.0205300972,0.966363668,-0.140836865,-0.0677351728,0.0247636084,-0.756210446,-0.0468596034,-0.110398084,-0.0849161074,1.17159247,0.358784854,-1.30365348,0.150983587,-0.501428246,2.39809179,-2.75741458,-0.821006238,-0.302073628,0.414574891,0.403907955,-0.390570283,-0.0627862513,-0.287821919,0.302860856,0.443125635,0.479759127,-0.00517409248,0.0867938995,-0.121438749,0.166187569,0.149725661,0.344258577,-0.307966888,-0.347045362,-0.66590786,0.152184069,0.000467550009,0.308106989,-0.0112879723,0.138832554,-0.380579501,0.127043545,-0.0279260799,0.788607359,-0.249422759,0.0133740492,0.0332932472,0.312365204,-0.0437389761,0.38123399,0.277130932,-0.000800207257,0.959728062,0.154359058,-0.0235317051,-0.00535805523,0.279953212,-0.384445608,0.0224099457,0.966026843,-0.121485367,-0.0835241005,0.00485738181,-0.66590786,0.152184069,0.000467549544,0.308106989,-0.0112879723,0.138832554,-0.380579501,0.127043545,-0.0279260799,0.788607359,-0.249422759,0.0133740492,0.0332932472,0.312365204,-0.0437389761,0.38123399,0.277130932,-0.00080020586,0.959728062,0.154359058,-0.0235317051,-0.00535804965,0.279953212,-0.384445608,0.0224099457,0.966026843,-0.121485367,-0.0835241005,0.00485738181,-0.66590786,0.152184069,0.000467550009,0.308106989,-0.0112879723,0.138832554,-0.380579501,0.127043545,-0.0279260799,0.788607359,-0.249422759,0.0133740492,0.0332932472,0.312365204,-0.0437389761,0.38123399,0.277130932,-0.000800207257,0.959728062,0.154359058,-0.0235317051,-0.00535805523,0.279953212,-0.384445608,0.0224099457,0.966026843,-0.121485367,-0.0835241005,0.00485738181
1.21591245,3188551.73,0,0,0.0154624633,4.472211e-06,1,0.105162151,0,1,0.438240856,-0.000194928056,0.00218051486,0.898854911,-0.262200326,-0.0977273807,0.0903656483,-0.999930918,0.429132849,1.1431695e-11,-0.502031565,-0.0417991094,0.0472701304,0.624128163,-0.125078455,0.0607310794,-0.568481147,-0.060814783,0.0762262642,0.591935933,-0.118903801,0.0384731144,0.0139150592,-0.00446518976,0.0199957229,0.220583066,0.278194606,0.0087211756,0.942788243,0.148913667,-0.0340228975,0.000884549983,0.259208202,-0.318255126,0.0234820303,0.968833387,-0.135648087,-0.0716913491,0.0191479921,-0.908801615,0.0752701759,0.00723730633,-0.324344814,1.2952553,0.346088946,-2.01509356,0.467606366,-1.0180521,5.22600555,-3.31106925,-0.552780807,-0.168850824,0.401729584,0.00526121631,-0.0889593214,-0.0967662036,-0.309521675,0.146957323,0.284482569,0.536807418,-0.0517437458,0.122702606,-0.0760850236,0.260820597,0.229345992,0.443004757,-0.315445364,-0.494553089,-0.66590786,0.152184069,0.000467550009,0.308106989,-0.0112879723,0.138832554,-0.380579501,0.127043545,-0.0279260799,0.788607359,-0.249422759,0.0133740492,0.0332932472,0.312365204,-0.0437389761,0.38123399,0.277130932,-0.000800207257,0.959728062,0.154359058,-0.0235317051,-0.00535805523,0.279953212,-0.384445608,0.0224099457,0.966026843,-0.121485367,-0.0835241005,0.00485738181,-0.66590786,0.152184069,0.000467549544,0.308106989,-0.0112879723,0.138832554,-0.380579501,0.127043545,-0.0279260799,0.788607359,-0.249422759,0.0133740492,0.0332932472,0.312365204,-0.0437389761,0.38123399,0.277130932,-0.00080020586,0.959728062,0.154359058,-0.0235317051,-0.00535804965,0.279953212,-0.384445608,0.0224099457,0.966026843,-0.121485367,-0.0835241005,0.00485738181,-0.66590786,0.152184069,0.000467550009,0.308106989,-0.0112879723,0.138832554,-0.380579501,0.127043545,-0.0279260799,0.788607359,-0.249422759,0.0133740492,0.0332932472,0.312365204,-0.0437389761,0.38123399,0.277130932,-0.000800207257,0.959728062,0.154359058,-0.0235317051,-0.00535805523,0.279953212,-0.384445608,0.0224099457,0.966026843,-0.121485367,-0.0835241005,0.00485738181
1.22691806,3188551.74,0,0,0.00640450791,4.55277041e-06,1,0.113031827,0.126150966,1,0.437665194,-0.000255845924,2.24153009e-05,0.899137974,-0.419738263,-0.147358328,0.12669237,-0.999941051,0.42913425,8.17710656e-12,-0.509877443,-0.0400373563,0.0460886993,0.620162845,-0.11174728,0.0637482703,-0.584443331,-0.0536437258,0.0643644631,0.642328143,-0.146157861,0.0337018259,0.0118550025,0.00118334533,0.0207739305,0.220180854,0.27640143,0.00586746866,0.944521844,0.151213035,-0.0290376488,0.000269613753,0.26011163,-0.31900388,0.0257711541,0.971176505,-0.131747663,-0.07418634,0.0147543801,-0.774686575,0.206898868,-0.139589891,-0.476727545,1.37313235,0.280914307,-1.52339828,0.809516549,-1.31609333,5.27422237,-2.79967523,-0.427963793,-0.209319159,0.598351777,0.00877706427,0.0395553485,-0.210033372,-0.265176356,0.171567321,0.191992491,0.466543615,-0.0877983496,0.0872164965,-0.0624222457,0.236436412,0.227135107,0.3843126,-0.184535012,-0.405793309,-0.736092627,0.171562314,0.0045565255,0.278897405,-0.104648106,0.147632763,-0.370631397,0.0811234117,-0.0392841175,0.914758325,-0.301423788,0.0141366236,0.0359520391,0.334141344,-0.0616040006,0.401940435,0.276388407,-0.000876627862,0.970205784,0.154258713,-0.016123578,-0.0116194189,0.239894167,-0.372259229,0.0317807421,0.953181803,-0.114015475,-0.081532307,0.001963811,-0.736092627,0.171562314,0.00455652643,0.278897405,-0.104648106,0.147632763,-0.370631397,0.0811234117,-0.0392841175,0.914758325,-0.301423788,0.0141366236,0.0359520391,0.334141344,-0.0616039969,0.401940435,0.276388407,-0.000876625068,0.970205784,0.154258713,-0.0161235761,-0.011619417,0.239894167,-0.372259229,0.0317807421,0.953181803,-0.114015475,-0.081532307,0.00196381123,-0.736092627,0.171562314,0.0045565255,0.278897405,-0.104648106,0.147632763,-0.370631397,0.0811234117,-0.0392841175,0.914758325,-0.301423788,0.0141366236,0.0359520391,0.334141344,-0.0616040006,0.401940435,0.276388407,-0.000876627862,0.970205784,0.154258713,-0.016123578,-0.0116194189,0.239894167,-0.372259229,0.0317807421,0.953181803,-0.114015475,-0.081532307,0.001963811
1.23791423,3188551.75,0,0,0.0174006838,4.7008507e-06,1,0.113031827,0,1,0.437211573,-0.00101035426,-0.0016353199,0.899356604,-0.388031393,-0.015794469,0.110703543,-0.999948502,0.429135233,5.84909551e-12,-0.518283725,-0.0382074118,0.0452412143,0.613787949,-0.0971991345,0.0664181784,-0.601243019,-0.0457779281,0.0486624651,0.703937769,-0.178465962,0.0300793126,0.00986674801,0.00660060719,0.0186546165,0.222282693,0.274148256,0.003615533,0.945947945,0.152554199,-0.0250034928,-0.00131885358,0.260958284,-0.319371969,0.0287548099,0.973111987,-0.127478287,-0.0751397982,0.0110654896,-0.795515239,0.200617105,-0.109631285,-0.714445591,1.49288011,0.25106734,-1.51420426,0.832194149,-1.70391333,6.24546528,-2.98506737,-0.319633275,-0.206501588,0.582872152,-0.218232065,0.258274287,-0.263634592,-0.201425925,0.159152806,0.103075258,0.35771063,-0.190189451,0.0589955673,-0.0300024208,0.301059932,0.167428896,0.420077413,-0.0551221222,-0.332164288,-0.736092627,0.171562314,0.0045565255,0.278897405,-0.104648106,0.147632763,-0.370631397,0.0811234117,-0.0392841175,0.914758325,-0.301423788,0.0141366236,0.0359520391,0.334141344,-0.0616040006,0.401940435,0.276388407,-0.000876627862,0.970205784,0.154258713,-0.016123578,-0.0116194189,0.239894167,-0.372259229,0.0317807421,0.953181803,-0.114015475,-0.081532307,0.001963811,-0.736092627,0.171562314,0.00455652643,0.278897405,-0.104648106,0.147632763,-0.370631397,0.0811234117,-0.0392841175,0.914758325,-0.301423788,0.0141366236,0.0359520391,0.334141344,-0.0616039969,0.401940435,0.276388407,-0.000876625068,0.970205784,0.154258713,-0.0161235761,-0.011619417,0.239894167,-0.372259229,0.0317807421,0.953181803,-0.114015475,-0.081532307,0.00196381123,-0.736092627,0.171562314,0.0045565255,0.278897405,-0.104648106,0.147632763,-0.370631397,0.0811234117,-0.0392841175,0.914758325,-0.301423788,0.0141366236,0.0359520391,0.334141344,-0.0616040006,0.401940435,0.276388407,-0.000876627862,0.970205784,0.154258713,-0.016123578,-0.0116194189,0.239894167,-0.372259229,0.0317807421,0.953181803,-0.114015475,-0.081532307,0.001963811
1.24794201,3188551.76,0,0,0.00746474788,2.19070353e-05,1,0.105571933,0.128723055,1,0.436620384,-0.00171875197,-0.00390391727,0.899635732,-0.462789655,-0.0595986247,0.126947403,-0.999953568,0.429135829,4.31326459e-12,-0.525081933,-0.0355945043,0.0433956459,0.605596364,-0.0818011463,0.0686077327,-0.611271799,-0.0359102935,0.0308745001,0.760807097,-0.203514948,0.0274411887,0.00789911114,0.013602403,0.0169496555,0.225124791,0.270739555,0.0017875632,0.948096931,0.15325959,-0.0220311526,-0.00348653458,0.261265099,-0.319584966,0.0313282982,0.974380434,-0.123896211,-0.0752657801,0.00844594557,-0.629760504,0.258351982,-0.180773422,-0.934329271,1.58550656,0.194634914,-0.77449584,0.999592721,-1.85020912,5.48883343,-2.63314462,-0.229163527,-0.1793015,0.700558424,-0.208630994,0.342244774,-0.372226775,-0.159962147,0.224244997,0.0488963276,0.255415648,-0.242546901,0.0146562699,0.00206942577,0.230231658,0.0946835056,0.322136164,0.0563455038,-0.213445634,-0.765746057,0.179170698,-0.00859197229,0.254404992,-0.233371153,0.129662618,-0.378128082,0.0147134103,-0.0402494632,0.980108023,-0.369568467,0.0147479866,0.0412952378,0.316681504,-0.0602013767,0.414147884,0.286667287,0.00833691657,0.975414753,0.149372846,-0.0135915056,-0.0111118406,0.191055447,-0.357228965,0.0324580967,0.932145536,-0.111447088,-0.0732110292,0.00181583874,-0.765746057,0.179170698,-0.00859197415,0.254404992,-0.233371153,0.129662618,-0.378128082,0.0147134103,-0.0402494632,0.980108023,-0.369568467,0.0147479866,0.0412952378,0.316681504,-0.060201373,0.414147884,0.286667287,0.00833692029,0.975414753,0.149372846,-0.0135915074,-0.0111118425,0.191055447,-0.357228965,0.0324580967,0.932145536,-0.111447088,-0.0732110292,0.00181583804,-0.765746057,0.179170698,-0.00859197229,0.254404992,-0.233371153,0.129662618,-0.378128082,0.0147134103,-0.0402494632,0.980108023,-0.369568467,0.0147479866,0.0412952378,0.316681504,-0.0602013767,0.414147884,0.286667287,0.00833691657,0.975414753,0.149372846,-0.0135915056,-0.0111118406,0.191055447,-0.357228965,0.0324580967,0.932145536,-0.111447088,-0.0732110292,0.00181583874
1.25894186,3188551.78,0,0,0.0184645928,2.18367204e-05,1,0.105571933,0,1,0.436037213,-0.00281356391,-0.00567141687,0.899906397,-0.321045637,0.0650318712,0.091354005,-0.9999578,0.429136366,3.08528463e-12,-0.532182992,-0.0335721523,0.0423487686,0.591219425,-0.0614862479,0.0705645382,-0.617899418,-0.0260335691,0.00665325811,0.825644374,-0.241098389,0.025322469,0.0061882711,0.0205100309,0.0124946255,0.231180683,0.265943497,0.000606308109,0.950356245,0.153545588,-0.0199181046,-0.00701144058,0.260895967,-0.318850309,0.0335925668,0.974884331,-0.120558187,-0.0725659654,0.00675588427,-0.550410628,0.159104645,-0.055818446,-1.33407533,1.74856973,0.148112819,-0.257276207,0.802499652,-2.05441546,4.99199343,-2.86416101,-0.141759843,-0.101809897,0.565636337,-0.427577913,0.576061487,-0.442114234,-0.0733318925,0.189816356,0.0122784711,0.124818042,-0.310326159,-0.0696490258,0.0810896456,0.15149644,0.018222427,0.23613438,0.281271815,-0.098643437,-0.765746057,0.179170698,-0.00859197229,0.254404992,-0.233371153,0.129662618,-0.378128082,0.0147134103,-0.0402494632,0.980108023,-0.369568467,0.0147479866,0.0412952378,0.316681504,-0.0602013767,0.414147884,0.286667287,0.00833691657,0.975414753,0.149372846,-0.0135915056,-0.0111118406,0.191055447,-0.357228965,0.0324580967,0.932145536,-0.111447088,-0.0732110292,0.00181583874,-0.765746057,0.179170698,-0.00859197415,0.254404992,-0.233371153,0.129662618,-0.378128082,0.0147134103,-0.0402494632,0.980108023,-0.369568467,0.0147479866,0.0412952378,0.316681504,-0.060201373,0.414147884,0.286667287,0.00833692029,0.975414753,0.149372846,-0.0135915074,-0.0111118425,0.191055447,-0.357228965,0.0324580967,0.932145536,-0.111447088,-0.0732110292,0.00181583804,-0.765746057,0.179170698,-0.00859197229,0.254404992,-0.233371153,0.129662618,-0.378128082,0.0147134103,-0.0402494632,0.980108023,-0.369568467,0.0147479866,0.0412952378,0.316681504,-0.0602013767,0.414147884,0.286667287,0.00833691657,0.975414753,0.149372846,-0.0135915056,-0.0111118406,0.191055447,-0.357228965,0.0324580967,0.932145536,-0.111447088,-0.0732110292,0.00181583874
1.26994361,3188551.79,0,0,0.00945379632,2.18013301e-05,1,0.11763582,0.1830322,1,0.435707927,-0.00378922862,-0.00690247165,0.90005368,-0.238774046,0.0319276787,0.0668751746,-0.99996078,0.429136693,2.2069087e-12,-0.536961138,-0.0318760909,0.0421811193,0.576534271,-0.0437307954,0.0717686415,-0.616042793,-0.0176742245,-0.0132219624,0.868461192,-0.267795295,0.0241804067,0.00560918776,0.0261788573,0.00809237827,0.237654954,0.261030167,1.45514214e-05,0.952099144,0.153593764,-0.0190426726,-0.0100634135,0.259536624,-0.317812681,0.0346676074,0.974695146,-0.11885649,-0.0693029612,0.00600237539,-0.365592301,0.138089716,0.0596353859,-1.59739983,1.75669968,0.0680982918,0.48696965,0.765187263,-1.96101618,3.92215753,-3.01078033,-0.106149912,-0.0460681543,0.488195568,-0.39310348,0.701506853,-0.49973914,-0.0405014716,0.124987483,0.000210802871,0.0800904259,-0.29972297,-0.20869562,0.151788235,0.0732581392,-0.0824136883,0.11207702,0.44088164,-0.0835027024,-0.746508181,0.177892298,-0.0397477485,0.224086791,-0.416403353,0.0799910277,-0.394113183,-0.026053166,-0.0382014774,0.993910372,-0.430009276,0.0140044782,0.0442452207,0.274726212,-0.0474613346,0.416277528,0.293844879,0.0193004981,0.970949769,0.147836387,-0.0106359348,-0.00907604396,0.155355647,-0.345028996,0.0320672691,0.913159072,-0.119041562,-0.0626851395,-0.00112039596,-0.746508181,0.177892298,-0.0397477485,0.224086791,-0.416403353,0.0799910203,-0.394113183,-0.026053166,-0.0382014774,0.993910372,-0.430009276,0.0140044782,0.0442452207,0.274726212,-0.0474613346,0.416277528,0.293844879,0.0193004962,0.970949769,0.147836387,-0.0106359366,-0.00907605141,0.155355647,-0.345028996,0.0320672691,0.913159072,-0.119041562,-0.0626851395,-0.00112039503,-0.746508181,0.177892298,-0.0397477485,0.224086791,-0.416403353,0.0799910277,-0.394113183,-0.026053166,-0.0382014774,0.993910372,-0.430009276,0.0140044782,0.0442452207,0.274726212,-0.0474613346,0.416277528,0.293844879,0.0193004981,0.970949769,0.147836387,-0.0106359348,-0.00907604396,0.155355647,-0.345028996,0.0320672691,0.913159072,-0.119041562,-0.0626851395,-0.00112039596
1.28091567,3188551.8,0,0,0.000419264194,5.57117164e-06,1,0.124034006,0.192624032,1,0.435465068,-0.00417904276,-0.00740981475,0.900165439,-0.124537334,0.0544345602,0.0703048557,-0.999962986,0.429137021,1.57860498e-12,-0.539295912,-0.0308863949,0.0437082015,0.562786222,-0.0302743446,0.0720118582,-0.609600663,-0.0122186672,-0.0283767767,0.896027863,-0.292776316,0.0234621596,0.00536959479,0.0293108597,0.00492268009,0.243840843,0.256983519,-0.00017231681,0.952687025,0.153571382,-0.0184649751,-0.0123928403,0.257291138,-0.316142529,0.0350272954,0.973397315,-0.118353903,-0.0649455637,0.00521390839,-0.285058856,0.130944565,0.262567818,-1.76689005,1.63068664,0.0183368605,0.976546824,0.658172131,-1.83909583,3.12471938,-2.9933064,-0.0764059871,-0.0206425469,0.3558411,-0.429197371,0.818200946,-0.514588833,-0.0162091125,0.0513366424,-0.00397897605,0.0656087548,-0.285425812,-0.313570857,0.233089507,0.0326521546,-0.199197978,0.0413413197,0.569380343,-0.102083281,-0.746508181,0.177892298,-0.0397477485,0.224086791,-0.416403353,0.0799910277,-0.394113183,-0.026053166,-0.0382014774,0.993910372,-0.430009276,0.0140044782,0.0442452207,0.274726212,-0.0474613346,0.416277528,0.293844879,0.0193004981,0.970949769,0.147836387,-0.0106359348,-0.00907604396,0.155355647,-0.345028996,0.0320672691,0.913159072,-0.119041562,-0.0626851395,-0.00112039596,-0.691477358,0.17459628,-0.0697303414,0.212856948,-0.609027386,0.0143335881,-0.406550139,-0.0442134626,-0.027752988,0.96591711,-0.475187302,0.0263937972,0.0489875302,0.23533693,-0.0509137325,0.418660313,0.288446277,0.0241888035,0.966748714,0.146249741,-0.00689245434,-0.00549183972,0.142295644,-0.345690638,0.033959657,0.905571282,-0.136616021,-0.0529541187,-0.00385225564,-0.691477358,0.17459628,-0.0697303414,0.212856948,-0.609027386,0.0143335909,-0.406550139,-0.0442134626,-0.027752988,0.96591711,-0.475187302,0.0263937972,0.0489875302,0.23533693,-0.0509137325,0.418660313,0.288446277,0.0241888016,0.966748714,0.146249741,-0.0068924576,-0.00549183786,0.142295644,-0.345690638,0.033959657,0.905571282,-0.136616021,-0.0529541187,-0.00385225564
1.2909418,3188551.81,0,0,0.010445395,2.16620974e-05,1,0.124034006,0,1,0.434746504,-0.00383942714,-0.00706070336,0.900516987,0.237734288,-0.0241851211,0.125496298,-0.999964416,0.42913723,1.16410137e-12,-0.542752385,-0.031881731,0.0481734127,0.541568935,-0.0260031354,0.0694807023,-0.58685571,-0.00509057613,-0.0498153381,0.924149334,-0.335623324,0.0234371778,0.00546003785,0.0311533939,0.00052021048,0.255217791,0.249609128,-0.000260839326,0.953019261,0.153485104,-0.0170298424,-0.0155516081,0.250939786,-0.311547667,0.0353847891,0.969333768,-0.121772639,-0.055354327,0.00318961591,-0.261725336,-0.26119256,0.364843249,-1.36324978,-0.646295905,-0.25983417,2.00287032,0.399342418,-1.22528923,1.2263298,-2.97493935,0.0250091664,0.0593763925,-0.0665759742,-0.311200529,0.817254484,-0.532163501,-0.0024189679,0.0124614332,-0.00696018338,0.137996182,-0.182304069,-0.531722426,0.393529266,0.036947187,-0.33541733,-0.412132233,0.711558282,-0.161495745,-0.691477358,0.17459628,-0.0697303414,0.212856948,-0.609027386,0.0143335909,-0.406550139,-0.0442134626,-0.027752988,0.96591711,-0.475187302,0.0263937972,0.0489875302,0.23533693,-0.0509137325,0.418660313,0.288446277,0.0241888016,0.966748714,0.146249741,-0.0068924576,-0.00549183786,0.142295644,-0.345690638,0.033959657,0.905571282,-0.136616021,-0.0529541187,-0.00385225564,-0.691477358,0.17459628,-0.0697303414,0.212856948,-0.609027386,0.0143335881,-0.406550139,-0.0442134626,-0.027752988,0.96591711,-0.475187302,0.0263937972,0.0489875302,0.23533693,-0.0509137325,0.418660313,0.288446277,0.0241888035,0.966748714,0.146249741,-0.00689245434,-0.00549183972,0.142295644,-0.345690638,0.033959657,0.905571282,-0.136616021,-0.0529541187,-0.00385225564,-0.691477358,0.17459628,-0.0697303414,0.212856948,-0.609027386,0.0143335909,-0.406550139,-0.0442134626,-0.027752988,0.96591711,-0.475187302,0.0263937972,0.0489875302,0.23533693,-0.0509137325,0.418660313,0.288446277,0.0241888016,0.966748714,0.146249741,-0.0068924576,-0.00549183786,0.142295644,-0.345690638,0.033959657,0.905571282,-0.136616021,-0.0529541187,-0.00385225564
1.30094938,3188551.82,0,0,0.000460220966,2.05943361e-05,1,0.116816722,0.100236893,1,0.434300333,-0.00344312377,-0.00513736298,0.900746882,0.464868873,0.176727876,0.0890008509,-0.999965608,0.42913723,8.58436531e-13,-0.546233356,-0.0359207988,0.0525486767,0.52760613,-0.0362069756,0.0674078763,-0.565573752,-0.00167394069,-0.0586912334,0.931342006,-0.36171934,0.0236536972,0.00692983996,0.029013982,-0.00413155649,0.263852805,0.244160995,-0.000279704371,0.953116655,0.153411314,-0.0155462837,-0.0171394777,0.245352387,-0.307410002,0.0359950885,0.965790689,-0.125694528,-0.0494697243,0.00183180498,-0.41079399,-0.493281573,0.475337565,-1.42601693,-1.21129918,-0.165858641,2.18533564,0.304271907,-0.677511334,0.445829958,-2.39420652,0.0201081187,0.197551489,-0.294562727,-0.56262809,0.892159998,-0.556107104,-0.00179748959,0.00972644147,-0.00787046831,0.147291705,-0.144702628,-0.579009235,0.416461408,0.0762162134,-0.369055361,-0.35800001,0.492827415,-0.114733942,-0.691477358,0.17459628,-0.0697303414,0.212856948,-0.609027386,0.0143335909,-0.406550139,-0.0442134626,-0.027752988,0.96591711,-0.475187302,0.0263937972,0.0489875302,0.23533693,-0.0509137325,0.418660313,0.288446277,0.0241888016,0.966748714,0.146249741,-0.0068924576,-0.00549183786,0.142295644,-0.345690638,0.033959657,0.905571282,-0.136616021,-0.0529541187,-0.00385225564,-0.591240466,0.206560925,-0.102550231,0.24699381,-0.691883683,-0.0551793016,-0.429965764,-0.0543749258,-0.00931558199,0.892251909,-0.501997948,0.0587099083,0.0426549502,0.211013392,-0.0686350018,0.393088311,0.279981941,0.0243314225,0.950848341,0.147229373,-0.0117409201,0.000698019052,0.159932166,-0.34641704,0.027872663,0.904782832,-0.15293026,-0.0473063178,-0.00948971324,-0.591240466,0.206560925,-0.102550231,0.24699381,-0.691883683,-0.0551793016,-0.429965764,-0.0543749258,-0.00931558199,0.892251909,-0.501997948,0.0587099046,0.0426549502,0.211013392,-0.0686350018,0.393088311,0.279981941,0.0243314207,0.950848341,0.147229373,-0.0117409229,0.000698015094,0.159932166,-0.34641704,0.027872663,0.904782832,-0.15293026,-0.0473063178,-0.00948971324
1.31191241,3188551.83,0,0,0.0114232567,4.45591286e-06,1,0.116816722,0,1,0.433727652,-0.00304647605,-0.00252535217,0.901035309,0.481843412,0.0386990681,0.192903578,-0.999966264,0.42913723,6.14040828e-13,-0.55063343,-0.0419645719,0.0564624928,0.514767528,-0.0537596568,0.0648620203,-0.540668309,0.00139918784,-0.0627119616,0.929274976,-0.384053856,0.0266222898,0.00898826774,0.0259282105,-0.00903552957,0.272337109,0.238154441,-0.000294237485,0.953447521,0.153328344,-0.0140131712,-0.0181858633,0.238812327,-0.303430825,0.0366820619,0.961522043,-0.129981562,-0.0456047766,0.000551954319,-0.40734306,-0.664560974,0.251771033,-1.05566561,-2.35004449,-0.412856728,2.8852036,0.353767753,-0.229995266,-0.926969886,-2.21259952,0.658903897,0.175949469,-0.260972828,-0.303614467,0.762619853,-0.646790028,-0.000944708649,0.0632453114,-0.00805732235,0.175899327,-0.0644123033,-0.726444423,0.382119596,0.0450474136,-0.486201465,-0.581208229,0.352059603,-0.172594815,-0.591240466,0.206560925,-0.102550231,0.24699381,-0.691883683,-0.0551793016,-0.429965764,-0.0543749258,-0.00931558199,0.892251909,-0.501997948,0.0587099046,0.0426549502,0.211013392,-0.0686350018,0.393088311,0.279981941,0.0243314207,0.950848341,0.147229373,-0.0117409229,0.000698015094,0.159932166,-0.34641704,0.027872663,0.904782832,-0.15293026,-0.0473063178,-0.00948971324,-0.591240466,0.206560925,-0.102550231,0.24699381,-0.691883683,-0.0551793016,-0.429965764,-0.0543749258,-0.00931558199,0.892251909,-0.501997948,0.0587099083,0.0426549502,0.211013392,-0.0686350018,0.393088311,0.279981941,0.0243314225,0.950848341,0.147229373,-0.0117409201,0.000698019052,0.159932166,-0.34641704,0.027872663,0.904782832,-0.15293026,-0.0473063178,-0.00948971324,-0.591240466,0.206560925,-0.102550231,0.24699381,-0.691883683,-0.0551793016,-0.429965764,-0.0543749258,-0.00931558199,0.892251909,-0.501997948,0.0587099046,0.0426549502,0.211013392,-0.0686350018,0.393088311,0.279981941,0.0243314207,0.950848341,0.147229373,-0.0117409229,0.000698015094,0.159932166,-0.34641704,0.027872663,0.904782832,-0.15293026,-0.0473063178,-0.00948971324
1.32194531,3188551.84,0,0,0.00145432213,2.16751359e-05,1,0.118582044,0.130531132,1,0.43293646,-0.00220638001,5.94139019e-05,0.901421726,0.599566877,0.14803727,0.1381585,-0.99996686,0.42913723,4.52808445e-13,-0.555252314,-0.0494143106,0.0586916544,0.504979312,-0.0813665017,0.060060516,-0.510259151,0.00501111755,-0.0620257221,0.91437906,-0.404812455,0.032710202,0.0114007629,0.022909753,-0.0122764083,0.27977246,0.231412232,-0.00031050056,0.954249442,0.153250679,-0.0120878248,-0.0185192972,0.231266722,-0.299742252,0.0369340628,0.95611912,-0.136358514,-0.042877581,-0.00135108677,-0.526683033,-0.794031501,0.253771901,-0.996758163,-2.90224147,-0.481693357,3.01716685,0.342327744,0.270983428,-1.68037522,-1.95880699,0.51320672,0.307533652,-0.356641799,-0.409839243,0.760948658,-0.681591034,-0.00214322261,0.0820861459,-0.00796686672,0.194227472,-0.0198120736,-0.760471344,0.360015363,0.0166381076,-0.565574348,-0.620302737,0.21136494,-0.185150057,-0.469018757,0.230964169,-0.113229372,0.306148529,-0.689785659,-0.122383617,-0.467856765,-0.0887174383,0.026756227,0.761720777,-0.472017527,0.0799453333,0.0275273453,0.189639375,-0.101688847,0.315993577,0.281018704,0.0243209004,0.915198743,0.153827518,-0.0310285985,0.0131244659,0.201875672,-0.345670998,0.018783126,0.907752693,-0.164401412,-0.0514988489,-0.0196979996,-0.469018757,0.230964169,-0.113229372,0.306148529,-0.689785659,-0.122383617,-0.467856765,-0.0887174383,0.026756227,0.761720777,-0.472017527,0.0799453333,0.0275273453,0.189639375,-0.101688847,0.315993577,0.281018704,0.0243208967,0.915198743,0.153827518,-0.0310285985,0.0131244725,0.201875672,-0.345670998,0.018783126,0.907752693,-0.164401412,-0.0514988489,-0.0196979996,-0.469018757,0.230964169,-0.113229372,0.306148529,-0.689785659,-0.122383617,-0.467856765,-0.0887174383,0.026756227,0.761720777,-0.472017527,0.0799453333,0.0275273453,0.189639375,-0.101688847,0.315993577,0.281018704,0.0243209004,0.915198743,0.153827518,-0.0310285985,0.0131244659,0.201875672,-0.345670998,0.018783126,0.907752693,-0.164401412,-0.0514988489,-0.0196979996
1.33295675,3188551.85,0,0,0.0124657704,4.33716923e-06,1,0.118582044,0,1,0.43213582,-0.001295447,0.00355548947,0.901800573,0.53492564,0.00451523485,0.194203258,-0.999967515,0.42913723,3.23894557e-13,-0.561496973,-0.0589373857,0.0612257272,0.49380374,-0.118869424,0.0515230745,-0.470607668,0.00946546625,-0.0554073118,0.882829487,-0.420683324,0.0408461615,0.01528876,0.0191820208,-0.0161686167,0.288005799,0.222667024,-0.000357404148,0.956115305,0.153189421,-0.00994229503,-0.0180679429,0.22166881,-0.295994759,0.0368932486,0.948444605,-0.14394176,-0.0416672304,-0.00447755167,-0.452387094,-0.757193923,0.135742307,-0.81679225,-3.34259963,-0.991644919,3.7144289,0.437495559,0.760907948,-3.74428511,-0.742308915,0.871360362,0.297522843,-0.221656486,-0.152240574,0.576997101,-0.775986552,-0.00753598893,0.242793128,-0.0012021669,0.171986967,0.0983220041,-0.823900938,0.27154544,-0.0192514639,-0.713181138,-0.693511367,0.0258140098,-0.367146045,-0.469018757,0.230964169,-0.113229372,0.306148529,-0.689785659,-0.122383617,-0.467856765,-0.0887174383,0.026756227,0.761720777,-0.472017527,0.0799453333,0.0275273453,0.189639375,-0.101688847,0.315993577,0.281018704,0.0243209004,0.915198743,0.153827518,-0.0310285985,0.0131244659,0.201875672,-0.345670998,0.018783126,0.907752693,-0.164401412,-0.0514988489,-0.0196979996,-0.469018757,0.230964169,-0.113229372,0.306148529,-0.689785659,-0.122383617,-0.467856765,-0.0887174383,0.026756227,0.761720777,-0.472017527,0.0799453333,0.0275273453,0.189639375,-0.101688847,0.315993577,0.281018704,0.0243208967,0.915198743,0.153827518,-0.0310285985,0.0131244725,0.201875672,-0.345670998,0.018783126,0.907752693,-0.164401412,-0.0514988489,-0.0196979996,-0.469018757,0.230964169,-0.113229372,0.306148529,-0.689785659,-0.122383617,-0.467856765,-0.0887174383,0.026756227,0.761720777,-0.472017527,0.0799453333,0.0275273453,0.189639375,-0.101688847,0.315993577,0.281018704,0.0243209004,0.915198743,0.153827518,-0.0310285985,0.0131244659,0.201875672,-0.345670998,0.018783126,0.907752693,-0.164401412,-0.0514988489,-0.0196979996
1.34391278,3188551.86,0,0,0.00342260906,4.53693792e-06,1,0.11177687,0.124565423,1,0.431658208,-0.000444409146,0.0066704778,0.902012467,0.720439374,0.222865894,0.0288537703,-0.999967575,0.42913723,2.31682241e-13,-0.566938102,-0.0666691363,0.0638899282,0.485149056,-0.153031752,0.0411632359,-0.434842438,0.0128869228,-0.0448534414,0.842571139,-0.427510411,0.0480850749,0.0191092771,0.0159860607,-0.0188861713,0.29402262,0.21505475,-0.000480832299,0.958480775,0.153186232,-0.00826825481,-0.0168707557,0.213666424,-0.293519437,0.0367497392,0.940835536,-0.150267884,-0.0421733931,-0.00828822423,-0.634170055,-0.792586446,0.375463337,-0.921078503,-3.42435312,-1.02196085,3.36554337,0.236135438,1.21800232,-3.95982313,-0.707413673,0.629570842,0.443164021,-0.404845744,-0.385172278,0.640619695,-0.744410813,-0.0114271985,0.212322772,-0.000557677762,0.159335107,0.124164611,-0.792228937,0.229942232,-0.0111348499,-0.783145845,-0.566126525,-0.0958791822,-0.363273799,-0.378309488,0.192715257,-0.0524953194,0.400121748,-0.604471147,-0.164340407,-0.505751371,-0.170800835,0.0866400152,0.637155354,-0.399951071,0.0749830082,-0.00644186465,0.153131515,-0.128414392,0.196965992,0.32641691,0.0407736525,0.864748538,0.171924859,-0.0709820688,0.0334904566,0.263081312,-0.332834214,0.0234135576,0.913095117,-0.168342099,-0.0544917993,-0.0231906455,-0.378309488,0.192715257,-0.0524953194,0.400121748,-0.604471147,-0.164340407,-0.505751371,-0.170800835,0.0866400152,0.637155354,-0.399951071,0.0749830082,-0.00644186419,0.153131515,-0.128414392,0.196965992,0.32641691,0.0407736525,0.864748538,0.171924859,-0.0709820688,0.0334904566,0.263081312,-0.332834214,0.0234135576,0.913095117,-0.168342099,-0.0544917993,-0.0231906455,-0.378309488,0.192715257,-0.0524953194,0.400121748,-0.604471147,-0.164340407,-0.505751371,-0.170800835,0.0866400152,0.637155354,-0.399951071,0.0749830082,-0.00644186465,0.153131515,-0.128414392,0.196965992,0.32641691,0.0407736525,0.864748538,0.171924859,-0.0709820688,0.0334904566,0.263081312,-0.332834214,0.0234135576,0.913095117,-0.168342099,-0.0544917993,-0.0231906455
1.35394577,3188551.87,0,0,0.013455593,2.15591863e-05,1,0.11177687,0,1,0.431385875,0.000452756241,0.010803842,0.902102709,0.905400157,0.150155872,0.100209609,-0.999967575,0.42913723,1.70848077e-13,-0.573544383,-0.0744806156,0.0696722195,0.476789504,-0.18829684,0.0275382549,-0.400406092,0.0130839972,-0.0304353051,0.796620071,-0.425855309,0.0533582307,0.0221577045,0.0109125525,-0.0217393581,0.30030632,0.207994789,-0.00053508149,0.961076498,0.153696001,-0.00779089937,-0.0150357774,0.205347776,-0.291336119,0.0366765708,0.9321298,-0.155256987,-0.0441266634,-0.0117946342,-0.662739098,-0.766460896,0.758318901,-0.753120542,-3.61407304,-1.64838243,3.55756474,-0.15607889,1.60726857,-5.16374874,0.785995305,0.461999953,0.176057935,-0.593942702,-0.184047729,0.609166503,-0.668679893,-0.00216152915,0.306040317,0.100170836,-0.0440523215,0.22837536,-0.850110829,0.220320895,-0.00505078398,-0.945595443,-0.464314878,-0.268329233,-0.347693771,-0.378309488,0.192715257,-0.0524953194,0.400121748,-0.604471147,-0.164340407,-0.505751371,-0.170800835,0.0866400152,0.637155354,-0.399951071,0.0749830082,-0.00644186465,0.153131515,-0.128414392,0.196965992,0.32641691,0.0407736525,0.864748538,0.171924859,-0.0709820688,0.0334904566,0.263081312,-0.332834214,0.0234135576,0.913095117,-0.168342099,-0.0544917993,-0.0231906455,-0.378309488,0.192715257,-0.0524953194,0.400121748,-0.604471147,-0.164340407,-0.505751371,-0.170800835,0.0866400152,0.637155354,-0.399951071,0.0749830082,-0.00644186419,0.153131515,-0.128414392,0.196965992,0.32641691,0.0407736525,0.864748538,0.171924859,-0.0709820688,0.0334904566,0.263081312,-0.332834214,0.0234135576,0.913095117,-0.168342099,-0.0544917993,-0.0231906455,-0.378309488,0.192715257,-0.0524953194,0.400121748,-0.604471147,-0.164340407,-0.505751371,-0.170800835,0.0866400152,0.637155354,-0.399951071,0.0749830082,-0.00644186465,0.153131515,-0.128414392,0.196965992,0.32641691,0.0407736525,0.864748538,0.171924859,-0.0709820688,0.0334904566,0.263081312,-0.332834214,0.0234135576,0.913095117,-0.168342099,-0.0544917993,-0.0231906455
1.3649123,3188551.88,0,0,0.00439125113,4.08990309e-06,1,0.119993929,0.185465455,1,0.433562815,0.000190196472,0.0144001506,0.901008248,0.272948235,0.275860399,-0.579952657,-0.999967575,0.42913723,1.22207867e-13,-0.58445853,-0.0740445256,0.0823839381,0.46896857,-0.229983956,0.0071343882,-0.387954175,0.0167261958,-0.0139778247,0.758083761,-0.393922329,0.017823888,0.0283564217,0.00996709988,-0.0232186802,0.30425027,0.19788444,-0.000522987277,0.967642188,0.155628473,-0.00864192378,-0.0110875219,0.192581773,-0.290669113,0.0365934037,0.920935929,-0.159589782,-0.0479457788,-0.0154154943,-0.939656138,0.396703213,1.06644464,-0.626558721,-3.36727309,-1.70731199,-0.303579837,0.378399044,1.11910951,-1.77392364,2.15849876,-2.5488205,0.532086432,0.264015019,0.0438060313,0.176729113,-0.95768851,0.00271183997,0.63812685,0.169103697,-0.0536385849,0.383446842,-1.25343323,-0.0575527139,-0.00681182044,-0.899415255,-0.286405951,-0.330023557,-0.252455026,-0.398159444,0.0772042722,0.0559523031,0.585587204,-0.487860858,-0.129964322,-0.528154612,-0.311994284,0.186637938,0.466315061,-0.354323506,0.0582382455,-0.0379439406,0.0865580291,-0.127599597,0.0745931864,0.403064251,0.0726522505,0.821802974,0.187394902,-0.117677882,0.0437040925,0.325754941,-0.32460162,0.0311782248,0.931104898,-0.170198321,-0.0486730486,-0.0186860766,-0.398159444,0.0772042722,0.0559523068,0.585587204,-0.487860858,-0.129964322,-0.528154612,-0.311994284,0.186637923,0.466315061,-0.354323506,0.0582382493,-0.0379439406,0.0865580291,-0.127599597,0.0745931864,0.403064251,0.0726522505,0.821802974,0.187394902,-0.117677882,0.0437040925,0.325754941,-0.32460162,0.0311782248,0.931104898,-0.170198321,-0.0486730486,-0.0186860766,-0.398159444,0.0772042722,0.0559523031,0.585587204,-0.487860858,-0.129964322,-0.528154612,-0.311994284,0.186637938,0.466315061,-0.354323506,0.0582382455,-0.0379439406,0.0865580291,-0.127599597,0.0745931864,0.403064251,0.0726522505,0.821802974,0.187394902,-0.117677882,0.0437040925,0.325754941,-0.32460162,0.0311782248,0.931104898,-0.170198321,-0.0486730486,-0.0186860766
1.37591321,3188551.89,0,0,0.01539216,4.4060871e-06,1,0.119993929,0,1,0.43467921,-0.000778944232,0.0141452737,0.900473952,-0.311171025,0.0140436012,-0.0688273311,-0.999967575,0.42913723,8.74154671e-14,-0.597299159,-0.0669835582,0.0912468359,0.473456353,-0.276549309,-0.0134765785,-0.395944685,0.0202271584,-0.00959862582,0.74677521,-0.374563336,0.00250014756,0.0282282121,0.0173010826,-0.0205639228,0.304634392,0.187516302,0.00121924444,0.976628184,0.159419835,-0.0114874933,-0.00847126916,0.179291844,-0.292219996,0.0365677886,0.912328899,-0.162032411,-0.0508670844,-0.0167644005,-1.32056725,0.853781819,0.824650228,0.855849624,-5.03111649,-2.23576331,-0.92870903,0.319374114,0.0954082981,-0.836153805,1.8295095,-1.06782842,-0.296201795,0.928130269,0.450778663,-0.0446010306,-1.02875745,0.227547079,0.999757946,0.475540131,-0.36950779,0.172684997,-1.33243132,-0.176939026,-0.00105634157,-0.826297402,-0.212502882,-0.269012362,-0.0819890499,-0.398159444,0.0772042722,0.0559523031,0.585587204,-0.487860858,-0.129964322,-0.528154612,-0.311994284,0.186637938,0.466315061,-0.354323506,0.0582382455,-0.0379439406,0.0865580291,-0.127599597,0.0745931864,0.403064251,0.0726522505,0.821802974,0.187394902,-0.117677882,0.0437040925,0.325754941,-0.32460162,0.0311782248,0.931104898,-0.170198321,-0.0486730486,-0.0186860766,-0.398159444,0.0772042722,0.0559523068,0.585587204,-0.487860858,-0.129964322,-0.528154612,-0.311994284,0.186637923,0.466315061,-0.354323506,0.0582382493,-0.0379439406,0.0865580291,-0.127599597,0.0745931864,0.403064251,0.0726522505,0.821802974,0.187394902,-0.117677882,0.0437040925,0.325754941,-0.32460162,0.0311782248,0.931104898,-0.170198321,-0.0486730486,-0.0186860766,-0.398159444,0.0772042722,0.0559523031,0.585587204,-0.487860858,-0.129964322,-0.528154612,-0.311994284,0.186637938,0.466315061,-0.354323506,0.0582382455,-0.0379439406,0.0865580291,-0.127599597,0.0745931864,0.403064251,0.0726522505,0.821802974,0.187394902,-0.117677882,0.0437040925,0.325754941,-0.32460162,0.0311782248,0.931104898,-0.170198321,-0.0486730486,-0.0186860766
1.38592578,3188551.9,0,0,0.005403833,4.44892794e-06,1,0.121762976,0.157647669,1,0.434301406,-0.000665732019,0.0119758323,0.900687754,-0.399080396,-0.349748462,0.183862925,-0.999967575,0.42913723,6.44622837e-14,-0.608179212,-0.0575654656,0.100409865,0.482478201,-0.321819425,-0.0351644345,-0.404629648,0.0224627499,-0.0110352952,0.740685582,-0.357291579,-0.00433043577,0.0232979935,0.0267477352,-0.0136370081,0.303245008,0.17854993,0.00271236361,0.986646056,0.164596885,-0.0148574943,-0.00777934399,0.167313933,-0.293484688,0.0365603082,0.904818118,-0.16362153,-0.0532907397,-0.0172184911,-0.914348364,0.970836282,0.99215591,0.889451683,-4.13569069,-2.08759975,-0.780638099,0.149254262,-0.26779744,-0.51366967,1.67063546,-0.477421552,-0.603192627,0.916343093,0.835003257,-0.191038162,-0.796144962,0.0914808139,0.98121202,0.540249944,-0.297729582,-0.00346605363,-1.08351934,-0.0836965367,-0.000493820291,-0.699011922,-0.123936988,-0.225743264,-0.0287632365,-0.407689184,0.0555327609,0.0578509048,0.743234873,-0.448417187,-0.0908946469,-0.629929364,-0.421127468,0.245224237,0.37335673,-0.266155481,0.0374425277,-0.0320588835,0.0461214185,-0.126719117,0.00341501832,0.472035676,0.0984787792,0.775521934,0.187410772,-0.163717017,0.0460492671,0.302295387,-0.346029639,0.0213518292,0.925945759,-0.172075287,-0.0418052375,-0.0136486143,-0.407689184,0.0555327609,0.057850901,0.743234873,-0.448417187,-0.0908946469,-0.629929364,-0.421127468,0.245224223,0.37335673,-0.266155481,0.0374425277,-0.0320588835,0.0461214185,-0.126719117,0.00341501832,0.472035676,0.0984787792,0.775521934,0.187410772,-0.163717017,0.0460492671,0.302295387,-0.346029639,0.0213518292,0.925945759,-0.172075287,-0.0418052375,-0.0136486143,-0.407689184,0.0555327609,0.0578509048,0.743234873,-0.448417187,-0.0908946469,-0.629929364,-0.421127468,0.245224237,0.37335673,-0.266155481,0.0374425277,-0.0320588835,0.0461214185,-0.126719117,0.00341501832,0.472035676,0.0984787792,0.775521934,0.187410772,-0.163717017,0.0460492671,0.302295387,-0.346029639,0.0213518292,0.925945759,-0.172075287,-0.0418052375,-0.0136486143
1.39594155,3188551.91,0,0,0.0154196047,2.13389285e-05,1,0.121762976,0,1,0.43277815,-0.000843833841,0.00967166387,0.90144819,-0.429742098,-0.00552061852,0.342340916,-0.999967575,0.42913723,4.75360447e-14,-0.624323428,-0.0483922996,0.108800597,0.506967843,-0.357334197,-0.0490459912,-0.414498508,0.0231086668,-0.0153995482,0.735411227,-0.340183496,-0.00783699099,0.0170371998,0.0353934728,-0.0082223285,0.301046908,0.17242986,0.00317001832,0.995665312,0.170678228,-0.0172481928,-0.0104895225,0.160167396,-0.29412809,0.0363983959,0.898492634,-0.164699346,-0.0547396801,-0.0171913244,-2.16062117,0.873033881,0.516321778,3.98723197,-2.98843098,-0.865980923,-1.16780186,0.049790483,-0.446309686,-0.547864258,1.76263833,-0.307908237,-0.49343431,0.796783864,0.300942302,-0.240034804,-0.473423362,0.0219534449,0.821461141,0.643677711,-0.196626902,-0.481256127,-0.435844153,-0.0542409047,-0.0317532346,-0.574987352,-0.106749475,-0.0856117755,0.0231509265,-0.407689184,0.0555327609,0.0578509048,0.743234873,-0.448417187,-0.0908946469,-0.629929364,-0.421127468,0.245224237,0.37335673,-0.266155481,0.0374425277,-0.0320588835,0.0461214185,-0.126719117,0.00341501832,0.472035676,0.0984787792,0.775521934,0.187410772,-0.163717017,0.0460492671,0.302295387,-0.346029639,0.0213518292,0.925945759,-0.172075287,-0.0418052375,-0.0136486143,-0.407689184,0.0555327609,0.057850901,0.743234873,-0.448417187,-0.0908946469,-0.629929364,-0.421127468,0.245224223,0.37335673,-0.266155481,0.0374425277,-0.0320588835,0.0461214185,-0.126719117,0.00341501832,0.472035676,0.0984787792,0.775521934,0.187410772,-0.163717017,0.0460492671,0.302295387,-0.346029639,0.0213518292,0.925945759,-0.172075287,-0.0418052375,-0.0136486143,-0.407689184,0.0555327609,0.0578509048,0.743234873,-0.448417187,-0.0908946469,-0.629929364,-0.421127468,0.245224237,0.37335673,-0.266155481,0.0374425277,-0.0320588835,0.0461214185,-0.126719117,0.00341501832,0.472035676,0.0984787792,0.775521934,0.187410772,-0.163717017,0.0460492671,0.302295387,-0.346029639,0.0213518292,0.925945759,-0.172075287,-0.0418052375,-0.0136486143
1.40691252,3188551.92,0,0,0.00638832478,4.38978896e-06,1,0.124227256,0.0894191116,1,0.432174057,-0.00068295846,0.00818579737,0.90175277,-0.0818171352,-0.141170502,-0.0315576941,-0.999967575,0.42913723,3.40026028e-14,-0.647784948,-0.0393970683,0.109890498,0.567538857,-0.382548153,-0.0569500178,-0.427270472,0.0227524098,-0.0170494989,0.728875697,-0.318650961,-0.0107516171,0.0152731109,0.040647611,-0.00326588913,0.297176659,0.169745862,0.00283795316,1.00354612,0.177349314,-0.0187868513,-0.0186416376,0.157866925,-0.294048727,0.0361916088,0.894144356,-0.165727705,-0.0547131263,-0.0161832869,-1.88237751,0.63561523,-0.319898069,5.78885174,-1.7906841,-0.408456117,-1.04938293,-0.0714437366,0.052908428,-0.582060814,1.84360242,-0.255787194,0.0471793376,0.221176311,0.370709032,-0.334425718,-0.0497444458,-0.123217918,0.555786312,0.403290242,-0.0773734525,-0.770072699,-0.0394883379,0.0319913439,-0.00977157988,-0.206081986,-0.0580009297,0.146585196,0.218837619,-0.394120753,0.0697284117,0.0309602693,0.822286963,-0.44993341,-0.0621458292,-0.668916821,-0.460570931,0.25592649,0.361254513,-0.17673637,-0.018774122,-0.0275453664,0.0568558276,-0.173957661,-0.0197045803,0.508897066,0.0999782979,0.767318845,0.178706989,-0.188906625,0.0485969335,0.277101606,-0.354779035,0.0200884975,0.917609632,-0.167226598,-0.0309285223,-0.00262647495,-0.394120753,0.0697284117,0.0309602674,0.822286963,-0.44993341,-0.0621458292,-0.668916821,-0.460570931,0.25592649,0.361254513,-0.17673637,-0.018774122,-0.0275453664,0.0568558276,-0.173957661,-0.0197045803,0.508897066,0.0999782979,0.767318845,0.178706989,-0.188906625,0.0485969335,0.277101606,-0.354779035,0.0200884975,0.917609632,-0.167226598,-0.0309285223,-0.00262647448,-0.394120753,0.0697284117,0.0309602693,0.822286963,-0.44993341,-0.0621458292,-0.668916821,-0.460570931,0.25592649,0.361254513,-0.17673637,-0.018774122,-0.0275453664,0.0568558276,-0.173957661,-0.0197045803,0.508897066,0.0999782979,0.767318845,0.178706989,-0.188906625,0.0485969335,0.277101606,-0.354779035,0.0200884975,0.917609632,-0.167226598,-0.0309285223,-0.00262647495
1.41791199,3188551.93,0,0,0.0173877957,4.02890146e-06,1,0.124227256,0,1,0.433131993,0.000331670628,0.00835901499,0.901291668,0.286941022,-0.225174367,-0.33430329,-0.999967575,0.42913723,2.43221106e-14,-0.663149238,-0.0344107226,0.103888929,0.627124071,-0.397237539,-0.0589266717,-0.437309802,0.0211870968,-0.0138648171,0.722508073,-0.299701184,-0.0133343935,0.0173950233,0.0399000198,0.000121170699,0.293971807,0.171064004,0.00074349239,1.00815725,0.17950426,-0.0191899948,-0.026726041,0.158733085,-0.293329567,0.0361450464,0.89326185,-0.166056469,-0.051249072,-0.0125656174,-1.15275967,0.412319064,-0.65071696,5.72358131,-1.21276021,-0.118159771,-0.937342346,-0.24076134,0.52039963,-0.662231803,1.91459465,-0.236773223,0.300134122,-0.307739168,0.371283829,-0.311272085,0.238561079,-0.224012226,0.39934954,0.129802436,-0.0235729273,-0.814932525,0.140873998,0.112412497,-0.00188651821,-0.0068040262,-0.0217028596,0.438146621,0.40925166,-0.394120753,0.0697284117,0.0309602693,0.822286963,-0.44993341,-0.0621458292,-0.668916821,-0.460570931,0.25592649,0.361254513,-0.17673637,-0.018774122,-0.0275453664,0.0568558276,-0.173957661,-0.0197045803,0.508897066,0.0999782979,0.767318845,0.178706989,-0.188906625,0.0485969335,0.277101606,-0.354779035,0.0200884975,0.917609632,-0.167226598,-0.0309285223,-0.00262647495,-0.394120753,0.0697284117,0.0309602674,0.822286963,-0.44993341,-0.0621458292,-0.668916821,-0.460570931,0.25592649,0.361254513,-0.17673637,-0.018774122,-0.0275453664,0.0568558276,-0.173957661,-0.0197045803,0.508897066,0.0999782979,0.767318845,0.178706989,-0.188906625,0.0485969335,0.277101606,-0.354779035,0.0200884975,0.917609632,-0.167226598,-0.0309285223,-0.00262647448,-0.394120753,0.0697284117,0.0309602693,0.822286963,-0.44993341,-0.0621458292,-0.668916821,-0.460570931,0.25592649,0.361254513,-0.17673637,-0.018774122,-0.0275453664,0.0568558276,-0.173957661,-0.0197045803,0.508897066,0.0999782979,0.767318845,0.178706989,-0.188906625,0.0485969335,0.277101606,-0.354779035,0.0200884975,0.917609632,-0.167226598,-0.0309285223,-0.00262647495
1.42791224,3188551.94,0,0,0.00740178023,4.10992652e-06,1,0.105149578,0.0926066041,1,0.43482095,0.00233456562,0.00970256422,0.900461614,0.314430982,-0.212804973,-0.250402063,-0.999967575,0.42913723,1.79357109e-14,-0.669816911,-0.0313133299,0.0962991565,0.680343509,-0.407761484,-0.0580736808,-0.445547432,0.0177534875,-0.00752266869,0.714384258,-0.280002207,-0.015521042,0.019861998,0.0349723212,0.00341458619,0.29126966,0.174390361,-0.00151378405,1.01170802,0.179937094,-0.0193312149,-0.0344674364,0.160816327,-0.292005181,0.0360410511,0.894533992,-0.166165262,-0.0465197116,-0.00787142757,-0.619531155,0.2751351,-1.08415949,5.63781071,-1.14405131,0.461846232,-0.70552361,-0.327348113,0.471025437,-1.06359661,2.06163025,-0.276438594,0.0751265287,-0.377258897,0.225547671,-0.263767332,0.358274162,-0.284250617,0.389813453,-0.0440648757,-0.0142854294,-0.738719702,0.26909551,0.0828676969,-0.0351959728,0.208845422,-0.000272006029,0.475809813,0.615299761,-0.411580622,0.0599079803,0.0167109072,0.914893568,-0.456846416,-0.020273909,-0.669490695,-0.443105072,0.223229468,0.334808171,-0.183766067,-0.0878300965,-0.0282237567,0.108990848,-0.203022718,-0.0445395708,0.533028185,0.0972874984,0.774847925,0.166794568,-0.206411585,0.0468958765,0.254023582,-0.350675672,0.0150138289,0.918952882,-0.160492122,-0.0300975703,0.0155671872,-0.411580622,0.0599079803,0.0167109091,0.914893568,-0.456846416,-0.0202739071,-0.669490695,-0.443105072,0.223229468,0.334808171,-0.183766067,-0.0878300965,-0.0282237567,0.108990856,-0.203022718,-0.0445395708,0.533028185,0.0972874984,0.774847925,0.166794568,-0.206411585,0.0468958728,0.254023582,-0.350675672,0.0150138289,0.918952882,-0.160492122,-0.0300975703,0.0155671882,-0.411580622,0.0599079803,0.0167109072,0.914893568,-0.456846416,-0.020273909,-0.669490695,-0.443105072,0.223229468,0.334808171,-0.183766067,-0.0878300965,-0.0282237567,0.108990848,-0.203022718,-0.0445395708,0.533028185,0.0972874984,0.774847925,0.166794568,-0.206411585,0.0468958765,0.254023582,-0.350675672,0.0150138289,0.918952882,-0.160492122,-0.0300975703,0.0155671872
1.43891217,3188551.96,0,0,0.0184017154,4.23332676e-06,1,0.105149578,0,1,0.43561852,0.00395300565,0.0105991103,0.900060296,0.323412925,-0.166123226,-0.160627514,-0.999967575,0.42913723,1.28294388e-14,-0.673663735,-0.0279414169,0.0810238421,0.748130977,-0.419523507,-0.0509303957,-0.452082902,0.0136861764,-0.00334402663,0.697651744,-0.253746897,-0.0191755369,0.019008534,0.0310900938,0.00467876298,0.287629396,0.179558888,-0.00578106288,1.01700962,0.178327098,-0.0194276646,-0.0425915942,0.165296286,-0.291579634,0.0354222767,0.898686767,-0.166030437,-0.0413194075,0.00104728993,0.0557133146,0.289348006,-1.18263733,5.22386885,-0.756837845,0.510391414,-0.484359056,-0.399255306,0.405316055,-1.52887189,2.24337816,-0.27911821,-0.0815367699,-0.428892344,0.048854351,-0.329124391,0.500382006,-0.363341987,0.445935607,-0.156077608,-0.00384584954,-0.63240099,0.443237275,0.0325770378,-0.0365483314,0.435584188,0.0157171804,0.393555611,0.737365127,-0.411580622,0.0599079803,0.0167109072,0.914893568,-0.456846416,-0.020273909,-0.669490695,-0.443105072,0.223229468,0.334808171,-0.183766067,-0.0878300965,-0.0282237567,0.108990848,-0.203022718,-0.0445395708,0.533028185,0.0972874984,0.774847925,0.166794568,-0.206411585,0.0468958765,0.254023582,-0.350675672,0.0150138289,0.918952882,-0.160492122,-0.0300975703,0.0155671872,-0.411580622,0.0599079803,0.0167109091,0.914893568,-0.456846416,-0.0202739071,-0.669490695,-0.443105072,0.223229468,0.334808171,-0.183766067,-0.0878300965,-0.0282237567,0.108990856,-0.203022718,-0.0445395708,0.533028185,0.0972874984,0.774847925,0.166794568,-0.206411585,0.0468958728,0.254023582,-0.350675672,0.0150138289,0.918952882,-0.160492122,-0.0300975703,0.0155671882,-0.411580622,0.0599079803,0.0167109072,0.914893568,-0.456846416,-0.020273909,-0.669490695,-0.443105072,0.223229468,0.334808171,-0.183766067,-0.0878300965,-0.0282237567,0.108990848,-0.203022718,-0.0445395708,0.533028185,0.0972874984,0.774847925,0.166794568,-0.206411585,0.0468958765,0.254023582,-0.350675672,0.0150138289,0.918952882,-0.160492122,-0.0300975703,0.0155671872
1.44894526,3188551.97,0,0,0.00842716079,2.32430175e-05,1,0.117588323,0.097045511,1,0.436377496,0.00544470409,0.0120232645,0.899666846,0.27474466,-0.151737779,-0.0995814055,-0.999967575,0.42913723,9.46073884e-15,-0.668827057,-0.0248633604,0.0701590255,0.795091987,-0.426404893,-0.0454626195,-0.45632574,0.00911819004,0.00126752246,0.680862367,-0.23073104,-0.0214620437,0.0178716201,0.0259376764,0.00463594589,0.284157068,0.185194716,-0.00972465053,1.02135599,0.176221743,-0.0196267422,-0.0478964187,0.170456886,-0.291298866,0.0346394479,0.903414905,-0.165360183,-0.0375436731,0.00816452038,0.595153153,0.35280925,-1.25336385,4.86088133,-0.816367745,0.738088191,-0.299192429,-0.398648888,0.350172251,-1.88788939,2.37526631,-0.223436415,-0.209853172,-0.371922851,-0.00889588054,-0.385188639,0.584487498,-0.539021671,0.476102412,-0.369632602,-0.0635265112,-0.405292392,0.552772522,-0.0116436053,-0.202419117,0.446072459,0.182952523,0.425860792,0.81572175,-0.444957823,0.042104885,0.0058048889,0.992340326,-0.465178251,0.000839754939,-0.643076062,-0.380118936,0.218840986,0.314829051,-0.280811578,-0.110578023,-0.0265284143,0.164747328,-0.159561694,-0.0344292223,0.541599393,0.0793487579,0.799132109,0.148954675,-0.213570938,0.0503081158,0.23087129,-0.345949292,0.00217532553,0.915642798,-0.149108246,-0.0212649927,0.0334733501,-0.444957823,0.042104885,0.00580488797,0.992340326,-0.465178251,0.000839753076,-0.643076062,-0.380118936,0.218840986,0.314829051,-0.280811578,-0.110578023,-0.0265284143,0.164747328,-0.159561694,-0.0344292223,0.541599393,0.0793487579,0.799132109,0.148954675,-0.213570938,0.0503081158,0.23087129,-0.345949292,0.00217532553,0.915642798,-0.149108246,-0.0212649927,0.0334733501,-0.444957823,0.042104885,0.0058048889,0.992340326,-0.465178251,0.000839754939,-0.643076062,-0.380118936,0.218840986,0.314829051,-0.280811578,-0.110578023,-0.0265284143,0.164747328,-0.159561694,-0.0344292223,0.541599393,0.0793487579,0.799132109,0.148954675,-0.213570938,0.0503081158,0.23087129,-0.345949292,0.00217532553,0.915642798,-0.149108246,-0.0212649927,0.0334733501
1.45991326,3188551.98,0,0,0.0193951651,4.51831147e-06,1,0.117588323,0,1,0.436869621,0.0067098001,0.0127231767,0.899409831,0.250780106,-0.102830216,-0.153916851,-0.999967575,0.42913723,6.76727995e-15,-0.658426583,-0.0195936281,0.054170534,0.853019536,-0.435151219,-0.0362908766,-0.458673358,0.00505506061,0.00500711985,0.655469775,-0.201113015,-0.0235795528,0.0147817312,0.0226924233,0.0043756729,0.279042661,0.192794442,-0.0179475937,1.02714849,0.169709906,-0.0213185307,-0.0506899208,0.177622736,-0.291784853,0.0300805848,0.908388853,-0.161593109,-0.0318131931,0.0187062025,1.14327443,0.482459873,-1.22071707,4.46673965,-0.558734953,0.67348814,-0.217570499,-0.35325557,0.404533803,-2.17643738,2.50361395,-0.121372133,-0.224445105,-0.336778045,-0.0628516302,-0.423703372,0.677327096,-0.685948253,0.436541826,-0.566501856,-0.18393366,-0.152513131,0.625887394,-0.0344767496,-0.440544397,0.415843695,0.34091863,0.474234819,0.823523462,-0.444957823,0.042104885,0.0058048889,0.992340326,-0.465178251,0.000839754939,-0.643076062,-0.380118936,0.218840986,0.314829051,-0.280811578,-0.110578023,-0.0265284143,0.164747328,-0.159561694,-0.0344292223,0.541599393,0.0793487579,0.799132109,0.148954675,-0.213570938,0.0503081158,0.23087129,-0.345949292,0.00217532553,0.915642798,-0.149108246,-0.0212649927,0.0334733501,-0.444957823,0.042104885,0.00580488797,0.992340326,-0.465178251,0.000839753076,-0.643076062,-0.380118936,0.218840986,0.314829051,-0.280811578,-0.110578023,-0.0265284143,0.164747328,-0.159561694,-0.0344292223,0.541599393,0.0793487579,0.799132109,0.148954675,-0.213570938,0.0503081158,0.23087129,-0.345949292,0.00217532553,0.915642798,-0.149108246,-0.0212649927,0.0334733501,-0.444957823,0.042104885,0.0058048889,0.992340326,-0.465178251,0.000839754939,-0.643076062,-0.380118936,0.218840986,0.314829051,-0.280811578,-0.110578023,-0.0265284143,0.164747328,-0.159561694,-0.0344292223,0.541599393,0.0793487579,0.799132109,0.148954675,-0.213570938,0.0503081158,0.23087129,-0.345949292,0.00217532553,0.915642798,-0.149108246,-0.0212649927,0.0334733501
1.4709161,3188551.99,0,0,0.0103845373,5.46406955e-06,1,0.130740926,0.138521999,1,0.437518507,0.0077056922,0.013536525,0.899074495,0.109064616,-0.18330431,-0.0581636168,-0.999967575,0.42913723,4.84064506e-15,-0.643805802,-0.0146884695,0.041551616,0.893765509,-0.440048546,-0.0299634449,-0.460139871,0.00158661022,0.00903348438,0.632505417,-0.175777957,-0.0244056396,0.0115801394,0.0195877701,0.00409468543,0.275164455,0.199670002,-0.0243830271,1.03104699,0.163767174,-0.0246075671,-0.0510132648,0.183682203,-0.29237923,0.0254539251,0.912037432,-0.158327758,-0.0266191307,0.0265540481,1.64463425,0.489057183,-1.48581576,4.02587891,-0.50325501,0.63705194,0.0378691442,-0.286716938,0.273688883,-2.46830988,2.56478047,-0.0768809989,-0.489556551,-0.151896656,0.0918393731,-0.369902939,0.668169379,-0.657820702,0.404529035,-0.679255426,-0.508241832,0.089612022,0.556918979,-0.102855712,-0.494913518,0.286776781,0.326931924,0.613063157,0.838784873,-0.488402903,0.0179462135,-0.0051884912,1.02242804,-0.46797657,0.00561925769,-0.577576041,-0.293738842,0.204793185,0.295509934,-0.419333577,-0.113396771,-0.0298537649,0.178862214,-0.0869365782,0.0274679065,0.52374047,0.0608923137,0.839668751,0.136425763,-0.167871878,0.0518127531,0.228218868,-0.323433816,0.00203241035,0.912223697,-0.146110639,-0.00948337931,0.0478399917,-0.488402903,0.0179462153,-0.00518849166,1.02242804,-0.46797657,0.00561926095,-0.577576041,-0.293738842,0.204793185,0.295509934,-0.419333577,-0.113396771,-0.0298537649,0.178862214,-0.0869365782,0.0274679065,0.52374047,0.0608923137,0.839668751,0.136425763,-0.167871878,0.0518127568,0.228218868,-0.323433816,0.00203241035,0.912223697,-0.146110639,-0.00948337931,0.0478399917,-0.488402903,0.0179462135,-0.0051884912,1.02242804,-0.46797657,0.00561925769,-0.577576041,-0.293738842,0.204793185,0.295509934,-0.419333577,-0.113396771,-0.0298537649,0.178862214,-0.0869365782,0.0274679065,0.52374047,0.0608923137,0.839668751,0.136425763,-0.167871878,0.0518127531,0.228218868,-0.323433816,0.00203241035,0.912223697,-0.146110639,-0.00948337931,0.0478399917
1.48095146,3188552,0,0,0.000459938776,2.34907493e-05,1,0.119079836,0.122259736,1,0.437684208,0.0082442956,0.0135375811,0.898989022,0.0817746371,-0.142306298,-0.0773744956,-0.999967575,0.42913723,3.5696086e-15,-0.633052111,-0.0116802203,0.0323747881,0.916538,-0.4426907,-0.0263505988,-0.459836334,-3.56360542e-05,0.0105355363,0.617295265,-0.160351276,-0.0248582661,0.00833839271,0.0189052038,0.0045722099,0.273265004,0.203714207,-0.0281360373,1.03341305,0.159634545,-0.0287048575,-0.0500285663,0.187036052,-0.293087065,0.0224725846,0.913456917,-0.156490296,-0.0227646846,0.0314782746,1.86934364,0.510344028,-1.51521432,3.64413857,-0.399908423,0.579566121,0.0331097506,-0.273332447,0.25547725,-2.5481956,2.5676043,-0.0772320926,-0.542384267,-0.116640978,0.0615807176,-0.28838715,0.68049705,-0.599084735,0.383010566,-0.677749634,-0.766037464,0.191606507,0.566456735,-0.121479914,-0.492193878,0.216570526,0.292230874,0.642588973,0.796047151,-0.488402903,0.0179462135,-0.0051884912,1.02242804,-0.46797657,0.00561925769,-0.577576041,-0.293738842,0.204793185,0.295509934,-0.419333577,-0.113396771,-0.0298537649,0.178862214,-0.0869365782,0.0274679065,0.52374047,0.0608923137,0.839668751,0.136425763,-0.167871878,0.0518127531,0.228218868,-0.323433816,0.00203241035,0.912223697,-0.146110639,-0.00948337931,0.0478399917,-0.51068157,-0.00233591534,-0.00357025163,1.0302887,-0.459277987,0.0110566495,-0.525927603,-0.247165114,0.193976447,0.273751527,-0.541593254,-0.106662326,-0.0350544825,0.155222476,-0.0277482104,0.102026239,0.499772966,0.0467849188,0.883386552,0.131524354,-0.107901782,0.0609156713,0.253565937,-0.307901502,0.00836872682,0.912661016,-0.152953625,0.00234348001,0.0542879589,-0.51068157,-0.00233591348,-0.00357025117,1.0302887,-0.459277987,0.0110566467,-0.525927603,-0.247165114,0.193976462,0.273751527,-0.541593313,-0.106662326,-0.0350544825,0.155222476,-0.0277482104,0.102026239,0.499772966,0.0467849225,0.883386552,0.131524354,-0.107901782,0.0609156713,0.253565937,-0.307901502,0.00836872682,0.912661016,-0.152953625,0.00234348001,0.0542879626
1.49191243,3188552.01,0,0,0.011420914,4.38420102e-06,1,0.119079836,0,1,0.438139677,0.00941928662,0.0126325795,0.898768783,-0.124982715,-0.195054531,-0.0944571644,-0.999967575,0.42913723,2.55334609e-15,-0.601495445,-0.00334297516,0.0103356512,0.960189581,-0.445510268,-0.0180117618,-0.458141267,-0.0022481801,0.0133994464,0.582892418,-0.135188341,-0.0255289562,-0.0008102922,0.0192884188,0.0072385706,0.270137429,0.212476224,-0.0363530256,1.03528547,0.150110334,-0.0374926627,-0.0434453264,0.194760785,-0.295371622,0.0168720186,0.915006459,-0.15432772,-0.0123340068,0.0416244455,2.47551155,0.688822985,-1.5476501,2.68545723,-0.093387641,0.570955992,0.0813025758,-0.0448141024,0.221053854,-2.30616927,1.0523119,-0.0223960653,-0.679680884,0.116206147,0.196449652,-0.175651044,0.580435872,-0.557430863,-0.0810218304,-0.633681655,-0.414762229,0.659745991,0.58313936,-0.183730587,-0.317230701,0.0502166599,0.0709966347,0.779103935,0.644827843,-0.51068157,-0.00233591348,-0.00357025117,1.0302887,-0.459277987,0.0110566467,-0.525927603,-0.247165114,0.193976462,0.273751527,-0.541593313,-0.106662326,-0.0350544825,0.155222476,-0.0277482104,0.102026239,0.499772966,0.0467849225,0.883386552,0.131524354,-0.107901782,0.0609156713,0.253565937,-0.307901502,0.00836872682,0.912661016,-0.152953625,0.00234348001,0.0542879626,-0.51068157,-0.00233591534,-0.00357025163,1.0302887,-0.459277987,0.0110566495,-0.525927603,-0.247165114,0.193976447,0.273751527,-0.541593254,-0.106662326,-0.0350544825,0.155222476,-0.0277482104,0.102026239,0.499772966,0.0467849188,0.883386552,0.131524354,-0.107901782,0.0609156713,0.253565937,-0.307901502,0.00836872682,0.912661016,-0.152953625,0.00234348001,0.0542879589,-0.51068157,-0.00233591348,-0.00357025117,1.0302887,-0.459277987,0.0110566467,-0.525927603,-0.247165114,0.193976462,0.273751527,-0.541593313,-0.106662326,-0.0350544825,0.155222476,-0.0277482104,0.102026239,0.499772966,0.0467849225,0.883386552,0.131524354,-0.107901782,0.0609156713,0.253565937,-0.307901502,0.00836872682,0.912661016,-0.152953625,0.00234348001,0.0542879626
1.50194506,3188552.02,0,0,0.00144574791,2.20830552e-05,1,0.127351843,0.109664813,1,0.439074427,0.00931595266,0.0121850576,0.898319781,-0.0703850165,0.0855385885,-0.264866054,-0.999794483,0.42913723,1.88289918e-15,-0.576010823,0.00437516998,-0.00267658941,0.981564641,-0.446059287,-0.0131937722,-0.460037321,-0.00231836853,0.0168545507,0.561626196,-0.129249617,-0.0254959464,-0.0063653877,0.0199485067,0.00724147446,0.268778682,0.218190983,-0.0404924303,1.03294587,0.145474494,-0.040101178,-0.036512658,0.201719925,-0.297061026,0.0144434152,0.91529578,-0.153937846,-0.00582604762,0.0465262644,2.58055592,0.812276185,-1.14948404,1.79776502,-0.0381015129,0.442453772,-0.355922818,0.00589345768,0.407838702,-2.03462815,0.367165327,0.0245880168,-0.49018997,0.0401063226,-0.114825726,-0.12147522,0.565528393,-0.311849087,-0.317344964,-0.355820984,-0.181994498,0.701031148,0.759033382,-0.162544623,-0.197524324,0.0195329841,0.0245755389,0.555785418,0.392614067,-0.529039145,-0.0165165737,0.0015273802,0.992973924,-0.430289865,0.00745148212,-0.44221741,-0.229305014,0.183189541,0.277822167,-0.573565841,-0.0896481946,-0.0325546898,0.0997002423,0.00319929048,0.211691052,0.472442269,0.0333489329,0.940371692,0.127133071,-0.0529145002,0.0696573555,0.285618097,-0.310490727,0.0134359486,0.912910283,-0.164632797,0.0031807248,0.0518230125,-0.529039145,-0.0165165756,0.00152737927,0.992973924,-0.430289865,0.00745148165,-0.44221741,-0.229305014,0.183189526,0.277822167,-0.573565841,-0.0896481946,-0.0325546898,0.0997002423,0.00319929048,0.211691052,0.472442269,0.0333489329,0.940371692,0.127133071,-0.0529144965,0.0696573555,0.285618097,-0.310490727,0.0134359486,0.912910283,-0.164632797,0.0031807248,0.0518230163,-0.529039145,-0.0165165737,0.0015273802,0.992973924,-0.430289865,0.00745148212,-0.44221741,-0.229305014,0.183189541,0.277822167,-0.573565841,-0.0896481946,-0.0325546898,0.0997002423,0.00319929048,0.211691052,0.472442269,0.0333489329,0.940371692,0.127133071,-0.0529145002,0.0696573555,0.285618097,-0.310490727,0.0134359486,0.912910283,-0.164632797,0.0031807248,0.0518230125
1.51295168,3188552.03,0,0,0.0124523649,3.13599594e-05,1,0.127351843,0,1,0.440556079,0.00859029032,0.0121649373,0.897601545,-0.0585857481,0.0483837612,-0.249359727,-0.997198164,0.42913723,1.34684051e-15,-0.542340279,0.0140709085,-0.0142687485,0.994354963,-0.443696976,-0.00895519182,-0.464731455,-0.00242788461,0.0221412983,0.537771225,-0.12773636,-0.0242422596,-0.012184645,0.0201812461,0.0063291844,0.267007887,0.224692956,-0.0430548787,1.0272969,0.142156407,-0.039907556,-0.0268592872,0.211350024,-0.29895395,0.0130231865,0.915417373,-0.154591322,-0.00112358085,0.0493273512,3.04100847,0.780370295,-0.866607785,0.463053614,0.428668171,0.281086832,-0.316938937,-0.0270814765,0.438306034,-1.98288822,-0.0519176386,0.173902258,-0.520488679,0.0136534441,0.0288635585,-0.173767388,0.515661776,-0.190301687,-0.591253102,-0.266648769,0.209322184,0.938476622,0.825236082,-0.154410005,-0.0637838319,0.00434286194,-0.140740782,0.282761723,0.128532901,-0.529039145,-0.0165165737,0.0015273802,0.992973924,-0.430289865,0.00745148212,-0.44221741,-0.229305014,0.183189541,0.277822167,-0.573565841,-0.0896481946,-0.0325546898,0.0997002423,0.00319929048,0.211691052,0.472442269,0.0333489329,0.940371692,0.127133071,-0.0529145002,0.0696573555,0.285618097,-0.310490727,0.0134359486,0.912910283,-0.164632797,0.0031807248,0.0518230125,-0.529039145,-0.0165165756,0.00152737927,0.992973924,-0.430289865,0.00745148165,-0.44221741,-0.229305014,0.183189526,0.277822167,-0.573565841,-0.0896481946,-0.0325546898,0.0997002423,0.00319929048,0.211691052,0.472442269,0.0333489329,0.940371692,0.127133071,-0.0529144965,0.0696573555,0.285618097,-0.310490727,0.0134359486,0.912910283,-0.164632797,0.0031807248,0.0518230163,-0.529039145,-0.0165165737,0.0015273802,0.992973924,-0.430289865,0.00745148212,-0.44221741,-0.229305014,0.183189541,0.277822167,-0.573565841,-0.0896481946,-0.0325546898,0.0997002423,0.00319929048,0.211691052,0.472442269,0.0333489329,0.940371692,0.127133071,-0.0529145002,0.0696573555,0.285618097,-0.310490727,0.0134359486,0.912910283,-0.164632797,0.0031807248,0.0518230125
1.5239124,3188552.04,0,0,0.00338995596,4.27663326e-06,1,0.121734105,0.121562779,1,0.441496462,0.00771721639,0.0121311489,0.897147775,-0.103395648,0.245263621,-0.182828784,-0.990456939,0.42903316,9.63396957e-16,-0.512227416,0.0216473881,-0.0218582358,0.995035827,-0.439977258,-0.00640908163,-0.46911189,-0.00278413109,0.0262404829,0.518492579,-0.130676419,-0.0220682025,-0.0174929816,0.0206131525,0.00564491423,0.265078396,0.229609132,-0.0443488508,1.02100348,0.13999486,-0.0367776863,-0.0168853663,0.22053875,-0.300584733,0.0126828756,0.915426314,-0.1562635,0.000655807147,0.050022278,2.92789888,0.74217242,-0.689999402,-0.11144378,0.31459564,0.238514379,-0.553767979,-0.0409072749,0.385849178,-1.88466752,-0.445917398,0.238878578,-0.530351162,0.0693100393,-0.162247807,-0.211410016,0.480291873,-0.0839017555,-0.630291104,-0.178633705,0.347371936,1.00856507,0.987119615,-0.171502441,-0.0208369605,-0.000634787546,-0.167169154,0.118155882,0.0428277887,-0.536790788,-0.0291555971,0.0145440996,0.928905427,-0.423448801,-0.0010927543,-0.356662393,-0.219345436,0.175845444,0.280277729,-0.600981116,-0.0791482255,-0.0228764601,0.0311963856,0.00856858678,0.333253831,0.451457024,0.0293894559,0.99965322,0.124623977,-0.00301456451,0.0726464316,0.305795461,-0.302523553,0.0143632405,0.919741333,-0.169350401,-0.00605690479,0.0498522818,-0.536790788,-0.0291555952,0.0145440996,0.928905427,-0.423448801,-0.00109275361,-0.356662393,-0.219345436,0.175845444,0.280277729,-0.600981116,-0.0791482255,-0.0228764601,0.0311963856,0.00856858492,0.333253831,0.451457024,0.0293894559,0.99965322,0.124623977,-0.00301456661,0.0726464316,0.305795461,-0.302523553,0.0143632405,0.919741333,-0.169350401,-0.00605690479,0.0498522818,-0.536790788,-0.0291555971,0.0145440996,0.928905427,-0.423448801,-0.0010927543,-0.356662393,-0.219345436,0.175845444,0.280277729,-0.600981116,-0.0791482255,-0.0228764601,0.0311963856,0.00856858678,0.333253831,0.451457024,0.0293894559,0.99965322,0.124623977,-0.00301456451,0.0726464316,0.305795461,-0.302523553,0.0143632405,0.919741333,-0.169350401,-0.00605690479,0.0498522818
1.53494314,3188552.05,0,0,0.0144206891,3.99816781e-06,1,0.121734105,0,1,0.442586452,0.00656868378,0.0124057075,0.896615982,-0.0143319098,0.155897245,-0.205563173,-0.976500511,0.427986741,6.89119166e-16,-0.473972321,0.0298771355,-0.0267630015,0.983394444,-0.434812248,-0.00471625943,-0.475094825,-0.00396029139,0.0315722451,0.496219575,-0.138235226,-0.0185781363,-0.022950884,0.0203756299,0.00487828953,0.26177749,0.235402226,-0.0448273569,1.0128901,0.138022602,-0.03074692,-0.00408179406,0.233149335,-0.302036256,0.0125427535,0.915809631,-0.158842891,0.000663745741,0.0502449647,3.34845352,0.641492009,-0.223796144,-1.57366073,0.468778491,0.0771476254,-0.452519685,-0.137277707,0.465464383,-1.8521651,-0.760263801,0.321982443,-0.416292489,-0.0677967295,-0.0168718211,-0.304905802,0.480628282,-0.0193452556,-0.699250281,-0.162362844,0.610629141,1.10744166,1.10457146,-0.085572198,-0.00766855478,0.055002071,-0.246281505,-0.0731134042,0.00692674564,-0.536790788,-0.0291555971,0.0145440996,0.928905427,-0.423448801,-0.0010927543,-0.356662393,-0.219345436,0.175845444,0.280277729,-0.600981116,-0.0791482255,-0.0228764601,0.0311963856,0.00856858678,0.333253831,0.451457024,0.0293894559,0.99965322,0.124623977,-0.00301456451,0.0726464316,0.305795461,-0.302523553,0.0143632405,0.919741333,-0.169350401,-0.00605690479,0.0498522818,-0.536790788,-0.0291555952,0.0145440996,0.928905427,-0.423448801,-0.00109275361,-0.356662393,-0.219345436,0.175845444,0.280277729,-0.600981116,-0.0791482255,-0.0228764601,0.0311963856,0.00856858492,0.333253831,0.451457024,0.0293894559,0.99965322,0.124623977,-0.00301456661,0.0726464316,0.305795461,-0.302523553,0.0143632405,0.919741333,-0.169350401,-0.00605690479,0.0498522818,-0.536790788,-0.0291555971,0.0145440996,0.928905427,-0.423448801,-0.0010927543,-0.356662393,-0.219345436,0.175845444,0.280277729,-0.600981116,-0.0791482255,-0.0228764601,0.0311963856,0.00856858678,0.333253831,0.451457024,0.0293894559,0.99965322,0.124623977,-0.00301456451,0.0726464316,0.305795461,-0.302523553,0.0143632405,0.919741333,-0.169350401,-0.00605690479,0.0498522818
1.54593197,3188552.06,0,0,0.00541135203,9.55583528e-06,1,0.11714641,0.116440475,1,0.443099678,0.00517604081,0.0127431443,0.896366835,-0.101711862,0.370777637,-0.050855618,-0.95357281,0.424807668,4.92927912e-16,-0.442667305,0.0357174054,-0.0283395573,0.966342926,-0.431333303,-0.00424074987,-0.480813622,-0.00556725636,0.0353705026,0.477877885,-0.147662595,-0.0152201494,-0.0274016876,0.0202628579,0.00334006036,0.258629203,0.24014926,-0.0447891131,1.00635147,0.136542127,-0.0246719811,0.00672031287,0.24516046,-0.302886814,0.0124885412,0.916415751,-0.161069021,-0.00036479719,0.0502578989,2.9278996,0.542627513,-0.132870674,-1.6786561,0.278100669,0.0348800719,-0.669111371,-0.174209535,0.315707833,-1.81632352,-1.06035149,0.343115658,-0.467423081,0.0352932587,-0.248842895,-0.32794407,0.472826838,0.0276662521,-0.61397326,-0.132837534,0.578148544,1.0402689,1.25973511,-0.0884113461,-0.00447440008,0.0637427568,-0.197737306,-0.111054607,-0.00123471767,-0.531279624,-0.0424095392,0.0312092528,0.812464952,-0.419921279,-0.000424101949,-0.27344805,-0.208158523,0.164612025,0.285288155,-0.622990489,-0.0716169178,-0.0112644378,-0.0274193585,0.00638464652,0.442361176,0.440780848,0.0348703116,1.04764247,0.13006705,0.0337290764,0.0677636042,0.316447586,-0.287179172,0.0102491491,0.926062465,-0.166834965,-0.0157369804,0.0545536801,-0.531279624,-0.0424095392,0.0312092528,0.812464952,-0.419921279,-0.000424104219,-0.27344805,-0.208158523,0.16461201,0.285288155,-0.622990429,-0.0716169178,-0.0112644378,-0.027419351,0.00638464652,0.442361176,0.440780848,0.0348703153,1.04764247,0.13006705,0.0337290689,0.0677636042,0.316447586,-0.287179172,0.0102491491,0.926062465,-0.166834965,-0.0157369804,0.0545536801,-0.531279624,-0.0424095392,0.0312092528,0.812464952,-0.419921279,-0.000424101949,-0.27344805,-0.208158523,0.164612025,0.285288155,-0.622990489,-0.0716169178,-0.0112644378,-0.0274193585,0.00638464652,0.442361176,0.440780848,0.0348703116,1.04764247,0.13006705,0.0337290764,0.0677636042,0.316447586,-0.287179172,0.0102491491,0.926062465,-0.166834965,-0.0157369804,0.0545536801
1.55594225,3188552.07,0,0,0.0154216303,2.15461478e-05,1,0.11714641,0,1,0.443877906,0.00458432222,0.013374107,0.895975709,0.0911269933,0.122898214,-0.182149515,-0.923869193,0.418894768,3.63496963e-16,-0.407433897,0.0398838297,-0.0258872416,0.934895694,-0.426447362,-0.00391546171,-0.485292196,-0.00827804022,0.0402015746,0.459784001,-0.159296885,-0.0115249613,-0.0304232948,0.0182528645,0.00332162553,0.255066335,0.245126441,-0.0426872708,1.00015342,0.135860175,-0.0184817668,0.0159960445,0.257253826,-0.302531779,0.0120991375,0.918997943,-0.16222319,-0.00301168533,0.050335329,3.6678164,0.342452347,0.367133319,-3.76931047,0.488635063,0.0289559271,-0.389845043,-0.311118215,0.496827364,-1.82276165,-1.25720906,0.380142897,-0.271091759,-0.252883047,0.0274259429,-0.342147559,0.496830195,0.305248231,-0.605515897,-0.0392249078,0.615263462,0.850499451,1.21201754,0.0771478564,-0.0476944447,0.345602155,-0.075573273,-0.324913263,0.0157822166,-0.531279624,-0.0424095392,0.0312092528,0.812464952,-0.419921279,-0.000424101949,-0.27344805,-0.208158523,0.164612025,0.285288155,-0.622990489,-0.0716169178,-0.0112644378,-0.0274193585,0.00638464652,0.442361176,0.440780848,0.0348703116,1.04764247,0.13006705,0.0337290764,0.0677636042,0.316447586,-0.287179172,0.0102491491,0.926062465,-0.166834965,-0.0157369804,0.0545536801,-0.531279624,-0.0424095392,0.0312092528,0.812464952,-0.419921279,-0.000424104219,-0.27344805,-0.208158523,0.16461201,0.285288155,-0.622990429,-0.0716169178,-0.0112644378,-0.027419351,0.00638464652,0.442361176,0.440780848,0.0348703153,1.04764247,0.13006705,0.0337290689,0.0677636042,0.316447586,-0.287179172,0.0102491491,0.926062465,-0.166834965,-0.0157369804,0.0545536801,-0.531279624,-0.0424095392,0.0312092528,0.812464952,-0.419921279,-0.000424101949,-0.27344805,-0.208158523,0.164612025,0.285288155,-0.622990489,-0.0716169178,-0.0112644378,-0.0274193585,0.00638464652,0.442361176,0.440780848,0.0348703116,1.04764247,0.13006705,0.0337290764,0.0677636042,0.316447586,-0.287179172,0.0102491491,0.926062465,-0.166834965,-0.0157369804,0.0545536801
1.56691213,3188552.08,0,0,0.00639356999,4.29293141e-06,1,0.112552196,0.126169682,1,0.444014251,0.00319517637,0.013956367,0.895905316,-0.0240732599,0.240633875,-0.0196084995,-0.880555511,0.406883985,2.60009892e-16,-0.367528349,0.0428223908,-0.0222994834,0.888712049,-0.422528595,-0.00346008991,-0.490951598,-0.0122091332,0.0441468433,0.437574893,-0.177184939,-0.00684272172,-0.0347124822,0.0166845676,0.00171860051,0.251577467,0.250808656,-0.0379968844,0.993559599,0.135758951,-0.0121758366,0.024550017,0.272622705,-0.301689029,0.0115345092,0.923518062,-0.162741974,-0.00682512624,0.050680574,3.30307031,0.168626845,0.369235933,-4.1918931,0.4336088,0.105414048,-0.460400462,-0.335606366,0.324297428,-1.82486296,-1.68314147,0.407858819,-0.303582698,-0.135995895,-0.117355108,-0.289276749,0.473664194,0.475730866,-0.513074636,0.0492272079,0.46103254,0.599269271,1.29708529,0.108859815,-0.0866936445,0.424602866,-0.0238135252,-0.33790797,0.0491946898,-0.506804943,-0.0559712648,0.0421307385,0.686295271,-0.397158325,0.0105026215,-0.215314746,-0.184524804,0.149451584,0.297590613,-0.63862288,-0.0585118905,0.00522149634,-0.0583852232,0.0123534594,0.532015085,0.428491056,0.0413729846,1.09037411,0.142099559,0.0615983307,0.0609813184,0.319620132,-0.277576208,0.00406836905,0.930560052,-0.158209607,-0.0263217147,0.0578990802,-0.506804943,-0.0559712723,0.0421307385,0.686295271,-0.397158325,0.0105026178,-0.215314746,-0.184524804,0.149451569,0.297590613,-0.63862282,-0.0585118905,0.00522149634,-0.0583852082,0.0123534575,0.532015085,0.428491056,0.0413729809,1.09037411,0.142099559,0.0615983345,0.0609813221,0.319620132,-0.277576208,0.00406836905,0.930560052,-0.158209607,-0.0263217147,0.0578990765,-0.506804943,-0.0559712648,0.0421307385,0.686295271,-0.397158325,0.0105026215,-0.215314746,-0.184524804,0.149451584,0.297590613,-0.63862288,-0.0585118905,0.00522149634,-0.0583852232,0.0123534594,0.532015085,0.428491056,0.0413729846,1.09037411,0.142099559,0.0615983307,0.0609813184,0.319620132,-0.277576208,0.00406836905,0.930560052,-0.158209607,-0.0263217147,0.0578990802
1.5769123,3188552.09,0,0,0.0163937351,4.12389636e-06,1,0.112552196,0,1,0.444758505,0.00293730176,0.0143267624,0.895531118,-0.00559875835,0.0910073966,-0.143311501,-0.824405193,0.38386184,1.91737568e-16,-0.330613703,0.0436533615,-0.0160003062,0.835948646,-0.41494441,-0.00122730189,-0.49405089,-0.0153824463,0.0488897227,0.419897377,-0.196647942,-0.00248201657,-0.0355086103,0.0141850524,0.00235585542,0.248651236,0.255606562,-0.0318114199,0.98877728,0.137467876,-0.00817821361,0.0290664043,0.285292417,-0.299561501,0.00963887293,0.928898454,-0.162787393,-0.0110143898,0.0516594797,3.62301946,0.0387075804,0.621616602,-5.50418711,0.702741265,0.214111701,-0.299229115,-0.299663186,0.426293641,-1.77995467,-2.09875679,0.445022702,-0.0614587814,-0.198922664,0.0291686822,-0.251123369,0.466421217,0.660414696,-0.454275906,0.210044906,0.346032888,0.374960989,1.28377116,0.228183985,-0.217797399,0.563151002,0.00414383225,-0.426550061,0.117910452,-0.506804943,-0.0559712648,0.0421307385,0.686295271,-0.397158325,0.0105026215,-0.215314746,-0.184524804,0.149451584,0.297590613,-0.63862288,-0.0585118905,0.00522149634,-0.0583852232,0.0123534594,0.532015085,0.428491056,0.0413729846,1.09037411,0.142099559,0.0615983307,0.0609813184,0.319620132,-0.277576208,0.00406836905,0.930560052,-0.158209607,-0.0263217147,0.0578990802,-0.506804943,-0.0559712723,0.0421307385,0.686295271,-0.397158325,0.0105026178,-0.215314746,-0.184524804,0.149451569,0.297590613,-0.63862282,-0.0585118905,0.00522149634,-0.0583852082,0.0123534575,0.532015085,0.428491056,0.0413729809,1.09037411,0.142099559,0.0615983345,0.0609813221,0.319620132,-0.277576208,0.00406836905,0.930560052,-0.158209607,-0.0263217147,0.0578990765,-0.506804943,-0.0559712648,0.0421307385,0.686295271,-0.397158325,0.0105026215,-0.215314746,-0.184524804,0.149451584,0.297590613,-0.63862288,-0.0585118905,0.00522149634,-0.0583852232,0.0123534594,0.532015085,0.428491056,0.0413729846,1.09037411,0.142099559,0.0615983307,0.0609813184,0.319620132,-0.277576208,0.00406836905,0.930560052,-0.158209607,-0.0263217147,0.0578990802
1.58694196,3188552.1,0,0,0.00642852578,2.183998e-05,1,0.114079099,0.118314266,1,0.445467919,0.00238113175,0.0141285844,0.895183265,-0.0740212053,-0.0490333997,-0.327882022,-0.759766221,0.35477379,1.41391914e-16,-0.294876456,0.0435521342,-0.00993516762,0.777065158,-0.405615121,0.00229867524,-0.496871948,-0.0177708864,0.0526924804,0.402559966,-0.221040308,0.00208715769,-0.0350393169,0.0130305961,0.00258771772,0.246421397,0.260050386,-0.0249129403,0.984840035,0.140523955,-0.0056773345,0.0318343081,0.298396617,-0.297115117,0.00717022736,0.934721112,-0.162081197,-0.0153355515,0.0526234657,3.91817236,-0.0320271626,0.754348218,-6.78948021,1.4955045,0.602625072,-0.188728526,-0.161035508,0.486689359,-1.62666893,-2.80010247,0.470345378,0.30182153,-0.13749592,0.154291227,-0.252984792,0.425880939,0.746523678,-0.320223659,0.45364815,0.186862215,0.197388172,1.31383681,0.288743794,-0.298631787,0.632714808,0.163722187,-0.483764589,0.0632419065,-0.473016739,-0.0553709567,0.0417356566,0.567981005,-0.353015482,0.0306484625,-0.187363207,-0.1390329,0.121857069,0.322396338,-0.639602542,-0.0458551422,0.0235247873,-0.0389432907,0.0171169583,0.580198169,0.399355918,0.0375681147,1.11885726,0.157086805,0.075019449,0.0526828468,0.315820336,-0.277401984,-0.00128874183,0.933064878,-0.150612429,-0.0347579978,0.0548485965,-0.473016739,-0.0553709492,0.0417356528,0.567981005,-0.353015482,0.0306484643,-0.187363207,-0.1390329,0.121857077,0.322396338,-0.639602542,-0.0458551385,0.0235247873,-0.0389432833,0.0171169564,0.580198169,0.399355918,0.0375681147,1.11885726,0.157086805,0.0750194415,0.0526828431,0.315820336,-0.277401984,-0.00128874183,0.933064878,-0.150612429,-0.0347579978,0.0548485965,-0.473016739,-0.0553709567,0.0417356566,0.567981005,-0.353015482,0.0306484625,-0.187363207,-0.1390329,0.121857069,0.322396338,-0.639602542,-0.0458551422,0.0235247873,-0.0389432907,0.0171169583,0.580198169,0.399355918,0.0375681147,1.11885726,0.157086805,0.075019449,0.0526828468,0.315820336,-0.277401984,-0.00128874183,0.933064878,-0.150612429,-0.0347579978,0.0548485965
1.59791195,3188552.11,0,0,0.017398519,4.16813418e-06,1,0.114079099,0,1,0.446414977,0.00167120947,0.0130271753,0.894729674,-0.402403027,0.116646469,-0.0778223276,-0.676781297,0.315349638,1.01137825e-16,-0.259346932,0.0430158265,-0.00488371914,0.711138368,-0.392706394,0.0075384276,-0.499027938,-0.0186550245,0.0555011369,0.386083364,-0.251289696,0.00682767481,-0.0325792208,0.013848261,0.00298667559,0.244811848,0.263908952,-0.0179306436,0.981904209,0.145544872,-0.00464153197,0.0334038064,0.311695516,-0.294665068,0.00441660034,0.940772295,-0.159996599,-0.0197858922,0.0529834554,3.13500261,-0.0567589886,0.30158177,-6.1026659,1.01493156,0.434034914,-0.267816812,-0.0529982485,0.103016816,-1.68188691,-3.11589289,0.478852153,0.151217014,0.249946013,-0.0720228851,-0.0965216756,0.367922455,0.631659508,-0.293334216,0.492025226,0.0616292469,0.142881244,1.34021509,0.205213606,-0.245378032,0.563437223,0.212788075,-0.395653903,0.0237291045,-0.473016739,-0.0553709567,0.0417356566,0.567981005,-0.353015482,0.0306484625,-0.187363207,-0.1390329,0.121857069,0.322396338,-0.639602542,-0.0458551422,0.0235247873,-0.0389432907,0.0171169583,0.580198169,0.399355918,0.0375681147,1.11885726,0.157086805,0.075019449,0.0526828468,0.315820336,-0.277401984,-0.00128874183,0.933064878,-0.150612429,-0.0347579978,0.0548485965,-0.473016739,-0.0553709492,0.0417356528,0.567981005,-0.353015482,0.0306484643,-0.187363207,-0.1390329,0.121857077,0.322396338,-0.639602542,-0.0458551385,0.0235247873,-0.0389432833,0.0171169564,0.580198169,0.399355918,0.0375681147,1.11885726,0.157086805,0.0750194415,0.0526828431,0.315820336,-0.277401984,-0.00128874183,0.933064878,-0.150612429,-0.0347579978,0.0548485965,-0.473016739,-0.0553709567,0.0417356566,0.567981005,-0.353015482,0.0306484625,-0.187363207,-0.1390329,0.121857069,0.322396338,-0.639602542,-0.0458551422,0.0235247873,-0.0389432907,0.0171169583,0.580198169,0.399355918,0.0375681147,1.11885726,0.157086805,0.075019449,0.0526828468,0.315820336,-0.277401984,-0.00128874183,0.933064878,-0.150612429,-0.0347579978,0.0548485965
1.60794218,3188552.12,0,0,0.00743099581,2.13799067e-05,1,0.111750793,0.0888561904,1,0.44608894,-0.000847931078,0.010558201,0.894925952,-0.607888937,0.125406966,-0.00632111263,-0.593306899,0.275003046,7.45814694e-17,-0.229736298,0.0422319435,-0.00342600397,0.649991572,-0.381621957,0.0130403098,-0.503219724,-0.0187125802,0.0546701699,0.36619097,-0.290019065,0.0126513448,-0.0311030615,0.0187541042,0.00150288001,0.244050965,0.268567502,-0.012178245,0.978203297,0.150841817,-0.00461168634,0.0350081585,0.327517629,-0.292437494,0.00202024891,0.94663614,-0.15771921,-0.0235084482,0.0528888479,2.37696743,-0.086804226,0.0567414947,-5.02392435,1.30007529,0.657652259,-0.328867167,0.0671141967,-0.0784701407,-1.57109618,-3.35780191,0.466842175,0.305010498,0.449963659,-0.0252514072,-0.0967887715,0.401985377,0.385617375,-0.263689071,0.466875136,-0.0826416686,0.141049311,1.30451512,0.203183264,-0.194212303,0.461306155,0.192035675,-0.301244825,-0.0776025504,-0.431156546,-0.0155002922,0.0106006339,0.479124814,-0.315642625,0.0528559387,-0.193934798,-0.102955848,0.0962860882,0.348067969,-0.608249187,-0.0434605703,0.0410520844,0.00602829456,0.015634628,0.590589285,0.368804634,0.030420199,1.12920105,0.16666913,0.0687130243,0.0528731197,0.31331411,-0.280400783,-0.0052286014,0.933619976,-0.147683695,-0.0413121358,0.0450057164,-0.431156546,-0.0155002903,0.0106006358,0.479124814,-0.315642625,0.0528559387,-0.193934798,-0.102955848,0.0962860882,0.348067969,-0.608249128,-0.0434605666,0.0410520844,0.00602829456,0.0156346299,0.590589285,0.368804634,0.0304202028,1.12920105,0.16666913,0.0687130243,0.0528731197,0.31331411,-0.280400783,-0.0052286014,0.933619976,-0.147683695,-0.0413121358,0.0450057127,-0.431156546,-0.0155002922,0.0106006339,0.479124814,-0.315642625,0.0528559387,-0.193934798,-0.102955848,0.0962860882,0.348067969,-0.608249187,-0.0434605703,0.0410520844,0.00602829456,0.015634628,0.590589285,0.368804634,0.030420199,1.12920105,0.16666913,0.0687130243,0.0528731197,0.31331411,-0.280400783,-0.0052286014,0.933619976,-0.147683695,-0.0413121358,0.0450057164
1.61891182,3188552.14,0,0,0.0184006398,4.0368177e-06,1,0.111750793,0,1,0.44633913,-0.0027559991,0.00763845583,0.894827068,-0.770831168,0.0899950042,-0.0187027175,-0.49921149,0.230149895,5.33482294e-17,-0.207455635,0.041383937,-0.00423356891,0.600788236,-0.367465496,0.0200881772,-0.506524205,-0.0171341728,0.0534460247,0.351311117,-0.32434091,0.017122943,-0.0265415795,0.0240176525,0.00173594593,0.243311152,0.272587806,-0.00915483944,0.976047158,0.155803978,-0.00665631238,0.0367438048,0.340183318,-0.290352672,0.000314953853,0.951044142,-0.155845329,-0.0264290795,0.0514580272,1.97478127,-0.0758095682,-0.220294401,-4.56479788,1.26533055,0.636916339,-0.355378628,0.193937182,-0.209402233,-1.46094036,-3.42485809,0.440474778,0.456457973,0.602371097,0.0144243995,-0.0346204303,0.400635391,0.251459748,-0.204145476,0.487670541,-0.271436334,0.19736068,1.22219682,0.199351311,-0.141541287,0.419468194,0.173097327,-0.265999258,-0.160461679,-0.431156546,-0.0155002922,0.0106006339,0.479124814,-0.315642625,0.0528559387,-0.193934798,-0.102955848,0.0962860882,0.348067969,-0.608249187,-0.0434605703,0.0410520844,0.00602829456,0.015634628,0.590589285,0.368804634,0.030420199,1.12920105,0.16666913,0.0687130243,0.0528731197,0.31331411,-0.280400783,-0.0052286014,0.933619976,-0.147683695,-0.0413121358,0.0450057164,-0.431156546,-0.0155002903,0.0106006358,0.479124814,-0.315642625,0.0528559387,-0.193934798,-0.102955848,0.0962860882,0.348067969,-0.608249128,-0.0434605666,0.0410520844,0.00602829456,0.0156346299,0.590589285,0.368804634,0.0304202028,1.12920105,0.16666913,0.0687130243,0.0528731197,0.31331411,-0.280400783,-0.0052286014,0.933619976,-0.147683695,-0.0413121358,0.0450057127,-0.431156546,-0.0155002922,0.0106006339,0.479124814,-0.315642625,0.0528559387,-0.193934798,-0.102955848,0.0962860882,0.348067969,-0.608249187,-0.0434605703,0.0410520844,0.00602829456,0.015634628,0.590589285,0.368804634,0.030420199,1.12920105,0.16666913,0.0687130243,0.0528731197,0.31331411,-0.280400783,-0.0052286014,0.933619976,-0.147683695,-0.0413121358,0.0450057164
1.62995,3188552.15,0,0,0.0094176312,2.60761008e-05,1,0.132220797,0.092441529,1,0.445812821,-0.0052725249,0.00420297589,0.895100832,-0.893605649,0.199455053,0.17078504,-0.410900205,0.188678384,-0.00388741563,-0.192574903,0.0420617536,-0.0067839371,0.558928907,-0.373422265,0.0251202416,-0.511522233,-0.0155578665,0.0493329838,0.338476807,-0.358734012,0.0201438479,-0.022918636,0.0303820893,0.00144613918,0.243603647,0.276928484,-0.00709985988,0.974077344,0.16048865,-0.0103079472,0.039035596,0.351402402,-0.288059205,-0.000621132378,0.955038249,-0.154542282,-0.0289785713,0.049155511,1.27222311,0.171612561,-0.388790637,-4.40504265,-1.86282372,0.553220928,-0.713144958,0.118245542,-0.657180488,-0.941359341,-3.63412166,-0.0147738094,0.353370994,0.676539004,-0.0884527043,0.0560117178,0.440823883,0.188595533,-0.146472365,0.517790854,-0.469007879,0.254563749,1.10418642,0.246585622,-0.07035622,0.373672038,0.0906041712,-0.340085834,-0.407994866,-0.421434313,0.0621320829,-0.0499718226,0.392641723,-0.338507712,0.0794719905,-0.243366927,-0.0300808195,0.0369773135,0.425137937,-0.53715837,-0.0384344459,0.0408228561,0.0984698236,0.0339698642,0.553672433,0.328285635,0.0176498443,1.11385787,0.17942825,0.044704169,0.0517033488,0.322844416,-0.29332912,-0.0101438873,0.933848441,-0.151025206,-0.0547451228,0.0248601325,-0.421434313,0.0621320829,-0.0499718226,0.392641723,-0.338507712,0.0794719905,-0.243366927,-0.0300808195,0.0369773135,0.425137937,-0.53715837,-0.0384344459,0.0408228561,0.0984698161,0.0339698642,0.553672433,0.328285635,0.0176498443,1.11385787,0.17942825,0.0447041616,0.0517033525,0.322844416,-0.29332912,-0.0101438873,0.933848441,-0.151025206,-0.0547451228,0.0248601325,-0.421434313,0.0621320829,-0.0499718226,0.392641723,-0.338507712,0.0794719905,-0.243366927,-0.0300808195,0.0369773135,0.425137937,-0.53715837,-0.0384344459,0.0408228561,0.0984698236,0.0339698642,0.553672433,0.328285635,0.0176498443,1.11385787,0.17942825,0.044704169,0.0517033488,0.322844416,-0.29332912,-0.0101438873,0.933848441,-0.151025206,-0.0547451228,0.0248601325
1.64092372,3188552.16,0,0,0.000410570297,4.87314537e-06,1,0.112834387,0.16215539,1,0.443637371,-0.00646050461,0.00390429702,0.89617461,0.307594299,-0.0200920142,0.459197074,-0.332304507,0.152118906,-0.0136786578,-0.198362544,0.0357742421,-0.0116544897,0.536409497,-0.375235647,0.00719623407,-0.523601353,-0.0249990281,0.0415375121,0.333965153,-0.400720656,0.0177313928,-0.0210612528,0.0261241551,0.00243913755,0.242739215,0.285294533,-0.00395394908,0.973586738,0.167122662,-0.016359346,0.0425613113,0.360297561,-0.279787272,-0.00115513487,0.961811185,-0.153964624,-0.0336239822,0.0416471735,-1.29442203,-0.985346258,-0.288623035,-0.356423795,0.595434904,-1.048437,-0.969968021,-1.2412039,-0.516063631,-0.170052946,-3.27403498,-0.275384039,0.13052243,-0.935829937,0.35624972,-0.191135675,0.818564594,0.283241719,0.0339915045,0.547345757,-0.479350507,0.31703335,0.516507685,0.920754731,-0.0276619866,0.604026616,0.0293339696,-0.365180254,-0.666437089,-0.421434313,0.0621320829,-0.0499718226,0.392641723,-0.338507712,0.0794719905,-0.243366927,-0.0300808195,0.0369773135,0.425137937,-0.53715837,-0.0384344459,0.0408228561,0.0984698236,0.0339698642,0.553672433,0.328285635,0.0176498443,1.11385787,0.17942825,0.044704169,0.0517033488,0.322844416,-0.29332912,-0.0101438873,0.933848441,-0.151025206,-0.0547451228,0.0248601325,-0.485293567,0.146350428,-0.11338909,0.24971512,-0.448502839,0.0928118825,-0.324109972,0.118145719,-0.0226084441,0.587293327,-0.442355514,0.00740367966,0.0227271691,0.218091577,0.095271796,0.509473264,0.268021762,-0.000768205617,1.06902945,0.185691386,0.00940617546,0.0383519679,0.316872329,-0.313624322,-0.0101272333,0.938397229,-0.165542737,-0.0753189847,-0.00206283806,-0.485293567,0.146350428,-0.11338909,0.24971512,-0.448502839,0.0928118825,-0.324109972,0.118145719,-0.0226084441,0.587293327,-0.442355514,0.00740367966,0.0227271691,0.218091577,0.095271796,0.509473264,0.268021762,-0.000768207014,1.06902945,0.185691386,0.00940617919,0.0383519679,0.316872329,-0.313624322,-0.0101272315,0.938397229,-0.165542737,-0.0753189847,-0.00206283852
1.65191161,3188552.17,0,0,0.011398464,3.9068982e-06,1,0.112834387,0,1,0.442684233,-0.00474788668,0.00591962039,0.896645486,0.566346467,-0.0334356762,-0.0495777242,-0.265231848,0.121117122,-0.0304494053,-0.214857817,0.0247896072,-0.0114392899,0.541069031,-0.365308732,0.000794490683,-0.536705852,-0.0369974077,0.0403783992,0.341612041,-0.429593265,0.0148032838,-0.0177073497,0.0145126199,0.00715078646,0.241101116,0.293278068,-0.00065622601,0.97464031,0.17241767,-0.020738557,0.0458313711,0.36384815,-0.269908756,-0.00115771883,0.967566252,-0.154466972,-0.0381463096,0.0338478312,-1.91543937,-1.04325354,0.289284736,0.789489448,1.19496608,-0.475355089,-2.01025581,-1.00419784,0.233453259,2.06557345,-2.49921751,-0.198509187,0.506150305,-1.19480932,0.333292842,-0.0350203291,0.733236551,0.412282586,0.144256815,0.527665913,-0.442047864,0.330076307,0.246651575,0.980143011,0.0298669655,0.601413727,-0.152642369,-0.625397146,-0.99063462,-0.485293567,0.146350428,-0.11338909,0.24971512,-0.448502839,0.0928118825,-0.324109972,0.118145719,-0.0226084441,0.587293327,-0.442355514,0.00740367966,0.0227271691,0.218091577,0.095271796,0.509473264,0.268021762,-0.000768207014,1.06902945,0.185691386,0.00940617919,0.0383519679,0.316872329,-0.313624322,-0.0101272315,0.938397229,-0.165542737,-0.0753189847,-0.00206283852,-0.485293567,0.146350428,-0.11338909,0.24971512,-0.448502839,0.0928118825,-0.324109972,0.118145719,-0.0226084441,0.587293327,-0.442355514,0.00740367966,0.0227271691,0.218091577,0.095271796,0.509473264,0.268021762,-0.000768205617,1.06902945,0.185691386,0.00940617546,0.0383519679,0.316872329,-0.313624322,-0.0101272333,0.938397229,-0.165542737,-0.0753189847,-0.00206283806,-0.485293567,0.146350428,-0.11338909,0.24971512,-0.448502839,0.0928118825,-0.324109972,0.118145719,-0.0226084441,0.587293327,-0.442355514,0.00740367966,0.0227271691,0.218091577,0.095271796,0.509473264,0.268021762,-0.000768207014,1.06902945,0.185691386,0.00940617919,0.0383519679,0.316872329,-0.313624322,-0.0101272315,0.938397229,-0.165542737,-0.0753189847,-0.00206283852
1.66194272,3188552.18,0,0,0.00145856896,2.16211192e-05,1,0.112302601,0.207178235,1,0.443259925,-0.00249985396,0.00736704236,0.896359384,0.346274465,-0.507898688,-0.0949428082,-0.214087382,0.0975827724,-0.0515367724,-0.232185826,0.0159510523,-0.00817468949,0.550713956,-0.352088362,-0.00253762235,-0.557345986,-0.0440526567,0.0425063558,0.378849179,-0.443273187,0.0133234123,-0.0137681235,0.00422395254,0.012851391,0.242373556,0.299315155,0.00426729163,0.976396322,0.176935732,-0.0247187614,0.0493278354,0.364411205,-0.260840207,-0.000625298533,0.972527385,-0.15659754,-0.045277182,0.0232431516,-1.49410796,-0.763922811,0.262477726,1.011482,1.3679266,-0.257346183,-1.80385613,-0.501479387,0.0857145116,4.55815268,-0.655142903,-0.119806148,0.252271801,-0.872993827,0.788802803,0.224578813,0.517945826,0.51662612,0.202910632,0.388260782,-0.347673148,0.360910505,-0.0537527204,0.850274265,0.0596310943,0.404878616,-0.223289713,-0.714626193,-1.02878916,-0.609540999,0.162556261,-0.124422885,0.174223185,-0.655681074,0.110157222,-0.3256661,0.123576947,-0.0446699001,0.762057781,-0.424118161,0.023520669,0.0036886977,0.277140528,0.1514889,0.501493514,0.258585036,-0.0191650987,1.03753054,0.194917321,-0.0034134239,0.0280199796,0.315841943,-0.326998353,0.000553436577,0.940061033,-0.182364643,-0.0831025094,-0.00286909752,-0.609540999,0.162556261,-0.124422885,0.174223185,-0.655681074,0.110157222,-0.3256661,0.123576954,-0.0446699001,0.762057781,-0.424118161,0.023520669,0.0036886977,0.277140528,0.1514889,0.501493514,0.258585036,-0.0191650931,1.03753054,0.194917321,-0.00341342343,0.0280199833,0.315841943,-0.326998353,0.000553436577,0.940061033,-0.182364643,-0.0831025094,-0.00286909752,-0.609540999,0.162556261,-0.124422885,0.174223185,-0.655681074,0.110157222,-0.3256661,0.123576947,-0.0446699001,0.762057781,-0.424118161,0.023520669,0.0036886977,0.277140528,0.1514889,0.501493514,0.258585036,-0.0191650987,1.03753054,0.194917321,-0.0034134239,0.0280199796,0.315841943,-0.326998353,0.000553436577,0.940061033,-0.182364643,-0.0831025094,-0.00286909752
1.67295964,3188552.19,0,0,0.0124754938,3.58200632e-05,1,0.112302601,0,1,0.443298668,0.000392959948,0.00680982228,0.896348,0.0634020045,-0.43437618,0.0767685249,-0.167620718,0.0762745664,-0.0818713605,-0.246057749,0.0100715216,-0.00701350672,0.56056875,-0.338528782,-0.00369208516,-0.574514925,-0.0465117097,0.0402565785,0.437848032,-0.446419299,0.0127479564,-0.0137825925,-0.00189391419,0.0197750535,0.247469738,0.303495437,0.00890582055,0.97837007,0.179949924,-0.0270920638,0.0527355634,0.363502175,-0.253713489,0.00094440073,0.975283742,-0.160005167,-0.0522122793,0.01448048,-1.51234341,-0.516028583,0.0134955235,0.970867515,1.32669163,0.0116149113,-2.06743288,-0.133509159,-0.483023584,7.52141857,-0.20692645,0.0145947523,-0.227332428,-0.47625044,0.415054142,0.806035876,0.381629914,0.407241851,0.123734333,0.247973561,-0.168596715,0.308899343,-0.0914857388,0.595488846,0.298353732,0.198963925,-0.52108407,-0.712517977,-0.76521951,-0.609540999,0.162556261,-0.124422885,0.174223185,-0.655681074,0.110157222,-0.3256661,0.123576947,-0.0446699001,0.762057781,-0.424118161,0.023520669,0.0036886977,0.277140528,0.1514889,0.501493514,0.258585036,-0.0191650987,1.03753054,0.194917321,-0.0034134239,0.0280199796,0.315841943,-0.326998353,0.000553436577,0.940061033,-0.182364643,-0.0831025094,-0.00286909752,-0.609540999,0.162556261,-0.124422885,0.174223185,-0.655681074,0.110157222,-0.3256661,0.123576954,-0.0446699001,0.762057781,-0.424118161,0.023520669,0.0036886977,0.277140528,0.1514889,0.501493514,0.258585036,-0.0191650931,1.03753054,0.194917321,-0.00341342343,0.0280199833,0.315841943,-0.326998353,0.000553436577,0.940061033,-0.182364643,-0.0831025094,-0.00286909752,-0.609540999,0.162556261,-0.124422885,0.174223185,-0.655681074,0.110157222,-0.3256661,0.123576947,-0.0446699001,0.762057781,-0.424118161,0.023520669,0.0036886977,0.277140528,0.1514889,0.501493514,0.258585036,-0.0191650987,1.03753054,0.194917321,-0.0034134239,0.0280199796,0.315841943,-0.326998353,0.000553436577,0.940061033,-0.182364643,-0.0831025094,-0.00286909752
1.68351102,3188552.2,0,0,0.00182021689,2.05747783e-05,1,1.13167614,0.142973959,1,0.442513913,0.00199426292,0.00541737117,0.896743059,-0.267192364,-0.601629615,0.302203387,-0.142932624,0.0649797395,-0.105029449,-0.256972909,0.00717927795,-0.00856021885,0.567619681,-0.32814002,-0.00298444531,-0.588533938,-0.0459877923,0.0342350751,0.502411008,-0.446222514,0.0129561452,-0.017497113,-0.00363485957,0.0229548179,0.255488425,0.305979282,0.0114069879,0.979156733,0.181683928,-0.0277262907,0.0547475331,0.362609357,-0.24994491,0.00397193944,0.97622484,-0.164841741,-0.0577318296,0.00954358,-1.21297586,-0.252535909,-0.317438662,0.805089772,1.28672993,0.118050069,-1.40179741,0.212678328,-0.872681737,8.02936935,0.193269923,0.0244653765,-0.569170713,-0.0498378389,0.442354262,1.07270193,0.263860613,0.248057455,0.113116562,0.207825854,-0.02604983,0.213707373,-0.120329432,0.407006294,0.398405164,0.0811670274,-0.614692152,-0.665536225,-0.530253053,-0.609540999,0.162556261,-0.124422885,0.174223185,-0.655681074,0.110157222,-0.3256661,0.123576947,-0.0446699001,0.762057781,-0.424118161,0.023520669,0.0036886977,0.277140528,0.1514889,0.501493514,0.258585036,-0.0191650987,1.03753054,0.194917321,-0.0034134239,0.0280199796,0.315841943,-0.326998353,0.000553436577,0.940061033,-0.182364643,-0.0831025094,-0.00286909752,-0.751087904,0.127167642,-0.0742460638,0.140926063,-0.79478246,0.15429233,-0.251966298,0.079755947,-0.0780901909,0.905031741,-0.463316441,0.0198619049,0.0343872681,0.31762132,0.186758757,0.553315639,0.268760741,-0.0275350753,1.03795934,0.194715112,-0.00628608279,0.0160276629,0.254724473,-0.337550908,0.0163736828,0.937494397,-0.19124341,-0.0783509091,0.00279822736,-0.751087904,0.127167642,-0.0742460638,0.140926063,-0.79478246,0.15429233,-0.251966298,0.079755947,-0.0780901909,0.905031741,-0.463316441,0.0198619049,0.0343872681,0.31762132,0.186758757,0.553315639,0.268760741,-0.0275350809,1.03795934,0.194715112,-0.00628608465,0.0160276592,0.254724473,-0.337550908,0.0163736828,0.937494397,-0.19124341,-0.0783509091,0.00279822759
1.69394455,3188552.21,0,0,0.0122537557,2.26288103e-05,1,1.13167614,0,1,0.441076994,0.00445144251,0.00150367967,0.897456944,-0.417797178,-0.546816409,0.187189117,-0.116073325,0.0527121611,-0.140038371,-0.271479905,0.00572446221,-0.0113139749,0.575353146,-0.312283993,0.00323862047,-0.604925215,-0.0432087965,0.0113187879,0.628770411,-0.451925248,0.0131705776,-0.0223320778,-0.0022043027,0.0259895436,0.273183286,0.309392303,0.0114673786,0.980252862,0.184820518,-0.027330419,0.0543847233,0.362039268,-0.246700197,0.0126342997,0.97760886,-0.174312875,-0.0639784113,0.00570201688,-0.896893203,0.0272036847,-0.103289455,0.381620079,1.00773513,0.623280525,-0.827064276,0.190876096,-2.13335752,9.3172369,-0.564133704,0.0103523331,-0.148888215,0.235915005,0.0863435492,1.37400436,0.21549657,-0.166507393,0.0467603728,0.245625317,0.0594719425,-0.212554753,0.000186040503,0.109272107,0.74295795,0.138694867,-0.683747709,-0.266817242,-0.124486253,-0.751087904,0.127167642,-0.0742460638,0.140926063,-0.79478246,0.15429233,-0.251966298,0.079755947,-0.0780901909,0.905031741,-0.463316441,0.0198619049,0.0343872681,0.31762132,0.186758757,0.553315639,0.268760741,-0.0275350809,1.03795934,0.194715112,-0.00628608465,0.0160276592,0.254724473,-0.337550908,0.0163736828,0.937494397,-0.19124341,-0.0783509091,0.00279822759,-0.751087904,0.127167642,-0.0742460638,0.140926063,-0.79478246,0.15429233,-0.251966298,0.079755947,-0.0780901909,0.905031741,-0.463316441,0.0198619049,0.0343872681,0.31762132,0.186758757,0.553315639,0.268760741,-0.0275350753,1.03795934,0.194715112,-0.00628608279,0.0160276629,0.254724473,-0.337550908,0.0163736828,0.937494397,-0.19124341,-0.0783509091,0.00279822736,-0.751087904,0.127167642,-0.0742460638,0.140926063,-0.79478246,0.15429233,-0.251966298,0.079755947,-0.0780901909,0.905031741,-0.463316441,0.0198619049,0.0343872681,0.31762132,0.186758757,0.553315639,0.268760741,-0.0275350809,1.03795934,0.194715112,-0.00628608465,0.0160276592,0.254724473,-0.337550908,0.0163736828,0.937494397,-0.19124341,-0.0783509091,0.00279822759
1.70494344,3188552.22,0,0,0.00433984725,2.17063352e-05,1,0.200621784,0.120354831,1,0.439857006,0.00601128675,-0.00358580332,0.898040533,-0.778619468,-0.60415256,0.243339196,-0.0893912092,0.0389886722,-0.191823289,-0.279645592,0.00934875663,-0.0131813511,0.577715635,-0.301214099,0.0104813082,-0.601665497,-0.0367397219,-0.0141777201,0.720805705,-0.454214901,0.0133081116,-0.0228437334,0.00429616496,0.0266096741,0.290261477,0.310735613,0.00785464887,0.981547713,0.187957257,-0.0262385458,0.0502916127,0.362033725,-0.246342078,0.0203926992,0.979904234,-0.180764809,-0.0656192973,0.00501350639,-0.567618966,0.479512662,-0.164937586,0.0481262915,0.875837982,0.575181663,0.994638383,0.820980072,-2.01269817,6.44853735,-0.0842610896,0.0130383493,0.0379939191,0.715123713,-0.0269651171,1.47580814,0.0553982258,-0.393275261,0.152094692,0.255449384,0.101254009,-0.415774077,-0.000352995499,-0.00734963221,0.561401188,0.232124537,-0.430157065,-0.072637029,-0.026931785,-0.836776793,0.102925591,-0.0284357294,0.138714015,-0.854339361,0.172140405,-0.183731794,0.0132359788,-0.0789852589,1.02538657,-0.545152307,0.00790241733,0.0598827526,0.318754315,0.199020863,0.630006075,0.288596094,-0.0218023807,1.05438197,0.197750643,0.00508394837,-0.00817735493,0.172335491,-0.335967004,0.0195108466,0.924189687,-0.184905514,-0.0562458858,-0.00188750587,-0.836776793,0.102925591,-0.0284357294,0.138714015,-0.854339361,0.172140405,-0.183731794,0.0132359788,-0.0789852589,1.02538657,-0.545152307,0.00790241733,0.0598827526,0.318754315,0.199020863,0.630006075,0.288596094,-0.0218023825,1.05438197,0.197750643,0.00508395536,-0.00817734934,0.172335491,-0.335967004,0.0195108466,0.924189687,-0.184905514,-0.0562458858,-0.00188750587,-0.836776793,0.102925591,-0.0284357294,0.138714015,-0.854339361,0.172140405,-0.183731794,0.0132359788,-0.0789852589,1.02538657,-0.545152307,0.00790241733,0.0598827526,0.318754315,0.199020863,0.630006075,0.288596094,-0.0218023807,1.05438197,0.197750643,0.00508394837,-0.00817735493,0.172335491,-0.335967004,0.0195108466,0.924189687,-0.184905514,-0.0562458858,-0.00188750587
1.71594169,3188552.23,0,0,0.0153380991,2.14879401e-05,1,0.200621784,0,1,0.439243436,0.00721523818,-0.00721793482,0.898310125,-0.31449309,-0.36348927,0.0890321434,-0.0684937015,0.0278886538,-0.251992553,-0.286555111,0.0126909567,-0.0103908582,0.577678621,-0.303022534,0.0184797551,-0.587893426,-0.0302609894,-0.0376323871,0.803209364,-0.472225308,0.0129477642,-0.0194470659,0.00865278766,0.0230744705,0.311010957,0.312368155,0.00379215111,0.98117274,0.191520989,-0.0256048236,0.0410763435,0.360454142,-0.246197939,0.0268495996,0.983266592,-0.183301628,-0.0609840527,0.00481206411,-0.564247012,0.18418099,0.39348197,-0.0811945945,-0.604203403,0.68098104,1.44371772,0.410844564,-1.9157269,6.6758008,-1.6950947,-0.0312864035,0.383803219,0.228635445,-0.430936426,1.85466111,0.14685449,-0.321379095,-0.0967952386,0.306080014,0.0255753659,-0.944043875,-0.235827312,0.00777888577,0.473618895,0.310240686,-0.113150842,0.60120821,-0.0121303583,-0.836776793,0.102925591,-0.0284357294,0.138714015,-0.854339361,0.172140405,-0.183731794,0.0132359788,-0.0789852589,1.02538657,-0.545152307,0.00790241733,0.0598827526,0.318754315,0.199020863,0.630006075,0.288596094,-0.0218023807,1.05438197,0.197750643,0.00508394837,-0.00817735493,0.172335491,-0.335967004,0.0195108466,0.924189687,-0.184905514,-0.0562458858,-0.00188750587,-0.836776793,0.102925591,-0.0284357294,0.138714015,-0.854339361,0.172140405,-0.183731794,0.0132359788,-0.0789852589,1.02538657,-0.545152307,0.00790241733,0.0598827526,0.318754315,0.199020863,0.630006075,0.288596094,-0.0218023825,1.05438197,0.197750643,0.00508395536,-0.00817734934,0.172335491,-0.335967004,0.0195108466,0.924189687,-0.184905514,-0.0562458858,-0.00188750587,-0.836776793,0.102925591,-0.0284357294,0.138714015,-0.854339361,0.172140405,-0.183731794,0.0132359788,-0.0789852589,1.02538657,-0.545152307,0.00790241733,0.0598827526,0.318754315,0.199020863,0.630006075,0.288596094,-0.0218023807,1.05438197,0.197750643,0.00508394837,-0.00817735493,0.172335491,-0.335967004,0.0195108466,0.924189687,-0.184905514,-0.0562458858,-0.00188750587
1.72594344,3188552.24,0,0,0.00545249088,2.18870118e-05,1,0.11904398,0.0708026886,1,0.438769549,0.00774908671,-0.00869067665,0.898524165,-0.250599116,-0.223388493,0.163105071,-0.053566426,0.0205657668,-0.312761903,-0.291080892,0.0137912966,-0.00703441212,0.576014698,-0.308933169,0.0236915648,-0.572719634,-0.0271548275,-0.0523652025,0.850846946,-0.483403385,0.0127480486,-0.0161714982,0.0103939576,0.0187007133,0.326366991,0.31321919,0.00107734231,0.980592132,0.193811193,-0.0256069414,0.0330032334,0.357809693,-0.246329352,0.0297631361,0.985864818,-0.183847696,-0.0557546094,0.00473242579,-0.580353856,0.108661324,0.420924574,-0.285377949,-0.79459554,0.629871488,2.16638088,0.389339119,-1.78042996,5.47575903,-1.24710882,-0.0219269507,0.417629987,0.218564972,-0.625480354,1.95502067,0.0775242075,-0.355105758,-0.0518185645,0.269456953,-0.0125152087,-1.02940559,-0.381128132,-0.034421213,0.300128013,0.326796919,-0.0485844724,0.658705294,-0.00900517683,-0.804192603,0.0999492332,-0.0292318463,0.146352291,-0.868345976,0.135686994,-0.172287792,-0.00828424841,-0.0842311978,1.06655943,-0.615954995,0.0123922396,0.07844311,0.265350521,0.23536022,0.69222647,0.284390152,-0.0162957609,1.07088459,0.198702037,0.0070079416,-0.0224355757,0.124419197,-0.332958341,0.0142927878,0.9140414,-0.170261413,-0.0316912197,-0.0108737331,-0.804192603,0.0999492332,-0.0292318463,0.146352291,-0.868345976,0.135686994,-0.172287792,-0.00828424841,-0.0842311978,1.06655943,-0.615954995,0.0123922396,0.07844311,0.265350521,0.235360205,0.69222647,0.284390152,-0.0162957571,1.07088459,0.198702037,0.00700794673,-0.0224355813,0.124419197,-0.332958341,0.0142927878,0.9140414,-0.170261413,-0.0316912197,-0.0108737331,-0.804192603,0.0999492332,-0.0292318463,0.146352291,-0.868345976,0.135686994,-0.172287792,-0.00828424841,-0.0842311978,1.06655943,-0.615954995,0.0123922396,0.07844311,0.265350521,0.23536022,0.69222647,0.284390152,-0.0162957609,1.07088459,0.198702037,0.0070079416,-0.0224355757,0.124419197,-0.332958341,0.0142927878,0.9140414,-0.170261413,-0.0316912197,-0.0108737331
1.73594358,3188552.25,0,0,0.0154526308,2.18506902e-05,1,0.11904398,0,1,0.438579708,0.0093354024,-0.00950670522,0.898593485,0.116353691,-0.354481995,-0.00696331868,-0.0395011753,0.0151656922,-0.383145392,-0.293559641,0.0127712963,-0.000872680626,0.570816398,-0.320022136,0.0282825194,-0.545355916,-0.0249067452,-0.0681835189,0.902446985,-0.505350649,0.0126368264,-0.0101595642,0.00999525283,0.0146204168,0.346590996,0.313837141,-0.00124109641,0.979450881,0.196483999,-0.026868239,0.021653438,0.351248264,-0.24642323,0.0315148123,0.988432586,-0.182566509,-0.04527108,0.00331258029,-0.152029708,-0.222667918,0.696616352,-0.645821631,-1.27121449,0.378961593,3.0487318,0.140074626,-1.46172965,4.82207441,-2.40154028,-0.00603079144,0.68132031,-0.159452379,-0.390681297,2.08309007,0.040676713,-0.185589328,-0.119518995,0.248386726,-0.197038665,-1.16716099,-0.799747765,-0.0115511874,0.10665676,0.219993815,0.208524853,1.20658195,-0.208426625,-0.804192603,0.0999492332,-0.0292318463,0.146352291,-0.868345976,0.135686994,-0.172287792,-0.00828424841,-0.0842311978,1.06655943,-0.615954995,0.0123922396,0.07844311,0.265350521,0.23536022,0.69222647,0.284390152,-0.0162957609,1.07088459,0.198702037,0.0070079416,-0.0224355757,0.124419197,-0.332958341,0.0142927878,0.9140414,-0.170261413,-0.0316912197,-0.0108737331,-0.804192603,0.0999492332,-0.0292318463,0.146352291,-0.868345976,0.135686994,-0.172287792,-0.00828424841,-0.0842311978,1.06655943,-0.615954995,0.0123922396,0.07844311,0.265350521,0.235360205,0.69222647,0.284390152,-0.0162957571,1.07088459,0.198702037,0.00700794673,-0.0224355813,0.124419197,-0.332958341,0.0142927878,0.9140414,-0.170261413,-0.0316912197,-0.0108737331,-0.804192603,0.0999492332,-0.0292318463,0.146352291,-0.868345976,0.135686994,-0.172287792,-0.00828424841,-0.0842311978,1.06655943,-0.615954995,0.0123922396,0.07844311,0.265350521,0.23536022,0.69222647,0.284390152,-0.0162957609,1.07088459,0.198702037,0.0070079416,-0.0224355757,0.124419197,-0.332958341,0.0142927878,0.9140414,-0.170261413,-0.0316912197,-0.0108737331
1.74691253,3188552.26,0,0,0.00639357697,4.40934673e-06,1,0.118228141,0.126623988,1,0.438503623,0.0108145596,-0.00871289149,0.898622096,0.295990646,-0.130916625,0.00083220494,-0.0282552503,0.0108480416,-0.47031796,-0.296790779,0.00817892328,0.00748292822,0.561579823,-0.33733505,0.0318507664,-0.504000485,-0.0239925794,-0.0834837258,0.94945389,-0.530082405,0.0127543779,-0.00160711235,0.00721926661,0.00745159108,0.372942775,0.313480556,-0.00357643305,0.978760481,0.198650584,-0.0302093998,0.00842968374,0.339723766,-0.247340873,0.0319767296,0.990370512,-0.179732859,-0.0312799178,0.000458877214,-0.256104678,-0.477622271,0.695106208,-0.806952417,-1.69068539,0.143422872,3.85067534,0.0617891364,-1.12991071,3.12993979,-2.060673,0.0684447959,0.764882922,-0.276593179,-0.580468774,2.21092749,-0.105577655,-0.17097567,0.00511364546,0.174627155,-0.349874824,-0.994103611,-1.10140514,-0.112569213,-0.0454181768,0.104844652,0.254352748,1.10940576,-0.238802373,-0.677568614,0.110022597,-0.0374964625,0.197592452,-0.882154107,0.0430705398,-0.221020401,-0.0144050792,-0.0914469361,1.01828837,-0.671643972,0.0259481184,0.0845071375,0.18408826,0.275027394,0.680102229,0.261062264,-0.0114560425,1.06909359,0.206818938,-0.0131926835,-0.00918325782,0.133825615,-0.330825329,0.000330843031,0.915702522,-0.165658921,-0.0188066587,-0.0119841285,-0.677568614,0.110022597,-0.0374964625,0.197592452,-0.882154107,0.0430705398,-0.221020401,-0.0144050792,-0.0914469361,1.01828837,-0.671643913,0.0259481184,0.0845071375,0.18408826,0.275027394,0.680102229,0.261062264,-0.0114560444,1.06909359,0.206818938,-0.0131926825,-0.00918325968,0.133825615,-0.330825329,0.000330843031,0.915702522,-0.165658921,-0.0188066587,-0.0119841285,-0.677568614,0.110022597,-0.0374964625,0.197592452,-0.882154107,0.0430705398,-0.221020401,-0.0144050792,-0.0914469361,1.01828837,-0.671643972,0.0259481184,0.0845071375,0.18408826,0.275027394,0.680102229,0.261062264,-0.0114560425,1.06909359,0.206818938,-0.0131926835,-0.00918325782,0.133825615,-0.330825329,0.000330843031,0.915702522,-0.165658921,-0.0188066587,-0.0119841285
1.75694236,3188552.27,0,0,0.0164234019,1.74171291e-05,1,0.118228141,0,1,0.438884735,0.0127737392,-0.00746698072,0.898421526,0.469361097,-0.176264361,-0.146322787,-0.0208361037,0.00799960736,-0.55051285,-0.297634304,0.00251372135,0.0150624057,0.55369097,-0.359109253,0.0306438021,-0.459538221,-0.023262592,-0.0926649868,0.969724774,-0.553974271,0.0144803049,0.00760273729,0.0035714251,0.00423384178,0.394294828,0.31119892,-0.0044840998,0.980007708,0.201087788,-0.0350858681,0.00102021196,0.326574773,-0.248546973,0.0297250189,0.990859568,-0.176829204,-0.0208268855,-0.00174765941,-0.119778492,-0.643202782,0.801087499,-0.814847231,-2.33292031,-0.191459879,4.62920618,0.0647865459,-0.765570998,1.42452121,-2.34993148,0.172879964,0.997609675,-0.432390213,-0.346455812,2.15283179,-0.299421787,-0.0551077724,0.179192483,0.261217952,-0.544729173,-0.578686178,-1.41049719,-0.142315075,-0.30156678,0.0174394138,0.289858997,0.959402859,-0.203232422,-0.677568614,0.110022597,-0.0374964625,0.197592452,-0.882154107,0.0430705398,-0.221020401,-0.0144050792,-0.0914469361,1.01828837,-0.671643972,0.0259481184,0.0845071375,0.18408826,0.275027394,0.680102229,0.261062264,-0.0114560425,1.06909359,0.206818938,-0.0131926835,-0.00918325782,0.133825615,-0.330825329,0.000330843031,0.915702522,-0.165658921,-0.0188066587,-0.0119841285,-0.677568614,0.110022597,-0.0374964625,0.197592452,-0.882154107,0.0430705398,-0.221020401,-0.0144050792,-0.0914469361,1.01828837,-0.671643913,0.0259481184,0.0845071375,0.18408826,0.275027394,0.680102229,0.261062264,-0.0114560444,1.06909359,0.206818938,-0.0131926825,-0.00918325968,0.133825615,-0.330825329,0.000330843031,0.915702522,-0.165658921,-0.0188066587,-0.0119841285,-0.677568614,0.110022597,-0.0374964625,0.197592452,-0.882154107,0.0430705398,-0.221020401,-0.0144050792,-0.0914469361,1.01828837,-0.671643972,0.0259481184,0.0845071375,0.18408826,0.275027394,0.680102229,0.261062264,-0.0114560425,1.06909359,0.206818938,-0.0131926835,-0.00918325782,0.133825615,-0.330825329,0.000330843031,0.915702522,-0.165658921,-0.0188066587,-0.0119841285
1.76791193,3188552.28,0,0,0.00740566198,4.07081097e-06,1,0.107015017,0.214226484,1,0.4398624,0.0140018417,-0.00429181941,0.897945762,0.531573832,-0.0192724336,-0.17846249,-0.0149040939,0.00572213065,-0.632080615,-0.301831871,-0.00663155084,0.0249191821,0.54363668,-0.387805939,0.0278772637,-0.403054416,-0.022657048,-0.0991892368,0.97649008,-0.578471601,0.0163676459,0.0200874433,-0.00245435489,-0.00178856042,0.420717508,0.306036949,-0.00454827072,0.982967734,0.204248056,-0.0419400521,-0.00264127762,0.308303982,-0.251070797,0.0247897152,0.989606857,-0.173758477,-0.0124944299,-0.0032648854,-0.320225716,-0.742768645,0.769918442,-0.749662042,-2.54161549,-0.442838222,5.08246994,0.0989117548,-0.524261296,-0.416936904,-1.84640145,0.193055063,1.0431087,-0.431824684,-0.281066388,2.09015083,-0.584315956,0.074390687,0.363209099,0.353664249,-0.617043138,-0.0622292683,-1.6197015,-0.247883633,-0.646061301,-0.263324946,0.25655809,0.400225222,0.0198311564,-0.46334213,0.151426703,-0.0600622557,0.2773588,-0.86322087,-0.0624829233,-0.326007456,-0.0168994591,-0.10780181,0.920857131,-0.686676621,0.0312698036,0.0710583329,0.14914149,0.265649915,0.598948121,0.228505373,-0.00462371111,1.0260849,0.221741289,-0.0513785332,0.0125054717,0.189671278,-0.329166859,-0.0226131715,0.920877755,-0.161603168,-0.0345102213,0.00338026136,-0.4633421,0.151426703,-0.0600622557,0.2773588,-0.86322087,-0.0624829233,-0.326007456,-0.0168994591,-0.10780181,0.920857131,-0.686676562,0.0312698036,0.0710583329,0.14914149,0.265649915,0.598948121,0.228505373,-0.00462371157,1.0260849,0.221741289,-0.0513785332,0.0125054689,0.189671278,-0.329166859,-0.0226131715,0.920877755,-0.161603168,-0.0345102213,0.00338026043,-0.46334213,0.151426703,-0.0600622557,0.2773588,-0.86322087,-0.0624829233,-0.326007456,-0.0168994591,-0.10780181,0.920857131,-0.686676621,0.0312698036,0.0710583329,0.14914149,0.265649915,0.598948121,0.228505373,-0.00462371111,1.0260849,0.221741289,-0.0513785332,0.0125054717,0.189671278,-0.329166859,-0.0226131715,0.920877755,-0.161603168,-0.0345102213,0.00338026136
1.77894289,3188552.3,0,0,0.0184366172,2.17803754e-05,1,0.107015017,0,1,0.440807402,0.0150746377,-0.00185360643,0.897473216,0.574384272,0.168981776,-0.28048867,-0.0106609203,0.00409304863,-0.703450263,-0.305957913,-0.0138455257,0.0327960998,0.536978424,-0.413904846,0.0222764593,-0.350813538,-0.0212765448,-0.103821121,0.963036776,-0.595463336,0.0183583871,0.0308499113,-0.00644082297,-0.003594334,0.440770656,0.298627347,-0.00298978901,0.9875772,0.208707049,-0.0482098944,-0.000525258016,0.291684091,-0.253953993,0.0160671957,0.984752595,-0.171219304,-0.0118810441,-0.0016001648,-0.589024842,-0.746607423,0.845491052,-0.652225614,-2.57255316,-0.544611156,5.07849789,0.132930785,-0.355660796,-1.68759191,-1.61231661,0.181350216,1.11228991,-0.438533694,-0.273294538,2.01396728,-0.811401486,0.187295184,0.479197115,0.458177805,-0.601615489,0.362420171,-1.66980565,-0.320798993,-0.931381643,-0.619121313,0.23921974,-0.113186151,0.213760763,-0.46334213,0.151426703,-0.0600622557,0.2773588,-0.86322087,-0.0624829233,-0.326007456,-0.0168994591,-0.10780181,0.920857131,-0.686676621,0.0312698036,0.0710583329,0.14914149,0.265649915,0.598948121,0.228505373,-0.00462371111,1.0260849,0.221741289,-0.0513785332,0.0125054717,0.189671278,-0.329166859,-0.0226131715,0.920877755,-0.161603168,-0.0345102213,0.00338026136,-0.4633421,0.151426703,-0.0600622557,0.2773588,-0.86322087,-0.0624829233,-0.326007456,-0.0168994591,-0.10780181,0.920857131,-0.686676562,0.0312698036,0.0710583329,0.14914149,0.265649915,0.598948121,0.228505373,-0.00462371157,1.0260849,0.221741289,-0.0513785332,0.0125054689,0.189671278,-0.329166859,-0.0226131715,0.920877755,-0.161603168,-0.0345102213,0.00338026043,-0.46334213,0.151426703,-0.0600622557,0.2773588,-0.86322087,-0.0624829233,-0.326007456,-0.0168994591,-0.10780181,0.920857131,-0.686676621,0.0312698036,0.0710583329,0.14914149,0.265649915,0.598948121,0.228505373,-0.00462371111,1.0260849,0.221741289,-0.0513785332,0.0125054717,0.189671278,-0.329166859,-0.0226131715,0.920877755,-0.161603168,-0.0345102213,0.00338026136
1.78991227,3188552.31,0,0,0.00939356582,4.42983583e-06,1,0.114459079,0.252850682,1,0.442534864,0.0146605549,0.00248097139,0.896628022,0.451327533,0.178394794,-0.202544019,-0.00762577122,0.00292776315,-0.761551261,-0.316609055,-0.0231425446,0.0432887673,0.529903591,-0.443396956,0.0157586876,-0.292805225,-0.0197180584,-0.106550097,0.935807645,-0.610629976,0.0199778713,0.0439884923,-0.0119793108,-0.00773080159,0.464540094,0.287488699,-7.80564296e-05,0.993394554,0.213723108,-0.0541089922,0.00588794611,0.271138996,-0.258800954,0.0050618099,0.974741936,-0.168574303,-0.0161130466,0.000768341939,-0.797743559,-0.638031662,0.697583199,-0.404346913,-2.4432354,-0.8654989,5.3707037,0.288074136,-0.341301948,-3.79281187,-0.592150927,0.0742887259,0.963236511,-0.237674892,0.0444798954,1.75538242,-1.09129536,0.351508677,0.569927514,0.453598887,-0.386633188,0.624641657,-1.7439338,-0.480583698,-0.994906545,-1.01200283,0.26683417,-0.621897399,0.159031317,-0.210491449,0.196276724,-0.0746529698,0.379084408,-0.820192993,-0.159231305,-0.40883559,-0.0346560106,-0.102718472,0.71437192,-0.643836975,0.0167383756,0.0497011095,0.150469542,0.193526492,0.479681015,0.218667746,0.0125330761,0.954012275,0.225342184,-0.0935998559,0.0266217291,0.291011393,-0.332828134,-0.0387250781,0.936999083,-0.154297516,-0.0484798402,0.00236360729,-0.210491449,0.196276724,-0.0746529698,0.379084408,-0.820192993,-0.159231305,-0.40883559,-0.0346560106,-0.102718472,0.71437192,-0.643836975,0.0167383756,0.0497011095,0.150469542,0.193526492,0.479681015,0.21866776,0.0125330742,0.954012275,0.225342184,-0.0935998559,0.0266217273,0.291011393,-0.332828134,-0.0387250781,0.936999083,-0.154297516,-0.0484798402,0.00236360659,-0.210491449,0.196276724,-0.0746529698,0.379084408,-0.820192993,-0.159231305,-0.40883559,-0.0346560106,-0.102718472,0.71437192,-0.643836975,0.0167383756,0.0497011095,0.150469542,0.193526492,0.479681015,0.218667746,0.0125330761,0.954012275,0.225342184,-0.0935998559,0.0266217291,0.291011393,-0.332828134,-0.0387250781,0.936999083,-0.154297516,-0.0484798402,0.00236360729
1.79991338,3188552.32,0,0,0.0193946748,4.78886068e-06,1,0.114459079,0,1,0.443075031,0.014962038,0.003892245,0.896351218,0.355817467,0.162672624,-0.206718534,-0.00562342769,0.0021590034,-0.806095064,-0.322879881,-0.0271827597,0.0484240241,0.527722061,-0.46268639,0.00675219251,-0.247371644,-0.0161126927,-0.109055936,0.894082904,-0.612248063,0.0202511661,0.0513228513,-0.0127603542,-0.00573636685,0.477252811,0.277901828,0.00353448791,0.998310506,0.217350692,-0.0561788641,0.0110531971,0.257713914,-0.263068169,-0.00316784857,0.965453506,-0.166087225,-0.0228497479,0.00158187468,-0.884206593,-0.467069745,0.702690661,-0.247752368,-2.367064,-1.18350327,5.57948494,0.492842436,-0.205341756,-5.67640781,-0.128483653,0.0181426592,0.952300966,-0.105639301,0.201592371,1.55888987,-1.22474885,0.487527251,0.606580973,0.421790421,-0.184484705,0.646144927,-1.61462009,-0.554545522,-1.00932205,-1.23467398,0.31787914,-0.926669717,0.0722250864,-0.210491449,0.196276724,-0.0746529698,0.379084408,-0.820192993,-0.159231305,-0.40883559,-0.0346560106,-0.102718472,0.71437192,-0.643836975,0.0167383756,0.0497011095,0.150469542,0.193526492,0.479681015,0.218667746,0.0125330761,0.954012275,0.225342184,-0.0935998559,0.0266217291,0.291011393,-0.332828134,-0.0387250781,0.936999083,-0.154297516,-0.0484798402,0.00236360729,-0.210491449,0.196276724,-0.0746529698,0.379084408,-0.820192993,-0.159231305,-0.40883559,-0.0346560106,-0.102718472,0.71437192,-0.643836975,0.0167383756,0.0497011095,0.150469542,0.193526492,0.479681015,0.21866776,0.0125330742,0.954012275,0.225342184,-0.0935998559,0.0266217273,0.291011393,-0.332828134,-0.0387250781,0.936999083,-0.154297516,-0.0484798402,0.00236360659,-0.210491449,0.196276724,-0.0746529698,0.379084408,-0.820192993,-0.159231305,-0.40883559,-0.0346560106,-0.102718472,0.71437192,-0.643836975,0.0167383756,0.0497011095,0.150469542,0.193526492,0.479681015,0.218667746,0.0125330761,0.954012275,0.225342184,-0.0935998559,0.0266217291,0.291011393,-0.332828134,-0.0387250781,0.936999083,-0.154297516,-0.0484798402,0.00236360729
1.80993724,3188552.33,0,0,0.00946255913,1.61309727e-05,1,0.102994032,0.232155919,1,0.444568366,0.0146228205,0.0066449889,0.895600915,0.255580842,0.0227117594,-0.14197053,-0.00414685113,0.0015921013,-0.843684673,-0.335502625,-0.0320387296,0.0579808392,0.525978446,-0.489332676,-0.0113048302,-0.18266131,-0.00960557722,-0.108806901,0.813858926,-0.60589397,0.0193294547,0.062884599,-0.0143492175,-0.00316782319,0.494785845,0.262928158,0.0103582833,1.00553155,0.220304042,-0.0570533089,0.0174584147,0.23986192,-0.270283103,-0.0137992343,0.948952138,-0.162693724,-0.0348677486,0.000745261321,-0.936200798,-0.25964427,0.661137462,0.0903112814,-2.13191175,-2.15145373,5.95602131,0.726732969,0.0297451764,-8.61593246,1.75727487,-0.223881721,0.808769822,0.0381999165,0.546620667,1.25699031,-1.28686941,0.672433674,0.669607818,0.0975786224,0.000721416029,0.342516512,-1.34875238,-0.642120242,-0.818293273,-1.49537849,0.255557209,-1.07445371,-0.28859511,0.0115055889,0.194624379,-0.0461458154,0.497724235,-0.744604051,-0.236664757,-0.458337128,-0.0483354256,-0.0865562856,0.482216001,-0.542030692,0.00261962274,0.0248951502,0.152444378,0.0879171044,0.368935645,0.230710745,0.0315480977,0.88909775,0.203026682,-0.131237626,0.0167315602,0.419059068,-0.324669152,-0.0417312011,0.961278558,-0.153274477,-0.0510923862,-0.015781587,0.0115055814,0.194624379,-0.0461458154,0.497724235,-0.744604051,-0.236664757,-0.458337128,-0.0483354256,-0.0865562856,0.482216001,-0.542030632,0.00261962274,0.0248951502,0.152444378,0.0879171044,0.368935645,0.23071076,0.0315481015,0.88909775,0.203026682,-0.131237626,0.016731564,0.419059068,-0.324669152,-0.0417312011,0.961278558,-0.153274477,-0.0510923862,-0.015781587,0.0115055889,0.194624379,-0.0461458154,0.497724235,-0.744604051,-0.236664757,-0.458337128,-0.0483354256,-0.0865562856,0.482216001,-0.542030692,0.00261962274,0.0248951502,0.152444378,0.0879171044,0.368935645,0.230710745,0.0315480977,0.88909775,0.203026682,-0.131237626,0.0167315602,0.419059068,-0.324669152,-0.0417312011,0.961278558,-0.153274477,-0.0510923862,-0.015781587
1.82095339,3188552.34,0,0,0.000437394716,2.13119201e-05,1,0.115044881,0.150112987,1,0.445956171,0.0147173274,0.00872132462,0.894891322,0.521231949,0.336992055,-0.52156496,-0.0029662482,0.0011388323,-0.877720535,-0.346484303,-0.0341486037,0.0674805194,0.527198911,-0.509649992,-0.0340066999,-0.126904652,-0.00287624495,-0.104982726,0.72180444,-0.588320494,0.0170880016,0.0719675645,-0.0154920416,0.000993182883,0.507249534,0.250690609,0.0175046623,1.01180577,0.21907945,-0.0564447492,0.0189955831,0.228727922,-0.276597679,-0.0206517112,0.93347013,-0.160608575,-0.0454461053,-0.00349742942,-1.26770425,-0.222916767,1.21910954,0.0895874575,-1.95359337,-2.21567512,5.02184868,0.540601194,0.665532827,-8.94977093,1.47927403,-0.20087561,1.03001225,-0.292657435,0.257561922,1.27822638,-1.17180419,0.725481212,0.570206761,-0.268289328,0.0895977989,0.0506616533,-0.990480542,-0.618752301,-0.585920751,-1.55364287,0.175203606,-1.01419342,-0.460894823,0.0115055889,0.194624379,-0.0461458154,0.497724235,-0.744604051,-0.236664757,-0.458337128,-0.0483354256,-0.0865562856,0.482216001,-0.542030692,0.00261962274,0.0248951502,0.152444378,0.0879171044,0.368935645,0.230710745,0.0315480977,0.88909775,0.203026682,-0.131237626,0.0167315602,0.419059068,-0.324669152,-0.0417312011,0.961278558,-0.153274477,-0.0510923862,-0.015781587,0.0971718654,0.154732227,0.0282216016,0.604933143,-0.658578336,-0.229727358,-0.445531696,-0.0956768394,-0.0441752151,0.332103014,-0.427145094,-0.0318644382,-0.00216733664,0.151153773,-0.0112222228,0.285182536,0.269627631,0.0557682998,0.853137553,0.173480228,-0.151762322,-0.0080515258,0.542945921,-0.321377277,-0.0320931599,0.984042346,-0.158283696,-0.0375421867,-0.0262927059,0.097171858,0.154732227,0.0282215998,0.604933143,-0.658578336,-0.229727358,-0.445531696,-0.0956768394,-0.0441752151,0.332103014,-0.427145094,-0.0318644419,-0.00216733618,0.151153773,-0.0112222228,0.285182536,0.269627631,0.0557682998,0.853137553,0.173480228,-0.151762322,-0.00805152953,0.542945921,-0.321377277,-0.0320931599,0.984042346,-0.158283696,-0.0375421867,-0.0262927059
1.83194294,3188552.35,0,0,0.0114269392,2.19140202e-05,1,0.115044881,0,1,0.448632181,0.0141653586,0.0126146227,0.89351517,0.648909986,0.392894953,-0.509655237,-0.00212176167,0.000814608298,-0.9050439,-0.361097574,-0.0361898914,0.0823903978,0.529376149,-0.528758407,-0.0553943031,-0.0822051167,0.000563140435,-0.0963553339,0.634199083,-0.567509711,0.012523368,0.0814252719,-0.0196995959,0.00326024438,0.519835174,0.239497542,0.0250520855,1.01721549,0.213485032,-0.0554000512,0.0169521235,0.22028999,-0.283012271,-0.0245622564,0.917716801,-0.15944314,-0.0538323149,-0.00868860539,-1.53223801,-0.123569794,1.63249493,0.425646394,-1.9451189,-2.12525439,4.47839928,0.294022948,0.920228064,-9.35538006,3.19227052,-0.806643426,0.730652034,-0.407193661,0.301515043,1.2046535,-1.07551169,0.793042302,0.56774509,-0.824033678,0.108577259,-0.487220198,-0.680455744,-0.671465993,-0.242214531,-1.6350255,0.0739138648,-0.673037529,-0.611370444,0.097171858,0.154732227,0.0282215998,0.604933143,-0.658578336,-0.229727358,-0.445531696,-0.0956768394,-0.0441752151,0.332103014,-0.427145094,-0.0318644419,-0.00216733618,0.151153773,-0.0112222228,0.285182536,0.269627631,0.0557682998,0.853137553,0.173480228,-0.151762322,-0.00805152953,0.542945921,-0.321377277,-0.0320931599,0.984042346,-0.158283696,-0.0375421867,-0.0262927059,0.0971718654,0.154732227,0.0282216016,0.604933143,-0.658578336,-0.229727358,-0.445531696,-0.0956768394,-0.0441752151,0.332103014,-0.427145094,-0.0318644382,-0.00216733664,0.151153773,-0.0112222228,0.285182536,0.269627631,0.0557682998,0.853137553,0.173480228,-0.151762322,-0.0080515258,0.542945921,-0.321377277,-0.0320931599,0.984042346,-0.158283696,-0.0375421867,-0.0262927059,0.097171858,0.154732227,0.0282215998,0.604933143,-0.658578336,-0.229727358,-0.445531696,-0.0956768394,-0.0441752151,0.332103014,-0.427145094,-0.0318644419,-0.00216733618,0.151153773,-0.0112222228,0.285182536,0.269627631,0.0557682998,0.853137553,0.173480228,-0.151762322,-0.00805152953,0.542945921,-0.321377277,-0.0320931599,0.984042346,-0.158283696,-0.0375421867,-0.0262927059
1.84294567,3188552.36,0,0,0.00246707629,2.24602409e-05,1,0.107265078,0.142560527,1,0.451238841,0.0137138404,0.0173105337,0.892129898,0.906762779,0.576213658,-0.711161315,-0.00151769933,0.000582690467,-0.926718056,-0.378313601,-0.0369700715,0.102378123,0.534674883,-0.546363533,-0.0759049952,-0.0439166389,0.00101836107,-0.0846109912,0.546439886,-0.536630332,0.00491084857,0.0879968256,-0.0252152197,0.0057055396,0.531435549,0.229591459,0.0330118537,1.02295387,0.20262219,-0.0542007536,0.00887518656,0.215808287,-0.28971073,-0.0258293543,0.901713312,-0.159037754,-0.058848802,-0.0148621816,-1.85450554,-0.0755936652,2.22541285,0.560933769,-1.59737277,-1.98298693,3.24290442,-0.16637975,1.31767309,-7.9762249,2.71618342,-0.667426705,0.647375584,-0.66138041,0.200610325,1.1235168,-0.946766615,0.779303372,0.576120555,-1.20456123,0.131177753,-0.968225002,-0.320402235,-0.66674161,-0.0751127973,-1.53421497,0.0254558939,-0.414005101,-0.583547771,0.0641706139,0.131793872,0.0635667667,0.742982626,-0.582800806,-0.132509902,-0.435180694,-0.238237366,0.0525296181,0.277659714,-0.401880085,-0.105102234,-0.00724570407,0.134489506,-0.0508301593,0.24000974,0.334928691,0.0885581523,0.842491746,0.147059888,-0.133640677,-0.0133785903,0.581067085,-0.309070468,-0.0187727995,0.981268287,-0.160437331,-0.0298371091,-0.0175673086,0.0641706213,0.131793872,0.0635667667,0.742982626,-0.582800806,-0.132509902,-0.435180694,-0.238237366,0.0525296181,0.277659714,-0.401880085,-0.105102234,-0.00724570453,0.134489506,-0.0508301593,0.24000974,0.334928691,0.0885581523,0.842491746,0.147059888,-0.133640677,-0.0133785866,0.581067085,-0.309070468,-0.0187727995,0.981268287,-0.160437331,-0.0298371091,-0.0175673086,0.0641706139,0.131793872,0.0635667667,0.742982626,-0.582800806,-0.132509902,-0.435180694,-0.238237366,0.0525296181,0.277659714,-0.401880085,-0.105102234,-0.00724570407,0.134489506,-0.0508301593,0.24000974,0.334928691,0.0885581523,0.842491746,0.147059888,-0.133640677,-0.0133785903,0.581067085,-0.309070468,-0.0187727995,0.981268287,-0.160437331,-0.0298371091,-0.0175673086
1.85394267,3188552.37,0,0,0.0134640844,2.28621066e-05,1,0.107265078,0,1,0.455307335,0.0123876184,0.0250658859,0.889895201,1.15078866,0.839008749,-0.833466172,-0.00108561234,0.000416799274,-0.943734527,-0.407583028,-0.0378711633,0.132807285,0.551674306,-0.567500174,-0.0903318375,-0.0172265023,-0.00395940524,-0.0609579161,0.4653171,-0.505848944,-0.0135961669,0.0945562348,-0.034474995,0.00669777999,0.5438115,0.219148263,0.0415075421,1.02894378,0.185201079,-0.0503207035,-0.00660832599,0.215349302,-0.298165888,-0.0257030465,0.883929551,-0.158906952,-0.0616201572,-0.0190960914,-2.79502034,-0.104116507,2.68361926,2.00812244,-1.81383908,-0.777782559,1.59175849,-0.622228444,2.44069386,-5.95287991,2.47056246,-1.92806518,0.463193268,-0.833552003,0.0724920854,0.932993412,-0.824576855,0.651840925,0.451190293,-1.5998354,0.4820171,-1.49973142,0.15579915,-0.73772949,0.0597741306,-1.43035281,0.0034973179,-0.120158575,-0.188525185,0.0641706139,0.131793872,0.0635667667,0.742982626,-0.582800806,-0.132509902,-0.435180694,-0.238237366,0.0525296181,0.277659714,-0.401880085,-0.105102234,-0.00724570407,0.134489506,-0.0508301593,0.24000974,0.334928691,0.0885581523,0.842491746,0.147059888,-0.133640677,-0.0133785903,0.581067085,-0.309070468,-0.0187727995,0.981268287,-0.160437331,-0.0298371091,-0.0175673086,0.0641706213,0.131793872,0.0635667667,0.742982626,-0.582800806,-0.132509902,-0.435180694,-0.238237366,0.0525296181,0.277659714,-0.401880085,-0.105102234,-0.00724570453,0.134489506,-0.0508301593,0.24000974,0.334928691,0.0885581523,0.842491746,0.147059888,-0.133640677,-0.0133785866,0.581067085,-0.309070468,-0.0187727995,0.981268287,-0.160437331,-0.0298371091,-0.0175673086,0.0641706139,0.131793872,0.0635667667,0.742982626,-0.582800806,-0.132509902,-0.435180694,-0.238237366,0.0525296181,0.277659714,-0.401880085,-0.105102234,-0.00724570407,0.134489506,-0.0508301593,0.24000974,0.334928691,0.0885581523,0.842491746,0.147059888,-0.133640677,-0.0133785903,0.581067085,-0.309070468,-0.0187727995,0.981268287,-0.160437331,-0.0298371091,-0.0175673086
1.86394776,3188552.38,0,0,0.00346437097,2.20839866e-05,1,0.108452979,0.144528434,1,0.458724141,0.0108217504,0.0292536151,0.888031125,0.00395234674,0.416761011,-0.702975214,-0.000800556852,0.00030735787,-0.955929577,-0.435195476,-0.0337892063,0.155856773,0.573494256,-0.583132744,-0.0981252193,-0.013726701,-0.00655917544,-0.0420664027,0.424331218,-0.465006262,-0.0467164218,0.0984044746,-0.0350872539,0.0101088444,0.548056543,0.208837286,0.0468951091,1.03684413,0.170296997,-0.0433006063,-0.0217397474,0.2182163,-0.307430267,-0.0252680909,0.872895598,-0.158907056,-0.0622480661,-0.0201050546,-2.6288166,0.932210743,1.87390816,2.24194479,-1.35148907,-0.720102906,-0.633529723,0.198411152,1.35688019,-2.5408392,5.80230951,-2.98535037,0.300643146,0.739973962,0.581084907,-0.0207329225,-1.24618196,0.447329164,1.12166977,-1.3496331,0.879907191,-1.45842087,0.359327823,-1.09823453,0.0250660703,-0.804553509,-0.00141857006,-0.0359577239,-0.0620609447,-0.0193090588,0.09667252,0.0587720349,0.87303853,-0.537045062,-0.0187251158,-0.41474241,-0.3827658,0.184693277,0.164662421,-0.543484449,-0.149896979,-0.00467399647,0.119803429,-0.0433247946,0.222101986,0.419026494,0.127971679,0.842518687,0.13170971,-0.114396095,0.00592012703,0.572589159,-0.297252476,0.00273203664,0.960929036,-0.164940998,-0.0382883139,-0.0043632891,-0.0193090662,0.09667252,0.0587720349,0.87303853,-0.537045062,-0.0187251158,-0.41474241,-0.3827658,0.184693277,0.164662421,-0.54348439,-0.149896979,-0.00467399694,0.119803421,-0.0433247946,0.222101986,0.419026494,0.127971679,0.842518687,0.13170971,-0.114396095,0.00592013169,0.572589159,-0.297252476,0.00273203664,0.960929036,-0.164940998,-0.0382883139,-0.0043632891,-0.0193090588,0.09667252,0.0587720349,0.87303853,-0.537045062,-0.0187251158,-0.41474241,-0.3827658,0.184693277,0.164662421,-0.543484449,-0.149896979,-0.00467399647,0.119803429,-0.0433247946,0.222101986,0.419026494,0.127971679,0.842518687,0.13170971,-0.114396095,0.00592012703,0.572589159,-0.297252476,0.00273203664,0.960929036,-0.164940998,-0.0382883139,-0.0043632891
1.87494292,3188552.39,0,0,0.0144595322,2.15852633e-05,1,0.108452979,0,1,0.460454881,0.00906108599,0.0265996307,0.887238204,-1.02870214,-0.217601568,-0.243495181,-0.000572639459,0.000219853522,-0.966454148,-0.461176664,-0.0212436933,0.165330663,0.608188927,-0.589827716,-0.0924619585,-0.0267820656,-3.56341479e-05,-0.0347492769,0.418370664,-0.415421188,-0.0625207648,0.0986666828,-0.0197705496,0.0187469982,0.543715,0.194987386,0.0501610935,1.05039656,0.158221453,-0.0311845988,-0.0353707671,0.224523067,-0.319364667,-0.024371868,0.868380547,-0.158983544,-0.0624249168,-0.0193962026,-2.47523904,1.42020214,0.0414772667,4.64584732,-0.0145929512,1.48791397,-1.50086534,0.96971637,0.401589245,0.572399199,3.19838047,-0.984861672,-0.0702339634,2.00438666,1.03944027,-0.640801072,-1.4355669,0.25361678,1.45930612,-1.12659228,1.4409076,-1.29784393,0.883835793,-1.22067928,0.148530632,-0.274040192,-0.0123235295,-0.00870519783,0.175939918,-0.0193090588,0.09667252,0.0587720349,0.87303853,-0.537045062,-0.0187251158,-0.41474241,-0.3827658,0.184693277,0.164662421,-0.543484449,-0.149896979,-0.00467399647,0.119803429,-0.0433247946,0.222101986,0.419026494,0.127971679,0.842518687,0.13170971,-0.114396095,0.00592012703,0.572589159,-0.297252476,0.00273203664,0.960929036,-0.164940998,-0.0382883139,-0.0043632891,-0.0193090662,0.09667252,0.0587720349,0.87303853,-0.537045062,-0.0187251158,-0.41474241,-0.3827658,0.184693277,0.164662421,-0.54348439,-0.149896979,-0.00467399694,0.119803421,-0.0433247946,0.222101986,0.419026494,0.127971679,0.842518687,0.13170971,-0.114396095,0.00592013169,0.572589159,-0.297252476,0.00273203664,0.960929036,-0.164940998,-0.0382883139,-0.0043632891,-0.0193090588,0.09667252,0.0587720349,0.87303853,-0.537045062,-0.0187251158,-0.41474241,-0.3827658,0.184693277,0.164662421,-0.543484449,-0.149896979,-0.00467399647,0.119803429,-0.0433247946,0.222101986,0.419026494,0.127971679,0.842518687,0.13170971,-0.114396095,0.00592012703,0.572589159,-0.297252476,0.00273203664,0.960929036,-0.164940998,-0.0382883139,-0.0043632891
1.88494385,3188552.4,0,0,0.00441991678,2.20127404e-05,1,0.120951794,0.249436617,1,0.461988986,0.00991138164,0.0180752464,0.886646032,-1.17193985,-1.1181891,-0.28737253,-0.000422278128,0.000162125289,-0.973851144,-0.476771951,-0.00398564432,0.155013561,0.667378426,-0.583428621,-0.0774745718,-0.0403265059,0.0130602969,-0.0318353325,0.43511951,-0.398029566,-0.0679274276,0.0978790671,0.00551988883,0.035288468,0.535383821,0.1790144,0.0526121333,1.06798291,0.146627486,-0.0111363614,-0.0489789248,0.240182415,-0.330941975,-0.021890657,0.869488239,-0.159191906,-0.0619375892,-0.0164352302,-0.380039155,1.38305473,-1.20211422,4.70800781,0.672168911,1.02941334,-0.791246653,1.05362177,0.208035305,1.66739488,0.646264732,-0.186462194,-0.0786955431,1.98278785,1.50039637,-0.621799648,-1.21147287,0.187468752,1.41438913,-0.849199176,1.81157804,-1.00716782,1.60434842,-0.709078729,0.244984984,0.385674536,-0.0213135052,0.0892770812,0.270083725,-0.101355433,0.0339932404,0.0188495144,0.911899686,-0.530710578,0.0282656923,-0.49665156,-0.441826373,0.256187767,0.116249606,-0.792921066,-0.181476548,-0.000669703819,0.104495913,0.0166256223,0.195750892,0.456005931,0.146329314,0.847995162,0.142329916,-0.142111152,0.0259822384,0.509817064,-0.293198109,0.0129341632,0.947695732,-0.15926075,-0.0542480722,0.00441395119,-0.101355433,0.0339932404,0.0188495182,0.911899686,-0.530710578,0.0282656942,-0.49665156,-0.441826373,0.256187767,0.116249606,-0.792921007,-0.181476548,-0.000669703819,0.10449592,0.0166256242,0.195750892,0.456005931,0.146329314,0.847995162,0.142329916,-0.142111152,0.0259822402,0.509817064,-0.293198109,0.0129341632,0.947695732,-0.15926075,-0.0542480722,0.00441395212,-0.101355433,0.0339932404,0.0188495144,0.911899686,-0.530710578,0.0282656923,-0.49665156,-0.441826373,0.256187767,0.116249606,-0.792921066,-0.181476548,-0.000669703819,0.104495913,0.0166256223,0.195750892,0.456005931,0.146329314,0.847995162,0.142329916,-0.142111152,0.0259822384,0.509817064,-0.293198109,0.0129341632,0.947695732,-0.15926075,-0.0542480722,0.00441395119
1.89494485,3188552.41,0,0,0.0144209149,2.26730481e-05,1,0.120951794,0,1,0.463632047,0.0112891197,0.0123651829,0.885869622,-0.680303276,-0.683128834,-0.405390292,-0.000311398035,0.000119555101,-0.979652703,-0.479637176,0.00230199122,0.131732851,0.714559138,-0.57617712,-0.0602948479,-0.0522978343,0.0206656344,-0.0285248403,0.45492661,-0.397488624,-0.0688977316,0.0966885015,0.0200929586,0.042860698,0.532068074,0.168518364,0.0553803071,1.08215368,0.141255096,0.00800769776,-0.0567925461,0.260156214,-0.334802359,-0.0178115927,0.877499878,-0.159299314,-0.0615675338,-0.0123913577,-0.00521778828,0.220346123,-2.78243279,4.54370213,0.72951895,1.82630348,-1.27304924,0.553509772,0.427756846,2.05603957,-0.190287873,-0.0494043231,-0.121810399,1.11057365,0.459021568,-0.194982067,-0.946323037,0.320953906,1.39453459,-0.362314433,2.00283909,-0.629823208,2.20999408,-0.174853444,0.498510599,1.03217208,-0.00601023901,0.0186220203,0.457524061,-0.101355433,0.0339932404,0.0188495144,0.911899686,-0.530710578,0.0282656923,-0.49665156,-0.441826373,0.256187767,0.116249606,-0.792921066,-0.181476548,-0.000669703819,0.104495913,0.0166256223,0.195750892,0.456005931,0.146329314,0.847995162,0.142329916,-0.142111152,0.0259822384,0.509817064,-0.293198109,0.0129341632,0.947695732,-0.15926075,-0.0542480722,0.00441395119,-0.101355433,0.0339932404,0.0188495182,0.911899686,-0.530710578,0.0282656942,-0.49665156,-0.441826373,0.256187767,0.116249606,-0.792921007,-0.181476548,-0.000669703819,0.10449592,0.0166256242,0.195750892,0.456005931,0.146329314,0.847995162,0.142329916,-0.142111152,0.0259822402,0.509817064,-0.293198109,0.0129341632,0.947695732,-0.15926075,-0.0542480722,0.00441395212,-0.101355433,0.0339932404,0.0188495144,0.911899686,-0.530710578,0.0282656923,-0.49665156,-0.441826373,0.256187767,0.116249606,-0.792921066,-0.181476548,-0.000669703819,0.104495913,0.0166256223,0.195750892,0.456005931,0.146329314,0.847995162,0.142329916,-0.142111152,0.0259822384,0.509817064,-0.293198109,0.0129341632,0.947695732,-0.15926075,-0.0542480722,0.00441395119
1.90594312,3188552.42,0,0,0.0054148701,2.16932967e-05,1,0.126102008,0.13444066,1,0.4659881,0.0137531245,0.00890329108,0.884639263,-0.212457776,-0.818654418,-0.5873276,-0.00022274346,8.55179387e-05,-0.984599829,-0.471683174,0.00121311843,0.103684731,0.754128158,-0.569358528,-0.044754032,-0.0625837222,0.0233669784,-0.0226219781,0.473858386,-0.400195628,-0.0687878877,0.0956424475,0.0266699828,0.0464342162,0.531224668,0.160400793,0.0587647296,1.09511256,0.13921918,0.0298543889,-0.0609858036,0.284519762,-0.333541006,-0.0123160835,0.889990389,-0.159329891,-0.0614218824,-0.00789540634,1.33080983,-0.255925298,-2.69933581,3.5369215,0.640768528,1.41379046,-0.84535861,0.103661567,0.690420449,1.73006916,-0.265662253,0.0471668914,-0.101921529,0.389692485,0.290280551,-0.0109207844,-0.729938209,0.336583585,1.21747589,-0.125675857,2.31662107,-0.290112704,2.58325648,0.311676502,0.564383626,1.35524189,-0.00187549123,0.0204742532,0.427529484,-0.0990202576,0.00511424989,0.00552641228,0.996386945,-0.57366997,0.0483679026,-0.552094102,-0.435610116,0.243837714,0.0870843679,-0.927361727,-0.17596969,-0.00285834773,0.0507318079,0.0334227309,0.133731514,0.492749035,0.151161313,0.841540098,0.142597571,-0.16650863,0.0310101658,0.456216365,-0.294403404,0.00529904477,0.934134126,-0.157799989,-0.0562935174,0.0258829519,-0.0990202576,0.00511424802,0.00552641321,0.996386945,-0.57366997,0.0483678989,-0.552094102,-0.435610116,0.243837714,0.0870843679,-0.927361727,-0.17596969,-0.00285834726,0.0507318005,0.0334227309,0.133731514,0.492749035,0.151161313,0.841540098,0.142597571,-0.16650863,0.0310101677,0.456216365,-0.294403404,0.00529904477,0.934134126,-0.157799989,-0.0562935174,0.0258829538,-0.0990202576,0.00511424989,0.00552641228,0.996386945,-0.57366997,0.0483679026,-0.552094102,-0.435610116,0.243837714,0.0870843679,-0.927361727,-0.17596969,-0.00285834773,0.0507318079,0.0334227309,0.133731514,0.492749035,0.151161313,0.841540098,0.142597571,-0.16650863,0.0310101658,0.456216365,-0.294403404,0.00529904477,0.934134126,-0.157799989,-0.0562935174,0.0258829519
1.91595381,3188552.43,0,0,0.0154255559,2.70288438e-05,1,0.126102008,0,1,0.468367726,0.0172255505,0.0066574323,0.883340597,0.0734833628,-0.645915866,-0.436753482,-0.000164256431,6.30629802e-05,-0.988078356,-0.453844488,-0.00540419854,0.0692612678,0.805094123,-0.569904685,-0.0257143304,-0.0714650601,0.0223827027,-0.0158274695,0.490919471,-0.403158724,-0.0684382841,0.0912984684,0.0278846789,0.0461331122,0.531738222,0.153499588,0.0620257482,1.10891449,0.138282955,0.0607583188,-0.0628494248,0.317701042,-0.326833218,-0.00756702153,0.906844914,-0.159312218,-0.0603123568,0.00173840311,1.77289712,-0.661052644,-2.71399498,4.37368965,-0.164793208,1.50312173,-0.654447138,-0.226438731,0.582168579,1.23397565,-0.204852313,0.0281582233,-0.429824561,-0.131685928,-0.173449188,0.0445282534,-0.460775882,0.237564743,1.08341956,-0.0506597422,2.77822661,-0.0836720169,2.87618613,0.728998303,0.30114007,1.41998982,0.00291823386,0.147890687,0.929944694,-0.0990202576,0.00511424989,0.00552641228,0.996386945,-0.57366997,0.0483679026,-0.552094102,-0.435610116,0.243837714,0.0870843679,-0.927361727,-0.17596969,-0.00285834773,0.0507318079,0.0334227309,0.133731514,0.492749035,0.151161313,0.841540098,0.142597571,-0.16650863,0.0310101658,0.456216365,-0.294403404,0.00529904477,0.934134126,-0.157799989,-0.0562935174,0.0258829519,-0.0990202576,0.00511424802,0.00552641321,0.996386945,-0.57366997,0.0483678989,-0.552094102,-0.435610116,0.243837714,0.0870843679,-0.927361727,-0.17596969,-0.00285834726,0.0507318005,0.0334227309,0.133731514,0.492749035,0.151161313,0.841540098,0.142597571,-0.16650863,0.0310101677,0.456216365,-0.294403404,0.00529904477,0.934134126,-0.157799989,-0.0562935174,0.0258829538,-0.0990202576,0.00511424989,0.00552641228,0.996386945,-0.57366997,0.0483679026,-0.552094102,-0.435610116,0.243837714,0.0870843679,-0.927361727,-0.17596969,-0.00285834773,0.0507318079,0.0334227309,0.133731514,0.492749035,0.151161313,0.841540098,0.142597571,-0.16650863,0.0310101658,0.456216365,-0.294403404,0.00529904477,0.934134126,-0.157799989,-0.0562935174,0.0258829519
1.92691187,3188552.44,0,0,0.00638521602,4.10620123e-06,1,0.12007961,0.0721329451,1,0.470684886,0.0203847457,0.00634916173,0.882043004,0.284694105,-0.530364037,-0.547315478,-0.000117492847,4.51090418e-05,-0.991024733,-0.431327134,-0.0117736896,0.0468014516,0.845456064,-0.571706414,-0.013033554,-0.0773818046,0.0185402259,-0.00907830987,0.5015167,-0.405064285,-0.0679184571,0.0871375203,0.0240050722,0.0429209396,0.532090485,0.150059298,0.0642758682,1.11857355,0.137973413,0.091132544,-0.0632435009,0.347361922,-0.318033665,-0.00510987313,0.920821249,-0.159162313,-0.0579255372,0.0107399272,2.47642994,-0.566188276,-1.9700954,3.93101525,-0.506811559,0.988997757,-0.595886648,-0.432627797,0.689703405,0.993035853,-0.345770717,0.0731548965,-0.488621503,-0.494097263,-0.446805865,0.0602948815,-0.295595855,0.217858195,0.874787033,-0.0191902723,3.19098282,-0.00393430796,2.96979928,0.938316643,0.193725675,1.34148347,0.0610736795,0.406503916,0.976548731,-0.0944995582,0.0119422451,0.00134960935,1.03615618,-0.642532825,0.0114142969,-0.568698525,-0.36347717,0.209310085,0.11040166,-0.952066183,-0.155279666,-0.0121875461,-0.00933605433,0.0412805006,0.129834756,0.481937408,0.138660923,0.848465443,0.160538748,-0.153027251,0.0327639729,0.398659587,-0.326334834,-0.0133021884,0.915020227,-0.145784616,-0.0344398096,0.0495237708,-0.0944995582,0.0119422432,0.00134960958,1.03615618,-0.642532825,0.0114142951,-0.568698525,-0.36347717,0.209310085,0.11040166,-0.952066123,-0.155279666,-0.0121875461,-0.00933605805,0.0412805043,0.129834756,0.481937408,0.138660923,0.848465443,0.160538748,-0.153027251,0.0327639766,0.398659587,-0.326334834,-0.0133021874,0.915020227,-0.145784616,-0.0344398096,0.0495237708,-0.0944995582,0.0119422451,0.00134960935,1.03615618,-0.642532825,0.0114142969,-0.568698525,-0.36347717,0.209310085,0.11040166,-0.952066183,-0.155279666,-0.0121875461,-0.00933605433,0.0412805006,0.129834756,0.481937408,0.138660923,0.848465443,0.160538748,-0.153027251,0.0327639729,0.398659587,-0.326334834,-0.0133021884,0.915020227,-0.145784616,-0.0344398096,0.0495237708
1.93694174,3188552.45,0,0,0.0164150787,2.13407911e-05,1,0.12007961,0,1,0.472941309,0.0226565357,0.0065675159,0.880778074,0.243364483,-0.307166219,-0.53235656,-8.66420596e-05,3.32644959e-05,-0.993078589,-0.404963762,-0.0152561916,0.0304334108,0.885163605,-0.583861947,-0.00815895479,-0.0841768086,0.0146138575,-0.00284842355,0.511093497,-0.412825555,-0.0668946132,0.0797516778,0.0187401529,0.0364190266,0.533409178,0.147296488,0.0662549064,1.12580585,0.137921408,0.124788806,-0.0626543164,0.375769049,-0.308813184,-0.00408096798,0.932710767,-0.157327428,-0.0498491339,0.0230801105,2.80424881,-0.211205959,-1.37815571,3.81381774,-1.26770878,0.307673067,-0.718693972,-0.394253612,0.605704308,0.886100233,-0.873661458,0.122458711,-0.833779991,-0.571241558,-0.758493245,0.146454692,-0.249502555,0.18227163,0.630000532,0.0011413811,3.48295641,0.0865032226,2.76571274,0.910424292,0.0621505305,1.11312759,0.226540282,0.963458359,1.27833962,-0.0944995582,0.0119422451,0.00134960935,1.03615618,-0.642532825,0.0114142969,-0.568698525,-0.36347717,0.209310085,0.11040166,-0.952066183,-0.155279666,-0.0121875461,-0.00933605433,0.0412805006,0.129834756,0.481937408,0.138660923,0.848465443,0.160538748,-0.153027251,0.0327639729,0.398659587,-0.326334834,-0.0133021884,0.915020227,-0.145784616,-0.0344398096,0.0495237708,-0.0944995582,0.0119422432,0.00134960958,1.03615618,-0.642532825,0.0114142951,-0.568698525,-0.36347717,0.209310085,0.11040166,-0.952066123,-0.155279666,-0.0121875461,-0.00933605805,0.0412805043,0.129834756,0.481937408,0.138660923,0.848465443,0.160538748,-0.153027251,0.0327639766,0.398659587,-0.326334834,-0.0133021874,0.915020227,-0.145784616,-0.0344398096,0.0495237708,-0.0944995582,0.0119422451,0.00134960935,1.03615618,-0.642532825,0.0114142969,-0.568698525,-0.36347717,0.209310085,0.11040166,-0.952066183,-0.155279666,-0.0121875461,-0.00933605433,0.0412805006,0.129834756,0.481937408,0.138660923,0.848465443,0.160538748,-0.153027251,0.0327639729,0.398659587,-0.326334834,-0.0133021884,0.915020227,-0.145784616,-0.0344398096,0.0495237708
1.94694403,3188552.46,0,0,0.00641820673,2.22506933e-05,1,0.124033075,0.070348829,1,0.475574702,0.0241051968,0.00729872566,0.879314721,0.254388392,-0.184469596,-0.646281481,-6.38919373e-05,2.45300416e-05,-0.99467051,-0.373773456,-0.0156551246,0.020168256,0.918001413,-0.594697773,-0.00637071347,-0.091877304,0.0104305549,0.00319271581,0.518345714,-0.420787364,-0.0653166473,0.0710499287,0.0123784207,0.0275670495,0.534534574,0.145313919,0.0678369254,1.13088715,0.138020322,0.161165625,-0.0616502501,0.402460337,-0.300118536,-0.0037449724,0.942956269,-0.154910624,-0.0398360565,0.0345022716,3.42666507,0.0494670644,-0.867698431,2.76458549,-1.13266182,-0.197737947,-0.733714521,-0.422798365,0.602953136,0.599477053,-0.693021953,0.201054826,-0.915701568,-0.657953024,-0.874608874,0.0781927854,-0.182013825,0.138801873,0.43701452,0.0294583496,3.69177198,0.115805171,2.55245566,0.819014847,0.0204642434,0.933154941,0.310730606,1.08005679,1.06323433,-0.0991943479,0.0114149973,-0.0124476254,0.987549245,-0.68224144,-0.0575077869,-0.519219279,-0.293128341,0.176166117,0.159414485,-0.884206295,-0.125145569,-0.0121134911,-0.00291723013,0.0632841885,0.167715147,0.440591663,0.11864844,0.875689089,0.172394261,-0.119211145,0.02539289,0.348185837,-0.349074841,-0.022200875,0.893672049,-0.131542936,-0.0164606441,0.0570642799,-0.0991943479,0.0114149973,-0.0124476254,0.987549245,-0.68224144,-0.0575077869,-0.519219279,-0.293128341,0.176166117,0.159414485,-0.884206295,-0.125145569,-0.0121134911,-0.00291723758,0.0632841885,0.167715147,0.440591663,0.11864844,0.875689089,0.172394261,-0.119211145,0.0253928918,0.348185837,-0.349074841,-0.022200875,0.893672049,-0.131542936,-0.0164606441,0.0570642799,-0.0991943479,0.0114149973,-0.0124476254,0.987549245,-0.68224144,-0.0575077869,-0.519219279,-0.293128341,0.176166117,0.159414485,-0.884206295,-0.125145569,-0.0121134911,-0.00291723013,0.0632841885,0.167715147,0.440591663,0.11864844,0.875689089,0.172394261,-0.119211145,0.02539289,0.348185837,-0.349074841,-0.022200875,0.893672049,-0.131542936,-0.0164606441,0.0570642799
1.95794254,3188552.47,0,0,0.01741671,2.15750188e-05,1,0.124033075,0,1,0.478584409,0.025444448,0.0077996091,0.877638161,0.149426833,-0.106195845,-0.720539331,-4.5701996e-05,1.75463738e-05,-0.996006906,-0.334563851,-0.0141749196,0.0120887673,0.9356758,-0.608748555,-0.0153802149,-0.0983984619,0.00666707149,0.00901452266,0.52249074,-0.426019818,-0.0625930279,0.0607532896,0.00619023526,0.0196598507,0.534914732,0.143366709,0.0687319636,1.13446319,0.138919085,0.197620243,-0.0602239668,0.425409377,-0.293333232,-0.00364211528,0.950290799,-0.14992176,-0.0270885415,0.0443355665,4.07621479,0.23646374,-0.758342803,1.23544848,-1.40543783,-0.900222301,-0.728667736,-0.325978786,0.560535967,0.327787906,-0.470390499,0.298960835,-1.06971765,-0.572044671,-0.874265373,0.0225738939,-0.192686677,0.0561041199,0.31551519,0.12931861,3.61620069,0.144258291,2.17681623,0.57716614,0.00542580802,0.62469852,0.551859498,1.29891455,0.889271021,-0.0991943479,0.0114149973,-0.0124476254,0.987549245,-0.68224144,-0.0575077869,-0.519219279,-0.293128341,0.176166117,0.159414485,-0.884206295,-0.125145569,-0.0121134911,-0.00291723013,0.0632841885,0.167715147,0.440591663,0.11864844,0.875689089,0.172394261,-0.119211145,0.02539289,0.348185837,-0.349074841,-0.022200875,0.893672049,-0.131542936,-0.0164606441,0.0570642799,-0.0991943479,0.0114149973,-0.0124476254,0.987549245,-0.68224144,-0.0575077869,-0.519219279,-0.293128341,0.176166117,0.159414485,-0.884206295,-0.125145569,-0.0121134911,-0.00291723758,0.0632841885,0.167715147,0.440591663,0.11864844,0.875689089,0.172394261,-0.119211145,0.0253928918,0.348185837,-0.349074841,-0.022200875,0.893672049,-0.131542936,-0.0164606441,0.0570642799,-0.0991943479,0.0114149973,-0.0124476254,0.987549245,-0.68224144,-0.0575077869,-0.519219279,-0.293128341,0.176166117,0.159414485,-0.884206295,-0.125145569,-0.0121134911,-0.00291723013,0.0632841885,0.167715147,0.440591663,0.11864844,0.875689089,0.172394261,-0.119211145,0.02539289,0.348185837,-0.349074841,-0.022200875,0.893672049,-0.131542936,-0.0164606441,0.0570642799
1.96794331,3188552.48,0,0,0.007466387,2.1670945e-05,1,0.104881823,0.202562869,1,0.48191753,0.025231123,0.00827450212,0.87581414,0.0296831653,-0.046644792,-0.804995596,-3.37017518e-05,1.29391192e-05,-0.996932685,-0.292654425,-0.010384541,0.00518694287,0.941100895,-0.620748281,-0.0232577976,-0.10726241,0.00434628455,0.0141597902,0.524395049,-0.429481119,-0.0594686307,0.049866993,0.00147162564,0.0095202513,0.534802258,0.141500846,0.0690479577,1.1367619,0.140593305,0.233101308,-0.0589369126,0.445490181,-0.289133728,-0.00360998651,0.955359101,-0.14471972,-0.01537666,0.0515234321,4.68621397,0.417205274,-0.632388055,-0.53407222,-0.910681784,-1.00511861,-0.688260913,-0.205654874,0.532595038,-0.0418902338,0.0230421163,0.331482232,-1.12292278,-0.448139906,-0.799555361,-0.0821003169,-0.201934993,0.0262572877,0.196543977,0.169134274,3.43636727,0.148348436,1.7691412,0.327016443,0.00861940067,0.443236738,0.527669311,1.13853776,0.668022275,-0.122016028,0.000158131123,-0.0146887079,0.784986377,-0.656639576,-0.104161255,-0.358400851,-0.234457627,0.164149731,0.204694688,-0.750599504,-0.10793642,-0.0202222615,0.0715145767,0.104684465,0.22276561,0.375876635,0.103112958,0.910222173,0.174786702,-0.0629283413,0.0194136351,0.304739356,-0.353865325,-0.0147157758,0.879822195,-0.121699847,-0.0024199395,0.0700985789,-0.122016028,0.000158134848,-0.0146887098,0.784986377,-0.656639576,-0.104161255,-0.358400851,-0.234457627,0.164149716,0.204694688,-0.750599504,-0.10793642,-0.0202222615,0.0715145841,0.104684472,0.22276561,0.375876635,0.103112958,0.910222173,0.174786702,-0.0629283413,0.019413637,0.304739356,-0.353865325,-0.0147157758,0.879822195,-0.121699847,-0.0024199395,0.0700985789,-0.122016028,0.000158131123,-0.0146887079,0.784986377,-0.656639576,-0.104161255,-0.358400851,-0.234457627,0.164149731,0.204694688,-0.750599504,-0.10793642,-0.0202222615,0.0715145767,0.104684465,0.22276561,0.375876635,0.103112958,0.910222173,0.174786702,-0.0629283413,0.0194136351,0.304739356,-0.353865325,-0.0147157758,0.879822195,-0.121699847,-0.0024199395,0.0700985789
1.97794457,3188552.49,0,0,0.0174676408,2.15899199e-05,1,0.104881823,0,1,0.485653698,0.0270236004,0.0074579455,0.873701632,-0.0821008459,-0.33910051,-0.817856789,-2.4852483e-05,9.54161897e-06,-0.997645259,-0.234292269,-0.00634102058,-0.000816507149,0.910138309,-0.624823332,-0.0378916636,-0.108334303,0.00270618242,0.0200762413,0.518966019,-0.421606392,-0.0558982603,0.0373861231,-0.00268946216,0.00688171294,0.53302747,0.138824582,0.0692475364,1.13891637,0.142090186,0.264273226,-0.0566807576,0.45833984,-0.287294835,-0.00345541909,0.958863318,-0.138850167,-0.00350030954,0.0586187132,6.02986193,0.455943525,-0.655258477,-4.15807581,-0.270904273,-1.39797294,-0.109080829,-0.0661754385,0.540866077,-0.709647357,0.905549645,0.355902314,-1.34891844,-0.300229311,-0.324956805,-0.155850753,-0.304313391,0.0120036211,0.21385859,0.164798126,2.92453623,0.24700956,1.11327147,0.0639856309,0.0118543133,0.268538028,0.578073502,1.14313877,0.687329769,-0.122016028,0.000158131123,-0.0146887079,0.784986377,-0.656639576,-0.104161255,-0.358400851,-0.234457627,0.164149731,0.204694688,-0.750599504,-0.10793642,-0.0202222615,0.0715145767,0.104684465,0.22276561,0.375876635,0.103112958,0.910222173,0.174786702,-0.0629283413,0.0194136351,0.304739356,-0.353865325,-0.0147157758,0.879822195,-0.121699847,-0.0024199395,0.0700985789,-0.122016028,0.000158134848,-0.0146887098,0.784986377,-0.656639576,-0.104161255,-0.358400851,-0.234457627,0.164149716,0.204694688,-0.750599504,-0.10793642,-0.0202222615,0.0715145841,0.104684472,0.22276561,0.375876635,0.103112958,0.910222173,0.174786702,-0.0629283413,0.019413637,0.304739356,-0.353865325,-0.0147157758,0.879822195,-0.121699847,-0.0024199395,0.0700985789,-0.122016028,0.000158131123,-0.0146887079,0.784986377,-0.656639576,-0.104161255,-0.358400851,-0.234457627,0.164149731,0.204694688,-0.750599504,-0.10793642,-0.0202222615,0.0715145767,0.104684465,0.22276561,0.375876635,0.103112958,0.910222173,0.174786702,-0.0629283413,0.0194136351,0.304739356,-0.353865325,-0.0147157758,0.879822195,-0.121699847,-0.0024199395,0.0700985789
1.9889946,3188552.51,0,0,0.00850841682,4.25893813e-06,1,0.112885144,0.202115357,1,0.489661574,0.0263195522,0.00590554299,0.871495247,-0.284447819,-0.217358395,-0.942134678,-1.7777018e-05,6.82513337e-06,-0.998238266,-0.164544716,0.000928985653,-0.0094339326,0.849973381,-0.626649559,-0.0508368462,-0.113391258,0.00437080488,0.0250202715,0.509647369,-0.41164735,-0.0517725497,0.0208551232,-0.00303218304,4.8145248e-05,0.530941427,0.134838596,0.0692524314,1.14103496,0.144648954,0.295199662,-0.0536997356,0.46933198,-0.288951695,-0.00279305666,0.960689902,-0.132207096,0.00796483178,0.0654082,6.42107725,0.590116978,-0.495405048,-6.62744665,0.319870889,-0.772088945,-0.255922794,0.149229378,0.553222895,-0.850675404,1.08953965,0.367371947,-1.13131392,-0.0179146752,-0.208233416,-0.322206765,-0.328060091,-0.0159204882,0.215348914,0.227705061,2.1971283,0.293771029,0.621752381,-0.226344168,0.197414264,0.141921118,0.701607764,0.945677578,0.511429012,-0.140444219,-0.0559808612,0.0147989765,0.58287102,-0.616062999,-0.089044027,-0.214034826,-0.206429869,0.148840725,0.25702095,-0.660802603,-0.0955523774,-0.00281530013,0.123533204,0.165292472,0.319367737,0.322826624,0.0881868005,0.967019856,0.175974578,-0.00130358338,0.017333746,0.27803573,-0.33634606,0.0129537284,0.889179528,-0.101892196,0.0169811416,0.0789622962,-0.140444219,-0.0559808612,0.0147989802,0.58287102,-0.616062999,-0.089044027,-0.214034826,-0.206429869,0.148840725,0.25702095,-0.660802603,-0.0955523774,-0.0028153006,0.123533204,0.165292472,0.319367737,0.322826624,0.0881868005,0.967019856,0.175974578,-0.00130358897,0.0173337422,0.27803573,-0.33634606,0.0129537284,0.889179528,-0.101892196,0.0169811416,0.0789622962,-0.140444219,-0.0559808612,0.0147989765,0.58287102,-0.616062999,-0.089044027,-0.214034826,-0.206429869,0.148840725,0.25702095,-0.660802603,-0.0955523774,-0.00281530013,0.123533204,0.165292472,0.319367737,0.322826624,0.0881868005,0.967019856,0.175974578,-0.00130358338,0.017333746,0.27803573,-0.33634606,0.0129537284,0.889179528,-0.101892196,0.0169811416,0.0789622962
1.99994946,3188552.52,0,0,0.019463276,2.41152011e-05,1,0.112885144,0,1,0.494036496,0.0262927394,0.00407626666,0.869033933,-0.463744998,0.0321750268,-0.873305678,-1.27159265e-05,4.88202704e-06,-0.998681903,-0.0984004959,0.00624573231,-0.0134361358,0.770407856,-0.62143904,-0.0566178858,-0.116520576,0.00608296692,0.0302437786,0.500748634,-0.398851097,-0.0478400104,0.0110030426,-0.00214091293,-0.000849391392,0.527036607,0.131497934,0.0685143992,1.14367819,0.14702554,0.311626703,-0.0500994623,0.472791821,-0.292446584,0.000875014754,0.962050855,-0.123861797,0.0174937174,0.0701207593,6.23859262,0.539832354,-0.487370729,-8.09473991,0.411893547,-0.528998375,-0.57016021,0.238821834,0.350002468,-0.880411029,1.25446618,0.397691637,-1.03153801,0.260436445,-0.263855964,-0.378668129,-0.345609337,-0.117875241,0.263030857,0.250401795,1.29271841,0.386717886,0.235855713,-0.44595769,0.427090049,0.108358078,0.835909426,0.901347935,0.434006959,-0.140444219,-0.0559808612,0.0147989765,0.58287102,-0.616062999,-0.089044027,-0.214034826,-0.206429869,0.148840725,0.25702095,-0.660802603,-0.0955523774,-0.00281530013,0.123533204,0.165292472,0.319367737,0.322826624,0.0881868005,0.967019856,0.175974578,-0.00130358338,0.017333746,0.27803573,-0.33634606,0.0129537284,0.889179528,-0.101892196,0.0169811416,0.0789622962,-0.140444219,-0.0559808612,0.0147989802,0.58287102,-0.616062999,-0.089044027,-0.214034826,-0.206429869,0.148840725,0.25702095,-0.660802603,-0.0955523774,-0.0028153006,0.123533204,0.165292472,0.319367737,0.322826624,0.0881868005,0.967019856,0.175974578,-0.00130358897,0.0173337422,0.27803573,-0.33634606,0.0129537284,0.889179528,-0.101892196,0.0169811416,0.0789622962,-0.140444219,-0.0559808612,0.0147989765,0.58287102,-0.616062999,-0.089044027,-0.214034826,-0.206429869,0.148840725,0.25702095,-0.660802603,-0.0955523774,-0.00281530013,0.123533204,0.165292472,0.319367737,0.322826624,0.0881868005,0.967019856,0.175974578,-0.00130358338,0.017333746,0.27803573,-0.33634606,0.0129537284,0.889179528,-0.101892196,0.0169811416,0.0789622962
2.01094302,3188552.53,0,0,0.0104212621,2.15359032e-05,1,0.120502897,0.162200987,1,0.498202056,0.0227666628,0.00184679567,0.866760015,-0.633586526,0.241805986,-1.02268565,-9.09571918e-06,3.49212064e-06,-0.999013305,-0.0315364972,0.0133514367,-0.0187077001,0.675417781,-0.615106106,-0.0583746321,-0.128583834,0.0104155298,0.03259876,0.492248744,-0.385680914,-0.0430126078,0.000800372916,0.00398272788,-0.00485841651,0.521291912,0.127855107,0.0652347729,1.14658308,0.150249511,0.319094062,-0.0447835214,0.473266989,-0.298565894,0.00646681804,0.96358335,-0.114245579,0.0262424927,0.0737405419,5.7573657,0.575696528,-0.102010563,-8.75940037,1.01922286,0.457747102,-1.10138321,0.405300021,0.374970436,-0.488389313,0.988440573,0.418619961,-0.354584068,0.554756045,-0.044365935,-0.619788289,-0.231758714,-0.477211416,0.292508125,0.269723445,0.00477047917,0.542388856,-0.167302698,-0.49437061,0.567932904,0.241846487,0.888834357,0.64557761,0.172084972,-0.1541076,-0.0543898046,0.0167802796,0.420670033,-0.580629468,-0.0343694203,-0.11020191,-0.184323832,0.136125177,0.324497879,-0.602814674,-0.0869468972,0.0328324735,0.177165374,0.196396917,0.45107168,0.27932623,0.062063612,1.03928494,0.181095198,0.0444916487,0.0213898793,0.253554434,-0.312638581,0.034962181,0.908164859,-0.0869565606,0.0256978571,0.0740816146,-0.1541076,-0.0543898046,0.0167802796,0.420670033,-0.580629468,-0.0343694203,-0.11020191,-0.184323832,0.136125177,0.324497879,-0.602814615,-0.0869468972,0.0328324735,0.177165374,0.196396917,0.45107168,0.27932623,0.062063612,1.03928494,0.181095198,0.0444916487,0.0213898793,0.253554434,-0.312638581,0.034962181,0.908164859,-0.0869565606,0.0256978571,0.0740816146,-0.1541076,-0.0543898046,0.0167802796,0.420670033,-0.580629468,-0.0343694203,-0.11020191,-0.184323832,0.136125177,0.324497879,-0.602814674,-0.0869468972,0.0328324735,0.177165374,0.196396917,0.45107168,0.27932623,0.062063612,1.03928494,0.181095198,0.0444916487,0.0213898793,0.253554434,-0.312638581,0.034962181,0.908164859,-0.0869565606,0.0256978571,0.0740816146
2.02094834,3188552.54,0,0,0.000465292949,1.8469058e-05,1,0.111255329,0.124734879,1,0.502060413,0.0188576449,-0.000197787071,0.864626884,-0.864523649,0.665631711,-0.664900899,-6.70740337e-06,2.57517422e-06,-0.999240637,0.0193204675,0.0191016942,-0.0200889111,0.59176439,-0.605944693,-0.0537055433,-0.142909035,0.0150051983,0.0342012458,0.48848474,-0.375994056,-0.0387343355,-0.00159091933,0.0114537403,-0.00566212973,0.514945507,0.12596868,0.0589332879,1.14947999,0.153472781,0.311297983,-0.0385170281,0.469782084,-0.303507835,0.0126092983,0.966727555,-0.105719492,0.0317908637,0.0746196434,4.40043974,0.591350436,-0.239585832,-7.63634396,0.723912776,0.383709759,-1.69270825,0.487852246,-0.0742896944,-0.330348879,0.975713432,0.431298792,-0.27546376,0.892466724,-0.157325923,-0.630326748,-0.164366975,-0.690461934,0.25962922,0.369946003,-1.29329121,0.661897838,-0.459713846,-0.485238492,0.605905056,0.331550419,0.780060232,0.489404529,0.0503764525,-0.1541076,-0.0543898046,0.0167802796,0.420670033,-0.580629468,-0.0343694203,-0.11020191,-0.184323832,0.136125177,0.324497879,-0.602814674,-0.0869468972,0.0328324735,0.177165374,0.196396917,0.45107168,0.27932623,0.062063612,1.03928494,0.181095198,0.0444916487,0.0213898793,0.253554434,-0.312638581,0.034962181,0.908164859,-0.0869565606,0.0256978571,0.0740816146,-0.116707593,0.00792298652,-0.00538582494,0.295935154,-0.558332026,0.0310396422,-0.0807001889,-0.141660288,0.100050405,0.377969682,-0.580365002,-0.0958462507,0.0610120222,0.239839911,0.172242165,0.556940675,0.272598743,0.0509627797,1.07253361,0.190028995,0.0707209781,0.0422768295,0.226566717,-0.296022505,0.0361327492,0.92924422,-0.0629655868,0.0272830129,0.056995146,-0.116707593,0.00792298466,-0.00538582355,0.295935154,-0.558332026,0.0310396403,-0.0807001889,-0.141660288,0.100050412,0.377969682,-0.580365062,-0.0958462507,0.0610120222,0.239839911,0.172242165,0.556940675,0.272598743,0.0509627759,1.07253361,0.190028995,0.0707209706,0.0422768295,0.226566717,-0.296022505,0.0361327492,0.92924422,-0.0629655868,0.0272830129,0.056995146
2.03194164,3188552.55,0,0,0.0114585957,2.11060978e-05,1,0.111255329,0,1,0.504582167,0.0130460169,-0.00244668499,0.86326164,-1.05678236,0.72556299,-0.690430641,-4.79781511e-06,1.84202554e-06,-0.999429584,0.0576446354,0.0259228982,-0.0213589706,0.52052629,-0.597929239,-0.0450062454,-0.162118822,0.0206061564,0.0317636281,0.486815184,-0.36812982,-0.034999229,-0.00232752226,0.0219452474,-0.00609442545,0.50871098,0.124897763,0.0513335094,1.15116215,0.158034459,0.290077597,-0.0309525803,0.463095158,-0.307413578,0.0177439097,0.971196234,-0.0974039882,0.0355228707,0.0735036433,3.89012337,0.786795437,0.112760529,-7.55476713,1.08015835,1.55245566,-1.97241235,0.661139131,-0.208470136,0.00404463336,0.50856787,0.296817243,0.270946473,1.14449823,0.139028028,-0.585082531,-0.0672809556,-0.832157195,0.104350485,0.521060109,-2.74144816,0.87966764,-0.831081629,-0.301227123,0.437187284,0.623072267,1.02045178,0.289565772,-0.314089626,-0.116707593,0.00792298466,-0.00538582355,0.295935154,-0.558332026,0.0310396403,-0.0807001889,-0.141660288,0.100050412,0.377969682,-0.580365062,-0.0958462507,0.0610120222,0.239839911,0.172242165,0.556940675,0.272598743,0.0509627759,1.07253361,0.190028995,0.0707209706,0.0422768295,0.226566717,-0.296022505,0.0361327492,0.92924422,-0.0629655868,0.0272830129,0.056995146,-0.116707593,0.00792298652,-0.00538582494,0.295935154,-0.558332026,0.0310396422,-0.0807001889,-0.141660288,0.100050405,0.377969682,-0.580365002,-0.0958462507,0.0610120222,0.239839911,0.172242165,0.556940675,0.272598743,0.0509627797,1.07253361,0.190028995,0.0707209781,0.0422768295,0.226566717,-0.296022505,0.0361327492,0.92924422,-0.0629655868,0.0272830129,0.056995146,-0.116707593,0.00792298466,-0.00538582355,0.295935154,-0.558332026,0.0310396403,-0.0807001889,-0.141660288,0.100050412,0.377969682,-0.580365062,-0.0958462507,0.0610120222,0.239839911,0.172242165,0.556940675,0.272598743,0.0509627759,1.07253361,0.190028995,0.0707209706,0.0422768295,0.226566717,-0.296022505,0.0361327492,0.92924422,-0.0629655868,0.0272830129,0.056995146
2.04294577,3188552.56,0,0,0.00238160603,2.23168172e-05,1,0.161373988,0.0835158676,1,0.506771982,0.00467288168,-0.00619255006,0.862045228,-1.36973536,1.01906073,-0.112759203,-3.43188412e-06,1.31760362e-06,-0.999569952,0.0950444639,0.0372875035,-0.0216369145,0.439094037,-0.587271571,-0.028096782,-0.188120142,0.0296203513,0.0250313729,0.487203509,-0.363471568,-0.0314404629,0.00111289311,0.038293153,-0.00437623682,0.503612399,0.124715075,0.0414294824,1.15138364,0.165648893,0.243846908,-0.0185222626,0.450329721,-0.309661418,0.0215467531,0.980210602,-0.0849538371,0.038202066,0.0681426078,2.38828516,1.04216075,-0.189582825,-5.81969595,0.675090194,1.19581795,-2.30746055,0.771676183,-0.869570971,0.0183823276,0.389678121,0.3192195,0.207099721,1.48948061,0.136807755,-0.330285192,0.0339950994,-0.789716184,-0.0998387039,0.704627931,-4.51762104,1.10353637,-1.2135936,-0.107699841,0.244829342,0.76504463,0.948158383,0.195063889,-0.46543926,-0.0331917256,0.0719587877,-0.043401897,0.222724915,-0.507906139,0.0735753328,-0.161913693,-0.0692755878,0.0351996273,0.427604496,-0.545027971,-0.0869377777,0.0716105849,0.300089031,0.132372528,0.605450749,0.275348276,0.061126586,1.06616569,0.193455428,0.0786179602,0.0775659159,0.199120775,-0.286053956,0.00909274071,0.947104871,-0.0358288586,0.0283756666,0.0314451046,-0.0331917182,0.0719587877,-0.043401897,0.222724915,-0.507906139,0.0735753328,-0.161913693,-0.0692755878,0.0351996273,0.427604496,-0.545027912,-0.0869377777,0.0716105849,0.300089031,0.132372528,0.605450749,0.275348276,0.061126586,1.06616569,0.193455428,0.0786179602,0.0775659159,0.199120775,-0.286053956,0.00909274071,0.947104871,-0.0358288586,0.0283756666,0.0314451046,-0.0331917256,0.0719587877,-0.043401897,0.222724915,-0.507906139,0.0735753328,-0.161913693,-0.0692755878,0.0351996273,0.427604496,-0.545027971,-0.0869377777,0.0716105849,0.300089031,0.132372528,0.605450749,0.275348276,0.061126586,1.06616569,0.193455428,0.0786179602,0.0775659159,0.199120775,-0.286053956,0.00909274071,0.947104871,-0.0358288586,0.0283756666,0.0314451046
2.05391681,3188552.57,0,0,0.0133526451,6.19189814e-06,1,0.161373988,0,1,0.507167876,-0.00396639528,-0.0097961463,0.861782491,-1.59647214,1.18447161,-0.10598854,-2.4548317e-06,9.4248378e-07,-0.999674201,0.115066603,0.0486222319,-0.0251641423,0.38256067,-0.575346053,-0.0123281078,-0.213708147,0.0378190838,0.0139571447,0.489917219,-0.362267166,-0.0293293316,0.00567540526,0.0543577075,-0.00310260826,0.502098441,0.125336319,0.0343339592,1.14478362,0.173256516,0.197271451,-0.00599292992,0.436579555,-0.309381783,0.0218265224,0.988836288,-0.0736075267,0.0396924205,0.060985513,1.85129106,1.20460057,-0.501720905,-5.75654697,1.5758667,1.83269703,-2.72672677,0.868276179,-1.26096392,0.464497238,-0.084824048,0.122710548,0.658517182,1.69530559,0.112936825,-0.0107581373,0.0643273443,-0.644737005,-1.11522949,0.785019338,-4.60439253,1.3745203,-1.48745978,0.121315129,-0.150662467,0.948153138,1.31574512,0.120321319,-0.927648962,-0.0331917256,0.0719587877,-0.043401897,0.222724915,-0.507906139,0.0735753328,-0.161913693,-0.0692755878,0.0351996273,0.427604496,-0.545027971,-0.0869377777,0.0716105849,0.300089031,0.132372528,0.605450749,0.275348276,0.061126586,1.06616569,0.193455428,0.0786179602,0.0775659159,0.199120775,-0.286053956,0.00909274071,0.947104871,-0.0358288586,0.0283756666,0.0314451046,-0.0331917182,0.0719587877,-0.043401897,0.222724915,-0.507906139,0.0735753328,-0.161913693,-0.0692755878,0.0351996273,0.427604496,-0.545027912,-0.0869377777,0.0716105849,0.300089031,0.132372528,0.605450749,0.275348276,0.061126586,1.06616569,0.193455428,0.0786179602,0.0775659159,0.199120775,-0.286053956,0.00909274071,0.947104871,-0.0358288586,0.0283756666,0.0314451046,-0.0331917256,0.0719587877,-0.043401897,0.222724915,-0.507906139,0.0735753328,-0.161913693,-0.0692755878,0.0351996273,0.427604496,-0.545027971,-0.0869377777,0.0716105849,0.300089031,0.132372528,0.605450749,0.275348276,0.061126586,1.06616569,0.193455428,0.0786179602,0.0775659159,0.199120775,-0.286053956,0.00909274071,0.947104871,-0.0358288586,0.0283756666,0.0314451046
2.06491286,3188552.58,0,0,0.00435209414,4.72413376e-06,1,0.156672206,0.116114736,1,0.506378353,-0.0156495906,-0.0152378082,0.862034738,-1.8704071,1.20694017,0.343426704,-1.75594448e-06,6.74159992e-07,-0.999751449,0.130142033,0.0652582049,-0.0350376479,0.324337155,-0.559758425,0.0061656381,-0.247167364,0.0488101617,-0.00536059868,0.49569869,-0.36284557,-0.0268805716,0.0135205425,0.0763699636,-0.000678416516,0.502880752,0.126463622,0.0279553141,1.12317276,0.182234228,0.145674586,0.0111667002,0.416200846,-0.306718677,0.0182294622,0.999483228,-0.0589173995,0.0411261655,0.0495121479,0.818889558,1.52173471,-0.950664818,-4.06410646,1.08393729,1.35361278,-2.78793788,0.95092839,-1.79214585,0.468956321,-0.0111363716,0.332291931,0.630981803,1.90311658,0.301671684,0.0544617549,0.132261589,-0.45663923,-2.22417808,0.698650122,-4.03295183,1.41732955,-1.83982837,0.281727552,-0.354207337,0.78617686,1.07402098,0.123444647,-0.89465034,0.0709462911,0.11385183,-0.0490788408,0.111142695,-0.391791403,0.105888233,-0.259405553,-0.00567919388,-0.0237866901,0.489805639,-0.474887788,-0.0475672185,0.0363881141,0.313497961,0.0947850645,0.603356719,0.286947966,0.0914264172,1.02661669,0.188250676,0.0667568147,0.10036771,0.18325001,-0.278310925,-0.0249870121,0.95857513,-0.0125102252,0.0311769769,-0.000459056348,0.0709462836,0.11385183,-0.0490788408,0.111142695,-0.391791403,0.105888233,-0.259405553,-0.00567919388,-0.0237866901,0.489805639,-0.474887788,-0.0475672148,0.0363881141,0.313497961,0.0947850645,0.603356719,0.286947966,0.0914264172,1.02661669,0.188250676,0.0667568073,0.10036771,0.18325001,-0.278310925,-0.0249870121,0.95857513,-0.0125102252,0.0311769787,-0.000459057279,0.0709462911,0.11385183,-0.0490788408,0.111142695,-0.391791403,0.105888233,-0.259405553,-0.00567919388,-0.0237866901,0.489805639,-0.474887788,-0.0475672185,0.0363881141,0.313497961,0.0947850645,0.603356719,0.286947966,0.0914264172,1.02661669,0.188250676,0.0667568147,0.10036771,0.18325001,-0.278310925,-0.0249870121,0.95857513,-0.0125102252,0.0311769769,-0.000459056348
2.07491363,3188552.59,0,0,0.0143528641,4.75812703e-06,1,0.156672206,0,1,0.505275249,-0.0249055065,-0.0200628247,0.862365425,-1.41104317,0.992848396,0.10055805,-1.2948758e-06,4.97141855e-07,-0.999804139,0.142265752,0.081301488,-0.0400907807,0.269484043,-0.528421283,0.0187073927,-0.276147485,0.0570794679,-0.023673838,0.504713058,-0.363556057,-0.0238649435,0.01854904,0.0930005237,0.00386744225,0.506710291,0.127508745,0.0267789233,1.09437776,0.187095314,0.109021202,0.02569093,0.392961711,-0.301898658,0.0106147062,1.00789404,-0.0462682806,0.042907469,0.03710033,1.13921213,1.31839824,-0.352551967,-5.7522893,4.50652742,-0.576488197,-2.94164991,0.484978229,-1.65910089,1.19729221,0.00561444461,0.333360046,0.486974299,1.13045788,0.596306682,0.464894623,0.187672451,0.106840484,-3.11882401,0.334248632,-3.43252134,1.4496094,-2.69076109,0.740100145,-0.962649524,0.939148366,1.29771078,0.220565468,-1.38255489,0.0709462911,0.11385183,-0.0490788408,0.111142695,-0.391791403,0.105888233,-0.259405553,-0.00567919388,-0.0237866901,0.489805639,-0.474887788,-0.0475672185,0.0363881141,0.313497961,0.0947850645,0.603356719,0.286947966,0.0914264172,1.02661669,0.188250676,0.0667568147,0.10036771,0.18325001,-0.278310925,-0.0249870121,0.95857513,-0.0125102252,0.0311769769,-0.000459056348,0.0709462836,0.11385183,-0.0490788408,0.111142695,-0.391791403,0.105888233,-0.259405553,-0.00567919388,-0.0237866901,0.489805639,-0.474887788,-0.0475672148,0.0363881141,0.313497961,0.0947850645,0.603356719,0.286947966,0.0914264172,1.02661669,0.188250676,0.0667568073,0.10036771,0.18325001,-0.278310925,-0.0249870121,0.95857513,-0.0125102252,0.0311769787,-0.000459057279,0.0709462911,0.11385183,-0.0490788408,0.111142695,-0.391791403,0.105888233,-0.259405553,-0.00567919388,-0.0237866901,0.489805639,-0.474887788,-0.0475672185,0.0363881141,0.313497961,0.0947850645,0.603356719,0.286947966,0.0914264172,1.02661669,0.188250676,0.0667568147,0.10036771,0.18325001,-0.278310925,-0.0249870121,0.95857513,-0.0125102252,0.0311769769,-0.000459056348
2.08494344,3188552.6,0,0,0.00438287389,2.27899291e-05,1,0.159244053,0.0836549401,1,0.506808162,-0.0276014786,-0.0189463086,0.861408532,0.489999413,0.353353888,-0.472626418,-9.54872689e-07,3.66604439e-07,-0.999844193,0.146187291,0.0784355029,-0.0417844169,0.225138739,-0.454773098,0.0157716144,-0.303329498,0.049947001,-0.0320412032,0.520466447,-0.359740913,-0.0197160766,0.0255759992,0.086821571,0.0141108548,0.508679688,0.132875443,0.0312414262,1.06523621,0.188831896,0.0782257095,0.0394568741,0.35981524,-0.287715644,7.85604207e-05,1.01989603,-0.0348342471,0.0459171757,0.0234015547,-0.055857908,-0.969278634,-0.100678131,-3.40460277,7.9558115,0.0949964821,-2.45857477,-1.22232461,-0.486230731,1.58149648,0.582182348,0.455414861,0.706490755,-1.33244669,1.23595417,0.0255118851,0.670474708,0.593137085,-2.74940777,0.101052642,-2.81511283,1.30935991,-3.56650329,1.67873406,-1.04656827,1.17399275,1.01522398,0.332209259,-1.29534411,0.133356646,0.162334695,-0.0166631453,0.102033198,-0.321071982,0.0893492848,-0.343060493,0.00896612182,-0.031870313,0.572332025,-0.458143294,-0.0156464335,-0.0102617238,0.304933429,0.0493099391,0.589350462,0.317584842,0.121177204,0.986492634,0.190157771,0.0381878018,0.107117094,0.241158426,-0.275651753,-0.025233373,0.977191746,-0.00906381011,0.0430021659,-0.00830030069,0.133356631,0.162334695,-0.0166631453,0.102033198,-0.321071982,0.0893492848,-0.343060493,0.00896612182,-0.031870313,0.572332025,-0.458143294,-0.0156464335,-0.0102617238,0.304933429,0.0493099429,0.589350462,0.317584842,0.121177204,0.986492634,0.190157771,0.0381877944,0.107117094,0.241158426,-0.275651753,-0.025233373,0.977191746,-0.00906381011,0.0430021659,-0.00830030069,0.133356646,0.162334695,-0.0166631453,0.102033198,-0.321071982,0.0893492848,-0.343060493,0.00896612182,-0.031870313,0.572332025,-0.458143294,-0.0156464335,-0.0102617238,0.304933429,0.0493099391,0.589350462,0.317584842,0.121177204,0.986492634,0.190157771,0.0381878018,0.107117094,0.241158426,-0.275651753,-0.025233373,0.977191746,-0.00906381011,0.0430021659,-0.00830030069
2.10055248,3188552.62,0,0,0.019991905,1.58851035e-05,1,0.159244053,0,1,0.511818409,-0.0238522962,-0.0110160466,0.858691812,1.32418919,-0.184007108,-0.855514407,-7.25923883e-07,2.78704078e-07,-0.99987185,0.138870746,0.0555492826,-0.0309174862,0.197568908,-0.367769301,0.0160815306,-0.338498205,0.0228256434,-0.0317286327,0.551437557,-0.366673023,-0.00949464645,0.0297356918,0.0540481433,0.032194972,0.512477636,0.143625364,0.0487166829,1.02579021,0.189338267,0.0403820798,0.0555487648,0.300100654,-0.259181947,-0.0105219427,1.02971399,-0.0225085057,0.0529617034,0.00614422746,-0.316604346,-1.65209687,0.907901824,-0.783813477,2.7566843,-0.0518409796,-1.64233494,-1.81196928,0.286678404,1.69120669,-0.534413576,0.536171436,0.0551323183,-2.21743011,1.12478602,0.239803091,0.650008738,1.2186327,-2.08632278,-0.0132155856,-1.93557417,0.795494914,-3.65688038,1.74919951,-0.390782326,0.156545609,0.571301401,0.358833492,-0.842301846,0.133356646,0.162334695,-0.0166631453,0.102033198,-0.321071982,0.0893492848,-0.343060493,0.00896612182,-0.031870313,0.572332025,-0.458143294,-0.0156464335,-0.0102617238,0.304933429,0.0493099391,0.589350462,0.317584842,0.121177204,0.986492634,0.190157771,0.0381878018,0.107117094,0.241158426,-0.275651753,-0.025233373,0.977191746,-0.00906381011,0.0430021659,-0.00830030069,0.133356631,0.162334695,-0.0166631453,0.102033198,-0.321071982,0.0893492848,-0.343060493,0.00896612182,-0.031870313,0.572332025,-0.458143294,-0.0156464335,-0.0102617238,0.304933429,0.0493099429,0.589350462,0.317584842,0.121177204,0.986492634,0.190157771,0.0381877944,0.107117094,0.241158426,-0.275651753,-0.025233373,0.977191746,-0.00906381011,0.0430021659,-0.00830030069,0.133356646,0.162334695,-0.0166631453,0.102033198,-0.321071982,0.0893492848,-0.343060493,0.00896612182,-0.031870313,0.572332025,-0.458143294,-0.0156464335,-0.0102617238,0.304933429,0.0493099391,0.589350462,0.317584842,0.121177204,0.986492634,0.190157771,0.0381878018,0.107117094,0.241158426,-0.275651753,-0.025233373,0.977191746,-0.00906381011,0.0430021659,-0.00830030069
2.11094336,3188552.63,0,0,0.0100791231,2.15461478e-05,1,0.248912256,0.113987133,1,0.515381157,-0.0200219397,-0.0063054054,0.856703937,1.10854089,0.0230926611,-0.677109838,-5.19254399e-07,1.99357416e-07,-0.999897897,0.134239972,0.0403045043,-0.0222129207,0.194869727,-0.351833522,0.0155579541,-0.353186458,0.00617994322,-0.0288777612,0.567082882,-0.375140309,-0.00678389473,0.0272547528,0.0342055187,0.0394586846,0.515797377,0.149486572,0.0618110411,1.00820625,0.190284759,0.0242987275,0.06080053,0.26614365,-0.2435067,-0.0113703692,1.02708471,-0.0212424248,0.0560063198,0.00261830376,-0.869018555,-1.4036938,0.758318722,0.264688909,0.907407463,-0.0415944494,-1.62200952,-1.55768728,0.23266466,1.74080491,-1.31859279,0.0332170762,-0.578866661,-1.81443453,0.278486997,0.494525105,0.522864759,1.51116037,-1.59876645,0.277117372,-1.46651781,0.252945006,-3.21828341,1.41170359,0.195346564,-0.551028192,-0.378236085,0.348444134,0.163693905,0.0840020031,0.276321828,-0.0208349153,0.141034961,-0.338280201,0.112108901,-0.380862176,0.0158177465,-0.0339896493,0.647390127,-0.44802171,-0.0170727614,-0.0324705541,0.268660396,0.0379750133,0.565308809,0.321791887,0.144643247,0.943986058,0.21760872,-0.000507816672,0.0819782466,0.247352377,-0.306815535,-0.00482692569,0.974263847,-0.0529933423,0.0565469563,0.0285801813,0.0840020105,0.276321828,-0.0208349153,0.141034961,-0.338280201,0.112108901,-0.380862176,0.0158177465,-0.0339896493,0.647390127,-0.44802171,-0.0170727614,-0.0324705541,0.268660396,0.037975017,0.565308809,0.321791887,0.144643247,0.943986058,0.21760872,-0.000507811084,0.0819782466,0.247352377,-0.306815535,-0.00482692383,0.974263847,-0.0529933423,0.0565469563,0.0285801794,0.0840020031,0.276321828,-0.0208349153,0.141034961,-0.338280201,0.112108901,-0.380862176,0.0158177465,-0.0339896493,0.647390127,-0.44802171,-0.0170727614,-0.0324705541,0.268660396,0.0379750133,0.565308809,0.321791887,0.144643247,0.943986058,0.21760872,-0.000507816672,0.0819782466,0.247352377,-0.306815535,-0.00482692569,0.974263847,-0.0529933423,0.0565469563,0.0285801813
2.12095399,3188552.64,0,0,0.000351396855,2.53380276e-05,1,0.197083689,0.0820227265,1,0.518165588,-0.0174837038,-0.00280984701,0.855096996,0.700401485,-0.17667304,-0.64103961,-3.82910741e-07,1.47010979e-07,-0.99991554,0.125940576,0.0290870667,-0.0149977291,0.200443909,-0.347920865,0.0151858823,-0.366826117,-0.00595708657,-0.0259533171,0.584027648,-0.388348877,-0.00771070644,0.0195127614,0.0198859163,0.0406095386,0.520711005,0.15442875,0.0768850148,0.994915187,0.194138721,0.012178475,0.0605662465,0.236769557,-0.231453732,-0.00687108189,1.01783693,-0.0284931604,0.058822237,0.00850419514,-0.677394092,-0.919822514,0.733676076,0.622587442,0.166028753,-0.0373641439,-1.10507333,-0.961825132,0.324245632,1.58408999,-1.19910002,-0.115679093,-0.814434886,-1.16061962,0.0765669346,0.440412223,0.501608193,1.41024709,-1.13688862,0.406612426,-1.02631986,-0.157328576,-2.73275018,1.08183444,0.561922371,-1.13423514,-0.822664559,0.197931424,0.749325871,0.0840020031,0.276321828,-0.0208349153,0.141034961,-0.338280201,0.112108901,-0.380862176,0.0158177465,-0.0339896493,0.647390127,-0.44802171,-0.0170727614,-0.0324705541,0.268660396,0.0379750133,0.565308809,0.321791887,0.144643247,0.943986058,0.21760872,-0.000507816672,0.0819782466,0.247352377,-0.306815535,-0.00482692569,0.974263847,-0.0529933423,0.0565469563,0.0285801813,0.0174924657,0.358344555,-0.0279848538,0.105810851,-0.335463703,0.157973841,-0.374676466,-0.0256419964,-0.0262591653,0.728274822,-0.468420804,-0.0264076162,-0.0309650227,0.26338464,0.0550511964,0.569380403,0.306420505,0.137339234,0.925728202,0.237722248,-0.0141057801,0.0516932383,0.214460552,-0.32691741,0.00335024484,0.946136177,-0.0619498864,0.0409152061,0.043159917,0.0174924582,0.358344555,-0.0279848538,0.105810851,-0.335463703,0.157973841,-0.374676466,-0.0256419964,-0.0262591653,0.728274822,-0.468420804,-0.0264076162,-0.0309650227,0.26338464,0.0550511926,0.569380403,0.306420505,0.137339234,0.925728202,0.237722248,-0.0141057819,0.0516932383,0.214460552,-0.32691741,0.00335024484,0.946136177,-0.0619498864,0.0409152061,0.043159917
2.13100121,3188552.65,0,0,0.0103986217,5.01563773e-06,1,0.197083689,0,1,0.521199048,-0.0151550379,-0.00132279121,0.853299558,0.417912304,-0.190674677,-0.748121679,-2.8236758e-07,1.08409445e-07,-0.999928892,0.121041112,0.0222899802,-0.00699851615,0.205946401,-0.347551316,0.0150931729,-0.376662314,-0.0129137225,-0.0233290829,0.603401601,-0.401145011,-0.00952535868,0.0118519636,0.0114967199,0.0397125185,0.524755359,0.160092056,0.0891683325,0.985634387,0.199072927,0.00465888251,0.0567990392,0.212918445,-0.222313866,7.81840281e-05,1.00395048,-0.0368602052,0.0590966903,0.0173792951,-0.449974746,-0.567111373,0.855418921,0.469681919,0.00302370475,0.0295697544,-1.12608123,-0.596485972,0.188106954,2.5963397,-1.51279688,-0.269197553,-0.724941492,-0.68361336,-0.287328154,0.432169795,0.621584415,1.15976655,-0.852599323,0.63513571,-0.585850298,-0.591973603,-2.14304161,0.795998991,0.81739527,-1.56675851,-0.869254231,-0.131970555,1.02422833,0.0174924582,0.358344555,-0.0279848538,0.105810851,-0.335463703,0.157973841,-0.374676466,-0.0256419964,-0.0262591653,0.728274822,-0.468420804,-0.0264076162,-0.0309650227,0.26338464,0.0550511926,0.569380403,0.306420505,0.137339234,0.925728202,0.237722248,-0.0141057819,0.0516932383,0.214460552,-0.32691741,0.00335024484,0.946136177,-0.0619498864,0.0409152061,0.043159917,0.0174924657,0.358344555,-0.0279848538,0.105810851,-0.335463703,0.157973841,-0.374676466,-0.0256419964,-0.0262591653,0.728274822,-0.468420804,-0.0264076162,-0.0309650227,0.26338464,0.0550511964,0.569380403,0.306420505,0.137339234,0.925728202,0.237722248,-0.0141057801,0.0516932383,0.214460552,-0.32691741,0.00335024484,0.946136177,-0.0619498864,0.0409152061,0.043159917,0.0174924582,0.358344555,-0.0279848538,0.105810851,-0.335463703,0.157973841,-0.374676466,-0.0256419964,-0.0262591653,0.728274822,-0.468420804,-0.0264076162,-0.0309650227,0.26338464,0.0550511926,0.569380403,0.306420505,0.137339234,0.925728202,0.237722248,-0.0141057819,0.0516932383,0.214460552,-0.32691741,0.00335024484,0.946136177,-0.0619498864,0.0409152061,0.043159917
2.14195026,3188552.66,0,0,0.00137544796,1.93542801e-05,1,0.171323773,0.0610239804,1,0.524299264,-0.0133906305,-0.00110678771,0.851428092,0.0940862894,-0.341204435,-0.681258142,-2.01977926e-07,7.75454296e-08,-0.99993968,0.118557282,0.0188707337,0.0012903742,0.209495023,-0.347638339,0.0155672142,-0.386088938,-0.0169737916,-0.0226807352,0.632273257,-0.414344817,-0.0119733317,0.00476455968,0.00762257352,0.0360855721,0.528402388,0.167188585,0.0985107347,0.978928804,0.206322774,0.000888952869,0.0491176322,0.194398373,-0.215930313,0.00871384889,0.987017453,-0.0447364412,0.0558101274,0.0276721455,-0.109304555,-0.182522416,0.780785382,0.291896254,-0.0127199935,0.0495830439,-0.735048175,-0.275153607,-0.0255793016,2.87012386,-1.12390935,-0.212668434,-0.708878994,-0.183053195,-0.39077726,0.30171001,0.771213412,0.751510918,-0.531817853,0.746006548,-0.249422863,-0.835251451,-1.66993487,0.543101072,0.852461338,-1.72836781,-0.702027023,-0.433373421,0.976256847,-0.0435315222,0.373956084,-0.010642536,0.0815356374,-0.307146728,0.154148117,-0.379375905,-0.068247512,-0.0145926215,0.789278269,-0.493773788,-0.0226120036,-0.0330378227,0.244309261,0.0984476358,0.571518481,0.282971531,0.120090373,0.935622633,0.245387331,-0.0204238892,0.0184490159,0.167410061,-0.337664604,0.00456157327,0.91293788,-0.057491526,0.0179186873,0.0453551933,-0.0435315259,0.373956084,-0.0106425378,0.0815356374,-0.307146728,0.154148117,-0.379375905,-0.068247512,-0.0145926215,0.789278269,-0.493773758,-0.0226120036,-0.0330378227,0.244309261,0.0984476358,0.571518481,0.282971531,0.120090373,0.935622633,0.245387331,-0.0204238929,0.0184490159,0.167410061,-0.337664604,0.00456157327,0.91293788,-0.057491526,0.0179186873,0.0453551933,-0.0435315222,0.373956084,-0.010642536,0.0815356374,-0.307146728,0.154148117,-0.379375905,-0.068247512,-0.0145926215,0.789278269,-0.493773788,-0.0226120036,-0.0330378227,0.244309261,0.0984476358,0.571518481,0.282971531,0.120090373,0.935622633,0.245387331,-0.0204238892,0.0184490159,0.167410061,-0.337664604,0.00456157327,0.91293788,-0.057491526,0.0179186873,0.0453551933
2.1530212,3188552.67,0,0,0.01244639,9.00635496e-06,1,0.171323773,0,1,0.52749902,-0.0118873231,-0.00232096808,0.849469304,-0.0662205815,-0.23666963,-0.611431837,-1.44475109e-07,5.54683588e-08,-0.999947667,0.118144333,0.0185511969,0.0100216661,0.211532801,-0.347254604,0.0161138885,-0.393859982,-0.019283466,-0.0244335383,0.669716775,-0.428950608,-0.0136936102,-0.00357831991,0.00792906247,0.0292257909,0.5313676,0.178042501,0.104045823,0.97535795,0.215341702,-0.000908751332,0.037660867,0.17776522,-0.211061075,0.0181233566,0.966227591,-0.0504139178,0.0477593653,0.0374573432,-0.047852423,0.0177206695,0.716772914,0.0725560412,0.0862263665,0.04421537,-0.745915353,-0.204670697,-0.192688674,3.54737258,-1.41110325,-0.0849715546,-0.683622062,0.0992230177,-0.736579537,0.237096325,1.00613976,0.289547443,-0.16473949,0.762188613,-0.113732785,-1.08228254,-1.21373808,0.313134044,0.737754464,-1.75061774,-0.291629523,-0.888503015,0.704122543,-0.0435315222,0.373956084,-0.010642536,0.0815356374,-0.307146728,0.154148117,-0.379375905,-0.068247512,-0.0145926215,0.789278269,-0.493773788,-0.0226120036,-0.0330378227,0.244309261,0.0984476358,0.571518481,0.282971531,0.120090373,0.935622633,0.245387331,-0.0204238892,0.0184490159,0.167410061,-0.337664604,0.00456157327,0.91293788,-0.057491526,0.0179186873,0.0453551933,-0.0435315259,0.373956084,-0.0106425378,0.0815356374,-0.307146728,0.154148117,-0.379375905,-0.068247512,-0.0145926215,0.789278269,-0.493773758,-0.0226120036,-0.0330378227,0.244309261,0.0984476358,0.571518481,0.282971531,0.120090373,0.935622633,0.245387331,-0.0204238929,0.0184490159,0.167410061,-0.337664604,0.00456157327,0.91293788,-0.057491526,0.0179186873,0.0453551933,-0.0435315222,0.373956084,-0.010642536,0.0815356374,-0.307146728,0.154148117,-0.379375905,-0.068247512,-0.0145926215,0.789278269,-0.493773788,-0.0226120036,-0.0330378227,0.244309261,0.0984476358,0.571518481,0.282971531,0.120090373,0.935622633,0.245387331,-0.0204238892,0.0184490159,0.167410061,-0.337664604,0.00456157327,0.91293788,-0.057491526,0.0179186873,0.0453551933
2.16394494,3188552.68,0,0,0.0033935518,2.18008645e-05,1,0.14704233,0.0652771741,1,0.53011167,-0.0111495079,-0.00410092669,0.847844601,-0.274035692,-0.268804431,-0.452630132,-1.0334324e-07,3.96765927e-08,-0.999953508,0.118478313,0.0203727521,0.0174168628,0.211663902,-0.345846504,0.0164994877,-0.399677247,-0.0212018751,-0.0278502367,0.709537804,-0.442508727,-0.0143922828,-0.0118959853,0.011232012,0.0199452769,0.5333125,0.190827563,0.105606288,0.974967062,0.224553093,-0.00149252603,0.0238040555,0.165238649,-0.208874658,0.0253106616,0.946107328,-0.0522125326,0.0361273065,0.0437970124,0.0776156187,0.25740093,0.546330273,-0.0254197326,0.132491961,0.0227203686,-0.256477147,-0.103956476,-0.326196402,2.99292135,-0.934856653,-0.0505809002,-0.680222273,0.404374152,-0.802150846,0.103614569,1.08913457,0.0393362641,0.0605149269,0.764501035,-0.0105428938,-1.16385758,-0.925862432,0.0982523561,0.475879639,-1.58758497,-0.0857201219,-0.961150646,0.40463686,-0.0529682487,0.344531298,0.012946412,0.0779619515,-0.300400794,0.125175402,-0.419739723,-0.07457304,-0.016342748,0.831957757,-0.510643244,-0.0123830605,-0.0432482325,0.204474032,0.16372481,0.550811768,0.279445916,0.115282692,0.934070706,0.250888765,-0.0355862901,-0.0032966584,0.136738896,-0.344053566,0.00831448659,0.898169279,-0.0462624207,0.00413981359,0.0406598113,-0.0529682525,0.344531298,0.0129464138,0.0779619515,-0.300400794,0.125175402,-0.419739723,-0.07457304,-0.016342748,0.831957757,-0.510643184,-0.0123830596,-0.0432482325,0.204474032,0.16372481,0.550811768,0.279445916,0.115282692,0.934070706,0.250888765,-0.0355862901,-0.00329666119,0.136738896,-0.344053566,0.00831448659,0.898169279,-0.0462624207,0.00413981359,0.0406598113,-0.0529682487,0.344531298,0.012946412,0.0779619515,-0.300400794,0.125175402,-0.419739723,-0.07457304,-0.016342748,0.831957757,-0.510643244,-0.0123830605,-0.0432482325,0.204474032,0.16372481,0.550811768,0.279445916,0.115282692,0.934070706,0.250888765,-0.0355862901,-0.0032966584,0.136738896,-0.344053566,0.00831448659,0.898169279,-0.0462624207,0.00413981359,0.0406598113
2.17494242,3188552.69,0,0,0.0143910339,2.16569752e-05,1,0.14704233,0,1,0.532248616,-0.0108452803,-0.00552796153,0.846500576,-0.186488092,-0.173950568,-0.523514092,-7.39215622e-08,2.83807218e-08,-0.9999578,0.119070761,0.0223504193,0.0235442985,0.21047239,-0.343838751,0.0163851865,-0.403787047,-0.0229274165,-0.0301692672,0.743051708,-0.45381248,-0.0145846494,-0.0183889829,0.0144451503,0.0116574941,0.534450948,0.202233672,0.1058084,0.975932539,0.231814861,-0.00243243924,0.0114974258,0.1557616,-0.208575115,0.0297076609,0.931531727,-0.0523139201,0.0258111488,0.0459838137,0.0593826585,0.183873191,0.631248951,-0.158768773,0.231280774,-0.0319338366,-0.423981577,-0.2025446,-0.196592093,3.39346433,-1.11749053,-0.00568597484,-0.635410666,0.297985435,-0.819063544,0.0985501409,1.15631819,0.0108108483,0.126935452,0.699107647,-0.134570166,-1.24384999,-0.959494948,-0.0216820948,0.399072438,-1.36576951,0.0253315046,-1.03452587,0.130690485,-0.0529682487,0.344531298,0.012946412,0.0779619515,-0.300400794,0.125175402,-0.419739723,-0.07457304,-0.016342748,0.831957757,-0.510643244,-0.0123830605,-0.0432482325,0.204474032,0.16372481,0.550811768,0.279445916,0.115282692,0.934070706,0.250888765,-0.0355862901,-0.0032966584,0.136738896,-0.344053566,0.00831448659,0.898169279,-0.0462624207,0.00413981359,0.0406598113,-0.0529682525,0.344531298,0.0129464138,0.0779619515,-0.300400794,0.125175402,-0.419739723,-0.07457304,-0.016342748,0.831957757,-0.510643184,-0.0123830596,-0.0432482325,0.204474032,0.16372481,0.550811768,0.279445916,0.115282692,0.934070706,0.250888765,-0.0355862901,-0.00329666119,0.136738896,-0.344053566,0.00831448659,0.898169279,-0.0462624207,0.00413981359,0.0406598113,-0.0529682487,0.344531298,0.012946412,0.0779619515,-0.300400794,0.125175402,-0.419739723,-0.07457304,-0.016342748,0.831957757,-0.510643244,-0.0123830605,-0.0432482325,0.204474032,0.16372481,0.550811768,0.279445916,0.115282692,0.934070706,0.250888765,-0.0355862901,-0.0032966584,0.136738896,-0.344053566,0.00831448659,0.898169279,-0.0462624207,0.00413981359,0.0406598113
2.18592469,3188552.7,0,0,0.00541307405,4.33716923e-06,1,0.137221068,0.0559229255,1,0.53437525,-0.0107269036,-0.00688037556,0.845151305,-0.236374035,-0.138385206,-0.497226685,-5.28761923e-08,2.03007691e-08,-0.99996078,0.11964573,0.0245565437,0.029658854,0.208800793,-0.34141463,0.015805874,-0.406560779,-0.0249769799,-0.032102365,0.773262322,-0.462906539,-0.014556963,-0.0245477445,0.017756721,0.0037509636,0.534966826,0.213648066,0.105612844,0.977554262,0.238264129,-0.00387355546,-0.000269840588,0.146269038,-0.209696323,0.0327441096,0.91935128,-0.0518764779,0.0164299551,0.0466625355,0.0444020666,0.250651807,0.598559916,-0.167580426,0.244642109,-0.0726169646,-0.174457192,-0.196774423,-0.187361643,2.71484017,-0.787901819,0.0063512465,-0.593827963,0.358309984,-0.788967669,0.0294130128,1.12591505,-0.0486471988,0.17042549,0.60129714,-0.13755849,-1.10872638,-0.931199253,-0.173452958,0.237642109,-1.11569512,0.0492515825,-0.855508626,0.0393404439,-0.0268501192,0.300070465,0.0324375629,0.10602513,-0.268986046,0.107713714,-0.466892153,-0.0691395402,-0.016561754,0.851890028,-0.508393764,0.00483562285,-0.0546158217,0.152955458,0.219647735,0.518867791,0.28433013,0.115447991,0.925357103,0.252821654,-0.0533880442,-0.017313838,0.135141253,-0.347014546,0.0110906661,0.898208678,-0.0307613835,-0.00497380085,0.0279247276,-0.0268501118,0.300070465,0.0324375629,0.10602513,-0.268986046,0.107713714,-0.466892153,-0.0691395402,-0.016561754,0.851890028,-0.508393764,0.00483562285,-0.0546158217,0.152955458,0.219647735,0.518867791,0.28433013,0.115447991,0.925357103,0.252821654,-0.0533880442,-0.0173138361,0.135141253,-0.347014546,0.0110906661,0.898208678,-0.0307613835,-0.00497380085,0.0279247276,-0.0268501192,0.300070465,0.0324375629,0.10602513,-0.268986046,0.107713714,-0.466892153,-0.0691395402,-0.016561754,0.851890028,-0.508393764,0.00483562285,-0.0546158217,0.152955458,0.219647735,0.518867791,0.28433013,0.115447991,0.925357103,0.252821654,-0.0533880442,-0.017313838,0.135141253,-0.347014546,0.0110906661,0.898208678,-0.0307613835,-0.00497380085,0.0279247276
2.19698459,3188552.71,0,0,0.0164729771,4.65009362e-06,1,0.137221068,0,1,0.537184954,-0.0104855029,-0.00808098447,0.843360603,-0.100866705,-0.120011404,-0.592298985,-3.78224101e-08,1.45211674e-08,-0.999962986,0.119552121,0.0265134703,0.0375710912,0.207925141,-0.338751763,0.0146052549,-0.409176975,-0.0282257963,-0.0327981077,0.80512923,-0.470915318,-0.0114598908,-0.0311644692,0.0204076786,-0.00371066853,0.534842074,0.227234811,0.105335176,0.979361594,0.244132653,-0.0073062079,-0.0127458656,0.133979201,-0.212751567,0.0355008505,0.908183992,-0.0474389642,0.00633705594,0.0442470722,-0.0496020243,0.122234225,0.690869093,-0.0157159753,0.203698441,-0.111924961,-0.210140556,-0.308633089,0.00510331802,2.46468592,-0.568899512,0.27905196,-0.507880688,0.152767375,-0.534390032,-0.0464401096,1.12260866,-0.0122466516,0.137591735,0.419531167,-0.353075802,-0.962613881,-1.05369878,-0.315633595,0.193779796,-0.812137783,0.491553485,-0.788641274,-0.306659758,-0.0268501192,0.300070465,0.0324375629,0.10602513,-0.268986046,0.107713714,-0.466892153,-0.0691395402,-0.016561754,0.851890028,-0.508393764,0.00483562285,-0.0546158217,0.152955458,0.219647735,0.518867791,0.28433013,0.115447991,0.925357103,0.252821654,-0.0533880442,-0.017313838,0.135141253,-0.347014546,0.0110906661,0.898208678,-0.0307613835,-0.00497380085,0.0279247276,-0.0268501118,0.300070465,0.0324375629,0.10602513,-0.268986046,0.107713714,-0.466892153,-0.0691395402,-0.016561754,0.851890028,-0.508393764,0.00483562285,-0.0546158217,0.152955458,0.219647735,0.518867791,0.28433013,0.115447991,0.925357103,0.252821654,-0.0533880442,-0.0173138361,0.135141253,-0.347014546,0.0110906661,0.898208678,-0.0307613835,-0.00497380085,0.0279247276,-0.0268501192,0.300070465,0.0324375629,0.10602513,-0.268986046,0.107713714,-0.466892153,-0.0691395402,-0.016561754,0.851890028,-0.508393764,0.00483562285,-0.0546158217,0.152955458,0.219647735,0.518867791,0.28433013,0.115447991,0.925357103,0.252821654,-0.0533880442,-0.017313838,0.135141253,-0.347014546,0.0110906661,0.898208678,-0.0307613835,-0.00497380085,0.0279247276
2.20794464,3188552.72,0,0,0.00742275594,2.14250758e-05,1,0.120827928,0.0386720598,1,0.540331066,-0.0102396421,-0.00874349568,0.841344774,-0.026433479,-0.0846510604,-0.653062999,-2.7054428e-08,1.03870113e-08,-0.999964535,0.118124895,0.0276499894,0.0461369753,0.208681524,-0.336732566,0.0131934593,-0.411167949,-0.0321802236,-0.0319799781,0.829928696,-0.476944566,-0.00868359022,-0.0365679376,0.0215462018,-0.0091528818,0.533703208,0.240132809,0.105391078,0.980608702,0.248149201,-0.011804536,-0.0222744346,0.121356271,-0.217625946,0.0371121354,0.900386989,-0.0415018126,-0.00157153781,0.0402096622,-0.155236155,0.0577248596,0.737271428,0.138216943,0.132704809,-0.123428427,-0.188072592,-0.327423543,0.166184723,2.00451803,-0.563779116,0.236483097,-0.459941834,0.0228010491,-0.351135075,-0.103710063,1.02844965,0.0415210128,0.0684364885,0.25175938,-0.414926797,-0.649616778,-1.11288011,-0.466487318,0.166939825,-0.47921744,0.551800609,-0.594006479,-0.37464118,0.0118219405,0.268375248,0.0420870259,0.126111329,-0.261579871,0.0979859382,-0.499639064,-0.0377357341,-0.0261424966,0.883137226,-0.516243219,0.00780944666,-0.0740952641,0.140094712,0.232214794,0.482117772,0.286952555,0.121829852,0.908866704,0.252006024,-0.0689896941,-0.0162640661,0.148325726,-0.342813492,0.0209880173,0.913191378,-0.0208439678,-0.00741984602,0.0230932347,0.011821948,0.268375248,0.0420870222,0.126111329,-0.261579871,0.0979859382,-0.499639064,-0.0377357341,-0.0261424966,0.883137226,-0.516243219,0.00780944666,-0.0740952641,0.140094712,0.232214779,0.482117772,0.286952555,0.121829852,0.908866704,0.252006024,-0.0689896941,-0.0162640736,0.148325726,-0.342813492,0.0209880173,0.913191378,-0.0208439678,-0.00741984602,0.0230932347,0.0118219405,0.268375248,0.0420870259,0.126111329,-0.261579871,0.0979859382,-0.499639064,-0.0377357341,-0.0261424966,0.883137226,-0.516243219,0.00780944666,-0.0740952641,0.140094712,0.232214794,0.482117772,0.286952555,0.121829852,0.908866704,0.252006024,-0.0689896941,-0.0162640661,0.148325726,-0.342813492,0.0209880173,0.913191378,-0.0208439678,-0.00741984602,0.0230932347
2.21901233,3188552.74,0,0,0.0184904421,4.71621752e-06,1,0.120827928,0,1,0.543215692,-0.0098138405,-0.00894801877,0.839488149,0.0300460737,-0.0765049309,-0.706462801,-1.93520719e-08,7.42984385e-09,-0.999965727,0.116201326,0.0278979465,0.0537782162,0.210924312,-0.335866481,0.0119513189,-0.413389832,-0.0352134369,-0.0293043032,0.849400997,-0.48247391,-0.00647461135,-0.0413271673,0.0210475419,-0.0115137985,0.532500982,0.24976559,0.106256627,0.980990112,0.249802276,-0.0162288472,-0.0269182473,0.109783322,-0.222909272,0.0390562974,0.897476494,-0.0357271098,-0.00670571299,0.036350064,-0.217945278,0.0139266336,0.777624369,0.268425435,0.0606246218,-0.121433012,-0.223431066,-0.287547499,0.304230869,1.82008326,-0.492805421,0.197616175,-0.465705425,-0.0802604482,-0.181680128,-0.144944564,0.920459688,0.106695645,0.0245010108,0.123680666,-0.437649399,-0.346430123,-1.14542449,-0.568143845,0.178863883,-0.197877705,0.55065769,-0.446705759,-0.37008661,0.0118219405,0.268375248,0.0420870259,0.126111329,-0.261579871,0.0979859382,-0.499639064,-0.0377357341,-0.0261424966,0.883137226,-0.516243219,0.00780944666,-0.0740952641,0.140094712,0.232214794,0.482117772,0.286952555,0.121829852,0.908866704,0.252006024,-0.0689896941,-0.0162640661,0.148325726,-0.342813492,0.0209880173,0.913191378,-0.0208439678,-0.00741984602,0.0230932347,0.011821948,0.268375248,0.0420870222,0.126111329,-0.261579871,0.0979859382,-0.499639064,-0.0377357341,-0.0261424966,0.883137226,-0.516243219,0.00780944666,-0.0740952641,0.140094712,0.232214779,0.482117772,0.286952555,0.121829852,0.908866704,0.252006024,-0.0689896941,-0.0162640736,0.148325726,-0.342813492,0.0209880173,0.913191378,-0.0208439678,-0.00741984602,0.0230932347,0.0118219405,0.268375248,0.0420870259,0.126111329,-0.261579871,0.0979859382,-0.499639064,-0.0377357341,-0.0261424966,0.883137226,-0.516243219,0.00780944666,-0.0740952641,0.140094712,0.232214794,0.482117772,0.286952555,0.121829852,0.908866704,0.252006024,-0.0689896941,-0.0162640661,0.148325726,-0.342813492,0.0209880173,0.913191378,-0.0208439678,-0.00741984602,0.0230932347
2.22994526,3188552.75,0,0,0.00942467293,2.16071494e-05,1,0.118831173,0.0319328606,1,0.546258032,-0.0094148824,-0.00895500928,0.837516189,0.0602436401,-0.0541145317,-0.733908594,-1.38425627e-08,5.31457767e-09,-0.999966383,0.113749534,0.0279540457,0.0616480894,0.213963449,-0.335521817,0.0108355405,-0.415471494,-0.0378705114,-0.0260630529,0.865240276,-0.487036735,-0.00491238432,-0.0456732884,0.0199466404,-0.0127724614,0.530534863,0.258312494,0.10766802,0.981132865,0.250667989,-0.0202835537,-0.0287834294,0.0991176814,-0.229118139,0.0403801017,0.896316111,-0.0309677832,-0.0099488385,0.0331991538,-0.256716073,-0.00552432612,0.788019776,0.329728097,0.0152992718,-0.105389677,-0.222764105,-0.241344631,0.361089915,1.54284656,-0.519938231,0.111039147,-0.441933632,-0.139761522,-0.0803162977,-0.218165055,0.803473175,0.189549595,0.00950514991,0.0601009168,-0.400067359,-0.0799775124,-1.02712286,-0.649891019,0.139273852,-0.0675003305,0.459554702,-0.222912565,-0.275716424,0.0437548012,0.259437352,0.0392150059,0.137726068,-0.269556433,0.0962577313,-0.516824067,-0.0220280755,-0.0280503035,0.904880822,-0.52517128,0.0033846735,-0.0857848078,0.151572406,0.218064487,0.450443327,0.287671328,0.125617757,0.892170608,0.249952823,-0.0823064521,-0.0074274689,0.154198915,-0.331934273,0.030195836,0.926002443,-0.0157895386,-0.00393083412,0.0237577334,0.0437548086,0.259437352,0.0392150059,0.137726068,-0.269556433,0.0962577313,-0.516824067,-0.0220280755,-0.0280503035,0.904880822,-0.52517128,0.0033846735,-0.0857848078,0.151572406,0.218064487,0.450443327,0.287671328,0.125617757,0.892170608,0.249952838,-0.0823064521,-0.00742747635,0.154198915,-0.331934273,0.030195836,0.926002443,-0.0157895386,-0.00393083412,0.0237577315,0.0437548012,0.259437352,0.0392150059,0.137726068,-0.269556433,0.0962577313,-0.516824067,-0.0220280755,-0.0280503035,0.904880822,-0.52517128,0.0033846735,-0.0857848078,0.151572406,0.218064487,0.450443327,0.287671328,0.125617757,0.892170608,0.249952823,-0.0823064521,-0.0074274689,0.154198915,-0.331934273,0.030195836,0.926002443,-0.0157895386,-0.00393083412,0.0237577334
2.24094772,3188552.76,0,0,0.000428213272,2.09929422e-05,1,0.118006021,0.0297416151,1,0.549946904,-0.0089017665,-0.0087924106,0.835105896,0.0727933273,-0.0404639952,-0.731494129,-9.90160398e-09,3.80152487e-09,-0.999967039,0.110600799,0.0278541949,0.0709726363,0.218181819,-0.33562994,0.00970718358,-0.418120891,-0.0402108468,-0.0215056818,0.882183015,-0.49317342,-0.00416865665,-0.050939627,0.0179307498,-0.0130140856,0.527253449,0.266948074,0.110824384,0.98119849,0.251068354,-0.0245909728,-0.0278680082,0.0883551687,-0.237381279,0.0418643542,0.896164775,-0.026084071,-0.0112480149,0.030698847,-0.261030793,-0.00405905861,0.765387118,0.352814525,-0.0198915098,-0.084456265,-0.19726482,-0.168774337,0.362211823,1.24765527,-0.450043142,0.0412348919,-0.417604178,-0.17683965,0.0120678302,-0.326203704,0.66735816,0.298543006,0.00334207877,0.0214458499,-0.311140954,0.171722844,-0.771847546,-0.713284254,0.08527904,0.0147261852,0.347223163,-0.0567618981,-0.164016739,0.0437548012,0.259437352,0.0392150059,0.137726068,-0.269556433,0.0962577313,-0.516824067,-0.0220280755,-0.0280503035,0.904880822,-0.52517128,0.0033846735,-0.0857848078,0.151572406,0.218064487,0.450443327,0.287671328,0.125617757,0.892170608,0.249952823,-0.0823064521,-0.0074274689,0.154198915,-0.331934273,0.030195836,0.926002443,-0.0157895386,-0.00393083412,0.0237577334,0.0734964237,0.263075888,0.0344761685,0.148588508,-0.264226615,0.096859917,-0.532438874,-0.0197727997,-0.0269992389,0.913561225,-0.52625823,-0.00124396989,-0.0888894796,0.172369212,0.193018302,0.431994259,0.283772081,0.126357913,0.880464673,0.246733099,-0.0911432132,-0.00195307145,0.151005924,-0.323853493,0.0353255458,0.931805491,-0.0127759874,0.0025428345,0.025048526,0.0734964162,0.263075888,0.0344761685,0.148588508,-0.264226615,0.096859917,-0.532438874,-0.0197727997,-0.0269992389,0.913561225,-0.52625823,-0.00124396943,-0.0888894796,0.172369212,0.193018302,0.431994259,0.283772081,0.126357913,0.880464673,0.246733099,-0.0911432132,-0.0019530654,0.151005924,-0.323853493,0.0353255458,0.931805491,-0.0127759874,0.0025428345,0.0250485241
2.25194192,3188552.77,0,0,0.0114224129,2.15410255e-05,1,0.118006021,0,1,0.552991927,-0.00853780936,-0.00862445589,0.833098233,0.0676832497,-0.0333564878,-0.73379904,0.00143961655,2.71923617e-09,-0.999967575,0.10813079,0.0279048514,0.0785093457,0.221567586,-0.335910112,0.00896982849,-0.419811815,-0.0415884741,-0.0182486214,0.892792642,-0.497178257,-0.00389113789,-0.0547133349,0.0161426943,-0.0126169436,0.523338914,0.273029417,0.114118382,0.981214106,0.251205355,-0.0271039568,-0.0251401402,0.0822579935,-0.244770944,0.0423776582,0.896804154,-0.0231530424,-0.0113087688,0.0295101982,-0.230925635,0.012098453,0.750604749,0.329451263,-0.0356989317,-0.0678457469,-0.162368819,-0.109853134,0.311609834,0.985819876,-0.383464545,0.0185602251,-0.352096468,-0.178638786,0.0600845516,-0.429049641,0.563717186,0.352966785,0.00061381323,0.00885987002,-0.219532028,0.346107692,-0.516028106,-0.751279235,0.03688889,0.118224196,0.279329091,0.0409483388,-0.0868714377,0.0734964162,0.263075888,0.0344761685,0.148588508,-0.264226615,0.096859917,-0.532438874,-0.0197727997,-0.0269992389,0.913561225,-0.52625823,-0.00124396943,-0.0888894796,0.172369212,0.193018302,0.431994259,0.283772081,0.126357913,0.880464673,0.246733099,-0.0911432132,-0.0019530654,0.151005924,-0.323853493,0.0353255458,0.931805491,-0.0127759874,0.0025428345,0.0250485241,0.0734964237,0.263075888,0.0344761685,0.148588508,-0.264226615,0.096859917,-0.532438874,-0.0197727997,-0.0269992389,0.913561225,-0.52625823,-0.00124396989,-0.0888894796,0.172369212,0.193018302,0.431994259,0.283772081,0.126357913,0.880464673,0.246733099,-0.0911432132,-0.00195307145,0.151005924,-0.323853493,0.0353255458,0.931805491,-0.0127759874,0.0025428345,0.025048526,0.0734964162,0.263075888,0.0344761685,0.148588508,-0.264226615,0.096859917,-0.532438874,-0.0197727997,-0.0269992389,0.913561225,-0.52625823,-0.00124396943,-0.0888894796,0.172369212,0.193018302,0.431994259,0.283772081,0.126357913,0.880464673,0.246733099,-0.0911432132,-0.0019530654,0.151005924,-0.323853493,0.0353255458,0.931805491,-0.0127759874,0.0025428345,0.0250485241
2.26194664,3188552.78,0,0,0.0014300812,2.33459286e-05,1,0.127189793,0.0280863643,1,0.556006789,-0.0082196584,-0.00848779362,0.831093788,0.0538801551,-0.0249896608,-0.713437676,0.00720324554,2.0052302e-09,-0.999967575,0.10601978,0.0281695481,0.0858276114,0.224691778,-0.336346447,0.00835762452,-0.421191335,-0.0423956849,-0.0156698748,0.901114106,-0.500564516,-0.00377247366,-0.0578922555,0.0144321695,-0.0118364962,0.518467426,0.278110266,0.117888309,0.981204033,0.251253456,-0.0288034715,-0.0209208559,0.0787292421,-0.252432525,0.0425943024,0.898627102,-0.0207601395,-0.010429807,0.0289269518,-0.199339524,0.0360782482,0.715144694,0.299322039,-0.0472762771,-0.0574663319,-0.117979221,-0.0655715168,0.214004666,0.718262732,-0.307338417,0.0089791622,-0.296266019,-0.165199861,0.0864043012,-0.525995553,0.47555238,0.38939622,-0.00221123104,0.00277815014,-0.137682736,0.46001026,-0.237011269,-0.77491343,0.0143080316,0.217503756,0.206971183,0.110296547,-0.045366697,0.099402681,0.272280991,0.0331159607,0.158710241,-0.236140251,0.0943413079,-0.548265636,-0.0231340919,-0.0255695805,0.913350701,-0.521353126,-0.00673424639,-0.0893211663,0.191272706,0.16805093,0.421505749,0.278191596,0.126706868,0.87420547,0.243878782,-0.0959745124,-0.00033646822,0.145717651,-0.320813209,0.0370668583,0.932552457,-0.011983484,0.00803445652,0.026938878,0.0994026735,0.272280991,0.0331159607,0.158710241,-0.236140251,0.0943413079,-0.548265636,-0.0231340919,-0.0255695805,0.913350701,-0.521353126,-0.00673424546,-0.0893211663,0.191272706,0.16805093,0.421505749,0.278191596,0.126706868,0.87420547,0.243878782,-0.0959745124,-0.000336468685,0.145717651,-0.320813209,0.0370668583,0.932552457,-0.011983484,0.00803445652,0.0269388799,0.099402681,0.272280991,0.0331159607,0.158710241,-0.236140251,0.0943413079,-0.548265636,-0.0231340919,-0.0255695805,0.913350701,-0.521353126,-0.00673424639,-0.0893211663,0.191272706,0.16805093,0.421505749,0.278191596,0.126706868,0.87420547,0.243878782,-0.0959745124,-0.00033646822,0.145717651,-0.320813209,0.0370668583,0.932552457,-0.011983484,0.00803445652,0.026938878
2.27294132,3188552.79,0,0,0.0124247679,2.11889856e-05,1,0.127189793,0,1,0.559535086,-0.00795305427,-0.00835343078,0.828726411,0.0384488404,-0.00581308408,-0.714188755,0.0169980414,1.43434375e-09,-0.999967575,0.103995062,0.0287999157,0.0942514166,0.227802113,-0.336877704,0.00763537688,-0.422383457,-0.0428736061,-0.0139955422,0.907572269,-0.503150702,-0.00375750079,-0.0610403568,0.0126104718,-0.010735549,0.511562288,0.283105314,0.122899033,0.981137872,0.251239866,-0.0299651083,-0.0149580026,0.0778037161,-0.26177153,0.0426894017,0.902298212,-0.0188643318,-0.00818215404,0.0285845194,-0.145589218,0.0643768907,0.702801824,0.223623663,-0.0392788686,-0.0655514076,-0.101982228,-0.0211949721,0.0894312561,0.428089231,-0.137070715,-0.00605978863,-0.232039586,-0.138923138,0.0849914551,-0.602968693,0.371606201,0.438608915,-0.0103484448,-0.00426109275,-0.0713900775,0.514184654,0.0321302377,-0.776862621,0.00478744647,0.364467025,0.130785406,0.265673488,-0.0172726661,0.099402681,0.272280991,0.0331159607,0.158710241,-0.236140251,0.0943413079,-0.548265636,-0.0231340919,-0.0255695805,0.913350701,-0.521353126,-0.00673424639,-0.0893211663,0.191272706,0.16805093,0.421505749,0.278191596,0.126706868,0.87420547,0.243878782,-0.0959745124,-0.00033646822,0.145717651,-0.320813209,0.0370668583,0.932552457,-0.011983484,0.00803445652,0.026938878,0.0994026735,0.272280991,0.0331159607,0.158710241,-0.236140251,0.0943413079,-0.548265636,-0.0231340919,-0.0255695805,0.913350701,-0.521353126,-0.00673424546,-0.0893211663,0.191272706,0.16805093,0.421505749,0.278191596,0.126706868,0.87420547,0.243878782,-0.0959745124,-0.000336468685,0.145717651,-0.320813209,0.0370668583,0.932552457,-0.011983484,0.00803445652,0.0269388799,0.099402681,0.272280991,0.0331159607,0.158710241,-0.236140251,0.0943413079,-0.548265636,-0.0231340919,-0.0255695805,0.913350701,-0.521353126,-0.00673424639,-0.0893211663,0.191272706,0.16805093,0.421505749,0.278191596,0.126706868,0.87420547,0.243878782,-0.0959745124,-0.00033646822,0.145717651,-0.320813209,0.0370668583,0.932552457,-0.011983484,0.00803445652,0.026938878
2.28294306,3188552.8,0,0,0.00241728174,2.17556953e-05,1,0.151869841,0.0348223746,1,0.562461317,-0.00782820862,-0.0082130665,0.826745749,0.0400280915,0.00840408821,-0.699036539,0.0284941141,1.05771991e-09,-0.999967575,0.102786519,0.0294809937,0.101144567,0.229681328,-0.337238938,0.00697164377,-0.423416287,-0.0429410338,-0.0135385431,0.910739899,-0.504336298,-0.00385135319,-0.0631562099,0.0112749478,-0.00989049952,0.505315602,0.286415786,0.127411306,0.980759799,0.251166731,-0.0303962231,-0.00988786947,0.0794719979,-0.269419461,0.0427111872,0.90641731,-0.0178767219,-0.00516584376,0.0284708329,-0.105628327,0.068954818,0.678044438,0.166606084,-0.0351960994,-0.0663877726,-0.10431505,0.00421072124,0.0242356025,0.247409463,-0.112677403,-0.0106599415,-0.201038018,-0.131953225,0.0858348235,-0.636379778,0.307253897,0.456405759,-0.0594099835,-0.00937486067,-0.0277086589,0.496412098,0.257021934,-0.75429976,0.000705071958,0.438186139,0.0782409608,0.312637985,-0.00879967771,0.113755032,0.282194942,0.0352926627,0.166604877,-0.201317877,0.0916483253,-0.555959105,-0.0288668778,-0.0239806585,0.905094981,-0.512795329,-0.012522893,-0.0887723714,0.20542416,0.147742704,0.414678216,0.27404061,0.126922563,0.871856332,0.240852624,-0.0968739614,-0.00106407702,0.141079247,-0.320870399,0.035841208,0.930345297,-0.0119281411,0.0103531387,0.0287560895,0.113755025,0.282194942,0.035292659,0.166604877,-0.201317877,0.0916483253,-0.555959105,-0.0288668778,-0.0239806585,0.905094981,-0.512795269,-0.0125228921,-0.0887723714,0.20542416,0.147742704,0.414678216,0.27404061,0.126922563,0.871856332,0.240852624,-0.0968739614,-0.00106407655,0.141079247,-0.320870399,0.035841208,0.930345297,-0.0119281411,0.0103531387,0.0287560876,0.113755032,0.282194942,0.0352926627,0.166604877,-0.201317877,0.0916483253,-0.555959105,-0.0288668778,-0.0239806585,0.905094981,-0.512795329,-0.012522893,-0.0887723714,0.20542416,0.147742704,0.414678216,0.27404061,0.126922563,0.871856332,0.240852624,-0.0968739614,-0.00106407702,0.141079247,-0.320870399,0.035841208,0.930345297,-0.0119281411,0.0103531387,0.0287560895
2.29394175,3188552.81,0,0,0.013415968,2.15000473e-05,1,0.151869841,0,1,0.565324664,-0.00780264055,-0.00802617241,0.824792504,0.0301920548,0.0360187031,-0.689584732,0.045150917,7.56588514e-10,-0.999967575,0.101884194,0.0302699599,0.10782665,0.231040478,-0.337560326,0.00622259174,-0.424520046,-0.0426620282,-0.013576326,0.91189611,-0.505044401,-0.00441553677,-0.0649548844,0.0101323854,-0.00918462873,0.498804778,0.289176136,0.13185294,0.979962111,0.250737876,-0.0305538271,-0.00526614767,0.0834246352,-0.276785672,0.0426916331,0.910919189,-0.0173285976,-0.0018551196,0.0284186732,-0.0809465721,0.0871338472,0.662698627,0.116475083,-0.0305161811,-0.0814729929,-0.11521215,0.0428751744,-0.0244492255,0.0244931988,-0.0400397517,-0.0851464048,-0.166411504,-0.0988368765,0.0581513643,-0.659751475,0.255175352,0.432547063,-0.0913020447,-0.0723995939,-0.0101728207,0.43479079,0.484867781,-0.723979712,-0.00369211962,0.452545434,0.0417891517,0.344114423,-0.00296986336,0.113755032,0.282194942,0.0352926627,0.166604877,-0.201317877,0.0916483253,-0.555959105,-0.0288668778,-0.0239806585,0.905094981,-0.512795329,-0.012522893,-0.0887723714,0.20542416,0.147742704,0.414678216,0.27404061,0.126922563,0.871856332,0.240852624,-0.0968739614,-0.00106407702,0.141079247,-0.320870399,0.035841208,0.930345297,-0.0119281411,0.0103531387,0.0287560895,0.113755025,0.282194942,0.035292659,0.166604877,-0.201317877,0.0916483253,-0.555959105,-0.0288668778,-0.0239806585,0.905094981,-0.512795269,-0.0125228921,-0.0887723714,0.20542416,0.147742704,0.414678216,0.27404061,0.126922563,0.871856332,0.240852624,-0.0968739614,-0.00106407655,0.141079247,-0.320870399,0.035841208,0.930345297,-0.0119281411,0.0103531387,0.0287560876,0.113755032,0.282194942,0.0352926627,0.166604877,-0.201317877,0.0916483253,-0.555959105,-0.0288668778,-0.0239806585,0.905094981,-0.512795329,-0.012522893,-0.0887723714,0.20542416,0.147742704,0.414678216,0.27404061,0.126922563,0.871856332,0.240852624,-0.0968739614,-0.00106407702,0.141079247,-0.320870399,0.035841208,0.930345297,-0.0119281411,0.0103531387,0.0287560895
2.30394445,3188552.82,0,0,0.00342617091,2.25310214e-05,1,0.116779003,0.035495162,1,0.568093359,-0.00786024518,-0.00780012272,0.822889626,0.0356143676,0.0451643318,-0.65674597,0.0638533309,5.57926538e-10,-0.999967575,0.101244904,0.0311460942,0.114228502,0.232004702,-0.337893516,0.00538431341,-0.425759465,-0.0421396308,-0.0140828332,0.911337197,-0.505251884,-0.00511101773,-0.0666432604,0.0092356652,-0.00858774222,0.492193252,0.291471899,0.135970116,0.9786883,0.249644697,-0.0306205582,-0.00140811014,0.0894186646,-0.283718675,0.0426185764,0.915469348,-0.0170172993,0.00142115343,0.0284025818,-0.0527155809,0.0850099474,0.622511744,0.0851697251,-0.0362925678,-0.0841526538,-0.131851137,0.0560516678,-0.0654873028,-0.0939157605,-0.012744681,-0.0594547987,-0.174882516,-0.0868996829,0.063998647,-0.659169078,0.214191794,0.396035999,-0.155526713,-0.130284995,-0.00539831864,0.351531804,0.670886815,-0.669127822,-0.0123397643,0.455682874,0.0262090955,0.309115201,-0.0010678689,0.118188813,0.292779893,0.0399831757,0.171446979,-0.165822715,0.0879551023,-0.557431102,-0.0332276486,-0.024520047,0.896487355,-0.503688693,-0.0188002326,-0.0881651193,0.209371805,0.134158373,0.410321414,0.272319794,0.126755491,0.871842325,0.238951802,-0.0946636349,-0.00274790823,0.136870161,-0.321836889,0.0346958525,0.927595973,-0.0125946552,0.00899598468,0.0307956226,0.118188806,0.292779893,0.0399831757,0.171446979,-0.165822715,0.0879550949,-0.557431102,-0.0332276486,-0.024520047,0.896487355,-0.503688633,-0.0188002326,-0.0881651193,0.209371805,0.134158373,0.410321414,0.272319794,0.126755491,0.871842325,0.238951802,-0.0946636349,-0.00274790125,0.136870161,-0.321836889,0.0346958525,0.927595973,-0.0125946552,0.00899598468,0.0307956226,0.118188813,0.292779893,0.0399831757,0.171446979,-0.165822715,0.0879551023,-0.557431102,-0.0332276486,-0.024520047,0.896487355,-0.503688693,-0.0188002326,-0.0881651193,0.209371805,0.134158373,0.410321414,0.272319794,0.126755491,0.871842325,0.238951802,-0.0946636349,-0.00274790823,0.136870161,-0.321836889,0.0346958525,0.927595973,-0.0125946552,0.00899598468,0.0307956226
2.31394457,3188552.83,0,0,0.0134262932,2.27750279e-05,1,0.116779003,0,1,0.570710301,-0.00798164867,-0.00753543573,0.821078122,0.0262984838,0.0660314485,-0.623865366,0.0862781703,-0.00299133663,-0.999967575,0.100802682,0.0320830122,0.120232821,0.232701987,-0.338273555,0.00443754205,-0.427114367,-0.0415220559,-0.0151741691,0.909259021,-0.504835546,-0.00643732166,-0.0684315711,0.00856723078,-0.00803542323,0.485564679,0.293386728,0.13960129,0.976881564,0.248052582,-0.0306558609,0.0015018048,0.0971872285,-0.290003747,0.0422199816,0.919958353,-0.0168016292,0.00405459199,0.0284187347,-0.0391301587,0.101599373,0.587939322,0.0588001125,-0.0387107842,-0.102753296,-0.136797205,0.0659142137,-0.140505508,-0.293094486,0.0755392462,-0.180155829,-0.17954123,-0.0505800359,0.046841301,-0.666526556,0.176248223,0.339357615,-0.193672061,-0.17736347,-0.00244571781,0.248764724,0.844540536,-0.600223243,-0.0612288639,0.442169398,0.0190679189,0.230538473,0.00359773636,0.118188813,0.292779893,0.0399831757,0.171446979,-0.165822715,0.0879551023,-0.557431102,-0.0332276486,-0.024520047,0.896487355,-0.503688693,-0.0188002326,-0.0881651193,0.209371805,0.134158373,0.410321414,0.272319794,0.126755491,0.871842325,0.238951802,-0.0946636349,-0.00274790823,0.136870161,-0.321836889,0.0346958525,0.927595973,-0.0125946552,0.00899598468,0.0307956226,0.118188806,0.292779893,0.0399831757,0.171446979,-0.165822715,0.0879550949,-0.557431102,-0.0332276486,-0.024520047,0.896487355,-0.503688633,-0.0188002326,-0.0881651193,0.209371805,0.134158373,0.410321414,0.272319794,0.126755491,0.871842325,0.238951802,-0.0946636349,-0.00274790125,0.136870161,-0.321836889,0.0346958525,0.927595973,-0.0125946552,0.00899598468,0.0307956226,0.118188813,0.292779893,0.0399831757,0.171446979,-0.165822715,0.0879551023,-0.557431102,-0.0332276486,-0.024520047,0.896487355,-0.503688693,-0.0188002326,-0.0881651193,0.209371805,0.134158373,0.410321414,0.272319794,0.126755491,0.871842325,0.238951802,-0.0946636349,-0.00274790823,0.136870161,-0.321836889,0.0346958525,0.927595973,-0.0125946552,0.00899598468,0.0307956226
2.32494456,3188552.84,0,0,0.00442305813,2.25263648e-05,1,0.120118726,0.0313415974,1,0.573692918,-0.00819319021,-0.00714834314,0.818998277,0.0433460176,0.0765351653,-0.590888858,0.114904851,-0.00602919236,-0.999967575,0.100535132,0.0332368389,0.127028883,0.233199164,-0.338805735,0.0031671864,-0.429052442,-0.0406646393,-0.0170198102,0.905270994,-0.504179776,-0.00817910861,-0.0707235485,0.0080257263,-0.00742191961,0.477662116,0.29521513,0.143182546,0.974045634,0.245758906,-0.0306978878,0.00369819114,0.108346224,-0.296505451,0.0412243828,0.925118029,-0.0165991094,0.0062851985,0.0284762923,-0.0126542812,0.0881409869,0.549490452,0.0328941979,-0.0505701229,-0.106082685,-0.186994195,0.0749111623,-0.153855935,-0.332212657,0.0379292816,-0.123661302,-0.203330487,-0.045907855,0.0558711886,-0.649292409,0.135741606,0.268298537,-0.269158721,-0.193971783,-0.00629518181,0.140309379,0.98093307,-0.498146981,-0.0929418281,0.421591431,0.0157817248,0.159137249,0.00517404964,0.113456652,0.301494151,0.0461030677,0.172090948,-0.134481117,0.0871875137,-0.551401198,-0.0381044671,-0.0264870822,0.885738432,-0.495445937,-0.0255966838,-0.0864336342,0.206611246,0.124282755,0.408335567,0.272422403,0.126275226,0.873637199,0.237768233,-0.0910850465,-0.00462599099,0.132947668,-0.323466033,0.0331732668,0.924164295,-0.013627544,0.0045345109,0.0324287675,0.113456644,0.301494151,0.046103064,0.172090948,-0.134481117,0.0871875137,-0.551401198,-0.0381044671,-0.0264870822,0.885738432,-0.495445967,-0.0255966857,-0.0864336342,0.206611246,0.124282762,0.408335567,0.272422403,0.126275226,0.873637199,0.237768233,-0.0910850465,-0.00462599471,0.132947668,-0.323466033,0.0331732668,0.924164295,-0.013627544,0.0045345109,0.0324287675,0.113456652,0.301494151,0.0461030677,0.172090948,-0.134481117,0.0871875137,-0.551401198,-0.0381044671,-0.0264870822,0.885738432,-0.495445937,-0.0255966838,-0.0864336342,0.206611246,0.124282755,0.408335567,0.272422403,0.126275226,0.873637199,0.237768233,-0.0910850465,-0.00462599099,0.132947668,-0.323466033,0.0331732668,0.924164295,-0.013627544,0.0045345109,0.0324287675
2.33594796,3188552.85,0,0,0.0154264621,2.33449973e-05,1,0.120118726,0,1,0.576025546,-0.00842982344,-0.00675825216,0.817360282,0.0390336327,0.0975038931,-0.556614697,0.1480937,-0.0086902827,-0.999967575,0.10045924,0.0342098586,0.132320017,0.233381346,-0.339308113,0.00203304691,-0.430838645,-0.0400076807,-0.0191610828,0.900518477,-0.502507865,-0.0104324063,-0.0727645233,0.00778143061,-0.00698047411,0.471034497,0.296402633,0.145333827,0.971296132,0.243850872,-0.0307431798,0.00455256645,0.118863299,-0.30100283,0.0400394574,0.929162502,-0.0164677016,0.00714593381,0.0286270808,-0.00499142846,0.098519057,0.516467333,0.011435071,-0.0529540367,-0.116131984,-0.183297634,0.0618028417,-0.237954393,-0.532996893,0.19820109,-0.238921538,-0.206608772,-0.0157388691,0.0389601551,-0.667076409,0.106832229,0.180828825,-0.283651203,-0.185708925,-0.00434670085,0.0540539809,1.08890307,-0.416365981,-0.128054723,0.392220229,0.0118952794,0.0531632043,0.0185450967,0.113456652,0.301494151,0.0461030677,0.172090948,-0.134481117,0.0871875137,-0.551401198,-0.0381044671,-0.0264870822,0.885738432,-0.495445937,-0.0255966838,-0.0864336342,0.206611246,0.124282755,0.408335567,0.272422403,0.126275226,0.873637199,0.237768233,-0.0910850465,-0.00462599099,0.132947668,-0.323466033,0.0331732668,0.924164295,-0.013627544,0.0045345109,0.0324287675,0.113456644,0.301494151,0.046103064,0.172090948,-0.134481117,0.0871875137,-0.551401198,-0.0381044671,-0.0264870822,0.885738432,-0.495445967,-0.0255966857,-0.0864336342,0.206611246,0.124282762,0.408335567,0.272422403,0.126275226,0.873637199,0.237768233,-0.0910850465,-0.00462599471,0.132947668,-0.323466033,0.0331732668,0.924164295,-0.013627544,0.0045345109,0.0324287675,0.113456652,0.301494151,0.0461030677,0.172090948,-0.134481117,0.0871875137,-0.551401198,-0.0381044671,-0.0264870822,0.885738432,-0.495445937,-0.0255966838,-0.0864336342,0.206611246,0.124282755,0.408335567,0.272422403,0.126275226,0.873637199,0.237768233,-0.0910850465,-0.00462599099,0.132947668,-0.323466033,0.0331732668,0.924164295,-0.013627544,0.0045345109,0.0324287675
2.34694299,3188552.86,0,0,0.00642089918,2.16071494e-05,1,0.119283795,0.0228090063,1,0.578671098,-0.00876868702,-0.00616721623,0.815490544,0.0492751934,0.113852844,-0.519423187,0.185963139,-0.0110858092,-0.999967575,0.100454994,0.0352972075,0.13828522,0.233435526,-0.340049535,0.000627227942,-0.43334502,-0.0392898768,-0.0220990703,0.893804133,-0.500348389,-0.0131182605,-0.0753613561,0.00761542749,-0.00653046835,0.463041365,0.297397494,0.146792859,0.967679918,0.241846681,-0.0309054758,0.00486924313,0.132345587,-0.305259675,0.0384975672,0.933638692,-0.0163438097,0.00747134583,0.0288895164,0.00615779124,0.0935338885,0.47819826,-0.00296700769,-0.0651025549,-0.118208304,-0.196793422,0.0530674011,-0.279211283,-0.65381372,0.228500888,-0.296052873,-0.221439809,-0.00386555423,0.037184,-0.677291393,0.0646791533,0.0752206892,-0.301849395,-0.148509786,-0.0158104561,0.0129804276,1.15033495,-0.311159909,-0.140610173,0.355126232,0.00844439305,0.0124960877,0.0357046016,0.104461685,0.307913423,0.0524618104,0.168829709,-0.111672111,0.0895955712,-0.539927304,-0.0407508835,-0.0301552378,0.871916056,-0.489093989,-0.033732228,-0.0844435245,0.201740101,0.116816826,0.406812668,0.273967296,0.126227051,0.875814021,0.237074822,-0.0876470953,-0.00588153303,0.130769998,-0.326265633,0.0304610915,0.921289206,-0.0148730576,-0.000701708952,0.0338507481,0.104461677,0.307913423,0.0524618141,0.168829709,-0.111672111,0.0895955712,-0.539927304,-0.0407508835,-0.0301552378,0.871916056,-0.489094019,-0.033732228,-0.0844435245,0.201740101,0.116816834,0.406812668,0.273967296,0.126227051,0.875814021,0.237074822,-0.0876470953,-0.00588153955,0.130769998,-0.326265633,0.0304610915,0.921289206,-0.0148730576,-0.000701708952,0.0338507481,0.104461685,0.307913423,0.0524618104,0.168829709,-0.111672111,0.0895955712,-0.539927304,-0.0407508835,-0.0301552378,0.871916056,-0.489093989,-0.033732228,-0.0844435245,0.201740101,0.116816826,0.406812668,0.273967296,0.126227051,0.875814021,0.237074822,-0.0876470953,-0.00588153303,0.130769998,-0.326265633,0.0304610915,0.921289206,-0.0148730576,-0.000701708952,0.0338507481
2.35791241,3188552.87,0,0,0.0173903159,4.07779589e-06,1,0.119283795,0,1,0.581142068,-0.00913986098,-0.00550487451,0.813732207,0.067188777,0.124290764,-0.499673277,0.230500922,-0.0136242062,-0.999967575,0.100724056,0.0363814682,0.143836468,0.233189523,-0.340875447,-0.00081843714,-0.435624301,-0.038686119,-0.0256579574,0.884965599,-0.497550786,-0.0167193115,-0.0780060217,0.00759613933,-0.0060588927,0.454773068,0.297819287,0.147233918,0.964085579,0.240529388,-0.0312881954,0.0048333779,0.146307871,-0.308244824,0.0367752053,0.937662601,-0.0162664037,0.00750383176,0.0294847842,0.0328101702,0.0817131698,0.457282543,-0.0308788996,-0.073981978,-0.122430824,-0.206554443,0.0547755621,-0.28060928,-0.730441749,0.197505981,-0.258477509,-0.218590051,-0.00817674678,0.0412042886,-0.690292299,0.0169896595,0.0188050009,-0.300180286,-0.082387343,-0.0534702912,-0.0219503511,1.15970385,-0.203573674,-0.133049235,0.326057345,0.00553209661,-0.00114296447,0.0509415604,0.104461685,0.307913423,0.0524618104,0.168829709,-0.111672111,0.0895955712,-0.539927304,-0.0407508835,-0.0301552378,0.871916056,-0.489093989,-0.033732228,-0.0844435245,0.201740101,0.116816826,0.406812668,0.273967296,0.126227051,0.875814021,0.237074822,-0.0876470953,-0.00588153303,0.130769998,-0.326265633,0.0304610915,0.921289206,-0.0148730576,-0.000701708952,0.0338507481,0.104461677,0.307913423,0.0524618141,0.168829709,-0.111672111,0.0895955712,-0.539927304,-0.0407508835,-0.0301552378,0.871916056,-0.489094019,-0.033732228,-0.0844435245,0.201740101,0.116816834,0.406812668,0.273967296,0.126227051,0.875814021,0.237074822,-0.0876470953,-0.00588153955,0.130769998,-0.326265633,0.0304610915,0.921289206,-0.0148730576,-0.000701708952,0.0338507481,0.104461685,0.307913423,0.0524618104,0.168829709,-0.111672111,0.0895955712,-0.539927304,-0.0407508835,-0.0301552378,0.871916056,-0.489093989,-0.033732228,-0.0844435245,0.201740101,0.116816826,0.406812668,0.273967296,0.126227051,0.875814021,0.237074822,-0.0876470953,-0.00588153303,0.130769998,-0.326265633,0.0304610915,0.921289206,-0.0148730576,-0.000701708952,0.0338507481
2.36791251,3188552.88,0,0,0.00738745322,4.39025462e-06,1,0.124129932,0.0175210238,1,0.583150208,-0.00937266275,-0.00485504139,0.812295794,0.0791187137,0.100962564,-0.480084926,0.275909454,-0.0158339199,-0.999967575,0.101319268,0.0370889306,0.148324668,0.232719392,-0.341668725,-0.00206607254,-0.437734872,-0.038078066,-0.0282371975,0.877811551,-0.495760828,-0.0194054954,-0.0802075267,0.00741052255,-0.00547331013,0.447845429,0.29777199,0.147316873,0.961074948,0.239990786,-0.0321038105,0.00432753051,0.157680243,-0.309731156,0.035586413,0.94087559,-0.0162218176,0.00737081096,0.0299742091,0.0991837382,0.0738337263,0.436920732,-0.0731328502,-0.075674206,-0.125447407,-0.160321787,0.0600571521,-0.279037267,-0.80945307,0.205669075,-0.351095229,-0.217661366,-0.0135405194,0.0828602761,-0.71044457,-0.0219634101,0.00200883718,-0.292005777,-0.0364813618,-0.0898337737,-0.072786212,1.12906909,-0.112555273,-0.129077315,0.317325979,0.00300951814,-0.0390140936,0.0546928383,0.0933403522,0.312626392,0.058180429,0.162138581,-0.100646921,0.0944401771,-0.523039281,-0.0426502675,-0.0340588838,0.854395032,-0.485920399,-0.0429022014,-0.0820316225,0.197153211,0.111256845,0.405983031,0.276662439,0.126361191,0.878209054,0.236697838,-0.0842237175,-0.00634425879,0.130237907,-0.329448044,0.026684802,0.919091225,-0.0160552412,-0.00578787178,0.0347279385,0.0933403447,0.312626392,0.058180429,0.162138581,-0.100646921,0.0944401845,-0.523039281,-0.0426502675,-0.0340588838,0.854395032,-0.485920429,-0.0429022014,-0.0820316225,0.197153211,0.111256853,0.405983031,0.276662439,0.126361191,0.878209054,0.236697838,-0.0842237175,-0.00634426065,0.130237907,-0.329448044,0.026684802,0.919091225,-0.0160552412,-0.00578787178,0.0347279385,0.0933403522,0.312626392,0.058180429,0.162138581,-0.100646921,0.0944401771,-0.523039281,-0.0426502675,-0.0340588838,0.854395032,-0.485920399,-0.0429022014,-0.0820316225,0.197153211,0.111256845,0.405983031,0.276662439,0.126361191,0.878209054,0.236697838,-0.0842237175,-0.00634425879,0.130237907,-0.329448044,0.026684802,0.919091225,-0.0160552412,-0.00578787178,0.0347279385
2.37794191,3188552.89,0,0,0.0174168549,2.14530155e-05,1,0.124129932,0,1,0.584669888,-0.00948615745,-0.0043938146,0.811203957,0.0826796144,0.0988974348,-0.461095482,0.324928522,-0.0178438388,-0.999967575,0.102368258,0.037689589,0.151709706,0.231903479,-0.342251271,-0.00308392849,-0.438670605,-0.0376064666,-0.0306054335,0.870588422,-0.494113296,-0.0223824624,-0.0819080248,0.00734194554,-0.00476063043,0.442056239,0.297428846,0.147234917,0.958807349,0.239795774,-0.0328675136,0.00356145273,0.166623712,-0.310298622,0.034511745,0.943355918,-0.0162089001,0.00688508758,0.0304489844,0.139013484,0.0726706684,0.417151958,-0.113253653,-0.0739630908,-0.128579333,-0.111679323,0.0599467978,-0.293245167,-0.921461403,0.187950447,-0.346888214,-0.209721655,-0.00823038071,0.0825082287,-0.724900246,-0.0552485473,-0.0188428927,-0.281415641,-0.0191615466,-0.100116238,-0.106991433,1.10844553,-0.0492557362,-0.126995549,0.304951757,0.0010284856,-0.0658715665,0.0595908016,0.0933403522,0.312626392,0.058180429,0.162138581,-0.100646921,0.0944401771,-0.523039281,-0.0426502675,-0.0340588838,0.854395032,-0.485920399,-0.0429022014,-0.0820316225,0.197153211,0.111256845,0.405983031,0.276662439,0.126361191,0.878209054,0.236697838,-0.0842237175,-0.00634425879,0.130237907,-0.329448044,0.026684802,0.919091225,-0.0160552412,-0.00578787178,0.0347279385,0.0933403447,0.312626392,0.058180429,0.162138581,-0.100646921,0.0944401845,-0.523039281,-0.0426502675,-0.0340588838,0.854395032,-0.485920429,-0.0429022014,-0.0820316225,0.197153211,0.111256853,0.405983031,0.276662439,0.126361191,0.878209054,0.236697838,-0.0842237175,-0.00634426065,0.130237907,-0.329448044,0.026684802,0.919091225,-0.0160552412,-0.00578787178,0.0347279385,0.0933403522,0.312626392,0.058180429,0.162138581,-0.100646921,0.0944401771,-0.523039281,-0.0426502675,-0.0340588838,0.854395032,-0.485920399,-0.0429022014,-0.0820316225,0.197153211,0.111256845,0.405983031,0.276662439,0.126361191,0.878209054,0.236697838,-0.0842237175,-0.00634425879,0.130237907,-0.329448044,0.026684802,0.919091225,-0.0160552412,-0.00578787178,0.0347279385
2.38891187,3188552.91,0,0,0.00841710903,3.96231189e-06,1,0.122410245,0.0234211087,1,0.586877227,-0.00967381522,-0.00356689258,0.809610307,0.0934350491,0.104977839,-0.441540718,0.379851401,-0.0197419226,-0.999967575,0.104186803,0.0384226702,0.156594068,0.230341062,-0.343233109,-0.00466606859,-0.440088928,-0.0368517153,-0.0338032208,0.859750867,-0.492387265,-0.0261578336,-0.0843229592,0.00718660327,-0.00394585496,0.433401138,0.296430528,0.146654755,0.955397427,0.239634678,-0.0341992714,0.00211037439,0.179489434,-0.31050545,0.0335132293,0.946846783,-0.0162061919,0.00606781151,0.0310976673,0.182914466,0.0641679913,0.396309376,-0.157504693,-0.0818659291,-0.131962672,-0.0649495423,0.0629474968,-0.280660808,-1.00648403,0.137144059,-0.377032995,-0.181988358,-0.00222665002,0.0706498548,-0.738182962,-0.101135761,-0.0874897093,-0.275684923,-0.0107364226,-0.106706575,-0.12765269,1.05743861,0.00506836874,-0.0833397582,0.280815035,-0.000673418166,-0.0976837054,0.0445293263,0.0768033415,0.316044986,0.0641950592,0.15184325,-0.104731813,0.10059981,-0.499618173,-0.0455840565,-0.0369156599,0.834033906,-0.48633191,-0.0507392138,-0.07793881,0.195763886,0.108084373,0.408249497,0.28083992,0.126196444,0.88141495,0.236344293,-0.080395475,-0.00645890832,0.12930584,-0.332332313,0.0218355954,0.916940808,-0.0166075826,-0.0106971813,0.0339289829,0.076803349,0.316044986,0.0641950592,0.15184325,-0.104731813,0.100599803,-0.499618173,-0.0455840565,-0.0369156599,0.834033906,-0.48633188,-0.0507392138,-0.07793881,0.195763886,0.108084381,0.408249497,0.28083992,0.126196444,0.88141495,0.236344293,-0.080395475,-0.00645891391,0.12930584,-0.332332313,0.0218355954,0.916940808,-0.0166075826,-0.0106971813,0.0339289829,0.0768033415,0.316044986,0.0641950592,0.15184325,-0.104731813,0.10059981,-0.499618173,-0.0455840565,-0.0369156599,0.834033906,-0.48633191,-0.0507392138,-0.07793881,0.195763886,0.108084373,0.408249497,0.28083992,0.126196444,0.88141495,0.236344293,-0.080395475,-0.00645890832,0.12930584,-0.332332313,0.0218355954,0.916940808,-0.0166075826,-0.0106971813,0.0339289829
2.39894643,3188552.92,0,0,0.0184516641,4.56301495e-06,1,0.122410245,0,1,0.588614404,-0.00983527582,-0.00287219626,0.808349013,0.102560304,0.118981786,-0.418821067,0.432174474,-0.0212148502,-0.999967575,0.106226586,0.0390438437,0.160416618,0.228494257,-0.34406364,-0.00600273022,-0.440270066,-0.0362695679,-0.0366777293,0.848748922,-0.491270304,-0.0299458709,-0.085925132,0.00721911434,-0.00338448491,0.425934345,0.295225263,0.145318329,0.952664614,0.23954168,-0.0352063589,0.000784523145,0.189815521,-0.310161352,0.0325994715,0.94952631,-0.0162210371,0.00481757056,0.0314020291,0.208509192,0.0560467206,0.372481465,-0.192073315,-0.0882880539,-0.136068985,-0.0094626369,0.0553791933,-0.275327653,-1.09974062,0.0837160051,-0.339584798,-0.153456882,0.00118589425,0.0441835821,-0.742941976,-0.135089546,-0.156471103,-0.277512342,-0.00865226984,-0.101933256,-0.135153294,1.0050807,0.0530049168,-0.086944364,0.258295894,-0.0018319115,-0.127379194,0.0227015465,0.0768033415,0.316044986,0.0641950592,0.15184325,-0.104731813,0.10059981,-0.499618173,-0.0455840565,-0.0369156599,0.834033906,-0.48633191,-0.0507392138,-0.07793881,0.195763886,0.108084373,0.408249497,0.28083992,0.126196444,0.88141495,0.236344293,-0.080395475,-0.00645890832,0.12930584,-0.332332313,0.0218355954,0.916940808,-0.0166075826,-0.0106971813,0.0339289829,0.076803349,0.316044986,0.0641950592,0.15184325,-0.104731813,0.100599803,-0.499618173,-0.0455840565,-0.0369156599,0.834033906,-0.48633188,-0.0507392138,-0.07793881,0.195763886,0.108084381,0.408249497,0.28083992,0.126196444,0.88141495,0.236344293,-0.080395475,-0.00645891391,0.12930584,-0.332332313,0.0218355954,0.916940808,-0.0166075826,-0.0106971813,0.0339289829,0.0768033415,0.316044986,0.0641950592,0.15184325,-0.104731813,0.10059981,-0.499618173,-0.0455840565,-0.0369156599,0.834033906,-0.48633191,-0.0507392138,-0.07793881,0.195763886,0.108084373,0.408249497,0.28083992,0.126196444,0.88141495,0.236344293,-0.080395475,-0.00645890832,0.12930584,-0.332332313,0.0218355954,0.916940808,-0.0166075826,-0.0106971813,0.0339289829
2.40994273,3188552.93,0,0,0.00941450708,2.14036554e-05,1,0.126881991,0.0217798054,1,0.590246439,-0.00997149199,-0.00209621154,0.807158768,0.107012369,0.103168093,-0.390447825,0.490390122,-0.022564305,-0.999967575,0.108495437,0.0395204835,0.163965136,0.226518974,-0.345059216,-0.0074197473,-0.440116644,-0.0357463881,-0.039191708,0.838041246,-0.490748167,-0.0331810713,-0.0874108151,0.00719103171,-0.00292201759,0.418554723,0.293633312,0.143471345,0.94981724,0.239461243,-0.0362875275,-0.00057425414,0.199299306,-0.309350252,0.0317373052,0.951963305,-0.0162443537,0.00360862538,0.0315587148,0.263178617,0.0530176684,0.342957616,-0.220253915,-0.100394785,-0.145218506,0.0861756951,0.0518367104,-0.263410687,-1.1662792,0.0375954062,-0.371386349,-0.12996681,0.00775320735,0.0581302494,-0.752165794,-0.173971638,-0.216638327,-0.277980059,-0.00758339092,-0.102844648,-0.135939926,0.923809409,0.102810226,-0.117730446,0.236031353,-0.00305098156,-0.13838689,0.011396396,0.0646843165,0.317928642,0.0691536516,0.141956955,-0.112231076,0.104783788,-0.477838367,-0.0477879085,-0.0396980681,0.812284887,-0.489516228,-0.0572800189,-0.0737677515,0.19745791,0.106473528,0.41190052,0.285785258,0.126405835,0.885258079,0.235854059,-0.0762403905,-0.00606483221,0.130823374,-0.333056241,0.0165617764,0.916414618,-0.017189905,-0.0145739894,0.032111004,0.0646843091,0.317928642,0.0691536516,0.141956955,-0.112231076,0.104783788,-0.477838367,-0.0477879085,-0.0396980681,0.812284887,-0.489516258,-0.0572800189,-0.0737677515,0.19745791,0.106473535,0.41190052,0.285785258,0.126405835,0.885258079,0.235854059,-0.0762403905,-0.00606483128,0.130823374,-0.333056241,0.0165617764,0.916414618,-0.017189905,-0.0145739894,0.032111004,0.0646843165,0.317928642,0.0691536516,0.141956955,-0.112231076,0.104783788,-0.477838367,-0.0477879085,-0.0396980681,0.812284887,-0.489516228,-0.0572800189,-0.0737677515,0.19745791,0.106473528,0.41190052,0.285785258,0.126405835,0.885258079,0.235854059,-0.0762403905,-0.00606483221,0.130823374,-0.333056241,0.0165617764,0.916414618,-0.017189905,-0.0145739894,0.032111004
2.42096257,3188552.94,0,0,0.000433587935,6.00190833e-06,1,0.126542989,0.0209906697,1,0.591766953,-0.0100841206,-0.0013476304,0.806044877,0.11817167,0.120377444,-0.366396904,0.54742378,-0.0236585662,-0.999967575,0.111325204,0.0400275104,0.167239919,0.224094167,-0.346105099,-0.00893081352,-0.438702762,-0.0352840684,-0.041795373,0.8256706,-0.490494758,-0.0368340909,-0.0884735435,0.00730021065,-0.00251353323,0.411040366,0.291683972,0.140948698,0.94703722,0.23939018,-0.0372894891,-0.00195039599,0.208112553,-0.308011055,0.0302506909,0.954206705,-0.0162819549,0.00210567191,0.0316351876,0.281490684,0.0434870981,0.31777522,-0.244224504,-0.112341851,-0.155276269,0.147125199,0.0415966101,-0.241312429,-1.21342444,0.0189537555,-0.328366637,-0.0981508046,0.00614214735,0.0244539976,-0.740580082,-0.21047464,-0.265950054,-0.284854084,-0.00687336037,-0.104472943,-0.139129609,0.842571974,0.151568741,-0.151663184,0.21428296,-0.00402762694,-0.144864649,0.00591769768,0.0646843165,0.317928642,0.0691536516,0.141956955,-0.112231076,0.104783788,-0.477838367,-0.0477879085,-0.0396980681,0.812284887,-0.489516228,-0.0572800189,-0.0737677515,0.19745791,0.106473528,0.41190052,0.285785258,0.126405835,0.885258079,0.235854059,-0.0762403905,-0.00606483221,0.130823374,-0.333056241,0.0165617764,0.916414618,-0.017189905,-0.0145739894,0.032111004,0.0576005802,0.318232715,0.0732616633,0.134951025,-0.123496264,0.106590278,-0.458997369,-0.0500246361,-0.0411682911,0.791294217,-0.496007323,-0.0611748025,-0.0694111139,0.201665133,0.106307372,0.416716218,0.291281074,0.12704289,0.889673591,0.235036224,-0.0721779242,-0.00498761423,0.135016143,-0.331897855,0.0111575723,0.917349339,-0.0172672421,-0.0171924811,0.0288550984,0.0576005727,0.318232715,0.0732616633,0.134951025,-0.123496264,0.106590286,-0.458997369,-0.0500246361,-0.0411682911,0.791294217,-0.496007293,-0.0611748025,-0.0694111139,0.201665133,0.106307365,0.416716218,0.291281074,0.12704289,0.889673591,0.235036224,-0.0721779242,-0.00498761237,0.135016143,-0.331897855,0.0111575723,0.917349339,-0.0172672421,-0.0171924811,0.0288551003
2.43194336,3188552.95,0,0,0.0114143789,2.13407911e-05,1,0.126542989,0,1,0.593460202,-0.0102308244,-0.000300615153,0.804798245,0.122602105,0.114855871,-0.333998561,0.603882253,-0.024534462,-0.999967575,0.114796199,0.0404530987,0.17082417,0.221244037,-0.347689748,-0.0109073529,-0.436626762,-0.0348468162,-0.0442699641,0.811756611,-0.490370363,-0.0405186377,-0.0894955248,0.00731675373,-0.00229825824,0.402315319,0.288798422,0.137539521,0.943529367,0.239311218,-0.0386967286,-0.0036165053,0.217282161,-0.305860937,0.0283567645,0.956545174,-0.0163327493,0.000535155414,0.0316671878,0.321404129,0.0436941832,0.283672243,-0.249957651,-0.141750827,-0.172922865,0.256418824,0.0376543999,-0.208652943,-1.25359786,0.00303900032,-0.329631686,-0.0583496913,0.0141011067,0.0231591407,-0.73649472,-0.260319054,-0.312608987,-0.281754315,-0.00636321213,-0.117175691,-0.137055188,0.725968719,0.202889264,-0.198612735,0.184659034,-0.00442179479,-0.140395373,-0.00132269133,0.0576005727,0.318232715,0.0732616633,0.134951025,-0.123496264,0.106590286,-0.458997369,-0.0500246361,-0.0411682911,0.791294217,-0.496007293,-0.0611748025,-0.0694111139,0.201665133,0.106307365,0.416716218,0.291281074,0.12704289,0.889673591,0.235036224,-0.0721779242,-0.00498761237,0.135016143,-0.331897855,0.0111575723,0.917349339,-0.0172672421,-0.0171924811,0.0288551003,0.0576005802,0.318232715,0.0732616633,0.134951025,-0.123496264,0.106590278,-0.458997369,-0.0500246361,-0.0411682911,0.791294217,-0.496007323,-0.0611748025,-0.0694111139,0.201665133,0.106307372,0.416716218,0.291281074,0.12704289,0.889673591,0.235036224,-0.0721779242,-0.00498761423,0.135016143,-0.331897855,0.0111575723,0.917349339,-0.0172672421,-0.0171924811,0.0288550984,0.0576005727,0.318232715,0.0732616633,0.134951025,-0.123496264,0.106590286,-0.458997369,-0.0500246361,-0.0411682911,0.791294217,-0.496007293,-0.0611748025,-0.0694111139,0.201665133,0.106307365,0.416716218,0.291281074,0.12704289,0.889673591,0.235036224,-0.0721779242,-0.00498761237,0.135016143,-0.331897855,0.0111575723,0.917349339,-0.0172672421,-0.0171924811,0.0288551003
2.44295009,3188552.96,0,0,0.00243702112,2.39629298e-05,1,0.113428105,0.0215440989,1,0.594744027,-0.0103424992,0.000579702843,0.803848386,0.140562117,0.138199836,-0.306627423,0.660444498,-0.025227638,-0.999967575,0.118027464,0.0408330001,0.173486173,0.218814209,-0.349287838,-0.0127173588,-0.433756888,-0.0345480405,-0.0460952036,0.799473166,-0.490408421,-0.0434509255,-0.0899164677,0.00741416635,-0.00223973254,0.395115584,0.285954654,0.13429299,0.94065702,0.239248782,-0.0399559923,-0.00499082543,0.223920465,-0.30361414,0.0262998994,0.958246529,-0.0163768996,-0.000785487238,0.0316254012,0.310614467,0.0304479897,0.254271924,-0.228213102,-0.175445199,-0.185991183,0.281242132,0.0226924885,-0.155768141,-1.15682149,-0.00749560306,-0.262563527,-0.0383667201,0.00317189586,-0.0122932512,-0.700755894,-0.302094966,-0.325021982,-0.294822246,-0.00616257265,-0.135814369,-0.138183311,0.615515769,0.235115051,-0.194452122,0.158853889,-0.00436263438,-0.119064853,-0.00545405457,0.0575773269,0.316604942,0.076857917,0.132238328,-0.135599941,0.106281117,-0.44599542,-0.0520001948,-0.0415629521,0.769750118,-0.505057454,-0.0625889823,-0.0647619665,0.207083702,0.107636683,0.421538264,0.296808332,0.128102615,0.894412398,0.234133631,-0.0684534162,-0.0034288764,0.141678169,-0.329294086,0.00522771478,0.919803798,-0.016760692,-0.0191474669,0.0244102553,0.0575773194,0.316604942,0.0768579245,0.132238328,-0.135599941,0.106281124,-0.44599542,-0.0520001948,-0.0415629521,0.769750118,-0.505057454,-0.0625889823,-0.0647619665,0.207083702,0.10763669,0.421538264,0.296808332,0.128102615,0.894412398,0.234133631,-0.0684534162,-0.00342887873,0.141678169,-0.329294086,0.00522771478,0.919803798,-0.016760692,-0.0191474669,0.0244102534,0.0575773269,0.316604942,0.076857917,0.132238328,-0.135599941,0.106281117,-0.44599542,-0.0520001948,-0.0415629521,0.769750118,-0.505057454,-0.0625889823,-0.0647619665,0.207083702,0.107636683,0.421538264,0.296808332,0.128102615,0.894412398,0.234133631,-0.0684534162,-0.0034288764,0.141678169,-0.329294086,0.00522771478,0.919803798,-0.016760692,-0.0191474669,0.0244102553
2.4539145,3188552.97,0,0,0.013401431,4.91924584e-06,1,0.113428105,0,1,0.596112669,-0.0105250925,0.00177335378,0.802829862,0.138534471,0.131375089,-0.262681901,0.71640712,-0.0257711336,-0.999967575,0.121763669,0.0412159376,0.176231995,0.216347381,-0.351747483,-0.0150963021,-0.429788083,-0.0343370177,-0.047619123,0.785810351,-0.491149992,-0.0463545509,-0.0902545378,0.00749026425,-0.00254451111,0.386948973,0.28194502,0.130310237,0.937164545,0.239174247,-0.0417611673,-0.00660276925,0.230363667,-0.300522029,0.0238250811,0.959986925,-0.0164225362,-0.00214054389,0.031100383,0.336835504,0.0417114981,0.208786532,-0.198704854,-0.224446848,-0.208318487,0.418688595,0.0173198376,-0.122298479,-1.21977949,-0.122812457,-0.234419689,-0.0135100717,0.0169732906,-0.0154922362,-0.678914249,-0.356183171,-0.344476014,-0.279289216,-0.00638323138,-0.155666262,-0.129335597,0.488048226,0.27911672,-0.242114618,0.138319865,-0.00319291605,-0.121760219,-0.0895532817,0.0575773269,0.316604942,0.076857917,0.132238328,-0.135599941,0.106281117,-0.44599542,-0.0520001948,-0.0415629521,0.769750118,-0.505057454,-0.0625889823,-0.0647619665,0.207083702,0.107636683,0.421538264,0.296808332,0.128102615,0.894412398,0.234133631,-0.0684534162,-0.0034288764,0.141678169,-0.329294086,0.00522771478,0.919803798,-0.016760692,-0.0191474669,0.0244102553,0.0575773194,0.316604942,0.0768579245,0.132238328,-0.135599941,0.106281124,-0.44599542,-0.0520001948,-0.0415629521,0.769750118,-0.505057454,-0.0625889823,-0.0647619665,0.207083702,0.10763669,0.421538264,0.296808332,0.128102615,0.894412398,0.234133631,-0.0684534162,-0.00342887873,0.141678169,-0.329294086,0.00522771478,0.919803798,-0.016760692,-0.0191474669,0.0244102534,0.0575773269,0.316604942,0.076857917,0.132238328,-0.135599941,0.106281117,-0.44599542,-0.0520001948,-0.0415629521,0.769750118,-0.505057454,-0.0625889823,-0.0647619665,0.207083702,0.107636683,0.421538264,0.296808332,0.128102615,0.894412398,0.234133631,-0.0684534162,-0.0034288764,0.141678169,-0.329294086,0.00522771478,0.919803798,-0.016760692,-0.0191474669,0.0244102553
2.46394191,3188552.98,0,0,0.00341766514,2.12439336e-05,1,0.120378565,0.0252398252,1,0.597120523,-0.010703722,0.00283207744,0.802075088,0.160591885,0.181395203,-0.243210956,0.763601661,-0.0261599272,-0.999967575,0.124909408,0.0415570401,0.178179279,0.214618564,-0.354264349,-0.0172645207,-0.42563498,-0.0342443623,-0.0484301932,0.774451017,-0.492545843,-0.048394464,-0.0903046951,0.00757956645,-0.00306081842,0.380527675,0.278133035,0.12691623,0.934318185,0.239109367,-0.0434417613,-0.00788423046,0.234569415,-0.297601402,0.0215144716,0.96122247,-0.0164495353,-0.00323737832,0.0300291311,0.287656456,0.0284444522,0.1873326,-0.149907693,-0.272105396,-0.222546175,0.390251964,0.00456002355,-0.0511557981,-1.04128158,-0.140410021,-0.186080381,-0.00137691386,0.00365063827,-0.0861491039,-0.61162138,-0.398852438,-0.332226187,-0.28900969,-0.00650414778,-0.177832752,-0.128021359,0.373927355,0.296044111,-0.211343348,0.112166151,-0.00243665837,-0.0969986245,-0.109201737,0.0675327331,0.311923236,0.0803491697,0.137752026,-0.14467904,0.103851408,-0.440412432,-0.0543381721,-0.0398679003,0.744510293,-0.515287995,-0.0621139631,-0.0590679161,0.212137938,0.109292485,0.426386118,0.300948828,0.129361674,0.899642646,0.23347944,-0.0650396496,-0.00127494335,0.1509635,-0.326213866,-0.00183999166,0.923349738,-0.0153246522,-0.0203181785,0.0190732479,0.0675327405,0.311923236,0.0803491771,0.137752026,-0.14467904,0.103851408,-0.440412432,-0.0543381721,-0.0398679003,0.744510293,-0.515287936,-0.0621139631,-0.0590679161,0.212137938,0.109292492,0.426386118,0.300948828,0.129361674,0.899642646,0.23347944,-0.0650396496,-0.00127494708,0.1509635,-0.326213866,-0.00183999166,0.923349738,-0.0153246522,-0.0203181785,0.0190732479,0.0675327331,0.311923236,0.0803491697,0.137752026,-0.14467904,0.103851408,-0.440412432,-0.0543381721,-0.0398679003,0.744510293,-0.515287995,-0.0621139631,-0.0590679161,0.212137938,0.109292485,0.426386118,0.300948828,0.129361674,0.899642646,0.23347944,-0.0650396496,-0.00127494335,0.1509635,-0.326213866,-0.00183999166,0.923349738,-0.0153246522,-0.0203181785,0.0190732479
2.47491266,3188552.99,0,0,0.0143884113,4.30643559e-06,1,0.120378565,0,1,0.59830749,-0.0109593999,0.00415402651,0.80118084,0.15115802,0.16086182,-0.247205988,0.809485972,-0.0264947731,-0.999967575,0.128665864,0.0421022214,0.180440992,0.213260919,-0.358070314,-0.020128021,-0.419807285,-0.0340578593,-0.0487495363,0.760925114,-0.495129764,-0.0502565056,-0.0895346329,0.0078150481,-0.0039029438,0.373112768,0.273009181,0.122735523,0.931103826,0.239035323,-0.0456401296,-0.00934023317,0.238444507,-0.293811023,0.0183891188,0.962297857,-0.016451396,-0.00448510563,0.0279986374,0.325081944,0.0554228388,0.189424753,-0.0837803185,-0.350648224,-0.249010354,0.55174005,0.0171352308,-0.0149559518,-1.20371389,-0.26478526,-0.135580257,0.112131059,0.0280320924,-0.0660432726,-0.618540168,-0.44584313,-0.358877718,-0.254683405,-0.00603133906,-0.185381383,-0.116300724,0.290402263,0.330588251,-0.298228234,0.0761432126,0.00150183309,-0.110239893,-0.212114304,0.0675327331,0.311923236,0.0803491697,0.137752026,-0.14467904,0.103851408,-0.440412432,-0.0543381721,-0.0398679003,0.744510293,-0.515287995,-0.0621139631,-0.0590679161,0.212137938,0.109292485,0.426386118,0.300948828,0.129361674,0.899642646,0.23347944,-0.0650396496,-0.00127494335,0.1509635,-0.326213866,-0.00183999166,0.923349738,-0.0153246522,-0.0203181785,0.0190732479,0.0675327405,0.311923236,0.0803491771,0.137752026,-0.14467904,0.103851408,-0.440412432,-0.0543381721,-0.0398679003,0.744510293,-0.515287936,-0.0621139631,-0.0590679161,0.212137938,0.109292492,0.426386118,0.300948828,0.129361674,0.899642646,0.23347944,-0.0650396496,-0.00127494708,0.1509635,-0.326213866,-0.00183999166,0.923349738,-0.0153246522,-0.0203181785,0.0190732479,0.0675327331,0.311923236,0.0803491697,0.137752026,-0.14467904,0.103851408,-0.440412432,-0.0543381721,-0.0398679003,0.744510293,-0.515287995,-0.0621139631,-0.0590679161,0.212137938,0.109292485,0.426386118,0.300948828,0.129361674,0.899642646,0.23347944,-0.0650396496,-0.00127494335,0.1509635,-0.326213866,-0.00183999166,0.923349738,-0.0153246522,-0.0203181785,0.0190732479
2.48494431,3188553,0,0,0.00441027293,2.20318325e-05,1,0.132924877,0.0297843218,1,0.599300146,-0.0112741198,0.0054213535,0.800426662,0.181967705,0.231551737,-0.246722043,0.844578147,-0.026729865,-0.999967575,0.13148436,0.042555403,0.182318211,0.212805346,-0.361924827,-0.0227016639,-0.41467312,-0.0341133252,-0.0487618595,0.749922752,-0.497724146,-0.0514743701,-0.088245973,0.00797352195,-0.00515191816,0.367457837,0.268314987,0.119308405,0.928491712,0.238972992,-0.0475874692,-0.0104785422,0.240755334,-0.290489525,0.0156593882,0.962952971,-0.0164272301,-0.0054409029,0.0259282961,0.255247831,0.0350874402,0.186937764,-0.026725499,-0.405012071,-0.262534678,0.477410644,-0.0244442429,0.00785575341,-1.00052214,-0.24945116,-0.112364925,0.133512869,0.00595178036,-0.16371879,-0.525461495,-0.486361325,-0.327817261,-0.26624772,-0.00643135561,-0.202211902,-0.112379216,0.186150283,0.32909146,-0.245442986,0.0576751158,0.00283667864,-0.0830314681,-0.194207057,0.0843476802,0.304159403,0.0836192146,0.152245283,-0.149507046,0.100531906,-0.438739896,-0.0559176169,-0.0365451798,0.714725971,-0.525364518,-0.0602188483,-0.0521142706,0.216473505,0.1094101,0.43044275,0.302204162,0.130388767,0.90519166,0.23322767,-0.0617029145,0.000932127237,0.163504481,-0.323660165,-0.0105265118,0.927169919,-0.0129585266,-0.0207400639,0.0133788958,0.0843476728,0.304159403,0.0836192146,0.152245283,-0.149507046,0.100531906,-0.438739896,-0.0559176169,-0.0365451798,0.714725971,-0.525364459,-0.0602188446,-0.0521142706,0.216473505,0.109410107,0.43044275,0.302204162,0.130388767,0.90519166,0.23322767,-0.0617029145,0.000932129566,0.163504481,-0.323660165,-0.0105265118,0.927169919,-0.0129585266,-0.0207400639,0.0133788977,0.0843476802,0.304159403,0.0836192146,0.152245283,-0.149507046,0.100531906,-0.438739896,-0.0559176169,-0.0365451798,0.714725971,-0.525364518,-0.0602188483,-0.0521142706,0.216473505,0.1094101,0.43044275,0.302204162,0.130388767,0.90519166,0.23322767,-0.0617029145,0.000932127237,0.163504481,-0.323660165,-0.0105265118,0.927169919,-0.0129585266,-0.0207400639,0.0133788958
2.49594317,3188553.01,0,0,0.0154091371,2.11638398e-05,1,0.132924877,0,1,0.600346029,-0.0115544526,0.00664397702,0.799629271,0.165924698,0.193746999,-0.268900305,0.876815498,-0.0269301347,-0.999967575,0.13445653,0.0432024226,0.184308633,0.213156044,-0.366577506,-0.0254781526,-0.408441275,-0.0341712423,-0.048585549,0.737577498,-0.500886679,-0.0521640033,-0.0860030502,0.00830191281,-0.00627438491,0.361880213,0.263198256,0.115843229,0.926171243,0.238918185,-0.0495515391,-0.0114938011,0.24244523,-0.287042439,0.0122921821,0.963288605,-0.01635563,-0.006399584,0.0233907625,0.294214845,0.0715705976,0.206166998,0.0749497935,-0.501207292,-0.284957141,0.661632359,-0.00210809265,0.0371893719,-1.30574799,-0.3399764,-0.0517829284,0.266400725,0.0373216718,-0.116501704,-0.550855756,-0.526917517,-0.347468019,-0.221562102,-0.00529073086,-0.194861799,-0.0961781442,0.15064244,0.349981576,-0.366384268,0.0228243116,0.00911586452,-0.097195439,-0.273151487,0.0843476802,0.304159403,0.0836192146,0.152245283,-0.149507046,0.100531906,-0.438739896,-0.0559176169,-0.0365451798,0.714725971,-0.525364518,-0.0602188483,-0.0521142706,0.216473505,0.1094101,0.43044275,0.302204162,0.130388767,0.90519166,0.23322767,-0.0617029145,0.000932127237,0.163504481,-0.323660165,-0.0105265118,0.927169919,-0.0129585266,-0.0207400639,0.0133788958,0.0843476728,0.304159403,0.0836192146,0.152245283,-0.149507046,0.100531906,-0.438739896,-0.0559176169,-0.0365451798,0.714725971,-0.525364459,-0.0602188446,-0.0521142706,0.216473505,0.109410107,0.43044275,0.302204162,0.130388767,0.90519166,0.23322767,-0.0617029145,0.000932129566,0.163504481,-0.323660165,-0.0105265118,0.927169919,-0.0129585266,-0.0207400639,0.0133788977,0.0843476802,0.304159403,0.0836192146,0.152245283,-0.149507046,0.100531906,-0.438739896,-0.0559176169,-0.0365451798,0.714725971,-0.525364518,-0.0602188483,-0.0521142706,0.216473505,0.1094101,0.43044275,0.302204162,0.130388767,0.90519166,0.23322767,-0.0617029145,0.000932127237,0.163504481,-0.323660165,-0.0105265118,0.927169919,-0.0129585266,-0.0207400639,0.0133788958
2.50694892,3188553.02,0,0,0.00644727517,2.34739855e-05,1,0.102336984,0.0432239771,1,0.601452351,-0.0119538801,0.00811041705,0.798778057,0.20924741,0.272358149,-0.276348591,0.903268337,-0.0270833746,-0.999967575,0.136883512,0.0437511094,0.186427638,0.214406773,-0.372012854,-0.0283924863,-0.402411103,-0.0343577787,-0.047722429,0.725568116,-0.504189253,-0.0526308157,-0.0832071677,0.00847894233,-0.00807717722,0.357040018,0.25771454,0.112632267,0.92387569,0.238860309,-0.0515491068,-0.0124105457,0.243431553,-0.28362602,0.00894820504,0.963439763,-0.0162510891,-0.00723822601,0.020870233,0.20822686,0.0396748371,0.210977316,0.154083669,-0.568509877,-0.295019537,0.552507818,-0.0389785767,0.110619299,-1.09261656,-0.316793144,-0.0441450551,0.277030498,0.00223534554,-0.222347513,-0.435240954,-0.562593639,-0.300679266,-0.235431358,-0.00618784223,-0.204151541,-0.0893835127,0.0613552332,0.33157137,-0.299783826,0.0108894259,0.0110376887,-0.0768348202,-0.228732601,0.115428045,0.292685986,0.0858393535,0.178969294,-0.135681391,0.0952309817,-0.444057852,-0.0542622358,-0.0328788757,0.671501994,-0.530655146,-0.0588104874,-0.0442453064,0.218858764,0.107381321,0.431410939,0.299554139,0.132157922,0.911698401,0.233682632,-0.0586247146,0.00373648107,0.182087183,-0.321635544,-0.0224959031,0.932936251,-0.0111048371,-0.0190320499,0.00810918957,0.115428038,0.292685986,0.0858393535,0.178969294,-0.135681391,0.0952309817,-0.444057852,-0.0542622358,-0.0328788757,0.671501994,-0.530655086,-0.0588104837,-0.0442453064,0.218858764,0.107381329,0.431410939,0.299554139,0.132157922,0.911698401,0.233682632,-0.0586247146,0.00373647874,0.182087183,-0.321635544,-0.0224959012,0.932936251,-0.0111048371,-0.0190320499,0.00810918864,0.115428045,0.292685986,0.0858393535,0.178969294,-0.135681391,0.0952309817,-0.444057852,-0.0542622358,-0.0328788757,0.671501994,-0.530655146,-0.0588104874,-0.0442453064,0.218858764,0.107381321,0.431410939,0.299554139,0.132157922,0.911698401,0.233682632,-0.0586247146,0.00373648107,0.182087183,-0.321635544,-0.0224959031,0.932936251,-0.0111048371,-0.0190320499,0.00810918957
2.5179121,3188553.03,0,0,0.017410459,4.00701538e-06,1,0.102336984,0,1,0.602799356,-0.0123360576,0.00969511364,0.797738552,0.182221442,0.214671999,-0.289867073,0.924674869,-0.0272002984,-0.999967575,0.139807925,0.0448880643,0.188959509,0.217898339,-0.38004601,-0.0321934186,-0.393165231,-0.0342883468,-0.0460905582,0.707105696,-0.507540345,-0.0529891551,-0.0787731335,0.0090660695,-0.00974921603,0.351195782,0.250516713,0.108978383,0.921850145,0.23881565,-0.0538995378,-0.013237414,0.2440231,-0.279513001,0.00363735203,0.963520527,-0.0160742663,-0.00806887355,0.0176501833,0.226073399,0.100387417,0.217505544,0.364582241,-0.724895358,-0.32505098,0.808488309,0.00971339457,0.172100469,-1.66215682,-0.283194065,-0.0236286931,0.410753757,0.0488977619,-0.148506805,-0.471224755,-0.619305074,-0.290734708,-0.150077671,-0.00326431054,-0.191233173,-0.0591682307,0.033282008,0.342065632,-0.481793463,0.00518105691,0.0163664594,-0.0557307638,-0.272002876,0.115428045,0.292685986,0.0858393535,0.178969294,-0.135681391,0.0952309817,-0.444057852,-0.0542622358,-0.0328788757,0.671501994,-0.530655146,-0.0588104874,-0.0442453064,0.218858764,0.107381321,0.431410939,0.299554139,0.132157922,0.911698401,0.233682632,-0.0586247146,0.00373648107,0.182087183,-0.321635544,-0.0224959031,0.932936251,-0.0111048371,-0.0190320499,0.00810918957,0.115428038,0.292685986,0.0858393535,0.178969294,-0.135681391,0.0952309817,-0.444057852,-0.0542622358,-0.0328788757,0.671501994,-0.530655086,-0.0588104837,-0.0442453064,0.218858764,0.107381329,0.431410939,0.299554139,0.132157922,0.911698401,0.233682632,-0.0586247146,0.00373647874,0.182087183,-0.321635544,-0.0224959012,0.932936251,-0.0111048371,-0.0190320499,0.00810918864,0.115428045,0.292685986,0.0858393535,0.178969294,-0.135681391,0.0952309817,-0.444057852,-0.0542622358,-0.0328788757,0.671501994,-0.530655146,-0.0588104874,-0.0442453064,0.218858764,0.107381321,0.431410939,0.299554139,0.132157922,0.911698401,0.233682632,-0.0586247146,0.00373648107,0.182087183,-0.321635544,-0.0224959031,0.932936251,-0.0111048371,-0.0190320499,0.00810918957
2.52794272,3188553.04,0,0,0.00742398622,2.20262446e-05,1,0.117514748,0.0563943386,1,0.604013622,-0.012730197,0.0113027822,0.79679215,0.214619011,0.248304605,-0.312636495,0.940320551,-0.0272819195,-0.999967575,0.141623825,0.0456488542,0.191262305,0.22207433,-0.38775897,-0.0354965515,-0.385777593,-0.0344180167,-0.0438443199,0.691354036,-0.510330677,-0.0531929806,-0.0744625553,0.00928910542,-0.0118337255,0.347132117,0.244151697,0.106377885,0.920353413,0.238778114,-0.0557658188,-0.0137724476,0.244151577,-0.276272148,-0.000885415531,0.963548005,-0.0159020275,-0.00851557124,0.0151912579,0.183188766,0.0839123204,0.23607412,0.473671019,-0.815749288,-0.336256057,0.781605542,-0.00909059215,0.242170379,-1.68903351,-0.23199378,-0.018048916,0.465345711,0.0287209693,-0.198941857,-0.401850432,-0.653567791,-0.250414968,-0.12772046,-0.00345804915,-0.177665159,-0.0459235683,0.00852347817,0.316671938,-0.483409822,0.00115393568,0.0178936534,-0.0350930728,-0.245621845,0.151367739,0.275489002,0.0891322717,0.21365501,-0.107979208,0.0904837996,-0.450364113,-0.0489527658,-0.0300637707,0.615107656,-0.530002594,-0.056967482,-0.033030279,0.222112656,0.101345219,0.433327496,0.292413473,0.13320668,0.920168996,0.232791185,-0.0540698618,0.0060890913,0.203039676,-0.321056098,-0.0379089788,0.938851535,-0.0102893561,-0.0145892315,0.00234347209,0.151367724,0.275489002,0.0891322643,0.21365501,-0.107979208,0.0904837921,-0.450364113,-0.0489527658,-0.0300637707,0.615107656,-0.530002594,-0.056967482,-0.033030279,0.222112656,0.101345226,0.433327496,0.292413473,0.13320668,0.920168996,0.232791185,-0.054069858,0.00608908758,0.203039676,-0.321056098,-0.0379089788,0.938851535,-0.0102893561,-0.0145892315,0.00234347302,0.151367739,0.275489002,0.0891322717,0.21365501,-0.107979208,0.0904837996,-0.450364113,-0.0489527658,-0.0300637707,0.615107656,-0.530002594,-0.056967482,-0.033030279,0.222112656,0.101345219,0.433327496,0.292413473,0.13320668,0.920168996,0.232791185,-0.0540698618,0.0060890913,0.203039676,-0.321056098,-0.0379089788,0.938851535,-0.0102893561,-0.0145892315,0.00234347209
2.53894229,3188553.06,0,0,0.0184235582,2.21212395e-05,1,0.117514748,0,1,0.605725765,-0.0133536216,0.0121456683,0.795468748,-0.0183909312,0.185094148,-0.479573756,0.954054296,-0.0273507833,-0.999967575,0.143815815,0.0483958721,0.194705576,0.228123486,-0.396939307,-0.0391974524,-0.380304366,-0.0327718817,-0.0422051474,0.680829227,-0.499878258,-0.0429699272,-0.0678962618,0.0114592575,-0.0129118199,0.34227705,0.236755013,0.103931531,0.919708669,0.238757893,-0.0567166172,-0.0140323099,0.244159445,-0.273402184,-0.00709398696,0.963559568,-0.0157132242,-0.0087020183,0.012415396,0.229272693,0.383055121,0.384635508,0.669969618,-0.968618572,-0.386186361,0.385718048,0.252821445,0.0888579041,-0.625383139,1.44124877,1.2692045,0.719281256,0.321154982,-0.0753240213,-0.497966737,-0.792072713,-0.220919579,-0.036245726,-0.00207901676,-0.0567273051,-0.0166218337,-0.0149433343,0.260286033,-0.652464747,0.00141297386,0.0193026774,-0.0107459258,-0.280290902,0.151367739,0.275489002,0.0891322717,0.21365501,-0.107979208,0.0904837996,-0.450364113,-0.0489527658,-0.0300637707,0.615107656,-0.530002594,-0.056967482,-0.033030279,0.222112656,0.101345219,0.433327496,0.292413473,0.13320668,0.920168996,0.232791185,-0.0540698618,0.0060890913,0.203039676,-0.321056098,-0.0379089788,0.938851535,-0.0102893561,-0.0145892315,0.00234347209,0.151367724,0.275489002,0.0891322643,0.21365501,-0.107979208,0.0904837921,-0.450364113,-0.0489527658,-0.0300637707,0.615107656,-0.530002594,-0.056967482,-0.033030279,0.222112656,0.101345226,0.433327496,0.292413473,0.13320668,0.920168996,0.232791185,-0.054069858,0.00608908758,0.203039676,-0.321056098,-0.0379089788,0.938851535,-0.0102893561,-0.0145892315,0.00234347302,0.151367739,0.275489002,0.0891322717,0.21365501,-0.107979208,0.0904837996,-0.450364113,-0.0489527658,-0.0300637707,0.615107656,-0.530002594,-0.056967482,-0.033030279,0.222112656,0.101345219,0.433327496,0.292413473,0.13320668,0.920168996,0.232791185,-0.0540698618,0.0060890913,0.203039676,-0.321056098,-0.0379089788,0.938851535,-0.0102893561,-0.0145892315,0.00234347209
2.5499422,3188553.07,0,0,0.00944824889,2.13142484e-05,1,0.0950759277,0.0660310388,1,0.607826829,-0.0146726444,0.0118417796,0.793845713,-0.300734907,0.0666911751,-0.408337533,0.964802802,-0.0274027623,-0.999967575,0.147098541,0.0551298261,0.198763117,0.236749664,-0.409035027,-0.044024799,-0.376965314,-0.0279245749,-0.0431680344,0.67875278,-0.481213599,-0.0337873213,-0.0599971339,0.0172937792,-0.0132457996,0.33673197,0.226361424,0.101946048,0.919976175,0.238585413,-0.0569975264,-0.0141279297,0.243441686,-0.270906895,-0.0146362307,0.963595808,-0.015464535,-0.00866586529,0.00928489678,0.362349242,0.718203306,0.289037973,0.746094882,-1.03090918,-0.407831967,0.383772522,0.554974318,-0.182562768,-0.167914957,1.90702927,0.496065229,0.662131727,0.642794609,0.0502837263,-0.51455307,-0.912917137,-0.17678681,0.141988248,-0.0471375808,-0.000435723545,-0.00304230559,-0.0438389406,0.182880446,-0.714002073,0.00236678845,0.0244916491,0.0242922045,-0.282990038,0.178924993,0.223799825,0.100143932,0.250577927,-0.0419700593,0.0825741887,-0.442603409,-0.044436574,-0.0291494355,0.549076617,-0.532507777,-0.0632233322,-0.0189383179,0.22141844,0.0918967575,0.438260376,0.28110069,0.130645484,0.941509664,0.223106399,-0.0438427925,0.0058093816,0.227735281,-0.322739124,-0.0554913357,0.942346632,-0.00948341191,-0.00887070131,-0.00412499346,0.178924978,0.223799825,0.100143924,0.250577927,-0.0419700593,0.0825741887,-0.442603409,-0.044436574,-0.0291494355,0.549076617,-0.532507777,-0.0632233322,-0.0189383179,0.22141844,0.0918967575,0.438260376,0.28110069,0.130645484,0.941509664,0.223106399,-0.0438427962,0.00580938347,0.227735281,-0.322739124,-0.0554913357,0.942346632,-0.00948341191,-0.00887070131,-0.00412499346,0.178924993,0.223799825,0.100143932,0.250577927,-0.0419700593,0.0825741887,-0.442603409,-0.044436574,-0.0291494355,0.549076617,-0.532507777,-0.0632233322,-0.0189383179,0.22141844,0.0918967575,0.438260376,0.28110069,0.130645484,0.941509664,0.223106399,-0.0438427925,0.0058093816,0.227735281,-0.322739124,-0.0554913357,0.942346632,-0.00948341191,-0.00887070131,-0.00412499346
2.56091469,3188553.08,0,0,0.000394161791,5.27082011e-06,1,0.120230019,0.0918496698,1,0.609116018,-0.0161017925,0.0101513052,0.7928527,-0.500621319,0.0143259736,-0.274240315,0.973157346,-0.0274419021,-0.999967575,0.151436269,0.063822262,0.200767338,0.244115695,-0.419343531,-0.048023399,-0.371626437,-0.0209379066,-0.045987729,0.676068544,-0.460856616,-0.0305837095,-0.0535387509,0.0252425,-0.0126761757,0.331321001,0.216879576,0.0998358428,0.922683895,0.237503529,-0.0566246323,-0.0141387638,0.243591249,-0.269374669,-0.0225595478,0.963621974,-0.0151792215,-0.0080518825,0.00622987142,0.461043417,0.939656258,0.133098453,0.710576355,-1.01833189,-0.391601086,0.592115581,0.761008799,-0.341891348,-0.271827072,1.91188025,0.22835587,0.599933326,0.861076832,0.0314658359,-0.514352798,-0.964547992,-0.217878014,0.314937145,-0.144893497,0.0634253025,-0.000872377947,0.0417506658,0.128939018,-0.787386477,0.00341216009,0.0298712924,0.0828853175,-0.301993877,0.178924993,0.223799825,0.100143932,0.250577927,-0.0419700593,0.0825741887,-0.442603409,-0.044436574,-0.0291494355,0.549076617,-0.532507777,-0.0632233322,-0.0189383179,0.22141844,0.0918967575,0.438260376,0.28110069,0.130645484,0.941509664,0.223106399,-0.0438427925,0.0058093816,0.227735281,-0.322739124,-0.0554913357,0.942346632,-0.00948341191,-0.00887070131,-0.00412499346,0.184965879,0.132314608,0.124604024,0.314158559,0.0498796105,0.0703665465,-0.416357398,-0.0530848801,-0.0291614272,0.49414143,-0.552242279,-0.075234279,0.0142668346,0.211224914,0.0797006786,0.478971869,0.282607675,0.124705255,0.976345062,0.20433405,-0.0249700174,0.00600463804,0.235843301,-0.324684322,-0.0717904642,0.946768641,-0.00757196546,0.000206034165,-0.0106411753,0.184965864,0.132314608,0.124604024,0.314158559,0.0498796105,0.0703665465,-0.416357398,-0.0530848801,-0.0291614272,0.49414143,-0.552242279,-0.075234279,0.0142668337,0.211224914,0.0797006786,0.478971869,0.282607675,0.124705255,0.976345062,0.20433405,-0.0249700174,0.00600463152,0.235843301,-0.324684322,-0.0717904642,0.946768641,-0.00757196546,0.000206034165,-0.0106411753
2.57094143,3188553.09,0,0,0.010420904,2.12620944e-05,1,0.120230019,0,1,0.609994233,-0.0178621393,0.00807943475,0.792163312,-0.541315377,0.0247711986,-0.275446326,0.979084373,-0.0274689458,-0.999967575,0.156183928,0.0735597238,0.201049775,0.250968039,-0.429041088,-0.0515317582,-0.365230799,-0.0128645906,-0.0497296415,0.673202276,-0.443397343,-0.0292510111,-0.0474870615,0.0340968221,-0.0129942726,0.326662332,0.207374811,0.0971217155,0.92615211,0.235199705,-0.0555403605,-0.0141562242,0.244601354,-0.268357009,-0.0301005822,0.963661849,-0.0148097295,-0.00687833549,0.0033276407,0.456692368,0.965472996,-0.0717119277,0.772818029,-0.928834736,-0.277176946,0.692736506,0.836766481,-0.346196949,-0.387583524,1.87768435,0.0774516314,0.778975427,0.8791309,-0.0610652901,-0.524654925,-0.90199393,-0.415136456,0.416848093,-0.361230612,0.158511072,-0.00183817779,0.204537153,0.107838906,-0.828338444,0.00300168572,0.0550095625,0.168075606,-0.31959182,0.184965864,0.132314608,0.124604024,0.314158559,0.0498796105,0.0703665465,-0.416357398,-0.0530848801,-0.0291614272,0.49414143,-0.552242279,-0.075234279,0.0142668337,0.211224914,0.0797006786,0.478971869,0.282607675,0.124705255,0.976345062,0.20433405,-0.0249700174,0.00600463152,0.235843301,-0.324684322,-0.0717904642,0.946768641,-0.00757196546,0.000206034165,-0.0106411753,0.184965879,0.132314608,0.124604024,0.314158559,0.0498796105,0.0703665465,-0.416357398,-0.0530848801,-0.0291614272,0.49414143,-0.552242279,-0.075234279,0.0142668346,0.211224914,0.0797006786,0.478971869,0.282607675,0.124705255,0.976345062,0.20433405,-0.0249700174,0.00600463804,0.235843301,-0.324684322,-0.0717904642,0.946768641,-0.00757196546,0.000206034165,-0.0106411753,0.184965864,0.132314608,0.124604024,0.314158559,0.0498796105,0.0703665465,-0.416357398,-0.0530848801,-0.0291614272,0.49414143,-0.552242279,-0.075234279,0.0142668337,0.211224914,0.0797006786,0.478971869,0.282607675,0.124705255,0.976345062,0.20433405,-0.0249700174,0.00600463152,0.235843301,-0.324684322,-0.0717904642,0.946768641,-0.00757196546,0.000206034165,-0.0106411753
2.58095323,3188553.1,0,0,0.000434194691,2.4556648e-05,1,0.119865872,0.0942340791,1,0.611012578,-0.0192274693,0.00648793485,0.791360736,-0.499325752,0.0369656608,-0.353996664,0.983732164,-0.0274897031,-0.999967575,0.159478411,0.0808905438,0.199045137,0.258161455,-0.435976535,-0.0528893955,-0.359362602,-0.00619126717,-0.0521798953,0.6694417,-0.427875966,-0.0289726295,-0.0396807604,0.0407968313,-0.0138325021,0.322155744,0.200571552,0.0927235186,0.929978073,0.231142238,-0.0538698994,-0.0142037431,0.247058794,-0.267481416,-0.0371422321,0.963715076,-0.014233618,-0.00497215334,0.000584896654,0.386559457,0.880857527,-0.375259101,0.949077249,-0.827678978,-0.115892269,0.744233966,0.82005161,-0.293085426,-0.482726932,1.88466799,0.0143609848,1.04023886,0.806509852,-0.135662436,-0.548166215,-0.832911372,-0.583147824,0.491097152,-0.5673787,0.228737429,-0.0123263588,0.339580894,0.101684898,-0.8703174,0.0142850848,0.0765682533,0.272933692,-0.341648221,0.184965864,0.132314608,0.124604024,0.314158559,0.0498796105,0.0703665465,-0.416357398,-0.0530848801,-0.0291614272,0.49414143,-0.552242279,-0.075234279,0.0142668337,0.211224914,0.0797006786,0.478971869,0.282607675,0.124705255,0.976345062,0.20433405,-0.0249700174,0.00600463152,0.235843301,-0.324684322,-0.0717904642,0.946768641,-0.00757196546,0.000206034165,-0.0106411753,0.150808811,0.0474979505,0.140039593,0.408392638,0.105537668,0.0555179827,-0.352614492,-0.065500021,-0.0203658342,0.461249053,-0.582083702,-0.104601026,0.0482720137,0.190321594,0.0668248683,0.539516211,0.306278318,0.11928875,1.0190047,0.18553181,0.00826712511,0.00439226301,0.238998175,-0.321799755,-0.0836658329,0.958819687,-0.011013791,0.00855279993,-0.0138167087,0.150808826,0.0474979505,0.140039593,0.408392638,0.105537668,0.0555179864,-0.352614492,-0.065500021,-0.0203658342,0.461249053,-0.582083702,-0.104601026,0.0482720137,0.190321594,0.0668248683,0.539516211,0.306278318,0.11928875,1.0190047,0.18553181,0.00826711953,0.00439226627,0.238998175,-0.321799755,-0.0836658329,0.958819687,-0.011013791,0.00855279993,-0.0138167087
2.59194288,3188553.11,0,0,0.0114238411,2.11833976e-05,1,0.119865872,0,1,0.613197565,-0.021607114,0.00419800635,0.789622843,-0.36908415,0.091627039,-0.465164661,0.987669766,-0.0275069512,-0.999967575,0.162818074,0.0910748318,0.182380155,0.273959994,-0.447742313,-0.0489498228,-0.349093974,0.00486756768,-0.0558536276,0.662851155,-0.404609889,-0.0297504719,-0.023776995,0.0509428866,-0.0168418512,0.316144317,0.189476088,0.0842373148,0.936210632,0.221452534,-0.0499358736,-0.0149238501,0.251800776,-0.26644972,-0.0482694097,0.964989722,-0.0133608133,-0.000460979296,-0.00365972938,-0.0791719779,0.631762564,-1.62299955,1.71278286,-0.717039704,0.0259097684,0.721838951,0.711036623,-0.206572995,-0.488718837,1.63821971,-0.140432402,1.30934179,0.585301876,-0.252232343,-0.427696228,-0.688943684,-0.752511144,0.428404629,-0.877607763,0.382885337,-0.0876252055,0.351822346,0.0998160765,-0.820714355,0.200122342,0.0393582024,0.370434672,-0.290460199,0.150808826,0.0474979505,0.140039593,0.408392638,0.105537668,0.0555179864,-0.352614492,-0.065500021,-0.0203658342,0.461249053,-0.582083702,-0.104601026,0.0482720137,0.190321594,0.0668248683,0.539516211,0.306278318,0.11928875,1.0190047,0.18553181,0.00826711953,0.00439226627,0.238998175,-0.321799755,-0.0836658329,0.958819687,-0.011013791,0.00855279993,-0.0138167087,0.150808811,0.0474979505,0.140039593,0.408392638,0.105537668,0.0555179827,-0.352614492,-0.065500021,-0.0203658342,0.461249053,-0.582083702,-0.104601026,0.0482720137,0.190321594,0.0668248683,0.539516211,0.306278318,0.11928875,1.0190047,0.18553181,0.00826712511,0.00439226301,0.238998175,-0.321799755,-0.0836658329,0.958819687,-0.011013791,0.00855279993,-0.0138167087,0.150808826,0.0474979505,0.140039593,0.408392638,0.105537668,0.0555179864,-0.352614492,-0.065500021,-0.0203658342,0.461249053,-0.582083702,-0.104601026,0.0482720137,0.190321594,0.0668248683,0.539516211,0.306278318,0.11928875,1.0190047,0.18553181,0.00826711953,0.00439226627,0.238998175,-0.321799755,-0.0836658329,0.958819687,-0.011013791,0.00855279993,-0.0138167087
2.60291473,3188553.12,0,0,0.00239809277,5.08781523e-06,1,0.113761984,0.0924336016,1,0.615462422,-0.022492988,0.00335210981,0.787838042,-0.142112136,0.000623854634,-0.664004743,0.990678668,-0.0275198538,-0.999967575,0.160493731,0.0960728079,0.165763482,0.295726657,-0.452584982,-0.0513022207,-0.341522992,0.010746995,-0.0568407029,0.658417881,-0.389249742,-0.0314517468,-0.00953197945,0.0549119115,-0.0188816842,0.31259501,0.183169454,0.0767942145,0.940231144,0.211971581,-0.0456262641,-0.0163046084,0.254425228,-0.265462786,-0.0557655878,0.968337774,-0.0131148603,0.00349453813,-0.00620265491,-0.26115185,0.398535669,-1.64570475,2.36523414,-0.332277447,-0.287706792,0.790180445,0.504361629,-0.0295781866,-0.401831269,1.43991268,-0.17460084,1.45603883,0.280989408,-0.166713208,-0.26397562,-0.617624879,-0.679015338,0.380953044,-0.948986351,0.436208397,-0.170068562,0.178114504,0.0816422477,-0.668029785,0.413656533,0.0178734381,0.403343439,-0.221982062,0.0842332989,-0.00471933931,0.132911831,0.50082624,0.0816164464,0.0584812239,-0.271711171,-0.107860878,0.0142424963,0.458789021,-0.616482854,-0.129667506,0.0664667189,0.181930766,0.0649017841,0.583227873,0.335385382,0.110750049,1.05277252,0.176548555,0.045391649,-0.00624106824,0.25707972,-0.322917819,-0.0905463547,0.975201607,-0.0224274546,0.00867096521,-0.0136715714,0.0842333063,-0.00471934117,0.132911816,0.50082624,0.0816164464,0.0584812239,-0.271711171,-0.107860878,0.0142424963,0.458789021,-0.616482794,-0.129667506,0.0664667189,0.181930766,0.0649017841,0.583227873,0.335385382,0.110750049,1.05277252,0.176548555,0.0453916453,-0.0062410729,0.25707972,-0.322917819,-0.0905463547,0.975201607,-0.0224274546,0.00867096521,-0.0136715714,0.0842332989,-0.00471933931,0.132911831,0.50082624,0.0816164464,0.0584812239,-0.271711171,-0.107860878,0.0142424963,0.458789021,-0.616482854,-0.129667506,0.0664667189,0.181930766,0.0649017841,0.583227873,0.335385382,0.110750049,1.05277252,0.176548555,0.045391649,-0.00624106824,0.25707972,-0.322917819,-0.0905463547,0.975201607,-0.0224274546,0.00867096521,-0.0136715714
2.61391282,3188553.13,0,0,0.0133961816,4.26871702e-06,1,0.113761984,0,1,0.618518889,-0.0223603733,0.0033276407,0.785444677,0.153714195,-0.0166651476,-0.560477972,0.992972255,-0.0275294986,-0.999967575,0.152887374,0.0987662449,0.145577312,0.333676666,-0.45474416,-0.0527275093,-0.331976175,0.0140781123,-0.0569244623,0.654851019,-0.375030816,-0.0336434171,0.00684846053,0.055906333,-0.0209257491,0.310977936,0.176514521,0.069019869,0.944520593,0.200505778,-0.0392294712,-0.019461548,0.255442232,-0.264748424,-0.0626486242,0.974537015,-0.0135964947,0.00756176561,-0.00811161939,-1.07883167,0.106823832,-1.74371195,4.04846144,-0.0924242809,0.0172875859,0.797380209,0.0775853768,-0.0250379294,-0.213510111,0.981979251,-0.197104335,1.26867843,-0.0689096525,-0.170620844,-0.0868736506,-0.470791429,-0.707517684,0.331995219,-0.991460204,0.672896147,-0.357707709,0.0442827344,0.054573264,-0.546078384,0.599475145,-0.105442069,0.263087958,-0.116387241,0.0842332989,-0.00471933931,0.132911831,0.50082624,0.0816164464,0.0584812239,-0.271711171,-0.107860878,0.0142424963,0.458789021,-0.616482854,-0.129667506,0.0664667189,0.181930766,0.0649017841,0.583227873,0.335385382,0.110750049,1.05277252,0.176548555,0.045391649,-0.00624106824,0.25707972,-0.322917819,-0.0905463547,0.975201607,-0.0224274546,0.00867096521,-0.0136715714,0.0842333063,-0.00471934117,0.132911816,0.50082624,0.0816164464,0.0584812239,-0.271711171,-0.107860878,0.0142424963,0.458789021,-0.616482794,-0.129667506,0.0664667189,0.181930766,0.0649017841,0.583227873,0.335385382,0.110750049,1.05277252,0.176548555,0.0453916453,-0.0062410729,0.25707972,-0.322917819,-0.0905463547,0.975201607,-0.0224274546,0.00867096521,-0.0136715714,0.0842332989,-0.00471933931,0.132911831,0.50082624,0.0816164464,0.0584812239,-0.271711171,-0.107860878,0.0142424963,0.458789021,-0.616482854,-0.129667506,0.0664667189,0.181930766,0.0649017841,0.583227873,0.335385382,0.110750049,1.05277252,0.176548555,0.045391649,-0.00624106824,0.25707972,-0.322917819,-0.0905463547,0.975201607,-0.0224274546,0.00867096521,-0.0136715714
2.62391363,3188553.14,0,0,0.00336691597,4.72925603e-06,1,0.145414378,0.0879660249,1,0.621095955,-0.0210796315,0.00380662247,0.783441722,0.288445741,-0.217967436,-0.733370602,0.99457407,-0.027536124,-0.999967575,0.142173797,0.0987734124,0.13027814,0.377258837,-0.452501506,-0.0526513457,-0.323046565,0.0150073478,-0.0546828955,0.65477258,-0.372696489,-0.0351441167,0.0197444037,0.0543479286,-0.0216683261,0.310828865,0.172080204,0.0623800755,0.948549569,0.191453546,-0.0318590142,-0.0239125025,0.255574554,-0.264540225,-0.0675242171,0.980589569,-0.0148649123,0.00967631862,-0.0089219613,-0.967338324,-0.0601483993,-1.36203611,4.38662148,0.46997124,0.00134195667,0.96639812,0.161307484,0.437266469,0.132331103,-0.34881714,-0.119111285,1.29695213,-0.186848834,-0.0197474826,0.062021967,-0.445282906,-0.604351878,0.467102438,-0.824733019,0.751897275,-0.487425417,-0.0129751069,-0.00678726006,-0.440881044,0.597758889,-0.128668234,0.188655034,-0.0606888644,0.00751830637,-0.0439975709,0.113157175,0.587306976,-0.0063495785,0.0820004791,-0.20744814,-0.144637793,0.062175341,0.47411257,-0.649239182,-0.156264216,0.0739117116,0.166963369,0.0787135512,0.615795374,0.367768526,0.101593837,1.076612,0.171667933,0.0744898021,-0.0158084035,0.267597377,-0.319782257,-0.0875591189,0.988057375,-0.0356944501,0.00312617258,-0.0106252497,0.00751829892,-0.0439975709,0.113157183,0.587306976,-0.0063495785,0.0820004791,-0.20744814,-0.144637793,0.0621753447,0.47411257,-0.649239123,-0.156264216,0.0739117116,0.166963369,0.0787135512,0.615795374,0.367768526,0.101593837,1.076612,0.171667933,0.0744897947,-0.0158083979,0.267597377,-0.319782257,-0.0875591189,0.988057375,-0.0356944501,0.00312617258,-0.0106252497,0.00751830637,-0.0439975709,0.113157175,0.587306976,-0.0063495785,0.0820004791,-0.20744814,-0.144637793,0.062175341,0.47411257,-0.649239182,-0.156264216,0.0739117116,0.166963369,0.0787135512,0.615795374,0.367768526,0.101593837,1.076612,0.171667933,0.0744898021,-0.0158084035,0.267597377,-0.319782257,-0.0875591189,0.988057375,-0.0356944501,0.00312617258,-0.0106252497
2.63494496,3188553.15,0,0,0.0143982517,2.20057555e-05,1,0.145414378,0,1,0.623850942,-0.018574683,0.00473574083,0.781308234,0.474645972,-0.254818261,-0.485375673,0.99592483,-0.0275416281,-0.999967575,0.125487626,0.0955244228,0.110577747,0.439151376,-0.444459766,-0.0436880626,-0.31114769,0.0154844709,-0.0488222651,0.658084869,-0.383605301,-0.0369233042,0.0319250897,0.050986819,-0.0223935433,0.313413799,0.167679995,0.0544868633,0.954531431,0.182080284,-0.0213056132,-0.0309018791,0.254985601,-0.265164107,-0.0713241622,0.987878263,-0.0187189691,0.0109567372,-0.00929647684,-1.64597249,-0.421307057,-1.78224373,5.66761732,0.896463633,1.08966696,1.03650212,-0.0635242909,0.523702443,0.354862273,-1.18366778,-0.171200976,0.852431595,-0.354433477,-0.0559062883,0.307415515,-0.298217863,-0.720547199,0.518425107,-0.747725189,0.976459324,-0.657269955,-0.0606798343,-0.0831327438,-0.229002327,0.599521637,-0.457678884,0.0509864092,-0.0161897689,0.00751830637,-0.0439975709,0.113157175,0.587306976,-0.0063495785,0.0820004791,-0.20744814,-0.144637793,0.062175341,0.47411257,-0.649239182,-0.156264216,0.0739117116,0.166963369,0.0787135512,0.615795374,0.367768526,0.101593837,1.076612,0.171667933,0.0744898021,-0.0158084035,0.267597377,-0.319782257,-0.0875591189,0.988057375,-0.0356944501,0.00312617258,-0.0106252497,0.00751829892,-0.0439975709,0.113157183,0.587306976,-0.0063495785,0.0820004791,-0.20744814,-0.144637793,0.0621753447,0.47411257,-0.649239123,-0.156264216,0.0739117116,0.166963369,0.0787135512,0.615795374,0.367768526,0.101593837,1.076612,0.171667933,0.0744897947,-0.0158083979,0.267597377,-0.319782257,-0.0875591189,0.988057375,-0.0356944501,0.00312617258,-0.0106252497,0.00751830637,-0.0439975709,0.113157175,0.587306976,-0.0063495785,0.0820004791,-0.20744814,-0.144637793,0.062175341,0.47411257,-0.649239182,-0.156264216,0.0739117116,0.166963369,0.0787135512,0.615795374,0.367768526,0.101593837,1.076612,0.171667933,0.0744898021,-0.0158084035,0.267597377,-0.319782257,-0.0875591189,0.988057375,-0.0356944501,0.00312617258,-0.0106252497
2.64592381,3188553.16,0,0,0.00539444573,4.20585275e-06,1,0.127990264,0.135175288,1,0.626828074,-0.014609877,0.00584616978,0.778998673,0.612118006,-0.416386634,-0.593339026,0.996944427,-0.0275457185,-0.999967575,0.108940005,0.0884053633,0.0920729935,0.504895747,-0.426291078,-0.0321404636,-0.296355695,0.0143712685,-0.0399859771,0.662346721,-0.399498492,-0.0389896259,0.0420502461,0.0460302122,-0.0223147217,0.319340855,0.164413318,0.0460531227,0.961886227,0.17478691,-0.00944521185,-0.0394556224,0.25439626,-0.266836852,-0.0729159862,0.99428004,-0.024126485,0.0110500352,-0.0093439091,-1.4482156,-0.757266104,-1.66230595,5.62937117,1.80623662,1.30851805,1.31143713,-0.156617597,0.767414093,0.322686166,-1.38820183,-0.182154909,0.712587178,-0.430886865,-0.0373322852,0.644177139,-0.242912993,-0.739182651,0.667245686,-0.553110898,1.00573468,-0.736782432,-0.0363793336,-0.179221332,-0.075246416,0.501216829,-0.43763867,-0.0706082955,0.0162966065,-0.0855251849,-0.0931297541,0.0854779109,0.696381807,-0.141524866,0.101812363,-0.149605989,-0.178824142,0.119417183,0.459436119,-0.669842482,-0.189182371,0.0805618763,0.14540866,0.111167423,0.645594239,0.414934427,0.0956701264,1.0961436,0.163632229,0.0988193899,-0.0174686164,0.265085816,-0.302415192,-0.0807129294,0.995794475,-0.0409054905,-0.00781958923,-0.00480664801,-0.0855251849,-0.0931297615,0.0854779035,0.696381807,-0.141524866,0.101812363,-0.149605989,-0.178824142,0.119417176,0.459436119,-0.669842482,-0.189182371,0.0805618763,0.14540866,0.111167431,0.645594239,0.414934427,0.0956701264,1.0961436,0.163632229,0.0988193899,-0.0174686089,0.265085816,-0.302415192,-0.0807129294,0.995794475,-0.0409054905,-0.00781958923,-0.00480664801,-0.0855251849,-0.0931297541,0.0854779109,0.696381807,-0.141524866,0.101812363,-0.149605989,-0.178824142,0.119417183,0.459436119,-0.669842482,-0.189182371,0.0805618763,0.14540866,0.111167423,0.645594239,0.414934427,0.0956701264,1.0961436,0.163632229,0.0988193899,-0.0174686164,0.265085816,-0.302415192,-0.0807129294,0.995794475,-0.0409054905,-0.00781958923,-0.00480664801
2.6559433,3188553.17,0,0,0.0154139358,2.15927139e-05,1,0.127990264,0,1,0.628388166,-0.0112575516,0.0071270573,0.777785778,0.648712337,-0.416188002,-0.419639498,0.997650266,-0.0275485199,-0.999967575,0.0894290507,0.0787488371,0.0708246604,0.568149447,-0.405629873,-0.0113360044,-0.283043951,0.0115692327,-0.0336397178,0.664951682,-0.413698286,-0.0410928801,0.0464600585,0.0418703929,-0.0236635488,0.327095032,0.162773252,0.0369740203,0.968787849,0.169017911,0.00127917191,-0.0470853224,0.254205763,-0.268969983,-0.0733327642,0.999196649,-0.028510306,0.00857427344,-0.00873260479,-1.9440459,-1.04974306,-2.08527136,6.36808634,2.42724156,2.07820177,1.42120528,-0.297359616,0.692855775,0.231725976,-1.4240725,-0.219004482,0.429633528,-0.419195533,-0.0965543762,0.851299524,-0.128746837,-0.963546455,0.718702495,-0.544159055,1.08472121,-0.782781422,-0.0107202604,-0.228692025,-0.0266935751,0.463481337,-0.412488073,-0.315152973,0.0781955868,-0.0855251849,-0.0931297541,0.0854779109,0.696381807,-0.141524866,0.101812363,-0.149605989,-0.178824142,0.119417183,0.459436119,-0.669842482,-0.189182371,0.0805618763,0.14540866,0.111167423,0.645594239,0.414934427,0.0956701264,1.0961436,0.163632229,0.0988193899,-0.0174686164,0.265085816,-0.302415192,-0.0807129294,0.995794475,-0.0409054905,-0.00781958923,-0.00480664801,-0.0855251849,-0.0931297615,0.0854779035,0.696381807,-0.141524866,0.101812363,-0.149605989,-0.178824142,0.119417176,0.459436119,-0.669842482,-0.189182371,0.0805618763,0.14540866,0.111167431,0.645594239,0.414934427,0.0956701264,1.0961436,0.163632229,0.0988193899,-0.0174686089,0.265085816,-0.302415192,-0.0807129294,0.995794475,-0.0409054905,-0.00781958923,-0.00480664801,-0.0855251849,-0.0931297541,0.0854779109,0.696381807,-0.141524866,0.101812363,-0.149605989,-0.178824142,0.119417183,0.459436119,-0.669842482,-0.189182371,0.0805618763,0.14540866,0.111167423,0.645594239,0.414934427,0.0956701264,1.0961436,0.163632229,0.0988193899,-0.0174686164,0.265085816,-0.302415192,-0.0807129294,0.995794475,-0.0409054905,-0.00781958923,-0.00480664801
2.66594344,3188553.18,0,0,0.00542078586,2.15768814e-05,1,0.123169273,0.204841897,1,0.630315721,-0.00799341034,0.00787352491,0.776257813,0.679694176,-0.574492753,-0.729383111,0.998193681,-0.0275506526,-0.999967575,0.0763961524,0.0695280805,0.0563211069,0.615107238,-0.377560079,0.00422178814,-0.270612568,0.00957200956,-0.0266252849,0.66653049,-0.424945116,-0.042753581,0.0507354438,0.0386512242,-0.0240461212,0.335034966,0.161708087,0.0294543952,0.974936128,0.16546379,0.00963692367,-0.0534345917,0.254219413,-0.27103126,-0.0734704509,1.00246918,-0.0313226134,0.00602031592,-0.00806090701,-1.41087151,-1.17436552,-1.60193312,5.60663939,3.52809644,1.82111442,1.63334036,-0.219913617,0.994453132,0.173709854,-1.39224112,-0.198597357,0.593386114,-0.400655568,-0.0291613955,1.09447396,-0.138746217,-0.905196786,0.799300194,-0.380232573,1.00947297,-0.793322027,0.00404932443,-0.266850233,-0.0129725188,0.378574699,-0.312808156,-0.307114899,0.0847520903,-0.194387853,-0.102382213,0.05333177,0.776492417,-0.346366763,0.106233284,-0.0934258252,-0.19031474,0.171076417,0.454121292,-0.64302218,-0.207927078,0.0806076825,0.132974356,0.149424523,0.648146629,0.469944596,0.0914019942,1.09504938,0.158576459,0.109023914,-0.00375449657,0.247371361,-0.289903343,-0.0699658617,0.990860999,-0.0394950435,-0.0156977642,0.00247804262,-0.194387853,-0.102382205,0.05333177,0.776492417,-0.346366763,0.106233276,-0.0934258252,-0.19031474,0.171076417,0.454121292,-0.64302218,-0.207927078,0.0806076825,0.132974356,0.149424523,0.648146629,0.469944596,0.0914019942,1.09504938,0.158576459,0.109023914,-0.00375449006,0.247371361,-0.289903343,-0.0699658617,0.990860999,-0.0394950435,-0.0156977642,0.00247804238,-0.194387853,-0.102382213,0.05333177,0.776492417,-0.346366763,0.106233284,-0.0934258252,-0.19031474,0.171076417,0.454121292,-0.64302218,-0.207927078,0.0806076825,0.132974356,0.149424523,0.648146629,0.469944596,0.0914019942,1.09504938,0.158576459,0.109023914,-0.00375449657,0.247371361,-0.289903343,-0.0699658617,0.990860999,-0.0394950435,-0.0156977642,0.00247804262
2.67594424,3188553.19,0,0,0.015421581,2.25212425e-05,1,0.123169273,0,1,0.632315874,-0.00454015052,0.00882226508,0.774647176,0.562765956,-0.397895813,-0.490675271,0.998611629,-0.027552275,-0.999967575,0.056739904,0.0551491342,0.0346502513,0.677317679,-0.362813205,0.022817947,-0.254969895,0.00714006554,-0.0186086949,0.666981697,-0.438258827,-0.0446445458,0.0535811186,0.0359165519,-0.0263592284,0.347857863,0.160658345,0.0184385926,0.982750893,0.161129236,0.0198153835,-0.0602412969,0.254360288,-0.274177074,-0.0735107213,1.00537276,-0.0334036388,0.00225577038,-0.00611026399,-2.05647922,-1.56547904,-2.20669365,6.16655827,0.728630543,1.77902091,1.58259284,-0.235637963,0.79672426,-0.011453934,-1.29618442,-0.183077738,0.213039249,-0.232628047,-0.262681812,1.38667226,-0.0877898037,-1.16973984,0.77907294,-0.427700073,1.00333571,-0.620382547,0.0117193386,-0.325493395,-0.000130125787,0.225408435,-0.148270473,-0.397708654,0.239899039,-0.194387853,-0.102382213,0.05333177,0.776492417,-0.346366763,0.106233284,-0.0934258252,-0.19031474,0.171076417,0.454121292,-0.64302218,-0.207927078,0.0806076825,0.132974356,0.149424523,0.648146629,0.469944596,0.0914019942,1.09504938,0.158576459,0.109023914,-0.00375449657,0.247371361,-0.289903343,-0.0699658617,0.990860999,-0.0394950435,-0.0156977642,0.00247804262,-0.194387853,-0.102382205,0.05333177,0.776492417,-0.346366763,0.106233276,-0.0934258252,-0.19031474,0.171076417,0.454121292,-0.64302218,-0.207927078,0.0806076825,0.132974356,0.149424523,0.648146629,0.469944596,0.0914019942,1.09504938,0.158576459,0.109023914,-0.00375449006,0.247371361,-0.289903343,-0.0699658617,0.990860999,-0.0394950435,-0.0156977642,0.00247804238,-0.194387853,-0.102382213,0.05333177,0.776492417,-0.346366763,0.106233284,-0.0934258252,-0.19031474,0.171076417,0.454121292,-0.64302218,-0.207927078,0.0806076825,0.132974356,0.149424523,0.648146629,0.469944596,0.0914019942,1.09504938,0.158576459,0.109023914,-0.00375449657,0.247371361,-0.289903343,-0.0699658617,0.990860999,-0.0394950435,-0.0156977642,0.00247804262
2.68694181,3188553.2,0,0,0.00641690707,2.12742016e-05,1,0.124261249,0.122623205,1,0.635408401,-0.000345231587,0.00975079741,0.772114635,0.517031848,-0.352488101,-0.613309443,0.998959124,-0.0275536124,-0.999967575,0.0346095301,0.0359688252,0.0149250021,0.740908861,-0.35991478,0.0404403545,-0.234978586,0.00493045058,-0.00698679779,0.666049778,-0.453002661,-0.0466396511,0.0569619574,0.0330581851,-0.0290847402,0.366437495,0.159657359,0.00506592542,0.992415607,0.157379955,0.0310649052,-0.0665654838,0.254334718,-0.277863413,-0.0729518011,1.00675702,-0.0344237946,-0.00210344209,-0.0029330845,-2.04891253,-1.5139848,-1.35939193,5.15046215,-0.943875194,1.14356923,1.620417,-0.156277925,0.925570369,-0.171666875,-1.15489459,-0.164125383,0.152419671,-0.196069956,-0.337255687,1.67138147,-0.0950826108,-1.08402801,0.817734897,-0.240879834,0.918977439,-0.391726285,-0.0270499997,-0.326562375,0.179195449,0.0456787124,-0.0538498946,-0.326529443,0.340121329,-0.285388112,-0.0571795106,0.0339016467,0.824106097,-0.468989968,0.0926587433,-0.0647612363,-0.22278443,0.216010362,0.455902964,-0.60277617,-0.228200719,0.0753444582,0.12041989,0.190143377,0.610674143,0.499780297,0.0948278233,1.08365929,0.159839556,0.114836618,0.0209227055,0.215704471,-0.29902491,-0.0546235293,0.971973658,-0.039911285,-0.0183031596,0.0126324557,-0.285388112,-0.0571795031,0.0339016467,0.824106097,-0.468989968,0.0926587358,-0.0647612363,-0.22278443,0.216010362,0.455902964,-0.60277611,-0.228200719,0.0753444582,0.120419897,0.190143377,0.610674143,0.499780297,0.0948278233,1.08365929,0.159839556,0.114836618,0.0209227055,0.215704471,-0.29902491,-0.0546235293,0.971973658,-0.039911285,-0.0183031596,0.0126324547,-0.285388112,-0.0571795106,0.0339016467,0.824106097,-0.468989968,0.0926587433,-0.0647612363,-0.22278443,0.216010362,0.455902964,-0.60277617,-0.228200719,0.0753444582,0.12041989,0.190143377,0.610674143,0.499780297,0.0948278233,1.08365929,0.159839556,0.114836618,0.0209227055,0.215704471,-0.29902491,-0.0546235293,0.971973658,-0.039911285,-0.0183031596,0.0126324557
2.6969423,3188553.21,0,0,0.0164173972,2.20942311e-05,1,0.124261249,0,1,0.637669802,0.0022804921,0.0106374156,0.770232975,0.47294867,-0.318135351,-0.624923289,0.999198079,-0.0275545213,-0.999967575,0.012431724,0.0224133618,0.00557473954,0.788837731,-0.375918359,0.0497226864,-0.21891059,0.00363612408,0.00197937642,0.663414657,-0.46379447,-0.0482994132,0.0574838817,0.0312572941,-0.0326467752,0.383778781,0.158576384,-0.00495245028,1.00086057,0.155880764,0.0401840843,-0.0687282905,0.253436148,-0.281104892,-0.0696617812,1.00646067,-0.0347979665,-0.00488045719,0.00115768414,-2.18212438,-1.26968956,-0.602791488,4.3077445,-1.52886081,0.862488627,1.64376867,-0.115422741,0.938939393,-0.30212751,-1.04285181,-0.162433714,0.0583208799,-0.199994147,-0.296231598,1.75145197,-0.109984212,-0.918685913,0.870959818,-0.0929876715,0.898572862,-0.129213691,-0.136105821,-0.298472226,0.38304466,-0.0748680085,-0.0300549883,-0.246073335,0.419623345,-0.285388112,-0.0571795106,0.0339016467,0.824106097,-0.468989968,0.0926587433,-0.0647612363,-0.22278443,0.216010362,0.455902964,-0.60277617,-0.228200719,0.0753444582,0.12041989,0.190143377,0.610674143,0.499780297,0.0948278233,1.08365929,0.159839556,0.114836618,0.0209227055,0.215704471,-0.29902491,-0.0546235293,0.971973658,-0.039911285,-0.0183031596,0.0126324557,-0.285388112,-0.0571795031,0.0339016467,0.824106097,-0.468989968,0.0926587358,-0.0647612363,-0.22278443,0.216010362,0.455902964,-0.60277611,-0.228200719,0.0753444582,0.120419897,0.190143377,0.610674143,0.499780297,0.0948278233,1.08365929,0.159839556,0.114836618,0.0209227055,0.215704471,-0.29902491,-0.0546235293,0.971973658,-0.039911285,-0.0183031596,0.0126324547,-0.285388112,-0.0571795106,0.0339016467,0.824106097,-0.468989968,0.0926587433,-0.0647612363,-0.22278443,0.216010362,0.455902964,-0.60277617,-0.228200719,0.0753444582,0.12041989,0.190143377,0.610674143,0.499780297,0.0948278233,1.08365929,0.159839556,0.114836618,0.0209227055,0.215704471,-0.29902491,-0.0546235293,0.971973658,-0.039911285,-0.0183031596,0.0126324557
2.70794172,3188553.22,0,0,0.00744569208,2.15838663e-05,1,0.0976012088,0.0752036572,1,0.640294731,0.00507934717,0.011383052,0.7680282,0.451918155,-0.302329212,-0.662747324,0.99939698,-0.0275552776,-0.999967575,-0.00867283996,0.0106261037,0.00315172109,0.823646426,-0.389534891,0.0568421893,-0.201967195,0.00254669227,0.0118693914,0.659862161,-0.47381109,-0.0497912578,0.0583475679,0.0288971197,-0.0349168815,0.401417732,0.157530919,-0.0125968261,1.01009548,0.155360669,0.0489344299,-0.0692418367,0.251643032,-0.283507586,-0.0656573847,1.00509167,-0.0350465104,-0.00682934001,0.00501691038,-2.23179054,-1.08993495,-0.0708593428,3.19989848,-1.56425583,0.438489825,1.67497694,-0.0975540504,0.970108449,-0.410777956,-0.954294503,-0.14496766,0.0666931421,-0.234595105,-0.234515041,1.75656378,-0.108767718,-0.680994809,0.951459765,-0.046530243,0.885861099,0.0330728404,-0.201058313,-0.224595889,0.459185988,-0.208137393,-0.022575384,-0.132984623,0.385412484,-0.360591769,-0.0268179625,0.0252433792,0.872543216,-0.524229884,0.0498406962,-0.0444729328,-0.275271267,0.270693153,0.438882351,-0.542393804,-0.256644428,0.0777157992,0.0995416194,0.223822236,0.560901761,0.505039692,0.0962737948,1.06118011,0.151021361,0.11417754,0.0443850607,0.167029217,-0.314877391,-0.0398014113,0.94663012,-0.0406022295,-0.0118103288,0.0204619877,-0.360591769,-0.0268179644,0.0252433829,0.872543216,-0.524229884,0.0498406962,-0.0444729365,-0.275271267,0.270693153,0.438882351,-0.542393744,-0.256644428,0.0777157992,0.0995416194,0.223822236,0.560901761,0.505039692,0.0962737948,1.06118011,0.151021361,0.11417754,0.0443850607,0.167029217,-0.314877391,-0.0398014151,0.94663012,-0.0406022295,-0.0118103288,0.0204619877,-0.360591769,-0.0268179625,0.0252433792,0.872543216,-0.524229884,0.0498406962,-0.0444729328,-0.275271267,0.270693153,0.438882351,-0.542393804,-0.256644428,0.0777157992,0.0995416194,0.223822236,0.560901761,0.505039692,0.0962737948,1.06118011,0.151021361,0.11417754,0.0443850607,0.167029217,-0.314877391,-0.0398014113,0.94663012,-0.0406022295,-0.0118103288,0.0204619877
2.71794225,3188553.23,0,0,0.0174462129,2.17738561e-05,1,0.0976012088,0,1,0.642507315,0.00701886695,0.0122451317,0.766149521,0.363440335,-0.18620488,-0.573662281,0.999533415,-0.0275557861,-0.999967575,-0.0351549089,0.00154817081,0.00418207143,0.855849683,-0.410343766,0.0565636083,-0.186058298,0.00189188926,0.0206652395,0.654751241,-0.482424885,-0.0512743853,0.0585609674,0.0269111469,-0.037397977,0.41813007,0.156215459,-0.0183889195,1.01984191,0.15476197,0.0585006401,-0.0669498295,0.2491512,-0.285913646,-0.0594278798,1.00145686,-0.0352581218,-0.00692638056,0.00927749649,-2.7742939,-0.813256741,0.257680058,3.00890851,-2.04214001,-0.0778188854,1.58819795,-0.053185571,0.872996092,-0.552799165,-0.820540369,-0.146981269,0.0488085188,-0.20426926,-0.178537041,1.59856486,-0.139037848,-0.482011497,0.993706644,-0.0549904108,0.986833632,0.329936415,-0.297971308,-0.226959601,0.674341738,-0.435322493,-0.0206081457,0.0378357507,0.426392764,-0.360591769,-0.0268179625,0.0252433792,0.872543216,-0.524229884,0.0498406962,-0.0444729328,-0.275271267,0.270693153,0.438882351,-0.542393804,-0.256644428,0.0777157992,0.0995416194,0.223822236,0.560901761,0.505039692,0.0962737948,1.06118011,0.151021361,0.11417754,0.0443850607,0.167029217,-0.314877391,-0.0398014113,0.94663012,-0.0406022295,-0.0118103288,0.0204619877,-0.360591769,-0.0268179644,0.0252433829,0.872543216,-0.524229884,0.0498406962,-0.0444729365,-0.275271267,0.270693153,0.438882351,-0.542393744,-0.256644428,0.0777157992,0.0995416194,0.223822236,0.560901761,0.505039692,0.0962737948,1.06118011,0.151021361,0.11417754,0.0443850607,0.167029217,-0.314877391,-0.0398014151,0.94663012,-0.0406022295,-0.0118103288,0.0204619877,-0.360591769,-0.0268179625,0.0252433792,0.872543216,-0.524229884,0.0498406962,-0.0444729328,-0.275271267,0.270693153,0.438882351,-0.542393804,-0.256644428,0.0777157992,0.0995416194,0.223822236,0.560901761,0.505039692,0.0962737948,1.06118011,0.151021361,0.11417754,0.0443850607,0.167029217,-0.314877391,-0.0398014113,0.94663012,-0.0406022295,-0.0118103288,0.0204619877
2.72894161,3188553.25,0,0,0.0084531121,2.11447477e-05,1,0.090918038,0.0600487292,1,0.644820452,0.00888553448,0.012986375,0.764172077,0.327063531,-0.184445024,-0.578420162,0.999646604,-0.0275562052,-0.999967575,-0.0635738149,-0.00564004807,0.00853351038,0.880469084,-0.428299427,0.0552858077,-0.169999897,0.0014177009,0.0296192151,0.648808002,-0.490275115,-0.0526753217,0.0599213205,0.0245414581,-0.0380818062,0.43313995,0.154908761,-0.0214777961,1.03015089,0.154306814,0.0684561431,-0.0627142563,0.24548012,-0.287668556,-0.0528886244,0.996617138,-0.0355358236,-0.00627720682,0.0130635211,-2.9766922,-0.645715058,0.471900493,2.26256013,-1.83752024,-0.435085714,1.61016297,-0.0366678163,0.861977875,-0.653160036,-0.744292736,-0.140648633,0.152670741,-0.233708695,-0.017195506,1.42785406,-0.125430569,-0.22256656,1.06247997,-0.0770152062,0.994053066,0.509562612,-0.415749252,-0.153029516,0.659510911,-0.542360663,-0.0575495921,0.135944948,0.336998492,-0.420640498,-0.000610455871,0.0138022304,0.908193648,-0.560481906,-0.00221016258,-0.0218066648,-0.325739682,0.314754367,0.414161921,-0.49169609,-0.285223454,0.0818188339,0.0739129633,0.237555429,0.519177854,0.499445498,0.0924392641,1.04121149,0.142197713,0.1041888,0.0595909059,0.121102229,-0.319061071,-0.0290444419,0.921583891,-0.0459230915,-0.00238795835,0.020973485,-0.420640498,-0.000610454008,0.0138022304,0.908193648,-0.560481906,-0.00221016235,-0.0218066648,-0.325739682,0.314754367,0.414161921,-0.49169606,-0.285223454,0.0818188339,0.0739129633,0.237555414,0.519177854,0.499445498,0.0924392641,1.04121149,0.142197713,0.104188792,0.0595909096,0.121102229,-0.319061071,-0.0290444437,0.921583891,-0.0459230915,-0.00238795835,0.020973485,-0.420640498,-0.000610455871,0.0138022304,0.908193648,-0.560481906,-0.00221016258,-0.0218066648,-0.325739682,0.314754367,0.414161921,-0.49169609,-0.285223454,0.0818188339,0.0739129633,0.237555429,0.519177854,0.499445498,0.0924392641,1.04121149,0.142197713,0.1041888,0.0595909059,0.121102229,-0.319061071,-0.0290444419,0.921583891,-0.0459230915,-0.00238795835,0.020973485
2.73994386,3188553.26,0,0,0.019455357,2.17910856e-05,1,0.090918038,0,1,0.647057593,0.0104677789,0.0135946367,0.762248039,0.226310208,-0.16840376,-0.496738225,0.999730766,-0.0275565125,-0.999967575,-0.103507183,-0.0116612138,0.0136720994,0.90665853,-0.452796757,0.0432341211,-0.150594905,0.00141221995,0.0386999287,0.639293134,-0.498100013,-0.0545045994,0.0619428307,0.0221819356,-0.0371856689,0.448344767,0.153672919,-0.0231221206,1.04347336,0.151874527,0.0802126601,-0.0544105358,0.239266708,-0.289257556,-0.044542186,0.988504827,-0.0372359119,-0.00232671271,0.0161378663,-3.42609501,-0.427010357,0.461219102,1.90109849,-1.88931477,-0.921303093,1.65427363,0.0140421903,0.755544662,-0.849443018,-0.612136364,-0.156272545,0.256245255,-0.208544031,0.199206039,1.15458107,-0.066774033,-0.0722682476,1.12075353,-0.268130958,0.967622042,0.782048166,-0.600164056,-0.0962439552,0.667822599,-0.714543462,-0.16700016,0.377705693,0.203898057,-0.420640498,-0.000610455871,0.0138022304,0.908193648,-0.560481906,-0.00221016258,-0.0218066648,-0.325739682,0.314754367,0.414161921,-0.49169609,-0.285223454,0.0818188339,0.0739129633,0.237555429,0.519177854,0.499445498,0.0924392641,1.04121149,0.142197713,0.1041888,0.0595909059,0.121102229,-0.319061071,-0.0290444419,0.921583891,-0.0459230915,-0.00238795835,0.020973485,-0.420640498,-0.000610454008,0.0138022304,0.908193648,-0.560481906,-0.00221016235,-0.0218066648,-0.325739682,0.314754367,0.414161921,-0.49169606,-0.285223454,0.0818188339,0.0739129633,0.237555414,0.519177854,0.499445498,0.0924392641,1.04121149,0.142197713,0.104188792,0.0595909096,0.121102229,-0.319061071,-0.0290444437,0.921583891,-0.0459230915,-0.00238795835,0.020973485,-0.420640498,-0.000610455871,0.0138022304,0.908193648,-0.560481906,-0.00221016258,-0.0218066648,-0.325739682,0.314754367,0.414161921,-0.49169609,-0.285223454,0.0818188339,0.0739129633,0.237555429,0.519177854,0.499445498,0.0924392641,1.04121149,0.142197713,0.1041888,0.0595909059,0.121102229,-0.319061071,-0.0290444419,0.921583891,-0.0459230915,-0.00238795835,0.020973485
2.75094206,3188553.27,0,0,0.0104397512,2.15079635e-05,1,0.104306266,0.0478530526,1,0.649334013,0.0120614823,0.0137450034,0.76028347,0.133095145,-0.164949819,-0.44271332,0.999793172,-0.0275567397,-0.999967575,-0.145522743,-0.0158272255,0.0186626464,0.923328519,-0.472895414,0.0308285058,-0.129937738,0.00175881898,0.0475564785,0.627836227,-0.504722178,-0.0560619086,0.0660644844,0.0195669606,-0.0332503021,0.461114556,0.153541878,-0.0225674622,1.05690873,0.148190707,0.0907570645,-0.0442541726,0.230750054,-0.289825946,-0.0373007841,0.979623079,-0.0398276635,0.00259733736,0.0177519433,-3.63542581,-0.271953642,0.292641491,1.11048293,-1.62815034,-1.4317894,1.76010466,0.0523219146,0.66125989,-1.10469162,-0.469883949,-0.0849412978,0.342325211,-0.188279063,0.347194612,1.0247556,0.0252203532,0.12693812,1.14839602,-0.332374692,0.743180096,0.889800727,-0.766314507,-0.0245370027,0.586519122,-0.820339024,-0.319965631,0.523038328,0.0748013332,-0.429803401,0.0193122104,0.00182181969,0.918103635,-0.570363045,-0.0389157534,-0.0453228801,-0.363475204,0.334426433,0.368323654,-0.474759936,-0.290937454,0.0798497498,0.0537031591,0.23525165,0.471324801,0.489846319,0.0870832875,1.01100397,0.139597401,0.0742176771,0.0642628595,0.0988611877,-0.312330544,-0.0219214708,0.900795579,-0.0550002083,0.00781579129,0.0154457018,-0.429803401,0.0193122104,0.00182182109,0.918103635,-0.570363045,-0.0389157534,-0.0453228764,-0.363475204,0.334426433,0.368323654,-0.474759936,-0.290937454,0.0798497498,0.0537031516,0.235251635,0.471324801,0.489846319,0.0870832875,1.01100397,0.139597401,0.0742176697,0.0642628595,0.0988611877,-0.312330544,-0.0219214708,0.900795579,-0.0550002083,0.00781579129,0.0154457036,-0.429803401,0.0193122104,0.00182181969,0.918103635,-0.570363045,-0.0389157534,-0.0453228801,-0.363475204,0.334426433,0.368323654,-0.474759936,-0.290937454,0.0798497498,0.0537031591,0.23525165,0.471324801,0.489846319,0.0870832875,1.01100397,0.139597401,0.0742176771,0.0642628595,0.0988611877,-0.312330544,-0.0219214708,0.900795579,-0.0550002083,0.00781579129,0.0154457018
2.7609491,3188553.28,0,0,0.000452497974,2.40346417e-05,1,0.0978102908,0.0899999738,1,0.651029468,0.0130372494,0.0135274697,0.758819938,0.0778539181,-0.210768908,-0.464232236,0.99983567,-0.0275568943,-0.999967575,-0.182218477,-0.017762078,0.020848766,0.930423796,-0.487683117,0.017763352,-0.111638211,0.00251051039,0.0539966673,0.615638018,-0.508796453,-0.0567671433,0.0700951964,0.0177017897,-0.0288335551,0.47106427,0.154408857,-0.0201159976,1.06793809,0.144899949,0.0968367606,-0.0355243981,0.222182497,-0.289800972,-0.031777788,0.971088886,-0.0434035584,0.00797568634,0.0181149654,-3.66335607,-0.146847457,0.187785521,0.440452129,-1.36624312,-1.15344441,1.8760581,0.0868275315,0.6539011,-1.26925659,-0.380610734,-0.0741249472,0.457453489,-0.197104722,0.519403756,0.984088898,0.133817777,0.327093631,1.04483426,-0.319611758,0.535202265,0.84205842,-0.924332678,0.0247281846,0.515118301,-0.849332035,-0.350846499,0.504282117,0.0191763137,-0.429803401,0.0193122104,0.00182181969,0.918103635,-0.570363045,-0.0389157534,-0.0453228801,-0.363475204,0.334426433,0.368323654,-0.474759936,-0.290937454,0.0798497498,0.0537031591,0.23525165,0.471324801,0.489846319,0.0870832875,1.01100397,0.139597401,0.0742176771,0.0642628595,0.0988611877,-0.312330544,-0.0219214708,0.900795579,-0.0550002083,0.00781579129,0.0154457018,-0.388378114,0.0191396903,-0.00589333987,0.912836611,-0.56196624,-0.0551662706,-0.114299618,-0.379065245,0.33891198,0.293127924,-0.467587709,-0.27014485,0.06758596,0.0406092219,0.209658802,0.381324828,0.468873799,0.0847064778,0.959252536,0.143264592,0.0211830772,0.0649521053,0.106631339,-0.295552135,-0.0146548674,0.885654867,-0.0692119226,0.0168683827,0.0159525033,-0.388378114,0.0191396922,-0.00589333847,0.912836611,-0.56196624,-0.0551662706,-0.114299618,-0.379065245,0.33891198,0.293127924,-0.467587709,-0.27014485,0.06758596,0.0406092107,0.209658802,0.381324828,0.468873799,0.0847064778,0.959252536,0.143264592,0.0211830735,0.0649521053,0.106631339,-0.295552135,-0.0146548674,0.885654867,-0.0692119226,0.0168683827,0.0159525052
2.77194366,3188553.29,0,0,0.011447059,2.19838694e-05,1,0.0978102908,0,1,0.65302819,0.0140311969,0.0128420321,0.757094681,-0.0379472114,-0.181205258,-0.384733617,0.999870777,-0.027557021,-0.999967575,-0.226104498,-0.0186873823,0.0212006308,0.93002069,-0.50120461,0.0037875697,-0.0879092664,0.0038243942,0.0612333193,0.597966373,-0.512106597,-0.0569628514,0.0756466165,0.0155693386,-0.0222000778,0.483119607,0.156817824,-0.0142194089,1.07993126,0.141913593,0.100701556,-0.0263747051,0.21039255,-0.289032459,-0.0263538416,0.960238814,-0.0488027222,0.0139152389,0.0181872509,-3.64984536,-0.030749144,-0.130188257,-0.40000391,-0.940529466,-1.2345382,2.06763268,0.12970756,0.53102082,-1.69728065,-0.16179809,0.0526573993,0.427773327,-0.142352507,0.525905311,1.02646184,0.23813802,0.614153206,1.01229608,-0.175113723,0.115374498,0.706932306,-0.984695256,0.0940016657,0.418091685,-0.995732725,-0.592661381,0.537774861,6.99873272e-05,-0.388378114,0.0191396922,-0.00589333847,0.912836611,-0.56196624,-0.0551662706,-0.114299618,-0.379065245,0.33891198,0.293127924,-0.467587709,-0.27014485,0.06758596,0.0406092107,0.209658802,0.381324828,0.468873799,0.0847064778,0.959252536,0.143264592,0.0211830735,0.0649521053,0.106631339,-0.295552135,-0.0146548674,0.885654867,-0.0692119226,0.0168683827,0.0159525052,-0.388378114,0.0191396903,-0.00589333987,0.912836611,-0.56196624,-0.0551662706,-0.114299618,-0.379065245,0.33891198,0.293127924,-0.467587709,-0.27014485,0.06758596,0.0406092219,0.209658802,0.381324828,0.468873799,0.0847064778,0.959252536,0.143264592,0.0211830772,0.0649521053,0.106631339,-0.295552135,-0.0146548674,0.885654867,-0.0692119226,0.0168683827,0.0159525033,-0.388378114,0.0191396922,-0.00589333847,0.912836611,-0.56196624,-0.0551662706,-0.114299618,-0.379065245,0.33891198,0.293127924,-0.467587709,-0.27014485,0.06758596,0.0406092107,0.209658802,0.381324828,0.468873799,0.0847064778,0.959252536,0.143264592,0.0211830735,0.0649521053,0.106631339,-0.295552135,-0.0146548674,0.885654867,-0.0692119226,0.0168683827,0.0159525052
2.78294216,3188553.3,0,0,0.00240977993,2.17682682e-05,1,0.131744891,0.140521437,1,0.654635251,0.0145224715,0.0120376423,0.755709529,-0.0608745664,-0.195933074,-0.462692022,0.999896646,-0.0275571123,-0.999967575,-0.261838973,-0.0184520539,0.0193504095,0.92275399,-0.509752452,-0.00687410776,-0.0665565729,0.00522742514,0.0667853951,0.579734504,-0.513085663,-0.0564719327,0.0804266408,0.0139910094,-0.0165816192,0.493711025,0.159964055,-0.007344326,1.08899915,0.140509561,0.100553855,-0.0201036856,0.200173348,-0.287628025,-0.0226847362,0.950065434,-0.0546871312,0.0185737051,0.0181603581,-3.51822877,0.0580479205,-0.197212026,-0.898071766,-0.811844826,-0.959633887,2.16525555,0.141508922,0.59245646,-1.87108505,-0.0725155473,0.0371481925,0.523358285,-0.180892721,0.594337285,1.08586514,0.371131778,0.717847407,0.810404241,-0.130977347,-0.0729358867,0.57213378,-1.05724597,0.171616167,0.332622796,-1.00844014,-0.548324704,0.394058943,-0.00378230121,-0.27348882,0.0138226002,-0.0231197886,0.891412973,-0.568675458,-0.0546424612,-0.228137076,-0.351339728,0.308874577,0.234498635,-0.45611918,-0.220855027,0.0442493074,0.0406552851,0.147401154,0.240803391,0.434724212,0.0827901885,0.885761201,0.145776555,-0.0424678773,0.0670472383,0.159439266,-0.27251786,-0.00894233957,0.881846845,-0.0855310932,0.0283110477,0.0177190974,-0.27348882,0.0138225984,-0.0231197886,0.891412973,-0.568675458,-0.0546424612,-0.228137076,-0.351339728,0.308874577,0.234498635,-0.45611918,-0.220855027,0.0442493074,0.0406552926,0.147401154,0.240803391,0.434724212,0.0827901885,0.885761201,0.145776555,-0.0424678735,0.0670472383,0.159439266,-0.27251786,-0.00894233957,0.881846845,-0.0855310932,0.0283110477,0.0177190974,-0.27348882,0.0138226002,-0.0231197886,0.891412973,-0.568675458,-0.0546424612,-0.228137076,-0.351339728,0.308874577,0.234498635,-0.45611918,-0.220855027,0.0442493074,0.0406552851,0.147401154,0.240803391,0.434724212,0.0827901885,0.885761201,0.145776555,-0.0424678773,0.0670472383,0.159439266,-0.27251786,-0.00894233957,0.881846845,-0.0855310932,0.0283110477,0.0177190974
2.79394187,3188553.31,0,0,0.0134094879,2.13361345e-05,1,0.131744891,0,1,0.656276405,0.0148902228,0.011091413,0.754292071,-0.123762555,-0.168467402,-0.391382337,0.999915779,-0.0275571775,-0.999967575,-0.295107335,-0.0180073455,0.0151501056,0.908918917,-0.517998755,-0.0153269703,-0.0437950343,0.00654477766,0.072176747,0.558889747,-0.512662172,-0.0549215376,0.0852009654,0.0122936647,-0.0108688222,0.504778385,0.164120451,0.000552262936,1.09645927,0.139628708,0.0989096314,-0.0149176931,0.190180466,-0.28533867,-0.01984993,0.93883431,-0.0614285283,0.0226099677,0.0181267094,-3.17968631,0.019675035,-0.60613519,-1.73901927,-0.843344808,-0.7780267,2.34706616,0.122919537,0.484868288,-2.24228621,0.125575304,0.239618003,0.422978103,-0.156468719,0.530108631,1.11551595,0.436929524,0.837278545,0.723236084,-0.0560454801,-0.227485448,0.493314505,-0.931493402,0.271406442,0.254435658,-1.22444379,-0.786977947,0.430470914,-0.00272339443,-0.27348882,0.0138226002,-0.0231197886,0.891412973,-0.568675458,-0.0546424612,-0.228137076,-0.351339728,0.308874577,0.234498635,-0.45611918,-0.220855027,0.0442493074,0.0406552851,0.147401154,0.240803391,0.434724212,0.0827901885,0.885761201,0.145776555,-0.0424678773,0.0670472383,0.159439266,-0.27251786,-0.00894233957,0.881846845,-0.0855310932,0.0283110477,0.0177190974,-0.27348882,0.0138225984,-0.0231197886,0.891412973,-0.568675458,-0.0546424612,-0.228137076,-0.351339728,0.308874577,0.234498635,-0.45611918,-0.220855027,0.0442493074,0.0406552926,0.147401154,0.240803391,0.434724212,0.0827901885,0.885761201,0.145776555,-0.0424678735,0.0670472383,0.159439266,-0.27251786,-0.00894233957,0.881846845,-0.0855310932,0.0283110477,0.0177190974,-0.27348882,0.0138226002,-0.0231197886,0.891412973,-0.568675458,-0.0546424612,-0.228137076,-0.351339728,0.308874577,0.234498635,-0.45611918,-0.220855027,0.0442493074,0.0406552851,0.147401154,0.240803391,0.434724212,0.0827901885,0.885761201,0.145776555,-0.0424678773,0.0670472383,0.159439266,-0.27251786,-0.00894233957,0.881846845,-0.0855310932,0.0283110477,0.0177190974
2.80394208,3188553.32,0,0,0.00344551308,2.15750188e-05,1,0.0987630337,0.187046915,1,0.657942891,0.0149509413,0.0102525204,0.752849579,-0.108618841,-0.100672364,-0.491670638,0.999928772,-0.0275572184,-0.999967575,-0.325360775,-0.017822301,0.00808416028,0.889348686,-0.526129544,-0.0221016388,-0.0204630066,0.00760882115,0.0774185881,0.535934806,-0.511187315,-0.0527123772,0.0895893574,0.01038092,-0.00600233627,0.516090453,0.169046775,0.009033354,1.10278523,0.139193207,0.0960211381,-0.0103789493,0.181352884,-0.282017499,-0.0175866038,0.926315248,-0.0689317286,0.0261529516,0.0181057565,-2.93801022,0.0296884868,-0.729631007,-2.01140666,-0.786570549,-0.615120113,2.29963017,0.0937602073,0.57583046,-2.28688622,0.135496795,0.179273009,0.465699315,-0.224823162,0.467665493,1.1412251,0.53276515,0.839508414,0.561820269,-0.0472550802,-0.322967201,0.428524733,-0.868428528,0.369903445,0.212306514,-1.23890412,-0.685700893,0.283089221,-0.00170815212,-0.0864419043,0.00925253332,-0.0429901704,0.832214594,-0.589032054,-0.0558576323,-0.346698374,-0.246951297,0.221561998,0.238095745,-0.390536427,-0.141325474,0.0075235595,0.0728807747,0.0433699712,0.103474617,0.39286539,0.0832707733,0.816835165,0.141662523,-0.09236563,0.0660909936,0.268286914,-0.262845337,-0.00641464442,0.887204647,-0.0940066203,0.044124566,0.0147675797,-0.0864419043,0.00925253704,-0.0429901704,0.832214594,-0.589032054,-0.0558576323,-0.346698374,-0.246951297,0.221561998,0.238095745,-0.390536427,-0.141325474,0.0075235595,0.0728807673,0.0433699749,0.103474617,0.39286539,0.0832707733,0.816835165,0.141662523,-0.09236563,0.0660909936,0.268286914,-0.262845337,-0.00641464442,0.887204647,-0.0940066203,0.044124566,0.0147675816,-0.0864419043,0.00925253332,-0.0429901704,0.832214594,-0.589032054,-0.0558576323,-0.346698374,-0.246951297,0.221561998,0.238095745,-0.390536427,-0.141325474,0.0075235595,0.0728807747,0.0433699712,0.103474617,0.39286539,0.0832707733,0.816835165,0.141662523,-0.09236563,0.0660909936,0.268286914,-0.262845337,-0.00641464442,0.887204647,-0.0940066203,0.044124566,0.0147675797
2.81394375,3188553.33,0,0,0.013447179,2.23177485e-05,1,0.0987630337,0,1,0.659743011,0.0151541689,0.00941284653,0.751279473,-0.10527809,-0.175967067,-0.436892003,0.999938667,-0.0275572538,-0.999967575,-0.349854857,-0.0180433132,-0.00117024384,0.862409651,-0.535469234,-0.0277318712,0.00346294208,0.00806669891,0.0827667192,0.512671292,-0.509612262,-0.0499194786,0.0931292921,0.00796822924,-0.000879274157,0.527311504,0.17441079,0.017758524,1.10644221,0.138500422,0.0950948372,-0.00639400026,0.173882589,-0.277746111,-0.0154594015,0.912332237,-0.0755641758,0.0293838698,0.0179755911,-2.0665369,-0.0678955093,-1.09712911,-3.27438164,-1.05165172,-0.529833853,2.45653224,0.0151440483,0.477128386,-2.35782981,0.175596878,0.363503039,0.241742447,-0.23884654,0.520072639,1.09869301,0.524634838,0.902390301,0.224278718,-0.0880015269,0.140812814,0.382328093,-0.623935759,0.464042157,0.217771664,-1.54560769,-0.665832937,0.376097441,-0.021937646,-0.0864419043,0.00925253332,-0.0429901704,0.832214594,-0.589032054,-0.0558576323,-0.346698374,-0.246951297,0.221561998,0.238095745,-0.390536427,-0.141325474,0.0075235595,0.0728807747,0.0433699712,0.103474617,0.39286539,0.0832707733,0.816835165,0.141662523,-0.09236563,0.0660909936,0.268286914,-0.262845337,-0.00641464442,0.887204647,-0.0940066203,0.044124566,0.0147675797,-0.0864419043,0.00925253704,-0.0429901704,0.832214594,-0.589032054,-0.0558576323,-0.346698374,-0.246951297,0.221561998,0.238095745,-0.390536427,-0.141325474,0.0075235595,0.0728807673,0.0433699749,0.103474617,0.39286539,0.0832707733,0.816835165,0.141662523,-0.09236563,0.0660909936,0.268286914,-0.262845337,-0.00641464442,0.887204647,-0.0940066203,0.044124566,0.0147675816,-0.0864419043,0.00925253332,-0.0429901704,0.832214594,-0.589032054,-0.0558576323,-0.346698374,-0.246951297,0.221561998,0.238095745,-0.390536427,-0.141325474,0.0075235595,0.0728807747,0.0433699712,0.103474617,0.39286539,0.0832707733,0.816835165,0.141662523,-0.09236563,0.0660909936,0.268286914,-0.262845337,-0.00641464442,0.887204647,-0.0940066203,0.044124566,0.0147675797
2.82494242,3188553.34,0,0,0.00444463827,2.18823552e-05,1,0.0995472074,0.157113805,1,0.661879182,0.0149245476,0.00869980361,0.749411464,-0.124524385,0.0317173153,-0.521247268,0.999946773,-0.0275572743,-0.999967575,-0.371520638,-0.0183405783,-0.0152640538,0.820960164,-0.547897458,-0.0330300629,0.0306689758,0.00820351485,0.0886745825,0.486103535,-0.508188009,-0.0454596467,0.0951696485,0.00515320245,0.00341611193,0.539589882,0.180766195,0.0281934328,1.10756934,0.136907533,0.10069783,-0.00200735708,0.168615326,-0.271730125,-0.012836745,0.893330336,-0.0822255164,0.0328920409,0.0177005306,-1.69038737,0.0331400409,-1.16995895,-3.34487629,-0.997219145,-0.385985434,2.09403014,0.0165401231,0.531950116,-2.06033778,0.0547641367,0.355973065,0.147602081,-0.230013326,0.254422724,0.947709143,0.534900725,0.828575671,0.0191089809,-0.163316786,0.684971929,0.355499268,-0.336952388,0.518859029,0.215486854,-1.54597402,-0.457042485,0.199171603,-0.0202447027,0.0706719011,0.0233220719,-0.0569872037,0.719050705,-0.578596175,-0.0514435433,-0.398923635,-0.0905324072,0.0996987373,0.357845485,-0.246329069,-0.0504270419,-0.0355183259,0.13259235,-0.0632228628,0.0393228531,0.353870541,0.0707122535,0.77732116,0.133461833,-0.110330351,0.0603636652,0.383584559,-0.280153215,-0.00712721422,0.89053762,-0.094199352,0.0556011908,0.0111325439,0.0706718937,0.0233220719,-0.0569872037,0.719050705,-0.578596175,-0.0514435433,-0.398923635,-0.0905324072,0.0996987373,0.357845485,-0.246329069,-0.0504270419,-0.0355183259,0.13259235,-0.0632228628,0.0393228531,0.353870541,0.0707122535,0.77732116,0.133461833,-0.110330351,0.0603636615,0.383584559,-0.280153215,-0.00712721422,0.89053762,-0.094199352,0.0556011908,0.0111325439,0.0706719011,0.0233220719,-0.0569872037,0.719050705,-0.578596175,-0.0514435433,-0.398923635,-0.0905324072,0.0996987373,0.357845485,-0.246329069,-0.0504270419,-0.0355183259,0.13259235,-0.0632228628,0.0393228531,0.353870541,0.0707122535,0.77732116,0.133461833,-0.110330351,0.0603636652,0.383584559,-0.280153215,-0.00712721422,0.89053762,-0.094199352,0.0556011908,0.0111325439
2.83594566,3188553.35,0,0,0.0154478843,2.20402144e-05,1,0.0995472074,0,1,0.664010763,0.0144774485,0.00825449917,0.747537255,-0.178855866,0.0185855795,-0.571746767,0.999952734,-0.0275572948,-0.999967575,-0.380458981,-0.0168857984,-0.0267388932,0.77325809,-0.554327428,-0.0357678123,0.0477604941,0.00773006398,0.0910614133,0.473824292,-0.508231401,-0.0385165773,0.0944570377,0.00307903509,0.00657843705,0.548506916,0.185590342,0.0355338044,1.10519707,0.133431509,0.112517059,0.00167631684,0.1665878,-0.266629547,-0.00970369298,0.875742674,-0.0856587961,0.0353402384,0.0170819703,-0.521590889,0.257285833,-1.1590606,-5.34933043,-0.5456568,-0.227350041,1.43396342,-0.0321949758,0.0284843631,-0.72427249,-0.0503207892,0.816187203,-0.228808254,-0.137416288,0.2993204,0.847702563,0.438432574,0.673057556,-0.377618223,-0.434334487,1.49677086,0.370514959,-0.117733382,0.485795856,0.357854515,-1.8309381,-0.272980839,0.236565471,-0.0774016827,0.0706719011,0.0233220719,-0.0569872037,0.719050705,-0.578596175,-0.0514435433,-0.398923635,-0.0905324072,0.0996987373,0.357845485,-0.246329069,-0.0504270419,-0.0355183259,0.13259235,-0.0632228628,0.0393228531,0.353870541,0.0707122535,0.77732116,0.133461833,-0.110330351,0.0603636652,0.383584559,-0.280153215,-0.00712721422,0.89053762,-0.094199352,0.0556011908,0.0111325439,0.0706718937,0.0233220719,-0.0569872037,0.719050705,-0.578596175,-0.0514435433,-0.398923635,-0.0905324072,0.0996987373,0.357845485,-0.246329069,-0.0504270419,-0.0355183259,0.13259235,-0.0632228628,0.0393228531,0.353870541,0.0707122535,0.77732116,0.133461833,-0.110330351,0.0603636615,0.383584559,-0.280153215,-0.00712721422,0.89053762,-0.094199352,0.0556011908,0.0111325439,0.0706719011,0.0233220719,-0.0569872037,0.719050705,-0.578596175,-0.0514435433,-0.398923635,-0.0905324072,0.0996987373,0.357845485,-0.246329069,-0.0504270419,-0.0355183259,0.13259235,-0.0632228628,0.0393228531,0.353870541,0.0707122535,0.77732116,0.133461833,-0.110330351,0.0603636652,0.383584559,-0.280153215,-0.00712721422,0.89053762,-0.094199352,0.0556011908,0.0111325439
2.84691256,3188553.36,0,0,0.00640576659,4.39397991e-06,1,0.107921194,0.149211168,1,0.666014373,0.0129851112,0.00730457949,0.745790124,-0.462233245,0.133842006,-0.504201591,0.999957204,-0.0275573134,-0.999967575,-0.383484304,-0.0119561991,-0.0387252159,0.720872819,-0.560407877,-0.037738923,0.0585494153,0.00892393384,0.0886881053,0.472190261,-0.509789228,-0.0311930198,0.0900940076,0.0038464379,0.00879852474,0.555644095,0.189305529,0.0413773283,1.10022688,0.128839403,0.131755516,0.0052031111,0.166739985,-0.262488365,-0.00618511019,0.857954443,-0.0875480846,0.0367896371,0.0163292363,-0.218468428,0.66045332,-1.20843446,-4.95297623,-0.639282346,-0.177075088,0.868455708,0.257101208,-0.337887526,0.164519444,-0.254179865,0.537061989,-0.546471357,0.231326669,0.175111979,0.596550345,0.334175557,0.524032533,-0.550248742,-0.450385571,2.19642949,0.335230708,0.108738944,0.362693399,0.32842353,-1.7096349,-0.140468195,0.0882396847,-0.0706948414,0.111025527,0.0488997623,-0.0720081851,0.62084496,-0.560016036,-0.0528645366,-0.389834493,0.0130406618,0.0271551944,0.507056653,-0.13816303,0.0356134064,-0.0609632842,0.180906743,-0.146171182,0.0635553598,0.322051406,0.0528836027,0.776367188,0.132284805,-0.111743651,0.0490128547,0.440972328,-0.304680467,-0.0110864788,0.903288543,-0.0959452316,0.0509008765,-0.00247840583,0.111025535,0.0488997623,-0.0720081851,0.62084496,-0.560016036,-0.0528645366,-0.389834493,0.0130406618,0.0271551944,0.507056653,-0.13816303,0.0356134064,-0.0609632842,0.180906743,-0.146171182,0.0635553598,0.322051406,0.0528836027,0.776367188,0.132284805,-0.111743651,0.049012851,0.440972328,-0.304680467,-0.0110864779,0.903288543,-0.0959452316,0.0509008765,-0.00247840583,0.111025527,0.0488997623,-0.0720081851,0.62084496,-0.560016036,-0.0528645366,-0.389834493,0.0130406618,0.0271551944,0.507056653,-0.13816303,0.0356134064,-0.0609632842,0.180906743,-0.146171182,0.0635553598,0.322051406,0.0528836027,0.776367188,0.132284805,-0.111743651,0.0490128547,0.440972328,-0.304680467,-0.0110864788,0.903288543,-0.0959452316,0.0509008765,-0.00247840583
2.85795232,3188553.37,0,0,0.0174455266,4.47686762e-06,1,0.107921194,0,1,0.668527663,0.00938009284,0.0047894679,0.743612647,-0.569396734,0.0335036404,-0.384970486,0.999960423,-0.0275573134,-0.999967575,-0.386123061,0.00256066723,-0.0419949219,0.697449148,-0.509215713,-0.0445806049,0.0557269603,0.0134832626,0.072940886,0.504282057,-0.51216507,-0.0207720138,0.0782590806,0.00994750764,0.0112532042,0.560542047,0.192868292,0.0461076424,1.09207511,0.12249516,0.16951026,0.00929813087,0.169366151,-0.258502811,-0.00150741846,0.839452326,-0.0891593024,0.0354885384,0.0118495543,0.0254180152,0.940039039,0.106534362,-0.0804253221,4.145895,-0.389391333,-0.601410449,0.227563307,-1.49331439,3.35232997,-0.103168167,0.781131625,-1.05371118,0.399969369,0.29466483,0.0862439498,0.260721773,0.221546635,-0.544124305,-0.401101023,3.05743599,0.241069555,0.281052172,0.29661727,0.276913464,-0.969123304,-0.0940830186,-0.184407711,-0.413628399,0.111025527,0.0488997623,-0.0720081851,0.62084496,-0.560016036,-0.0528645366,-0.389834493,0.0130406618,0.0271551944,0.507056653,-0.13816303,0.0356134064,-0.0609632842,0.180906743,-0.146171182,0.0635553598,0.322051406,0.0528836027,0.776367188,0.132284805,-0.111743651,0.0490128547,0.440972328,-0.304680467,-0.0110864788,0.903288543,-0.0959452316,0.0509008765,-0.00247840583,0.111025535,0.0488997623,-0.0720081851,0.62084496,-0.560016036,-0.0528645366,-0.389834493,0.0130406618,0.0271551944,0.507056653,-0.13816303,0.0356134064,-0.0609632842,0.180906743,-0.146171182,0.0635553598,0.322051406,0.0528836027,0.776367188,0.132284805,-0.111743651,0.049012851,0.440972328,-0.304680467,-0.0110864779,0.903288543,-0.0959452316,0.0509008765,-0.00247840583,0.111025527,0.0488997623,-0.0720081851,0.62084496,-0.560016036,-0.0528645366,-0.389834493,0.0130406618,0.0271551944,0.507056653,-0.13816303,0.0356134064,-0.0609632842,0.180906743,-0.146171182,0.0635553598,0.322051406,0.0528836027,0.776367188,0.132284805,-0.111743651,0.0490128547,0.440972328,-0.304680467,-0.0110864788,0.903288543,-0.0959452316,0.0509008765,-0.00247840583
2.86894407,3188553.39,0,0,0.0084157302,2.24062242e-05,1,0.128048006,0.153261304,1,0.67030406,0.00800882932,0.00356079638,0.742034793,-0.223139331,0.137438521,-0.691051722,0.999962687,-0.0275573134,-0.999967575,-0.383753538,0.00951602496,-0.0390985236,0.701110482,-0.471005917,-0.0476509891,0.0439986102,0.0134420525,0.0577726364,0.548949718,-0.511844277,-0.011907299,0.0681997836,0.0115183201,0.0138352476,0.558884382,0.196177214,0.0475358628,1.08739936,0.11994148,0.202961519,0.0108920252,0.173860148,-0.254748851,0.000226685559,0.83395654,-0.0902252346,0.0319361836,0.00656758109,0.317387581,0.626517892,0.521036208,0.421966612,3.72128844,-0.322316259,-1.90810776,-0.168322891,-1.48346758,5.62275171,0.183964849,1.0307405,-0.838424206,-0.0250054095,0.115039811,-0.269653648,0.366530269,0.106873594,-0.440922767,-0.126154885,3.47952032,0.100438014,0.55109632,0.42779392,0.108044073,-0.242875919,-0.140050486,-0.573659003,-0.682317078,0.0975768119,0.132567093,-0.121036135,0.537324309,-0.627741754,-0.0780910477,-0.392097831,0.0536106564,-0.00275038928,0.660317957,-0.168817386,0.0940011069,-0.0603444688,0.212872788,-0.174397886,0.14724946,0.294430107,0.043560639,0.796499431,0.150036976,-0.114478096,0.0399054885,0.432755113,-0.327112913,-0.0228834152,0.909114718,-0.0996888131,0.0270360187,-0.0202074703,0.0975768045,0.132567093,-0.121036135,0.537324309,-0.627741754,-0.0780910477,-0.392097831,0.0536106564,-0.00275038928,0.660317957,-0.168817386,0.0940011069,-0.0603444688,0.212872788,-0.174397886,0.14724946,0.294430107,0.0435606427,0.796499431,0.150036976,-0.114478096,0.0399054885,0.432755113,-0.327112913,-0.0228834171,0.909114718,-0.0996888131,0.0270360187,-0.0202074703,0.0975768119,0.132567093,-0.121036135,0.537324309,-0.627741754,-0.0780910477,-0.392097831,0.0536106564,-0.00275038928,0.660317957,-0.168817386,0.0940011069,-0.0603444688,0.212872788,-0.174397886,0.14724946,0.294430107,0.043560639,0.796499431,0.150036976,-0.114478096,0.0399054885,0.432755113,-0.327112913,-0.0228834152,0.909114718,-0.0996888131,0.0270360187,-0.0202074703
2.87994204,3188553.4,0,0,0.019413698,2.13328749e-05,1,0.128048006,0,1,0.672452986,0.00752039393,0.00336727849,0.740094006,-0.079255037,-0.0419142991,-0.694647074,0.999964297,-0.0275573134,-0.999967575,-0.378956944,0.0132691227,-0.0348856077,0.703968167,-0.44333753,-0.0500557423,0.0266472027,0.0106922798,0.0445001088,0.59867841,-0.506943643,-0.00531772943,0.0612751618,0.0104610929,0.0151358638,0.5554775,0.199152425,0.0480366647,1.08432269,0.119984247,0.231796622,0.0113420216,0.179206878,-0.251266271,0.000734492321,0.834250271,-0.0914404988,0.0265224744,0.00059267343,0.804512322,0.366262108,0.474546403,0.304393947,3.27121544,-0.278282464,-2.16574073,-0.441412568,-1.81865656,6.33643913,0.935783505,0.591792762,-0.923519909,-0.166017234,0.232817575,-0.526413143,0.36643371,0.0427320302,-0.344579339,0.07934957,3.67253041,0.0350931101,0.746656895,0.424718499,0.0437477417,0.175115675,-0.150513723,-0.690807104,-0.749835193,0.0975768119,0.132567093,-0.121036135,0.537324309,-0.627741754,-0.0780910477,-0.392097831,0.0536106564,-0.00275038928,0.660317957,-0.168817386,0.0940011069,-0.0603444688,0.212872788,-0.174397886,0.14724946,0.294430107,0.043560639,0.796499431,0.150036976,-0.114478096,0.0399054885,0.432755113,-0.327112913,-0.0228834152,0.909114718,-0.0996888131,0.0270360187,-0.0202074703,0.0975768045,0.132567093,-0.121036135,0.537324309,-0.627741754,-0.0780910477,-0.392097831,0.0536106564,-0.00275038928,0.660317957,-0.168817386,0.0940011069,-0.0603444688,0.212872788,-0.174397886,0.14724946,0.294430107,0.0435606427,0.796499431,0.150036976,-0.114478096,0.0399054885,0.432755113,-0.327112913,-0.0228834171,0.909114718,-0.0996888131,0.0270360187,-0.0202074703,0.0975768119,0.132567093,-0.121036135,0.537324309,-0.627741754,-0.0780910477,-0.392097831,0.0536106564,-0.00275038928,0.660317957,-0.168817386,0.0940011069,-0.0603444688,0.212872788,-0.174397886,0.14724946,0.294430107,0.043560639,0.796499431,0.150036976,-0.114478096,0.0399054885,0.432755113,-0.327112913,-0.0228834152,0.909114718,-0.0996888131,0.0270360187,-0.0202074703
2.89091277,3188553.41,0,0,0.0103920558,4.39491123e-06,1,0.122000929,0.11869818,1,0.675402939,0.00795353297,0.00269903033,0.737401068,0.00161093508,-0.0374648124,-0.745582223,0.999965608,-0.0275573134,-0.999967575,-0.36558488,0.0160274133,-0.030324867,0.705889702,-0.410359383,-0.0533995405,0.000431227352,0.00358931627,0.0210910402,0.675924063,-0.487902373,0.00119136646,0.049148418,0.00817616098,0.0174388811,0.547669232,0.203203842,0.0485210307,1.08132303,0.123569094,0.276428312,0.0110349208,0.191070288,-0.247083634,0.00098315021,0.839590192,-0.0927454233,0.0179977398,-0.00710461708,1.14060974,0.205931962,0.416738987,0.0863962397,2.31466103,-0.350755423,-2.56029248,-0.690844476,-1.89780223,6.88181686,1.94875777,0.883177161,-1.02407968,-0.232472196,-0.0201233458,-0.621767104,0.30431205,0.0631896779,-0.196288615,0.519202173,3.62603045,-0.0811228231,1.12510753,0.283526331,0.0102957916,0.669076383,-0.0606272481,-0.854355633,-0.535302401,0.0443528146,0.216667116,-0.178023487,0.493317544,-0.684991419,-0.105697416,-0.391950428,0.0349235944,-0.0215423666,0.779016137,-0.285007536,0.0947706178,-0.0631761551,0.221444353,-0.145739451,0.224095106,0.284103662,0.0436432138,0.83270359,0.171020329,-0.100453287,0.0357223004,0.403517663,-0.346853197,-0.0309890285,0.905431151,-0.0909185484,0.00299677416,-0.0215439443,0.044352822,0.216667116,-0.178023502,0.493317544,-0.684991419,-0.105697416,-0.391950428,0.0349235944,-0.0215423666,0.779016137,-0.285007536,0.0947706178,-0.0631761551,0.221444353,-0.145739451,0.224095106,0.284103662,0.0436432138,0.83270359,0.171020329,-0.100453287,0.0357223041,0.403517663,-0.346853197,-0.0309890248,0.905431151,-0.0909185484,0.00299677439,-0.0215439443,0.0443528146,0.216667116,-0.178023487,0.493317544,-0.684991419,-0.105697416,-0.391950428,0.0349235944,-0.0215423666,0.779016137,-0.285007536,0.0947706178,-0.0631761551,0.221444353,-0.145739451,0.224095106,0.284103662,0.0436432138,0.83270359,0.171020329,-0.100453287,0.0357223004,0.403517663,-0.346853197,-0.0309890285,0.905431151,-0.0909185484,0.00299677416,-0.0215439443
2.90094787,3188553.42,0,0,0.000459514093,2.10823491e-05,1,0.0985148363,0.153589427,1,0.678554296,0.0084126154,0.00196967693,0.734499454,-0.0989271924,-0.255068272,-0.665036976,0.999966204,-0.0275573134,-0.999967575,-0.348869234,0.0185135677,-0.0264690593,0.705584586,-0.387586802,-0.0579853281,-0.0285406727,-0.00355320354,0.00081961276,0.754401982,-0.455393016,0.0130823562,0.0353969485,0.00617018063,0.0172165316,0.540236712,0.206376046,0.0489242449,1.07969463,0.131862819,0.317463785,0.00959137361,0.206759393,-0.245198071,0.000947764376,0.849294603,-0.0930401832,0.00787937082,-0.0118213892,1.61157107,0.22664763,0.225054964,-0.115967289,1.66053641,-0.380781442,-2.14602542,-0.480659485,-1.55453706,6.17601538,2.64936686,0.786845624,-1.22074938,-0.0870142803,0.00711839646,-0.629233479,0.242359042,0.0161077809,-0.0913768187,0.772491992,3.27188659,-0.135915458,1.47245562,0.0664741248,-0.0225420091,0.859252989,-0.0085747065,-0.75233686,-0.30493623,0.0443528146,0.216667116,-0.178023487,0.493317544,-0.684991419,-0.105697416,-0.391950428,0.0349235944,-0.0215423666,0.779016137,-0.285007536,0.0947706178,-0.0631761551,0.221444353,-0.145739451,0.224095106,0.284103662,0.0436432138,0.83270359,0.171020329,-0.100453287,0.0357223004,0.403517663,-0.346853197,-0.0309890285,0.905431151,-0.0909185484,0.00299677416,-0.0215439443,-0.0269895718,0.255777329,-0.217859015,0.449198157,-0.714070201,-0.0767010003,-0.403269291,-0.00799288228,-0.0334293172,0.8598243,-0.438596964,0.0749224871,-0.0648108423,0.229407355,-0.0778616443,0.262852371,0.267228842,0.0343049988,0.869898438,0.179282442,-0.0714349523,0.0283244289,0.387950867,-0.346861541,-0.0347798541,0.898383617,-0.0760897398,-0.00165384798,-0.00425847713,-0.0269895643,0.255777329,-0.217859,0.449198157,-0.714070201,-0.0767010003,-0.403269291,-0.00799288228,-0.0334293172,0.8598243,-0.438596964,0.0749224871,-0.0648108423,0.229407355,-0.0778616443,0.262852371,0.267228842,0.0343049988,0.869898438,0.179282442,-0.0714349523,0.0283244252,0.387950867,-0.346861541,-0.0347798541,0.898383617,-0.0760897398,-0.00165384798,-0.00425847713
2.91194162,3188553.43,0,0,0.0114532672,2.12453306e-05,1,0.0985148363,0,1,0.681024015,0.00870054308,0.00070677331,0.732209027,-0.146260798,-0.0777117983,-0.713853002,0.99996686,-0.0275573134,-0.999967575,-0.331985593,0.0211358406,-0.0247987658,0.703201771,-0.373053312,-0.0611918196,-0.0491411872,-0.00622409768,-0.0116934832,0.807972133,-0.434749663,0.02288514,0.0231577326,0.00588281872,0.0156207914,0.534417748,0.208840594,0.0487984121,1.07930803,0.140026957,0.347653657,0.00817075744,0.223861262,-0.245426208,0.000122309881,0.857922256,-0.0920154676,0.00197023945,-0.012998594,1.60992944,0.252197832,0.162158251,-0.329864681,1.34968936,-0.250501633,-2.26717353,-0.210980922,-1.1234746,5.11814642,0.89307344,0.987674952,-1.20809138,-0.0342785902,-0.386561036,-0.509171486,0.253645271,-0.0410631038,0.00679598236,0.845590353,2.78448558,-0.149366811,1.85801232,-0.0767124444,-0.137537688,0.848033786,0.25051111,-0.494962126,0.078427732,-0.0269895643,0.255777329,-0.217859,0.449198157,-0.714070201,-0.0767010003,-0.403269291,-0.00799288228,-0.0334293172,0.8598243,-0.438596964,0.0749224871,-0.0648108423,0.229407355,-0.0778616443,0.262852371,0.267228842,0.0343049988,0.869898438,0.179282442,-0.0714349523,0.0283244252,0.387950867,-0.346861541,-0.0347798541,0.898383617,-0.0760897398,-0.00165384798,-0.00425847713,-0.0269895718,0.255777329,-0.217859015,0.449198157,-0.714070201,-0.0767010003,-0.403269291,-0.00799288228,-0.0334293172,0.8598243,-0.438596964,0.0749224871,-0.0648108423,0.229407355,-0.0778616443,0.262852371,0.267228842,0.0343049988,0.869898438,0.179282442,-0.0714349523,0.0283244289,0.387950867,-0.346861541,-0.0347798541,0.898383617,-0.0760897398,-0.00165384798,-0.00425847713,-0.0269895643,0.255777329,-0.217859,0.449198157,-0.714070201,-0.0767010003,-0.403269291,-0.00799288228,-0.0334293172,0.8598243,-0.438596964,0.0749224871,-0.0648108423,0.229407355,-0.0778616443,0.262852371,0.267228842,0.0343049988,0.869898438,0.179282442,-0.0714349523,0.0283244252,0.387950867,-0.346861541,-0.0347798541,0.898383617,-0.0760897398,-0.00165384798,-0.00425847713
2.92194472,3188553.44,0,0,0.00142806815,2.20299698e-05,1,0.116655137,0.0694156885,1,0.683580756,0.00853087101,5.55477345e-05,0.72982502,-0.112956025,-0.103983201,-0.693442047,0.999967456,-0.0275573134,-0.999967575,-0.316013306,0.0243930481,-0.0219297577,0.702229679,-0.37404269,-0.0624006279,-0.0717039108,-0.00741286343,-0.0213678088,0.850764334,-0.430480838,0.031915687,0.0109264301,0.0051722941,0.011455873,0.529323518,0.211771607,0.0478622355,1.07991099,0.148143888,0.371820033,0.00686153909,0.243744269,-0.246681571,-0.00191828806,0.866270006,-0.0886131972,-0.00149847229,-0.0107774958,1.66240084,0.368754089,0.350866705,-0.0355795957,-0.784055948,-0.0667162836,-2.18265176,-0.0496512838,-0.863509893,3.64621806,0.29391548,0.824765444,-1.21108806,-0.0838207379,-0.381726503,-0.526701987,0.319179058,-0.130861193,0.0860787481,0.772576749,2.17620873,-0.110392265,2.06846595,-0.16458787,-0.238592952,0.823192179,0.356846213,-0.250349462,0.268495142,-0.0638421029,0.289112598,-0.242127806,0.422103584,-0.712528408,-0.0215976685,-0.412411094,-0.0558169559,-0.0432723947,0.908424318,-0.508012652,0.0568568856,-0.0626796186,0.24192515,-0.0276590548,0.273889929,0.256379396,0.0257523805,0.886512101,0.173713282,-0.0391667634,0.0210089013,0.386086881,-0.336216897,-0.0457247347,0.893909872,-0.0685193315,-0.000155165792,0.0117871985,-0.0638421029,0.289112598,-0.242127806,0.422103584,-0.712528408,-0.0215976667,-0.412411094,-0.0558169559,-0.0432723947,0.908424318,-0.508012652,0.0568568893,-0.0626796186,0.24192515,-0.0276590548,0.273889929,0.256379396,0.0257523805,0.886512101,0.173713282,-0.0391667597,0.0210089032,0.386086881,-0.336216897,-0.0457247347,0.893909872,-0.0685193315,-0.000155165792,0.0117871966,-0.0638421029,0.289112598,-0.242127806,0.422103584,-0.712528408,-0.0215976685,-0.412411094,-0.0558169559,-0.0432723947,0.908424318,-0.508012652,0.0568568856,-0.0626796186,0.24192515,-0.0276590548,0.273889929,0.256379396,0.0257523805,0.886512101,0.173713282,-0.0391667634,0.0210089013,0.386086881,-0.336216897,-0.0457247347,0.893909872,-0.0685193315,-0.000155165792,0.0117871985
2.93294196,3188553.45,0,0,0.0124253142,2.17049383e-05,1,0.116655137,0,1,0.686859965,0.00869538262,-0.000397989614,0.726737678,0.0340622924,-0.0158170741,-0.796722651,0.999967575,-0.0275573134,-0.999967575,-0.294959098,0.0288472716,-0.0159991924,0.700046659,-0.38912192,-0.0619500913,-0.0992920399,-0.00877648592,-0.0314690433,0.887053549,-0.435042232,0.0385248587,-0.00216290075,0.00334490021,0.00649679871,0.522683501,0.216456383,0.0450331531,1.08152711,0.155681267,0.392450958,0.00605192874,0.27044335,-0.249169961,-0.00664907135,0.875532806,-0.0839348212,-0.00297864759,-0.00564775756,1.78590858,0.337141812,0.603100836,-0.344095469,-1.41064656,0.124747798,-2.5031848,-0.267996758,-0.943906009,2.8529923,-1.05372846,0.303254813,-0.99495846,-0.218587369,-0.465346754,-0.574149251,0.447517276,-0.326348007,0.181556761,0.497514188,1.36039746,-0.0411629044,2.3307817,-0.223839968,-0.561863244,0.717929304,0.441728801,-0.0609892271,0.608132839,-0.0638421029,0.289112598,-0.242127806,0.422103584,-0.712528408,-0.0215976685,-0.412411094,-0.0558169559,-0.0432723947,0.908424318,-0.508012652,0.0568568856,-0.0626796186,0.24192515,-0.0276590548,0.273889929,0.256379396,0.0257523805,0.886512101,0.173713282,-0.0391667634,0.0210089013,0.386086881,-0.336216897,-0.0457247347,0.893909872,-0.0685193315,-0.000155165792,0.0117871985,-0.0638421029,0.289112598,-0.242127806,0.422103584,-0.712528408,-0.0215976667,-0.412411094,-0.0558169559,-0.0432723947,0.908424318,-0.508012652,0.0568568893,-0.0626796186,0.24192515,-0.0276590548,0.273889929,0.256379396,0.0257523805,0.886512101,0.173713282,-0.0391667597,0.0210089032,0.386086881,-0.336216897,-0.0457247347,0.893909872,-0.0685193315,-0.000155165792,0.0117871966,-0.0638421029,0.289112598,-0.242127806,0.422103584,-0.712528408,-0.0215976685,-0.412411094,-0.0558169559,-0.0432723947,0.908424318,-0.508012652,0.0568568856,-0.0626796186,0.24192515,-0.0276590548,0.273889929,0.256379396,0.0257523805,0.886512101,0.173713282,-0.0391667634,0.0210089013,0.386086881,-0.336216897,-0.0457247347,0.893909872,-0.0685193315,-0.000155165792,0.0117871985
2.94391232,3188553.46,0,0,0.00339824706,4.25102189e-06,1,0.114514958,0.0415765047,1,0.689646244,0.00897425599,-0.000409280619,0.724090695,0.0135167334,-0.0735636353,-0.74219358,0.999967575,-0.0275573134,-0.999967575,-0.276031464,0.0321812108,-0.0100962603,0.694993556,-0.403522998,-0.0605572797,-0.124506325,-0.0116512869,-0.0414795354,0.910326898,-0.444779277,0.0410033874,-0.011779746,0.00151134469,0.00255709048,0.51662159,0.221164405,0.0415285677,1.08340216,0.159655109,0.401809245,0.00582137052,0.294411749,-0.252130955,-0.012939374,0.882363915,-0.0798065513,-0.0031300548,0.000550013443,1.96350288,0.341598332,0.56238389,-0.602201998,-1.4350661,0.133057311,-2.5076139,-0.258648425,-1.00305295,1.93286145,-0.865994036,0.24417223,-0.944484413,-0.141184077,-0.340915322,-0.620182216,0.479860038,-0.346682608,0.174323961,0.345420331,0.659184694,-0.0144620361,2.43269181,-0.353589833,-0.640051603,0.668519616,0.37523216,0.015055351,0.582947135,-0.0880058035,0.298537016,-0.243098557,0.40985626,-0.670951903,0.00897476822,-0.416468114,-0.0789838731,-0.0473470725,0.93299526,-0.518215299,0.0366769172,-0.0540201999,0.25511837,0.0054230839,0.275280237,0.261067957,0.0217458084,0.892398,0.170228764,-0.0156682134,0.0198386163,0.374513298,-0.313245058,-0.0510650948,0.89093411,-0.0630062148,0.00525967032,0.0251570083,-0.0880058035,0.298537016,-0.243098557,0.40985626,-0.670951903,0.00897477102,-0.416468114,-0.0789838731,-0.0473470725,0.93299526,-0.518215239,0.0366769172,-0.0540201999,0.25511837,0.0054230839,0.275280237,0.261067957,0.0217458103,0.892398,0.170228764,-0.0156682115,0.0198386163,0.374513298,-0.313245058,-0.0510650948,0.89093411,-0.0630062148,0.00525967032,0.0251570083,-0.0880058035,0.298537016,-0.243098557,0.40985626,-0.670951903,0.00897476822,-0.416468114,-0.0789838731,-0.0473470725,0.93299526,-0.518215299,0.0366769172,-0.0540201999,0.25511837,0.0054230839,0.275280237,0.261067957,0.0217458084,0.892398,0.170228764,-0.0156682134,0.0198386163,0.374513298,-0.313245058,-0.0510650948,0.89093411,-0.0630062148,0.00525967032,0.0251570083
2.95491214,3188553.47,0,0,0.0143980691,4.12482768e-06,1,0.114514958,0,1,0.693018436,0.00936267991,-0.000418303709,0.720858932,0.0512947701,-0.0407740362,-0.785971045,0.999967575,-0.0275573134,-0.999967575,-0.251652658,0.0361574292,-0.00270202779,0.685246646,-0.419350147,-0.0585018322,-0.156571984,-0.0152131431,-0.0532078445,0.929619849,-0.455795228,0.0418750606,-0.0210575741,-5.06218166e-05,-0.00115440926,0.508632839,0.227624744,0.0370337702,1.08474028,0.1624282,0.404512286,0.00573545648,0.324310958,-0.256727129,-0.0219830181,0.890002728,-0.0753314048,-0.00141239993,0.00829515979,2.06859279,0.317819208,0.634229422,-0.945620358,-1.22369349,0.196020707,-2.78586221,-0.327400804,-0.973124981,1.41121352,-0.934569478,-0.0139799686,-0.664587677,-0.115868405,-0.27442047,-0.705345154,0.578330278,-0.385370553,0.0635593981,0.154536501,-0.0829148293,-0.00343561033,2.5131712,-0.395762593,-0.827580988,0.621963978,0.374026567,0.236645296,0.688826621,-0.0880058035,0.298537016,-0.243098557,0.40985626,-0.670951903,0.00897476822,-0.416468114,-0.0789838731,-0.0473470725,0.93299526,-0.518215299,0.0366769172,-0.0540201999,0.25511837,0.0054230839,0.275280237,0.261067957,0.0217458084,0.892398,0.170228764,-0.0156682134,0.0198386163,0.374513298,-0.313245058,-0.0510650948,0.89093411,-0.0630062148,0.00525967032,0.0251570083,-0.0880058035,0.298537016,-0.243098557,0.40985626,-0.670951903,0.00897477102,-0.416468114,-0.0789838731,-0.0473470725,0.93299526,-0.518215239,0.0366769172,-0.0540201999,0.25511837,0.0054230839,0.275280237,0.261067957,0.0217458103,0.892398,0.170228764,-0.0156682115,0.0198386163,0.374513298,-0.313245058,-0.0510650948,0.89093411,-0.0630062148,0.00525967032,0.0251570083,-0.0880058035,0.298537016,-0.243098557,0.40985626,-0.670951903,0.00897476822,-0.416468114,-0.0789838731,-0.0473470725,0.93299526,-0.518215299,0.0366769172,-0.0540201999,0.25511837,0.0054230839,0.275280237,0.261067957,0.0217458084,0.892398,0.170228764,-0.0156682134,0.0198386163,0.374513298,-0.313245058,-0.0510650948,0.89093411,-0.0630062148,0.00525967032,0.0251570083
2.96494511,3188553.48,0,0,0.00443476997,2.26907432e-05,1,0.111164991,0.0459794998,1,0.695602238,0.00966453366,-0.000541100453,0.718361914,0.0175864305,-0.0691584572,-0.735727787,0.999967575,-0.0275573134,-0.999967575,-0.230575636,0.0392693169,0.00283098849,0.674908936,-0.430679113,-0.0566136912,-0.184603408,-0.0179288406,-0.0625510439,0.940004766,-0.463896841,0.041414924,-0.027350774,-0.000542606693,-0.00304542831,0.501137614,0.233598128,0.0337473452,1.08507884,0.163624346,0.399605602,0.00573290465,0.349191368,-0.261087,-0.0299290512,0.896449089,-0.0721748695,0.00139159802,0.0144551797,2.1446805,0.316174537,0.569149673,-1.11887634,-1.06067169,0.186145559,-2.86119342,-0.228488147,-0.836926997,0.849647105,-0.694841266,-0.175080284,-0.525565207,-0.0289252065,-0.143460959,-0.79334414,0.616526604,-0.285487056,0.0297596455,0.12441463,-0.771284938,0.000659245183,2.47215843,-0.445906669,-0.784884334,0.666815758,0.253961772,0.283056319,0.595537663,-0.105586827,0.303279638,-0.221345633,0.389600307,-0.624972403,0.0145933256,-0.426841587,-0.0768826008,-0.0506300293,0.942457795,-0.508023977,0.0139781628,-0.0400897451,0.25442028,0.0393532142,0.278444886,0.251711786,0.0177137703,0.907573879,0.175013617,-0.00479690731,0.0160278529,0.354973614,-0.303622454,-0.0549212992,0.884931624,-0.0659535602,0.00129772839,0.0356169268,-0.105586827,0.303279638,-0.221345633,0.389600307,-0.624972403,0.0145933274,-0.426841587,-0.0768826008,-0.0506300293,0.942457795,-0.508023918,0.0139781628,-0.0400897451,0.25442028,0.0393532142,0.278444886,0.251711786,0.0177137703,0.907573879,0.175013617,-0.00479690637,0.0160278492,0.354973614,-0.303622454,-0.0549212992,0.884931624,-0.0659535602,0.00129772839,0.0356169268,-0.105586827,0.303279638,-0.221345633,0.389600307,-0.624972403,0.0145933256,-0.426841587,-0.0768826008,-0.0506300293,0.942457795,-0.508023977,0.0139781628,-0.0400897451,0.25442028,0.0393532142,0.278444886,0.251711786,0.0177137703,0.907573879,0.175013617,-0.00479690731,0.0160278529,0.354973614,-0.303622454,-0.0549212992,0.884931624,-0.0659535602,0.00129772839,0.0356169268
2.97594446,3188553.49,0,0,0.0154341222,2.20453367e-05,1,0.111164991,0,1,0.699120224,0.0100537166,-0.000554138154,0.714933217,0.0182164088,-0.0487274341,-0.77243495,0.999967575,-0.0275573134,-0.999967575,-0.204235971,0.0432004072,0.0107517913,0.659608841,-0.441794217,-0.054560706,-0.220849231,-0.0197191872,-0.0698495656,0.947509527,-0.469892979,0.0365946107,-0.0308114924,-0.000824012153,-0.00404044986,0.490805924,0.241370514,0.0313678198,1.08535683,0.165769801,0.384207785,0.00577070052,0.378070414,-0.266244471,-0.0391641483,0.904993057,-0.0705850124,0.00431383587,0.0218424127,2.18679762,0.322977394,0.607328713,-1.32129574,-0.853220701,0.145799533,-3.06343985,-0.0897449479,-0.540025532,0.39593482,-0.434050053,-0.364449382,-0.253238142,0.0167562105,-0.0378995612,-0.880641878,0.655914307,-0.131018385,0.0124701476,0.200412005,-1.65878952,0.0102708107,2.33478451,-0.435044646,-0.70580703,0.739474297,0.0767701119,0.226663768,0.573650956,-0.105586827,0.303279638,-0.221345633,0.389600307,-0.624972403,0.0145933256,-0.426841587,-0.0768826008,-0.0506300293,0.942457795,-0.508023977,0.0139781628,-0.0400897451,0.25442028,0.0393532142,0.278444886,0.251711786,0.0177137703,0.907573879,0.175013617,-0.00479690731,0.0160278529,0.354973614,-0.303622454,-0.0549212992,0.884931624,-0.0659535602,0.00129772839,0.0356169268,-0.105586827,0.303279638,-0.221345633,0.389600307,-0.624972403,0.0145933274,-0.426841587,-0.0768826008,-0.0506300293,0.942457795,-0.508023918,0.0139781628,-0.0400897451,0.25442028,0.0393532142,0.278444886,0.251711786,0.0177137703,0.907573879,0.175013617,-0.00479690637,0.0160278492,0.354973614,-0.303622454,-0.0549212992,0.884931624,-0.0659535602,0.00129772839,0.0356169268,-0.105586827,0.303279638,-0.221345633,0.389600307,-0.624972403,0.0145933256,-0.426841587,-0.0768826008,-0.0506300293,0.942457795,-0.508023977,0.0139781628,-0.0400897451,0.25442028,0.0393532142,0.278444886,0.251711786,0.0177137703,0.907573879,0.175013617,-0.00479690731,0.0160278529,0.354973614,-0.303622454,-0.0549212992,0.884931624,-0.0659535602,0.00129772839,0.0356169268
2.9869429,3188553.5,0,0,0.00642259698,2.15517357e-05,1,0.119856093,0.0918582678,1,0.701604784,0.0102724722,-0.000683153339,0.71249193,0.0511794202,-0.0501891449,-0.771763563,0.999967575,-0.0275573134,-0.999967575,-0.182409152,0.0461804159,0.0160684027,0.645910084,-0.449500114,-0.0535613,-0.251806229,-0.0202476438,-0.0746728927,0.949412882,-0.473539621,0.0324524902,-0.0333565176,-0.000355077354,-0.00379335135,0.481915087,0.248015538,0.0306700151,1.08559024,0.167939946,0.362819552,0.00606523734,0.400217444,-0.270605505,-0.0452187248,0.912620664,-0.0702354535,0.00623012939,0.027024053,2.24362588,0.283500671,0.632881224,-1.49716103,-0.678642988,0.0676462948,-3.18689203,-0.0484420471,-0.347045302,0.144493967,-0.240876526,-0.649482071,-0.131796733,0.00618881872,0.0569223799,-0.89943856,0.67872709,-0.0388306864,0.0624058433,0.263835043,-2.4864409,0.0313758403,2.117589,-0.417232871,-0.570384979,0.792690396,-0.00814880524,0.126888886,0.559872329,-0.110158138,0.322293669,-0.184096962,0.357837379,-0.533114135,0.0139195248,-0.447268784,-0.0770164281,-0.0547938757,0.949754059,-0.486629218,-0.00983697735,-0.0316499174,0.251972675,0.0692418814,0.290310502,0.22551173,0.0153608769,0.929431617,0.18280676,0.00477778912,0.00669682026,0.335028172,-0.312289178,-0.0611950085,0.878624558,-0.0773535743,-0.0119221462,0.0469376892,-0.110158138,0.322293669,-0.184096977,0.357837379,-0.533114135,0.0139195276,-0.447268784,-0.0770164281,-0.0547938757,0.949754059,-0.486629248,-0.00983697735,-0.0316499174,0.251972675,0.0692418814,0.290310502,0.225511715,0.0153608806,0.929431617,0.18280676,0.00477779424,0.00669682305,0.335028172,-0.312289178,-0.0611950047,0.878624558,-0.0773535743,-0.0119221462,0.0469376892,-0.110158138,0.322293669,-0.184096962,0.357837379,-0.533114135,0.0139195248,-0.447268784,-0.0770164281,-0.0547938757,0.949754059,-0.486629218,-0.00983697735,-0.0316499174,0.251972675,0.0692418814,0.290310502,0.22551173,0.0153608769,0.929431617,0.18280676,0.00477778912,0.00669682026,0.335028172,-0.312289178,-0.0611950085,0.878624558,-0.0773535743,-0.0119221462,0.0469376892
2.99791236,3188553.51,0,0,0.0173920561,4.27383929e-06,1,0.119856093,0,1,0.704469681,0.0107849594,-0.000542906637,0.709651887,0.0819935575,-0.0709613562,-0.760978401,0.999967575,-0.0275573134,-0.999967575,-0.159380734,0.0487742499,0.0229918417,0.629710138,-0.455294907,-0.0532534868,-0.284420937,-0.0206543244,-0.0769664422,0.949994028,-0.474725008,0.0252679531,-0.0339497626,-0.000523908588,-0.00254894956,0.473084778,0.254808903,0.030610146,1.08662474,0.171122819,0.33266601,0.00653412286,0.419576257,-0.274627298,-0.0502504297,0.920564353,-0.0707661137,0.00678241905,0.0329412743,2.30872846,0.242234692,0.650937915,-1.64657247,-0.538380623,0.0085057281,-3.26711178,-0.037012741,-0.218335837,-0.0295522753,-0.0686464533,-0.641377985,-0.0865275189,-0.00214734534,0.17776081,-0.861869633,0.673301339,0.0103345746,0.113176726,0.335405588,-3.35739708,0.0654921755,1.81217873,-0.400290072,-0.444264442,0.774054825,-0.0688676238,0.028159894,0.572550356,-0.110158138,0.322293669,-0.184096962,0.357837379,-0.533114135,0.0139195248,-0.447268784,-0.0770164281,-0.0547938757,0.949754059,-0.486629218,-0.00983697735,-0.0316499174,0.251972675,0.0692418814,0.290310502,0.22551173,0.0153608769,0.929431617,0.18280676,0.00477778912,0.00669682026,0.335028172,-0.312289178,-0.0611950085,0.878624558,-0.0773535743,-0.0119221462,0.0469376892,-0.110158138,0.322293669,-0.184096977,0.357837379,-0.533114135,0.0139195276,-0.447268784,-0.0770164281,-0.0547938757,0.949754059,-0.486629248,-0.00983697735,-0.0316499174,0.251972675,0.0692418814,0.290310502,0.225511715,0.0153608806,0.929431617,0.18280676,0.00477779424,0.00669682305,0.335028172,-0.312289178,-0.0611950047,0.878624558,-0.0773535743,-0.0119221462,0.0469376892,-0.110158138,0.322293669,-0.184096962,0.357837379,-0.533114135,0.0139195248,-0.447268784,-0.0770164281,-0.0547938757,0.949754059,-0.486629218,-0.00983697735,-0.0316499174,0.251972675,0.0692418814,0.290310502,0.22551173,0.0153608769,0.929431617,0.18280676,0.00477778912,0.00669682026,0.335028172,-0.312289178,-0.0611950085,0.878624558,-0.0773535743,-0.0119221462,0.0469376892
3.00794674,3188553.52,2,0,0.00744179497,2.32998282e-05,1,0.107213855,0.139070868,1,0.706636131,0.0112786265,-0.000655753596,0.707486928,0.0736900419,-0.0885284096,-0.602509022,0.999967575,-0.0275573134,-0.999967575,-0.13665776,0.0509665795,0.0279979613,0.613527954,-0.460401326,-0.0535557196,-0.316655248,-0.0210589897,-0.0796625242,0.948209047,-0.474757671,0.019347867,-0.0359753482,-4.18050404e-05,-4.2022195e-05,0.464918703,0.261419952,0.0309943389,1.08768225,0.17459619,0.294191897,0.007502425,0.435910165,-0.278600246,-0.0537665151,0.927735627,-0.0716381073,0.00677619874,0.037935473,2.2960763,0.191038847,0.515364826,-1.69059658,-0.450193286,-0.0584999397,-3.24611139,-0.0693647191,-0.239288732,-0.222686023,0.147940829,-0.728783369,-0.206153229,0.0241256021,0.268253773,-0.768989563,0.648283958,0.114743076,0.12706624,0.409127712,-4.20550108,0.0996545255,1.4941783,-0.387555897,-0.295090735,0.714065969,-0.156052038,-0.0569391884,0.498383403,-0.115729034,0.335568011,-0.132291839,0.318091273,-0.394043267,0.0111192316,-0.461876512,-0.0804208815,-0.0577544607,0.952778935,-0.45216608,-0.0388681516,-0.0270789713,0.244149789,0.0815944672,0.323348671,0.190903306,0.018499434,0.955682337,0.19364211,0.020544827,-0.00680953264,0.312244087,-0.329543442,-0.0649888068,0.877303362,-0.0890479311,-0.0240504444,0.0580555424,-0.115729034,0.335568011,-0.132291839,0.318091273,-0.394043267,0.0111192307,-0.461876512,-0.0804208815,-0.0577544607,0.952778935,-0.45216608,-0.0388681516,-0.0270789713,0.244149789,0.0815944672,0.323348671,0.190903321,0.0184994377,0.955682337,0.19364211,0.0205448307,-0.00680953823,0.312244087,-0.329543442,-0.0649888068,0.877303362,-0.0890479311,-0.0240504444,0.0580555461,-0.115729034,0.335568011,-0.132291839,0.318091273,-0.394043267,0.0111192316,-0.461876512,-0.0804208815,-0.0577544607,0.952778935,-0.45216608,-0.0388681516,-0.0270789713,0.244149789,0.0815944672,0.323348671,0.190903306,0.018499434,0.955682337,0.19364211,0.020544827,-0.00680953264,0.312244087,-0.329543442,-0.0649888068,0.877303362,-0.0890479311,-0.0240504444,0.0580555424
