elapsed_s,steady_s,event,reason_mask,result_age_s,frame_age_s,command_gain,inference_ms,peak_control_target_step_rad,ready,qw,qx,qy,qz,gx,gy,gz,cmd_x,cmd_y,cmd_yaw,q0,q1,q2,q3,q4,q5,q6,q7,q8,q9,q10,q11,q12,q13,q14,q15,q16,q17,q18,q19,q20,q21,q22,q23,q24,q25,q26,q27,q28,dq0,dq1,dq2,dq3,dq4,dq5,dq6,dq7,dq8,dq9,dq10,dq11,dq12,dq13,dq14,dq15,dq16,dq17,dq18,dq19,dq20,dq21,dq22,dq23,dq24,dq25,dq26,dq27,dq28,previous_target0,previous_target1,previous_target2,previous_target3,previous_target4,previous_target5,previous_target6,previous_target7,previous_target8,previous_target9,previous_target10,previous_target11,previous_target12,previous_target13,previous_target14,previous_target15,previous_target16,previous_target17,previous_target18,previous_target19,previous_target20,previous_target21,previous_target22,previous_target23,previous_target24,previous_target25,previous_target26,previous_target27,previous_target28,candidate0,candidate1,candidate2,candidate3,candidate4,candidate5,candidate6,candidate7,candidate8,candidate9,candidate10,candidate11,candidate12,candidate13,candidate14,candidate15,candidate16,candidate17,candidate18,candidate19,candidate20,candidate21,candidate22,candidate23,candidate24,candidate25,candidate26,candidate27,candidate28,applied0,applied1,applied2,applied3,applied4,applied5,applied6,applied7,applied8,applied9,applied10,applied11,applied12,applied13,applied14,applied15,applied16,applied17,applied18,applied19,applied20,applied21,applied22,applied23,applied24,applied25,applied26,applied27,applied28
0,3194371.16,1,0,0,2.82279216e-05,0,0,0,0,-0.976332486,0.0201492738,-0.00133527478,0.215330303,0.00243740086,-0.00195377204,-0.00367961568,0,-0,-0,-0.157475293,0.126322672,-0.0273373164,0.372063428,-0.210008264,-0.0934236646,-0.0774470493,0.0247468688,0.0528037176,0.22071299,-0.138995886,0.0298502352,0.014351923,0.0277396739,0.00683200825,0.328799993,0.398595244,0.13680318,0.884154618,0.158758059,0.103087783,0.00262261997,0.224621817,-0.289551228,0.0212967712,1.15700066,-0.0730007514,-0.221665621,0.0261058398,0.00374417193,-0.0220823511,-0.0215165894,0.00622772332,-0.0107831387,0.0131673031,0.000441310927,-0.0169024784,0.00309963478,0.000746494392,-0.00104977039,0.0176387466,-0.00324173528,-0.00126778602,-0.0035837139,-0.00356257707,-0.00394084258,-0.00225784257,-0.00390928425,-0.00780475419,-0.00563386735,0.00465362053,0.00596002815,0.00548157236,0.0269232728,-0.0265211239,0.0179730821,0.0414351746,-0.00167118397,-0.135374412,0.0717961714,-0.0263444241,0.324518025,-0.135458916,-0.126034677,-0.101097956,-0.000550401397,0.0571623072,0.206126675,0.0107107162,0.0315807723,0.0140042109,0.282629192,-0.00962744094,0.322271049,0.581840634,0.201731637,0.81284368,0.162212282,0.0750161111,0.0533734411,0.241865024,-0.333548903,0.0197451767,1.14456928,-0.0674116313,-0.221057504,0.0241262782,-0.135374412,0.0717961714,-0.0263444241,0.324518025,-0.135458916,-0.126034677,-0.101097956,-0.000550401397,0.0571623072,0.206126675,0.0107107162,0.0315807723,0.0140042109,0.282629192,-0.00962744094,0.322271049,0.581840634,0.201731637,0.81284368,0.162212282,0.0750161111,0.0533734411,0.241865024,-0.333548903,0.0197451767,1.14456928,-0.0674116313,-0.221057504,0.0241262782,-0.135374412,0.0717961714,-0.0263444241,0.324518025,-0.135458916,-0.126034677,-0.101097956,-0.000550401397,0.0571623072,0.206126675,0.0107107162,0.0315807723,0.0140042109,0.282629192,-0.00962744094,0.322271049,0.581840634,0.201731637,0.81284368,0.162212282,0.0750161111,0.0533734411,0.241865024,-0.333548903,0.0197451767,1.14456928,-0.0674116313,-0.221057504,0.0241262782
0.0109011219,3194371.17,0,0,0.0104406271,2.31107697e-05,0,0.137325842,1.16676092e-05,1,-0.97632885,0.020140579,-0.0013211862,0.215347648,0.00225673709,-0.00248833839,-0.00334668439,0,-0,-0,-0.157438114,0.126110494,-0.027556289,0.372122228,-0.210109293,-0.0932992697,-0.0774445832,0.0245870911,0.0528329201,0.220722422,-0.13900277,0.0300210435,0.0143207898,0.0277276952,0.00679728808,0.328769237,0.398555636,0.136780635,0.88411808,0.158681422,0.103033312,0.00266878773,0.224680513,-0.289496213,0.0215602536,1.15674472,-0.0728229955,-0.221259564,0.0260875095,0.00361769926,-0.020835368,-0.0223917365,0.00561411213,-0.00970258471,0.0119503578,8.4526866e-05,-0.0154946446,0.00269987644,0.00112876366,-0.00061871123,0.0168176927,-0.00308137573,-0.00117181358,-0.00339298835,-0.00288684154,-0.00401993748,-0.0022612894,-0.00346391182,-0.00755339395,-0.0054054237,0.00459940499,0.0064903181,0.00510631595,0.0283543989,-0.0277981348,0.0177345406,0.0448141061,-0.00204372872,-0.135366037,0.0717977732,-0.0263496898,0.324495763,-0.135467932,-0.126002774,-0.101110667,-0.000567442039,0.0571603924,0.20615606,0.0106868753,0.0315992832,0.0139933974,0.28260842,-0.00963012408,0.322271973,0.581825972,0.201713324,0.812847793,0.162213609,0.0749984831,0.053382732,0.241883248,-0.333549738,0.0197424628,1.14454448,-0.0674193576,-0.22103852,0.0241372101,-0.1027238,0.0780247152,-0.0468647294,0.237758249,-0.170600176,-0.00169124804,-0.150635347,-0.0669541061,0.0496991724,0.320636451,-0.0821934268,0.103708908,-0.028135594,0.201705649,-0.0200822242,0.325891376,0.524754763,0.130355045,0.828964353,0.167392448,0.00632037921,0.0895769745,0.312860668,-0.336838186,0.00916652009,1.04776824,-0.0975269079,-0.147101894,0.0667232499,-0.135362968,0.0717983544,-0.0263516158,0.324487627,-0.135471225,-0.125991106,-0.101115316,-0.000573671714,0.057159692,0.206166804,0.0106781591,0.0316060483,0.0139894439,0.28260082,-0.00963110477,0.322272331,0.581820607,0.201706618,0.812849343,0.1622141,0.0749920383,0.0533861294,0.241889909,-0.333550066,0.01974147,1.1445353,-0.0674221814,-0.221031591,0.0241412055
0.0209033429,3194371.18,0,0,0.000367029104,1.99549831e-05,0,0.154602807,4.65512276e-05,1,-0.976325691,0.0201332513,-0.00130481401,0.215362772,0.00202773442,-0.0030597134,-0.00307380292,0,-0,-0,-0.157402635,0.12590991,-0.0277845785,0.372175038,-0.210199252,-0.093186371,-0.0774457753,0.0244405698,0.0528573357,0.220736146,-0.139005616,0.0301834736,0.0142914867,0.0277166758,0.00676479936,0.328742653,0.398514539,0.136758029,0.884086251,0.158607244,0.102980733,0.00271456223,0.224746719,-0.289444953,0.0218376499,1.15647137,-0.0726482123,-0.220817834,0.0260661133,0.00353254308,-0.0194981471,-0.0230414886,0.0050719385,-0.00849784631,0.0108960606,-0.000253495615,-0.0140695004,0.00228602183,0.0015606581,-2.59771532e-05,0.0158340074,-0.00281811249,-0.00105310872,-0.0031492603,-0.00250980561,-0.00417432468,-0.00226197578,-0.00299256132,-0.00733438693,-0.00514771696,0.00457346346,0.00654692203,0.00533288624,0.0260927118,-0.0261333939,0.0172495041,0.0418369845,-0.00213413173,-0.135299355,0.0718104914,-0.0263915937,0.324318588,-0.135539696,-0.125748858,-0.101211824,-0.000703041733,0.0571451522,0.206389889,0.0104971603,0.03174657,0.013907345,0.282443166,-0.00965147279,0.322279364,0.581709385,0.20156756,0.812880754,0.162224188,0.0748582035,0.0534566604,0.242028221,-0.333556473,0.0197208598,1.14434671,-0.0674808547,-0.220887512,0.0242241956,-0.102737412,0.0780265331,-0.0470806696,0.237702727,-0.170734733,-0.00159448711,-0.150709584,-0.0670617968,0.0498711728,0.32008183,-0.0828953311,0.103964671,-0.0281217396,0.20162423,-0.019856086,0.325637072,0.525035024,0.13027297,0.828741789,0.167498857,0.00608124631,0.089649722,0.312793046,-0.336881638,0.00940502062,1.04751539,-0.0974471197,-0.146889761,0.066605255,-0.13528724,0.071812816,-0.0263998099,0.324286133,-0.135553136,-0.125702307,-0.101230465,-0.000728051527,0.0571428314,0.206431046,0.0104606971,0.0317741074,0.0138916932,0.282412827,-0.00965476129,0.322280049,0.581688881,0.201540768,0.812886119,0.162226409,0.0748319849,0.0534703359,0.242054477,-0.333557814,0.0197175592,1.14431,-0.0674918517,-0.220859408,0.0242397375
0.0318680699,3194371.19,0,0,0.0113317561,4.2039901e-06,0,0.154602807,0.000100754201,1,-0.976322711,0.0201276653,-0.00128558197,0.215376973,0.00187683688,-0.0037397875,-0.00287984102,0,-0,-0,-0.157366574,0.125722945,-0.0280172266,0.372221917,-0.210276097,-0.09308137,-0.0774507001,0.0243079849,0.0528777428,0.220756441,-0.139002562,0.0303361602,0.0142645398,0.0277066696,0.00673474697,0.328719676,0.398471177,0.136735141,0.88405931,0.158535093,0.102930561,0.00276081706,0.22481437,-0.289386243,0.0220540296,1.15622354,-0.0724804178,-0.220444888,0.0260464679,0.00371667277,-0.018240789,-0.0234139338,0.00435318798,-0.00711081363,0.0103470851,-0.000676635478,-0.0127940234,0.00185103086,0.00247254339,0.000444212259,0.0149549404,-0.00265410123,-0.000983403181,-0.00290810736,-0.00215894496,-0.00449719187,-0.0023264878,-0.00248675304,-0.00713202637,-0.00496776588,0.00469672494,0.00729842158,0.00622910867,0.0183198601,-0.0249895882,0.0164171513,0.0351047851,-0.0017862235,-0.135095477,0.0718494207,-0.0265216436,0.323776066,-0.135760397,-0.124971166,-0.101521954,-0.00111883343,0.0570999943,0.207100585,0.00991072319,0.032199394,0.0136441858,0.281936884,-0.00971485861,0.322299808,0.581355155,0.201120928,0.812979579,0.162257463,0.0744269639,0.0536834709,0.242471203,-0.333577394,0.0196568053,1.14373982,-0.0676683262,-0.220423639,0.0244893208,-0.102737412,0.0780265331,-0.0470806696,0.237702727,-0.170734733,-0.00159448711,-0.150709584,-0.0670617968,0.0498711728,0.32008183,-0.0828953311,0.103964671,-0.0281217396,0.20162423,-0.019856086,0.325637072,0.525035024,0.13027297,0.828741789,0.167498857,0.00608124631,0.089649722,0.312793046,-0.336881638,0.00940502062,1.04751539,-0.0974471197,-0.146889761,0.066605255,-0.135069057,0.0718544647,-0.0265384335,0.323705792,-0.135788962,-0.124870412,-0.101562127,-0.00117268343,0.0570940897,0.207192838,0.00983493589,0.0322579965,0.0136100799,0.281871319,-0.00972313993,0.32230255,0.58130914,0.201063067,0.812992394,0.162261739,0.0743711516,0.0537128411,0.242528632,-0.333580077,0.0196484346,1.14366126,-0.0676926449,-0.220363587,0.0245237127
0.0419026888,3194371.2,0,0,0.00137674809,2.35978514e-05,0,0.131858978,0.000176467001,1,-0.976319611,0.0201211777,-0.00125639688,0.215391681,0.00248525338,-0.00524384994,-0.00236255908,0,-0,-0,-0.15731366,0.125508204,-0.0283009093,0.372262388,-0.210348308,-0.0929555073,-0.0774643272,0.0241590608,0.052895233,0.220807612,-0.139001876,0.0305123385,0.0142315319,0.0276941787,0.00670304196,0.328696758,0.398410261,0.136705577,0.884034514,0.158451408,0.102870151,0.00282038143,0.224934995,-0.289309174,0.0222109426,1.15585506,-0.0722927526,-0.220012829,0.0260313116,0.00533718523,-0.017979756,-0.0237275027,0.00245336164,-0.00521186553,0.0108218584,-0.00169615215,-0.0124433814,0.00117506774,0.00675058737,-0.000880651583,0.0146477092,-0.00290952157,-0.00115895271,-0.00230586948,-0.00172296108,-0.00567071559,-0.00260484708,-0.00172421953,-0.00685009314,-0.00516058039,0.00522866054,0.0129149482,0.00617133407,0.0104170814,-0.0375063047,0.0149946921,0.0391022675,-0.000778263435,-0.134743974,0.0719312653,-0.026751427,0.322854608,-0.136144534,-0.123632431,-0.102062047,-0.00182701601,0.0570243821,0.208308741,0.00888255704,0.0329846442,0.0131979501,0.281066149,-0.00981968269,0.322330475,0.580744922,0.200357556,0.813146949,0.162314847,0.0736824796,0.0540718399,0.243232101,-0.333613098,0.0195482615,1.14269817,-0.0679908693,-0.219627663,0.024941247,-0.102547109,0.0788305327,-0.0475371704,0.237903759,-0.171159253,-0.000949220906,-0.151298314,-0.0670239478,0.0499805808,0.319747388,-0.0844818279,0.10468065,-0.0279779136,0.201241985,-0.0196374916,0.325365633,0.524787545,0.130182996,0.828635931,0.16755271,0.00557375466,0.0897392035,0.313048661,-0.336892247,0.00949177518,1.04713774,-0.0975724608,-0.146605685,0.0665618628,-0.134699509,0.0719407946,-0.0267801285,0.322737306,-0.136192888,-0.123463027,-0.102130033,-0.00191703951,0.0570146553,0.208462611,0.00875364058,0.0330836438,0.0131410947,0.28095594,-0.00983323902,0.322334677,0.580667675,0.200260654,0.813168347,0.162322074,0.0735884383,0.0541210882,0.243328497,-0.333617628,0.0195343755,1.1425662,-0.0680317134,-0.219526842,0.024998717
0.0528980107,3194371.21,0,0,0.01237207,2.17538327e-05,0,0.131858978,0.00025267154,1,-0.976317763,0.0201090351,-0.00122092711,0.215401396,0.00531169958,-0.00674985675,-0.00203872519,0,-0,-0,-0.157244369,0.125315994,-0.02853515,0.372270823,-0.210388735,-0.0928382203,-0.0775110275,0.0240238197,0.0529051498,0.220957428,-0.139047101,0.0306622069,0.0141989989,0.027673196,0.00668553635,0.32868281,0.398339629,0.136676684,0.884023368,0.158384472,0.102805957,0.00289683649,0.225116774,-0.289255738,0.0223004501,1.15533948,-0.0721524879,-0.219535321,0.026031889,0.00762507832,-0.020562917,-0.0229823906,-0.000427650142,-0.00305926404,0.0125134019,-0.00845841225,-0.0147096012,0.000991085195,0.0231916308,-0.00811045803,0.0153531712,-0.00353845721,-0.00331848091,-0.00149961154,-0.00111366808,-0.00816976372,-0.0031134577,-0.000614704972,-0.00659476966,-0.00804111641,0.0104561392,0.0222087372,0.00485508097,0.00824506301,-0.0631034523,0.0133099845,0.0552611202,0.000710361404,-0.134146094,0.072059378,-0.0271374062,0.321277112,-0.136794746,-0.121354274,-0.102976337,-0.00303768576,0.0568935834,0.210378096,0.00714883395,0.0343159996,0.012433338,0.279583871,-0.0100019937,0.322386831,0.579705834,0.19905445,0.813434601,0.162412107,0.0724177435,0.054734163,0.244528547,-0.333674014,0.0193615183,1.14092362,-0.0685401782,-0.218271688,0.025714118,-0.102547109,0.0788305327,-0.0475371704,0.237903759,-0.171159253,-0.000949220906,-0.151298314,-0.0670239478,0.0499805808,0.319747388,-0.0844818279,0.10468065,-0.0279779136,0.201241985,-0.0196374916,0.325365633,0.524787545,0.130182996,0.828635931,0.16755271,0.00557375466,0.0897392035,0.313048661,-0.336892247,0.00949177518,1.04713774,-0.0975724608,-0.146605685,0.0665618628,-0.134079784,0.0720735863,-0.0271802153,0.321102172,-0.136866853,-0.121101603,-0.103077739,-0.00317196036,0.0568790771,0.210607603,0.00695654796,0.0344636589,0.0123485355,0.279419482,-0.0100222137,0.32239309,0.579590619,0.198909923,0.813466489,0.162422895,0.0722774714,0.054807622,0.244672343,-0.333680749,0.0193408076,1.1407268,-0.0686011016,-0.218121305,0.025799837
0.062899963,3194371.22,0,0,0.00241119508,2.26083212e-05,0,0.109059736,0.000417590141,1,-0.976317286,0.0200690478,-0.00117873505,0.21540761,0.0136054074,-0.00625751866,-0.000780443603,0,-0,-0,-0.15716137,0.125063971,-0.028755147,0.372228473,-0.210391775,-0.0926954001,-0.0777111948,0.0238354541,0.0529145449,0.221414804,-0.139236465,0.0308258608,0.014144537,0.0275952071,0.00667313533,0.328678399,0.398237646,0.136641338,0.884027719,0.158319831,0.102682881,0.00308035291,0.225410998,-0.289210767,0.0223768,1.15447533,-0.0720324218,-0.218824521,0.0260519441,0.00960009079,-0.0295575634,-0.0210213233,-0.00875000004,0.00249525532,0.0156757068,-0.0294343848,-0.0227785856,0.000963880681,0.0643587336,-0.0282638371,0.0172106978,-0.00725462614,-0.0121224113,-0.00103130052,9.88508764e-05,-0.0115864696,-0.00384376012,0.00125224795,-0.0063756234,-0.015505868,0.0247953385,0.0346463881,0.004422497,0.00732533075,-0.103710055,0.0110550812,0.0829615667,0.00298426067,-0.133368537,0.072348699,-0.0276773814,0.319306642,-0.137650833,-0.118367039,-0.104207017,-0.00456477981,0.056733571,0.212980956,0.00479537761,0.0360910222,0.0114891054,0.277635694,-0.0102111129,0.322451383,0.578342795,0.197390139,0.813789904,0.162531868,0.0707534328,0.055580005,0.246193051,-0.333750784,0.0191333722,1.13861632,-0.0692562535,-0.216511443,0.0266922135,-0.102202974,0.0809333324,-0.0483876802,0.238336727,-0.171706945,0.000765816832,-0.152512819,-0.0669365972,0.0500722788,0.319476515,-0.0871118531,0.106167227,-0.0275883451,0.200051367,-0.0192796886,0.325253308,0.52399683,0.129935816,0.82849139,0.167497367,0.00452380953,0.0898635909,0.313437939,-0.336887389,0.00962770358,1.04612458,-0.09791632,-0.145878792,0.0665594041,-0.13328059,0.0723729208,-0.0277358219,0.319078147,-0.13774693,-0.118030876,-0.104343325,-0.00474077929,0.0567147769,0.213281453,0.00453603547,0.0362887606,0.0113788377,0.277416766,-0.0102367029,0.32245928,0.578189433,0.197199792,0.813831389,0.16254589,0.0705665499,0.0556767434,0.246382788,-0.333759636,0.0191065501,1.13835537,-0.0693371221,-0.216312125,0.0268047098
0.0729037719,3194371.23,0,0,0.012415004,2.13729218e-05,0,0.109059736,0.000431157649,1,-0.976319551,0.0199929178,-0.0011372494,0.21540457,0.0255007017,-0.00597978849,0.0018530807,0,-0,-0,-0.157053396,0.124762349,-0.0289101228,0.372075617,-0.21032545,-0.0925492421,-0.0780614689,0.0235934034,0.0529217646,0.222164586,-0.139585212,0.0309770536,0.0140584325,0.0274336282,0.00666769128,0.328685731,0.398129553,0.136606172,0.884047866,0.158269897,0.102520719,0.00336249731,0.225750357,-0.289172411,0.0224331208,1.15344393,-0.071954973,-0.218021482,0.0260873958,0.0162856225,-0.0430889875,-0.0184712168,-0.0262191799,0.0122949639,0.0201613642,-0.0524716079,-0.0352067985,0.000723677862,0.111826427,-0.0531626157,0.0201556552,-0.0132215936,-0.025411522,-0.000454501569,0.00140595506,-0.0147160701,-0.0049583842,0.00330115994,-0.00615971815,-0.0232049376,0.041986201,0.0472467653,0.00506103318,0.00688562123,-0.144054323,0.00884223543,0.110541977,0.00531264348,-0.132395282,0.0726167783,-0.0283241309,0.316778064,-0.138714358,-0.114646718,-0.105715528,-0.00651254971,0.0565255508,0.216306627,0.00192526449,0.0382793844,0.0102687804,0.275212884,-0.0104943104,0.322538882,0.576645672,0.195283651,0.814248979,0.162686929,0.0686851889,0.0566506237,0.248292997,-0.333848745,0.0188365262,1.135728,-0.070151262,-0.214305699,0.0279371999,-0.102202974,0.0809333324,-0.0483876802,0.238336727,-0.171706945,0.000765816832,-0.152512819,-0.0669365972,0.0500722788,0.319476515,-0.0871118531,0.106167227,-0.0275883451,0.200051367,-0.0192796886,0.325253308,0.52399683,0.129935816,0.82849139,0.167497367,0.00452380953,0.0898635909,0.313437939,-0.336887389,0.00962770358,1.04612458,-0.09791632,-0.145878792,0.0665594041,-0.132282495,0.0726478472,-0.0283990838,0.316485047,-0.138837606,-0.11421556,-0.105890356,-0.00673828227,0.0565014444,0.21669206,0.0015926389,0.0385330021,0.0101273535,0.274932086,-0.0105271302,0.322549015,0.576448977,0.195039526,0.814302206,0.1627049,0.0684454963,0.0567747019,0.248536363,-0.333860099,0.0188021231,1.13539326,-0.0702549815,-0.214050069,0.028081486
0.083868084,3194371.24,0,0,0.00333339721,4.33716923e-06,0,0.152708963,0.000867329538,1,-0.976333082,0.019756889,-0.00105028099,0.215365499,0.053842131,-0.0059637893,0.0109502524,0,-0,-0,-0.15671356,0.12401668,-0.0290978756,0.37141633,-0.20998092,-0.0922059119,-0.0789902732,0.0229585618,0.0529196262,0.224148527,-0.140572786,0.0312895067,0.0137512702,0.0269097928,0.00666524423,0.328787386,0.397944927,0.136428729,0.884150088,0.158193529,0.102035329,0.00416705757,0.226462618,-0.289094031,0.022511404,1.15118325,-0.0718782619,-0.216310024,0.0262677036,0.0383087024,-0.0770146474,-0.0140474038,-0.0779376253,0.0418515392,0.0348721519,-0.0946912467,-0.0667356625,-0.00132251554,0.203753754,-0.103527166,0.0304477569,-0.0366504639,-0.0573217124,-0.000101604339,0.0145497732,-0.0152924927,-0.0246117413,0.0156343672,-0.00651573995,-0.0575526431,0.0869941115,0.0678130984,0.0072382614,0.00625900598,-0.21964027,0.00461630709,0.164140031,0.0275094453,-0.130996466,0.0735592842,-0.0293713249,0.313510656,-0.140185758,-0.109188572,-0.108048812,-0.00906000938,0.056276314,0.22082676,-0.00243662205,0.0415693335,0.00872020796,0.271708399,-0.0108366944,0.322695464,0.574096024,0.192379624,0.814850032,0.162895381,0.0656734109,0.0581327677,0.25119549,-0.334007621,0.0184744261,1.13155985,-0.0714893192,-0.211131632,0.0296427105,-0.10158655,0.08540342,-0.0497052595,0.239566013,-0.171939448,0.00397915905,-0.154742867,-0.0662253425,0.0503244363,0.319578052,-0.0907570198,0.108669885,-0.0267763473,0.198345289,-0.0189601406,0.325546533,0.522069752,0.12955524,0.828328073,0.167484254,0.00291161193,0.0901046842,0.313875109,-0.337089211,0.00993785635,1.04416549,-0.0988821685,-0.14445217,0.0667006671,-0.130865946,0.0736118481,-0.0294615645,0.313182503,-0.140326679,-0.10868635,-0.108256035,-0.00931370258,0.0562498979,0.221265003,-0.00282857753,0.0418671183,0.00856267847,0.271382809,-0.010872745,0.3227081,0.573865116,0.192100823,0.814909816,0.162915751,0.0653948858,0.0582746565,0.251473665,-0.3340213,0.0184365418,1.13117194,-0.0716108829,-0.21083571,0.029807169
0.0938997078,3194371.25,0,0,0.013365021,2.17598863e-05,0,0.152708963,0.000620432198,1,-0.976358771,0.0194210336,-0.000945989683,0.215280116,0.081652604,-0.00640080683,0.0220741183,0,-0,-0,-0.156194016,0.123043694,-0.0292236824,0.370326519,-0.209385738,-0.0917690098,-0.0801540464,0.0221027341,0.0528875552,0.226678297,-0.141883075,0.0316590704,0.0132290963,0.026162507,0.00666273246,0.329012275,0.397804469,0.136003524,0.884464025,0.158127442,0.101153895,0.00531182997,0.227268085,-0.289022297,0.0225706585,1.14855921,-0.07185743,-0.214383155,0.0267897341,0.0615228415,-0.111680217,-0.0116252396,-0.130769983,0.0718855411,0.0499466509,-0.131538972,-0.0989495218,-0.00454590097,0.28745681,-0.150336489,0.0416418202,-0.0631240606,-0.0868190527,-0.000414619222,0.0280680172,-0.0128976824,-0.0561830401,0.0432928391,-0.00663301442,-0.110876247,0.133687958,0.0901382864,0.00694337534,0.00569743244,-0.29335922,0.000259060733,0.213467255,0.0705007985,-0.12955983,0.0741378516,-0.0303646103,0.309898555,-0.14173688,-0.103660494,-0.110329755,-0.0118524553,0.0559855737,0.225650609,-0.00675094873,0.044847101,0.00698625157,0.2681247,-0.0112335123,0.32283473,0.571554601,0.189310744,0.815508425,0.16311954,0.0626075864,0.0596945509,0.254257292,-0.334158152,0.0180574264,1.12729073,-0.0728274211,-0.207874432,0.0314529389,-0.10158655,0.08540342,-0.0497052595,0.239566013,-0.171939448,0.00397915905,-0.154742867,-0.0662253425,0.0503244363,0.319578052,-0.0907570198,0.108669885,-0.0267763473,0.198345289,-0.0189601406,0.325546533,0.522069752,0.12955524,0.828328073,0.167484254,0.00291161193,0.0901046842,0.313875109,-0.337089211,0.00993785635,1.04416549,-0.0988821685,-0.14445217,0.0667006671,-0.12941131,0.0741976649,-0.0304672942,0.309525162,-0.141897231,-0.103089005,-0.110565558,-0.0121411355,0.0559555143,0.226149306,-0.00719696097,0.0451859534,0.00680699619,0.267754227,-0.0112745352,0.322849125,0.571291864,0.188993484,0.815576494,0.163142711,0.0622906461,0.059856005,0.254573822,-0.334173709,0.0180143174,1.12684941,-0.0729657561,-0.207537711,0.0316400789
0.104898129,3194371.26,0,0,0.00435502501,2.21813098e-05,0,0.161660835,0.00164472312,1,-0.976411223,0.0188293625,-0.00077378517,0.215095297,0.117786802,-0.008347027,0.0386435539,0,-0,-0,-0.15523158,0.121383168,-0.0293504614,0.36827144,-0.208251327,-0.0910458416,-0.0820275024,0.0206159819,0.0527971163,0.230836421,-0.144091129,0.0322529376,0.012225844,0.0248678178,0.00665417779,0.329475939,0.397676617,0.134998024,0.88522929,0.158050448,0.0993492454,0.00730011892,0.228570402,-0.288952649,0.0226338413,1.14442194,-0.0718943998,-0.211448103,0.0280081388,0.0940961838,-0.157895043,-0.0100183776,-0.200746343,0.11091923,0.0674150586,-0.172967717,-0.142198816,-0.00991707016,0.388138413,-0.207962796,0.0549958609,-0.0984397233,-0.122816049,-0.000951230526,0.0463802554,-0.00906134862,-0.104553036,0.0776298717,-0.00616117101,-0.177753747,0.187446237,0.122452535,0.00495044608,0.00491984235,-0.380482286,-0.00552925281,0.265322864,0.122464269,-0.127547458,0.076438494,-0.0320058502,0.305871785,-0.143730968,-0.0957343355,-0.11399316,-0.0150106763,0.0557386652,0.231724322,-0.0132070538,0.049658969,0.00512447115,0.26315695,-0.0116558019,0.323135763,0.567648947,0.185372233,0.816336989,0.163388997,0.0583366007,0.0617448464,0.258095205,-0.334424287,0.0176446196,1.12128961,-0.0748316869,-0.203342542,0.0337968506,-0.100559235,0.0924457461,-0.0515270755,0.241577446,-0.172253922,0.00874459837,-0.158457235,-0.0648713037,0.0508297868,0.319987833,-0.0956781656,0.111994594,-0.0254938491,0.196014509,-0.0186498128,0.326117426,0.518714547,0.128963232,0.828382194,0.16744642,0.000823818147,0.0906103849,0.314058632,-0.337442756,0.0104016699,1.04101884,-0.100416854,-0.142259404,0.067142047,-0.127369687,0.0765439346,-0.0321344323,0.305448294,-0.143918842,-0.0950461477,-0.114286035,-0.0153390989,0.0557063296,0.232305691,-0.0137502756,0.0500695631,0.00492279418,0.262714684,-0.0117018698,0.323155403,0.567326665,0.185000688,0.816416323,0.163415715,0.0579577759,0.0619349815,0.25846383,-0.334444195,0.0175969116,1.12076092,-0.0750002116,-0.202940196,0.03401649
0.114898593,3194371.27,0,0,0.0143554886,2.17789784e-05,0,0.161660835,0.000764168799,1,-0.976473391,0.018177826,-0.00059159298,0.214869529,0.147282764,-0.00863846391,0.0518890955,-0.0007556036,-0,-0,-0.1541581,0.119579695,-0.0294398777,0.365960628,-0.206972554,-0.0902721286,-0.0839903206,0.0189833045,0.052676715,0.23525089,-0.146470621,0.0328837521,0.0111026978,0.0234767646,0.00663727894,0.330022037,0.397596806,0.133686036,0.886161268,0.157994151,0.0972185731,0.00942774676,0.230023026,-0.288911968,0.0226782337,1.14009047,-0.0719869807,-0.208456278,0.0294702314,0.116620824,-0.195943654,-0.0086249467,-0.252038538,0.139600635,0.0838144347,-0.211427107,-0.177979663,-0.0140603371,0.477011621,-0.258217186,0.0683221966,-0.122397058,-0.150225431,-0.00211926363,0.0605826601,-0.00740583893,-0.14913179,0.102750875,-0.00525123905,-0.236118004,0.229084998,0.160675809,0.0035967615,0.00410824688,-0.46745339,-0.0117417471,0.321208626,0.161646366,-0.125705495,0.0775310025,-0.0333381854,0.301483661,-0.145677671,-0.0886035934,-0.117027856,-0.018413689,0.0554036312,0.237748355,-0.0188357495,0.053913407,0.00303475559,0.258574456,-0.0121331466,0.323339283,0.56430918,0.181522295,0.817159057,0.16366592,0.0544113256,0.0637149364,0.26191473,-0.334630311,0.0171502847,1.11581111,-0.0765778869,-0.199173585,0.0360726789,-0.100559235,0.0924457461,-0.0515270755,0.241577446,-0.172253922,0.00874459837,-0.158457235,-0.0648713037,0.0508297868,0.319987833,-0.0956781656,0.111994594,-0.0254938491,0.196014509,-0.0186498128,0.326117426,0.518714547,0.128963232,0.828382194,0.16744642,0.000823818147,0.0906103849,0.314058632,-0.337442756,0.0104016699,1.04101884,-0.100416854,-0.142259404,0.067142047,-0.1255081,0.0776480809,-0.0334809646,0.30101341,-0.145886302,-0.0878394246,-0.117353067,-0.0187783726,0.0553677268,0.238393918,-0.0194389485,0.0543693341,0.00281081162,0.258083373,-0.0121843014,0.323361069,0.563951254,0.181109712,0.817247152,0.163695589,0.053990677,0.0639260635,0.262324065,-0.334652394,0.0170973092,1.115224,-0.0767650157,-0.198726818,0.0363165662
0.125868496,3194371.28,0,0,0.00535771018,4.51691449e-06,0,0.130260829,0.00314318389,1,-0.976554513,0.017383568,-0.000372152543,0.214566976,0.176410928,-0.0108255707,0.0687426627,-0.0104205869,-0,-0,-0.152845785,0.117387109,-0.0295335744,0.363128543,-0.205403671,-0.0893512964,-0.0862916708,0.0169808716,0.0524916723,0.240500808,-0.149335101,0.0336359218,0.00971984118,0.0218195021,0.00661115581,0.330721527,0.397520244,0.131936476,0.88729012,0.157948866,0.0945632085,0.0119203506,0.231855407,-0.288881749,0.0227140356,1.13499629,-0.0721553862,-0.205000252,0.0312725529,0.141193926,-0.234810546,-0.0100532547,-0.303952575,0.168320447,0.0972995758,-0.241701722,-0.215167508,-0.0216442384,0.555790663,-0.304797202,0.0796491206,-0.148797348,-0.175776482,-0.00293496391,0.0761877894,-0.00817467179,-0.191873848,0.118549645,-0.00400716206,-0.283811331,0.261460662,0.198359534,0.0026529273,0.00320971804,-0.53520298,-0.0230704062,0.360317469,0.19146125,-0.123000197,0.0820704252,-0.0357188098,0.297057241,-0.148021802,-0.0779644027,-0.122425281,-0.0218079127,0.0552274883,0.245211244,-0.0276557803,0.0601993129,0.00105371699,0.252276957,-0.0125779426,0.323652893,0.558674693,0.176590949,0.81822896,0.163966864,0.0488951877,0.0663358271,0.266412109,-0.335050136,0.0167403556,1.10775924,-0.0793334022,-0.193239823,0.0390522629,-0.0990291834,0.101973437,-0.053878624,0.24386096,-0.172358289,0.0151560688,-0.163740009,-0.0629874021,0.0514794029,0.320924848,-0.101978347,0.115638405,-0.0240336396,0.193479389,-0.0182935763,0.326329738,0.513798237,0.127889082,0.828661263,0.167365804,-0.00170558365,0.0914462134,0.313964069,-0.337958246,0.0109194964,1.0364517,-0.102427952,-0.139352143,0.067966491,-0.122785978,0.0822482854,-0.0358810946,0.296581864,-0.148239285,-0.0771322399,-0.122794487,-0.0221759081,0.0551939905,0.245887846,-0.0283199549,0.0606947392,0.000829526223,0.251751512,-0.0126290191,0.323676795,0.558273673,0.176155731,0.818322241,0.163997248,0.048442997,0.0665602237,0.26683706,-0.335076123,0.0166883394,1.10712194,-0.0795397907,-0.192758262,0.0393106528
0.135898014,3194371.29,0,0,0.0153872282,2.16020271e-05,0,0.130260829,0.000875651836,1,-0.976650476,0.0164549574,-0.000138928997,0.214203402,0.202720836,-0.00474187545,0.0789193586,-0.0280351453,-0,-0,-0.151386544,0.114842482,-0.0296190437,0.359888375,-0.203607664,-0.0882764533,-0.0889827237,0.0146428552,0.0522704311,0.246583313,-0.152671456,0.0345202051,0.00816616789,0.0199413616,0.0065232031,0.331559181,0.397407621,0.129765213,0.888567388,0.15791811,0.0913971066,0.014732888,0.234156534,-0.28886342,0.022739917,1.12908852,-0.07277181,-0.201001346,0.0333657227,0.150242522,-0.268761039,-0.00787171256,-0.33929044,0.188155577,0.114220493,-0.287095428,-0.247433439,-0.0229617767,0.643990755,-0.353673369,0.0943467543,-0.161396325,-0.196820632,-0.0124828611,0.089844048,-0.0135864317,-0.2336822,0.133490905,-0.00251038,-0.338892519,0.294751137,0.250779927,0.00142732204,0.00219409354,-0.626936972,-0.0898174495,0.426460177,0.222218528,-0.12081299,0.0838864446,-0.037375778,0.292203426,-0.150242344,-0.0694677532,-0.126194984,-0.0255652778,0.0548854992,0.252119631,-0.0344372392,0.0652577728,-0.00123534445,0.246912047,-0.0130994581,0.323897123,0.554579973,0.172147214,0.819180846,0.164277002,0.0442781895,0.068626985,0.27075091,-0.335315466,0.0162092391,1.10125279,-0.081440635,-0.188322917,0.041690506,-0.0990291834,0.101973437,-0.053878624,0.24386096,-0.172358289,0.0151560688,-0.163740009,-0.0629874021,0.0514794029,0.320924848,-0.101978347,0.115638405,-0.0240336396,0.193479389,-0.0182935763,0.326329738,0.513798237,0.127889082,0.828661263,0.167365804,-0.00170558365,0.0914462134,0.313964069,-0.337958246,0.0109194964,1.0364517,-0.102427952,-0.139352143,0.067966491,-0.120590627,0.0840710774,-0.0375442356,0.29170996,-0.150468111,-0.068603918,-0.126578242,-0.025947284,0.0548507273,0.252821982,-0.0351266973,0.0657720566,-0.00146806892,0.246366605,-0.0131524792,0.323921949,0.554163694,0.171695426,0.819277644,0.164308533,0.0438087881,0.0688599274,0.271192044,-0.335342437,0.0161552429,1.10059142,-0.0816548765,-0.187823027,0.0419587269
0.146895674,3194371.3,0,0,0.00641093729,4.77395952e-06,0,0.130307861,0.00547689199,1,-0.976785183,0.0151698058,0.000162433498,0.213683322,0.230701208,-0.00222164695,0.0937268957,-0.0650397837,-0.00709429709,-0,-0.149450809,0.11133498,-0.029722603,0.355508864,-0.201182693,-0.0868058801,-0.092674166,0.0113989273,0.0519544818,0.254906654,-0.157268122,0.0357485004,0.00608095247,0.017420752,0.00633897725,0.332762688,0.397163242,0.126667425,0.890216768,0.157901675,0.0869672,0.0184790101,0.237536296,-0.288853467,0.0227589011,1.12106311,-0.0743404776,-0.195553645,0.0362311937,0.164266154,-0.306107163,-0.00853127521,-0.377137899,0.208647937,0.128296062,-0.323828906,-0.283790976,-0.0272560753,0.726181984,-0.401706636,0.107793815,-0.178381845,-0.21662949,-0.0204921551,0.106461331,-0.0267483313,-0.274345905,0.139035523,-0.000463936856,-0.388685346,0.322852492,0.305777073,0.0002486874,0.00113792834,-0.697510183,-0.159481227,0.473161787,0.248479381,-0.117441326,0.0915961862,-0.040684849,0.287915766,-0.152270287,-0.0560506582,-0.133421987,-0.0287661962,0.054883752,0.260978311,-0.0453864299,0.0725843459,-0.00313811842,0.239736825,-0.0137108052,0.323969811,0.546862721,0.166302145,0.820416987,0.164477155,0.0377003327,0.0717592239,0.275611401,-0.335943311,0.0158228371,1.0910629,-0.0849870667,-0.181032985,0.0452151932,-0.0970964357,0.114059076,-0.0569539033,0.246390939,-0.171342611,0.0233454295,-0.170093238,-0.0607767031,0.0522987582,0.323206872,-0.109028019,0.119102441,-0.0225858986,0.191075906,-0.0183433369,0.325897038,0.507180691,0.126107797,0.829008818,0.167046636,-0.00463400129,0.092617698,0.313896269,-0.338659763,0.0113729872,1.03036058,-0.104926199,-0.135625631,0.06914033,-0.117196009,0.0918670446,-0.0408810228,0.287415087,-0.152500272,-0.0550933033,-0.133864164,-0.029152181,0.0548525825,0.261728644,-0.0461538211,0.0731452629,-0.00337261986,0.239150077,-0.013766665,0.323993057,0.546384215,0.165817484,0.82052058,0.164508149,0.0371898673,0.0720107406,0.276073039,-0.335976064,0.0157691818,1.09033096,-0.0852274895,-0.180485472,0.0455036834
0.156899271,3194371.31,0,0,0.0164145343,2.22143717e-05,0,0.130307861,0.000959187746,1,-0.976904929,0.0139861144,0.000385299354,0.213215932,0.247546956,0.00609462382,0.098378107,-0.121706724,-0.0230507795,-0,-0.147869438,0.108143248,-0.0297863614,0.351695567,-0.199071616,-0.0854427814,-0.0961915553,0.00843542721,0.0517071746,0.262600124,-0.161513641,0.0369019844,0.00431243237,0.0152016925,0.00601824792,0.333886594,0.396790922,0.123744585,0.891638398,0.157907143,0.0828076452,0.0218584705,0.240944564,-0.288857996,0.0227653328,1.11361754,-0.0763185844,-0.190438449,0.0388624333,0.159538254,-0.327552289,-0.00611601118,-0.385249496,0.213040277,0.139930904,-0.361556351,-0.304650366,-0.0245031659,0.791347861,-0.437148392,0.119330779,-0.178265855,-0.224836439,-0.0336055048,0.115838386,-0.0451745875,-0.301593751,0.141653538,0.00122609106,-0.430582106,0.345645398,0.359041572,-0.000787032652,0.000373803545,-0.764981687,-0.216189623,0.526997209,0.270403773,-0.115044132,0.0942429379,-0.042601794,0.283023,-0.154517546,-0.0466955975,-0.137742877,-0.0325379223,0.0545791686,0.268310547,-0.0528851748,0.0780654699,-0.00542960782,0.234003216,-0.0142566469,0.324196905,0.542187095,0.161566138,0.821429372,0.164779916,0.0327121727,0.0742169321,0.280122399,-0.336263388,0.0152985211,1.08391047,-0.0873364508,-0.175682753,0.0480342396,-0.0970964357,0.114059076,-0.0569539033,0.246390939,-0.171342611,0.0233454295,-0.170093238,-0.0607767031,0.0522987582,0.323206872,-0.109028019,0.119102441,-0.0225858986,0.191075906,-0.0183433369,0.325897038,0.507180691,0.126107797,0.829008818,0.167046636,-0.00463400129,0.092617698,0.313896269,-0.338659763,0.0113729872,1.03036058,-0.104926199,-0.135625631,0.06914033,-0.114805706,0.0945061818,-0.0427924544,0.282536358,-0.154741049,-0.0457651392,-0.138172641,-0.0329130627,0.0545488745,0.26903984,-0.0536310077,0.0786106288,-0.00565751921,0.233432949,-0.0143109355,0.324219465,0.541722059,0.161095098,0.821530044,0.164810032,0.032216046,0.0744613782,0.280571073,-0.336295217,0.0152463727,1.08319914,-0.0875701159,-0.175150603,0.0483146235
0.16786878,3194371.32,0,0,0.00736232894,4.58909199e-06,0,0.126386993,0.00850980729,1,-0.97705698,0.0124647627,0.00067017955,0.212611854,0.264143407,0.0152450725,0.102111556,-0.214481533,-0.0541182123,-0,-0.145914525,0.104045577,-0.0298567843,0.346991599,-0.196479291,-0.0836963654,-0.10069339,0.0046113641,0.051418025,0.272492945,-0.166995287,0.0384113938,0.00213261531,0.0124487495,0.00557952933,0.335353255,0.396059424,0.11996562,0.893304467,0.157934263,0.0773870572,0.0261374637,0.24559091,-0.288872212,0.0227646306,1.10414767,-0.079174757,-0.183869019,0.0422326215,0.151068106,-0.348294139,-0.00341085019,-0.385752738,0.212851971,0.151830032,-0.400005728,-0.325179785,-0.0201571397,0.856989324,-0.473080665,0.130825117,-0.176199853,-0.23040925,-0.0493152253,0.125222325,-0.073361814,-0.326188743,0.139416397,0.00286885537,-0.469725013,0.367538512,0.416291952,-0.00170658762,-0.00045505754,-0.823851287,-0.261552393,0.579661369,0.289764047,-0.1112407,0.1058961,-0.0471730977,0.279467732,-0.155572295,-0.0305253267,-0.146785259,-0.0352411866,0.0548006035,0.27899164,-0.0660608411,0.0854304358,-0.00704407599,0.226616621,-0.0150893368,0.323742628,0.531831324,0.154718071,0.822803974,0.16463314,0.0254303664,0.0777136758,0.285379827,-0.337085932,0.0148484595,1.07162201,-0.0916112959,-0.16707246,0.0518345162,-0.0950843543,0.128724337,-0.0611168779,0.249308765,-0.169037223,0.0334135331,-0.177370697,-0.0584649816,0.0532195605,0.327771157,-0.117455654,0.121480159,-0.0211348813,0.189118922,-0.0187458098,0.324727803,0.498352498,0.123244785,0.829471886,0.166253775,-0.00776487449,0.0940082818,0.314510882,-0.339453816,0.0115703456,1.02278745,-0.107811786,-0.130932093,0.0703838319,-0.110995881,0.106242016,-0.0473843887,0.279010743,-0.155776322,-0.0295564681,-0.14724873,-0.0355930962,0.0547766462,0.279730767,-0.0668396205,0.0859766901,-0.00725759286,0.22604841,-0.015144743,0.323757559,0.531324029,0.15424116,0.822905004,0.164657697,0.0249273591,0.077960588,0.285821259,-0.337121814,0.0147987865,1.07088208,-0.0918567777,-0.166524827,0.0521155931
0.17886789,3194371.33,0,0,0.018361439,4.09409404e-06,0,0.126386993,0.000988654792,1,-0.977180541,0.0111208009,0.000854117679,0.212117434,0.274799436,0.0172424112,0.102069393,-0.32549414,-0.0942640007,-0,-0.144493967,0.100488745,-0.0298666339,0.343230903,-0.194403052,-0.0821188018,-0.104917169,0.00128808524,0.0512615032,0.28143096,-0.171914726,0.0397771709,0.00041720795,0.0101333205,0.00502819382,0.336622447,0.395152956,0.116602577,0.894702494,0.157968998,0.0724692792,0.0299623348,0.250052452,-0.288892537,0.0227566883,1.09550846,-0.0820302963,-0.177699298,0.0452438295,0.143695459,-0.360322893,-0.000494310341,-0.372494131,0.205142885,0.159568876,-0.426267564,-0.337117463,-0.0140675539,0.909684837,-0.501165032,0.13944912,-0.171643391,-0.2319929,-0.0516450852,0.127695307,-0.102970891,-0.340062678,0.137587264,0.00393244112,-0.502377033,0.389542967,0.459131926,-0.00212384993,-0.000948422356,-0.876327932,-0.293645442,0.627986789,0.305768669,-0.108586401,0.109646507,-0.0494638979,0.274512976,-0.157784432,-0.0200209245,-0.151810095,-0.0390565842,0.0545408577,0.287005514,-0.0745044053,0.0913529843,-0.00935902912,0.220456183,-0.015690051,0.323904485,0.526331127,0.149547383,0.823899448,0.164899379,0.0199767798,0.0803906918,0.290165722,-0.337474942,0.0143099036,1.06359911,-0.0942728445,-0.161135018,0.0548819527,-0.0950843543,0.128724337,-0.0611168779,0.249308765,-0.169037223,0.0334135331,-0.177370697,-0.0584649816,0.0532195605,0.327771157,-0.117455654,0.121480159,-0.0211348813,0.189118922,-0.0187458098,0.324727803,0.498352498,0.123244785,0.829471886,0.166253775,-0.00776487449,0.0940082818,0.314510882,-0.339453816,0.0115703456,1.02278745,-0.107811786,-0.130932093,0.0703838319,-0.108351178,0.10997887,-0.0496669039,0.274073899,-0.157980457,-0.0190900341,-0.152255386,-0.0393947028,0.0545178391,0.287715703,-0.0752526671,0.091877833,-0.009564179,0.219910249,-0.0157432873,0.323918849,0.52584374,0.149089158,0.823996484,0.164922982,0.0194934867,0.0806279257,0.290589839,-0.337509423,0.0142621771,1.06288815,-0.0945087075,-0.160608843,0.0551520139
0.188900813,3194371.34,0,0,0.00840661628,1.89412385e-05,0,0.113012269,0.0115116611,1,-0.977303922,0.00974321179,0.0010623039,0.211615086,0.280846447,0.0298590772,0.0995479673,-0.426573664,-0.131418169,-0,-0.143091276,0.0968460143,-0.0298683476,0.339609146,-0.19241479,-0.0805062428,-0.109242789,-0.00212743017,0.051140219,0.290695697,-0.177024618,0.0411975943,-0.00128332968,0.0078330664,0.00450271973,0.337902844,0.393927634,0.113160104,0.896027267,0.158013895,0.0673639476,0.0339182913,0.25482285,-0.288915724,0.0227443092,1.08667874,-0.0850306451,-0.171344697,0.0483138338,0.117375158,-0.365974486,0.00224765786,-0.342778206,0.18945986,0.166886985,-0.462381274,-0.342918456,-0.00795765873,0.95742178,-0.524817288,0.144527957,-0.160996884,-0.22832261,-0.0693345815,0.126964018,-0.135437772,-0.352743983,0.134085268,0.00446442142,-0.521969557,0.406599402,0.50322938,-0.00268242205,-0.00162085681,-0.918337226,-0.319626033,0.670858622,0.312060773,-0.105220459,0.124709755,-0.055178538,0.272895813,-0.156687632,-0.00241624564,-0.162033066,-0.0412888229,0.0554844737,0.29906258,-0.0891267583,0.0966047943,-0.0101800086,0.214209154,-0.0165271331,0.322875738,0.513445139,0.142058834,0.825384319,0.164083615,0.0130433142,0.0837457478,0.295406371,-0.338506401,0.0136772487,1.05036104,-0.0990046412,-0.15182893,0.0583874881,-0.0935982913,0.14510411,-0.0662920028,0.252999187,-0.16486977,0.0452296995,-0.185519129,-0.0569905341,0.0548377894,0.334882647,-0.127606869,0.121666841,-0.0195012745,0.187838182,-0.0191864651,0.323108792,0.487083614,0.119059294,0.830217838,0.164804876,-0.0108427145,0.0954520777,0.316042691,-0.340417147,0.0113385022,1.0140506,-0.111181453,-0.125146329,0.0715927035,-0.104983807,0.125125021,-0.0554048307,0.27249068,-0.156854242,-0.00144608319,-0.162511289,-0.0416085385,0.0554713048,0.299791932,-0.0899102837,0.0971150994,-0.0103698084,0.213672191,-0.016581282,0.322880477,0.51290834,0.141590521,0.825482726,0.164098293,0.0125569478,0.0839841142,0.295826584,-0.338545293,0.0136296274,1.0496217,-0.0992525816,-0.151285619,0.0586563721
0.19989825,3194371.36,0,0,0.0194040532,2.20169313e-05,0,0.113012269,0.000930681825,1,-0.977419257,0.00832446106,0.00118914444,0.21114175,0.283720523,0.0283935051,0.0966113657,-0.530085385,-0.166663989,-0,-0.142094582,0.093177855,-0.0298297741,0.336459309,-0.190663978,-0.0788043514,-0.114077374,-0.00556611409,0.0511005707,0.300592184,-0.182426512,0.0426698215,-0.00280251983,0.00558508094,0.00377502106,0.339109927,0.392354906,0.109567873,0.897360861,0.158059537,0.0620284565,0.0381176025,0.260111153,-0.288944393,0.0227247402,1.07715416,-0.0884107128,-0.16431047,0.051473096,0.100159913,-0.36674273,0.00376495975,-0.301859111,0.167383865,0.16944465,-0.480959207,-0.344317436,-0.00279366714,0.9981879,-0.545352638,0.148217499,-0.149971083,-0.22207962,-0.0639693588,0.115954056,-0.172735557,-0.359134734,0.129979983,0.00477795536,-0.536240697,0.4243294,0.535782516,-0.00283481646,-0.00206272607,-0.954931617,-0.339993864,0.705371618,0.315237194,-0.102786452,0.128980905,-0.0575060099,0.268728912,-0.158401206,0.00756216049,-0.166951716,-0.0445772037,0.0553490408,0.306564331,-0.0971855819,0.10185349,-0.0121321445,0.208686322,-0.0170840733,0.322924554,0.507924259,0.137242079,0.826396585,0.164234668,0.008040905,0.0861973912,0.299728215,-0.338906556,0.0131874494,1.04275656,-0.101554811,-0.14624083,0.0611530319,-0.0935982913,0.14510411,-0.0662920028,0.252999187,-0.16486977,0.0452296995,-0.185519129,-0.0569905341,0.0548377894,0.334882647,-0.127606869,0.121666841,-0.0195012745,0.187838182,-0.0191864651,0.323108792,0.487083614,0.119059294,0.830217838,0.164804876,-0.0108427145,0.0954520777,0.316042691,-0.340417147,0.0113385022,1.0140506,-0.111181453,-0.125146329,0.0715927035,-0.102577314,0.129347891,-0.057705991,0.268370867,-0.158548445,0.0084195137,-0.167374313,-0.0448597446,0.055337403,0.307208866,-0.0978780016,0.102304474,-0.0122998739,0.208211809,-0.0171319246,0.322928727,0.507449925,0.136828214,0.826483548,0.164247647,0.00761109591,0.086408034,0.300099552,-0.338940948,0.0131453648,1.04210329,-0.101773918,-0.145760715,0.0613906533
0.210898069,3194371.37,0,0,0.010356274,2.2220891e-05,0,0.159719028,0.0160347968,1,-0.9775455,0.00662840763,0.00138322543,0.210615501,0.284368545,0.0434516668,0.0754364431,-0.621015072,-0.191976905,-0,-0.141021907,0.0888301209,-0.0297252797,0.333193898,-0.188865975,-0.0767794326,-0.119941592,-0.00965297874,0.0511600152,0.312766761,-0.189060196,0.0444306955,-0.0044425698,0.00299841282,0.00301942811,0.340372771,0.389958829,0.105239511,0.898866296,0.15811424,0.0556385256,0.0432512946,0.266713142,-0.2889781,0.022696266,1.06573153,-0.0925067812,-0.155828968,0.0551721118,0.0555091389,-0.357613802,0.0195778608,-0.232183918,0.128763363,0.1739427,-0.531492949,-0.335099995,0.0191368349,1.05965126,-0.570347309,0.144157454,-0.110170476,-0.211357996,-0.0812221766,0.0919488966,-0.218057454,-0.371923625,0.129882395,0.00351459743,-0.535760462,0.440626204,0.580173314,-0.00297931745,-0.00285854307,-0.992367804,-0.362651676,0.749778628,0.306544602,-0.100441709,0.149322212,-0.0652435198,0.268712759,-0.155434281,0.0281280875,-0.178438067,-0.0468288548,0.0573316626,0.322616339,-0.114327714,0.103769064,-0.0121177314,0.204182938,-0.0178896356,0.320780426,0.490822494,0.128046185,0.828599155,0.162149265,0.00121011585,0.0897139907,0.305897921,-0.339800328,0.0123289954,1.02820444,-0.10684973,-0.135547936,0.0645019561,-0.0934080482,0.164931998,-0.0730758086,0.257476419,-0.159456298,0.0591685884,-0.194010407,-0.0561469719,0.0573657639,0.346071422,-0.13950406,0.118304096,-0.0173773561,0.188387871,-0.0195532199,0.320480287,0.472496092,0.11320971,0.831771493,0.162136585,-0.013650639,0.0970311165,0.318790883,-0.341059029,0.0108357556,1.00477445,-0.114790544,-0.118330665,0.0726315528,-0.100255467,0.14973554,-0.0654509068,0.268415213,-0.155540779,0.0289500058,-0.178850397,-0.0470755883,0.0573325679,0.323237419,-0.114994347,0.104153931,-0.0122569995,0.203764707,-0.0179336853,0.320772469,0.490337223,0.127653331,0.828683138,0.162148938,0.000816620886,0.0899077356,0.306239307,-0.339833647,0.0122894561,1.02758396,-0.107059985,-0.135092035,0.0647172183
0.220902271,3194371.38,0,0,0.000375335105,2.03382224e-05,0,0.118568074,0.019307971,1,-0.977633476,0.00521587254,0.00147712673,0.210245967,0.276243597,0.030611407,0.0770932063,-0.691923261,-0.204469338,-0,-0.140650526,0.0853198171,-0.0295698605,0.331302822,-0.187801003,-0.0750660002,-0.12530528,-0.0129416082,0.0513410568,0.323508114,-0.194831446,0.0458626971,-0.00548915658,0.000978795462,0.00227646041,0.341134697,0.387514353,0.101529188,0.900154591,0.158143371,0.0503355339,0.0477116145,0.272591203,-0.289007366,0.0226654615,1.05580294,-0.096154362,-0.148287863,0.0581736453,0.0373459533,-0.345168531,0.0115880352,-0.167419568,0.0942664742,0.166270062,-0.521741152,-0.323912889,0.0154553251,1.06683779,-0.574630439,0.142242804,-0.105617672,-0.194726899,-0.0605098195,0.0663029328,-0.262923181,-0.364906579,0.124826901,0.00278946874,-0.520793021,0.443019092,0.582023263,-0.00276388321,-0.00310189836,-0.969468415,-0.355506688,0.73496151,0.292635977,-0.0986871868,0.153216034,-0.0671972632,0.26590988,-0.156437561,0.0358710587,-0.182322532,-0.0491532348,0.0573401712,0.32846716,-0.120607883,0.107394785,-0.0134297302,0.200242907,-0.0183046125,0.320705563,0.486251026,0.124345273,0.829390466,0.162146106,-0.00249686092,0.0915392265,0.309114039,-0.340114295,0.0119565111,1.02235985,-0.108830541,-0.131253123,0.0665298626,-0.0944565982,0.186508387,-0.0812452137,0.262534261,-0.153167009,0.0752169713,-0.202313393,-0.0567388833,0.06069161,0.360179245,-0.153533131,0.110748969,-0.0146001875,0.1908025,-0.0195926242,0.317623556,0.455411583,0.105515189,0.834377885,0.15810594,-0.0162046999,0.0986798629,0.322883695,-0.341030747,0.00977157801,0.995107293,-0.118715614,-0.110555679,0.073584348,-0.0994448215,0.172524005,-0.0745523497,0.27009061,-0.151008248,0.0506827235,-0.189974383,-0.0498890355,0.0602613576,0.341398954,-0.133510426,0.101097703,-0.0111130727,0.201996952,-0.0183777846,0.318190128,0.470824361,0.11724478,0.831752658,0.158606544,-0.00508411974,0.0931566358,0.313006848,-0.340118647,0.0109874429,1.01332796,-0.112461224,-0.124026775,0.0675549954
0.231899465,3194371.39,0,0,0.011372529,2.26618722e-05,0,0.118568074,0.000771105289,1,-0.977704048,0.00384977716,0.0016280401,0.209946096,0.274967164,0.0375932269,0.0385806374,-0.757085741,-0.204848886,-0,-0.140378758,0.081982106,-0.0293341987,0.329991102,-0.187079817,-0.0734151229,-0.130611241,-0.0160667822,0.0516566783,0.334353328,-0.200628743,0.0472628362,-0.00633213902,-0.000895424106,0.00171488035,0.341614336,0.384631068,0.0978724733,0.901422501,0.158153757,0.0452586822,0.0521535836,0.278448582,-0.289031386,0.0226307418,1.04619026,-0.0997239575,-0.140897185,0.0609971136,0.00294584059,-0.325769156,0.0424875021,-0.0937012359,0.0506806448,0.169831336,-0.569446385,-0.302956462,0.0552220568,1.13094783,-0.595773101,0.136739478,-0.0534036346,-0.185063303,-0.0660433099,0.0317581668,-0.304067671,-0.37680316,0.135052592,-0.00129988196,-0.505173802,0.45664835,0.604306579,-0.00220744312,-0.00399885792,-0.996305585,-0.377390236,0.782187581,0.278263181,-0.098007597,0.176553234,-0.0764807165,0.267913431,-0.151630238,0.0577516109,-0.193529546,-0.0518626384,0.0603853241,0.346809983,-0.13927944,0.103878468,-0.0121177929,0.198771566,-0.0187278092,0.31802687,0.466383576,0.113865212,0.832509041,0.158462301,-0.00828821957,0.0947480053,0.315852582,-0.340381444,0.0106371241,1.0080781,-0.114263266,-0.12014544,0.0692921951,-0.0944565982,0.186508387,-0.0812452137,0.262534261,-0.153167009,0.0752169713,-0.202313393,-0.0567388833,0.06069161,0.360179245,-0.153533131,0.110748969,-0.0146001875,0.1908025,-0.0195926242,0.317623556,0.455411583,0.105515189,0.834377885,0.15810594,-0.0162046999,0.0986798629,0.322883695,-0.341030747,0.00977157801,0.995107293,-0.118715614,-0.110555679,0.073584348,-0.097877726,0.176917344,-0.0766549706,0.267716706,-0.151686445,0.0583903939,-0.1938508,-0.0520409793,0.060396526,0.34729895,-0.139800757,0.104129747,-0.0122085838,0.198480099,-0.0187594369,0.318012118,0.465982288,0.11355982,0.832577407,0.158449262,-0.00857775658,0.0948918015,0.316109747,-0.340405196,0.0106054675,1.00760376,-0.114426106,-0.119794704,0.0694491789
0.242886793,3194371.4,0,0,0.00238760514,9.00495797e-06,0,0.119402073,0.019413501,1,-0.97774291,0.00224280963,0.0018226353,0.209786773,0.25932014,0.0124592092,0.0329633541,-0.810113013,-0.191865608,-0,-0.140390635,0.0782614276,-0.0287613645,0.329398334,-0.186783418,-0.0714934245,-0.13731271,-0.0195163712,0.0524288043,0.347937763,-0.207762718,0.0487804078,-0.00681354757,-0.00298811682,0.00112497527,0.34180063,0.380593777,0.0934090018,0.902948916,0.158116311,0.0394715331,0.0575932078,0.285591096,-0.289050847,0.0225805566,1.03457892,-0.104159199,-0.131697103,0.0641536862,0.000139588097,-0.29787609,0.0365126431,-0.0259201657,0.0115989521,0.148316622,-0.527001262,-0.276574343,0.054502584,1.09746778,-0.579788506,0.117714755,-0.0503152311,-0.162126988,-0.0379145071,0.008425951,-0.360989332,-0.359019309,0.118712939,-0.00369907776,-0.457743824,0.438041627,0.574830472,-0.00122749154,-0.00414535543,-0.90724951,-0.346175611,0.718228757,0.24756749,-0.10048987,0.199296772,-0.0866400003,0.270393997,-0.147277445,0.0800093859,-0.204055995,-0.0564523339,0.0639718324,0.365385592,-0.162178025,0.0953638256,-0.00985806342,0.199731976,-0.0175857674,0.315747231,0.445829868,0.101664387,0.836598933,0.153852284,-0.0125468597,0.0974638462,0.323086888,-0.340228856,0.0086624939,0.994046509,-0.119687714,-0.108627088,0.0717329681,-0.0984401554,0.206788331,-0.0901827961,0.267213821,-0.147971869,0.0921159312,-0.210105509,-0.0597369671,0.0643719435,0.374743164,-0.172336459,0.0991115198,-0.0112601407,0.194861189,-0.0180533752,0.315363914,0.437838256,0.0957847312,0.837994695,0.153361067,-0.0176918078,0.100054465,0.327859253,-0.340621352,0.00801130757,0.985202253,-0.122759305,-0.102021009,0.0745301992,-0.100397334,0.199634969,-0.0867999494,0.27025041,-0.147308797,0.0805559605,-0.204329103,-0.0566006228,0.0639899001,0.36580804,-0.162636638,0.0955330133,-0.00992136355,0.199512094,-0.0176068787,0.315729916,0.445469052,0.101398945,0.836661935,0.153830096,-0.012779139,0.0975808054,0.323302358,-0.340246588,0.00863309484,0.993647218,-0.119826391,-0.108328849,0.0718592554
0.252898565,3194371.41,0,0,0.0123993773,2.25710683e-05,0,0.119402073,0.000516369939,1,-0.977764487,0.00095618685,0.00193772861,0.209694907,0.257322103,0.0446610637,0.00328009552,-0.849208117,-0.171992585,-0,-0.140757293,0.0754102096,-0.0283071436,0.329547524,-0.186886042,-0.0699969679,-0.142918169,-0.0221299827,0.0531271584,0.359122425,-0.213620082,0.049796652,-0.00716232462,-0.00454365974,0.000470185943,0.341838062,0.376786739,0.0896180645,0.904108465,0.157844976,0.0351251438,0.0620023571,0.291409671,-0.289056033,0.0225309748,1.02549422,-0.107705399,-0.12428192,0.0665048808,-0.0624475852,-0.277733564,0.0568403974,0.0452618711,-0.027000688,0.152390584,-0.592694819,-0.251562148,0.0862412304,1.14845049,-0.596490681,0.0897735506,-0.0184197873,-0.154015377,-0.0823472589,0.000453788438,-0.392165601,-0.39998135,0.114250667,-0.0468939692,-0.42277962,0.44942379,0.591978133,6.05291063e-07,-0.00560051762,-0.931262434,-0.369808882,0.778186917,0.229621455,-0.0996823236,0.202248275,-0.0880357847,0.269141078,-0.14755103,0.0847791135,-0.206439376,-0.0577464104,0.0641294718,0.369072258,-0.166180238,0.0968403369,-0.0104104532,0.197813004,-0.0177699961,0.315596223,0.442681313,0.0993479267,0.837148845,0.153658748,-0.0145738572,0.0984844938,0.324967086,-0.3403835,0.00840593968,0.990562081,-0.120897859,-0.106024437,0.0728350207,-0.0984401554,0.206788331,-0.0901827961,0.267213821,-0.147971869,0.0921159312,-0.210105509,-0.0597369671,0.0643719435,0.374743164,-0.172336459,0.0991115198,-0.0112601407,0.194861189,-0.0180533752,0.315363914,0.437838256,0.0957847312,0.837994695,0.153361067,-0.0176918078,0.100054465,0.327859253,-0.340621352,0.00801130757,0.985202253,-0.122759305,-0.102021009,0.0745301992,-0.0996143594,0.202496707,-0.0881532654,0.269035608,-0.147574067,0.0851805657,-0.206639975,-0.0578553267,0.0641427338,0.36938256,-0.166517079,0.0969646126,-0.0104569448,0.197651476,-0.0177855007,0.315583497,0.44241634,0.0991529599,0.837195098,0.153642461,-0.014744468,0.0985703915,0.325125337,-0.340396494,0.00838434696,0.990268826,-0.120999709,-0.105805382,0.072927773
0.263898245,3194371.42,0,0,0.00336817233,2.2510998e-05,0,0.149306841,0.0216716975,1,-0.97776562,-0.000487448997,0.00216192659,0.209688917,0.228246137,-0.00810080487,0.00594378822,-0.883673191,-0.146626189,-0,-0.141234666,0.0723626465,-0.0276958179,0.330425441,-0.18745856,-0.0683766082,-0.149283215,-0.0248730779,0.0541090108,0.372205704,-0.220486715,0.0505234264,-0.00732352911,-0.00617492292,-0.00010308122,0.341620594,0.371718675,0.084926039,0.905310631,0.157265618,0.0305527244,0.0669862255,0.298159122,-0.28904891,0.0224594865,1.0152843,-0.111741394,-0.115745895,0.0689605698,-0.0221432839,-0.234039575,0.0385156572,0.0883692503,-0.0598887019,0.119127505,-0.471357018,-0.21042724,0.0692635402,1.02350914,-0.544653833,0.0422722436,-0.0186207592,-0.118433297,-0.0272045508,-0.0291036982,-0.445317954,-0.374778539,0.0899581015,-0.0426395424,-0.346831322,0.377968371,0.533696949,0.000872783072,-0.00606918847,-0.764362812,-0.300562173,0.637373567,0.18425259,-0.105106205,0.219559759,-0.0967153907,0.273360014,-0.142781198,0.104260221,-0.215959668,-0.0634107515,0.0683935359,0.38402456,-0.190758765,0.0832429379,-0.0068065403,0.201200277,-0.0135143828,0.314341426,0.424677312,0.0867719874,0.842377245,0.148750186,-0.0165424123,0.0994979516,0.331106842,-0.339776605,0.00623369496,0.978892207,-0.125327051,-0.0953363627,0.0743622854,-0.104592741,0.222066388,-0.0979091451,0.27249217,-0.142905414,0.108166888,-0.217908144,-0.064477101,0.0685840622,0.387042373,-0.194176435,0.0841193199,-0.00715957023,0.199818939,-0.0135803195,0.314206898,0.422011256,0.0848218426,0.842878222,0.148521826,-0.018095592,0.100280397,0.33262071,-0.339882255,0.00600448996,0.976081669,-0.126309514,-0.0932036564,0.0752144754,-0.105069332,0.219739765,-0.0968011096,0.273297697,-0.142790124,0.104540735,-0.21609956,-0.0634873211,0.0684072226,0.384241253,-0.191004157,0.0833058655,-0.0068318909,0.201101094,-0.0135191167,0.31433177,0.424485892,0.0866319612,0.842413187,0.148733795,-0.0166539401,0.0995541364,0.331215531,-0.339784205,0.00621723756,0.978690386,-0.125397593,-0.0951832235,0.0744234771
0.274899278,3194371.43,0,0,0.0143692051,2.2361055e-05,0,0.149306841,0.000268161297,1,-0.977756977,-0.00158977148,0.00223050732,0.209723085,0.208863288,0.0356748737,-0.00774746248,-0.910699844,-0.120916478,-0,-0.14228031,0.0702187791,-0.0272670202,0.33213684,-0.188483551,-0.0670438707,-0.154615238,-0.0267359,0.0549328662,0.382723659,-0.226018786,0.0507468432,-0.00713017909,-0.00716424314,-0.000894320139,0.341037452,0.367230713,0.0804476589,0.906402349,0.156121701,0.0273487214,0.0707372203,0.303828269,-0.289034188,0.0222063717,1.00730407,-0.114909209,-0.10878142,0.070662424,-0.127932519,-0.200195566,0.0369761661,0.212393314,-0.124269575,0.132274777,-0.532047927,-0.171074629,0.0800836533,1.0421232,-0.548870862,0.0118476953,0.0292867515,-0.0841330737,-0.0817321017,-0.0787283853,-0.457348645,-0.472695231,0.116392203,-0.146201774,-0.299744844,0.360330462,0.566796362,0.00169132603,-0.0334339477,-0.787319064,-0.313275605,0.701134026,0.158313617,-0.104788318,0.221111596,-0.0974544361,0.272822738,-0.142858103,0.106678799,-0.217165947,-0.0640709177,0.0685114861,0.385892868,-0.19287461,0.0837854967,-0.0070250975,0.200345099,-0.0135552036,0.314258128,0.4230268,0.0855646729,0.842687368,0.148608819,-0.0175039694,0.0999823511,0.332044065,-0.339842021,0.00609179586,0.977152228,-0.125935286,-0.0940160304,0.0748898685,-0.104592741,0.222066388,-0.0979091451,0.27249217,-0.142905414,0.108166888,-0.217908144,-0.064477101,0.0685840622,0.387042373,-0.194176435,0.0841193199,-0.00715957023,0.199818939,-0.0135803195,0.314206898,0.422011256,0.0848218426,0.842878222,0.148521826,-0.018095592,0.100280397,0.33262071,-0.339882255,0.00600448996,0.976081669,-0.126309514,-0.0932036564,0.0752144754,-0.104768313,0.221209288,-0.0975009501,0.272788912,-0.142862946,0.106831044,-0.217241883,-0.064112477,0.0685189143,0.386010468,-0.193007797,0.0838196501,-0.00703885499,0.200291276,-0.0135577731,0.314252883,0.422922909,0.085488677,0.842706919,0.148599908,-0.0175644979,0.100012854,0.332103074,-0.339846134,0.00608286448,0.977042675,-0.125973567,-0.0939329118,0.0749230832
0.284899669,3194371.44,0,0,0.00439021783,2.19917856e-05,0,0.129201915,0.0202188343,1,-0.97775501,-0.00251616491,0.0024080337,0.209721386,0.174369842,-0.0150155881,0.00309450296,-0.930056453,-0.0990848839,-0,-0.143321887,0.0684892982,-0.0270552617,0.334476054,-0.189876661,-0.065912202,-0.159188524,-0.0282028764,0.0555678457,0.39237082,-0.231195226,0.0507495292,-0.00692623388,-0.00775938155,-0.00135189714,0.340028793,0.362388313,0.0759316832,0.907541633,0.15462178,0.0247641616,0.0737748817,0.309042156,-0.289016664,0.021877965,1.00047064,-0.117638297,-0.102571473,0.0720040724,-0.0841733739,-0.152870581,0.012739039,0.238253281,-0.145129949,0.0980719998,-0.404054105,-0.129252851,0.0533486977,0.902615964,-0.491681397,-0.00636060117,0.013991545,-0.0433002226,-0.0281295422,-0.110480182,-0.503616869,-0.428153217,0.110456608,-0.143859088,-0.228430882,0.258826584,0.486809373,0.00179739285,-0.0296741463,-0.597488821,-0.240677968,0.553570092,0.11748939,-0.112607256,0.225648135,-0.101391293,0.279285282,-0.1353039,0.120828941,-0.224136323,-0.0733254701,0.0740936473,0.392218947,-0.21398896,0.067365244,-0.00246481132,0.202788055,-0.00642981008,0.314153314,0.410605729,0.0739559829,0.848511696,0.144066691,-0.0169946998,0.0988738984,0.335955501,-0.339665294,0.00383240916,0.968932092,-0.129287913,-0.0846396685,0.074980706,-0.112569086,0.225906104,-0.101517126,0.279209435,-0.135303646,0.121242858,-0.224342614,-0.0734474882,0.074122034,0.392530978,-0.214365706,0.0674252436,-0.0024924241,0.202654183,-0.00642444845,0.314139694,0.410318613,0.0737417564,0.848571479,0.144036263,-0.0171489697,0.0989501849,0.336113244,-0.339675546,0.00380572863,0.968637586,-0.129391655,-0.0844109282,0.0750659704,-0.112601072,0.225689948,-0.101411685,0.279272974,-0.13530387,0.120896012,-0.224169746,-0.0733452439,0.0740982443,0.392269522,-0.21405001,0.067374967,-0.00246928725,0.202766359,-0.00642894115,0.314151108,0.410559177,0.0739212632,0.848521352,0.144061759,-0.0170196965,0.0988862589,0.335981041,-0.339666963,0.00382808596,0.968884349,-0.129304722,-0.0846025944,0.0749945268
0.295898271,3194371.45,0,0,0.0153888199,2.20960937e-05,0,0.129201915,5.96642494e-05,1,-0.977739453,-0.00335146696,0.00249635428,0.209781021,0.160115391,0.0193781909,-0.0163109899,-0.946743131,-0.0777689666,-0,-0.144785568,0.0671193227,-0.0268585552,0.337486863,-0.191696212,-0.064589493,-0.163502157,-0.0292538032,0.0562324263,0.401156098,-0.236004606,0.0497033484,-0.00619967794,-0.00802361872,-0.00205479329,0.338435352,0.357394516,0.0708952546,0.908890486,0.152602106,0.0228899717,0.0759820566,0.314204127,-0.288974613,0.0213011596,0.994457543,-0.120124623,-0.0965440199,0.0729266256,-0.159160689,-0.125010461,0.0180596672,0.325929254,-0.196773365,0.137825266,-0.417816907,-0.0903538316,0.0666656271,0.84577024,-0.46817109,-0.155729041,0.0941630974,-0.0157890189,-0.0718767568,-0.185942963,-0.503599405,-0.526666939,0.142438754,-0.22356911,-0.159758419,0.186839432,0.512335062,0.00482673105,-0.0674550831,-0.57365799,-0.241904184,0.603259325,0.0763853788,-0.112570897,0.225893885,-0.101511165,0.279213041,-0.135303661,0.121223226,-0.224332839,-0.0734417066,0.0741206855,0.392516196,-0.214347854,0.0674224049,-0.00249111559,0.202660531,-0.0064247027,0.31414035,0.410332203,0.0737518966,0.848568618,0.144037709,-0.0171416625,0.0989465714,0.336105764,-0.339675069,0.00380699337,0.968651533,-0.129386738,-0.0844217837,0.0750619322,-0.112569086,0.225906104,-0.101517126,0.279209435,-0.135303646,0.121242858,-0.224342614,-0.0734474882,0.074122034,0.392530978,-0.214365706,0.0674252436,-0.0024924241,0.202654183,-0.00642444845,0.314139694,0.410318613,0.0737417564,0.848571479,0.144036263,-0.0171489697,0.0989501849,0.336113244,-0.339675546,0.00380572863,0.968637586,-0.129391655,-0.0844109282,0.0750659704,-0.112570129,0.225899071,-0.101513691,0.279211491,-0.135303646,0.121231556,-0.224336982,-0.0734441578,0.0741212592,0.392522454,-0.214355424,0.0674236119,-0.00249167252,0.202657834,-0.00642459467,0.314140052,0.410326451,0.0737475902,0.84856987,0.144037098,-0.017144762,0.0989481062,0.336108923,-0.339675277,0.00380645692,0.968645632,-0.129388824,-0.0844171792,0.0750636458
0.306898684,3194371.46,0,0,0.00635379879,2.26190314e-05,0,0.163537916,0.0160759166,1,-0.977717757,-0.00417203689,0.00271689519,0.209864855,0.12643218,-0.0079763541,-0.0162200406,-0.959607899,-0.0595587716,-0,-0.146317258,0.0659655705,-0.0267531108,0.341367304,-0.19408235,-0.0631803721,-0.167609558,-0.03002147,0.0568843931,0.410208791,-0.241148666,0.0474469326,-0.00507740024,-0.00797946937,-0.00255344552,0.335961878,0.351031184,0.064915143,0.910541236,0.150038898,0.0215411782,0.0772928596,0.319635987,-0.288925737,0.0205165707,0.989094615,-0.122526541,-0.0902787372,0.0735617206,-0.12921603,-0.0752220228,0.00305999513,0.330764979,-0.205115825,0.121645197,-0.31627363,-0.0443981066,0.047803428,0.703278065,-0.399570018,-0.181154564,0.103269376,0.0217105132,-0.0443555377,-0.223730579,-0.54475534,-0.501074255,0.142555505,-0.215798452,-0.0780644417,0.0602984652,0.425326914,0.00357492059,-0.0731268972,-0.376767009,-0.178488061,0.493508369,0.0361401737,-0.123910606,0.216837764,-0.100492291,0.287352443,-0.125133231,0.129039049,-0.226350456,-0.0865975916,0.0804039091,0.392299145,-0.229191631,0.0513493195,0.00201068632,0.203097567,0.00163147226,0.314925998,0.404460579,0.0634424239,0.854494691,0.14035289,-0.014761135,0.0962263569,0.339066833,-0.340955317,0.00121467002,0.963066697,-0.13171488,-0.0755119026,0.0735463649,-0.123910606,0.216837764,-0.100492291,0.287352443,-0.125133231,0.129039064,-0.226350456,-0.0865975916,0.0804039091,0.392299145,-0.229191631,0.0513493195,0.00201068632,0.203097567,0.00163147226,0.314925998,0.404460579,0.0634424314,0.854494691,0.14035289,-0.0147611313,0.0962263569,0.339066833,-0.340955317,0.00121467002,0.963066697,-0.13171488,-0.0755118951,0.0735463649,-0.123910606,0.216837764,-0.100492291,0.287352443,-0.125133231,0.129039049,-0.226350456,-0.0865975916,0.0804039091,0.392299145,-0.229191631,0.0513493195,0.00201068632,0.203097567,0.00163147226,0.314925998,0.404460579,0.0634424239,0.854494691,0.14035289,-0.014761135,0.0962263569,0.339066833,-0.340955317,0.00121467002,0.963066697,-0.13171488,-0.0755119026,0.0735463649
0.31789826,3194371.47,0,0,0.017353375,2.21561641e-05,0,0.163537916,0,1,-0.977692366,-0.00482270354,0.00280290376,0.209967896,0.0963201895,-0.00243014749,-0.0131031768,-0.969461739,-0.0426024757,-0,-0.148233131,0.0653137043,-0.0268235058,0.345638454,-0.196718082,-0.0613494739,-0.171346188,-0.0302907117,0.0573643632,0.418049723,-0.245524138,0.0452775173,-0.00347422087,-0.00741061708,-0.00331568159,0.332811475,0.344390333,0.0581371076,0.912542105,0.147088796,0.0210645273,0.0776069611,0.324616969,-0.288891077,0.0192873199,0.984999418,-0.124575704,-0.0839623287,0.0737974793,-0.14515008,-0.0387897491,-0.0162207726,0.348492056,-0.216139138,0.149591774,-0.273630232,-0.00907504652,0.0278511699,0.602659941,-0.336984307,-0.177009091,0.131991565,0.0625641048,-0.0471516587,-0.276982546,-0.571335256,-0.574157953,0.175111368,-0.244125023,-0.0219164211,0.00477407174,0.379161954,0.00205669506,-0.111457922,-0.283302218,-0.152852774,0.503215611,0.0121709015,-0.123910606,0.216837764,-0.100492291,0.287352443,-0.125133231,0.129039049,-0.226350456,-0.0865975916,0.0804039091,0.392299145,-0.229191631,0.0513493195,0.00201068632,0.203097567,0.00163147226,0.314925998,0.404460579,0.0634424239,0.854494691,0.14035289,-0.014761135,0.0962263569,0.339066833,-0.340955317,0.00121467002,0.963066697,-0.13171488,-0.0755119026,0.0735463649,-0.123910606,0.216837764,-0.100492291,0.287352443,-0.125133231,0.129039064,-0.226350456,-0.0865975916,0.0804039091,0.392299145,-0.229191631,0.0513493195,0.00201068632,0.203097567,0.00163147226,0.314925998,0.404460579,0.0634424314,0.854494691,0.14035289,-0.0147611313,0.0962263569,0.339066833,-0.340955317,0.00121467002,0.963066697,-0.13171488,-0.0755118951,0.0735463649,-0.123910606,0.216837764,-0.100492291,0.287352443,-0.125133231,0.129039049,-0.226350456,-0.0865975916,0.0804039091,0.392299145,-0.229191631,0.0513493195,0.00201068632,0.203097567,0.00163147226,0.314925998,0.404460579,0.0634424239,0.854494691,0.14035289,-0.014761135,0.0962263569,0.339066833,-0.340955317,0.00121467002,0.963066697,-0.13171488,-0.0755119026,0.0735463649
0.327899117,3194371.48,0,0,0.00734861894,2.22120434e-05,0,0.169721898,0.0211596191,1,-0.977683902,-0.00514777843,0.00292639504,0.209997997,0.0831224993,-0.00661858683,-0.0043215761,-0.976373613,-0.0314160995,-0,-0.149206892,0.0651111752,-0.0270317271,0.348225683,-0.198349237,-0.0602229349,-0.17320925,-0.0302722212,0.0575044975,0.422428906,-0.248007074,0.0439042673,-0.00252618222,-0.00683156773,-0.00359047204,0.3306247,0.339639843,0.0536946505,0.913944364,0.14530322,0.0209593046,0.0774003565,0.327284455,-0.288881183,0.0184031855,0.983299136,-0.125611618,-0.0803218633,0.0738626197,-0.128045753,-0.0236054435,-0.0319390446,0.320330977,-0.202029452,0.158025682,-0.227605358,0.00512687163,0.0134098884,0.524391651,-0.301139623,-0.17000331,0.120166823,0.0763879567,-0.0425571911,-0.277326345,-0.598793626,-0.566873968,0.181496531,-0.222982436,-0.00881408527,-0.0451896675,0.322763622,0.000943048508,-0.116626292,-0.193078563,-0.122455344,0.457397938,0.00506966375,-0.136412755,0.195678145,-0.0950584263,0.296922266,-0.111969486,0.131276429,-0.224222153,-0.101421982,0.0866152793,0.390452743,-0.236138299,0.037663985,0.00630154833,0.200631917,0.00823568925,0.316301346,0.404195666,0.0547172874,0.859979272,0.137034118,-0.0117433146,0.0928206742,0.34294346,-0.342760324,-0.0013641119,0.959598958,-0.1333583,-0.0666740537,0.0705927312,-0.136412755,0.195678145,-0.0950584263,0.296922266,-0.111969486,0.131276444,-0.224222153,-0.101421982,0.0866152793,0.390452743,-0.236138299,0.037663985,0.00630154833,0.200631917,0.00823568925,0.316301346,0.404195666,0.0547172874,0.859979272,0.137034118,-0.0117433136,0.0928206742,0.34294346,-0.342760324,-0.0013641119,0.959598958,-0.1333583,-0.0666740537,0.0705927312,-0.136412755,0.195678145,-0.0950584263,0.296922266,-0.111969486,0.131276429,-0.224222153,-0.101421982,0.0866152793,0.390452743,-0.236138299,0.037663985,0.00630154833,0.200631917,0.00823568925,0.316301346,0.404195666,0.0547172874,0.859979272,0.137034118,-0.0117433146,0.0928206742,0.34294346,-0.342760324,-0.0013641119,0.959598958,-0.1333583,-0.0666740537,0.0705927312
0.33886851,3194371.49,0,0,0.0183180119,4.52622771e-06,0,0.169721898,0,1,-0.977686346,-0.00563236186,0.00293953414,0.209973931,0.0740922242,0.0108422451,0.00881714094,-0.982190907,-0.0224719774,-0,-0.151063353,0.0648154095,-0.0275587756,0.352081031,-0.200750977,-0.0577908084,-0.175976962,-0.030181,0.0575860143,0.428259432,-0.251447171,0.0419285707,-0.000870113843,-0.00580462255,-0.00435535423,0.32708171,0.332445592,0.0462682843,0.916308224,0.142496586,0.0209252499,0.0762184784,0.331086278,-0.288882375,0.0167193152,0.981075525,-0.127012596,-0.0743325874,0.0738512948,-0.143065825,-0.0195054095,-0.0518903062,0.302500814,-0.189033523,0.201383486,-0.207598284,0.0126405815,0.00126672606,0.449546844,-0.270658553,-0.159030288,0.13843286,0.0928576887,-0.0525946394,-0.298150778,-0.609879434,-0.623002887,0.195385769,-0.222048372,-5.221217e-05,-0.141238749,0.290655583,-0.00120396249,-0.148366973,-0.155733198,-0.105081558,0.487103254,-0.00370900915,-0.136412755,0.195678145,-0.0950584263,0.296922266,-0.111969486,0.131276429,-0.224222153,-0.101421982,0.0866152793,0.390452743,-0.236138299,0.037663985,0.00630154833,0.200631917,0.00823568925,0.316301346,0.404195666,0.0547172874,0.859979272,0.137034118,-0.0117433146,0.0928206742,0.34294346,-0.342760324,-0.0013641119,0.959598958,-0.1333583,-0.0666740537,0.0705927312,-0.136412755,0.195678145,-0.0950584263,0.296922266,-0.111969486,0.131276444,-0.224222153,-0.101421982,0.0866152793,0.390452743,-0.236138299,0.037663985,0.00630154833,0.200631917,0.00823568925,0.316301346,0.404195666,0.0547172874,0.859979272,0.137034118,-0.0117433136,0.0928206742,0.34294346,-0.342760324,-0.0013641119,0.959598958,-0.1333583,-0.0666740537,0.0705927312,-0.136412755,0.195678145,-0.0950584263,0.296922266,-0.111969486,0.131276429,-0.224222153,-0.101421982,0.0866152793,0.390452743,-0.236138299,0.037663985,0.00630154833,0.200631917,0.00823568925,0.316301346,0.404195666,0.0547172874,0.859979272,0.137034118,-0.0117433146,0.0928206742,0.34294346,-0.342760324,-0.0013641119,0.959598958,-0.1333583,-0.0666740537,0.0705927312
0.348870949,3194371.5,0,0,0.00827906001,5.08408993e-06,0,0.210726168,0.0270943344,1,-0.97769922,-0.0059826253,0.00298001058,0.209903672,0.0734253675,0.0198123455,0.0172457248,-0.986239433,-0.0165713802,-0,-0.15230985,0.0646587834,-0.0281523094,0.354783714,-0.202460498,-0.0557829626,-0.177794442,-0.0300182104,0.0575422719,0.432338119,-0.253944159,0.0403718241,0.0004119566,-0.0048446157,-0.00477302447,0.324255198,0.326190233,0.0401932597,0.918090284,0.140526846,0.020944519,0.074298881,0.333592981,-0.288911074,0.0152879898,0.979962885,-0.127911761,-0.0698784366,0.0736571699,-0.1407682,-0.0231187046,-0.0623658635,0.271304786,-0.169066444,0.24087885,-0.190731987,0.0120868394,-0.00526543614,0.397088706,-0.242467031,-0.161335677,0.137169942,0.0940828919,-0.0528131425,-0.28233403,-0.621886909,-0.633897007,0.173435271,-0.202627525,0.0036766117,-0.225401059,0.246829689,-0.00347732427,-0.144501358,-0.111950539,-0.0910376906,0.463064671,-0.053229738,-0.146239489,0.16858381,-0.0870626643,0.308888376,-0.0939589217,0.130032301,-0.219633043,-0.115324602,0.0923717916,0.390339643,-0.230893075,0.0262273476,0.0102395471,0.196675032,0.0117293634,0.318180412,0.408471227,0.0482483208,0.864390373,0.133831173,-0.00924503803,0.0897682831,0.347841263,-0.344386458,-0.00328653306,0.957958341,-0.134913459,-0.0584670156,0.0664275885,-0.146239489,0.16858381,-0.0870626643,0.308888376,-0.0939589217,0.130032286,-0.219633043,-0.115324602,0.0923717916,0.390339643,-0.230893075,0.0262273476,0.0102395471,0.196675032,0.0117293634,0.318180412,0.408471227,0.0482483171,0.864390373,0.133831173,-0.00924504176,0.0897682831,0.347841263,-0.344386458,-0.00328653306,0.957958341,-0.134913459,-0.0584670193,0.0664275885,-0.146239489,0.16858381,-0.0870626643,0.308888376,-0.0939589217,0.130032301,-0.219633043,-0.115324602,0.0923717916,0.390339643,-0.230893075,0.0262273476,0.0102395471,0.196675032,0.0117293634,0.318180412,0.408471227,0.0482483208,0.864390373,0.133831173,-0.00924503803,0.0897682831,0.347841263,-0.344386458,-0.00328653306,0.957958341,-0.134913459,-0.0584670156,0.0664275885
0.359898382,3194371.52,0,0,0.019306493,2.2018794e-05,0,0.210726168,0,1,-0.977722108,-0.00638029445,0.00293530454,0.209785983,0.0751742944,0.0207662284,0.0298713185,-0.989662886,-0.0118535319,-0,-0.153766796,0.0643498003,-0.0288361982,0.357400984,-0.204057202,-0.053118363,-0.179686308,-0.0299547538,0.0574510917,0.436143428,-0.256256104,0.0387564823,0.00184010575,-0.00390452519,-0.00526317535,0.321479082,0.319968969,0.0336060971,0.919669747,0.138513088,0.0209886655,0.0715664029,0.335902691,-0.289007664,0.0138891079,0.978887379,-0.128805995,-0.0651956722,0.0727349147,-0.134412915,-0.0325434208,-0.0745945796,0.244169787,-0.147759393,0.26141727,-0.174988121,0.00408249302,-0.0147329234,0.36326158,-0.221340671,-0.157431096,0.136141688,0.0957132205,-0.035482239,-0.267656207,-0.629608572,-0.655865431,0.141608313,-0.188482791,0.00453058723,-0.303335994,0.208782569,-0.0165861808,-0.130993292,-0.0914090201,-0.0830906853,0.446587116,-0.104571618,-0.146239489,0.16858381,-0.0870626643,0.308888376,-0.0939589217,0.130032301,-0.219633043,-0.115324602,0.0923717916,0.390339643,-0.230893075,0.0262273476,0.0102395471,0.196675032,0.0117293634,0.318180412,0.408471227,0.0482483208,0.864390373,0.133831173,-0.00924503803,0.0897682831,0.347841263,-0.344386458,-0.00328653306,0.957958341,-0.134913459,-0.0584670156,0.0664275885,-0.146239489,0.16858381,-0.0870626643,0.308888376,-0.0939589217,0.130032286,-0.219633043,-0.115324602,0.0923717916,0.390339643,-0.230893075,0.0262273476,0.0102395471,0.196675032,0.0117293634,0.318180412,0.408471227,0.0482483171,0.864390373,0.133831173,-0.00924504176,0.0897682831,0.347841263,-0.344386458,-0.00328653306,0.957958341,-0.134913459,-0.0584670193,0.0664275885,-0.146239489,0.16858381,-0.0870626643,0.308888376,-0.0939589217,0.130032301,-0.219633043,-0.115324602,0.0923717916,0.390339643,-0.230893075,0.0262273476,0.0102395471,0.196675032,0.0117293634,0.318180412,0.408471227,0.0482483208,0.864390373,0.133831173,-0.00924503803,0.0897682831,0.347841263,-0.344386458,-0.00328653306,0.957958341,-0.134913459,-0.0584670156,0.0664275885
0.370898964,3194371.53,0,0,0.0103513398,2.21580267e-05,0,0.166720711,0.0268635005,1,-0.977768958,-0.00685726153,0.00291351019,0.209552795,0.0864335671,0.0295626,0.0408876128,-0.992251813,-0.00847884826,-0,-0.155281708,0.0638662353,-0.0298541132,0.360040307,-0.205609083,-0.0498416945,-0.181647062,-0.029992085,0.0571844168,0.440242261,-0.258733034,0.0369587801,0.00332031935,-0.002775345,-0.00555827701,0.318583608,0.312267125,0.0258141253,0.920969784,0.136502847,0.0210486017,0.0674239844,0.337997109,-0.289370984,0.0125739081,0.978079498,-0.129720986,-0.060341768,0.071190685,-0.142493099,-0.0575316362,-0.087181434,0.227749377,-0.126945704,0.331540048,-0.177984163,-0.01492697,-0.0183639098,0.347740889,-0.20372881,-0.149926215,0.13441883,0.0854516849,-0.026167715,-0.233551219,-0.635891497,-0.678225577,0.0893075988,-0.17660673,0.00570833543,-0.373971939,0.169134349,-0.0374557041,-0.0984572396,-0.0747519284,-0.084732756,0.41544503,-0.178163707,-0.152610719,0.14172031,-0.0788541064,0.322291583,-0.0717802644,0.127513587,-0.213776946,-0.126424313,0.0973358899,0.392694294,-0.215491951,0.0164382569,0.0135896076,0.192316532,0.0119231418,0.321492255,0.415344417,0.0442942828,0.868006349,0.130635306,-0.00690115988,0.0874327496,0.353620559,-0.345223039,-0.00415002927,0.95791322,-0.136576742,-0.0516957194,0.0616745651,-0.152610719,0.14172031,-0.0788541064,0.322291583,-0.0717802644,0.127513602,-0.213776946,-0.126424313,0.0973358899,0.392694294,-0.215491951,0.0164382569,0.0135896076,0.192316532,0.0119231418,0.321492255,0.415344417,0.0442942902,0.868006349,0.130635306,-0.00690115988,0.0874327496,0.353620559,-0.345223039,-0.00415002927,0.95791322,-0.136576742,-0.0516957194,0.0616745651,-0.152610719,0.14172031,-0.0788541064,0.322291583,-0.0717802644,0.127513587,-0.213776946,-0.126424313,0.0973358899,0.392694294,-0.215491951,0.0164382569,0.0135896076,0.192316532,0.0119231418,0.321492255,0.415344417,0.0442942828,0.868006349,0.130635306,-0.00690115988,0.0874327496,0.353620559,-0.345223039,-0.00415002927,0.95791322,-0.136576742,-0.0516957194,0.0616745651
0.380906473,3194371.54,0,0,0.000354934018,2.43978575e-05,0,0.169824343,0.0244836807,1,-0.977813482,-0.00731960032,0.00287018251,0.209329873,0.0869920701,0.0268419534,0.0496699847,-0.994045079,-0.00625250721,-0,-0.156667143,0.0632168278,-0.0307792015,0.362205535,-0.206757843,-0.0464781299,-0.183376625,-0.0302046947,0.0569891781,0.44363457,-0.260685772,0.0355453417,0.0046370565,-0.00192721596,-0.00570739061,0.316449016,0.305834949,0.0190136526,0.92158711,0.134847522,0.0210962091,0.0634204969,0.339472264,-0.289889395,0.0117279757,0.977436125,-0.130548388,-0.0564359799,0.0692261457,-0.13157995,-0.0655573457,-0.0977119803,0.201455817,-0.103749476,0.321733326,-0.164664462,-0.0229689255,-0.0234896522,0.326318651,-0.187113047,-0.133508638,0.122247562,0.0873326734,-0.00926929712,-0.194007233,-0.653700411,-0.668365836,0.0423962027,-0.149277672,0.0039687315,-0.414068669,0.12846975,-0.0628754497,-0.0749195069,-0.0495792292,-0.0766861215,0.359161705,-0.192933962,-0.152610719,0.14172031,-0.0788541064,0.322291583,-0.0717802644,0.127513587,-0.213776946,-0.126424313,0.0973358899,0.392694294,-0.215491951,0.0164382569,0.0135896076,0.192316532,0.0119231418,0.321492255,0.415344417,0.0442942828,0.868006349,0.130635306,-0.00690115988,0.0874327496,0.353620559,-0.345223039,-0.00415002927,0.95791322,-0.136576742,-0.0516957194,0.0616745651,-0.155965984,0.118020922,-0.0714927092,0.336915642,-0.0472965837,0.124197803,-0.208727837,-0.134028345,0.101342529,0.396640688,-0.194917798,0.00813707337,0.0164183136,0.18841657,0.0101852827,0.326318353,0.424153209,0.0421813838,0.871137738,0.127597496,-0.00469136704,0.0857052803,0.360222816,-0.345341414,-0.00396430679,0.959049821,-0.13831839,-0.0465564057,0.0566029511,-0.155965984,0.118020922,-0.0714927092,0.336915642,-0.0472965837,0.124197811,-0.208727837,-0.134028345,0.101342529,0.396640688,-0.194917798,0.00813707337,0.0164183136,0.18841657,0.0101852827,0.326318353,0.424153209,0.0421813875,0.871137738,0.127597496,-0.00469136983,0.0857052803,0.360222816,-0.345341414,-0.00396430679,0.959049821,-0.13831839,-0.0465564132,0.0566029474
0.391886799,3194371.55,0,0,0.0113352602,4.61237505e-06,0,0.169824343,0,1,-0.977866054,-0.00779117364,0.00282893796,0.209067523,0.0996420532,0.0319920033,0.0530857518,-0.995548546,-0.00417121034,-0,-0.158002272,0.0624697395,-0.0317732021,0.364188075,-0.207713336,-0.0430245847,-0.185012564,-0.0305125285,0.0567500144,0.446837455,-0.262488514,0.0342923626,0.00581392227,-0.0010857837,-0.00575952372,0.314713955,0.299222469,0.0123589141,0.921828747,0.133462578,0.0211189035,0.0591566525,0.340579033,-0.290655285,0.0111277038,0.977022469,-0.13131462,-0.0531526357,0.0671605244,-0.148611918,-0.0904061645,-0.0960857347,0.217779636,-0.0986541137,0.403947383,-0.175747752,-0.0421985164,-0.0188427772,0.33325246,-0.182483941,-0.123110853,0.126868919,0.0751329958,-0.0036848709,-0.16906862,-0.655252576,-0.685008466,0.015663242,-0.148928061,0.00132117397,-0.435502648,0.109103717,-0.0833307952,-0.0494377241,-0.0475732051,-0.0869579017,0.331055522,-0.243821949,-0.155965984,0.118020922,-0.0714927092,0.336915642,-0.0472965837,0.124197811,-0.208727837,-0.134028345,0.101342529,0.396640688,-0.194917798,0.00813707337,0.0164183136,0.18841657,0.0101852827,0.326318353,0.424153209,0.0421813875,0.871137738,0.127597496,-0.00469136983,0.0857052803,0.360222816,-0.345341414,-0.00396430679,0.959049821,-0.13831839,-0.0465564132,0.0566029474,-0.155965984,0.118020922,-0.0714927092,0.336915642,-0.0472965837,0.124197803,-0.208727837,-0.134028345,0.101342529,0.396640688,-0.194917798,0.00813707337,0.0164183136,0.18841657,0.0101852827,0.326318353,0.424153209,0.0421813838,0.871137738,0.127597496,-0.00469136704,0.0857052803,0.360222816,-0.345341414,-0.00396430679,0.959049821,-0.13831839,-0.0465564057,0.0566029511,-0.155965984,0.118020922,-0.0714927092,0.336915642,-0.0472965837,0.124197811,-0.208727837,-0.134028345,0.101342529,0.396640688,-0.194917798,0.00813707337,0.0164183136,0.18841657,0.0101852827,0.326318353,0.424153209,0.0421813875,0.871137738,0.127597496,-0.00469136983,0.0857052803,0.360222816,-0.345341414,-0.00396430679,0.959049821,-0.13831839,-0.0465564132,0.0566029474
0.401901242,3194371.56,0,0,0.00138216279,2.26078555e-05,7.73296449e-08,0.138262287,0.0241620392,1,-0.977919936,-0.00832183473,0.00278310617,0.208795622,0.100142144,0.0295038074,0.0574795119,-0.996586382,-0.000359124009,-0,-0.159485653,0.0614983067,-0.0327298939,0.366339803,-0.208624825,-0.0389417522,-0.18675065,-0.0309992041,0.0565728955,0.450134307,-0.264275372,0.0331547223,0.00706353877,-0.000343881984,-0.00576831913,0.313182116,0.292602956,0.0055576181,0.921917558,0.132069096,0.0211104844,0.0547434427,0.341538757,-0.291629434,0.0107354615,0.976636529,-0.13217327,-0.0501150042,0.0646702275,-0.141171873,-0.0969282985,-0.0971693471,0.203814358,-0.082867302,0.390694827,-0.165730238,-0.0499997996,-0.0195571668,0.319307268,-0.173591524,-0.106335312,0.117686197,0.0769215226,0.00106421695,-0.138934433,-0.671481192,-0.665527582,0.00558971521,-0.125076428,-0.00233747973,-0.441732973,0.0836561322,-0.107514001,-0.0342429727,-0.0282723233,-0.08003629,0.276238203,-0.236541107,-0.15689306,0.0995943323,-0.0657375976,0.351722836,-0.0231345445,0.120264202,-0.206425294,-0.1378223,0.104248747,0.400879234,-0.174595863,0.00163203105,0.0183086712,0.184645385,0.00790593214,0.331552029,0.432283461,0.0415595919,0.87339133,0.124856651,-0.00262125582,0.084038265,0.366784841,-0.344991952,-0.00296310522,0.960416436,-0.140492767,-0.0433000922,0.0517203696,-0.15689306,0.0995943323,-0.0657375976,0.351722836,-0.0231345445,0.120264202,-0.206425294,-0.1378223,0.104248747,0.400879234,-0.174595863,0.00163203059,0.0183086712,0.184645385,0.00790593214,0.331552029,0.432283461,0.0415595919,0.87339133,0.124856651,-0.00262125861,0.084038265,0.366784841,-0.344991952,-0.00296310522,0.960416436,-0.140492767,-0.0433000922,0.0517203696,-0.15689306,0.0995943323,-0.0657375976,0.351722836,-0.0231345445,0.120264202,-0.206425294,-0.1378223,0.104248747,0.400879234,-0.174595863,0.00163203105,0.0183086712,0.184645385,0.00790593214,0.331552029,0.432283461,0.0415595919,0.87339133,0.124856651,-0.00262125582,0.084038265,0.366784841,-0.344991952,-0.00296310522,0.960416436,-0.140492767,-0.0433000922,0.0517203696
0.411904713,3194371.57,0,0,0.0113856341,2.49342993e-05,0.00010280827,0.138262287,0,1,-0.977977991,-0.00883782934,0.00275951508,0.208502695,0.104054585,0.0290832818,0.0590332113,-0.997384012,0.00255500595,-0,-0.160890892,0.0604947992,-0.033687491,0.368411988,-0.209420785,-0.0349651799,-0.188347101,-0.0315348655,0.0563771501,0.453266978,-0.265970975,0.0321639255,0.0081644142,0.000427430525,-0.00571856555,0.311982542,0.285803467,-0.000917850179,0.92194289,0.130920172,0.0210488737,0.0503533743,0.342248559,-0.292823762,0.010471737,0.976388037,-0.133010015,-0.047667712,0.0623033382,-0.156603873,-0.108879082,-0.0915944278,0.233097777,-0.0864851549,0.437086761,-0.168807089,-0.0594161004,-0.0159893688,0.323986411,-0.172135577,-0.0972341374,0.112836123,0.0725973472,0.0044554593,-0.111754678,-0.676689684,-0.649187207,0.000719603384,-0.122849762,-0.00922855549,-0.440340966,0.0697424412,-0.125301465,-0.0191248897,-0.0287724677,-0.0992845297,0.236787021,-0.264680982,-0.15689306,0.0995943323,-0.0657375976,0.351722836,-0.0231345445,0.120264202,-0.206425294,-0.1378223,0.104248747,0.400879234,-0.174595863,0.00163203105,0.0183086712,0.184645385,0.00790593214,0.331552029,0.432283461,0.0415595919,0.87339133,0.124856651,-0.00262125582,0.084038265,0.366784841,-0.344991952,-0.00296310522,0.960416436,-0.140492767,-0.0433000922,0.0517203696,-0.15689306,0.0995943323,-0.0657375976,0.351722836,-0.0231345445,0.120264202,-0.206425294,-0.1378223,0.104248747,0.400879234,-0.174595863,0.00163203059,0.0183086712,0.184645385,0.00790593214,0.331552029,0.432283461,0.0415595919,0.87339133,0.124856651,-0.00262125861,0.084038265,0.366784841,-0.344991952,-0.00296310522,0.960416436,-0.140492767,-0.0433000922,0.0517203696,-0.15689306,0.0995943323,-0.0657375976,0.351722836,-0.0231345445,0.120264202,-0.206425294,-0.1378223,0.104248747,0.400879234,-0.174595863,0.00163203105,0.0183086712,0.184645385,0.00790593214,0.331552029,0.432283461,0.0415595919,0.87339133,0.124856651,-0.00262125582,0.084038265,0.366784841,-0.344991952,-0.00296310522,0.960416436,-0.140492767,-0.0433000922,0.0517203696
0.422902102,3194371.58,0,0,0.00232996233,2.30390579e-05,0.000795609201,0.189560931,0.0212559551,1,-0.978044033,-0.00945251621,0.00277909613,0.208165169,0.0959507227,0.00545717031,0.0552374832,-0.998048902,0.00497199316,-0,-0.162639797,0.0592156984,-0.0347337648,0.371222854,-0.210429624,-0.0299480781,-0.190206498,-0.0322390571,0.0562179163,0.457080752,-0.268005162,0.0311021563,0.00943055376,0.00132363033,-0.0055216141,0.310934663,0.277596027,-0.00835238677,0.921933115,0.12955372,0.0208048001,0.0451584309,0.342904538,-0.294466019,0.0103167119,0.976125717,-0.134196803,-0.0452305749,0.0592341349,-0.123963751,-0.10021963,-0.084632881,0.220622852,-0.0781585053,0.384065717,-0.133758977,-0.0551151223,-0.0124101564,0.304449111,-0.164870292,-0.0810568333,0.0958618522,0.07846082,0.0308679417,-0.0670343265,-0.693314552,-0.587848544,-0.00153265521,-0.0999159366,-0.0293579884,-0.422537506,0.0395822115,-0.144817218,-0.0102566415,-0.0154849933,-0.0896449015,0.173892304,-0.230390117,-0.156576812,0.0860921741,-0.061648421,0.364530116,-0.00187858939,0.11563915,-0.207685947,-0.139351174,0.106439456,0.403614968,-0.159819409,-0.00322219357,0.0190454591,0.18098706,0.00659717619,0.335468382,0.438614011,0.0419183969,0.874230325,0.122630671,-0.00120990723,0.0821733922,0.372686565,-0.344279647,-0.00130596943,0.96149534,-0.142816842,-0.041344732,0.0472301841,-0.156576812,0.0860921741,-0.0616484173,0.364530116,-0.00187858939,0.115639158,-0.207685947,-0.139351174,0.106439456,0.403614968,-0.159819409,-0.00322219497,0.0190454591,0.18098706,0.00659717619,0.335468382,0.438614011,0.0419183969,0.874230325,0.122630671,-0.00120990397,0.0821733922,0.372686565,-0.344279647,-0.00130596943,0.96149534,-0.142816842,-0.041344732,0.0472301841,-0.156576812,0.0860921741,-0.061648421,0.364530116,-0.00187858939,0.11563915,-0.207685947,-0.139351174,0.106439456,0.403614968,-0.159819409,-0.00322219357,0.0190454591,0.18098706,0.00659717619,0.335468382,0.438614011,0.0419183969,0.874230325,0.122630671,-0.00120990723,0.0821733922,0.372686565,-0.344279647,-0.00130596943,0.96149534,-0.142816842,-0.041344732,0.0472301841
0.433899668,3194371.59,0,0,0.0133275283,2.25529075e-05,0.00259515271,0.189560931,0,1,-0.978085637,-0.00982272811,0.00283130188,0.207951993,0.0927140713,0.0127411624,0.0537958853,-0.998544455,0.00676403474,-0,-0.16369696,0.0584278256,-0.0353907607,0.37309292,-0.211079344,-0.026904773,-0.191295788,-0.0326676071,0.0561300069,0.459518313,-0.269319057,0.0304780845,0.0101396162,0.00195237307,-0.00530562317,0.310573757,0.272046655,-0.0128653394,0.921911776,0.128758609,0.0204987042,0.041827511,0.343191683,-0.295653909,0.0102489246,0.975975454,-0.134996563,-0.0439836234,0.0573272705,-0.148224935,-0.0995078161,-0.0806474239,0.252950221,-0.0870106146,0.390012741,-0.146339878,-0.0536533184,-0.00981926546,0.31121698,-0.165978163,-0.0773540139,0.0863152444,0.0774063915,0.0194353573,-0.0328818001,-0.689959466,-0.554502606,-0.00347689702,-0.105097659,-0.0433308892,-0.415676743,0.03778648,-0.149419516,-0.00744457589,-0.0231204759,-0.11404784,0.149333045,-0.257782042,-0.156576812,0.0860921741,-0.061648421,0.364530116,-0.00187858939,0.11563915,-0.207685947,-0.139351174,0.106439456,0.403614968,-0.159819409,-0.00322219357,0.0190454591,0.18098706,0.00659717619,0.335468382,0.438614011,0.0419183969,0.874230325,0.122630671,-0.00120990723,0.0821733922,0.372686565,-0.344279647,-0.00130596943,0.96149534,-0.142816842,-0.041344732,0.0472301841,-0.156576812,0.0860921741,-0.0616484173,0.364530116,-0.00187858939,0.115639158,-0.207685947,-0.139351174,0.106439456,0.403614968,-0.159819409,-0.00322219497,0.0190454591,0.18098706,0.00659717619,0.335468382,0.438614011,0.0419183969,0.874230325,0.122630671,-0.00120990397,0.0821733922,0.372686565,-0.344279647,-0.00130596943,0.96149534,-0.142816842,-0.041344732,0.0472301841,-0.156576812,0.0860921741,-0.061648421,0.364530116,-0.00187858939,0.11563915,-0.207685947,-0.139351174,0.106439456,0.403614968,-0.159819409,-0.00322219357,0.0190454591,0.18098706,0.00659717619,0.335468382,0.438614011,0.0419183969,0.874230325,0.122630671,-0.00120990723,0.0821733922,0.372686565,-0.344279647,-0.00130596943,0.96149534,-0.142816842,-0.041344732,0.0472301841
0.443902817,3194371.6,0,0,0.00337072136,2.34981999e-05,0.00556504959,0.151225831,0.0172215849,1,-0.978143692,-0.010327233,0.00293343398,0.207652718,0.0794805065,-0.0142609607,0.048091758,-0.998881042,0.00797711965,-0,-0.16534847,0.0573317558,-0.0363208316,0.37617138,-0.212148637,-0.0225837491,-0.192882821,-0.0332392678,0.0560298748,0.463181764,-0.271285862,0.0296289567,0.0111285644,0.00291358144,-0.00491667213,0.310383171,0.263787717,-0.0190898888,0.921869755,0.127545759,0.0199836381,0.0369659625,0.343581229,-0.297471553,0.0101699969,0.975687146,-0.13637194,-0.0425053164,0.0543086566,-0.114730567,-0.0826037899,-0.075355649,0.24511233,-0.0864001364,0.325131238,-0.110027298,-0.0416859835,-0.00779301114,0.293353885,-0.159844965,-0.0651442558,0.0797633156,0.0830051154,0.0507013686,-0.00775459781,-0.688940167,-0.489007354,-0.00294295861,-0.092311278,-0.0370977968,-0.393330038,0.0254508276,-0.152182624,-0.00634334981,-0.0213272776,-0.104184762,0.101845883,-0.229086474,-0.155773908,0.0760709047,-0.0588193461,0.374664187,0.0153429955,0.110955894,-0.21189037,-0.140154362,0.108167127,0.404539555,-0.152681231,-0.00742636248,0.0189497098,0.178875953,0.00651288964,0.336918026,0.442160845,0.0424459726,0.873547018,0.120824978,-0.00105182081,0.0797739103,0.378079534,-0.343437076,0.000800095499,0.962300599,-0.144993067,-0.0399907976,0.043390315,-0.155773908,0.0760709047,-0.0588193424,0.374664187,0.0153429955,0.110955901,-0.21189037,-0.140154362,0.108167127,0.404539555,-0.152681231,-0.00742636248,0.0189497098,0.178875953,0.00651288964,0.336918026,0.442160845,0.0424459763,0.873547018,0.120824978,-0.00105181849,0.0797739103,0.378079534,-0.343437076,0.000800095499,0.962300599,-0.144993067,-0.0399907939,0.043390315,-0.155773908,0.0760709047,-0.0588193461,0.374664187,0.0153429955,0.110955894,-0.21189037,-0.140154362,0.108167127,0.404539555,-0.152681231,-0.00742636248,0.0189497098,0.178875953,0.00651288964,0.336918026,0.442160845,0.0424459726,0.873547018,0.120824978,-0.00105182081,0.0797739103,0.378079534,-0.343437076,0.000800095499,0.962300599,-0.144993067,-0.0399907976,0.043390315
0.453904891,3194371.61,0,0,0.0133727952,2.40220688e-05,0.0100931693,0.151225831,0,1,-0.978197813,-0.0107417339,0.00308299484,0.207374468,0.0683402121,-0.00506561901,0.0468987226,-0.999139249,0.00890371297,-0,-0.166837901,0.0564318225,-0.0372214019,0.37918362,-0.213188305,-0.0190449301,-0.194262743,-0.0336659811,0.0559344813,0.466660917,-0.273172706,0.0288712028,0.0120443944,0.00390772941,-0.0044085863,0.310455203,0.255627364,-0.0244869627,0.92183882,0.126456499,0.0196901038,0.0323251486,0.343964636,-0.299239069,0.0101078125,0.975355983,-0.137705654,-0.0414716788,0.0515445471,-0.133131444,-0.0700839758,-0.0750757679,0.256997555,-0.0879929289,0.276541054,-0.120907784,-0.0314484239,-0.00811960083,0.289468646,-0.156098843,-0.0617319159,0.0724474564,0.0818482786,0.0357601829,0.0170326736,-0.671323955,-0.421815723,-0.00255366508,-0.0926939324,-0.0178932436,-0.382438362,0.0367247462,-0.142463654,-0.00438240916,-0.0329285637,-0.117982857,0.0777603686,-0.234965414,-0.155773908,0.0760709047,-0.0588193461,0.374664187,0.0153429955,0.110955894,-0.21189037,-0.140154362,0.108167127,0.404539555,-0.152681231,-0.00742636248,0.0189497098,0.178875953,0.00651288964,0.336918026,0.442160845,0.0424459726,0.873547018,0.120824978,-0.00105182081,0.0797739103,0.378079534,-0.343437076,0.000800095499,0.962300599,-0.144993067,-0.0399907976,0.043390315,-0.155773908,0.0760709047,-0.0588193424,0.374664187,0.0153429955,0.110955901,-0.21189037,-0.140154362,0.108167127,0.404539555,-0.152681231,-0.00742636248,0.0189497098,0.178875953,0.00651288964,0.336918026,0.442160845,0.0424459763,0.873547018,0.120824978,-0.00105181849,0.0797739103,0.378079534,-0.343437076,0.000800095499,0.962300599,-0.144993067,-0.0399907939,0.043390315,-0.155773908,0.0760709047,-0.0588193461,0.374664187,0.0153429955,0.110955894,-0.21189037,-0.140154362,0.108167127,0.404539555,-0.152681231,-0.00742636248,0.0189497098,0.178875953,0.00651288964,0.336918026,0.442160845,0.0424459726,0.873547018,0.120824978,-0.00105182081,0.0797739103,0.378079534,-0.343437076,0.000800095499,0.962300599,-0.144993067,-0.0399907976,0.043390315
0.464875378,3194371.62,0,0,0.00431568502,6.65383413e-06,0.0171241481,0.177678186,0.0142151415,1,-0.978240252,-0.0110230064,0.00323658879,0.20715709,0.0567935109,-0.0264877342,0.0425138809,-0.999354005,0.00967080146,-0,-0.167932287,0.0558335483,-0.0379575342,0.381550938,-0.214016691,-0.0166629143,-0.195267856,-0.0339087546,0.0558526106,0.469402492,-0.274670333,0.028298229,0.0126834344,0.00471499935,-0.00390685163,0.310756624,0.249000877,-0.0283332299,0.921817482,0.125580609,0.0195703432,0.0286939014,0.344261646,-0.300590664,0.0100664198,0.975068092,-0.138737217,-0.0408411175,0.0494936481,-0.0912516043,-0.0525995344,-0.0723315105,0.21917136,-0.0784897581,0.213185787,-0.0854535922,-0.0192861985,-0.00820049271,0.261442631,-0.14443852,-0.0541656725,0.0574309416,0.0794903487,0.0588857979,0.0405048914,-0.656502366,-0.360100538,-0.00172045757,-0.0827787966,-0.00896512624,-0.346999407,0.0240505431,-0.129575044,-0.00407283893,-0.0241258293,-0.090195708,0.0530755296,-0.180019587,-0.154221833,0.0691693276,-0.0569476932,0.382569373,0.0295581371,0.10716939,-0.217813104,-0.140620083,0.109524071,0.404836774,-0.150877357,-0.0117439963,0.0184700005,0.178003475,0.00674090534,0.335788339,0.441392779,0.0425405651,0.871658027,0.119178936,-0.00209712982,0.0767542273,0.382580459,-0.342892289,0.00296029635,0.962822974,-0.147052586,-0.0389278829,0.0401748456,-0.154221833,0.0691693276,-0.0569476932,0.382569373,0.0295581371,0.107169397,-0.217813104,-0.140620083,0.109524071,0.404836774,-0.150877357,-0.0117439944,0.0184700005,0.178003475,0.00674090534,0.335788339,0.441392779,0.0425405614,0.871658027,0.119178936,-0.0020971261,0.0767542273,0.382580459,-0.342892289,0.00296029635,0.962822974,-0.147052586,-0.0389278829,0.0401748456,-0.154221833,0.0691693276,-0.0569476932,0.382569373,0.0295581371,0.10716939,-0.217813104,-0.140620083,0.109524071,0.404836774,-0.150877357,-0.0117439963,0.0184700005,0.178003475,0.00674090534,0.335788339,0.441392779,0.0425405651,0.871658027,0.119178936,-0.00209712982,0.0767542273,0.382580459,-0.342892289,0.00296029635,0.962822974,-0.147052586,-0.0389278829,0.0401748456
0.474889216,3194371.63,0,0,0.0143295233,1.37570314e-05,0.0256259236,0.177678186,0,1,-0.978280246,-0.0112759713,0.00333215203,0.2069529,0.050669115,-0.00341044879,0.0404291302,-0.999500334,0.0101915104,-0,-0.169111222,0.0553474799,-0.0386770368,0.383827448,-0.21480076,-0.014709875,-0.196376905,-0.0340640359,0.0557765104,0.472071707,-0.276108652,0.0277272481,0.0131794009,0.0054566646,-0.00355732441,0.311360747,0.242606699,-0.031555526,0.921795368,0.124693602,0.0194760449,0.0252557471,0.344610333,-0.301772773,0.0100409901,0.974727392,-0.139829665,-0.0403153263,0.0475129895,-0.122530758,-0.0445291027,-0.0711897537,0.225332588,-0.0769334733,0.179494321,-0.116431825,-0.0123024834,-0.00719910022,0.265450925,-0.141681239,-0.057118807,0.0446079336,0.0711048916,0.0297423359,0.0709906369,-0.628048956,-0.298451781,-0.00227345782,-0.0910379589,-0.00876385067,-0.33722958,0.0381262638,-0.110355765,-0.00192385504,-0.0375338793,-0.113369457,0.0501605943,-0.199166045,-0.154221833,0.0691693276,-0.0569476932,0.382569373,0.0295581371,0.10716939,-0.217813104,-0.140620083,0.109524071,0.404836774,-0.150877357,-0.0117439963,0.0184700005,0.178003475,0.00674090534,0.335788339,0.441392779,0.0425405651,0.871658027,0.119178936,-0.00209712982,0.0767542273,0.382580459,-0.342892289,0.00296029635,0.962822974,-0.147052586,-0.0389278829,0.0401748456,-0.154221833,0.0691693276,-0.0569476932,0.382569373,0.0295581371,0.107169397,-0.217813104,-0.140620083,0.109524071,0.404836774,-0.150877357,-0.0117439944,0.0184700005,0.178003475,0.00674090534,0.335788339,0.441392779,0.0425405614,0.871658027,0.119178936,-0.0020971261,0.0767542273,0.382580459,-0.342892289,0.00296029635,0.962822974,-0.147052586,-0.0389278829,0.0401748456,-0.154221833,0.0691693276,-0.0569476932,0.382569373,0.0295581371,0.10716939,-0.217813104,-0.140620083,0.109524071,0.404836774,-0.150877357,-0.0117439963,0.0184700005,0.178003475,0.00674090534,0.335788339,0.441392779,0.0425405651,0.871658027,0.119178936,-0.00209712982,0.0767542273,0.382580459,-0.342892289,0.00296029635,0.962822974,-0.147052586,-0.0389278829,0.0401748456
0.485879929,3194371.64,0,0,0.00493737496,9.59588215e-06,0.0374160446,0.341256149,0.0141285211,1,-0.978316486,-0.0114865499,0.00344753149,0.206768051,0.0434477404,-0.020674346,0.0362624116,-0.999622047,0.0106233843,-0,-0.170129582,0.0549804531,-0.0393678062,0.385862976,-0.21550186,-0.0132035408,-0.197383747,-0.0341350809,0.0557082631,0.474587351,-0.277452797,0.0271880422,0.0135492869,0.00611843448,-0.00312835886,0.312183201,0.23650597,-0.0342323631,0.921777666,0.123797394,0.0194078758,0.0220998358,0.344954669,-0.302747518,0.0100247953,0.974387825,-0.140822724,-0.0398988351,0.0457711853,-0.0856637433,-0.0321258828,-0.0675701126,0.185809508,-0.0645706654,0.13394466,-0.0884668604,-0.00438743737,-0.00680388091,0.240575239,-0.128958866,-0.0511329658,0.0316358246,0.0619941354,0.0517091528,0.0900783911,-0.597275257,-0.248973146,-0.00127213681,-0.0872415826,-0.00570138404,-0.298437357,0.031406451,-0.0883326009,-0.00151450303,-0.0296244454,-0.0868769512,0.0354401842,-0.153106257,-0.152404442,0.0645707697,-0.0555911325,0.389445812,0.0436866581,0.104644626,-0.223642141,-0.140883103,0.110696167,0.405806065,-0.14901109,-0.016499754,0.0175850429,0.177934915,0.00567086041,0.33285749,0.437878072,0.0423980951,0.868913174,0.117517047,-0.00389307737,0.073532097,0.38602221,-0.342963248,0.00478316285,0.962936759,-0.14908272,-0.038142696,0.03748798,-0.152404442,0.0645707697,-0.0555911325,0.389445812,0.0436866581,0.104644634,-0.223642141,-0.140883103,0.110696167,0.405806065,-0.14901109,-0.016499754,0.0175850429,0.177934915,0.00567086041,0.33285749,0.437878072,0.0423980989,0.868913174,0.117517047,-0.00389307644,0.073532097,0.38602221,-0.342963248,0.00478316285,0.962936759,-0.14908272,-0.038142696,0.03748798,-0.152404442,0.0645707697,-0.0555911325,0.389445812,0.0436866581,0.104644626,-0.223642141,-0.140883103,0.110696167,0.405806065,-0.14901109,-0.016499754,0.0175850429,0.177934915,0.00567086041,0.33285749,0.437878072,0.0423980951,0.868913174,0.117517047,-0.00389307737,0.073532097,0.38602221,-0.342963248,0.00478316285,0.962936759,-0.14908272,-0.038142696,0.03748798
0.495898142,3194371.65,0,0,0.0149555882,2.2075139e-05,0.0505085066,0.341256149,0,1,-0.978351295,-0.0116890417,0.00350331678,0.20659107,0.0408976376,0.00288232556,0.0356040001,-0.999690831,0.0108663402,-0,-0.171251968,0.0546768717,-0.0400362499,0.387784481,-0.216113925,-0.0119768437,-0.198532775,-0.0341614969,0.0556444414,0.477052957,-0.278720707,0.0266302098,0.0137831094,0.00666578207,-0.00281962007,0.313234657,0.230754644,-0.0363672152,0.921762228,0.122866727,0.0193406343,0.0191635471,0.345377654,-0.303493917,0.0100241154,0.973997414,-0.141885385,-0.0395309441,0.0441009067,-0.118195534,-0.0286921263,-0.0659962967,0.189291432,-0.0577173419,0.113034807,-0.122253843,-0.00161235151,-0.00620339671,0.246218756,-0.124153927,-0.056234844,0.0186738465,0.0499675237,0.0266041514,0.11215122,-0.559868336,-0.192867741,-0.00143714726,-0.0955633745,-0.00626365561,-0.286454648,0.0465365201,-0.0653539076,0.000532289094,-0.0421839096,-0.110681541,0.0357085802,-0.167300537,-0.152404442,0.0645707697,-0.0555911325,0.389445812,0.0436866581,0.104644626,-0.223642141,-0.140883103,0.110696167,0.405806065,-0.14901109,-0.016499754,0.0175850429,0.177934915,0.00567086041,0.33285749,0.437878072,0.0423980951,0.868913174,0.117517047,-0.00389307737,0.073532097,0.38602221,-0.342963248,0.00478316285,0.962936759,-0.14908272,-0.038142696,0.03748798,-0.152404442,0.0645707697,-0.0555911325,0.389445812,0.0436866581,0.104644634,-0.223642141,-0.140883103,0.110696167,0.405806065,-0.14901109,-0.016499754,0.0175850429,0.177934915,0.00567086041,0.33285749,0.437878072,0.0423980989,0.868913174,0.117517047,-0.00389307644,0.073532097,0.38602221,-0.342963248,0.00478316285,0.962936759,-0.14908272,-0.038142696,0.03748798,-0.152404442,0.0645707697,-0.0555911325,0.389445812,0.0436866581,0.104644626,-0.223642141,-0.140883103,0.110696167,0.405806065,-0.14901109,-0.016499754,0.0175850429,0.177934915,0.00567086041,0.33285749,0.437878072,0.0423980951,0.868913174,0.117517047,-0.00389307737,0.073532097,0.38602221,-0.342963248,0.00478316285,0.962936759,-0.14908272,-0.038142696,0.03748798
0.50689789,3194371.66,0,0,0.00628288602,2.20332295e-05,0.0675284117,0.232587103,0.0152463466,1,-0.978390872,-0.0119100194,0.00358587783,0.206389278,0.0378591381,-0.00327670691,0.0335770585,-0.999763846,0.0111238398,-0,-0.17246446,0.0543787479,-0.0407998972,0.389790297,-0.216682717,-0.0108624073,-0.199858367,-0.0341633298,0.0555705428,0.479860038,-0.280109286,0.0259973463,0.0139334938,0.00716508273,-0.00232875464,0.314648628,0.224382743,-0.0383624062,0.92175585,0.121728763,0.0192818381,0.0160131026,0.345937759,-0.304079235,0.0100357523,0.97353673,-0.143046111,-0.0391823202,0.0423776545,-0.101560593,-0.0229637604,-0.0618651733,0.158455044,-0.0407757387,0.083331421,-0.11328207,0.000646457076,-0.005920575,0.229173407,-0.109986804,-0.0527517088,0.00864376221,0.0356489979,0.0408923961,0.123065792,-0.509925425,-0.146242335,-2.99657477e-05,-0.0951571018,-0.00429830281,-0.248673379,0.0504698865,-0.0374906957,0.00148915721,-0.038532652,-0.0945769846,0.0264905524,-0.132435217,-0.150748491,0.061895512,-0.0545308627,0.396063536,0.0589330047,0.103312016,-0.229135871,-0.140725046,0.111626908,0.4080154,-0.143078789,-0.0215296932,0.0164225269,0.177396283,0.00263470784,0.328731298,0.432088017,0.0420665443,0.86595422,0.115613714,-0.00608900189,0.0701569468,0.388397038,-0.343892843,0.00588374957,0.962442756,-0.151191577,-0.0375263989,0.0353682376,-0.150748491,0.061895512,-0.0545308627,0.396063536,0.0589330047,0.103312008,-0.229135871,-0.140725046,0.111626908,0.4080154,-0.143078789,-0.0215296932,0.0164225269,0.177396283,0.00263470784,0.328731298,0.432088017,0.0420665443,0.86595422,0.115613714,-0.00608900236,0.0701569468,0.388397038,-0.343892843,0.00588374957,0.962442756,-0.151191577,-0.0375264063,0.0353682376,-0.150748491,0.061895512,-0.0545308627,0.396063536,0.0589330047,0.103312016,-0.229135871,-0.140725046,0.111626908,0.4080154,-0.143078789,-0.0215296932,0.0164225269,0.177396283,0.00263470784,0.328731298,0.432088017,0.0420665443,0.86595422,0.115613714,-0.00608900189,0.0701569468,0.388397038,-0.343892843,0.00588374957,0.962442756,-0.151191577,-0.0375263989,0.0353682376
0.51690164,3194371.67,0,0,0.0162866358,2.06129625e-05,0.0854301825,0.232587103,0,1,-0.978422701,-0.0121016027,0.00356810191,0.206227675,0.0354012549,0.0134708602,0.0317951106,-0.999813735,0.011298798,-0,-0.173715949,0.0541599505,-0.04139762,0.391433388,-0.217046738,-0.0100729866,-0.201221719,-0.0341477394,0.0555199496,0.482189178,-0.281156987,0.0254431106,0.0139912143,0.00746350549,-0.00205257093,0.315927714,0.219537899,-0.039544858,0.921759129,0.120730974,0.0192408636,0.013596531,0.346550763,-0.304339021,0.0100592338,0.973067462,-0.144141167,-0.0389014259,0.041022718,-0.127757579,-0.0198599622,-0.0583061427,0.160665393,-0.0319850072,0.070491679,-0.139690489,0.00279109669,-0.00457060384,0.229842409,-0.099822633,-0.0549853221,0.00450576423,0.0267446414,0.0294963922,0.128372818,-0.467061609,-0.103080682,0.000800356269,-0.101459153,-0.00370287336,-0.232854545,0.0647138134,-0.0184262134,0.00270607043,-0.0482784249,-0.109371252,0.0268205572,-0.129749849,-0.150748491,0.061895512,-0.0545308627,0.396063536,0.0589330047,0.103312016,-0.229135871,-0.140725046,0.111626908,0.4080154,-0.143078789,-0.0215296932,0.0164225269,0.177396283,0.00263470784,0.328731298,0.432088017,0.0420665443,0.86595422,0.115613714,-0.00608900189,0.0701569468,0.388397038,-0.343892843,0.00588374957,0.962442756,-0.151191577,-0.0375263989,0.0353682376,-0.150748491,0.061895512,-0.0545308627,0.396063536,0.0589330047,0.103312008,-0.229135871,-0.140725046,0.111626908,0.4080154,-0.143078789,-0.0215296932,0.0164225269,0.177396283,0.00263470784,0.328731298,0.432088017,0.0420665443,0.86595422,0.115613714,-0.00608900236,0.0701569468,0.388397038,-0.343892843,0.00588374957,0.962442756,-0.151191577,-0.0375264063,0.0353682376,-0.150748491,0.061895512,-0.0545308627,0.396063536,0.0589330047,0.103312016,-0.229135871,-0.140725046,0.111626908,0.4080154,-0.143078789,-0.0215296932,0.0164225269,0.177396283,0.00263470784,0.328731298,0.432088017,0.0420665443,0.86595422,0.115613714,-0.00608900189,0.0701569468,0.388397038,-0.343892843,0.00588374957,0.962442756,-0.151191577,-0.0375263989,0.0353682376
0.527899494,3194371.68,0,0,0.007341641,2.19629146e-05,0.107753396,0.17675804,0.0181402266,1,-0.978456914,-0.0122951688,0.00355930789,0.206053957,0.0291857664,0.0196481459,0.0277154315,-0.999854803,0.0114426557,-0,-0.175161928,0.0539895333,-0.0420638099,0.393216521,-0.217331931,-0.00941764656,-0.202818394,-0.0340686291,0.0554740019,0.484785914,-0.282209098,0.0248111822,0.0140304323,0.00774930371,-0.00154144457,0.317439586,0.214309707,-0.0405452847,0.921781719,0.119510233,0.0192070995,0.0110653946,0.347340137,-0.304459691,0.0101002958,0.972536623,-0.145319089,-0.0386473425,0.0397283584,-0.13987048,-0.0117694717,-0.0530525818,0.15492031,-0.0198457744,0.0520585068,-0.150676027,0.00881242752,-0.00279154605,0.217120752,-0.0802077278,-0.0552064329,0.00202899566,0.0213371869,0.0342678539,0.126541048,-0.413862169,-0.064348422,0.00237599015,-0.106963329,-0.00272185518,-0.201823741,0.0713523328,-0.00615040772,0.00406845892,-0.0477910005,-0.106455281,0.0191430375,-0.10171555,-0.1495433,0.0611003861,-0.0538071617,0.402828872,0.0770732313,0.102862716,-0.233776152,-0.139888316,0.111922398,0.412528694,-0.128157973,-0.0268289633,0.0148414569,0.174962834,-0.00291430578,0.323817134,0.424633324,0.0416770726,0.863337159,0.113124266,-0.00844924152,0.0667967275,0.389565468,-0.345195532,0.00614513457,0.961370349,-0.153331205,-0.0373574793,0.0338476896,-0.1495433,0.0611003861,-0.0538071617,0.402828872,0.0770732313,0.102862708,-0.233776152,-0.139888316,0.111922398,0.412528694,-0.128157973,-0.0268289614,0.0148414569,0.174962834,-0.00291430578,0.323817134,0.424633324,0.0416770689,0.863337159,0.113124266,-0.00844923966,0.0667967275,0.389565468,-0.345195532,0.00614513457,0.961370349,-0.153331205,-0.0373574831,0.0338476896,-0.1495433,0.0611003861,-0.0538071617,0.402828872,0.0770732313,0.102862716,-0.233776152,-0.139888316,0.111922398,0.412528694,-0.128157973,-0.0268289633,0.0148414569,0.174962834,-0.00291430578,0.323817134,0.424633324,0.0416770726,0.863337159,0.113124266,-0.00844924152,0.0667967275,0.389565468,-0.345195532,0.00614513457,0.961370349,-0.153331205,-0.0373574793,0.0338476896
0.538899866,3194371.69,0,0,0.018342013,2.23200768e-05,0.132785514,0.17675804,0,1,-0.978481889,-0.0124534573,0.00344392355,0.205927625,0.0239756461,0.0267945472,0.0237282459,-0.999880433,0.0115319667,-0,-0.176752016,0.0539055131,-0.0425666608,0.394830734,-0.21749182,-0.00894851796,-0.204495698,-0.0339510366,0.055460386,0.486952364,-0.282921374,0.0242531393,0.0140401721,0.00794417225,-0.00124154403,0.318675309,0.210432336,-0.0409687608,0.921812892,0.118368313,0.0191832371,0.00915583316,0.348090976,-0.304498523,0.0101467762,0.972025156,-0.146444336,-0.0384828821,0.0387776084,-0.158262834,-0.00567993289,-0.0487414487,0.159150943,-0.012761483,0.0408594757,-0.166384712,0.0138148135,-0.000583956251,0.2113114,-0.0645391271,-0.0541808903,0.000515250198,0.0186870825,0.0390172377,0.118578829,-0.369927764,-0.0306701176,0.00371956732,-0.116695993,-0.00194703264,-0.180417895,0.0736452639,-0.0027301854,0.0049445834,-0.0499999225,-0.107866459,0.0137855709,-0.0865053535,-0.1495433,0.0611003861,-0.0538071617,0.402828872,0.0770732313,0.102862716,-0.233776152,-0.139888316,0.111922398,0.412528694,-0.128157973,-0.0268289633,0.0148414569,0.174962834,-0.00291430578,0.323817134,0.424633324,0.0416770726,0.863337159,0.113124266,-0.00844924152,0.0667967275,0.389565468,-0.345195532,0.00614513457,0.961370349,-0.153331205,-0.0373574793,0.0338476896,-0.1495433,0.0611003861,-0.0538071617,0.402828872,0.0770732313,0.102862708,-0.233776152,-0.139888316,0.111922398,0.412528694,-0.128157973,-0.0268289614,0.0148414569,0.174962834,-0.00291430578,0.323817134,0.424633324,0.0416770689,0.863337159,0.113124266,-0.00844923966,0.0667967275,0.389565468,-0.345195532,0.00614513457,0.961370349,-0.153331205,-0.0373574831,0.0338476896,-0.1495433,0.0611003861,-0.0538071617,0.402828872,0.0770732313,0.102862716,-0.233776152,-0.139888316,0.111922398,0.412528694,-0.128157973,-0.0268289633,0.0148414569,0.174962834,-0.00291430578,0.323817134,0.424633324,0.0416770726,0.863337159,0.113124266,-0.00844924152,0.0667967275,0.389565468,-0.345195532,0.00614513457,0.961370349,-0.153331205,-0.0373574793,0.0338476896
0.549897837,3194371.71,0,0,0.00927673513,2.20569782e-05,0.160408184,0.235341024,0.0250804052,1,-0.978503704,-0.012582222,0.00335031515,0.205817804,0.0199343842,0.0380783789,0.0212938972,-0.999904037,0.011614548,-0,-0.178338408,0.0538732484,-0.043036703,0.396389633,-0.217567667,-0.00856538303,-0.206150204,-0.0337941498,0.0554625317,0.48898387,-0.283461958,0.0237371996,0.0140368119,0.00811023451,-0.000736923947,0.319781452,0.207023948,-0.0411692262,0.921859384,0.117157198,0.0191704072,0.00753820688,0.348798245,-0.304516345,0.010198446,0.971562266,-0.147440463,-0.0383719727,0.0380579047,-0.185486525,-0.00230165035,-0.0455355607,0.169260323,-0.00534057431,0.041964557,-0.1888794,0.0170185473,0.000755796442,0.208242223,-0.0475458205,-0.0539052896,-0.00161391485,0.0149652092,0.0389851108,0.107857607,-0.320144832,-0.0139326593,0.00505588483,-0.13452217,-0.00135997974,-0.153222173,0.0733803883,-0.00158317469,0.00513462164,-0.0499673188,-0.110267408,0.00978482794,-0.0678528547,-0.149809957,0.0610059947,-0.053246025,0.410182178,0.0980211347,0.102696687,-0.23763442,-0.139127895,0.11176905,0.419015586,-0.103077568,-0.0321237184,0.0129889892,0.170877203,-0.011337298,0.318307519,0.41697222,0.0414082259,0.860905588,0.109842665,-0.0110141411,0.0635185018,0.389996588,-0.346448481,0.00567310303,0.96001184,-0.155594811,-0.0376479924,0.0329966433,-0.149809957,0.0610059947,-0.053246025,0.410182178,0.0980211347,0.102696694,-0.23763442,-0.139127895,0.11176905,0.419015586,-0.103077568,-0.0321237147,0.0129889892,0.170877203,-0.011337298,0.318307519,0.41697222,0.0414082184,0.860905588,0.109842665,-0.011014143,0.0635185018,0.389996588,-0.346448481,0.00567310303,0.96001184,-0.155594811,-0.0376479961,0.0329966433,-0.149809957,0.0610059947,-0.053246025,0.410182178,0.0980211347,0.102696687,-0.23763442,-0.139127895,0.11176905,0.419015586,-0.103077568,-0.0321237184,0.0129889892,0.170877203,-0.011337298,0.318307519,0.41697222,0.0414082259,0.860905588,0.109842665,-0.0110141411,0.0635185018,0.389996588,-0.346448481,0.00567310303,0.96001184,-0.155594811,-0.0376479924,0.0329966433
0.559900129,3194371.72,0,0,0.0192790269,2.22097151e-05,0.187662572,0.235341024,0,1,-0.978524148,-0.0127240615,0.00311421277,0.205715597,0.016823858,0.0507171005,0.019437179,-0.99992007,0.0116703715,-0,-0.180478439,0.0538605861,-0.0434784032,0.398197532,-0.217577472,-0.00814131554,-0.208292842,-0.0336108804,0.0554791093,0.491101623,-0.283846259,0.0232018102,0.0140087772,0.00823588576,-0.000433348177,0.320771128,0.204141662,-0.0412572846,0.921938181,0.115641609,0.0191583484,0.00614618417,0.349536836,-0.304531157,0.0102488119,0.971033514,-0.148613051,-0.0382854156,0.0374436341,-0.216304034,-0.000531082973,-0.0435876958,0.179829106,0.00299052382,0.0398290418,-0.215935796,0.0188450944,0.00216089003,0.208591521,-0.0321133584,-0.0511844493,-0.00320261228,0.0111569362,0.0386957787,0.0886398479,-0.26723668,-0.00644316198,0.0114878388,-0.157269597,-0.00102233142,-0.127799526,0.0700685307,-0.00137213012,0.004995069,-0.0516654886,-0.112686411,0.00806957949,-0.0551082045,-0.149809957,0.0610059947,-0.053246025,0.410182178,0.0980211347,0.102696687,-0.23763442,-0.139127895,0.11176905,0.419015586,-0.103077568,-0.0321237184,0.0129889892,0.170877203,-0.011337298,0.318307519,0.41697222,0.0414082259,0.860905588,0.109842665,-0.0110141411,0.0635185018,0.389996588,-0.346448481,0.00567310303,0.96001184,-0.155594811,-0.0376479924,0.0329966433,-0.149809957,0.0610059947,-0.053246025,0.410182178,0.0980211347,0.102696694,-0.23763442,-0.139127895,0.11176905,0.419015586,-0.103077568,-0.0321237147,0.0129889892,0.170877203,-0.011337298,0.318307519,0.41697222,0.0414082184,0.860905588,0.109842665,-0.011014143,0.0635185018,0.389996588,-0.346448481,0.00567310303,0.96001184,-0.155594811,-0.0376479961,0.0329966433,-0.149809957,0.0610059947,-0.053246025,0.410182178,0.0980211347,0.102696687,-0.23763442,-0.139127895,0.11176905,0.419015586,-0.103077568,-0.0321237184,0.0129889892,0.170877203,-0.011337298,0.318307519,0.41697222,0.0414082259,0.860905588,0.109842665,-0.0110141411,0.0635185018,0.389996588,-0.346448481,0.00567310303,0.96001184,-0.155594811,-0.0376479924,0.0329966433
0.570898264,3194371.73,0,0,0.0103506129,2.19247304e-05,0.219810814,0.166255981,0.0374458507,1,-0.978549063,-0.0128716445,0.00283977739,0.205591843,0.0129509093,0.0712225214,0.0229589976,-0.999933183,0.0117160836,-0,-0.183184817,0.0538627692,-0.0440045856,0.400378495,-0.217448682,-0.00770835206,-0.210963801,-0.0333812423,0.0554951094,0.493567824,-0.284098625,0.0226265304,0.0138913803,0.00834041648,0.000169384148,0.321622193,0.201386094,-0.0413066223,0.92217046,0.113627307,0.0191428922,0.00484929141,0.350245684,-0.304549009,0.0103045171,0.97045505,-0.149902076,-0.0381994061,0.0369157828,-0.268401384,0.000232410472,-0.0451535657,0.204151332,0.0148679875,0.0362968929,-0.259554029,0.0196403451,-0.000633513147,0.217741743,-0.0138075706,-0.0496113375,-0.0217473973,0.0068613058,0.0329627283,0.0652621835,-0.201304555,-0.00248931115,0.0225819461,-0.192412227,-0.00222698553,-0.0983895957,0.0524582937,-0.00195562188,0.00402297592,-0.0518454239,-0.122834913,0.00629758602,-0.0393081941,-0.151253939,0.062132448,-0.0528907403,0.418468922,0.122612268,0.102221578,-0.24090308,-0.137897491,0.110829353,0.428318381,-0.0656317174,-0.0368015878,0.0108858012,0.165099412,-0.0225970671,0.312481701,0.40819037,0.0410610586,0.858991921,0.105517201,-0.0141808912,0.0597843267,0.389585942,-0.347363949,0.00450822152,0.958495796,-0.157959983,-0.038502723,0.0325598083,-0.151253939,0.062132448,-0.0528907403,0.418468922,0.122612283,0.102221578,-0.24090308,-0.137897491,0.110829353,0.428318381,-0.0656317174,-0.0368015878,0.0108858012,0.165099412,-0.0225970671,0.312481701,0.40819037,0.0410610549,0.858991921,0.105517201,-0.0141808912,0.0597843267,0.389585942,-0.347363949,0.00450822152,0.958495796,-0.157959983,-0.0385027155,0.0325598083,-0.151253939,0.062132448,-0.0528907403,0.418468922,0.122612268,0.102221578,-0.24090308,-0.137897491,0.110829353,0.428318381,-0.0656317174,-0.0368015878,0.0108858012,0.165099412,-0.0225970671,0.312481701,0.40819037,0.0410610586,0.858991921,0.105517201,-0.0141808912,0.0597843267,0.389585942,-0.347363949,0.00450822152,0.958495796,-0.157959983,-0.038502723,0.0325598083
0.580902966,3194371.74,0,0,0.000334430952,2.00606883e-05,0.250870079,0.186196063,0.0469080508,1,-0.978572965,-0.0130094225,0.0024732803,0.205473974,0.0113308867,0.0704431832,0.0224242825,-0.999942064,0.0117469477,-0,-0.18604885,0.0538685434,-0.0444484279,0.402457923,-0.217213303,-0.00742531056,-0.213736594,-0.0331864245,0.0554912426,0.495779127,-0.284157574,0.0221600737,0.0136006307,0.00838323869,0.00050880952,0.322105616,0.199701861,-0.041318886,0.922493339,0.111579634,0.0191175826,0.00398211461,0.350657612,-0.304570019,0.0103402827,0.96993649,-0.151112825,-0.0381440781,0.0365823619,-0.28101486,0.000862944406,-0.0432339907,0.202101067,0.0300260317,0.0234982669,-0.273232222,0.0191303976,0.000267561059,0.217562735,-0.000370853959,-0.0432554223,-0.0317258835,0.0028918758,0.0492353253,0.0326675139,-0.14729166,-0.00053708005,0.0394605957,-0.20518975,-0.00245530671,-0.0779869333,0.031107245,-0.00210155128,0.0033685735,-0.0500928573,-0.112358466,0.00512093073,-0.029019976,-0.151253939,0.062132448,-0.0528907403,0.418468922,0.122612268,0.102221578,-0.24090308,-0.137897491,0.110829353,0.428318381,-0.0656317174,-0.0368015878,0.0108858012,0.165099412,-0.0225970671,0.312481701,0.40819037,0.0410610586,0.858991921,0.105517201,-0.0141808912,0.0597843267,0.389585942,-0.347363949,0.00450822152,0.958495796,-0.157959983,-0.038502723,0.0325598083,-0.154650331,0.0639468953,-0.052892033,0.427530766,0.148496673,0.100548059,-0.244450361,-0.136395782,0.109279037,0.439549774,-0.0187236667,-0.0391389653,0.00907070749,0.15848583,-0.0363063961,0.307316899,0.39809981,0.0407007039,0.858097255,0.100093126,-0.0180001259,0.0551177114,0.388154387,-0.347571611,0.00281522982,0.957206726,-0.160498768,-0.0397635587,0.0324448012,-0.154650331,0.0639468953,-0.052892033,0.427530766,0.148496658,0.100548059,-0.244450361,-0.136395782,0.109279037,0.439549774,-0.0187236667,-0.0391389616,0.00907070749,0.15848583,-0.0363063961,0.307316899,0.39809981,0.0407007039,0.858097255,0.100093126,-0.0180001259,0.0551177114,0.388154387,-0.347571611,0.00281522982,0.957206726,-0.160498768,-0.0397635549,0.0324448012
0.591899703,3194371.75,0,0,0.011331168,2.27489509e-05,0.286788404,0.186196063,0,1,-0.978602409,-0.0131656602,0.00200332864,0.205328852,0.00752293505,0.108305171,0.0252227634,-0.999949396,0.0117721874,-0,-0.189798534,0.0538832732,-0.0449674129,0.405043542,-0.216737345,-0.00720429048,-0.217351854,-0.0329564922,0.0554845519,0.498474956,-0.284026682,0.0216912217,0.0130822416,0.00840320531,0.001056724,0.322306275,0.198387772,-0.0413074046,0.923063815,0.108929783,0.0190116484,0.00314629008,0.350853831,-0.304600477,0.0103686312,0.969312787,-0.152510777,-0.0380986854,0.0363138393,-0.364410996,0.00149248424,-0.0442731678,0.242072895,0.0447344556,0.0155921988,-0.34757778,0.019821316,-0.00180924975,0.240826458,0.0190987717,-0.0373801403,-0.0540460236,0.00117989804,0.0231128521,0.0093521392,-0.0816075206,0.00225387071,0.0519664399,-0.246605918,-0.0154568367,-0.0692305565,0.00945752766,-0.0030100455,0.00131867966,-0.0599180534,-0.133159101,0.00245200796,-0.0187006257,-0.154650331,0.0639468953,-0.052892033,0.427530766,0.148496658,0.100548059,-0.244450361,-0.136395782,0.109279037,0.439549774,-0.0187236667,-0.0391389616,0.00907070749,0.15848583,-0.0363063961,0.307316899,0.39809981,0.0407007039,0.858097255,0.100093126,-0.0180001259,0.0551177114,0.388154387,-0.347571611,0.00281522982,0.957206726,-0.160498768,-0.0397635549,0.0324448012,-0.154650331,0.0639468953,-0.052892033,0.427530766,0.148496673,0.100548059,-0.244450361,-0.136395782,0.109279037,0.439549774,-0.0187236667,-0.0391389653,0.00907070749,0.15848583,-0.0363063961,0.307316899,0.39809981,0.0407007039,0.858097255,0.100093126,-0.0180001259,0.0551177114,0.388154387,-0.347571611,0.00281522982,0.957206726,-0.160498768,-0.0397635587,0.0324448012,-0.154650331,0.0639468953,-0.052892033,0.427530766,0.148496658,0.100548059,-0.244450361,-0.136395782,0.109279037,0.439549774,-0.0187236667,-0.0391389616,0.00907070749,0.15848583,-0.0363063961,0.307316899,0.39809981,0.0407007039,0.858097255,0.100093126,-0.0180001259,0.0551177114,0.388154387,-0.347571611,0.00281522982,0.957206726,-0.160498768,-0.0397635549,0.0324448012
0.602899238,3194371.76,0,0,0.00233813422,2.19591893e-05,0.324332058,0.180255156,0.0559142679,1,-0.978626013,-0.0133084701,0.00145433925,0.205211848,0.0039999322,0.106537618,0.0196099132,-0.99995476,0.0117906556,-0,-0.193575323,0.0539211705,-0.0453775227,0.407443851,-0.216205761,-0.00709443772,-0.220965922,-0.0327438638,0.0554864146,0.500845194,-0.283723891,0.0213671383,0.0125072831,0.00841055345,0.00127547246,0.32233429,0.197869703,-0.041269578,0.923496544,0.106452748,0.018887626,0.00250320928,0.350904882,-0.304630667,0.0103765139,0.968625546,-0.153750941,-0.0380842425,0.036166355,-0.369708091,0.00571307633,-0.0378551856,0.229967773,0.0596616827,0.00784649979,-0.355282068,0.0222347993,0.00208363938,0.228016794,0.0383393578,-0.0286832135,-0.057047125,0.000535878993,0.0336456336,-0.00352300936,-0.0335926712,0.00587565219,0.0357540883,-0.239361599,-0.00953140762,-0.0591600873,0.00276003382,-0.00289502181,0.000577974773,-0.0751697272,-0.111960426,0.000871733006,-0.0125733772,-0.159639403,0.0660532564,-0.0529812649,0.437379599,0.176651925,0.0974543095,-0.247324318,-0.134420142,0.107214868,0.45340234,0.0371906012,-0.03815322,0.00721874367,0.151898503,-0.0525938794,0.303144872,0.387625694,0.0403961241,0.858354926,0.0933554098,-0.0226174593,0.0493443497,0.38557592,-0.347058445,0.000762008131,0.956215918,-0.163016438,-0.041083023,0.0328836888,-0.159639403,0.0660532564,-0.0529812649,0.437379599,0.17665191,0.097454302,-0.247324318,-0.134420142,0.107214868,0.45340234,0.0371906012,-0.03815322,0.00721874367,0.151898503,-0.0525938794,0.303144872,0.387625694,0.0403961204,0.858354926,0.0933554098,-0.0226174556,0.0493443497,0.38557592,-0.347058445,0.000762008131,0.956215918,-0.163016438,-0.041083023,0.0328836888,-0.159639403,0.0660532564,-0.0529812649,0.437379599,0.176651925,0.0974543095,-0.247324318,-0.134420142,0.107214868,0.45340234,0.0371906012,-0.03815322,0.00721874367,0.151898503,-0.0525938794,0.303144872,0.387625694,0.0403961241,0.858354926,0.0933554098,-0.0226174593,0.0493443497,0.38557592,-0.347058445,0.000762008131,0.956215918,-0.163016438,-0.041083023,0.0328836888
0.612899555,3194371.77,0,0,0.0123384511,2.24038959e-05,0.359636873,0.180255156,0,1,-0.978646696,-0.0134490272,0.000817011402,0.205107614,-0.000537462241,0.15172343,0.0196879171,-0.999958396,0.0118031101,-0,-0.197773397,0.0539919659,-0.0457475744,0.409978807,-0.215520471,-0.00705920113,-0.224964902,-0.0325098597,0.0555047691,0.503240943,-0.283202738,0.0211309586,0.0118364757,0.00841912534,0.00139490282,0.322254151,0.197695062,-0.040835157,0.923948765,0.103972696,0.0184974875,0.00183538988,0.350904286,-0.304663986,0.010368675,0.967748344,-0.154984981,-0.0380937792,0.036062412,-0.46348089,0.00782944541,-0.0368660353,0.27704677,0.0732608587,0.000633940741,-0.43873778,0.0243366919,0.00153405569,0.252983004,0.0606413111,-0.0207179599,-0.0756538883,0.00115916447,-0.00622011581,-0.0107917758,-0.00976005662,0.0771022588,0.0535604358,-0.260773331,-0.0645719543,-0.0756409243,-0.00312299933,-0.0036363923,-0.00182139536,-0.0975315422,-0.136686444,-0.00231083063,-0.00921720825,-0.159639403,0.0660532564,-0.0529812649,0.437379599,0.176651925,0.0974543095,-0.247324318,-0.134420142,0.107214868,0.45340234,0.0371906012,-0.03815322,0.00721874367,0.151898503,-0.0525938794,0.303144872,0.387625694,0.0403961241,0.858354926,0.0933554098,-0.0226174593,0.0493443497,0.38557592,-0.347058445,0.000762008131,0.956215918,-0.163016438,-0.041083023,0.0328836888,-0.159639403,0.0660532564,-0.0529812649,0.437379599,0.17665191,0.097454302,-0.247324318,-0.134420142,0.107214868,0.45340234,0.0371906012,-0.03815322,0.00721874367,0.151898503,-0.0525938794,0.303144872,0.387625694,0.0403961204,0.858354926,0.0933554098,-0.0226174556,0.0493443497,0.38557592,-0.347058445,0.000762008131,0.956215918,-0.163016438,-0.041083023,0.0328836888,-0.159639403,0.0660532564,-0.0529812649,0.437379599,0.176651925,0.0974543095,-0.247324318,-0.134420142,0.107214868,0.45340234,0.0371906012,-0.03815322,0.00721874367,0.151898503,-0.0525938794,0.303144872,0.387625694,0.0403961241,0.858354926,0.0933554098,-0.0226174593,0.0493443497,0.38557592,-0.347058445,0.000762008131,0.956215918,-0.163016438,-0.041083023,0.0328836888
0.623897751,3194371.78,0,0,0.00334473094,2.16630287e-05,0.399484158,0.172363594,0.0618991554,1,-0.978664696,-0.0136043942,-1.48880481e-05,0.205013096,-0.00479855249,0.119506367,0.00950933527,-0.999961257,0.0118132839,-0,-0.203276783,0.0541241579,-0.046116028,0.41319263,-0.214491561,-0.00712049194,-0.230193615,-0.0321954861,0.0555695482,0.506147087,-0.282283425,0.0209277924,0.0109603489,0.00843983982,0.00156329712,0.321856886,0.197666183,-0.0393286832,0.924640357,0.100981712,0.0176042113,0.000960819714,0.350753337,-0.30470401,0.0103386892,0.966556251,-0.156456023,-0.0381378159,0.0359634012,-0.432347417,0.0134610096,-0.0254567917,0.248674095,0.0961645916,-0.00893684477,-0.412673146,0.0272973068,0.00866377633,0.225173131,0.0887219012,-0.0145394308,-0.0673208684,0.00211892161,0.044608146,-0.0544164479,0.00251636188,0.153194606,0.0575773418,-0.233393371,-0.0716576129,-0.0644474626,-0.0217537992,-0.00298292772,-0.00273239333,-0.0951817632,-0.105161525,-0.00438402453,-0.00778115867,-0.166779011,0.0681010187,-0.0531086177,0.447113782,0.206886023,0.0923072696,-0.248905957,-0.131363183,0.104982138,0.469758689,0.0990897566,-0.0330490507,0.00535085704,0.145419598,-0.0707725063,0.300225943,0.377188474,0.0405590236,0.859758973,0.0850435272,-0.0281722844,0.042641677,0.381708801,-0.346184313,-0.0018921867,0.955517471,-0.165340483,-0.042207092,0.0337525383,-0.166779011,0.0681010187,-0.0531086177,0.447113782,0.206886038,0.092307277,-0.248905957,-0.131363183,0.104982138,0.469758689,0.0990897566,-0.0330490544,0.00535085704,0.145419598,-0.0707725063,0.300225943,0.377188474,0.0405590236,0.859758973,0.0850435272,-0.0281722862,0.042641677,0.381708801,-0.346184313,-0.0018921867,0.955517471,-0.165340483,-0.0422070883,0.0337525383,-0.166779011,0.0681010187,-0.0531086177,0.447113782,0.206886023,0.0923072696,-0.248905957,-0.131363183,0.104982138,0.469758689,0.0990897566,-0.0330490507,0.00535085704,0.145419598,-0.0707725063,0.300225943,0.377188474,0.0405590236,0.859758973,0.0850435272,-0.0281722844,0.042641677,0.381708801,-0.346184313,-0.0018921867,0.955517471,-0.165340483,-0.042207092,0.0337525383
0.633904356,3194371.79,0,0,0.0133513361,2.33571045e-05,0.436419636,0.172363594,0,1,-0.978674471,-0.0137124825,-0.000663227518,0.204957962,-0.00804131199,0.176470414,0.0116045931,-0.999962807,0.0118189212,-0,-0.207414478,0.054240983,-0.0463256277,0.415510625,-0.213586256,-0.00742997695,-0.234098762,-0.03197404,0.0556263663,0.508158207,-0.281469524,0.020855872,0.0102715166,0.0084555475,0.0015286631,0.321436018,0.197766393,-0.0377864912,0.925287783,0.0986897349,0.0166285094,0.000312632503,0.35044688,-0.304730654,0.0103015304,0.965887666,-0.157462582,-0.0381853431,0.0359141827,-0.546232998,0.0156517103,-0.0258794259,0.304829717,0.121154346,-0.0526703261,-0.514073133,0.0283107348,0.007263117,0.260934711,0.108568542,-0.00638761278,-0.0932356715,0.00210959115,-0.0140360966,-0.0576246083,0.018348027,0.213187113,0.0908724591,-0.312020898,-0.144540742,-0.0882697403,-0.0505333953,-0.00337516912,-0.00547487801,-0.0770636648,-0.132652566,-0.00665127207,-0.0054470012,-0.166779011,0.0681010187,-0.0531086177,0.447113782,0.206886023,0.0923072696,-0.248905957,-0.131363183,0.104982138,0.469758689,0.0990897566,-0.0330490507,0.00535085704,0.145419598,-0.0707725063,0.300225943,0.377188474,0.0405590236,0.859758973,0.0850435272,-0.0281722844,0.042641677,0.381708801,-0.346184313,-0.0018921867,0.955517471,-0.165340483,-0.042207092,0.0337525383,-0.166779011,0.0681010187,-0.0531086177,0.447113782,0.206886038,0.092307277,-0.248905957,-0.131363183,0.104982138,0.469758689,0.0990897566,-0.0330490544,0.00535085704,0.145419598,-0.0707725063,0.300225943,0.377188474,0.0405590236,0.859758973,0.0850435272,-0.0281722862,0.042641677,0.381708801,-0.346184313,-0.0018921867,0.955517471,-0.165340483,-0.0422070883,0.0337525383,-0.166779011,0.0681010187,-0.0531086177,0.447113782,0.206886023,0.0923072696,-0.248905957,-0.131363183,0.104982138,0.469758689,0.0990897566,-0.0330490507,0.00535085704,0.145419598,-0.0707725063,0.300225943,0.377188474,0.0405590236,0.859758973,0.0850435272,-0.0281722844,0.042641677,0.381708801,-0.346184313,-0.0018921867,0.955517471,-0.165340483,-0.042207092,0.0337525383
0.644901309,3194371.8,0,0,0.00437649759,2.22688541e-05,0.477470398,0.143560581,0.0603074729,1,-0.978677988,-0.0138427448,-0.00160557264,0.204927385,-0.0130012836,0.130292594,-0.00410361867,-0.999964416,0.01182485,-0,-0.213790372,0.0544887073,-0.0465674885,0.418982178,-0.211953372,-0.00831347704,-0.240165874,-0.031588994,0.0557952635,0.511167824,-0.279966474,0.0208217651,0.00923806615,0.0084946109,0.00170013926,0.320385754,0.198135048,-0.0349107385,0.926426232,0.0947677493,0.014834662,-0.000755794463,0.349549472,-0.304765582,0.0102261584,0.965156198,-0.158873171,-0.0382745266,0.0358583927,-0.496387839,0.0244021378,-0.0154031981,0.265040338,0.146659881,-0.0859060585,-0.477615088,0.0348736085,0.0197627358,0.23398678,0.137628034,-0.000934377662,-0.0760310367,0.00417412259,0.0512913503,-0.113827676,0.0393832326,0.250744432,0.0909725353,-0.322520941,-0.138806164,-0.0831122026,-0.0912373513,-0.00248211809,-0.00657098135,-0.0499445088,-0.10018371,-0.00775340851,-0.0042773406,-0.17670095,0.0690677613,-0.0535683185,0.455954134,0.236704856,0.0847215205,-0.249514014,-0.127995819,0.103263408,0.48652488,0.15939723,-0.0232029594,0.00406334456,0.140711099,-0.089527145,0.298847586,0.369126618,0.041797772,0.862042427,0.0760320276,-0.0347716659,0.0365183838,0.376926333,-0.34543848,-0.0051086098,0.955209672,-0.167946145,-0.0429439247,0.0348540805,-0.17670095,0.0690677613,-0.0535683185,0.455954134,0.236704841,0.0847215205,-0.249514014,-0.127995819,0.103263408,0.48652488,0.15939723,-0.0232029613,0.00406334503,0.140711099,-0.089527145,0.298847586,0.369126618,0.0417977683,0.862042427,0.0760320276,-0.0347716622,0.0365183838,0.376926333,-0.34543848,-0.0051086098,0.955209672,-0.167946145,-0.0429439172,0.0348540805,-0.17670095,0.0690677613,-0.0535683185,0.455954134,0.236704856,0.0847215205,-0.249514014,-0.127995819,0.103263408,0.48652488,0.15939723,-0.0232029594,0.00406334456,0.140711099,-0.089527145,0.298847586,0.369126618,0.041797772,0.862042427,0.0760320276,-0.0347716659,0.0365183838,0.376926333,-0.34543848,-0.0051086098,0.955209672,-0.167946145,-0.0429439247,0.0348540805
0.655897827,3194371.81,0,0,0.0153730158,2.19889916e-05,0.518693686,0.143560581,0,1,-0.978681207,-0.0139628546,-0.00250776717,0.204894841,-0.0137475422,0.189924568,0.00444336329,-0.999965668,0.0118291769,-0,-0.219813064,0.0547623597,-0.0466785692,0.422160745,-0.209967926,-0.0104068313,-0.245802745,-0.0312825032,0.0559403971,0.513783932,-0.278432667,0.0209202152,0.0082624387,0.00852180179,0.00162417383,0.319211245,0.198692635,-0.0321362764,0.927645206,0.0908669531,0.0128448904,-0.00179547572,0.348414779,-0.304778069,0.00987294223,0.964857101,-0.160166726,-0.0384222083,0.0358416028,-0.631116986,0.0273431893,-0.00970313977,0.332711637,0.215613782,-0.236756861,-0.587721884,0.0293718483,0.0149537558,0.269742072,0.162536472,0.0146837505,-0.101861484,0.00216236408,-0.0134267993,-0.129483059,0.0649971142,0.291116804,0.132556334,-0.418627411,-0.221993387,-0.112824701,-0.129931271,-0.000710144755,-0.0509279296,-0.0209407602,-0.13715592,-0.0173750482,-0.000599894323,-0.17670095,0.0690677613,-0.0535683185,0.455954134,0.236704856,0.0847215205,-0.249514014,-0.127995819,0.103263408,0.48652488,0.15939723,-0.0232029594,0.00406334456,0.140711099,-0.089527145,0.298847586,0.369126618,0.041797772,0.862042427,0.0760320276,-0.0347716659,0.0365183838,0.376926333,-0.34543848,-0.0051086098,0.955209672,-0.167946145,-0.0429439247,0.0348540805,-0.17670095,0.0690677613,-0.0535683185,0.455954134,0.236704841,0.0847215205,-0.249514014,-0.127995819,0.103263408,0.48652488,0.15939723,-0.0232029613,0.00406334503,0.140711099,-0.089527145,0.298847586,0.369126618,0.0417977683,0.862042427,0.0760320276,-0.0347716622,0.0365183838,0.376926333,-0.34543848,-0.0051086098,0.955209672,-0.167946145,-0.0429439172,0.0348540805,-0.17670095,0.0690677613,-0.0535683185,0.455954134,0.236704856,0.0847215205,-0.249514014,-0.127995819,0.103263408,0.48652488,0.15939723,-0.0232029594,0.00406334456,0.140711099,-0.089527145,0.298847586,0.369126618,0.041797772,0.862042427,0.0760320276,-0.0347716659,0.0365183838,0.376926333,-0.34543848,-0.0051086098,0.955209672,-0.167946145,-0.0429439247,0.0348540805
0.666868598,3194371.82,0,0,0.0063600638,4.385598e-06,0.559676707,0.127965119,0.0534973443,1,-0.978672624,-0.0140708899,-0.00347144529,0.204914182,-0.0160750523,0.157513097,-0.00680055097,-0.999966323,0.0118323341,-0,-0.227004558,0.0550943092,-0.0467772633,0.425829619,-0.207281902,-0.0130737461,-0.252602428,-0.0308998618,0.0562334657,0.516853988,-0.276275784,0.0211578142,0.00723818224,0.00855727773,0.00190571428,0.31725499,0.19961679,-0.0285497513,0.929152131,0.0858733356,0.0102902502,-0.00312237744,0.346595109,-0.304783881,0.00908471365,0.964689374,-0.161620185,-0.0386071317,0.0358438864,-0.609347105,0.029321,-0.00725822942,0.306409389,0.252781987,-0.279299617,-0.573543668,0.0306448918,0.0264016911,0.251735985,0.194004193,0.0314073116,-0.0819715783,0.00343080866,0.0273354836,-0.181623951,0.0862775221,0.304144949,0.130360529,-0.422254175,-0.222547188,-0.110282406,-0.165375456,-9.35757053e-05,-0.0808485225,-0.0105435075,-0.120325021,-0.0130036585,0.00147982023,-0.188045204,0.0691789016,-0.0540388711,0.46403107,0.263963521,0.0751497597,-0.251316398,-0.124945074,0.102138072,0.501413465,0.212894574,-0.00924562663,0.00338595454,0.13743031,-0.106787816,0.297777176,0.364015073,0.0441451818,0.865053535,0.0674358457,-0.0426162183,0.0318845287,0.371115506,-0.344773829,-0.00828068703,0.955079854,-0.17073822,-0.0432788134,0.0363361649,-0.188045204,0.0691789016,-0.0540388711,0.46403107,0.263963521,0.0751497597,-0.251316398,-0.124945074,0.102138072,0.501413465,0.212894574,-0.00924562663,0.00338595454,0.13743031,-0.106787816,0.297777176,0.364015073,0.044145178,0.865053535,0.0674358457,-0.0426162146,0.0318845287,0.371115506,-0.344773829,-0.00828068703,0.955079854,-0.17073822,-0.0432788096,0.0363361649,-0.188045204,0.0691789016,-0.0540388711,0.46403107,0.263963521,0.0751497597,-0.251316398,-0.124945074,0.102138072,0.501413465,0.212894574,-0.00924562663,0.00338595454,0.13743031,-0.106787816,0.297777176,0.364015073,0.0441451818,0.865053535,0.0674358457,-0.0426162183,0.0318845287,0.371115506,-0.344773829,-0.00828068703,0.955079854,-0.17073822,-0.0432788134,0.0363361649
0.676897774,3194371.83,0,0,0.01638924,2.19480135e-05,0.596748829,0.127965119,0,1,-0.978669524,-0.0142008606,-0.0044151363,0.204901844,-0.0111224251,0.185419381,-0.00433753105,-0.999966919,0.0118344566,-0,-0.233941182,0.0553654321,-0.0468481444,0.429404587,-0.204116181,-0.0171822347,-0.258926839,-0.030682411,0.0564792827,0.519498885,-0.274162143,0.0216917358,0.00631985581,0.00857035629,0.00179202214,0.315306932,0.200600922,-0.0254012309,0.930745721,0.081303373,0.00753580453,-0.00431264937,0.344767302,-0.304778486,0.00797477458,0.964606166,-0.163047254,-0.0387159884,0.0358818546,-0.703348756,0.0226979963,-0.00773674669,0.365707457,0.332032114,-0.410082877,-0.638368726,0.0190157667,0.0305524785,0.26297003,0.222594723,0.0612510815,-0.0853273571,0.000307175622,-0.00446519675,-0.211553618,0.1040489,0.31850335,0.164531738,-0.462182581,-0.28775689,-0.119717441,-0.196509704,0.000543428177,-0.125209928,-0.00744802458,-0.143350884,-0.00991980545,0.00464120647,-0.188045204,0.0691789016,-0.0540388711,0.46403107,0.263963521,0.0751497597,-0.251316398,-0.124945074,0.102138072,0.501413465,0.212894574,-0.00924562663,0.00338595454,0.13743031,-0.106787816,0.297777176,0.364015073,0.0441451818,0.865053535,0.0674358457,-0.0426162183,0.0318845287,0.371115506,-0.344773829,-0.00828068703,0.955079854,-0.17073822,-0.0432788134,0.0363361649,-0.188045204,0.0691789016,-0.0540388711,0.46403107,0.263963521,0.0751497597,-0.251316398,-0.124945074,0.102138072,0.501413465,0.212894574,-0.00924562663,0.00338595454,0.13743031,-0.106787816,0.297777176,0.364015073,0.044145178,0.865053535,0.0674358457,-0.0426162146,0.0318845287,0.371115506,-0.344773829,-0.00828068703,0.955079854,-0.17073822,-0.0432788096,0.0363361649,-0.188045204,0.0691789016,-0.0540388711,0.46403107,0.263963521,0.0751497597,-0.251316398,-0.124945074,0.102138072,0.501413465,0.212894574,-0.00924562663,0.00338595454,0.13743031,-0.106787816,0.297777176,0.364015073,0.0441451818,0.865053535,0.0674358457,-0.0426162183,0.0318845287,0.371115506,-0.344773829,-0.00828068703,0.955079854,-0.17073822,-0.0432788134,0.0363361649
0.687898868,3194371.84,0,0,0.00737381773,2.28076242e-05,0.636691809,0.143928919,0.0395665616,1,-0.978648245,-0.0143093262,-0.00514993537,0.204978913,-0.00630606012,0.147126198,-0.0223161597,-0.999967575,0.0118361851,-0,-0.240528896,0.0555377044,-0.0469337665,0.432771951,-0.200718507,-0.0208912846,-0.264977336,-0.0304921996,0.0569329225,0.521945,-0.271763533,0.0223379172,0.00568485167,0.00856331177,0.00218048529,0.312910348,0.201696545,-0.0222489499,0.932224512,0.0769308954,0.00483295554,-0.00539236516,0.342601985,-0.304777801,0.00664650835,0.964536965,-0.164304867,-0.0388067551,0.0359437317,-0.66816628,0.0147482716,-0.00885043107,0.33637619,0.367211491,-0.412207484,-0.614039004,0.016327044,0.0524271391,0.242068037,0.252298862,0.0745594278,-0.0564624555,-0.00274867099,0.0367398076,-0.250673473,0.114455037,0.314620972,0.148946971,-0.430075824,-0.278884828,-0.102094851,-0.22668311,0.000132805857,-0.141435325,-0.00636351574,-0.124186255,-0.00851432234,0.0114082685,-0.200853825,0.0687159896,-0.0549661592,0.470102042,0.283022106,0.0645599961,-0.255600959,-0.122349992,0.101078436,0.513741493,0.252461135,0.00610353798,0.00339085422,0.136059523,-0.120445982,0.296351582,0.361168802,0.0472173542,0.868759692,0.0602094457,-0.0505743921,0.0289028119,0.365313619,-0.343614966,-0.0112280045,0.955162168,-0.173188403,-0.0432429463,0.0380780548,-0.200853825,0.0687159896,-0.0549661592,0.470102042,0.283022106,0.0645599961,-0.255600959,-0.122349992,0.101078436,0.513741493,0.252461135,0.00610353844,0.00339085422,0.136059523,-0.120445982,0.296351582,0.361168802,0.0472173505,0.868759692,0.0602094457,-0.0505743884,0.0289028119,0.365313619,-0.343614966,-0.0112280054,0.955162168,-0.173188403,-0.04324295,0.0380780548,-0.200853825,0.0687159896,-0.0549661592,0.470102042,0.283022106,0.0645599961,-0.255600959,-0.122349992,0.101078436,0.513741493,0.252461135,0.00610353798,0.00339085422,0.136059523,-0.120445982,0.296351582,0.361168802,0.0472173542,0.868759692,0.0602094457,-0.0505743921,0.0289028119,0.365313619,-0.343614966,-0.0112280045,0.955162168,-0.173188403,-0.0432429463,0.0380780548
0.697972567,3194371.85,0,0,0.0174475168,5.56372106e-06,0.672354162,0.143928919,0,1,-0.978612006,-0.0145184183,-0.0061881314,0.205108538,0.000794456748,0.160088927,-0.0327427089,-0.999967575,0.0118373474,-0,-0.24941954,0.0556543767,-0.047048185,0.4372302,-0.195559174,-0.0271454081,-0.273031741,-0.0303893723,0.0576585196,0.524950743,-0.268477082,0.0234799795,0.00503435591,0.00848334841,0.00213669264,0.30977881,0.203173548,-0.0184383243,0.934266865,0.0717005357,0.000869950862,-0.00655028364,0.339669079,-0.304773897,0.00469910866,0.964469373,-0.165956795,-0.0389005281,0.036213275,-0.730986238,0.00487148669,-0.00990052614,0.36426124,0.441041589,-0.495800436,-0.663184345,0.0070099635,0.0692240521,0.240281701,0.289338559,0.0996748954,-0.0424947627,-0.00697932579,0.0131871132,-0.276920944,0.126085937,0.315416098,0.162975177,-0.420125365,-0.333542049,-0.086154446,-0.261929184,-9.88170868e-05,-0.167844415,-0.00552780274,-0.130636275,-0.00750807952,0.0227447487,-0.200853825,0.0687159896,-0.0549661592,0.470102042,0.283022106,0.0645599961,-0.255600959,-0.122349992,0.101078436,0.513741493,0.252461135,0.00610353798,0.00339085422,0.136059523,-0.120445982,0.296351582,0.361168802,0.0472173542,0.868759692,0.0602094457,-0.0505743921,0.0289028119,0.365313619,-0.343614966,-0.0112280045,0.955162168,-0.173188403,-0.0432429463,0.0380780548,-0.200853825,0.0687159896,-0.0549661592,0.470102042,0.283022106,0.0645599961,-0.255600959,-0.122349992,0.101078436,0.513741493,0.252461135,0.00610353844,0.00339085422,0.136059523,-0.120445982,0.296351582,0.361168802,0.0472173505,0.868759692,0.0602094457,-0.0505743884,0.0289028119,0.365313619,-0.343614966,-0.0112280054,0.955162168,-0.173188403,-0.04324295,0.0380780548,-0.200853825,0.0687159896,-0.0549661592,0.470102042,0.283022106,0.0645599961,-0.255600959,-0.122349992,0.101078436,0.513741493,0.252461135,0.00610353798,0.00339085422,0.136059523,-0.120445982,0.296351582,0.361168802,0.0472173542,0.868759692,0.0602094457,-0.0505743921,0.0289028119,0.365313619,-0.343614966,-0.0112280045,0.955162168,-0.173188403,-0.0432429463,0.0380780548
0.708897784,3194371.86,0,0,0.00837161578,2.16411427e-05,0.709775448,0.170717016,0.0266836286,1,-0.978564799,-0.0146557204,-0.00682513928,0.20530358,0.00295860646,0.151277915,-0.0429926515,-0.999967575,0.0118382918,-0,-0.25637725,0.0556755997,-0.0471645556,0.440586001,-0.191015825,-0.0319684781,-0.27940762,-0.0303126872,0.0584556274,0.527180314,-0.265391856,0.0245001819,0.00474500051,0.00842607394,0.00256524631,0.306854486,0.204462007,-0.0153730689,0.93565768,0.0678388178,-0.00231439434,-0.00721402094,0.336854339,-0.304780692,0.00305074081,0.96441412,-0.167091578,-0.0389731601,0.0364399403,-0.738013029,0.00090046128,-0.0151387881,0.347071022,0.491628915,-0.563013375,-0.677763045,0.00561536197,0.0867153928,0.232876152,0.321168721,0.114347339,-0.0281591341,-0.0072901817,0.00985452067,-0.290838838,0.133325174,0.303298175,0.143407717,-0.379630446,-0.341574609,-0.0573950335,-0.287754714,-0.000510687591,-0.16933769,-0.00510646589,-0.113138057,-0.00700967293,0.0328738838,-0.21477899,0.0688885599,-0.0567736104,0.474295735,0.295856118,0.0538677871,-0.261231989,-0.119451329,0.0999415964,0.525623798,0.279144764,0.0199184231,0.00368647184,0.136567146,-0.129413277,0.295067608,0.360119641,0.0504975319,0.872682929,0.0545209423,-0.0574834645,0.0274494719,0.35997206,-0.342168838,-0.0136417281,0.955683768,-0.174705893,-0.0431818366,0.0392647833,-0.21477899,0.0688885599,-0.0567736104,0.474295735,0.295856118,0.0538677946,-0.261231989,-0.119451329,0.0999415964,0.525623798,0.279144764,0.0199184231,0.00368647138,0.136567146,-0.129413277,0.295067608,0.360119641,0.0504975282,0.872682929,0.0545209423,-0.0574834608,0.0274494719,0.35997206,-0.342168838,-0.0136417281,0.955683768,-0.174705893,-0.0431818403,0.0392647833,-0.21477899,0.0688885599,-0.0567736104,0.474295735,0.295856118,0.0538677871,-0.261231989,-0.119451329,0.0999415964,0.525623798,0.279144764,0.0199184231,0.00368647184,0.136567146,-0.129413277,0.295067608,0.360119641,0.0504975319,0.872682929,0.0545209423,-0.0574834645,0.0274494719,0.35997206,-0.342168838,-0.0136417281,0.955683768,-0.174705893,-0.0431818366,0.0392647833
0.718898263,3194371.87,0,0,0.0183720947,2.2106804e-05,0.742659271,0.170717016,0,1,-0.978511572,-0.0148345158,-0.00757026812,0.205518305,0.0054269773,0.134314567,-0.0499516167,-0.999967575,0.011838926,-0,-0.26395604,0.055613298,-0.0474426895,0.444082707,-0.185866937,-0.0377880819,-0.286396921,-0.0302824993,0.0593981855,0.529555619,-0.262023121,0.0257224012,0.00450374885,0.0083478298,0.00259162299,0.30387792,0.205841094,-0.0123978918,0.937031984,0.0642054975,-0.00592578575,-0.00763787609,0.333803028,-0.304787278,0.0013436724,0.964363813,-0.168164119,-0.039041847,0.0368547812,-0.738594294,-0.0127935475,-0.0380747318,0.333738238,0.513138115,-0.540926158,-0.685992658,0.00199698913,0.0983187109,0.230310768,0.346785009,0.121861942,-0.0179593172,-0.00708514033,0.0204136204,-0.30618313,0.139629483,0.29143244,0.121802367,-0.343354464,-0.355337083,-0.0303016938,-0.318344355,-0.000994876842,-0.166604728,-0.00516232383,-0.0975557566,-0.00682038395,0.0413100161,-0.21477899,0.0688885599,-0.0567736104,0.474295735,0.295856118,0.0538677871,-0.261231989,-0.119451329,0.0999415964,0.525623798,0.279144764,0.0199184231,0.00368647184,0.136567146,-0.129413277,0.295067608,0.360119641,0.0504975319,0.872682929,0.0545209423,-0.0574834645,0.0274494719,0.35997206,-0.342168838,-0.0136417281,0.955683768,-0.174705893,-0.0431818366,0.0392647833,-0.21477899,0.0688885599,-0.0567736104,0.474295735,0.295856118,0.0538677946,-0.261231989,-0.119451329,0.0999415964,0.525623798,0.279144764,0.0199184231,0.00368647138,0.136567146,-0.129413277,0.295067608,0.360119641,0.0504975282,0.872682929,0.0545209423,-0.0574834608,0.0274494719,0.35997206,-0.342168838,-0.0136417281,0.955683768,-0.174705893,-0.0431818403,0.0392647833,-0.21477899,0.0688885599,-0.0567736104,0.474295735,0.295856118,0.0538677871,-0.261231989,-0.119451329,0.0999415964,0.525623798,0.279144764,0.0199184231,0.00368647184,0.136567146,-0.129413277,0.295067608,0.360119641,0.0504975319,0.872682929,0.0545209423,-0.0574834645,0.0274494719,0.35997206,-0.342168838,-0.0136417281,0.955683768,-0.174705893,-0.0431818366,0.0392647833
0.728899487,3194371.88,0,0,0.00833508279,2.23820098e-05,0.774035513,0.183742028,0.0197295547,1,-0.978452563,-0.0149610443,-0.00806001388,0.205771327,0.00693859812,0.118169829,-0.0535772145,-0.999967575,0.0118394019,-0,-0.270927668,0.0554351658,-0.0479064398,0.4470734,-0.180677399,-0.042979259,-0.292985082,-0.0302691329,0.0604332201,0.531759262,-0.258400321,0.0269337781,0.00438256143,0.0082933316,0.00311630988,0.3007164,0.207278326,-0.00957988575,0.937925458,0.0611437075,-0.00927959848,-0.00781312585,0.330432236,-0.304801017,-0.000193150903,0.964310288,-0.168948635,-0.0391099975,0.0372237191,-0.731868684,-0.0194216259,-0.0503901094,0.303825974,0.550305247,-0.589944422,-0.700771034,0.000945089152,0.113990232,0.24158816,0.374404967,0.131511375,-0.0118606174,-0.00693979533,0.0233796388,-0.312455475,0.149435043,0.275758415,0.0855236053,-0.294803083,-0.350921988,-0.0117618646,-0.342041582,-0.00113675755,-0.149989769,-0.0050380039,-0.0683133006,-0.00678829476,0.0394570604,-0.228821814,0.0699831992,-0.058558926,0.477536261,0.307664156,0.0439957976,-0.267864138,-0.116018414,0.0992998183,0.537679136,0.298874319,0.0307987332,0.0040869778,0.138314009,-0.135001674,0.2940979,0.360588968,0.0536105782,0.876156092,0.0502197891,-0.0633425415,0.0272587165,0.354780018,-0.340950936,-0.015549371,0.956494093,-0.17498821,-0.0431964546,0.0398861095,-0.228821814,0.0699831992,-0.0585589223,0.477536261,0.307664156,0.0439958051,-0.267864138,-0.116018414,0.0992998183,0.537679136,0.298874319,0.0307987332,0.0040869778,0.138314009,-0.135001674,0.2940979,0.360588968,0.0536105782,0.876156092,0.0502197891,-0.0633425415,0.0272587165,0.354780018,-0.340950936,-0.015549371,0.956494093,-0.17498821,-0.0431964546,0.0398861095,-0.228821814,0.0699831992,-0.058558926,0.477536261,0.307664156,0.0439957976,-0.267864138,-0.116018414,0.0992998183,0.537679136,0.298874319,0.0307987332,0.0040869778,0.138314009,-0.135001674,0.2940979,0.360588968,0.0536105782,0.876156092,0.0502197891,-0.0633425415,0.0272587165,0.354780018,-0.340950936,-0.015549371,0.956494093,-0.17498821,-0.0431964546,0.0398861095
0.739898217,3194371.9,0,0,0.0193338129,2.18148343e-05,0.806585371,0.183742028,0,1,-0.97837919,-0.0151392315,-0.008707867,0.206080392,0.00641628075,0.0779425353,-0.0551788099,-0.999967575,0.0118397288,-0,-0.279794544,0.0551125444,-0.048678074,0.450620264,-0.173938602,-0.0500314906,-0.301618576,-0.0302688014,0.0618941523,0.534824789,-0.253726095,0.0285551883,0.00427643629,0.00822843332,0.00338761765,0.296900779,0.209174171,-0.00639773114,0.938732207,0.0579093285,-0.0135954777,-0.00788993388,0.326139838,-0.304815143,-0.00188497698,0.964248538,-0.169568464,-0.0391931348,0.0376792252,-0.699482501,-0.032372728,-0.0723668113,0.268525809,0.549965799,-0.530294597,-0.690764248,-0.000770945742,0.121433087,0.246404901,0.397923678,0.129515648,-0.00597854843,-0.00306322426,0.0555573963,-0.327851117,0.163217649,0.25755021,0.0432531573,-0.243075892,-0.346485645,-0.00341400295,-0.373121411,-0.00137136085,-0.12940149,-0.0054450864,-0.0396558419,-0.00702505885,0.0326768495,-0.228821814,0.0699831992,-0.058558926,0.477536261,0.307664156,0.0439957976,-0.267864138,-0.116018414,0.0992998183,0.537679136,0.298874319,0.0307987332,0.0040869778,0.138314009,-0.135001674,0.2940979,0.360588968,0.0536105782,0.876156092,0.0502197891,-0.0633425415,0.0272587165,0.354780018,-0.340950936,-0.015549371,0.956494093,-0.17498821,-0.0431964546,0.0398861095,-0.228821814,0.0699831992,-0.0585589223,0.477536261,0.307664156,0.0439958051,-0.267864138,-0.116018414,0.0992998183,0.537679136,0.298874319,0.0307987332,0.0040869778,0.138314009,-0.135001674,0.2940979,0.360588968,0.0536105782,0.876156092,0.0502197891,-0.0633425415,0.0272587165,0.354780018,-0.340950936,-0.015549371,0.956494093,-0.17498821,-0.0431964546,0.0398861095,-0.228821814,0.0699831992,-0.058558926,0.477536261,0.307664156,0.0439957976,-0.267864138,-0.116018414,0.0992998183,0.537679136,0.298874319,0.0307987332,0.0040869778,0.138314009,-0.135001674,0.2940979,0.360588968,0.0536105782,0.876156092,0.0502197891,-0.0633425415,0.0272587165,0.354780018,-0.340950936,-0.015549371,0.956494093,-0.17498821,-0.0431964546,0.0398861095
0.749898487,3194371.91,0,0,0.00934358407,2.25850381e-05,0.834229231,0.173219945,0.0160209537,1,-0.978320301,-0.0152343884,-0.00904125534,0.20633845,0.00575053412,0.100325659,-0.0513071045,-0.999967575,0.0118400054,-0,-0.286683738,0.0547624528,-0.0494746976,0.453005254,-0.168346256,-0.0554946736,-0.30863744,-0.030263979,0.0631900355,0.537427604,-0.249613911,0.0298600961,0.00423881784,0.00821428653,0.00391994277,0.293571413,0.210888594,-0.00392963411,0.939016402,0.0557986945,-0.0170216523,-0.00790244807,0.322347581,-0.304826587,-0.00306311855,0.964192748,-0.169864327,-0.0392638668,0.0379724763,-0.736326098,-0.0374371596,-0.0916745365,0.236627117,0.583043873,-0.615643322,-0.767382681,0.00293378602,0.143542856,0.298528612,0.422854602,0.139319211,-0.00257742452,-0.000938446843,0.00494894013,-0.325826705,0.177441344,0.24000138,0.022918256,-0.195552081,-0.352992505,-0.000321532309,-0.373917013,-0.000723304285,-0.117219478,-0.00543780345,-0.0243896116,-0.00708314311,0.0311968774,-0.244842768,0.0727369711,-0.0614513531,0.477080762,0.312499225,0.0340383351,-0.277351201,-0.112382963,0.0982060879,0.548555791,0.307198048,0.0388868861,0.0056514116,0.141621888,-0.137948737,0.29283917,0.361127734,0.056662783,0.879029155,0.047749266,-0.0678024739,0.0278152842,0.34945631,-0.34003678,-0.0174644534,0.957139552,-0.174149185,-0.0430623442,0.0403130911,-0.244842768,0.0727369711,-0.0614513494,0.477080762,0.312499225,0.0340383425,-0.277351201,-0.112382963,0.0982060879,0.548555791,0.307198048,0.0388868861,0.0056514116,0.141621888,-0.137948737,0.29283917,0.361127734,0.0566627868,0.879029155,0.047749266,-0.0678024739,0.0278152842,0.34945631,-0.34003678,-0.0174644552,0.957139552,-0.174149185,-0.0430623405,0.0403130911,-0.244842768,0.0727369711,-0.0614513531,0.477080762,0.312499225,0.0340383351,-0.277351201,-0.112382963,0.0982060879,0.548555791,0.307198048,0.0388868861,0.0056514116,0.141621888,-0.137948737,0.29283917,0.361127734,0.056662783,0.879029155,0.047749266,-0.0678024739,0.0278152842,0.34945631,-0.34003678,-0.0174644534,0.957139552,-0.174149185,-0.0430623442,0.0403130911
0.760904237,3194371.92,0,0,0.000352718867,2.33598985e-05,0.86233443,0.171073247,0.0160259008,1,-0.978271067,-0.01534124,-0.00943981484,0.206545994,0.00441707531,0.0529671609,-0.0355905071,-0.999967575,0.011840228,-0,-0.293842584,0.0542993955,-0.0505388789,0.455063343,-0.162641734,-0.0612214617,-0.316266328,-0.0302467458,0.0646900758,0.540460944,-0.245349079,0.0312562324,0.00422202889,0.00822346564,0.00409608241,0.29017064,0.212744161,-0.00164279959,0.93915242,0.0541214533,-0.020544,-0.00789029989,0.318555743,-0.304831326,-0.00415818579,0.964134812,-0.170067817,-0.0393360555,0.038249135,-0.678410947,-0.0524467006,-0.111439243,0.176679522,0.553771794,-0.523254275,-0.727932334,0.00115670369,0.159855098,0.284139276,0.421329558,0.139774039,-0.00158199016,0.00227025803,0.044804845,-0.356022984,0.19149363,0.218695164,0.00880588125,-0.147365153,-0.346235126,0.00220243796,-0.382569134,-0.000378664292,-0.101742238,-0.0062040505,-0.0184268039,-0.00736977207,0.0234694593,-0.244842768,0.0727369711,-0.0614513531,0.477080762,0.312499225,0.0340383351,-0.277351201,-0.112382963,0.0982060879,0.548555791,0.307198048,0.0388868861,0.0056514116,0.141621888,-0.137948737,0.29283917,0.361127734,0.056662783,0.879029155,0.047749266,-0.0678024739,0.0278152842,0.34945631,-0.34003678,-0.0174644534,0.957139552,-0.174149185,-0.0430623442,0.0403130911,-0.260868669,0.0774109662,-0.0647396967,0.47430101,0.316714048,0.0240780804,-0.288338423,-0.107567757,0.0972665548,0.558791757,0.309982598,0.0450164415,0.00819835532,0.145989239,-0.139671788,0.292317599,0.361455977,0.0597086661,0.880844951,0.0465681851,-0.0707096159,0.0288135968,0.342854619,-0.340498418,-0.0192313977,0.957313955,-0.172520816,-0.0429887921,0.0403162464,-0.260868669,0.0774109662,-0.0647396967,0.47430101,0.316714048,0.024078086,-0.288338423,-0.107567757,0.0972665548,0.558791757,0.309982598,0.0450164415,0.00819835532,0.145989239,-0.139671788,0.292317599,0.361455977,0.0597086698,0.880844951,0.0465681851,-0.0707096159,0.0288135968,0.342854619,-0.340498418,-0.0192313958,0.957313955,-0.172520816,-0.0429887921,0.0403162464
0.771897845,3194371.93,0,0,0.0113463271,2.2163149e-05,0.88783747,0.171073247,0,1,-0.978240371,-0.0153798535,-0.00966627803,0.206678107,-0.00708583416,0.0800839737,-0.0279679745,-0.999967575,0.01184039,-0,-0.300501585,0.053824611,-0.0516317748,0.456455737,-0.157145947,-0.0666877404,-0.323584229,-0.0301781558,0.066387929,0.543306053,-0.241103441,0.0326852575,0.00426724134,0.00832665619,0.00447477587,0.286473721,0.214725941,0.000409906293,0.93920064,0.0529597625,-0.0239326898,-0.007856654,0.314803123,-0.304836124,-0.00511907181,0.964070559,-0.170223817,-0.0394103006,0.0384323224,-0.708922803,-0.0388722047,-0.111470178,0.125863999,0.563541114,-0.62347728,-0.803296328,0.015136038,0.175314888,0.327421546,0.440241814,0.148185238,0.012460947,0.017564252,-0.0145411259,-0.366385251,0.200688094,0.201329142,0.00312283239,-0.0968488231,-0.342291594,0.00399908563,-0.364104539,-0.000536258507,-0.0985290632,-0.0061865733,-0.0131439334,-0.00730338506,0.0166892391,-0.260868669,0.0774109662,-0.0647396967,0.47430101,0.316714048,0.024078086,-0.288338423,-0.107567757,0.0972665548,0.558791757,0.309982598,0.0450164415,0.00819835532,0.145989239,-0.139671788,0.292317599,0.361455977,0.0597086698,0.880844951,0.0465681851,-0.0707096159,0.0288135968,0.342854619,-0.340498418,-0.0192313958,0.957313955,-0.172520816,-0.0429887921,0.0403162464,-0.260868669,0.0774109662,-0.0647396967,0.47430101,0.316714048,0.0240780804,-0.288338423,-0.107567757,0.0972665548,0.558791757,0.309982598,0.0450164415,0.00819835532,0.145989239,-0.139671788,0.292317599,0.361455977,0.0597086661,0.880844951,0.0465681851,-0.0707096159,0.0288135968,0.342854619,-0.340498418,-0.0192313977,0.957313955,-0.172520816,-0.0429887921,0.0403162464,-0.260868669,0.0774109662,-0.0647396967,0.47430101,0.316714048,0.024078086,-0.288338423,-0.107567757,0.0972665548,0.558791757,0.309982598,0.0450164415,0.00819835532,0.145989239,-0.139671788,0.292317599,0.361455977,0.0597086698,0.880844951,0.0465681851,-0.0707096159,0.0288135968,0.342854619,-0.340498418,-0.0192313958,0.957313955,-0.172520816,-0.0429887921,0.0403162464
0.781908276,3194371.94,0,0,0.00137333805,2.52672471e-05,0.908727229,0.152688008,0.013764143,1,-0.978224933,-0.0153430458,-0.00998637825,0.206738576,-0.0292147044,0.0350359567,-0.000426414015,-0.999967575,0.0118404981,-0,-0.307373494,0.0534824021,-0.0527721941,0.457422644,-0.151971027,-0.0720064566,-0.331582606,-0.0299953464,0.0679211617,0.546666265,-0.23659192,0.0341379754,0.00436686166,0.00867795572,0.0044844565,0.282594979,0.216739103,0.00232917373,0.939207315,0.052228678,-0.0272822119,-0.00775584299,0.311139673,-0.304846734,-0.00611328194,0.964005828,-0.170333967,-0.0394834206,0.0385626033,-0.655128121,-0.0320351608,-0.0983254984,0.0793198645,0.454086244,-0.371985883,-0.771828771,0.0173102766,0.132861465,0.32344386,0.453744978,0.141033232,0.00691676093,0.0469823703,0.0255496223,-0.406853825,0.202005178,0.18191877,-0.000900115934,-0.0583066754,-0.323795915,0.0160693508,-0.367371589,-0.00138004078,-0.097380437,-0.00676178932,-0.00999007653,-0.00734306592,0.0112412656,-0.274632812,0.0831555501,-0.0672080144,0.471476167,0.327924728,0.0134114027,-0.299788862,-0.102222994,0.0965938419,0.569536507,0.312622547,0.049406074,0.0109045897,0.150956839,-0.142378002,0.293285906,0.36109966,0.0631685704,0.88188529,0.0456969067,-0.0722908974,0.0295896064,0.335461527,-0.343241036,-0.0214349907,0.956976175,-0.171190307,-0.0428415686,0.0397649482,-0.274632812,0.0831555501,-0.0672080144,0.471476167,0.327924728,0.0134114064,-0.299788862,-0.102222994,0.0965938419,0.569536507,0.312622547,0.049406074,0.0109045897,0.150956839,-0.142378002,0.293285906,0.36109966,0.0631685629,0.88188529,0.0456969067,-0.0722909048,0.0295896064,0.335461527,-0.343241036,-0.0214349907,0.956976175,-0.171190307,-0.0428415686,0.0397649482,-0.274632812,0.0831555501,-0.0672080144,0.471476167,0.327924728,0.0134114027,-0.299788862,-0.102222994,0.0965938419,0.569536507,0.312622547,0.049406074,0.0109045897,0.150956839,-0.142378002,0.293285906,0.36109966,0.0631685704,0.88188529,0.0456969067,-0.0722908974,0.0295896064,0.335461527,-0.343241036,-0.0214349907,0.956976175,-0.171190307,-0.0428415686,0.0397649482
0.792898647,3194371.95,0,0,0.012363709,2.15750188e-05,0.929031551,0.152688008,0,1,-0.978235662,-0.0151436031,-0.0102216927,0.206690982,-0.0470597185,0.0552738383,0.00613449886,-0.999967575,0.0118405856,-0,-0.315126151,0.0532555804,-0.0534486584,0.458011836,-0.14740704,-0.0745354071,-0.34117189,-0.0297147334,0.0693225935,0.550862789,-0.230902404,0.0357852057,0.00461134547,0.00940615032,0.00466600293,0.277454317,0.219176248,0.0043890751,0.939154804,0.0517945513,-0.0309424996,-0.00746137928,0.306854129,-0.304863334,-0.00723798946,0.963925302,-0.170426399,-0.0395681486,0.0386752188,-0.673857331,-0.00942481123,-0.0362372547,0.0325915329,0.350284219,-0.156285241,-0.871027172,0.0318070091,0.114896193,0.406602949,0.500506699,0.137313485,0.0342345499,0.0674508289,-0.0208769627,-0.435053468,0.202114731,0.173250347,-0.0101012709,-0.0238380115,-0.296361536,0.0292193107,-0.349677682,-0.00131636439,-0.0948267207,-0.00640647393,-0.00566931115,-0.00668124203,0.00829232391,-0.274632812,0.0831555501,-0.0672080144,0.471476167,0.327924728,0.0134114027,-0.299788862,-0.102222994,0.0965938419,0.569536507,0.312622547,0.049406074,0.0109045897,0.150956839,-0.142378002,0.293285906,0.36109966,0.0631685704,0.88188529,0.0456969067,-0.0722908974,0.0295896064,0.335461527,-0.343241036,-0.0214349907,0.956976175,-0.171190307,-0.0428415686,0.0397649482,-0.274632812,0.0831555501,-0.0672080144,0.471476167,0.327924728,0.0134114064,-0.299788862,-0.102222994,0.0965938419,0.569536507,0.312622547,0.049406074,0.0109045897,0.150956839,-0.142378002,0.293285906,0.36109966,0.0631685629,0.88188529,0.0456969067,-0.0722909048,0.0295896064,0.335461527,-0.343241036,-0.0214349907,0.956976175,-0.171190307,-0.0428415686,0.0397649482,-0.274632812,0.0831555501,-0.0672080144,0.471476167,0.327924728,0.0134114027,-0.299788862,-0.102222994,0.0965938419,0.569536507,0.312622547,0.049406074,0.0109045897,0.150956839,-0.142378002,0.293285906,0.36109966,0.0631685704,0.88188529,0.0456969067,-0.0722908974,0.0295896064,0.335461527,-0.343241036,-0.0214349907,0.956976175,-0.171190307,-0.0428415686,0.0397649482
0.803868445,3194371.96,0,0,0.0033022631,4.40329313e-06,0.946521223,0.12992369,0.0172150135,1,-0.978287518,-0.0147641096,-0.0103935627,0.20646444,-0.0838839561,-0.030255463,0.0609702617,-0.999967575,0.011840648,-0,-0.322796732,0.0532614142,-0.0539787449,0.458112717,-0.143599391,-0.0758494362,-0.351182103,-0.0293100365,0.0701944381,0.555599809,-0.22472392,0.0373477824,0.00484233396,0.0104965242,0.00489936443,0.271955878,0.22155486,0.00639259862,0.938715458,0.0515949354,-0.0340635404,-0.00695021497,0.302592307,-0.304887533,-0.00834237225,0.963844061,-0.170477927,-0.0396465398,0.0387629047,-0.592461467,0.00779091567,-0.0507248156,-0.0140311047,0.294888586,-0.0809690207,-0.776108861,0.0347490311,0.0436794572,0.364675939,0.518209517,0.124736078,0.0105792144,0.107664697,0.0678081065,-0.478347778,0.196402833,0.158050478,-0.0596563332,-0.0133578638,-0.228090897,0.0525291413,-0.358422458,-0.00244173198,-0.0869365409,-0.00723032933,-0.00362849655,-0.00656592846,0.00672318693,-0.286747128,0.0904801115,-0.0686786473,0.46773091,0.345139742,-0.000971317291,-0.313992083,-0.095557943,0.0943989605,0.580513895,0.313101828,0.0523450561,0.0145073095,0.158189684,-0.147092372,0.296303332,0.358602196,0.0676280558,0.882824838,0.0452251434,-0.0721550286,0.0295482669,0.327392846,-0.348572999,-0.024430709,0.955685973,-0.171555117,-0.0422666818,0.0384145044,-0.286747128,0.0904801115,-0.0686786473,0.46773091,0.345139742,-0.000971314788,-0.313992083,-0.095557943,0.0943989605,0.580513895,0.313101828,0.0523450561,0.0145073095,0.158189684,-0.147092372,0.296303332,0.358602196,0.0676280558,0.882824838,0.0452251434,-0.0721550211,0.0295482669,0.327392846,-0.348572999,-0.0244307108,0.955685973,-0.171555117,-0.0422666818,0.0384145044,-0.286747128,0.0904801115,-0.0686786473,0.46773091,0.345139742,-0.000971317291,-0.313992083,-0.095557943,0.0943989605,0.580513895,0.313101828,0.0523450561,0.0145073095,0.158189684,-0.147092372,0.296303332,0.358602196,0.0676280558,0.882824838,0.0452251434,-0.0721550286,0.0295482669,0.327392846,-0.348572999,-0.024430709,0.955685973,-0.171555117,-0.0422666818,0.0384145044
0.813870195,3194371.97,0,0,0.0133040128,4.85684723e-06,0.960061133,0.12992369,0,1,-0.978320837,-0.0144277997,-0.0105760945,0.206320956,-0.0986866355,0.0406690985,0.0268637668,-0.999967575,0.011840689,-0,-0.328049868,0.0535139628,-0.0542418472,0.457858264,-0.141274467,-0.076782234,-0.35844636,-0.0288400706,0.0706423298,0.559200704,-0.220194101,0.0383276753,0.00526110642,0.0114160087,0.00478825439,0.268248498,0.223058119,0.00783963222,0.937981725,0.051510945,-0.0356784575,-0.00658854144,0.299869865,-0.304909617,-0.00912312884,0.963787913,-0.170509785,-0.0396895558,0.0388029814,-0.671371758,0.044050917,-0.0259857029,-0.0446095243,0.285632849,-0.127756074,-0.952498794,0.0700379387,0.0559600219,0.483989716,0.589649916,0.120199047,0.0680490956,0.121067002,-0.0328630805,-0.460234076,0.182177663,0.194226488,-0.111397788,-0.00941803027,-0.18724364,0.0432000421,-0.337784946,-0.00307689351,-0.102667063,-0.00707823085,-0.00411581295,-0.00487694005,0.00418881001,-0.286747128,0.0904801115,-0.0686786473,0.46773091,0.345139742,-0.000971317291,-0.313992083,-0.095557943,0.0943989605,0.580513895,0.313101828,0.0523450561,0.0145073095,0.158189684,-0.147092372,0.296303332,0.358602196,0.0676280558,0.882824838,0.0452251434,-0.0721550286,0.0295482669,0.327392846,-0.348572999,-0.024430709,0.955685973,-0.171555117,-0.0422666818,0.0384145044,-0.286747128,0.0904801115,-0.0686786473,0.46773091,0.345139742,-0.000971314788,-0.313992083,-0.095557943,0.0943989605,0.580513895,0.313101828,0.0523450561,0.0145073095,0.158189684,-0.147092372,0.296303332,0.358602196,0.0676280558,0.882824838,0.0452251434,-0.0721550211,0.0295482669,0.327392846,-0.348572999,-0.0244307108,0.955685973,-0.171555117,-0.0422666818,0.0384145044,-0.286747128,0.0904801115,-0.0686786473,0.46773091,0.345139742,-0.000971317291,-0.313992083,-0.095557943,0.0943989605,0.580513895,0.313101828,0.0523450561,0.0145073095,0.158189684,-0.147092372,0.296303332,0.358602196,0.0676280558,0.882824838,0.0452251434,-0.0721550286,0.0295482669,0.327392846,-0.348572999,-0.024430709,0.955685973,-0.171555117,-0.0422666818,0.0384145044
0.823900088,3194371.98,0,0,0.00335501973,2.24919058e-05,0.971382737,0.161041971,0.0215888321,1,-0.978370011,-0.0138572128,-0.0107265944,0.20611909,-0.131530777,-0.028921403,0.0527619831,-0.999967575,0.0118407197,-0,-0.334391445,0.0541170537,-0.0545836948,0.457071304,-0.138588369,-0.0779748335,-0.367698282,-0.0280236918,0.0709723085,0.56394285,-0.214072645,0.0394799858,0.00587029802,0.0128276907,0.00481370464,0.263601691,0.224760026,0.00995514169,0.93654108,0.0514213443,-0.0373120531,-0.00608801283,0.296363145,-0.304981858,-0.0101305842,0.963713586,-0.170551538,-0.0397326797,0.0388348959,-0.594565332,0.0687141269,-0.0424351394,-0.103694096,0.256267041,-0.107562661,-0.881915569,0.0879810452,0.019902708,0.449994981,0.620116472,0.112978496,0.051025074,0.154382482,0.0400544591,-0.469637424,0.163408697,0.218516901,-0.163331583,-0.00899149384,-0.149234876,0.0569988824,-0.360870093,-0.0107437959,-0.0954055861,-0.00794921536,-0.00416519819,-0.0040877643,0.00268302881,-0.299272388,0.0976927802,-0.0691144094,0.463208318,0.366728574,-0.0157610998,-0.327967227,-0.089280799,0.091254279,0.591829836,0.313998282,0.0552362092,0.0173720568,0.165895462,-0.151495799,0.299631149,0.355463594,0.0720747262,0.883459091,0.045413129,-0.0708865821,0.0285007749,0.318921983,-0.354488373,-0.0275343377,0.953233898,-0.172591165,-0.0409713387,0.0364079475,-0.299272388,0.0976927802,-0.0691144094,0.463208318,0.366728544,-0.0157610998,-0.327967227,-0.089280799,0.091254279,0.591829836,0.313998282,0.0552362092,0.0173720568,0.165895462,-0.151495799,0.299631149,0.355463594,0.0720747188,0.883459091,0.045413129,-0.0708865821,0.0285007749,0.318921983,-0.354488373,-0.0275343377,0.953233898,-0.172591165,-0.0409713462,0.0364079475,-0.299272388,0.0976927802,-0.0691144094,0.463208318,0.366728574,-0.0157610998,-0.327967227,-0.089280799,0.091254279,0.591829836,0.313998282,0.0552362092,0.0173720568,0.165895462,-0.151495799,0.299631149,0.355463594,0.0720747262,0.883459091,0.045413129,-0.0708865821,0.0285007749,0.318921983,-0.354488373,-0.0275343377,0.953233898,-0.172591165,-0.0409713387,0.0364079475
0.833903748,3194371.99,0,0,0.0133586801,2.22171657e-05,0.980509758,0.161041971,0,1,-0.978425682,-0.0131539628,-0.0108445771,0.205894411,-0.149759039,0.0183779765,0.0339768827,-0.999967575,0.0118407374,-0,-0.340597749,0.0550006852,-0.0549218766,0.45573318,-0.136037424,-0.0792451352,-0.377203375,-0.0269903503,0.0710976645,0.568839014,-0.207462132,0.0405902117,0.00653596921,0.0144685386,0.00479741208,0.259078711,0.226277843,0.0124241794,0.934567511,0.0513432808,-0.0385974906,-0.00558644766,0.292803735,-0.305141121,-0.0111104157,0.963583708,-0.170606464,-0.0397541784,0.0388391539,-0.64827162,0.103003092,-0.0242072288,-0.151767969,0.256893039,-0.142868817,-1.01625395,0.115098223,0.00941524468,0.532056153,0.695705831,0.109459601,0.0812337622,0.169392034,-0.0363279358,-0.439146042,0.142675698,0.271679372,-0.221239313,-0.00704027619,-0.11646869,0.0422881357,-0.353573352,-0.0200419389,-0.102666095,-0.0188056566,-0.00654042792,-0.000656266697,-0.0012758841,-0.299272388,0.0976927802,-0.0691144094,0.463208318,0.366728574,-0.0157610998,-0.327967227,-0.089280799,0.091254279,0.591829836,0.313998282,0.0552362092,0.0173720568,0.165895462,-0.151495799,0.299631149,0.355463594,0.0720747262,0.883459091,0.045413129,-0.0708865821,0.0285007749,0.318921983,-0.354488373,-0.0275343377,0.953233898,-0.172591165,-0.0409713387,0.0364079475,-0.299272388,0.0976927802,-0.0691144094,0.463208318,0.366728544,-0.0157610998,-0.327967227,-0.089280799,0.091254279,0.591829836,0.313998282,0.0552362092,0.0173720568,0.165895462,-0.151495799,0.299631149,0.355463594,0.0720747188,0.883459091,0.045413129,-0.0708865821,0.0285007749,0.318921983,-0.354488373,-0.0275343377,0.953233898,-0.172591165,-0.0409713462,0.0364079475,-0.299272388,0.0976927802,-0.0691144094,0.463208318,0.366728574,-0.0157610998,-0.327967227,-0.089280799,0.091254279,0.591829836,0.313998282,0.0552362092,0.0173720568,0.165895462,-0.151495799,0.299631149,0.355463594,0.0720747262,0.883459091,0.045413129,-0.0708865821,0.0285007749,0.318921983,-0.354488373,-0.0275343377,0.953233898,-0.172591165,-0.0409713387,0.0364079475
0.843908275,3194372,0,0,0.00337541988,2.70479359e-05,0.987600505,0.152448658,0.0228869915,1,-0.97849679,-0.0125689888,-0.0109156119,0.205589294,-0.0855486467,-0.0423636064,0.0858650655,-0.999967575,0.0118407561,-0,-0.347539455,0.0555203706,-0.0555069894,0.455042034,-0.132217735,-0.0811850056,-0.387184083,-0.0262664352,0.0711552128,0.574035585,-0.200280607,0.0416888185,0.00708753802,0.0156896617,0.00481681898,0.254513264,0.227754965,0.0153629975,0.932288647,0.0512671322,-0.0396769866,-0.00511647249,0.288973123,-0.305285454,-0.0119069377,0.963409603,-0.170677722,-0.0397474132,0.0388139486,-0.728018165,-0.000260777888,-0.0882915407,0.015618342,0.498005211,-0.217926607,-0.959492266,0.0287547279,0.00464223605,0.492187113,0.728948355,0.110428967,0.0337945819,0.0761635453,0.0467471555,-0.480362236,0.156195655,0.301511556,-0.222103551,-0.00818142202,-0.102732509,0.0534624942,-0.406733185,-0.00754131703,-0.0586313345,-0.013500737,-0.00732332701,0.00124476594,-0.00309731439,-0.312754512,0.107273258,-0.069343701,0.456939936,0.389615566,-0.0282450467,-0.33954525,-0.0825543553,0.087479189,0.601828754,0.312080979,0.0580024384,0.0199917592,0.174423277,-0.154808193,0.303194612,0.351488054,0.0756996125,0.883868575,0.0467259735,-0.0685662627,0.0265558679,0.310387731,-0.360615581,-0.029968271,0.949330449,-0.173858449,-0.039297238,0.0342008285,-0.312754512,0.107273258,-0.069343701,0.456939936,0.389615536,-0.0282450505,-0.33954525,-0.0825543553,0.087479189,0.601828754,0.312080979,0.0580024384,0.0199917592,0.174423277,-0.154808193,0.303194612,0.351488054,0.0756996199,0.883868575,0.0467259735,-0.0685662553,0.0265558679,0.310387731,-0.360615581,-0.0299682692,0.949330449,-0.173858449,-0.039297238,0.0342008285,-0.312754512,0.107273258,-0.069343701,0.456939936,0.389615566,-0.0282450467,-0.33954525,-0.0825543553,0.087479189,0.601828754,0.312080979,0.0580024384,0.0199917592,0.174423277,-0.154808193,0.303194612,0.351488054,0.0756996125,0.883868575,0.0467259735,-0.0685662627,0.0265558679,0.310387731,-0.360615581,-0.029968271,0.949330449,-0.173858449,-0.039297238,0.0342008285
0.854871612,3194372.01,0,0,0.0143387569,5.62332571e-06,0.993231416,0.152448658,0,1,-0.97859484,-0.0122146402,-0.010733095,0.205152988,-0.0370336808,-0.0381354541,0.05713192,-0.999967575,0.0118407682,-0,-0.357090414,0.0551228561,-0.0564777106,0.456089348,-0.124508157,-0.0836856663,-0.399118185,-0.0262605641,0.0712940246,0.579934895,-0.1906178,0.0429684147,0.00777201913,0.0161106121,0.00529810181,0.248548642,0.229600698,0.0192589108,0.929633081,0.0511883721,-0.0405784138,-0.00460062409,0.284018725,-0.305331856,-0.0125989337,0.962993503,-0.170790181,-0.0396652147,0.0387034118,-0.826617599,-0.0421477892,-0.0663088858,0.107376747,0.724888921,-0.189937398,-1.02264512,-0.00819662865,0.0151007138,0.490241349,0.868141711,0.101747766,0.0793760493,0.0171932746,0.0286633838,-0.500979722,0.148128092,0.341820717,-0.22322464,-0.00558946049,-0.0545627996,0.0342770591,-0.414236635,-0.00302769756,-0.0648200661,-0.0551699996,-0.0108127929,0.0103755603,-0.0140922191,-0.312754512,0.107273258,-0.069343701,0.456939936,0.389615566,-0.0282450467,-0.33954525,-0.0825543553,0.087479189,0.601828754,0.312080979,0.0580024384,0.0199917592,0.174423277,-0.154808193,0.303194612,0.351488054,0.0756996125,0.883868575,0.0467259735,-0.0685662627,0.0265558679,0.310387731,-0.360615581,-0.029968271,0.949330449,-0.173858449,-0.039297238,0.0342008285,-0.312754512,0.107273258,-0.069343701,0.456939936,0.389615536,-0.0282450505,-0.33954525,-0.0825543553,0.087479189,0.601828754,0.312080979,0.0580024384,0.0199917592,0.174423277,-0.154808193,0.303194612,0.351488054,0.0756996199,0.883868575,0.0467259735,-0.0685662553,0.0265558679,0.310387731,-0.360615581,-0.0299682692,0.949330449,-0.173858449,-0.039297238,0.0342008285,-0.312754512,0.107273258,-0.069343701,0.456939936,0.389615566,-0.0282450467,-0.33954525,-0.0825543553,0.087479189,0.601828754,0.312080979,0.0580024384,0.0199917592,0.174423277,-0.154808193,0.303194612,0.351488054,0.0756996125,0.883868575,0.0467259735,-0.0685662627,0.0265558679,0.310387731,-0.360615581,-0.029968271,0.949330449,-0.173858449,-0.039297238,0.0342008285
0.864903976,3194372.02,0,0,0.00429745391,2.33086757e-05,0.996657014,0.223366078,0.0243207216,1,-0.978653252,-0.011959414,-0.0102321981,0.204914942,-0.0280444846,-0.161603183,0.0466256849,-0.999967575,0.0118407775,-0,-0.364630193,0.0546573028,-0.0570686944,0.456898212,-0.116621256,-0.0851936191,-0.408442259,-0.026401449,0.0714189112,0.584162056,-0.181462869,0.0439196341,0.00859310105,0.0162085593,0.00632641325,0.243430555,0.231032848,0.0226744097,0.927427649,0.0511256307,-0.0410211533,-0.00417888863,0.2796731,-0.305374265,-0.0132890567,0.962217391,-0.170903951,-0.0395701677,0.0385383591,-0.692779303,-0.0474463403,-0.0561179146,0.05540286,0.823525846,-0.124777608,-0.856850445,-0.0161152221,0.0106749851,0.366998583,0.941018581,0.0910842046,0.0800989717,0.00805866159,0.157418832,-0.515942633,0.141076192,0.335171014,-0.217831492,-0.00692101521,-0.0405010767,0.0505025163,-0.447438806,-0.00659976946,-0.0687431097,-0.0920497775,-0.0115582105,0.00880731177,-0.017150728,-0.337075233,0.121898867,-0.073289305,0.436688304,0.38719824,-0.0383054912,-0.349118471,-0.0741831511,0.0798243284,0.607169151,0.289316297,0.0587888323,0.0232894812,0.188040555,-0.153533086,0.306231976,0.34580791,0.0781529844,0.883544743,0.0520648286,-0.0630964935,0.0242818519,0.301924139,-0.366744608,-0.031477727,0.942258656,-0.174916357,-0.0382119119,0.0324490741,-0.337075233,0.121898867,-0.073289305,0.436688304,0.38719821,-0.0383054875,-0.349118471,-0.0741831511,0.0798243284,0.607169151,0.289316297,0.0587888323,0.0232894812,0.188040555,-0.153533086,0.306231976,0.34580791,0.0781529844,0.883544743,0.0520648286,-0.0630965009,0.0242818519,0.301924139,-0.366744608,-0.031477727,0.942258656,-0.174916357,-0.0382119156,0.0324490741,-0.337075233,0.121898867,-0.073289305,0.436688304,0.38719824,-0.0383054912,-0.349118471,-0.0741831511,0.0798243284,0.607169151,0.289316297,0.0587888323,0.0232894812,0.188040555,-0.153533086,0.306231976,0.34580791,0.0781529844,0.883544743,0.0520648286,-0.0630964935,0.0242818519,0.301924139,-0.366744608,-0.031477727,0.942258656,-0.174916357,-0.0382119119,0.0324490741
0.875899283,3194372.03,0,0,0.0152927609,2.22059898e-05,0.998840213,0.223366078,0,1,-0.978687346,-0.0117055941,-0.00976098981,0.204789713,-0.0347552635,-0.092613928,0.0210324749,-0.999967575,0.0118407877,-0,-0.372005165,0.0543584153,-0.0574729852,0.456809431,-0.107833326,-0.0864481851,-0.417695433,-0.0264825448,0.071380347,0.587454438,-0.171368033,0.0447121747,0.00961200241,0.016346965,0.00685356604,0.238735631,0.232344896,0.0261268839,0.925101042,0.0511186011,-0.0412217751,-0.00384681229,0.275629729,-0.305572122,-0.0138924262,0.960582852,-0.171038851,-0.0391828604,0.0381261781,-0.735907197,-0.0206944514,-0.0375051424,-0.0519473217,0.91047442,-0.11934758,-0.928107202,-0.00445757573,-0.0164874904,0.288986027,1.04653966,0.072709091,0.104937732,0.0206868313,0.0232738592,-0.446273953,0.125308201,0.346647501,-0.240691602,0.001625882,-0.0111151729,0.0275673494,-0.389139682,-0.02976235,-0.054513339,-0.202000782,-0.0142769171,0.0487492196,-0.0519956164,-0.337075233,0.121898867,-0.073289305,0.436688304,0.38719824,-0.0383054912,-0.349118471,-0.0741831511,0.0798243284,0.607169151,0.289316297,0.0587888323,0.0232894812,0.188040555,-0.153533086,0.306231976,0.34580791,0.0781529844,0.883544743,0.0520648286,-0.0630964935,0.0242818519,0.301924139,-0.366744608,-0.031477727,0.942258656,-0.174916357,-0.0382119119,0.0324490741,-0.337075233,0.121898867,-0.073289305,0.436688304,0.38719821,-0.0383054875,-0.349118471,-0.0741831511,0.0798243284,0.607169151,0.289316297,0.0587888323,0.0232894812,0.188040555,-0.153533086,0.306231976,0.34580791,0.0781529844,0.883544743,0.0520648286,-0.0630965009,0.0242818519,0.301924139,-0.366744608,-0.031477727,0.942258656,-0.174916357,-0.0382119156,0.0324490741,-0.337075233,0.121898867,-0.073289305,0.436688304,0.38719824,-0.0383054912,-0.349118471,-0.0741831511,0.0798243284,0.607169151,0.289316297,0.0587888323,0.0232894812,0.188040555,-0.153533086,0.306231976,0.34580791,0.0781529844,0.883544743,0.0520648286,-0.0630964935,0.0242818519,0.301924139,-0.366744608,-0.031477727,0.942258656,-0.174916357,-0.0382119119,0.0324490741
0.886868047,3194372.04,0,0,0.00626634108,4.06336039e-06,0.999787688,0.218882225,0.0362870097,1,-0.978733599,-0.0112674991,-0.00898513757,0.204628468,-0.0477845892,-0.15585275,0.0320595391,-0.999967575,0.0118407905,-0,-0.379977554,0.054223381,-0.0580532029,0.455318838,-0.0964038596,-0.0876366124,-0.427738726,-0.0265154876,0.0708655864,0.589691639,-0.158362076,0.0454795137,0.010661982,0.0167929791,0.00753969094,0.233677894,0.233779982,0.0300864726,0.922085464,0.0511980616,-0.0412436537,-0.00345351896,0.27094993,-0.306159765,-0.0144322934,0.957708538,-0.171215042,-0.0387164429,0.0374725796,-0.629549265,-0.0073459046,-0.0517685972,-0.185506403,0.985490739,-0.0898853987,-0.797211647,-0.00679898495,-0.0648094565,0.120437257,1.10445583,0.052774664,0.0819848403,0.0423645601,0.0535741188,-0.395673245,0.115148641,0.323571444,-0.269811869,0.0284678712,0.0174305439,0.0317162946,-0.376903981,-0.0618683398,-0.0354337431,-0.275528312,-0.0150655415,0.0354454704,-0.0569849163,-0.360779583,0.132847786,-0.0775197372,0.412328094,0.364553601,-0.0436622724,-0.35869664,-0.0698047057,0.07320714,0.609677672,0.253029287,0.0547158383,0.0264594387,0.200490505,-0.149955153,0.305466533,0.33963877,0.080334805,0.879627287,0.0597279221,-0.0571297854,0.0225420725,0.293200254,-0.371782541,-0.0317746326,0.933283865,-0.175454795,-0.0379938483,0.0312867463,-0.360779583,0.132847786,-0.0775197372,0.412328094,0.36455363,-0.0436622724,-0.35869664,-0.0698047057,0.07320714,0.609677672,0.253029287,0.0547158383,0.0264594387,0.200490505,-0.149955153,0.305466533,0.33963877,0.080334805,0.879627287,0.0597279221,-0.0571297817,0.0225420725,0.293200254,-0.371782541,-0.0317746364,0.933283865,-0.175454795,-0.0379938446,0.0312867463,-0.360779583,0.132847786,-0.0775197372,0.412328094,0.364553601,-0.0436622724,-0.35869664,-0.0698047057,0.07320714,0.609677672,0.253029287,0.0547158383,0.0264594387,0.200490505,-0.149955153,0.305466533,0.33963877,0.080334805,0.879627287,0.0597279221,-0.0571297854,0.0225420725,0.293200254,-0.371782541,-0.0317746326,0.933283865,-0.175454795,-0.0379938483,0.0312867463
0.896897214,3194372.05,0,0,0.016295508,2.16620974e-05,0.999994874,0.218882225,0,1,-0.978773713,-0.0109496349,-0.00840349402,0.204478741,-0.0341440625,-0.13459526,0.0353615284,-0.999967575,0.0118407905,-0,-0.386279374,0.0541260801,-0.0585152917,0.452566385,-0.0860532448,-0.0885153413,-0.435894191,-0.0267343614,0.0699409321,0.590370238,-0.147128269,0.0458197519,0.0115624676,0.017129533,0.00745185604,0.230172768,0.234873176,0.0333722867,0.918986499,0.0520163961,-0.040678151,-0.00325824437,0.267595023,-0.306907743,-0.0146536157,0.954291344,-0.171371639,-0.0383208245,0.0368343443,-0.606426358,-0.0126599008,-0.0466578454,-0.325527191,1.06317329,-0.0832633749,-0.797271311,-0.03025827,-0.105656609,0.0336218365,1.13169229,0.0258949101,0.0883020833,0.0302082393,-0.0110544236,-0.330901772,0.10931392,0.321159333,-0.32617259,0.0999744162,0.0671442524,0.0162302349,-0.324145257,-0.0838329867,-0.0161958952,-0.371559799,-0.0158312097,0.0329006165,-0.0640643165,-0.360779583,0.132847786,-0.0775197372,0.412328094,0.364553601,-0.0436622724,-0.35869664,-0.0698047057,0.07320714,0.609677672,0.253029287,0.0547158383,0.0264594387,0.200490505,-0.149955153,0.305466533,0.33963877,0.080334805,0.879627287,0.0597279221,-0.0571297854,0.0225420725,0.293200254,-0.371782541,-0.0317746326,0.933283865,-0.175454795,-0.0379938483,0.0312867463,-0.360779583,0.132847786,-0.0775197372,0.412328094,0.36455363,-0.0436622724,-0.35869664,-0.0698047057,0.07320714,0.609677672,0.253029287,0.0547158383,0.0264594387,0.200490505,-0.149955153,0.305466533,0.33963877,0.080334805,0.879627287,0.0597279221,-0.0571297817,0.0225420725,0.293200254,-0.371782541,-0.0317746364,0.933283865,-0.175454795,-0.0379938446,0.0312867463,-0.360779583,0.132847786,-0.0775197372,0.412328094,0.364553601,-0.0436622724,-0.35869664,-0.0698047057,0.07320714,0.609677672,0.253029287,0.0547158383,0.0264594387,0.200490505,-0.149955153,0.305466533,0.33963877,0.080334805,0.879627287,0.0597279221,-0.0571297854,0.0225420725,0.293200254,-0.371782541,-0.0317746326,0.933283865,-0.175454795,-0.0379938483,0.0312867463
0.906897464,3194372.06,0,0,0.00638322206,2.15517357e-05,1,0.13404293,0.0495308191,1,-0.978832006,-0.0106247896,-0.00762261031,0.204247311,-0.0259051453,-0.172567919,0.0567469299,-0.999967575,0.0118407905,-0,-0.391905695,0.0539477095,-0.0590877049,0.448802829,-0.0751139894,-0.0892477483,-0.443310231,-0.0271257237,0.0687388331,0.59012872,-0.135804713,0.0460170843,0.0123202056,0.0174551625,0.00751447538,0.227095068,0.236012027,0.0362632759,0.915692925,0.0530847721,-0.0400729701,-0.00304172584,0.264400393,-0.307900459,-0.014773122,0.950405836,-0.171528503,-0.0381085165,0.0362684689,-0.545442998,-0.0251759831,-0.0604883805,-0.415256262,1.11574304,-0.0662178472,-0.720356643,-0.0516394302,-0.134259358,-0.0599326491,1.1231246,0.0128011806,0.0741300657,0.0288194641,-0.000845139904,-0.287940741,0.112547979,0.27891016,-0.345726609,0.140898854,0.0747191533,0.021373339,-0.304740191,-0.108985081,-0.00962307025,-0.410769582,-0.015392839,0.0189881176,-0.0500047095,-0.380325258,0.141145617,-0.0804043189,0.388487548,0.325808167,-0.0410453379,-0.368848741,-0.0659632385,0.0676717535,0.609587431,0.203498468,0.0455161147,0.0294510927,0.207891971,-0.145422518,0.302022755,0.332219273,0.081269145,0.873267889,0.0687351823,-0.0518843085,0.0209922567,0.284116089,-0.376086354,-0.0303535257,0.923793793,-0.175176606,-0.0378848463,0.0312091038,-0.380325258,0.141145617,-0.0804043189,0.388487548,0.325808167,-0.0410453416,-0.368848771,-0.0659632385,0.0676717535,0.609587431,0.203498468,0.0455161147,0.0294510927,0.207891971,-0.145422518,0.302022755,0.332219273,0.081269145,0.873267889,0.0687351823,-0.0518843047,0.0209922567,0.284116089,-0.376086354,-0.0303535275,0.923793793,-0.175176606,-0.0378848501,0.0312091038,-0.380325258,0.141145617,-0.0804043189,0.388487548,0.325808167,-0.0410453379,-0.368848741,-0.0659632385,0.0676717535,0.609587431,0.203498468,0.0455161147,0.0294510927,0.207891971,-0.145422518,0.302022755,0.332219273,0.081269145,0.873267889,0.0687351823,-0.0518843085,0.0209922567,0.284116089,-0.376086354,-0.0303535257,0.923793793,-0.175176606,-0.0378848463,0.0312091038
0.916897909,3194372.07,0,0,0.016383667,2.23130919e-05,1,0.13404293,0,1,-0.9789083,-0.0104345148,-0.00683342759,0.203918904,0.00416403869,-0.176434368,0.0798567832,-0.999967575,0.0118407905,-0,-0.397306234,0.0534856394,-0.0596800484,0.444019735,-0.0635892451,-0.0898169279,-0.45043686,-0.0279596467,0.0671617836,0.589046478,-0.124919087,0.0460220464,0.0131512787,0.0175798964,0.00715164747,0.224544644,0.237040758,0.0390902497,0.911751091,0.0555173568,-0.0387997292,-0.00291214767,0.261750102,-0.309130192,-0.014845876,0.945797265,-0.171675712,-0.0379396267,0.0358763337,-0.519535422,-0.0587746911,-0.063264437,-0.508290887,1.17226577,-0.0519307479,-0.681223154,-0.0998378322,-0.167616948,-0.143739492,1.06448233,-0.00440473901,0.0824489892,0.00670680311,-0.0286111832,-0.242812485,0.101381451,0.271962285,-0.409421414,0.282627463,0.140622973,0.0103733232,-0.254317909,-0.133467123,-0.00626110518,-0.478500426,-0.0143298255,0.01292565,-0.0329591259,-0.380325258,0.141145617,-0.0804043189,0.388487548,0.325808167,-0.0410453379,-0.368848741,-0.0659632385,0.0676717535,0.609587431,0.203498468,0.0455161147,0.0294510927,0.207891971,-0.145422518,0.302022755,0.332219273,0.081269145,0.873267889,0.0687351823,-0.0518843085,0.0209922567,0.284116089,-0.376086354,-0.0303535257,0.923793793,-0.175176606,-0.0378848463,0.0312091038,-0.380325258,0.141145617,-0.0804043189,0.388487548,0.325808167,-0.0410453416,-0.368848771,-0.0659632385,0.0676717535,0.609587431,0.203498468,0.0455161147,0.0294510927,0.207891971,-0.145422518,0.302022755,0.332219273,0.081269145,0.873267889,0.0687351823,-0.0518843047,0.0209922567,0.284116089,-0.376086354,-0.0303535275,0.923793793,-0.175176606,-0.0378848501,0.0312091038,-0.380325258,0.141145617,-0.0804043189,0.388487548,0.325808167,-0.0410453379,-0.368848741,-0.0659632385,0.0676717535,0.609587431,0.203498468,0.0455161147,0.0294510927,0.207891971,-0.145422518,0.302022755,0.332219273,0.081269145,0.873267889,0.0687351823,-0.0518843085,0.0209922567,0.284116089,-0.376086354,-0.0303535257,0.923793793,-0.175176606,-0.0378848463,0.0312091038
0.926898881,3194372.08,0,0,0.00630160607,2.18101777e-05,1,0.115439296,0.0766900778,1,-0.979010582,-0.0103158373,-0.00580786308,0.203465357,0.0374397784,-0.206535667,0.101174504,-0.999967575,0.0118407905,-0,-0.402220815,0.0527267791,-0.0603722222,0.43871823,-0.0516764298,-0.0902786851,-0.45670262,-0.0291310288,0.065494068,0.587109447,-0.114733718,0.0459186025,0.0139346272,0.0175729319,0.00698972354,0.222299963,0.238136664,0.0413815863,0.907740533,0.0584622622,-0.0375530683,-0.00274742092,0.259243637,-0.310614973,-0.0148991477,0.941105902,-0.171812817,-0.0378519855,0.0356192701,-0.482842803,-0.0945181772,-0.0635559782,-0.557147384,1.20615888,-0.0390041731,-0.606822193,-0.140425369,-0.171972141,-0.227626145,0.967790246,-0.0273995493,0.0853765234,-0.0190525074,-0.0333341733,-0.203957915,0.112495489,0.21279484,-0.412057132,0.336710125,0.134195253,0.0168384742,-0.233640522,-0.154619411,-0.00396304065,-0.472514421,-0.0128656458,0.00705996715,-0.0231510065,-0.398917496,0.147170797,-0.0825034752,0.359397501,0.257898748,-0.0311753005,-0.380764127,-0.0598570481,0.0605228879,0.60482651,0.12680839,0.0328311697,0.0329141021,0.211173177,-0.139056504,0.298937082,0.323237002,0.0802759603,0.866599977,0.0811242536,-0.0460921675,0.0190015584,0.274703264,-0.378644884,-0.0261625964,0.914089859,-0.17422232,-0.0386255831,0.0308223832,-0.398917496,0.147170797,-0.0825034752,0.359397501,0.257898748,-0.0311752968,-0.380764157,-0.0598570481,0.0605228879,0.60482651,0.12680839,0.0328311697,0.0329141021,0.211173177,-0.139056504,0.298937082,0.323237002,0.0802759603,0.866599977,0.0811242536,-0.0460921712,0.0190015566,0.274703264,-0.378644884,-0.0261625946,0.914089859,-0.17422232,-0.0386255831,0.0308223832,-0.398917496,0.147170797,-0.0825034752,0.359397501,0.257898748,-0.0311753005,-0.380764127,-0.0598570481,0.0605228879,0.60482651,0.12680839,0.0328311697,0.0329141021,0.211173177,-0.139056504,0.298937082,0.323237002,0.0802759603,0.866599977,0.0811242536,-0.0460921675,0.0190015584,0.274703264,-0.378644884,-0.0261625964,0.914089859,-0.17422232,-0.0386255831,0.0308223832
0.93790221,3194372.09,0,0,0.017304935,2.47689895e-05,1,0.115439296,0,1,-0.979122996,-0.0105359228,-0.00475082267,0.202939957,0.108597577,-0.212740436,0.120008722,-0.999967575,0.0118407905,-0,-0.40696162,0.0513449237,-0.0608054139,0.432605237,-0.0393451266,-0.0905422345,-0.462519854,-0.0311083589,0.0636182874,0.584243953,-0.106233813,0.0452892408,0.015001093,0.0168967564,0.00625897804,0.220614508,0.239246622,0.0434869304,0.903177977,0.0630344376,-0.0357447974,-0.00264677824,0.257324159,-0.312194914,-0.0149129545,0.936131656,-0.17192468,-0.03779459,0.0353828706,-0.456070274,-0.16227816,-0.0387908816,-0.628282547,1.24514842,-0.0213938858,-0.541309357,-0.226462215,-0.191686928,-0.325886756,0.779012144,-0.0737588406,0.110846497,-0.0876343846,-0.0662512258,-0.155916557,0.113179982,0.196212009,-0.465788931,0.499604166,0.187382281,0.00783914514,-0.182318479,-0.163975582,-0.000279868982,-0.501119256,-0.0103689237,0.0046021184,-0.0232280418,-0.398917496,0.147170797,-0.0825034752,0.359397501,0.257898748,-0.0311753005,-0.380764127,-0.0598570481,0.0605228879,0.60482651,0.12680839,0.0328311697,0.0329141021,0.211173177,-0.139056504,0.298937082,0.323237002,0.0802759603,0.866599977,0.0811242536,-0.0460921675,0.0190015584,0.274703264,-0.378644884,-0.0261625964,0.914089859,-0.17422232,-0.0386255831,0.0308223832,-0.398917496,0.147170797,-0.0825034752,0.359397501,0.257898748,-0.0311752968,-0.380764157,-0.0598570481,0.0605228879,0.60482651,0.12680839,0.0328311697,0.0329141021,0.211173177,-0.139056504,0.298937082,0.323237002,0.0802759603,0.866599977,0.0811242536,-0.0460921712,0.0190015566,0.274703264,-0.378644884,-0.0261625946,0.914089859,-0.17422232,-0.0386255831,0.0308223832,-0.398917496,0.147170797,-0.0825034752,0.359397501,0.257898748,-0.0311753005,-0.380764127,-0.0598570481,0.0605228879,0.60482651,0.12680839,0.0328311697,0.0329141021,0.211173177,-0.139056504,0.298937082,0.323237002,0.0802759603,0.866599977,0.0811242536,-0.0460921675,0.0190015584,0.274703264,-0.378644884,-0.0261625964,0.914089859,-0.17422232,-0.0386255831,0.0308223832
0.948901105,3194372.1,0,0,0.00833401689,2.20267102e-05,1,0.158319715,0.116035327,1,-0.979290068,-0.011069363,-0.00313966232,0.202135012,0.182482749,-0.232364058,0.157975823,-0.999967575,0.0118407905,-0,-0.412220508,0.04896475,-0.061274834,0.425133198,-0.0243328158,-0.0907364264,-0.468095601,-0.034302216,0.0612762421,0.579526722,-0.0984736905,0.0441437177,0.0163214076,0.0155859301,0.00561171072,0.218985364,0.240717426,0.0452612825,0.897797346,0.0692734569,-0.0337886401,-0.00250324747,0.255205721,-0.314337581,-0.0148448618,0.93035835,-0.172027245,-0.0377640799,0.0350878611,-0.445296854,-0.242823407,-0.0311904103,-0.641822219,1.25616765,-0.00585468439,-0.419264883,-0.327422649,-0.235392511,-0.471338987,0.485854298,-0.167292029,0.120565072,-0.149925157,-0.100667216,-0.103566937,0.126443774,0.128520012,-0.460678786,0.606575429,0.179578662,0.0105742384,-0.135703683,-0.18238686,0.0214966554,-0.486910492,-0.00516161881,0.0012657661,-0.0345518775,-0.421226203,0.151881486,-0.0865976438,0.32265681,0.14518711,-0.012849614,-0.390938342,-0.051858563,0.0513602756,0.591223955,0.0107730627,0.0171246771,0.0373803824,0.211668864,-0.127271205,0.298818707,0.311332166,0.0753306299,0.861969113,0.0976155698,-0.0398305207,0.0164919198,0.265846789,-0.380183399,-0.0198188741,0.903767526,-0.171353534,-0.0404973477,0.029796537,-0.421226203,0.151881486,-0.0865976438,0.32265681,0.145187125,-0.0128496159,-0.390938342,-0.051858563,0.0513602756,0.591223955,0.0107730627,0.0171246771,0.0373803824,0.211668864,-0.127271205,0.298818707,0.311332166,0.0753306299,0.861969113,0.0976155698,-0.0398305245,0.0164919198,0.265846789,-0.380183399,-0.0198188759,0.903767526,-0.171353534,-0.040497344,0.029796537,-0.421226203,0.151881486,-0.0865976438,0.32265681,0.14518711,-0.012849614,-0.390938342,-0.051858563,0.0513602756,0.591223955,0.0107730627,0.0171246771,0.0373803824,0.211668864,-0.127271205,0.298818707,0.311332166,0.0753306299,0.861969113,0.0976155698,-0.0398305207,0.0164919198,0.265846789,-0.380183399,-0.0198188741,0.903767526,-0.171353534,-0.0404973477,0.029796537
0.959899079,3194372.12,0,0,0.0193319912,2.25692056e-05,1,0.158319715,0,1,-0.979495645,-0.0122170411,-0.00143394119,0.201089337,0.275954872,-0.258749872,0.191861719,-0.999967575,0.0118407905,-0,-0.417529941,0.0452914611,-0.0614862926,0.417360485,-0.00921657868,-0.0907148123,-0.472032219,-0.0391822308,0.0581323095,0.572460771,-0.0954521,0.0414645933,0.0179513954,0.013100612,0.00404951302,0.218135923,0.242339343,0.0463877283,0.892220318,0.0776676908,-0.0315466784,-0.00239845482,0.254080594,-0.316557348,-0.0143860811,0.9244923,-0.172043249,-0.0377731994,0.0345564298,-0.43654722,-0.337218761,-0.0100927763,-0.626517355,1.25625849,0.00214101374,-0.262669861,-0.437455297,-0.247066379,-0.65198195,0.123902693,-0.222286522,0.143051758,-0.230910778,-0.121440582,-0.0579393208,0.142695427,0.0588067695,-0.445456386,0.710208237,0.165167287,0.0111736925,-0.08875449,-0.190185532,0.0422028117,-0.472394317,0.000343015592,-0.00225455151,-0.044570554,-0.421226203,0.151881486,-0.0865976438,0.32265681,0.14518711,-0.012849614,-0.390938342,-0.051858563,0.0513602756,0.591223955,0.0107730627,0.0171246771,0.0373803824,0.211668864,-0.127271205,0.298818707,0.311332166,0.0753306299,0.861969113,0.0976155698,-0.0398305207,0.0164919198,0.265846789,-0.380183399,-0.0198188741,0.903767526,-0.171353534,-0.0404973477,0.029796537,-0.421226203,0.151881486,-0.0865976438,0.32265681,0.145187125,-0.0128496159,-0.390938342,-0.051858563,0.0513602756,0.591223955,0.0107730627,0.0171246771,0.0373803824,0.211668864,-0.127271205,0.298818707,0.311332166,0.0753306299,0.861969113,0.0976155698,-0.0398305245,0.0164919198,0.265846789,-0.380183399,-0.0198188759,0.903767526,-0.171353534,-0.040497344,0.029796537,-0.421226203,0.151881486,-0.0865976438,0.32265681,0.14518711,-0.012849614,-0.390938342,-0.051858563,0.0513602756,0.591223955,0.0107730627,0.0171246771,0.0373803824,0.211668864,-0.127271205,0.298818707,0.311332166,0.0753306299,0.861969113,0.0976155698,-0.0398305207,0.0164919198,0.265846789,-0.380183399,-0.0198188741,0.903767526,-0.171353534,-0.0404973477,0.029796537
0.970868101,3194372.13,0,0,0.010366091,4.23192978e-06,1,0.12200512,0.16423738,1,-0.979684234,-0.013483474,0.000180434436,0.20009242,0.344135463,-0.24497132,0.224886686,-0.999967575,0.0118407905,-0,-0.422159731,0.0415419601,-0.0615301318,0.411614239,0.00306892442,-0.0905135572,-0.474020839,-0.0438959301,0.0556255467,0.565479875,-0.0971727818,0.0372323394,0.0194536224,0.0105414568,0.00261501386,0.217755646,0.243748173,0.0467667542,0.888067842,0.0852260515,-0.0301024336,-0.00229133177,0.253295988,-0.318683058,-0.0133569865,0.920063019,-0.172001302,-0.0378066711,0.0341182388,-0.49995774,-0.411628783,-0.00187233207,-0.540974021,1.19978869,0.0448999666,-0.152925804,-0.50894171,-0.288989395,-0.730671883,-0.503902316,-0.699661493,0.159484163,-0.28308177,-0.19304499,-0.0200151261,0.135854289,0.0309886392,-0.404204875,0.848983288,0.154222533,0.00933688227,-0.0497645363,-0.237112865,0.19094643,-0.432094365,0.0085682869,-0.00372972479,-0.0467549413,-0.450086653,0.15153642,-0.090252392,0.286418557,-0.0190502703,0.0111782849,-0.396511793,-0.0444035605,0.0430244133,0.574989676,-0.114358678,-0.00292094052,0.0413650423,0.206831291,-0.112373307,0.298502654,0.296875477,0.0682923496,0.858127654,0.115884319,-0.0354683846,0.0143337697,0.259319574,-0.384247005,-0.0101059657,0.895265341,-0.167828873,-0.041749239,0.0298656076,-0.450086653,0.15153642,-0.090252392,0.286418557,-0.0190502703,0.0111782858,-0.396511823,-0.0444035605,0.0430244133,0.574989676,-0.114358678,-0.00292093959,0.0413650423,0.206831291,-0.112373307,0.298502654,0.296875477,0.0682923496,0.858127654,0.115884319,-0.0354683809,0.0143337697,0.259319574,-0.384247005,-0.0101059647,0.895265341,-0.167828873,-0.0417492352,0.0298656076,-0.450086653,0.15153642,-0.090252392,0.286418557,-0.0190502703,0.0111782849,-0.396511793,-0.0444035605,0.0430244133,0.574989676,-0.114358678,-0.00292094052,0.0413650423,0.206831291,-0.112373307,0.298502654,0.296875477,0.0682923496,0.858127654,0.115884319,-0.0354683846,0.0143337697,0.259319574,-0.384247005,-0.0101059657,0.895265341,-0.167828873,-0.041749239,0.0298656076
0.98090669,3194372.14,0,0,0.000418853015,2.27629207e-05,1,0.107848085,0.2427935,1,-0.97979641,-0.0143660447,0.0014294493,0.199475616,0.150598332,-0.225575045,0.085077174,-0.999967575,0.0118407905,-0,-0.428165913,0.0391336419,-0.0615646169,0.407245845,0.0146473637,-0.0902051181,-0.479106814,-0.0467553958,0.0543946624,0.56219846,-0.0958077908,0.0349259339,0.0220995154,0.00945555978,0.000469639112,0.217146501,0.244354069,0.0469352193,0.884906411,0.0941500887,-0.0286741462,-0.00202173088,0.252418518,-0.321778208,-0.0108716115,0.916088343,-0.171883583,-0.0378508419,0.0337443575,-0.616515458,-0.145396531,-0.0142516131,-0.384369403,1.14290643,0.0215337314,-0.671031117,-0.159021437,-0.0551218763,-0.0959753767,0.493035614,-0.135267109,0.296960175,-0.0071584871,-0.171773732,-0.0849656388,0.0213978104,0.0100118415,-0.265097171,0.879901052,0.126804411,0.0383744836,-0.142530486,-0.342735171,0.26510492,-0.362843007,0.0130050825,-0.00481842738,-0.0279082041,-0.450086653,0.15153642,-0.090252392,0.286418557,-0.0190502703,0.0111782849,-0.396511793,-0.0444035605,0.0430244133,0.574989676,-0.114358678,-0.00292094052,0.0413650423,0.206831291,-0.112373307,0.298502654,0.296875477,0.0682923496,0.858127654,0.115884319,-0.0354683846,0.0143337697,0.259319574,-0.384247005,-0.0101059657,0.895265341,-0.167828873,-0.041749239,0.0298656076,-0.485141009,0.11779815,-0.0845821872,0.266261011,-0.261843771,0.0233375058,-0.399366617,-0.0555850565,0.0440319553,0.546033144,-0.193409234,-0.0326157995,0.0434247889,0.181985006,-0.0978915691,0.292935163,0.291045666,0.0682030916,0.850572884,0.131532222,-0.0398183577,0.0181297362,0.256638288,-0.392063826,0.00612136349,0.890868962,-0.167540118,-0.0413959175,0.0300738811,-0.485141039,0.11779815,-0.0845821872,0.266261011,-0.261843771,0.0233375132,-0.399366617,-0.0555850565,0.0440319553,0.546033144,-0.193409234,-0.0326157995,0.0434247889,0.181985006,-0.0978915691,0.292935163,0.291045666,0.0682030916,0.850572884,0.131532222,-0.0398183614,0.0181297362,0.256638288,-0.392063826,0.00612136349,0.890868962,-0.167540118,-0.0413959175,0.0300738811
0.991868022,3194372.15,0,0,0.0113801849,4.3399632e-06,1,0.107848085,0,1,-0.9799335,-0.0143758561,0.00306838099,0.198781937,-0.00949868094,-0.283663183,0.178486213,-0.999967575,0.0118407905,-0,-0.43607071,0.0386848524,-0.0618909821,0.404286683,0.0264810137,-0.0888015479,-0.488273829,-0.0475634895,0.0532529131,0.563502848,-0.0870439708,0.0329779238,0.0247982126,0.0108482596,-0.00102181919,0.216402009,0.243980542,0.0470008962,0.882365704,0.10471005,-0.0275593922,-0.00112690649,0.249865413,-0.326627433,-0.00612846483,0.91241473,-0.171712309,-0.0378992446,0.0334613994,-0.716047168,0.040561296,-0.0158325192,-0.11306522,0.802614212,0.223368376,-0.790105522,-0.033744216,-0.170877308,0.199292377,0.783891022,-0.230009973,0.155887797,0.195973098,-0.114611074,-0.0345939249,-0.0720434934,0.00395246036,-0.181504011,0.927820146,0.0697735474,0.108596057,-0.231846333,-0.4626773,0.552313864,-0.280512124,0.0151603417,-0.00304171327,-0.0232439805,-0.485141039,0.11779815,-0.0845821872,0.266261011,-0.261843771,0.0233375132,-0.399366617,-0.0555850565,0.0440319553,0.546033144,-0.193409234,-0.0326157995,0.0434247889,0.181985006,-0.0978915691,0.292935163,0.291045666,0.0682030916,0.850572884,0.131532222,-0.0398183614,0.0181297362,0.256638288,-0.392063826,0.00612136349,0.890868962,-0.167540118,-0.0413959175,0.0300738811,-0.485141009,0.11779815,-0.0845821872,0.266261011,-0.261843771,0.0233375058,-0.399366617,-0.0555850565,0.0440319553,0.546033144,-0.193409234,-0.0326157995,0.0434247889,0.181985006,-0.0978915691,0.292935163,0.291045666,0.0682030916,0.850572884,0.131532222,-0.0398183577,0.0181297362,0.256638288,-0.392063826,0.00612136349,0.890868962,-0.167540118,-0.0413959175,0.0300738811,-0.485141039,0.11779815,-0.0845821872,0.266261011,-0.261843771,0.0233375132,-0.399366617,-0.0555850565,0.0440319553,0.546033144,-0.193409234,-0.0326157995,0.0434247889,0.181985006,-0.0978915691,0.292935163,0.291045666,0.0682030916,0.850572884,0.131532222,-0.0398183614,0.0181297362,0.256638288,-0.392063826,0.00612136349,0.890868962,-0.167540118,-0.0413959175,0.0300738811
1.00190207,3194372.16,0,0,0.00138898427,2.31610611e-05,1,0.132496934,0.234522909,1,-0.98015976,-0.0137378508,0.00475659361,0.197675228,-0.085517332,-0.401505828,0.263286114,-0.999967575,0.0118407905,-0,-0.442842364,0.039731551,-0.0619602166,0.403691977,0.0336319916,-0.0864754096,-0.495567232,-0.0477225073,0.0508621708,0.566069901,-0.0798984468,0.0304943081,0.0258363187,0.0133655732,-0.00155668973,0.21621412,0.242958546,0.0470159985,0.880956888,0.113759495,-0.0271040797,7.49494793e-05,0.247405097,-0.33135736,-0.000234489649,0.90995723,-0.171562031,-0.0379295163,0.033303,-0.639673889,0.142459929,-0.00230661547,-0.0394988395,0.677092195,0.222526997,-0.676206827,-0.00584985316,-0.278309286,0.279524207,0.657150149,-0.248304665,0.0770286694,0.282555044,-0.0145131797,-0.0114859482,-0.118342988,-0.000223855997,-0.10983289,0.868031859,0.0313111134,0.118541017,-0.248764887,-0.465710521,0.576220453,-0.221452937,0.0147689627,-0.00319201173,-0.0121800164,-0.503483891,0.0482518449,-0.0590149611,0.289317608,-0.49636668,0.0206525177,-0.42833513,-0.0802549943,0.0552276038,0.478898764,-0.258953929,-0.0759564191,0.0530063398,0.127946854,-0.0902500898,0.285582721,0.300529212,0.0756285936,0.842230022,0.141628936,-0.0568994582,0.0271663461,0.24256283,-0.410239816,0.0269897655,0.890062034,-0.175282568,-0.0414314717,0.0357656404,-0.503483891,0.0482518449,-0.0590149574,0.289317608,-0.49636668,0.0206525177,-0.42833513,-0.0802549943,0.0552276038,0.478898764,-0.258953929,-0.0759564191,0.0530063398,0.127946854,-0.0902500898,0.285582721,0.300529212,0.0756285861,0.842230022,0.141628936,-0.0568994544,0.0271663461,0.24256283,-0.410239816,0.0269897655,0.890062034,-0.175282568,-0.0414314717,0.0357656404,-0.503483891,0.0482518449,-0.0590149611,0.289317608,-0.49636668,0.0206525177,-0.42833513,-0.0802549943,0.0552276038,0.478898764,-0.258953929,-0.0759564191,0.0530063398,0.127946854,-0.0902500898,0.285582721,0.300529212,0.0756285936,0.842230022,0.141628936,-0.0568994582,0.0271663461,0.24256283,-0.410239816,0.0269897655,0.890062034,-0.175282568,-0.0414314717,0.0357656404
1.0129042,3194372.17,0,0,0.0123911211,2.3975037e-05,1,0.132496934,0,1,-0.980475962,-0.0134375291,0.00647953246,0.196072415,0.116868563,-0.296644777,0.361355245,-0.999967575,0.0118407905,-0,-0.452090472,0.0398997478,-0.0617545694,0.40928033,0.0255413279,-0.0845519155,-0.502572238,-0.0492330305,0.0478549637,0.567945778,-0.072091721,0.0273106676,0.0264905542,0.0148361549,-0.00251803873,0.216133416,0.241801396,0.0470066443,0.880346537,0.122382298,-0.0271148104,0.00137037912,0.245164037,-0.335961938,0.00718729943,0.908557534,-0.171508491,-0.0379519798,0.0332585573,-1.14097846,-0.110658474,0.0569521002,1.02487183,-2.05006886,0.174889416,-0.729693174,-0.280164003,-0.279438943,0.110079341,0.888906419,-0.367935777,0.0849278122,0.00257098838,-0.152102619,-0.0123669878,-0.10754963,-0.00102238043,-0.0346111841,0.868506074,-0.0252751391,0.143306404,-0.207490548,-0.456351817,0.89338994,-0.0838769376,-0.00219846074,-0.00117570662,0.00153583952,-0.503483891,0.0482518449,-0.0590149611,0.289317608,-0.49636668,0.0206525177,-0.42833513,-0.0802549943,0.0552276038,0.478898764,-0.258953929,-0.0759564191,0.0530063398,0.127946854,-0.0902500898,0.285582721,0.300529212,0.0756285936,0.842230022,0.141628936,-0.0568994582,0.0271663461,0.24256283,-0.410239816,0.0269897655,0.890062034,-0.175282568,-0.0414314717,0.0357656404,-0.503483891,0.0482518449,-0.0590149574,0.289317608,-0.49636668,0.0206525177,-0.42833513,-0.0802549943,0.0552276038,0.478898764,-0.258953929,-0.0759564191,0.0530063398,0.127946854,-0.0902500898,0.285582721,0.300529212,0.0756285861,0.842230022,0.141628936,-0.0568994544,0.0271663461,0.24256283,-0.410239816,0.0269897655,0.890062034,-0.175282568,-0.0414314717,0.0357656404,-0.503483891,0.0482518449,-0.0590149611,0.289317608,-0.49636668,0.0206525177,-0.42833513,-0.0802549943,0.0552276038,0.478898764,-0.258953929,-0.0759564191,0.0530063398,0.127946854,-0.0902500898,0.285582721,0.300529212,0.0756285936,0.842230022,0.141628936,-0.0568994582,0.0271663461,0.24256283,-0.410239816,0.0269897655,0.890062034,-0.175282568,-0.0414314717,0.0357656404
1.02389905,3194372.18,0,0,0.00338449469,2.18227506e-05,1,0.132995658,0.143404096,1,-0.980797946,-0.0143760862,0.00898590405,0.194288224,0.290925443,-0.434740037,0.27408585,-0.999967575,0.0118407905,-0,-0.464010209,0.0377379395,-0.0594789535,0.421405107,-0.00581162563,-0.0824393034,-0.509945333,-0.0534421876,0.0459659509,0.56818217,-0.0618557632,0.0229909793,0.0288545098,0.0130913258,-0.00321417977,0.215830684,0.240378633,0.0469838679,0.880186617,0.131754771,-0.0276175719,0.00317633897,0.242698655,-0.340974748,0.0181608312,0.908070028,-0.171612054,-0.0379515439,0.0335679427,-0.833012283,-0.203496307,0.25954625,0.866902471,-2.72602677,0.172218591,-0.516345203,-0.374166101,-0.0874091834,-0.0475502983,0.787305176,-0.336062968,0.255666405,-0.208187401,0.00425354345,-0.0182819758,-0.135503158,-0.00249756314,-0.00161629822,0.69182688,-0.0471808091,0.150333017,-0.203903511,-0.386065871,0.867356777,-0.021368416,-0.0116801094,0.000743843906,0.0454911925,-0.462899566,-0.0294254571,-0.0202177614,0.420003057,-0.557575583,0.0280026644,-0.522967458,-0.147665069,0.0840695947,0.335494667,-0.346904933,-0.123781785,0.0490229428,0.0393355191,-0.0807198137,0.213826463,0.354857564,0.0948803872,0.820668817,0.150340244,-0.0884248167,0.0462047458,0.227414936,-0.411360681,0.0471766628,0.884810984,-0.183200732,-0.0392859429,0.0450635999,-0.462899566,-0.0294254553,-0.0202177614,0.420003057,-0.557575583,0.0280026682,-0.522967458,-0.147665069,0.0840695947,0.335494667,-0.346904933,-0.123781785,0.0490229428,0.0393355228,-0.0807198137,0.213826463,0.354857564,0.0948803872,0.820668817,0.150340244,-0.0884248167,0.0462047458,0.227414936,-0.411360681,0.0471766628,0.884810984,-0.183200732,-0.0392859392,0.0450635999,-0.462899566,-0.0294254571,-0.0202177614,0.420003057,-0.557575583,0.0280026644,-0.522967458,-0.147665069,0.0840695947,0.335494667,-0.346904933,-0.123781785,0.0490229428,0.0393355191,-0.0807198137,0.213826463,0.354857564,0.0948803872,0.820668817,0.150340244,-0.0884248167,0.0462047458,0.227414936,-0.411360681,0.0471766628,0.884810984,-0.183200732,-0.0392859429,0.0450635999
1.03489994,3194372.19,0,0,0.0143853887,2.21049413e-05,1,0.132995658,0,1,-0.981065512,-0.0153901009,0.0105433678,0.192775682,0.353543341,-0.294729352,0.406822234,-0.999967575,0.0118407905,-0,-0.474438101,0.034907151,-0.0580210201,0.435449183,-0.0430575497,-0.080255501,-0.51323545,-0.0578998029,0.0440454334,0.563541293,-0.0495764986,0.0197306257,0.0301971007,0.0110674957,-0.00404937519,0.215389058,0.239114001,0.0469638817,0.88178587,0.137104243,-0.0297347493,0.00475484412,0.241067976,-0.344450235,0.0262256097,0.907967091,-0.172553137,-0.0377618782,0.0350086354,-1.46363008,-0.415246576,0.175090626,2.09851336,-5.48471212,0.33086282,-0.350076765,-0.629400194,-0.275934875,-0.821323872,1.83781767,-0.423122734,0.160621464,-0.284613848,-0.127026737,-0.077852875,-0.169260785,-0.00252752705,0.295064002,0.644595981,-0.370063424,0.219471991,-0.211912543,-0.452870756,1.0602684,-0.00936002936,-0.167653739,0.0331667252,0.245592132,-0.462899566,-0.0294254571,-0.0202177614,0.420003057,-0.557575583,0.0280026644,-0.522967458,-0.147665069,0.0840695947,0.335494667,-0.346904933,-0.123781785,0.0490229428,0.0393355191,-0.0807198137,0.213826463,0.354857564,0.0948803872,0.820668817,0.150340244,-0.0884248167,0.0462047458,0.227414936,-0.411360681,0.0471766628,0.884810984,-0.183200732,-0.0392859429,0.0450635999,-0.462899566,-0.0294254553,-0.0202177614,0.420003057,-0.557575583,0.0280026682,-0.522967458,-0.147665069,0.0840695947,0.335494667,-0.346904933,-0.123781785,0.0490229428,0.0393355228,-0.0807198137,0.213826463,0.354857564,0.0948803872,0.820668817,0.150340244,-0.0884248167,0.0462047458,0.227414936,-0.411360681,0.0471766628,0.884810984,-0.183200732,-0.0392859392,0.0450635999,-0.462899566,-0.0294254571,-0.0202177614,0.420003057,-0.557575583,0.0280026644,-0.522967458,-0.147665069,0.0840695947,0.335494667,-0.346904933,-0.123781785,0.0490229428,0.0393355191,-0.0807198137,0.213826463,0.354857564,0.0948803872,0.820668817,0.150340244,-0.0884248167,0.0462047458,0.227414936,-0.411360681,0.0471766628,0.884810984,-0.183200732,-0.0392859429,0.0450635999
1.04589878,3194372.2,0,0,0.00535819586,2.18646601e-05,1,0.132109039,0.29395628,1,-0.981281161,-0.0175380781,0.0130397081,0.191336438,0.472258449,-0.366448641,0.127797484,-0.999967575,0.0118407905,-0,-0.489712656,0.0297375433,-0.0542818196,0.458414584,-0.111150406,-0.0748860911,-0.516451418,-0.0655470565,0.0423915833,0.55172652,-0.0281742476,0.0151903275,0.0340226442,0.00662741624,-0.00462484872,0.214334369,0.23687768,0.046934627,0.886059821,0.143502936,-0.0351660363,0.00757618947,0.237925246,-0.349732757,0.0382987745,0.907896519,-0.174929753,-0.0373330005,0.0386183001,-1.06830585,-0.426066995,0.384725571,1.61511278,-5.49008465,0.494201839,-0.227528989,-0.62187469,-0.0453497246,-1.03684437,1.61301374,-0.337118089,0.409999341,-0.406650215,0.00277688261,-0.0632485747,-0.200948954,-0.00208509807,0.353244096,0.436619401,-0.464911699,0.237893477,-0.306505919,-0.422826022,0.921095788,-0.00455345633,-0.196193501,0.0338855237,0.310397655,-0.314216763,-0.106813215,0.0244017337,0.713959336,-0.485886931,0.0305525959,-0.729997218,-0.235020056,0.106529608,0.168668702,-0.463478327,-0.146261722,0.0214499068,-0.0322259665,-0.088133052,0.0343654752,0.457090676,0.128235832,0.756913722,0.153153688,-0.152074546,0.0781335682,0.247019827,-0.368215948,0.0578978509,0.871286571,-0.175846353,-0.0270313323,0.0618059412,-0.314216763,-0.106813215,0.0244017318,0.713959336,-0.485886931,0.0305525977,-0.729997218,-0.235020056,0.106529608,0.168668702,-0.463478327,-0.146261722,0.0214499068,-0.0322259516,-0.088133052,0.0343654752,0.457090676,0.128235832,0.756913722,0.153153688,-0.152074546,0.0781335682,0.247019827,-0.368215948,0.0578978471,0.871286571,-0.175846353,-0.0270313267,0.0618059449,-0.314216763,-0.106813215,0.0244017337,0.713959336,-0.485886931,0.0305525959,-0.729997218,-0.235020056,0.106529608,0.168668702,-0.463478327,-0.146261722,0.0214499068,-0.0322259665,-0.088133052,0.0343654752,0.457090676,0.128235832,0.756913722,0.153153688,-0.152074546,0.0781335682,0.247019827,-0.368215948,0.0578978509,0.871286571,-0.175846353,-0.0270313323,0.0618059412
1.05590194,3194372.21,0,0,0.0153613533,2.08863057e-05,1,0.132109039,0,1,-0.981514633,-0.0187920872,0.0143089136,0.189924061,0.25034079,-0.162709638,0.264118373,-0.999967575,0.0118407905,-0,-0.510672808,0.0257078782,-0.0517366938,0.493961692,-0.182222277,-0.0600018576,-0.519241333,-0.071943745,0.039045427,0.538266599,-0.0110501936,0.0125875035,0.035881564,0.00466460641,-0.00547010405,0.212797344,0.234670117,0.0468855537,0.892051041,0.14680171,-0.0432765558,0.0104478411,0.234835431,-0.354096323,0.045714017,0.904807389,-0.175969705,-0.0347508825,0.0441920422,-2.46083784,-0.379488677,0.242170036,4.36131477,-7.31373453,1.81143391,-0.303000659,-0.600016654,-0.351608127,-1.42927206,1.6238426,-0.208659917,0.159949064,-0.143506005,-0.0419481359,-0.214657187,-0.21063298,-0.00404439401,0.69429183,0.256127298,-0.962771356,0.308094472,-0.346892893,-0.410664976,0.619301856,-0.452127725,-0.0621367022,0.353364497,0.653011501,-0.314216763,-0.106813215,0.0244017337,0.713959336,-0.485886931,0.0305525959,-0.729997218,-0.235020056,0.106529608,0.168668702,-0.463478327,-0.146261722,0.0214499068,-0.0322259665,-0.088133052,0.0343654752,0.457090676,0.128235832,0.756913722,0.153153688,-0.152074546,0.0781335682,0.247019827,-0.368215948,0.0578978509,0.871286571,-0.175846353,-0.0270313323,0.0618059412,-0.314216763,-0.106813215,0.0244017318,0.713959336,-0.485886931,0.0305525977,-0.729997218,-0.235020056,0.106529608,0.168668702,-0.463478327,-0.146261722,0.0214499068,-0.0322259516,-0.088133052,0.0343654752,0.457090676,0.128235832,0.756913722,0.153153688,-0.152074546,0.0781335682,0.247019827,-0.368215948,0.0578978471,0.871286571,-0.175846353,-0.0270313267,0.0618059449,-0.314216763,-0.106813215,0.0244017337,0.713959336,-0.485886931,0.0305525959,-0.729997218,-0.235020056,0.106529608,0.168668702,-0.463478327,-0.146261722,0.0214499068,-0.0322259665,-0.088133052,0.0343654752,0.457090676,0.128235832,0.756913722,0.153153688,-0.152074546,0.0781335682,0.247019827,-0.368215948,0.0578978509,0.871286571,-0.175846353,-0.0270313323,0.0618059412
1.06590346,3194372.22,0,0,0.00538566522,2.28988938e-05,1,0.136879738,0.178711593,1,-0.981447935,-0.020285679,0.0160497334,0.189975962,0.438374341,-0.364738166,-0.212147579,-0.999967575,0.0118407905,-0,-0.532775819,0.022047529,-0.0452290066,0.540473223,-0.244815603,-0.0430578478,-0.521575034,-0.0782583281,0.0367580205,0.523201287,0.00637943437,0.0100831641,0.0391583815,0.00194489758,-0.00358216651,0.21038799,0.233143821,0.0468653999,0.898539126,0.148316875,-0.0530943647,0.0135376835,0.230234638,-0.357295156,0.0503790267,0.899626911,-0.176297501,-0.0312036648,0.05047125,-1.93086755,-0.367915332,0.925849378,4.67247486,-5.55638361,1.58449304,-0.206309676,-0.640992343,-0.121562243,-1.51106834,1.727772,-0.266612202,0.439129382,-0.362751007,0.319658816,-0.225547567,-0.115170658,-0.000213927415,0.587434947,0.0939458311,-0.950815022,0.307456195,-0.542540431,-0.259807557,0.379520446,-0.527703106,-0.0196480937,0.330064416,0.580680788,-0.22906661,-0.0697285309,0.0226077307,0.892670929,-0.476185501,0.0182156116,-0.85298121,-0.250779271,0.0896266103,0.118032366,-0.513081253,-0.148419842,-0.0245296322,0.0229916573,-0.123394296,-0.134704441,0.521047831,0.136225119,0.695458174,0.15842706,-0.229340345,0.107705861,0.303735256,-0.339181662,0.0605710968,0.879719257,-0.15511328,-0.014033094,0.0738635063,-0.22906661,-0.0697285384,0.0226077288,0.892670929,-0.476185501,0.0182156153,-0.85298121,-0.250779271,0.0896266103,0.118032366,-0.513081253,-0.148419842,-0.0245296322,0.0229916647,-0.123394296,-0.134704441,0.521047831,0.136225119,0.695458174,0.15842706,-0.22934033,0.107705861,0.303735256,-0.339181662,0.0605710931,0.879719257,-0.15511328,-0.0140330996,0.0738635063,-0.22906661,-0.0697285309,0.0226077307,0.892670929,-0.476185501,0.0182156116,-0.85298121,-0.250779271,0.0896266103,0.118032366,-0.513081253,-0.148419842,-0.0245296322,0.0229916573,-0.123394296,-0.134704441,0.521047831,0.136225119,0.695458174,0.15842706,-0.229340345,0.107705861,0.303735256,-0.339181662,0.0605710968,0.879719257,-0.15511328,-0.014033094,0.0738635063
1.0768684,3194372.23,0,0,0.0163506083,4.30131331e-06,1,0.136879738,0,1,-0.981257081,-0.0208378173,0.0177037902,0.1907534,0.1100109,-0.279258937,-0.258889169,-0.999967575,0.0118407905,-0,-0.562402368,0.0194080584,-0.034880165,0.624418616,-0.304125965,-0.0294438191,-0.524891436,-0.0850386471,0.0299337432,0.504702628,0.0216713697,0.00642468128,0.039604269,0.00188594998,-0.0007992147,0.208206236,0.231763914,0.0465489291,0.907375932,0.148886114,-0.0665368065,0.0191560611,0.222668871,-0.360193491,0.052819252,0.891242087,-0.172430918,-0.0259064715,0.0586416796,-2.3438704,-0.172781944,0.955177426,7.59581327,-4.22177792,0.965820312,-0.30968979,-0.520546198,-0.597208679,-1.47890019,0.968025923,-0.309748352,-0.0422131829,0.0230454225,0.297508717,-0.177058801,-0.0625298321,-0.0209623966,0.810320199,0.0272191539,-1.20298529,0.547409773,-0.719819605,-0.158300892,0.109458551,-0.734483063,0.459417075,0.454734385,0.67124939,-0.22906661,-0.0697285309,0.0226077307,0.892670929,-0.476185501,0.0182156116,-0.85298121,-0.250779271,0.0896266103,0.118032366,-0.513081253,-0.148419842,-0.0245296322,0.0229916573,-0.123394296,-0.134704441,0.521047831,0.136225119,0.695458174,0.15842706,-0.229340345,0.107705861,0.303735256,-0.339181662,0.0605710968,0.879719257,-0.15511328,-0.014033094,0.0738635063,-0.22906661,-0.0697285384,0.0226077288,0.892670929,-0.476185501,0.0182156153,-0.85298121,-0.250779271,0.0896266103,0.118032366,-0.513081253,-0.148419842,-0.0245296322,0.0229916647,-0.123394296,-0.134704441,0.521047831,0.136225119,0.695458174,0.15842706,-0.22934033,0.107705861,0.303735256,-0.339181662,0.0605710931,0.879719257,-0.15511328,-0.0140330996,0.0738635063,-0.22906661,-0.0697285309,0.0226077307,0.892670929,-0.476185501,0.0182156116,-0.85298121,-0.250779271,0.0896266103,0.118032366,-0.513081253,-0.148419842,-0.0245296322,0.0229916573,-0.123394296,-0.134704441,0.521047831,0.136225119,0.695458174,0.15842706,-0.229340345,0.107705861,0.303735256,-0.339181662,0.0605710968,0.879719257,-0.15511328,-0.014033094,0.0738635063
1.08689985,3194372.24,0,0,0.00635081576,2.20621005e-05,1,0.140524004,0.107718199,1,-0.980699301,-0.0216878392,0.0195509288,0.193329453,0.187546089,-0.331981897,-0.544747531,-0.999967575,0.0118407905,-0,-0.5793944,0.0170276612,-0.0243413635,0.694574833,-0.338384748,-0.0208811145,-0.528341532,-0.0900571719,0.0259092487,0.490779072,0.0285519287,0.00349626876,0.0393164381,0.000504160649,0.0031696111,0.206612319,0.232291967,0.0463566817,0.915986657,0.149017632,-0.0787594467,0.0251688622,0.214409322,-0.360269427,0.0534205809,0.884485781,-0.167564571,-0.0219462793,0.0643933862,-1.44203329,-0.273628771,0.935507417,6.83760071,-2.97712755,0.777510762,-0.327623338,-0.463973105,-0.438120991,-1.43306434,0.519420266,-0.27094686,-0.196408227,-0.0932701305,0.373917967,-0.149191231,0.10718888,-0.0531041846,0.951625764,-0.0043380186,-1.21835983,0.665269017,-0.864117622,0.0593897216,0.0358829983,-0.662476957,0.599880338,0.403570175,0.548845232,-0.248090088,-0.0293103307,0.00553278439,0.973086476,-0.452630758,0.0186873972,-0.839073241,-0.257993728,0.0952105075,0.105935603,-0.533067942,-0.143209532,-0.0701387823,0.108270228,-0.167527303,-0.24242264,0.556455016,0.126806378,0.687591314,0.154560357,-0.264779419,0.126655623,0.373809278,-0.312355429,0.0568135306,0.897020817,-0.131411567,0.00277918577,0.0845439434,-0.248090088,-0.0293103326,0.00553278439,0.973086476,-0.452630758,0.0186874047,-0.839073241,-0.257993728,0.0952105075,0.105935603,-0.533067942,-0.143209532,-0.0701387823,0.10827022,-0.167527303,-0.24242264,0.556455016,0.126806378,0.687591314,0.154560357,-0.264779419,0.126655623,0.373809278,-0.312355429,0.0568135269,0.897020817,-0.131411567,0.00277918787,0.0845439434,-0.248090088,-0.0293103307,0.00553278439,0.973086476,-0.452630758,0.0186873972,-0.839073241,-0.257993728,0.0952105075,0.105935603,-0.533067942,-0.143209532,-0.0701387823,0.108270228,-0.167527303,-0.24242264,0.556455016,0.126806378,0.687591314,0.154560357,-0.264779419,0.126655623,0.373809278,-0.312355429,0.0568135306,0.897020817,-0.131411567,0.00277918577,0.0845439434
1.09789738,3194372.25,0,0,0.0173483477,2.16248445e-05,1,0.140524004,0,1,-0.980329931,-0.0211280715,0.0206617061,0.195140839,-0.119016171,-0.230261624,-0.378240883,-0.999967575,0.0118407905,-0,-0.592464864,0.0144744441,-0.0186670274,0.763651729,-0.36235866,-0.0141043765,-0.530640244,-0.0932910964,0.0188773703,0.474429965,0.0312872455,0.0011968367,0.0327107273,0.00258370512,0.00548523106,0.204606622,0.233946919,0.0447757989,0.927808046,0.148822561,-0.0900806561,0.0329027921,0.206218019,-0.359000623,0.0534091145,0.877533317,-0.158485115,-0.0170661584,0.0701117516,-1.0129993,-0.254803866,0.496792495,6.57275295,-2.05540514,0.619284093,-0.211345166,-0.242239311,-0.689027548,-1.68535244,0.104594983,-0.209866524,-0.780877113,0.246501163,0.199406937,-0.265966743,0.243631661,-0.210249081,1.27979362,-0.015085808,-1.02828145,0.788131058,-0.767803013,0.222382516,-0.0324155912,-0.683790267,0.98964113,0.488801152,0.541266739,-0.248090088,-0.0293103307,0.00553278439,0.973086476,-0.452630758,0.0186873972,-0.839073241,-0.257993728,0.0952105075,0.105935603,-0.533067942,-0.143209532,-0.0701387823,0.108270228,-0.167527303,-0.24242264,0.556455016,0.126806378,0.687591314,0.154560357,-0.264779419,0.126655623,0.373809278,-0.312355429,0.0568135306,0.897020817,-0.131411567,0.00277918577,0.0845439434,-0.248090088,-0.0293103326,0.00553278439,0.973086476,-0.452630758,0.0186874047,-0.839073241,-0.257993728,0.0952105075,0.105935603,-0.533067942,-0.143209532,-0.0701387823,0.10827022,-0.167527303,-0.24242264,0.556455016,0.126806378,0.687591314,0.154560357,-0.264779419,0.126655623,0.373809278,-0.312355429,0.0568135269,0.897020817,-0.131411567,0.00277918787,0.0845439434,-0.248090088,-0.0293103307,0.00553278439,0.973086476,-0.452630758,0.0186873972,-0.839073241,-0.257993728,0.0952105075,0.105935603,-0.533067942,-0.143209532,-0.0701387823,0.108270228,-0.167527303,-0.24242264,0.556455016,0.126806378,0.687591314,0.154560357,-0.264779419,0.126655623,0.373809278,-0.312355429,0.0568135306,0.897020817,-0.131411567,0.00277918577,0.0845439434
1.10889773,3194372.26,0,0,0.00835766876,2.16229819e-05,1,0.129265245,0.0877667069,1,-0.979716957,-0.0203282554,0.0216330364,0.198175371,-0.268632919,-0.198506743,-0.439523339,-0.999967575,0.0118407905,-0,-0.596843004,0.0113919526,-0.0126775885,0.830881715,-0.38181144,-0.00744553888,-0.533862233,-0.0944418758,0.0128805833,0.454663843,0.0273337532,-0.000935890246,0.0230381414,0.00494128047,0.00738157611,0.199732453,0.238785252,0.0413694493,0.944062173,0.148426905,-0.0992242023,0.0414903127,0.198888436,-0.354030997,0.0524126776,0.870291412,-0.147241369,-0.012471349,0.0753139332,-0.071405299,-0.190127149,0.3285788,5.30563307,-1.23720241,0.570498526,-0.213798091,0.0775194615,-0.542699158,-1.61851549,-0.856455564,-0.126221865,-0.993947864,0.374532253,0.157242686,-0.557201803,0.483004361,-0.405941904,1.5240941,-0.107365072,-0.63690412,0.719266355,-0.485536695,0.508525133,-0.163258731,-0.537850857,1.00230551,0.29066354,0.389113635,-0.299618483,0.0191546343,-0.015394967,1.02447569,-0.425068259,0.0257708728,-0.751306534,-0.267902404,0.113372236,0.132890001,-0.584981203,-0.133883432,-0.095730558,0.142415598,-0.178170562,-0.25995487,0.542350888,0.103645951,0.725579798,0.143500268,-0.269542903,0.129876316,0.434365749,-0.289904088,0.0528534204,0.92109865,-0.114491798,0.0077380538,0.0890401304,-0.299618483,0.0191546343,-0.015394967,1.02447569,-0.425068259,0.0257708672,-0.751306534,-0.267902404,0.113372236,0.132890001,-0.584981203,-0.133883432,-0.095730558,0.142415598,-0.178170562,-0.25995487,0.542350888,0.103645951,0.725579798,0.143500268,-0.269542903,0.129876316,0.434365749,-0.289904088,0.0528534167,0.92109865,-0.114491798,0.0077380538,0.0890401304,-0.299618483,0.0191546343,-0.015394967,1.02447569,-0.425068259,0.0257708728,-0.751306534,-0.267902404,0.113372236,0.132890001,-0.584981203,-0.133883432,-0.095730558,0.142415598,-0.178170562,-0.25995487,0.542350888,0.103645951,0.725579798,0.143500268,-0.269542903,0.129876316,0.434365749,-0.289904088,0.0528534204,0.92109865,-0.114491798,0.0077380538,0.0890401304
1.11889908,3194372.27,0,0,0.0183590166,2.22725794e-05,1,0.129265245,0,1,-0.979378343,-0.0180221535,0.0221441109,0.200007305,-0.477767557,-0.183773845,-0.373145193,-0.999967575,0.0118407905,-0,-0.59410274,0.0104305884,-0.0110159824,0.880230486,-0.390615463,-0.00204370101,-0.535450637,-0.0916806534,0.00723863579,0.438935369,0.0129881976,-0.00178292149,0.0114527876,0.0103890654,0.00898460951,0.192159861,0.244588375,0.0361356027,0.960966885,0.146953329,-0.103827775,0.0482346527,0.196114302,-0.347725838,0.0499517582,0.866107106,-0.136943966,-0.0106400261,0.0786682516,0.555238783,-0.0560415275,0.133353785,4.52398729,-0.724425972,0.489268541,-0.172626644,0.380318552,-0.496833265,-1.53956306,-1.71827388,-0.0727787614,-1.18066633,0.561458111,0.140399858,-0.866721392,0.655401111,-0.554994524,1.72828758,-0.133286148,-0.305957884,0.599764168,-0.126857862,0.725553036,-0.269376963,-0.318783849,0.978433788,0.120270804,0.287334085,-0.299618483,0.0191546343,-0.015394967,1.02447569,-0.425068259,0.0257708728,-0.751306534,-0.267902404,0.113372236,0.132890001,-0.584981203,-0.133883432,-0.095730558,0.142415598,-0.178170562,-0.25995487,0.542350888,0.103645951,0.725579798,0.143500268,-0.269542903,0.129876316,0.434365749,-0.289904088,0.0528534204,0.92109865,-0.114491798,0.0077380538,0.0890401304,-0.299618483,0.0191546343,-0.015394967,1.02447569,-0.425068259,0.0257708672,-0.751306534,-0.267902404,0.113372236,0.132890001,-0.584981203,-0.133883432,-0.095730558,0.142415598,-0.178170562,-0.25995487,0.542350888,0.103645951,0.725579798,0.143500268,-0.269542903,0.129876316,0.434365749,-0.289904088,0.0528534167,0.92109865,-0.114491798,0.0077380538,0.0890401304,-0.299618483,0.0191546343,-0.015394967,1.02447569,-0.425068259,0.0257708728,-0.751306534,-0.267902404,0.113372236,0.132890001,-0.584981203,-0.133883432,-0.095730558,0.142415598,-0.178170562,-0.25995487,0.542350888,0.103645951,0.725579798,0.143500268,-0.269542903,0.129876316,0.434365749,-0.289904088,0.0528534204,0.92109865,-0.114491798,0.0077380538,0.0890401304
1.12986815,3194372.29,0,0,0.00934401713,4.25381586e-06,1,0.144448131,0.117492557,1,-0.978874564,-0.0150073189,0.0226753354,0.20264563,-0.52675277,-0.298034817,-0.423732311,-0.999967575,0.0118407905,-0,-0.58042258,0.0103414413,-0.00941055082,0.923194706,-0.396737486,0.00349532254,-0.53784591,-0.0854724497,0.00341531378,0.42196101,-0.013668579,-0.00205965457,-0.00222553406,0.0164939668,0.0110797202,0.179595858,0.254063308,0.0289260261,0.98183006,0.144951865,-0.104841739,0.0536082834,0.19788757,-0.33738777,0.0472007692,0.864362895,-0.126456991,-0.0101109501,0.0811723396,1.61797643,0.0448848642,0.079542987,2.88045645,-0.295723498,0.497518539,-0.135549113,0.623205006,-0.228704616,-1.22880709,-2.79930782,0.0654432327,-1.16046929,0.522617638,0.323746979,-1.22710776,0.886898339,-0.721156001,1.8495717,-0.315215051,-0.0375346951,0.393415511,0.323606968,0.930096686,-0.187921047,-0.0167103168,0.901736319,-0.0146648595,0.168214545,-0.357985109,0.0613334179,-0.0380364172,1.00504911,-0.408539653,0.0328072309,-0.633813977,-0.28225714,0.13039282,0.187346682,-0.622877538,-0.099394381,-0.0993736684,0.107817084,-0.155034244,-0.200648844,0.486456156,0.0656475574,0.79317987,0.127190888,-0.250474393,0.115354873,0.459841251,-0.28755188,0.0524464324,0.942549229,-0.101486474,0.00290159881,0.0902978182,-0.357985109,0.0613334179,-0.0380364172,1.00504911,-0.408539653,0.0328072309,-0.633813977,-0.28225714,0.13039282,0.187346682,-0.622877538,-0.0993943885,-0.0993736684,0.107817084,-0.155034244,-0.200648844,0.486456156,0.0656475499,0.79317987,0.127190888,-0.250474393,0.115354873,0.459841251,-0.28755188,0.0524464287,0.942549229,-0.101486474,0.00290160393,0.0902978182,-0.357985109,0.0613334179,-0.0380364172,1.00504911,-0.408539653,0.0328072309,-0.633813977,-0.28225714,0.13039282,0.187346682,-0.622877538,-0.099394381,-0.0993736684,0.107817084,-0.155034244,-0.200648844,0.486456156,0.0656475574,0.79317987,0.127190888,-0.250474393,0.115354873,0.459841251,-0.28755188,0.0524464324,0.942549229,-0.101486474,0.00290159881,0.0902978182
1.13989824,3194372.3,0,0,0.0193741121,2.16048211e-05,1,0.144448131,0,1,-0.978485584,-0.011964499,0.0233848076,0.204636082,-0.600684643,-0.213413119,-0.369788975,-0.999967575,0.0118407905,-0,-0.560788512,0.0113319289,-0.00930186827,0.944767952,-0.398326099,0.00797491521,-0.539536953,-0.078437075,0.00156327616,0.410602212,-0.0453293212,-0.00110324507,-0.0139485253,0.0217710789,0.0138706481,0.1663571,0.26366353,0.0213427357,1.0005331,0.141212016,-0.10464523,0.0563213155,0.204138845,-0.327590972,0.0460701883,0.865517557,-0.118074931,-0.0105736591,0.0825224668,2.1335516,0.130850434,-0.0295989327,1.72224784,-0.100660719,0.404190004,-0.221532509,0.745126963,-0.165395498,-1.11260355,-3.31168532,0.097589545,-1.16657043,0.523658514,0.198208436,-1.3543433,0.994472682,-0.746034205,1.823053,-0.368935883,0.0866223201,0.177588597,0.84530431,1.00717652,-0.0698380843,0.194004729,0.761751711,-0.0556523539,0.116789684,-0.357985109,0.0613334179,-0.0380364172,1.00504911,-0.408539653,0.0328072309,-0.633813977,-0.28225714,0.13039282,0.187346682,-0.622877538,-0.099394381,-0.0993736684,0.107817084,-0.155034244,-0.200648844,0.486456156,0.0656475574,0.79317987,0.127190888,-0.250474393,0.115354873,0.459841251,-0.28755188,0.0524464324,0.942549229,-0.101486474,0.00290159881,0.0902978182,-0.357985109,0.0613334179,-0.0380364172,1.00504911,-0.408539653,0.0328072309,-0.633813977,-0.28225714,0.13039282,0.187346682,-0.622877538,-0.0993943885,-0.0993736684,0.107817084,-0.155034244,-0.200648844,0.486456156,0.0656475499,0.79317987,0.127190888,-0.250474393,0.115354873,0.459841251,-0.28755188,0.0524464287,0.942549229,-0.101486474,0.00290160393,0.0902978182,-0.357985109,0.0613334179,-0.0380364172,1.00504911,-0.408539653,0.0328072309,-0.633813977,-0.28225714,0.13039282,0.187346682,-0.622877538,-0.099394381,-0.0993736684,0.107817084,-0.155034244,-0.200648844,0.486456156,0.0656475574,0.79317987,0.127190888,-0.250474393,0.115354873,0.459841251,-0.28755188,0.0524464324,0.942549229,-0.101486474,0.00290159881,0.0902978182
1.1498996,3194372.31,0,0,0.009378138,2.30050646e-05,1,0.141846016,0.147452503,1,-0.978182375,-0.00962961931,0.0235720482,0.206181616,-0.495931029,-0.192552805,-0.414859593,-0.999967575,0.0118407905,-0,-0.541546583,0.0123687107,-0.00946405064,0.952954233,-0.398948491,0.0105513344,-0.541926265,-0.0725492314,0.000666444947,0.402400494,-0.0732603371,-7.27595252e-05,-0.0226967465,0.0253296793,0.0149909873,0.155395702,0.271871358,0.0155505762,1.01393962,0.138356358,-0.103063099,0.0570468716,0.213075548,-0.319255352,0.0457866713,0.867839038,-0.112724744,-0.0109227113,0.0832601786,2.69293284,0.0954435468,0.0393120199,0.329788446,-0.0615761168,0.235484824,-0.350001782,0.686919928,-0.0384702161,-0.857416928,-3.75447917,0.191445798,-1.00489843,0.332144439,0.153523162,-1.39509833,1.06125772,-0.752907455,1.62293899,-0.40811336,0.232321694,0.0476359539,1.27095103,1.07403171,-0.0122364238,0.370428085,0.660838246,-0.0327670686,0.0685711727,-0.428359687,0.0600493029,-0.0341314971,0.919987738,-0.420758486,0.0231048763,-0.500291944,-0.302445084,0.138000712,0.250048429,-0.652118027,-0.0702814907,-0.0790873766,0.0559486747,-0.152431086,-0.0531963408,0.428416312,0.0364729613,0.885377765,0.113528244,-0.192233294,0.0929852501,0.461653113,-0.291649073,0.0584268644,0.945390046,-0.093636781,0.00370797515,0.0883106887,-0.428359687,0.0600493029,-0.0341314971,0.919987738,-0.420758486,0.0231048744,-0.500291944,-0.302445084,0.138000712,0.250048429,-0.652118027,-0.0702814907,-0.0790873766,0.0559486747,-0.152431086,-0.0531963408,0.428416312,0.0364729688,0.885377765,0.113528244,-0.192233279,0.0929852501,0.461653113,-0.291649073,0.0584268607,0.945390046,-0.093636781,0.00370797515,0.0883106887,-0.428359687,0.0600493029,-0.0341314971,0.919987738,-0.420758486,0.0231048763,-0.500291944,-0.302445084,0.138000712,0.250048429,-0.652118027,-0.0702814907,-0.0790873766,0.0559486747,-0.152431086,-0.0531963408,0.428416312,0.0364729613,0.885377765,0.113528244,-0.192233294,0.0929852501,0.461653113,-0.291649073,0.0584268644,0.945390046,-0.093636781,0.00370797515,0.0883106887
1.16090457,3194372.32,0,0,0.000417395029,2.03349628e-05,1,0.107622705,0.18325761,1,-0.977717459,-0.00685773976,0.0238234587,0.208456248,-0.47799921,-0.0634115785,-0.297495365,-0.999967575,0.0118407905,-0,-0.505381167,0.0128994957,-0.00919212028,0.943968654,-0.400530666,0.0121333161,-0.547342002,-0.0653117225,0.000188386563,0.394024462,-0.121348672,0.0028969585,-0.0338060521,0.0282163844,0.0156125324,0.139209375,0.284526169,0.00693100691,1.03083336,0.133118644,-0.0995600671,0.0564027056,0.232786849,-0.306557298,0.0465875529,0.87405479,-0.105656438,-0.0111171082,0.0837026611,3.07157898,0.0310667194,-0.0499893054,-1.19758999,-0.197546706,0.104623169,-0.514494479,0.566656768,-0.106083401,-0.69435209,-4.01397514,0.253008395,-0.921998918,0.252300322,-0.0642692298,-1.27933574,1.01313889,-0.642452478,1.20479167,-0.404707551,0.331519186,-0.122404516,1.90758765,1.01150811,0.123822123,0.597911954,0.504814804,-0.00753142405,0.0232567731,-0.428359687,0.0600493029,-0.0341314971,0.919987738,-0.420758486,0.0231048763,-0.500291944,-0.302445084,0.138000712,0.250048429,-0.652118027,-0.0702814907,-0.0790873766,0.0559486747,-0.152431086,-0.0531963408,0.428416312,0.0364729613,0.885377765,0.113528244,-0.192233294,0.0929852501,0.461653113,-0.291649073,0.0584268644,0.945390046,-0.093636781,0.00370797515,0.0883106887,-0.525503635,0.0519930273,-0.0257900991,0.802422106,-0.456939459,0.000953674316,-0.34261024,-0.308293611,0.147835627,0.321245134,-0.660331726,-0.0589676127,-0.0405942537,0.0094098486,-0.158838227,0.130061269,0.40060851,0.0265062004,0.981508195,0.107361585,-0.12307246,0.0689441636,0.435055017,-0.296291769,0.0623777099,0.93312335,-0.0946644098,0.0040383148,0.0922075808,-0.525503635,0.0519930273,-0.0257900991,0.802422106,-0.456939459,0.000953674316,-0.34261024,-0.308293611,0.147835627,0.321245134,-0.660331726,-0.058967609,-0.0405942537,0.00940984488,-0.158838227,0.130061269,0.40060851,0.0265062004,0.981508195,0.107361585,-0.12307246,0.0689441636,0.435055017,-0.296291769,0.0623777136,0.93312335,-0.0946644098,0.00403831899,0.0922075808
1.17189973,3194372.33,0,0,0.0114125549,2.18190253e-05,1,0.107622705,0,1,-0.977412403,-0.00474176649,0.0233900137,0.209988981,-0.333015472,-0.022746237,-0.396407753,-0.999967575,0.0118407905,-0,-0.473217994,0.0131307971,-0.00924026873,0.924649775,-0.404037595,0.0120941345,-0.55356729,-0.0600069016,-0.000407778803,0.388140529,-0.162428513,0.00553686218,-0.0414445885,0.0300432798,0.0140459426,0.127261341,0.294181138,0.00160749117,1.03953314,0.129735604,-0.0950732678,0.0541080683,0.254860133,-0.296965063,0.0485034734,0.880842507,-0.101872534,-0.0108807869,0.084144935,3.48779678,-0.00200168928,0.138640821,-2.8215642,-0.529450178,-0.145279944,-0.706546783,0.495815694,0.0870405138,-0.398995161,-4.31334162,0.28871575,-0.535460889,0.0385351479,-0.169187039,-1.14895368,0.953184247,-0.473448783,0.612326443,-0.306603372,0.590839386,-0.331312001,2.39814997,0.944243491,0.247121662,0.737617552,0.29108122,0.0655077398,0.0808197409,-0.525503635,0.0519930273,-0.0257900991,0.802422106,-0.456939459,0.000953674316,-0.34261024,-0.308293611,0.147835627,0.321245134,-0.660331726,-0.058967609,-0.0405942537,0.00940984488,-0.158838227,0.130061269,0.40060851,0.0265062004,0.981508195,0.107361585,-0.12307246,0.0689441636,0.435055017,-0.296291769,0.0623777136,0.93312335,-0.0946644098,0.00403831899,0.0922075808,-0.525503635,0.0519930273,-0.0257900991,0.802422106,-0.456939459,0.000953674316,-0.34261024,-0.308293611,0.147835627,0.321245134,-0.660331726,-0.0589676127,-0.0405942537,0.0094098486,-0.158838227,0.130061269,0.40060851,0.0265062004,0.981508195,0.107361585,-0.12307246,0.0689441636,0.435055017,-0.296291769,0.0623777099,0.93312335,-0.0946644098,0.0040383148,0.0922075808,-0.525503635,0.0519930273,-0.0257900991,0.802422106,-0.456939459,0.000953674316,-0.34261024,-0.308293611,0.147835627,0.321245134,-0.660331726,-0.058967609,-0.0405942537,0.00940984488,-0.158838227,0.130061269,0.40060851,0.0265062004,0.981508195,0.107361585,-0.12307246,0.0689441636,0.435055017,-0.296291769,0.0623777136,0.93312335,-0.0946644098,0.00403831899,0.0922075808
1.18190794,3194372.34,0,0,0.00136953732,2.38493085e-05,1,0.157883856,0.153941631,1,-0.977096856,-0.00305449078,0.0227310788,0.211555302,-0.425292015,0.127252758,-0.206467509,-0.999967575,0.0118407905,-0,-0.438814938,0.0130100828,-0.00850442238,0.891125977,-0.410515785,0.0106699951,-0.561362326,-0.055405125,-0.000101222373,0.38431263,-0.205199823,0.00839334726,-0.0461500213,0.0307366848,0.0110385716,0.116994411,0.302806139,-0.00201984704,1.04278481,0.127148569,-0.0887345597,0.0500919037,0.28122589,-0.288529664,0.0517309047,0.888805866,-0.0999839306,-0.00959425606,0.0853930265,3.28450584,-0.00548159238,-0.0191984642,-3.44173121,-0.683458328,-0.114453107,-0.819971859,0.44130972,-0.0586645752,-0.427919984,-4.17149878,0.278403908,-0.487406552,0.140900627,-0.402165532,-0.950168848,0.788739622,-0.28763622,0.18638657,-0.227274373,0.592599869,-0.41872701,2.77686834,0.763485491,0.36101535,0.828582942,0.131839231,0.165122896,0.145226508,-0.61782819,0.0704132318,-0.0446362123,0.659956217,-0.480933189,-0.00858083367,-0.231841803,-0.251228154,0.127115265,0.405180782,-0.635998309,-0.064953208,0.00261167902,-0.0143893659,-0.118356138,0.2840029,0.386343807,0.0134030282,1.06026196,0.103364699,-0.0714448243,0.0427028313,0.375514418,-0.301131278,0.0534519926,0.915162683,-0.100357801,-0.0069963634,0.0935415626,-0.61782819,0.0704132318,-0.0446362123,0.659956217,-0.480933189,-0.00858083647,-0.231841803,-0.251228154,0.127115265,0.405180782,-0.635998309,-0.0649532154,0.00261167856,-0.0143893622,-0.118356138,0.2840029,0.386343807,0.0134030227,1.06026196,0.103364699,-0.0714448243,0.0427028313,0.375514418,-0.301131278,0.0534519888,0.915162683,-0.100357801,-0.00699635968,0.0935415626,-0.61782819,0.0704132318,-0.0446362123,0.659956217,-0.480933189,-0.00858083367,-0.231841803,-0.251228154,0.127115265,0.405180782,-0.635998309,-0.064953208,0.00261167902,-0.0143893659,-0.118356138,0.2840029,0.386343807,0.0134030282,1.06026196,0.103364699,-0.0714448243,0.0427028313,0.375514418,-0.301131278,0.0534519926,0.915162683,-0.100357801,-0.0069963634,0.0935415626
1.19286804,3194372.35,0,0,0.0123296441,4.10573557e-06,1,0.157883856,0,1,-0.976878166,-0.000553758,0.0212382395,0.212738648,-0.456137925,0.126855671,-0.27748394,-0.999967575,0.0118407905,-0,-0.399952888,0.0134858331,-0.00957575068,0.842360198,-0.418792039,0.00814381614,-0.572333813,-0.0496039279,-0.000547271455,0.380851179,-0.256740838,0.0109381061,-0.0496714488,0.0327665731,0.00587491365,0.106485792,0.31136182,-0.00476597063,1.04215574,0.124586113,-0.0826799572,0.0444260091,0.31636101,-0.280178159,0.0552976057,0.899883866,-0.0991774946,-0.00789650623,0.0874383673,3.37117672,0.0868469775,-0.0922950432,-4.93635798,-0.711209953,-0.311697483,-0.993706226,0.554407775,0.0689754635,-0.0818602741,-4.54198599,0.14244017,-0.0371154845,0.136957198,-0.400119275,-0.824829996,0.689267337,-0.221460909,-0.247077346,-0.226563677,0.467740238,-0.545131683,2.99516964,0.682186961,0.203576729,1.01170325,0.0331065096,0.0876028091,0.191635296,-0.61782819,0.0704132318,-0.0446362123,0.659956217,-0.480933189,-0.00858083367,-0.231841803,-0.251228154,0.127115265,0.405180782,-0.635998309,-0.064953208,0.00261167902,-0.0143893659,-0.118356138,0.2840029,0.386343807,0.0134030282,1.06026196,0.103364699,-0.0714448243,0.0427028313,0.375514418,-0.301131278,0.0534519926,0.915162683,-0.100357801,-0.0069963634,0.0935415626,-0.61782819,0.0704132318,-0.0446362123,0.659956217,-0.480933189,-0.00858083647,-0.231841803,-0.251228154,0.127115265,0.405180782,-0.635998309,-0.0649532154,0.00261167856,-0.0143893622,-0.118356138,0.2840029,0.386343807,0.0134030227,1.06026196,0.103364699,-0.0714448243,0.0427028313,0.375514418,-0.301131278,0.0534519888,0.915162683,-0.100357801,-0.00699635968,0.0935415626,-0.61782819,0.0704132318,-0.0446362123,0.659956217,-0.480933189,-0.00858083367,-0.231841803,-0.251228154,0.127115265,0.405180782,-0.635998309,-0.064953208,0.00261167902,-0.0143893659,-0.118356138,0.2840029,0.386343807,0.0134030282,1.06026196,0.103364699,-0.0714448243,0.0427028313,0.375514418,-0.301131278,0.0534519926,0.915162683,-0.100357801,-0.0069963634,0.0935415626
1.20289823,3194372.36,0,0,0.0023817406,2.22646631e-05,1,0.136299059,0.149640441,1,-0.976873934,0.00156501005,0.0196498074,0.21290563,-0.313661903,0.316830099,0.341921955,-0.999967575,0.0118407905,-0,-0.375049233,0.0132692643,-0.0136960847,0.796860278,-0.416955084,0.00448314613,-0.583215296,-0.0453710742,-0.00116000057,0.379975289,-0.300600052,0.0122547522,-0.051223509,0.0341106206,0.00130388665,0.0990525112,0.317864895,-0.00646268344,1.03787518,0.122263186,-0.0793585479,0.0388973765,0.345938146,-0.273588181,0.0568381697,0.910829306,-0.099028945,-0.00700958725,0.089300096,1.00340438,-0.406088591,-0.755771279,-3.44637632,2.29585218,-0.521091759,-1.20241833,0.0363033898,-0.166588679,-0.0918135419,-4.16372585,0.161772266,-0.439212859,-0.115918085,-0.470441818,-0.765130579,0.688860714,-0.115435936,-0.506266236,-0.236613423,0.229158744,-0.535672069,2.81970191,0.747806132,0.127273917,1.20894277,0.00647943281,0.112247504,0.167213753,-0.685554981,0.0977681056,-0.088902697,0.510315776,-0.500132263,-0.0096437484,-0.188338995,-0.136177063,0.070308432,0.509815991,-0.601380646,-0.0569089986,0.0412411578,0.00238478184,-0.0235453844,0.398661584,0.361130476,-0.00520768762,1.12315416,0.108147293,-0.0396465883,0.0192321613,0.308894843,-0.302174807,0.0369602777,0.896453142,-0.103891984,-0.0242711008,0.0713765919,-0.685554981,0.0977681056,-0.088902697,0.510315776,-0.500132263,-0.0096437512,-0.188338995,-0.136177063,0.070308432,0.509815991,-0.601380646,-0.0569090024,0.0412411578,0.00238478929,-0.0235453844,0.398661584,0.361130476,-0.0052076946,1.12315416,0.108147293,-0.0396465883,0.0192321613,0.308894843,-0.302174807,0.0369602777,0.896453142,-0.103891984,-0.0242711026,0.0713765919,-0.685554981,0.0977681056,-0.088902697,0.510315776,-0.500132263,-0.0096437484,-0.188338995,-0.136177063,0.070308432,0.509815991,-0.601380646,-0.0569089986,0.0412411578,0.00238478184,-0.0235453844,0.398661584,0.361130476,-0.00520768762,1.12315416,0.108147293,-0.0396465883,0.0192321613,0.308894843,-0.302174807,0.0369602777,0.896453142,-0.103891984,-0.0242711008,0.0713765919
1.21386839,3194372.37,0,0,0.013351901,4.26126644e-06,1,0.136299059,0,1,-0.977267504,0.000893306569,0.0194860082,0.211110562,0.41064173,-0.217732579,0.209291622,-0.999967575,0.0118407905,-0,-0.378818125,0.00623458158,-0.0184917804,0.781178117,-0.38961482,-0.00101306662,-0.595101953,-0.0485227443,0.000463651289,0.383352339,-0.346855879,0.0134106083,-0.0534991734,0.0266516805,0.00126058306,0.089037694,0.325929612,-0.00744963344,1.03241003,0.120446339,-0.0781768113,0.0332675613,0.371331006,-0.263539284,0.0573646016,0.924434721,-0.0990737081,-0.00627047149,0.0884112269,-0.808155775,-0.77103126,-0.112478212,-0.597682476,2.35405779,-0.521105111,-1.07667279,-0.414572716,0.478036791,0.647462606,-5.04111433,0.0631706864,0.0970470235,-1.13747084,0.401304275,-1.16047621,0.866729379,-0.103452012,-0.561449111,-0.129600272,0.0626001954,-0.591885805,2.36197805,1.16176593,0.00798346847,1.42855072,-0.0111844847,0.0333833061,-0.292068183,-0.685554981,0.0977681056,-0.088902697,0.510315776,-0.500132263,-0.0096437484,-0.188338995,-0.136177063,0.070308432,0.509815991,-0.601380646,-0.0569089986,0.0412411578,0.00238478184,-0.0235453844,0.398661584,0.361130476,-0.00520768762,1.12315416,0.108147293,-0.0396465883,0.0192321613,0.308894843,-0.302174807,0.0369602777,0.896453142,-0.103891984,-0.0242711008,0.0713765919,-0.685554981,0.0977681056,-0.088902697,0.510315776,-0.500132263,-0.0096437512,-0.188338995,-0.136177063,0.070308432,0.509815991,-0.601380646,-0.0569090024,0.0412411578,0.00238478929,-0.0235453844,0.398661584,0.361130476,-0.0052076946,1.12315416,0.108147293,-0.0396465883,0.0192321613,0.308894843,-0.302174807,0.0369602777,0.896453142,-0.103891984,-0.0242711026,0.0713765919,-0.685554981,0.0977681056,-0.088902697,0.510315776,-0.500132263,-0.0096437484,-0.188338995,-0.136177063,0.070308432,0.509815991,-0.601380646,-0.0569089986,0.0412411578,0.00238478184,-0.0235453844,0.398661584,0.361130476,-0.00520768762,1.12315416,0.108147293,-0.0396465883,0.0192321613,0.308894843,-0.302174807,0.0369602777,0.896453142,-0.103891984,-0.0242711008,0.0713765919
1.22389908,3194372.38,0,0,0.00339343166,2.19396316e-05,1,0.126332045,0.272877395,1,-0.977237999,-0.00137878349,0.0228488725,0.210907295,0.65291059,-0.743165135,-0.0724479258,-0.999967575,0.0118407905,-0,-0.388134122,-0.00130557688,-0.0162993912,0.782454371,-0.369935811,-0.00530386809,-0.601999819,-0.0529053323,0.00731450552,0.388699293,-0.395250171,0.0127456598,-0.0496745259,0.012959471,0.0091373967,0.0775659382,0.334082693,-0.00817296095,1.0266639,0.119635351,-0.0785342827,0.0278206039,0.392814308,-0.251522392,0.0573875457,0.938531399,-0.0992533788,-0.00609590393,0.0846972689,-0.937879562,-0.721938252,0.384352982,0.444652736,1.76637375,-0.37396872,-0.43590486,-0.437026978,0.750903845,0.384486139,-4.60843515,-0.182133853,0.511238158,-1.44665122,0.953517497,-1.06275094,0.754054844,-0.0468959026,-0.582404971,-0.0629637912,-0.107492499,-0.488031238,2.01900935,1.18498325,0.000801029732,1.37100661,-0.0221909191,0.0119605204,-0.372472972,-0.853049874,0.219877511,-0.223173231,0.237438396,-0.598922431,-0.0297332034,-0.281626433,0.0670120865,-0.0259453729,0.733713388,-0.511354387,-0.00430177897,0.0246890318,0.170975879,0.162050173,0.470744908,0.307361186,-0.038940236,1.13574922,0.124692209,-0.0497174636,0.00816253573,0.259625554,-0.331553221,0.0118036345,0.867866933,-0.120490789,-0.0569146872,0.0123839425,-0.853049874,0.219877496,-0.223173231,0.237438396,-0.598922431,-0.0297332034,-0.281626433,0.0670120865,-0.0259453729,0.733713388,-0.511354387,-0.00430177897,0.0246890318,0.170975879,0.162050173,0.470744908,0.307361186,-0.0389402285,1.13574922,0.124692209,-0.0497174636,0.00816253759,0.259625554,-0.331553221,0.0118036345,0.867866933,-0.120490789,-0.0569146797,0.0123839425,-0.853049874,0.219877511,-0.223173231,0.237438396,-0.598922431,-0.0297332034,-0.281626433,0.0670120865,-0.0259453729,0.733713388,-0.511354387,-0.00430177897,0.0246890318,0.170975879,0.162050173,0.470744908,0.307361186,-0.038940236,1.13574922,0.124692209,-0.0497174636,0.00816253573,0.259625554,-0.331553221,0.0118036345,0.867866933,-0.120490789,-0.0569146872,0.0123839425
1.2348681,3194372.39,0,0,0.0143624479,4.20724973e-06,1,0.126332045,0,1,-0.976970196,-0.00345463282,0.0251688659,0.211858109,0.568074942,-0.158151373,-0.381376892,-0.999967575,0.0118407905,-0,-0.398725241,-0.00577912806,-0.0120348781,0.786973536,-0.356644034,-0.00835921336,-0.612175524,-0.0555080846,0.0122090783,0.401761174,-0.431709647,0.0113320099,-0.0456308573,0.00206681294,0.0134433582,0.0728734583,0.339395195,-0.00836369023,1.02156901,0.119175352,-0.0811308995,0.0253325403,0.407584876,-0.24280116,0.0572195947,0.948728859,-0.101031817,-0.00751574431,0.077680178,-1.67207766,-0.418752521,0.599272668,0.584271014,1.63669217,-0.40887022,-2.12465382,-0.218855634,0.451934814,2.88101268,-4.54198027,-0.12155503,0.441215158,-1.25493658,0.151887298,-0.206024304,0.610473275,-0.00703367731,-0.685179055,-0.0534998141,-0.498096317,-0.177699476,1.71667194,1.01592052,-0.0460515618,1.20008993,-0.404145896,-0.351023734,-1.35959804,-0.853049874,0.219877511,-0.223173231,0.237438396,-0.598922431,-0.0297332034,-0.281626433,0.0670120865,-0.0259453729,0.733713388,-0.511354387,-0.00430177897,0.0246890318,0.170975879,0.162050173,0.470744908,0.307361186,-0.038940236,1.13574922,0.124692209,-0.0497174636,0.00816253573,0.259625554,-0.331553221,0.0118036345,0.867866933,-0.120490789,-0.0569146872,0.0123839425,-0.853049874,0.219877496,-0.223173231,0.237438396,-0.598922431,-0.0297332034,-0.281626433,0.0670120865,-0.0259453729,0.733713388,-0.511354387,-0.00430177897,0.0246890318,0.170975879,0.162050173,0.470744908,0.307361186,-0.0389402285,1.13574922,0.124692209,-0.0497174636,0.00816253759,0.259625554,-0.331553221,0.0118036345,0.867866933,-0.120490789,-0.0569146797,0.0123839425,-0.853049874,0.219877511,-0.223173231,0.237438396,-0.598922431,-0.0297332034,-0.281626433,0.0670120865,-0.0259453729,0.733713388,-0.511354387,-0.00430177897,0.0246890318,0.170975879,0.162050173,0.470744908,0.307361186,-0.038940236,1.13574922,0.124692209,-0.0497174636,0.00816253573,0.259625554,-0.331553221,0.0118036345,0.867866933,-0.120490789,-0.0569146872,0.0123839425
1.24490197,3194372.4,0,0,0.00437124725,2.35182233e-05,1,0.149720814,0.181693375,1,-0.976535976,-0.00493656378,0.0275767483,0.213524282,-0.0264078733,-0.568462253,-0.0448298231,-0.999967575,0.0118407905,-0,-0.419702888,-0.00821564905,-0.00776927778,0.79346168,-0.333961636,-0.0142912753,-0.644697607,-0.0532898307,0.0157047044,0.479378313,-0.466229856,0.00817915332,-0.0467031151,-0.010311435,0.0181371346,0.0782108903,0.345995367,-0.0078012608,1.01110029,0.118674941,-0.0924015194,0.0268697403,0.424541712,-0.231295064,0.0546624959,0.960810542,-0.108706221,-0.0151017066,0.0522990674,-1.14375949,0.0185823459,-0.0535507947,0.325465083,1.61819875,-0.423193514,-1.74525642,0.472147763,0.0663697496,6.4642334,-1.20818591,-0.251141906,-0.458646744,-0.529354036,0.653980076,0.651578784,0.33984068,0.035167776,-0.701909542,-0.0181617644,-0.932057023,0.270539552,0.879401028,0.667724848,-0.293178558,0.590550363,-0.517424285,-0.572893322,-1.79468298,-0.945714474,0.166757494,-0.206775248,0.164974123,-0.756994963,-0.0432660431,-0.31115061,0.0660063177,-0.0319471881,0.915406764,-0.498786867,-0.0284988619,0.00614910387,0.317752361,0.239259601,0.508663297,0.3166022,-0.0349761695,1.1076175,0.141039923,-0.0633322746,0.012019489,0.232443184,-0.352780759,0.0156669877,0.873069644,-0.144702345,-0.0589140654,-0.0052533783,-0.945714474,0.166757494,-0.206775248,0.164974123,-0.756994963,-0.0432660468,-0.31115061,0.0660063177,-0.0319471844,0.915406764,-0.498786867,-0.0284988638,0.00614910387,0.317752361,0.239259601,0.508663297,0.3166022,-0.0349761732,1.1076175,0.141039923,-0.0633322746,0.012019488,0.232443184,-0.352780759,0.0156669877,0.873069644,-0.144702345,-0.0589140728,-0.0052533783,-0.945714474,0.166757494,-0.206775248,0.164974123,-0.756994963,-0.0432660431,-0.31115061,0.0660063177,-0.0319471881,0.915406764,-0.498786867,-0.0284988619,0.00614910387,0.317752361,0.239259601,0.508663297,0.3166022,-0.0349761695,1.1076175,0.141039923,-0.0633322746,0.012019489,0.232443184,-0.352780759,0.0156669877,0.873069644,-0.144702345,-0.0589140654,-0.0052533783
1.25589732,3194372.41,0,0,0.0153666004,1.98963098e-05,1,0.149720814,0,1,-0.976613045,-0.00421206281,0.0293628331,0.212948442,-0.149846524,-0.342696935,0.244838595,-0.999967575,0.0118407905,-0,-0.431759894,-0.00856802426,-0.0100136893,0.79359442,-0.316657782,-0.018331226,-0.666387796,-0.0480398946,0.0153973512,0.56829226,-0.477160186,0.00216300646,-0.055800464,-0.0147700319,0.021688601,0.0911967233,0.348769486,-0.00658140657,1.00116503,0.119582981,-0.101965286,0.0302974079,0.430130363,-0.226864517,0.0530035123,0.965441644,-0.117336698,-0.0205968227,0.034597002,-1.15224349,-0.0210337508,-0.38480854,-0.179417282,1.79513729,-0.391885221,-2.08703566,0.592758596,-0.165236562,9.68140316,-0.844308078,-0.663802862,-1.1389488,-0.315071851,0.277256936,1.58352757,0.205406681,0.134345412,-1.08405054,0.171724901,-0.952088058,0.375328809,0.375385582,0.297608644,-0.115469724,0.367491335,-0.98750174,-0.521199524,-1.68544424,-0.945714474,0.166757494,-0.206775248,0.164974123,-0.756994963,-0.0432660431,-0.31115061,0.0660063177,-0.0319471881,0.915406764,-0.498786867,-0.0284988619,0.00614910387,0.317752361,0.239259601,0.508663297,0.3166022,-0.0349761695,1.1076175,0.141039923,-0.0633322746,0.012019489,0.232443184,-0.352780759,0.0156669877,0.873069644,-0.144702345,-0.0589140654,-0.0052533783,-0.945714474,0.166757494,-0.206775248,0.164974123,-0.756994963,-0.0432660468,-0.31115061,0.0660063177,-0.0319471844,0.915406764,-0.498786867,-0.0284988638,0.00614910387,0.317752361,0.239259601,0.508663297,0.3166022,-0.0349761732,1.1076175,0.141039923,-0.0633322746,0.012019488,0.232443184,-0.352780759,0.0156669877,0.873069644,-0.144702345,-0.0589140728,-0.0052533783,-0.945714474,0.166757494,-0.206775248,0.164974123,-0.756994963,-0.0432660431,-0.31115061,0.0660063177,-0.0319471881,0.915406764,-0.498786867,-0.0284988619,0.00614910387,0.317752361,0.239259601,0.508663297,0.3166022,-0.0349761695,1.1076175,0.141039923,-0.0633322746,0.012019489,0.232443184,-0.352780759,0.0156669877,0.873069644,-0.144702345,-0.0589140654,-0.0052533783
1.26589786,3194372.42,0,0,0.00540036289,2.21449882e-05,1,0.117498916,0.108896077,1,-0.976955593,-0.00177516299,0.030981021,0.211174846,-0.56135428,-0.43626371,0.423086673,-0.999967575,0.0118407905,-0,-0.440976828,-0.00721737882,-0.016538728,0.789070129,-0.297932297,-0.0221652798,-0.679134846,-0.0398141108,0.011222912,0.658809602,-0.481605858,-0.00326302811,-0.0679261684,-0.0146770105,0.0250612833,0.10787259,0.349253476,-0.0059569194,0.991481841,0.122659564,-0.11092566,0.0336608998,0.432127506,-0.225491166,0.0514462776,0.967636645,-0.126486465,-0.025152361,0.0203838255,-0.787070692,0.263419807,-0.79779011,-0.642537177,1.92635846,-0.379500419,-0.693828464,1.01127243,-0.551226854,8.34346485,-0.266115636,-0.480324239,-1.17187846,0.224494815,0.335725695,1.6705184,-0.0646823272,0.0122086499,-0.847268999,0.404077888,-0.840466201,0.281084865,0.120493338,0.0468344726,-0.192648306,0.135440648,-0.822394431,-0.41084674,-1.22701967,-1.01342857,0.115332358,-0.135133415,0.182942539,-0.829348803,-0.0147708952,-0.293169111,0.00239856169,-0.0361251384,1.02430284,-0.535641968,-0.0545704253,0.0252230205,0.36874038,0.23940891,0.519449353,0.355659127,-0.015640378,1.06607139,0.141769439,-0.0619828701,0.00136859715,0.170855984,-0.349604368,0.0130634122,0.888606966,-0.150216177,-0.0452184826,-0.00519293547,-1.01342857,0.115332358,-0.135133415,0.182942539,-0.829348803,-0.0147708971,-0.293169111,0.00239856169,-0.0361251384,1.02430284,-0.535641968,-0.0545704216,0.0252230205,0.36874038,0.23940891,0.519449353,0.355659127,-0.0156403836,1.06607139,0.141769439,-0.0619828664,0.00136859901,0.170855984,-0.349604368,0.0130634122,0.888606966,-0.150216177,-0.0452184789,-0.00519293547,-1.01342857,0.115332358,-0.135133415,0.182942539,-0.829348803,-0.0147708952,-0.293169111,0.00239856169,-0.0361251384,1.02430284,-0.535641968,-0.0545704253,0.0252230205,0.36874038,0.23940891,0.519449353,0.355659127,-0.015640378,1.06607139,0.141769439,-0.0619828701,0.00136859715,0.170855984,-0.349604368,0.0130634122,0.888606966,-0.150216177,-0.0452184826,-0.00519293547
1.27589839,3194372.43,0,0,0.0154008958,2.28141434e-05,1,0.117498916,0,1,-0.977176487,0.000504789408,0.031714648,0.210047662,-0.364935398,-0.144019097,0.163801238,-0.999967575,0.0118407905,-0,-0.44862321,-0.00504011894,-0.0220032483,0.779106677,-0.278627694,-0.024570629,-0.685458958,-0.031551186,0.00231604138,0.746155381,-0.490579963,-0.0118067842,-0.0753342435,-0.0134758698,0.0254367664,0.125959009,0.348132819,-0.00631241919,0.980050206,0.12792179,-0.115648486,0.0329524688,0.432178944,-0.225548044,0.0488185026,0.970214367,-0.133962944,-0.0272866916,0.0109887607,-0.742197871,0.223581165,-0.443584502,-1.16672444,1.83097553,-0.178675056,-0.416580945,0.74769038,-1.09267485,8.58843899,-1.00434101,-0.90648216,-0.492897153,0.122247234,-0.0927450284,1.84380794,-0.162200391,-0.0882510617,-1.24950325,0.573447227,-0.284028798,-0.266787589,-0.0882569328,-0.0575236864,-0.295522839,0.328859091,-0.675222576,-0.121151343,-0.759901762,-1.01342857,0.115332358,-0.135133415,0.182942539,-0.829348803,-0.0147708952,-0.293169111,0.00239856169,-0.0361251384,1.02430284,-0.535641968,-0.0545704253,0.0252230205,0.36874038,0.23940891,0.519449353,0.355659127,-0.015640378,1.06607139,0.141769439,-0.0619828701,0.00136859715,0.170855984,-0.349604368,0.0130634122,0.888606966,-0.150216177,-0.0452184826,-0.00519293547,-1.01342857,0.115332358,-0.135133415,0.182942539,-0.829348803,-0.0147708971,-0.293169111,0.00239856169,-0.0361251384,1.02430284,-0.535641968,-0.0545704216,0.0252230205,0.36874038,0.23940891,0.519449353,0.355659127,-0.0156403836,1.06607139,0.141769439,-0.0619828664,0.00136859901,0.170855984,-0.349604368,0.0130634122,0.888606966,-0.150216177,-0.0452184789,-0.00519293547,-1.01342857,0.115332358,-0.135133415,0.182942539,-0.829348803,-0.0147708952,-0.293169111,0.00239856169,-0.0361251384,1.02430284,-0.535641968,-0.0545704253,0.0252230205,0.36874038,0.23940891,0.519449353,0.355659127,-0.015640378,1.06607139,0.141769439,-0.0619828701,0.00136859715,0.170855984,-0.349604368,0.0130634122,0.888606966,-0.150216177,-0.0452184826,-0.00519293547
1.28689951,3194372.44,0,0,0.00641982118,2.19140202e-05,1,0.0999863259,0.0975729227,1,-0.977340579,0.00307313167,0.0313760787,0.209311932,-0.405150563,0.0400069952,0.132518083,-0.999967575,0.0118407905,-0,-0.457441837,-0.00137712283,-0.0271133222,0.76337409,-0.261388868,-0.0260047503,-0.681703389,-0.0226488058,-0.0133500705,0.835104823,-0.500339389,-0.0203198381,-0.0779675543,-0.0100800358,0.023018945,0.14749831,0.344705224,-0.00890302006,0.965967834,0.134635374,-0.117413953,0.0272786282,0.428587049,-0.227763772,0.0452480353,0.974876106,-0.140087426,-0.0273450371,0.00465359725,-0.723807216,0.321160436,-0.351695359,-1.42041385,1.12441456,-0.0215666089,0.758473694,0.687521994,-1.35842621,6.8346076,-1.08356321,-0.524661005,-0.0592310727,0.307735562,-0.27480799,1.7893436,-0.331010938,-0.286807895,-1.16424739,0.543519974,-0.0404740013,-0.629615724,-0.478507638,-0.238587528,-0.271369368,0.44372651,-0.400765419,0.105199672,-0.468269974,-1.01803064,0.146998823,-0.123666488,0.203111276,-0.807541251,0.0468427539,-0.262580097,-0.0580480248,-0.0168561563,1.12187576,-0.595467567,-0.0370661505,0.0266913287,0.368013173,0.199643806,0.519799709,0.404534042,0.000416710973,1.04093587,0.148786679,-0.0490662381,-0.0025761202,0.149905011,-0.310360461,0.021827355,0.899891496,-0.151062757,-0.0346458852,-0.0195497628,-1.01803064,0.146998823,-0.123666488,0.203111276,-0.807541251,0.0468427464,-0.262580097,-0.0580480248,-0.0168561526,1.12187576,-0.595467567,-0.0370661505,0.0266913287,0.368013173,0.199643806,0.519799709,0.404534042,0.000416706083,1.04093587,0.148786679,-0.0490662381,-0.00257612206,0.149905011,-0.310360461,0.021827355,0.899891496,-0.151062757,-0.0346458852,-0.0195497647,-1.01803064,0.146998823,-0.123666488,0.203111276,-0.807541251,0.0468427539,-0.262580097,-0.0580480248,-0.0168561563,1.12187576,-0.595467567,-0.0370661505,0.0266913287,0.368013173,0.199643806,0.519799709,0.404534042,0.000416710973,1.04093587,0.148786679,-0.0490662381,-0.0025761202,0.149905011,-0.310360461,0.021827355,0.899891496,-0.151062757,-0.0346458852,-0.0195497628
1.29690099,3194372.45,0,0,0.0164213022,2.29971483e-05,1,0.0999863259,0,1,-0.977520227,0.0041963798,0.0304882433,0.208583325,-0.207799867,0.198441759,0.200885281,-0.999967575,0.0118407905,-0,-0.464604199,0.00111962901,-0.0286013056,0.747830868,-0.254202187,-0.0244822297,-0.670678377,-0.017957123,-0.0263376329,0.903109014,-0.517979383,-0.0230801199,-0.0772330239,-0.00839192607,0.019351976,0.165843189,0.341673732,-0.0122433621,0.953330338,0.140043423,-0.1161322,0.0187244359,0.421324968,-0.229984239,0.0431108922,0.980212808,-0.143109217,-0.0245405845,-0.00119073293,-0.746539772,0.233072519,-0.0792533085,-1.61803675,0.471383989,0.213628441,1.40241981,0.365144998,-1.28462601,6.48538733,-1.74929297,-0.170252219,0.138964087,0.151953995,-0.434856564,1.82520604,-0.311032921,-0.38587144,-1.23330152,0.526059985,0.181246132,-0.957499385,-0.868709743,-0.229966179,-0.190082699,0.557796299,-0.240830064,0.358654588,-0.607057989,-1.01803064,0.146998823,-0.123666488,0.203111276,-0.807541251,0.0468427539,-0.262580097,-0.0580480248,-0.0168561563,1.12187576,-0.595467567,-0.0370661505,0.0266913287,0.368013173,0.199643806,0.519799709,0.404534042,0.000416710973,1.04093587,0.148786679,-0.0490662381,-0.0025761202,0.149905011,-0.310360461,0.021827355,0.899891496,-0.151062757,-0.0346458852,-0.0195497628,-1.01803064,0.146998823,-0.123666488,0.203111276,-0.807541251,0.0468427464,-0.262580097,-0.0580480248,-0.0168561526,1.12187576,-0.595467567,-0.0370661505,0.0266913287,0.368013173,0.199643806,0.519799709,0.404534042,0.000416706083,1.04093587,0.148786679,-0.0490662381,-0.00257612206,0.149905011,-0.310360461,0.021827355,0.899891496,-0.151062757,-0.0346458852,-0.0195497647,-1.01803064,0.146998823,-0.123666488,0.203111276,-0.807541251,0.0468427539,-0.262580097,-0.0580480248,-0.0168561563,1.12187576,-0.595467567,-0.0370661505,0.0266913287,0.368013173,0.199643806,0.519799709,0.404534042,0.000416710973,1.04093587,0.148786679,-0.0490662381,-0.0025761202,0.149905011,-0.310360461,0.021827355,0.899891496,-0.151062757,-0.0346458852,-0.0195497628
1.30786868,3194372.46,0,0,0.00733181788,4.47593629e-06,1,0.155670103,0.121522188,1,-0.977847219,0.00487843994,0.0287194084,0.207282841,-0.165023133,0.320902288,0.27650106,-0.999967575,0.0118407905,-0,-0.472755164,0.00349890348,-0.0290205255,0.730603874,-0.251834869,-0.0222094469,-0.651427686,-0.0149557218,-0.0385208838,0.959322214,-0.532780886,-0.024256479,-0.0748085678,-0.00637505576,0.0140042184,0.183216155,0.338135093,-0.0172320809,0.94298172,0.144738376,-0.114453778,0.0086392751,0.411109626,-0.232584521,0.0414022803,0.985192299,-0.144763708,-0.020618489,-0.00678522326,-0.75585568,0.219160229,-0.000137289113,-1.81783509,0.111975767,0.214142993,2.31983805,0.299358487,-1.06841815,5.08303022,-1.50412667,-0.0520089753,0.384557217,0.189912662,-0.49767527,1.62374079,-0.366896451,-0.601314187,-0.895365298,0.39508003,0.170426056,-1.01828992,-1.10536098,-0.259655058,-0.137444988,0.407928526,-0.116305165,0.414202392,-0.568805575,-0.896508455,0.163322389,-0.153052747,0.248594016,-0.778590798,0.0467284024,-0.301633954,-0.0618036538,-0.00142544881,1.13402009,-0.632459104,-0.0189687312,0.035271056,0.306984663,0.164717153,0.499564677,0.402651489,-0.000391751528,1.03072286,0.138384551,-0.0467551798,0.000314220786,0.1704285,-0.290457755,0.0394533239,0.899670303,-0.148042083,-0.029214859,-0.0300561022,-0.896508455,0.163322389,-0.153052747,0.248594016,-0.778590798,0.0467284098,-0.301633954,-0.0618036538,-0.00142544881,1.13402009,-0.632459104,-0.0189687312,0.035271056,0.306984663,0.164717153,0.499564677,0.402651489,-0.000391751993,1.03072286,0.138384551,-0.0467551798,0.000314219855,0.1704285,-0.290457755,0.0394533239,0.899670303,-0.148042083,-0.0292148627,-0.0300561041,-0.896508455,0.163322389,-0.153052747,0.248594016,-0.778590798,0.0467284024,-0.301633954,-0.0618036538,-0.00142544881,1.13402009,-0.632459104,-0.0189687312,0.035271056,0.306984663,0.164717153,0.499564677,0.402651489,-0.000391751528,1.03072286,0.138384551,-0.0467551798,0.000314220786,0.1704285,-0.290457755,0.0394533239,0.899670303,-0.148042083,-0.029214859,-0.0300561022
1.31889944,3194372.47,0,0,0.0183625757,2.29896978e-05,1,0.155670103,0,1,-0.978173018,0.00490161544,0.0270205867,0.205969557,-0.0147682941,0.377423465,0.255915821,-0.999967575,0.0118407905,-0,-0.479882419,0.00490610674,-0.0282368958,0.707161486,-0.253975213,-0.0201931596,-0.616065025,-0.0107489666,-0.0461791568,1.01068163,-0.553357959,-0.0235013794,-0.0663680062,-0.00528857065,0.00938270148,0.200004995,0.333653092,-0.0265167374,0.935033917,0.147248477,-0.112003222,-0.00304971728,0.396790206,-0.235274583,0.0406578928,0.98756671,-0.145488337,-0.0156298,-0.0144783333,-0.661439121,0.0450496748,0.0517042354,-1.99590564,-0.41874525,0.144698411,3.26298714,0.351808071,-0.433937907,3.64296937,-1.59794772,0.058734186,0.812795937,0.0738957301,-0.486043096,1.32770276,-0.408514768,-0.830257714,-0.489960492,0.115458183,0.197670832,-0.925131202,-1.24887848,-0.227088675,-0.0283065513,0.0999766588,-0.0354910679,0.366509855,-0.616521657,-0.896508455,0.163322389,-0.153052747,0.248594016,-0.778590798,0.0467284024,-0.301633954,-0.0618036538,-0.00142544881,1.13402009,-0.632459104,-0.0189687312,0.035271056,0.306984663,0.164717153,0.499564677,0.402651489,-0.000391751528,1.03072286,0.138384551,-0.0467551798,0.000314220786,0.1704285,-0.290457755,0.0394533239,0.899670303,-0.148042083,-0.029214859,-0.0300561022,-0.896508455,0.163322389,-0.153052747,0.248594016,-0.778590798,0.0467284098,-0.301633954,-0.0618036538,-0.00142544881,1.13402009,-0.632459104,-0.0189687312,0.035271056,0.306984663,0.164717153,0.499564677,0.402651489,-0.000391751993,1.03072286,0.138384551,-0.0467551798,0.000314219855,0.1704285,-0.290457755,0.0394533239,0.899670303,-0.148042083,-0.0292148627,-0.0300561041,-0.896508455,0.163322389,-0.153052747,0.248594016,-0.778590798,0.0467284024,-0.301633954,-0.0618036538,-0.00142544881,1.13402009,-0.632459104,-0.0189687312,0.035271056,0.306984663,0.164717153,0.499564677,0.402651489,-0.000391751528,1.03072286,0.138384551,-0.0467551798,0.000314220786,0.1704285,-0.290457755,0.0394533239,0.899670303,-0.148042083,-0.029214859,-0.0300561022
1.32990347,3194372.49,0,0,0.00940315472,2.35009938e-05,1,0.120772049,0.220289707,1,-0.978619874,0.0043251114,0.0245196428,0.204164818,0.0291971955,0.243402392,0.293765426,-0.999967575,0.0118407905,-0,-0.488063842,0.00422799727,-0.0284592248,0.682868004,-0.262698472,-0.0194675997,-0.570660889,-0.00660468359,-0.0488188937,1.04125512,-0.571970582,-0.0200312156,-0.0553951785,-0.00445111748,0.00367377023,0.214499503,0.327482224,-0.0358067565,0.931683898,0.148252994,-0.109597951,-0.0127849206,0.380583972,-0.238538533,0.0415709838,0.986876249,-0.145730779,-0.012821422,-0.0205062665,-0.44691357,-0.124174036,-0.0913780928,-2.03932476,-0.950249076,-0.070060499,4.40242577,0.38936469,-0.0374110304,1.52549851,-1.77286923,0.720358491,1.07525194,0.0606570356,-0.16140604,1.00144958,-0.623080075,-0.697216749,-0.149571434,0.102910832,0.262517422,-0.703832865,-1.4276377,-0.325316578,0.249259412,-0.245507538,-0.0118216667,0.13205941,-0.424731314,-0.676218748,0.168222576,-0.179025173,0.33289516,-0.731963873,0.00114132464,-0.393862724,-0.0599816516,0.0037230067,1.06233764,-0.675977826,0.0156956259,0.0314933881,0.241764888,0.122351058,0.410037041,0.355257273,-0.00920256972,0.987477303,0.141179651,-0.0669789016,0.00193347037,0.216376215,-0.294583142,0.0562679097,0.903533697,-0.146960944,-0.0310010612,-0.0296418052,-0.676218748,0.168222576,-0.179025173,0.33289516,-0.731963813,0.0011413201,-0.393862754,-0.0599816516,0.00372300576,1.06233764,-0.675977826,0.0156956259,0.0314933881,0.241764888,0.12235105,0.410037041,0.355257273,-0.00920256972,0.987477303,0.141179651,-0.0669789016,0.00193346944,0.216376215,-0.294583142,0.056267906,0.903533697,-0.146960944,-0.0310010612,-0.0296418034,-0.676218748,0.168222576,-0.179025173,0.33289516,-0.731963873,0.00114132464,-0.393862724,-0.0599816516,0.0037230067,1.06233764,-0.675977826,0.0156956259,0.0314933881,0.241764888,0.122351058,0.410037041,0.355257273,-0.00920256972,0.987477303,0.141179651,-0.0669789016,0.00193347037,0.216376215,-0.294583142,0.0562679097,0.903533697,-0.146960944,-0.0310010612,-0.0296418052
1.34087177,3194372.5,0,0,0.000352875795,5.69596887e-06,1,0.137975905,0.234334111,1,-0.978944659,0.00357637904,0.0230395161,0.202790037,0.14841336,0.445405453,0.27798444,-0.999967575,0.0118407905,-0,-0.493068308,0.00174810004,-0.0298860501,0.662442625,-0.274635285,-0.020913953,-0.52423501,-0.0030198493,-0.0473071672,1.04767585,-0.589243054,-0.0133094825,-0.0435753427,-0.00432894751,0.00149488449,0.224149257,0.320147455,-0.0416427143,0.931023121,0.149233788,-0.106333271,-0.0184221733,0.366235733,-0.242477626,0.045537971,0.982310534,-0.145806879,-0.0121754203,-0.0236298963,-0.621498346,-0.33956027,-0.164304793,-2.04307938,-1.34116066,-0.167083725,4.66971302,0.309354663,0.262994677,0.183968574,-1.62674606,0.572989047,1.21817017,-0.0315896161,-0.352140784,0.992626607,-0.795526743,-0.503605783,-0.0205672849,0.0804226324,0.347805619,-0.46966368,-1.43541753,-0.434498936,0.458791167,-0.581690371,-0.00591014884,0.0284435097,-0.237314522,-0.676218748,0.168222576,-0.179025173,0.33289516,-0.731963873,0.00114132464,-0.393862724,-0.0599816516,0.0037230067,1.06233764,-0.675977826,0.0156956259,0.0314933881,0.241764888,0.122351058,0.410037041,0.355257273,-0.00920256972,0.987477303,0.141179651,-0.0669789016,0.00193347037,0.216376215,-0.294583142,0.0562679097,0.903533697,-0.146960944,-0.0310010612,-0.0296418052,-0.441884607,0.192625731,-0.198035628,0.401110709,-0.659507692,-0.0677823946,-0.498888493,-0.0556027591,0.00139065087,0.933223426,-0.656460583,0.0341046154,0.00507679908,0.238294914,0.0461020954,0.258961231,0.33948648,-0.00234927004,0.916866541,0.148500964,-0.106648877,0.0118402187,0.284963459,-0.298446774,0.0628065318,0.921870589,-0.144707054,-0.050172504,-0.0296307281,-0.441884637,0.192625731,-0.198035628,0.401110709,-0.659507751,-0.0677823946,-0.498888493,-0.0556027591,0.00139065087,0.933223426,-0.656460583,0.0341046154,0.00507679861,0.238294914,0.0461020991,0.258961231,0.33948648,-0.00234927237,0.916866541,0.148500964,-0.106648877,0.0118402168,0.284963459,-0.298446774,0.0628065318,0.921870589,-0.144707054,-0.0501725078,-0.0296307262
1.35186865,3194372.51,0,0,0.0113497577,4.70364466e-06,1,0.137975905,0,1,-0.979320049,0.00241165538,0.0207632724,0.201234534,0.0624136105,0.364227593,0.361939818,-0.999967575,0.0118407905,-0,-0.499685764,-0.00224550394,-0.0325776897,0.641498387,-0.287357569,-0.0239338186,-0.475447863,-0.000187336103,-0.0441154614,1.0395925,-0.601194382,-0.00680321455,-0.0318183526,-0.00436689612,-0.0018961851,0.233799577,0.311002582,-0.0449538231,0.932126045,0.150142744,-0.10306178,-0.0215243287,0.351201504,-0.247495353,0.0503264964,0.975398123,-0.145837471,-0.0142811863,-0.0251961742,-0.509396851,-0.375496179,-0.406686962,-2.16650534,-1.04973173,-0.482528836,5.28212261,0.339189112,0.300063789,-1.90673971,-0.762118757,0.814203262,1.12705934,0.0980995446,-0.112317502,0.843133271,-1.02246106,-0.202642173,0.25930506,0.128014296,0.312335014,-0.19343321,-1.57446969,-0.561631501,0.4961676,-0.734566629,-7.70084589e-05,-0.501531303,-0.120011486,-0.441884637,0.192625731,-0.198035628,0.401110709,-0.659507751,-0.0677823946,-0.498888493,-0.0556027591,0.00139065087,0.933223426,-0.656460583,0.0341046154,0.00507679861,0.238294914,0.0461020991,0.258961231,0.33948648,-0.00234927237,0.916866541,0.148500964,-0.106648877,0.0118402168,0.284963459,-0.298446774,0.0628065318,0.921870589,-0.144707054,-0.0501725078,-0.0296307262,-0.441884607,0.192625731,-0.198035628,0.401110709,-0.659507692,-0.0677823946,-0.498888493,-0.0556027591,0.00139065087,0.933223426,-0.656460583,0.0341046154,0.00507679908,0.238294914,0.0461020954,0.258961231,0.33948648,-0.00234927004,0.916866541,0.148500964,-0.106648877,0.0118402187,0.284963459,-0.298446774,0.0628065318,0.921870589,-0.144707054,-0.050172504,-0.0296307281,-0.441884637,0.192625731,-0.198035628,0.401110709,-0.659507751,-0.0677823946,-0.498888493,-0.0556027591,0.00139065087,0.933223426,-0.656460583,0.0341046154,0.00507679861,0.238294914,0.0461020991,0.258961231,0.33948648,-0.00234927237,0.916866541,0.148500964,-0.106648877,0.0118402168,0.284963459,-0.298446774,0.0628065318,0.921870589,-0.144707054,-0.0501725078,-0.0296307262
1.36191564,3194372.52,0,0,0.00139837805,5.58095053e-06,1,0.137497205,0.215451568,1,-0.979746282,0.00106612931,0.0177551955,0.199451208,0.219258189,0.748449504,0.221942544,-0.999967575,0.0118407905,-0,-0.507918894,-0.00722383289,-0.037132021,0.61528337,-0.300098836,-0.030281242,-0.41388464,0.0033601583,-0.0388437323,1.0066421,-0.608562052,0.00179649564,-0.0183077324,-0.00387423672,-0.00503817061,0.244106561,0.298239082,-0.0459106416,0.936569452,0.15121673,-0.099466309,-0.0220695809,0.332175106,-0.254672438,0.0558985323,0.965396166,-0.145813271,-0.0233746488,-0.0260359123,-0.919815242,-0.461639673,-0.294196755,-2.16420031,-1.15809119,-0.494752139,4.78118086,0.213805288,0.565134346,-2.94338632,-0.613445282,0.61706543,1.13543403,-0.0565239079,-0.469960332,0.925807416,-1.06031203,0.00132167421,0.398818791,0.0516863279,0.287700921,0.0430624112,-1.59227991,-0.606808603,0.420000911,-0.913118839,0.00271515339,-0.840822816,-0.0414261967,-0.226433069,0.185787827,-0.195552424,0.466828227,-0.600252807,-0.127416477,-0.561299682,-0.0423799492,0.00531828403,0.741788268,-0.56635958,0.0225294977,-0.0293312073,0.266528517,-0.0416629687,0.132463336,0.353181541,0.0155314654,0.835334063,0.151169166,-0.152981311,0.0251362585,0.40731895,-0.308872193,0.0752495378,0.967473388,-0.150164753,-0.0503564179,-0.0342600644,-0.226433069,0.185787827,-0.195552424,0.466828227,-0.600252807,-0.127416477,-0.561299682,-0.0423799492,0.0053182831,0.741788268,-0.56635958,0.0225294977,-0.0293312073,0.266528517,-0.0416629687,0.132463336,0.353181541,0.015531471,0.835334063,0.151169166,-0.152981311,0.0251362585,0.40731895,-0.308872193,0.0752495378,0.967473388,-0.150164753,-0.0503564216,-0.0342600606,-0.226433069,0.185787827,-0.195552424,0.466828227,-0.600252807,-0.127416477,-0.561299682,-0.0423799492,0.00531828403,0.741788268,-0.56635958,0.0225294977,-0.0293312073,0.266528517,-0.0416629687,0.132463336,0.353181541,0.0155314654,0.835334063,0.151169166,-0.152981311,0.0251362585,0.40731895,-0.308872193,0.0752495378,0.967473388,-0.150164753,-0.0503564179,-0.0342600644
1.37290091,3194372.53,0,0,0.0123836542,2.3717992e-05,1,0.137497205,0,1,-0.98014313,7.32898552e-05,0.0148809357,0.197732255,-0.0238894206,0.46523422,0.455683917,-0.999967575,0.0118407905,-0,-0.516195953,-0.011625384,-0.0425166115,0.594185114,-0.310443342,-0.0370475911,-0.362170339,0.00626542605,-0.0341238193,0.961463988,-0.603543758,0.00584385311,-0.00958964229,-0.00282979431,-0.00704565737,0.252781987,0.286838323,-0.0441270508,0.941350877,0.151732668,-0.0967222378,-0.0206438825,0.315299988,-0.26154688,0.06064431,0.956442535,-0.14584887,-0.0327167809,-0.0270619355,-0.715358853,-0.418762237,-0.73172164,-2.08291745,-0.918807507,-0.813583016,5.54007769,0.376855999,0.410225987,-5.83773136,1.28739882,0.266631693,0.674745798,0.23232843,0.0121666817,0.818616331,-1.19123995,0.293656588,0.534164608,0.0481701382,0.270831287,0.199551135,-1.7254554,-0.74325949,0.534712017,-0.852499008,-0.0087357685,-0.996007323,-0.158365205,-0.226433069,0.185787827,-0.195552424,0.466828227,-0.600252807,-0.127416477,-0.561299682,-0.0423799492,0.00531828403,0.741788268,-0.56635958,0.0225294977,-0.0293312073,0.266528517,-0.0416629687,0.132463336,0.353181541,0.0155314654,0.835334063,0.151169166,-0.152981311,0.0251362585,0.40731895,-0.308872193,0.0752495378,0.967473388,-0.150164753,-0.0503564179,-0.0342600644,-0.226433069,0.185787827,-0.195552424,0.466828227,-0.600252807,-0.127416477,-0.561299682,-0.0423799492,0.0053182831,0.741788268,-0.56635958,0.0225294977,-0.0293312073,0.266528517,-0.0416629687,0.132463336,0.353181541,0.015531471,0.835334063,0.151169166,-0.152981311,0.0251362585,0.40731895,-0.308872193,0.0752495378,0.967473388,-0.150164753,-0.0503564216,-0.0342600606,-0.226433069,0.185787827,-0.195552424,0.466828227,-0.600252807,-0.127416477,-0.561299682,-0.0423799492,0.00531828403,0.741788268,-0.56635958,0.0225294977,-0.0293312073,0.266528517,-0.0416629687,0.132463336,0.353181541,0.0155314654,0.835334063,0.151169166,-0.152981311,0.0251362585,0.40731895,-0.308872193,0.0752495378,0.967473388,-0.150164753,-0.0503564179,-0.0342600644
1.38390015,3194372.54,0,0,0.00330531504,2.27722339e-05,1,0.183562282,0.108605564,1,-0.980490506,-0.00157057086,0.0109797101,0.196253121,0.298797101,0.894231379,0.0482043326,-0.999967575,0.0118407905,-0,-0.527589798,-0.0168955792,-0.0487833545,0.569416702,-0.322620511,-0.0462767147,-0.302757621,0.00978997909,-0.0256882962,0.888391972,-0.590747118,0.00858318061,-0.000686924497,-0.00245637703,-0.00956298225,0.263711989,0.273644835,-0.0394987762,0.947069764,0.152022168,-0.093587555,-0.0179191474,0.295794964,-0.270004153,0.0667043924,0.946280658,-0.146004632,-0.0439224169,-0.0290983543,-1.17043602,-0.454670906,-0.317453027,-2.03116369,-1.11838031,-0.718115032,4.317276,0.178757936,0.912275851,-5.76183605,0.826079011,0.204917178,0.827969193,-0.149062812,-0.387435108,0.983736753,-1.01533258,0.439763665,0.409579933,0.0110054193,0.243377611,0.238673285,-1.56811726,-0.662458897,0.450387239,-0.858985722,-0.0148976436,-0.850827157,-0.157781705,-0.137274146,0.136034176,-0.130867168,0.478631794,-0.569621086,-0.155156389,-0.533734083,-0.0331784822,-0.000424310565,0.637539148,-0.491396546,-0.001558166,-0.0625143647,0.293990582,-0.115766555,0.0592073202,0.371931136,0.0311995894,0.796964049,0.149077058,-0.181822062,0.0323491246,0.515924513,-0.319630891,0.0874253809,1.01708758,-0.155740708,-0.0482198298,-0.0356010422,-0.137274146,0.136034176,-0.130867168,0.478631794,-0.569621086,-0.155156389,-0.533734083,-0.0331784822,-0.000424308702,0.637539148,-0.491396546,-0.00155816413,-0.0625143647,0.293990582,-0.115766555,0.0592073202,0.371931136,0.0311995894,0.796964049,0.149077058,-0.181822062,0.0323491246,0.515924513,-0.319630891,0.0874253809,1.01708758,-0.155740708,-0.0482198261,-0.0356010422,-0.137274146,0.136034176,-0.130867168,0.478631794,-0.569621086,-0.155156389,-0.533734083,-0.0331784822,-0.000424310565,0.637539148,-0.491396546,-0.001558166,-0.0625143647,0.293990582,-0.115766555,0.0592073202,0.371931136,0.0311995894,0.796964049,0.149077058,-0.181822062,0.0323491246,0.515924513,-0.319630891,0.0874253809,1.01708758,-0.155740708,-0.0482198298,-0.0356010422
1.39486812,3194372.55,0,0,0.0142732901,4.270114e-06,1,0.183562282,0,1,-0.980692387,-0.00402070116,0.00789139792,0.195356071,0.44339177,0.680737913,0.187157139,-0.999967575,0.0118407905,-0,-0.536949575,-0.021841215,-0.0511309654,0.547748268,-0.331795812,-0.0522005893,-0.25784722,0.00935495086,-0.0187224336,0.823131323,-0.571870387,0.00795136299,0.00391526846,-0.00463622995,-0.0106267789,0.273346514,0.263998806,-0.0336334258,0.952005506,0.152028799,-0.0922625959,-0.0154827796,0.27989015,-0.276681125,0.0722893178,0.939980686,-0.147022069,-0.0524586737,-0.0308989249,-0.899604619,-0.53202033,-0.138945907,-2.21437287,-0.8934955,-0.513449371,4.35070562,-0.203550518,0.621612012,-6.62888908,2.14010787,-0.129078224,0.313256741,-0.306377769,-0.0520591065,0.968276083,-0.90686959,0.641517162,0.522643507,-0.0081680268,0.0799851567,0.235694453,-1.54792833,-0.651877999,0.588550448,-0.516989589,-0.140334547,-0.824374437,-0.180745453,-0.137274146,0.136034176,-0.130867168,0.478631794,-0.569621086,-0.155156389,-0.533734083,-0.0331784822,-0.000424310565,0.637539148,-0.491396546,-0.001558166,-0.0625143647,0.293990582,-0.115766555,0.0592073202,0.371931136,0.0311995894,0.796964049,0.149077058,-0.181822062,0.0323491246,0.515924513,-0.319630891,0.0874253809,1.01708758,-0.155740708,-0.0482198298,-0.0356010422,-0.137274146,0.136034176,-0.130867168,0.478631794,-0.569621086,-0.155156389,-0.533734083,-0.0331784822,-0.000424308702,0.637539148,-0.491396546,-0.00155816413,-0.0625143647,0.293990582,-0.115766555,0.0592073202,0.371931136,0.0311995894,0.796964049,0.149077058,-0.181822062,0.0323491246,0.515924513,-0.319630891,0.0874253809,1.01708758,-0.155740708,-0.0482198261,-0.0356010422,-0.137274146,0.136034176,-0.130867168,0.478631794,-0.569621086,-0.155156389,-0.533734083,-0.0331784822,-0.000424310565,0.637539148,-0.491396546,-0.001558166,-0.0625143647,0.293990582,-0.115766555,0.0592073202,0.371931136,0.0311995894,0.796964049,0.149077058,-0.181822062,0.0323491246,0.515924513,-0.319630891,0.0874253809,1.01708758,-0.155740708,-0.0482198298,-0.0356010422
1.40489848,3194372.56,0,0,0.00440883636,2.15373002e-05,1,0.110120978,0.0878735781,1,-0.980726898,-0.0078098434,0.00443829875,0.195177048,0.700922489,0.921874821,-0.0921369568,-0.999967575,0.0118407905,-0,-0.54770726,-0.0273275357,-0.0502551273,0.526039064,-0.342054129,-0.0571417548,-0.221780375,0.00512241665,-0.0122403987,0.76492399,-0.553941727,0.00703145703,0.00709258439,-0.00937617756,-0.0122237224,0.283029199,0.256163567,-0.0274320282,0.957155049,0.151594117,-0.0917925835,-0.0134065812,0.266018838,-0.282639474,0.0775334463,0.93545568,-0.148484692,-0.059569139,-0.0324264355,-1.21099985,-0.542330027,0.224384546,-2.11499143,-1.11808324,-0.492823809,3.05611801,-0.55094254,0.657470226,-5.12594414,1.56456244,-0.0787554309,0.33838287,-0.559355319,-0.215193272,0.950776935,-0.705948234,0.589618981,0.502349913,-0.0704042017,0.0365908928,0.189508393,-1.28146851,-0.560191453,0.460748315,-0.428236693,-0.139787614,-0.625296414,-0.130570173,-0.12413758,0.0903976336,-0.0429935865,0.488934189,-0.52288872,-0.135660172,-0.466788828,-0.0747481436,0.0180010498,0.561753154,-0.413269818,-0.0258989744,-0.077688694,0.309187621,-0.1753923,0.0236648619,0.392892152,0.0441097319,0.793117642,0.146139905,-0.200503975,0.0348379537,0.571068823,-0.334461957,0.0914347321,1.04426408,-0.169173762,-0.0524909049,-0.0217062328,-0.12413758,0.0903976336,-0.0429935865,0.488934189,-0.52288872,-0.135660172,-0.466788828,-0.0747481436,0.0180010516,0.561753154,-0.413269818,-0.0258989744,-0.077688694,0.309187621,-0.1753923,0.0236648619,0.392892152,0.0441097319,0.793117642,0.146139905,-0.20050396,0.0348379537,0.571068823,-0.334461957,0.0914347321,1.04426408,-0.169173762,-0.0524909012,-0.0217062328,-0.12413758,0.0903976336,-0.0429935865,0.488934189,-0.52288872,-0.135660172,-0.466788828,-0.0747481436,0.0180010498,0.561753154,-0.413269818,-0.0258989744,-0.077688694,0.309187621,-0.1753923,0.0236648619,0.392892152,0.0441097319,0.793117642,0.146139905,-0.200503975,0.0348379537,0.571068823,-0.334461957,0.0914347321,1.04426408,-0.169173762,-0.0524909049,-0.0217062328
1.41588277,3194372.57,0,0,0.0153931272,1.0673888e-05,1,0.110120978,0,1,-0.980621815,-0.0126505094,0.00157111115,0.195495084,0.927527547,0.712626219,-0.0955772027,-0.999967575,0.0118407905,-0,-0.557740033,-0.0313029923,-0.0424811095,0.503550828,-0.351524264,-0.0592551418,-0.191265762,-0.00354659138,-0.00756139308,0.711617172,-0.528191149,0.00240705954,0.00875672698,-0.0161240678,-0.0121413488,0.291121215,0.250186235,-0.0216353517,0.964187384,0.150484607,-0.0925805941,-0.012201271,0.2547791,-0.287957937,0.08174254,0.9331038,-0.152208328,-0.0661129132,-0.0319372006,-0.970588386,-0.317032814,1.09868157,-2.26962137,-0.929861724,-0.11322315,2.88053775,-1.04901099,0.396224946,-5.20524549,2.79156613,-0.536684036,0.0941141769,-0.745815754,0.0607417151,0.737841547,-0.524033368,0.548674941,0.797544777,-0.133810699,-0.118846685,0.0759974793,-0.981170058,-0.514264047,0.386129797,-0.141882896,-0.467965215,-0.642303228,0.138038173,-0.12413758,0.0903976336,-0.0429935865,0.488934189,-0.52288872,-0.135660172,-0.466788828,-0.0747481436,0.0180010498,0.561753154,-0.413269818,-0.0258989744,-0.077688694,0.309187621,-0.1753923,0.0236648619,0.392892152,0.0441097319,0.793117642,0.146139905,-0.200503975,0.0348379537,0.571068823,-0.334461957,0.0914347321,1.04426408,-0.169173762,-0.0524909049,-0.0217062328,-0.12413758,0.0903976336,-0.0429935865,0.488934189,-0.52288872,-0.135660172,-0.466788828,-0.0747481436,0.0180010516,0.561753154,-0.413269818,-0.0258989744,-0.077688694,0.309187621,-0.1753923,0.0236648619,0.392892152,0.0441097319,0.793117642,0.146139905,-0.20050396,0.0348379537,0.571068823,-0.334461957,0.0914347321,1.04426408,-0.169173762,-0.0524909012,-0.0217062328,-0.12413758,0.0903976336,-0.0429935865,0.488934189,-0.52288872,-0.135660172,-0.466788828,-0.0747481436,0.0180010498,0.561753154,-0.413269818,-0.0258989744,-0.077688694,0.309187621,-0.1753923,0.0236648619,0.392892152,0.0441097319,0.793117642,0.146139905,-0.200503975,0.0348379537,0.571068823,-0.334461957,0.0914347321,1.04426408,-0.169173762,-0.0524909049,-0.0217062328
1.42689895,3194372.58,0,0,0.00635512685,2.19959766e-05,1,0.161773991,0.084258616,1,-0.980285823,-0.0176689662,-0.00212809048,0.19678171,0.0626843199,0.760317743,-0.375320852,-0.999967575,0.0118407905,-0,-0.572005987,-0.0297682118,-0.0265605263,0.47924155,-0.36392352,-0.0602519102,-0.172193527,-0.0120059559,-0.00222220318,0.666601479,-0.505117238,-0.0131293014,0.0100094164,-0.0208255462,-0.0113054328,0.297107249,0.243633658,-0.0162959024,0.976092041,0.148948237,-0.0933387429,-0.0115758935,0.246061623,-0.294922143,0.0850850865,0.932381511,-0.157938749,-0.0723091587,-0.0293604881,-1.39717174,0.921651661,1.30102932,-1.71029282,-1.02581692,0.00821089186,-0.108343497,0.188819811,0.46827057,-1.99905741,1.12539637,-1.84232306,0.204091191,0.439517856,0.174476668,0.106754884,-0.741505742,0.356578439,1.36039019,-0.0840297416,-0.000702624558,0.0639217645,-0.596541405,-0.751372159,0.168138266,-0.00153900776,-0.567130387,-0.398395777,0.373622566,-0.186565652,0.0409897044,0.0225231927,0.51706481,-0.462308347,-0.0920186788,-0.389416158,-0.134436905,0.0558640994,0.500839651,-0.329011202,-0.0533557869,-0.0648828745,0.283948958,-0.206151962,0.0345985591,0.437469125,0.0524489433,0.813266337,0.147385865,-0.203202099,0.0382025391,0.542979658,-0.339153588,0.0868749171,1.03096807,-0.191898912,-0.0584860742,0.0056181848,-0.186565652,0.0409897044,0.0225231927,0.51706481,-0.462308347,-0.0920186788,-0.389416158,-0.134436905,0.0558640994,0.500839651,-0.329011202,-0.0533557832,-0.0648828745,0.283948958,-0.206151962,0.0345985591,0.437469125,0.052448947,0.813266337,0.147385865,-0.203202084,0.0382025391,0.542979658,-0.339153588,0.0868749171,1.03096807,-0.191898912,-0.0584860742,0.00561818434,-0.186565652,0.0409897044,0.0225231927,0.51706481,-0.462308347,-0.0920186788,-0.389416158,-0.134436905,0.0558640994,0.500839651,-0.329011202,-0.0533557869,-0.0648828745,0.283948958,-0.206151962,0.0345985591,0.437469125,0.0524489433,0.813266337,0.147385865,-0.203202099,0.0382025391,0.542979658,-0.339153588,0.0868749171,1.03096807,-0.191898912,-0.0584860742,0.0056181848
1.43690199,3194372.59,0,0,0.0163581702,2.31601298e-05,1,0.161773991,0,1,-0.980052829,-0.0154316947,-0.00445943,0.198087037,-0.773352981,0.074240841,-0.141238347,-0.999967575,0.0118407905,-0,-0.582938731,-0.0145209907,-0.0146136405,0.463908285,-0.374405473,-0.0584806912,-0.182108566,-0.00425220281,-0.000975910982,0.658971548,-0.494295299,-0.0237585437,0.0107847694,-0.0091467211,-0.00458019041,0.294124693,0.235101551,-0.0140945856,0.992883801,0.148472235,-0.0924573243,-0.0111814206,0.241429433,-0.303641498,0.085935235,0.933339655,-0.166357681,-0.0751197562,-0.0217880737,-0.808737755,1.70526981,1.07317901,-1.4891032,-1.10000265,0.167283222,-1.25136757,0.972779512,-0.128467321,-0.197261244,1.0952208,-0.710672617,-0.0815864652,1.44843256,0.99270165,-0.458869696,-0.859064579,0.137678266,1.74837303,-0.031078754,0.184382766,0.0121978754,-0.347311497,-0.885314703,0.0484106503,0.167093426,-0.914092124,-0.204479396,0.895148516,-0.186565652,0.0409897044,0.0225231927,0.51706481,-0.462308347,-0.0920186788,-0.389416158,-0.134436905,0.0558640994,0.500839651,-0.329011202,-0.0533557869,-0.0648828745,0.283948958,-0.206151962,0.0345985591,0.437469125,0.0524489433,0.813266337,0.147385865,-0.203202099,0.0382025391,0.542979658,-0.339153588,0.0868749171,1.03096807,-0.191898912,-0.0584860742,0.0056181848,-0.186565652,0.0409897044,0.0225231927,0.51706481,-0.462308347,-0.0920186788,-0.389416158,-0.134436905,0.0558640994,0.500839651,-0.329011202,-0.0533557832,-0.0648828745,0.283948958,-0.206151962,0.0345985591,0.437469125,0.052448947,0.813266337,0.147385865,-0.203202084,0.0382025391,0.542979658,-0.339153588,0.0868749171,1.03096807,-0.191898912,-0.0584860742,0.00561818434,-0.186565652,0.0409897044,0.0225231927,0.51706481,-0.462308347,-0.0920186788,-0.389416158,-0.134436905,0.0558640994,0.500839651,-0.329011202,-0.0533557869,-0.0648828745,0.283948958,-0.206151962,0.0345985591,0.437469125,0.0524489433,0.813266337,0.147385865,-0.203202099,0.0382025391,0.542979658,-0.339153588,0.0868749171,1.03096807,-0.191898912,-0.0584860742,0.0056181848
1.44690687,3194372.6,0,0,0.00639330503,4.19514254e-06,1,0.1330222,0.168817818,1,-0.980208337,-0.0109369112,-0.0043054577,0.197619423,-0.866610289,-0.162403882,0.188043386,-0.999967575,0.0118407905,-0,-0.58815217,0.00179981266,-0.00607516197,0.450281113,-0.38763991,-0.0571738929,-0.195179045,0.00557982177,-0.00523324218,0.661209464,-0.483222097,-0.0282779634,0.00754300551,0.00599002326,0.00717569608,0.289442152,0.227562457,-0.0135504259,1.00920713,0.14852421,-0.0889313295,-0.0122020356,0.241063282,-0.311548859,0.0858795717,0.936133325,-0.174930483,-0.0762424618,-0.0129316086,-0.751635134,1.48680794,0.642063797,-0.798496783,-1.63697398,0.255844206,-1.53964126,0.933597147,-0.524457037,0.469630927,1.10163367,-0.354174227,-0.334995031,1.45844436,0.981493115,-0.424982667,-0.639204919,-0.0289316475,1.52867675,0.0979762599,0.464861304,-0.225341737,0.319061965,-0.688201606,-0.133594438,0.274870783,-0.886147618,-0.0663440228,0.87668246,-0.310514122,-0.0379267707,0.0444047749,0.675163269,-0.404950678,-0.0500516146,-0.449533224,-0.303254724,0.167548552,0.388158441,-0.316269398,-0.136907175,-0.0226408243,0.172058523,-0.197789177,0.0156649947,0.527461886,0.0729974359,0.799803615,0.16770342,-0.219369918,0.0500080548,0.439219713,-0.328308702,0.0643179268,0.972094357,-0.210941523,-0.0670787543,0.0132867303,-0.310514122,-0.0379267707,0.0444047749,0.675163269,-0.404950678,-0.0500516146,-0.449533224,-0.303254724,0.167548552,0.388158441,-0.316269398,-0.136907175,-0.0226408243,0.172058523,-0.197789177,0.0156649947,0.527461886,0.0729974285,0.799803615,0.16770342,-0.219369903,0.0500080548,0.439219713,-0.328308702,0.0643179268,0.972094357,-0.210941523,-0.0670787543,0.0132867303,-0.310514122,-0.0379267707,0.0444047749,0.675163269,-0.404950678,-0.0500516146,-0.449533224,-0.303254724,0.167548552,0.388158441,-0.316269398,-0.136907175,-0.0226408243,0.172058523,-0.197789177,0.0156649947,0.527461886,0.0729974359,0.799803615,0.16770342,-0.219369918,0.0500080548,0.439219713,-0.328308702,0.0643179268,0.972094357,-0.210941523,-0.0670787543,0.0132867303
1.45693542,3194372.61,0,0,0.0164218578,4.0740706e-06,1,0.1330222,0,1,-0.980368853,-0.00767170032,-0.00553129101,0.196945235,-0.579246998,0.0271755662,0.0769129172,-0.999967575,0.0118407905,-0,-0.604160905,0.0132978763,-0.00290934253,0.461785406,-0.405094177,-0.0521171913,-0.215476051,0.0131571209,-0.00936482195,0.66881901,-0.472537786,-0.0313607156,0.00760512846,0.0177771877,0.0116081657,0.285845578,0.223585859,-0.015535227,1.02221203,0.152165785,-0.0824222863,-0.0167210829,0.250825018,-0.316193044,0.0812262073,0.937615216,-0.185285106,-0.0765087977,-0.00433340808,-1.69153929,1.04203141,0.400377423,2.41572285,-1.23870683,0.34328115,-1.98781216,0.656300485,-0.324890852,0.843065441,1.05394363,-0.280139446,0.196493879,1.00482666,0.443176359,-0.347495258,-0.260069579,-0.278320462,1.11354852,0.487039447,0.769085646,-0.562289298,1.27196205,-0.337729692,-0.590722978,0.0971058905,-1.03584397,-0.00234205602,0.799459696,-0.310514122,-0.0379267707,0.0444047749,0.675163269,-0.404950678,-0.0500516146,-0.449533224,-0.303254724,0.167548552,0.388158441,-0.316269398,-0.136907175,-0.0226408243,0.172058523,-0.197789177,0.0156649947,0.527461886,0.0729974359,0.799803615,0.16770342,-0.219369918,0.0500080548,0.439219713,-0.328308702,0.0643179268,0.972094357,-0.210941523,-0.0670787543,0.0132867303,-0.310514122,-0.0379267707,0.0444047749,0.675163269,-0.404950678,-0.0500516146,-0.449533224,-0.303254724,0.167548552,0.388158441,-0.316269398,-0.136907175,-0.0226408243,0.172058523,-0.197789177,0.0156649947,0.527461886,0.0729974285,0.799803615,0.16770342,-0.219369903,0.0500080548,0.439219713,-0.328308702,0.0643179268,0.972094357,-0.210941523,-0.0670787543,0.0132867303,-0.310514122,-0.0379267707,0.0444047749,0.675163269,-0.404950678,-0.0500516146,-0.449533224,-0.303254724,0.167548552,0.388158441,-0.316269398,-0.136907175,-0.0226408243,0.172058523,-0.197789177,0.0156649947,0.527461886,0.0729974359,0.799803615,0.16770342,-0.219369918,0.0500080548,0.439219713,-0.328308702,0.0643179268,0.972094357,-0.210941523,-0.0670787543,0.0132867303
1.46786846,3194372.62,0,0,0.00736889429,4.16114926e-06,1,0.119682867,0.0982213467,1,-0.980398655,-0.00555519015,-0.00455418462,0.196893051,-0.247266605,-0.339315265,-0.0179610588,-0.999967575,0.0118407905,-0,-0.616446078,0.0219138619,0.00334234652,0.496458948,-0.411332875,-0.0507113226,-0.231598184,0.0177235957,-0.0112769054,0.676921844,-0.462159336,-0.033812914,0.0108228307,0.024860967,0.0180129781,0.283192545,0.22248064,-0.0186429881,1.03046536,0.157902926,-0.0731981695,-0.0230131615,0.265881658,-0.317994088,0.0753212795,0.939064324,-0.194196463,-0.0759532154,0.00239777868,-1.08928418,0.677927196,0.595876753,4.18924999,-0.370385766,0.0903178379,-1.5017463,0.321567774,-0.1233996,0.77704221,1.03859842,-0.26869604,0.378304273,0.520296216,0.593393862,-0.165024266,-0.0159759782,-0.334410608,0.627902031,0.629769504,1.03877056,-0.669693291,1.6585623,-0.0731814206,-0.635686815,0.163364708,-0.803052425,0.14889808,0.665220082,-0.363215327,-0.0290266275,0.0288756024,0.752777219,-0.402211666,-0.042678684,-0.516541541,-0.375769407,0.173603371,0.351907849,-0.263540894,-0.235128522,-0.00567275379,0.136056602,-0.16166912,-0.01502949,0.564092755,0.0779703557,0.777920604,0.176178426,-0.240855783,0.0518643074,0.342150748,-0.317814082,0.0408052094,0.930437982,-0.215666503,-0.0626440644,0.027089186,-0.363215327,-0.0290266257,0.0288756024,0.752777219,-0.402211666,-0.042678684,-0.516541541,-0.375769407,0.173603371,0.351907849,-0.263540894,-0.235128537,-0.00567275286,0.136056602,-0.16166912,-0.01502949,0.564092755,0.0779703557,0.777920604,0.176178426,-0.240855768,0.0518643074,0.342150748,-0.317814082,0.0408052094,0.930437982,-0.215666503,-0.062644057,0.027089186,-0.363215327,-0.0290266275,0.0288756024,0.752777219,-0.402211666,-0.042678684,-0.516541541,-0.375769407,0.173603371,0.351907849,-0.263540894,-0.235128522,-0.00567275379,0.136056602,-0.16166912,-0.01502949,0.564092755,0.0779703557,0.777920604,0.176178426,-0.240855783,0.0518643074,0.342150748,-0.317814082,0.0408052094,0.930437982,-0.215666503,-0.0626440644,0.027089186
1.47789809,3194372.63,0,0,0.0173985241,2.22050585e-05,1,0.119682867,0,1,-0.980350137,-0.00493594585,-0.0034100234,0.197174221,0.0585960187,-0.284888744,-0.0921345651,-0.999967575,0.0118407905,-0,-0.627448678,0.0254343264,0.00672367867,0.548389614,-0.41325897,-0.0498316325,-0.246938691,0.0191448666,-0.0116313202,0.68388468,-0.451412559,-0.03727635,0.0152293472,0.0275653154,0.021298388,0.283175409,0.22362949,-0.0223921183,1.03394222,0.164824337,-0.0609698631,-0.0301518328,0.283958048,-0.316959947,0.0670745447,0.940582752,-0.20125854,-0.0722710341,0.010152434,-0.852703989,0.148731515,0.25803867,5.38889027,-0.0977246389,0.0822683871,-1.43839955,0.00720274728,0.0472084805,0.619536698,1.09875643,-0.361176193,0.460745603,0.0817991272,0.287458539,0.0716239288,0.193359733,-0.384873658,0.207550094,0.696161091,1.30981064,-0.71320039,1.82903099,0.209487662,-0.867393792,0.191504166,-0.620001853,0.463522851,0.777336895,-0.363215327,-0.0290266275,0.0288756024,0.752777219,-0.402211666,-0.042678684,-0.516541541,-0.375769407,0.173603371,0.351907849,-0.263540894,-0.235128522,-0.00567275379,0.136056602,-0.16166912,-0.01502949,0.564092755,0.0779703557,0.777920604,0.176178426,-0.240855783,0.0518643074,0.342150748,-0.317814082,0.0408052094,0.930437982,-0.215666503,-0.0626440644,0.027089186,-0.363215327,-0.0290266257,0.0288756024,0.752777219,-0.402211666,-0.042678684,-0.516541541,-0.375769407,0.173603371,0.351907849,-0.263540894,-0.235128537,-0.00567275286,0.136056602,-0.16166912,-0.01502949,0.564092755,0.0779703557,0.777920604,0.176178426,-0.240855768,0.0518643074,0.342150748,-0.317814082,0.0408052094,0.930437982,-0.215666503,-0.062644057,0.027089186,-0.363215327,-0.0290266275,0.0288756024,0.752777219,-0.402211666,-0.042678684,-0.516541541,-0.375769407,0.173603371,0.351907849,-0.263540894,-0.235128522,-0.00567275379,0.136056602,-0.16166912,-0.01502949,0.564092755,0.0779703557,0.777920604,0.176178426,-0.240855783,0.0518643074,0.342150748,-0.317814082,0.0408052094,0.930437982,-0.215666503,-0.0626440644,0.027089186
1.48889792,3194372.64,0,0,0.00834193593,2.21389346e-05,1,0.141525175,0.0874468088,1,-0.980213225,-0.00604672357,-0.00113259198,0.197848991,0.291586339,-0.23409383,-0.0733148083,-0.999967575,0.0118407905,-0,-0.630743504,0.0235705581,0.00944524445,0.609603345,-0.41396597,-0.0484625585,-0.261882544,0.0166837201,-0.00981822237,0.688924015,-0.437499821,-0.0415367596,0.0197624974,0.0252955668,0.0238798447,0.285513401,0.227049708,-0.0268151425,1.03497267,0.172191516,-0.0445836522,-0.0379817262,0.305068433,-0.313082367,0.0577071533,0.944405019,-0.206959516,-0.0660249367,0.0183875374,-0.212548286,-0.294153064,0.157546461,5.41785908,-0.315031081,0.249244437,-1.23896766,-0.268865585,0.127770215,0.235346779,1.2270149,-0.422335625,0.244686276,-0.248004183,-0.00116054935,0.325683266,0.324644625,-0.362419635,0.00270117586,0.528254092,1.38942921,-0.623618245,1.70761788,0.359417439,-0.758393109,0.379018694,-0.429779291,0.574363351,0.699311376,-0.394952595,-0.0140531063,0.024028914,0.840224028,-0.43046093,-0.0299471915,-0.565319896,-0.393531621,0.169283867,0.32756713,-0.297963947,-0.299888849,-0.00698423106,0.138250723,-0.139304027,-0.0287737846,0.569278002,0.0738335699,0.77063483,0.176426396,-0.237404883,0.0434626602,0.300727695,-0.315758049,0.0292589627,0.919706821,-0.221054733,-0.0581432134,0.0374553315,-0.394952595,-0.0140531082,0.024028914,0.840224028,-0.43046093,-0.0299471896,-0.565319896,-0.393531621,0.169283867,0.32756713,-0.297963947,-0.299888849,-0.00698423013,0.138250723,-0.139304027,-0.0287737846,0.569278002,0.0738335699,0.77063483,0.176426396,-0.237404883,0.0434626602,0.300727695,-0.315758049,0.0292589627,0.919706821,-0.221054733,-0.0581432171,0.0374553315,-0.394952595,-0.0140531063,0.024028914,0.840224028,-0.43046093,-0.0299471915,-0.565319896,-0.393531621,0.169283867,0.32756713,-0.297963947,-0.299888849,-0.00698423106,0.138250723,-0.139304027,-0.0287737846,0.569278002,0.0738335699,0.77063483,0.176426396,-0.237404883,0.0434626602,0.300727695,-0.315758049,0.0292589627,0.919706821,-0.221054733,-0.0581432134,0.0374553315
1.49889898,3194372.65,0,0,0.0183429951,2.19801441e-05,1,0.141525175,0,1,-0.980143845,-0.00750952028,-0.000121958314,0.198145598,0.387520015,-0.125264972,-0.0795950964,-0.999967575,0.0118407905,-0,-0.631372333,0.0195441376,0.0108676078,0.665327728,-0.417592227,-0.0455616973,-0.27414003,0.0134409787,-0.00853833091,0.68922323,-0.424342066,-0.0461941585,0.0209827181,0.0222159307,0.0222049691,0.289663225,0.230702907,-0.0301935282,1.03433454,0.176278755,-0.0307086166,-0.0438637212,0.32088533,-0.309209198,0.0504721217,0.948715866,-0.210873023,-0.0600550249,0.0253119003,0.187321022,-0.480014652,0.186537117,5.36008787,-0.252593637,0.255055755,-1.18156159,-0.38561815,0.174097195,-0.0864104554,1.3696022,-0.45972833,0.0711544827,-0.39258647,-0.204476953,0.442660809,0.395642638,-0.308421671,-0.0908637494,0.330805212,1.37545967,-0.553703189,1.47312617,0.41184321,-0.669983327,0.470837682,-0.349447161,0.586004198,0.645289063,-0.394952595,-0.0140531063,0.024028914,0.840224028,-0.43046093,-0.0299471915,-0.565319896,-0.393531621,0.169283867,0.32756713,-0.297963947,-0.299888849,-0.00698423106,0.138250723,-0.139304027,-0.0287737846,0.569278002,0.0738335699,0.77063483,0.176426396,-0.237404883,0.0434626602,0.300727695,-0.315758049,0.0292589627,0.919706821,-0.221054733,-0.0581432134,0.0374553315,-0.394952595,-0.0140531082,0.024028914,0.840224028,-0.43046093,-0.0299471896,-0.565319896,-0.393531621,0.169283867,0.32756713,-0.297963947,-0.299888849,-0.00698423013,0.138250723,-0.139304027,-0.0287737846,0.569278002,0.0738335699,0.77063483,0.176426396,-0.237404883,0.0434626602,0.300727695,-0.315758049,0.0292589627,0.919706821,-0.221054733,-0.0581432171,0.0374553315,-0.394952595,-0.0140531063,0.024028914,0.840224028,-0.43046093,-0.0299471915,-0.565319896,-0.393531621,0.169283867,0.32756713,-0.297963947,-0.299888849,-0.00698423106,0.138250723,-0.139304027,-0.0287737846,0.569278002,0.0738335699,0.77063483,0.176426396,-0.237404883,0.0434626602,0.300727695,-0.315758049,0.0292589627,0.919706821,-0.221054733,-0.0581432134,0.0374553315
1.50989752,3194372.67,0,0,0.00888266601,2.16793269e-05,1,0.140664168,0.0813189745,1,-0.980015039,-0.00978082046,0.000926192501,0.19868058,0.284947604,-0.0516218096,-0.0383889042,-0.999967575,0.0118407905,-0,-0.624503136,0.0130901309,0.0134845264,0.725612104,-0.422198564,-0.0425604843,-0.2871705,0.00849589054,-0.00610878412,0.685164511,-0.406468749,-0.051338587,0.0203975644,0.0171720479,0.019222986,0.29521057,0.235625371,-0.0334566161,1.03326201,0.178705856,-0.0149800945,-0.0493377186,0.336333752,-0.304387271,0.0436361618,0.954209149,-0.213940799,-0.053488493,0.0320299529,0.609804928,-0.48313877,0.140600339,5.35039663,-0.782781184,0.300136477,-1.00645828,-0.318411916,0.112962276,-0.588919103,1.60086799,-0.438297689,-0.216213584,-0.269628495,-0.29734239,0.489328176,0.387770832,-0.282708704,-0.0815457702,0.110010147,1.23504782,-0.367677242,1.16138148,0.346963853,-0.550748885,0.373823732,-0.186521158,0.550620437,0.563612044,-0.419475973,0.00968074799,0.014058331,0.921543002,-0.459907472,-0.023933351,-0.56523037,-0.372953951,0.176652282,0.319769174,-0.367584229,-0.308590055,-0.0184555203,0.15894179,-0.103632212,-0.0247910023,0.554056644,0.0561893433,0.778095782,0.172790483,-0.218424112,0.03634293,0.30041635,-0.311464578,0.0212685131,0.917367756,-0.220261052,-0.0520103574,0.0448503122,-0.419475973,0.00968074612,0.0140583329,0.921543002,-0.459907472,-0.0239333492,-0.56523037,-0.372953951,0.176652282,0.319769174,-0.367584229,-0.308590055,-0.0184555203,0.15894179,-0.103632212,-0.0247910023,0.554056644,0.0561893359,0.778095782,0.172790483,-0.218424097,0.03634293,0.30041635,-0.311464578,0.0212685131,0.917367756,-0.220261052,-0.0520103574,0.0448503122,-0.419475973,0.00968074799,0.014058331,0.921543002,-0.459907472,-0.023933351,-0.56523037,-0.372953951,0.176652282,0.319769174,-0.367584229,-0.308590055,-0.0184555203,0.15894179,-0.103632212,-0.0247910023,0.554056644,0.0561893433,0.778095782,0.172790483,-0.218424112,0.03634293,0.30041635,-0.311464578,0.0212685131,0.917367756,-0.220261052,-0.0520103574,0.0448503122
1.51989807,3194372.68,0,0,0.018883219,2.16653571e-05,1,0.140664168,0,1,-0.979929507,-0.0109869745,0.00117642281,0.199037775,0.264005452,0.0347594097,-0.130053461,-0.999967575,0.0118407905,-0,-0.616097867,0.00874188729,0.015082268,0.77721709,-0.429063857,-0.0398881473,-0.296937346,0.00578517094,-0.00477658398,0.677331269,-0.389430791,-0.0554596484,0.0175604373,0.0149269728,0.0159164853,0.299990326,0.239535347,-0.0361322723,1.03271592,0.179244995,-0.00366057805,-0.0521498062,0.346428543,-0.301172495,0.0385770164,0.957210362,-0.215162069,-0.0484444685,0.0371080078,1.05881512,-0.416198045,0.218758389,4.82223415,-0.539826095,0.235762879,-0.985051453,-0.267199576,0.196143687,-0.875067651,1.76177347,-0.382127255,-0.283188373,-0.248930514,-0.353979588,0.461342543,0.404103279,-0.245263338,-0.0362970643,0.0287887156,1.06520534,-0.231362,0.909551919,0.318500519,-0.461159676,0.264973104,-0.0863901153,0.456861824,0.449361086,-0.419475973,0.00968074799,0.014058331,0.921543002,-0.459907472,-0.023933351,-0.56523037,-0.372953951,0.176652282,0.319769174,-0.367584229,-0.308590055,-0.0184555203,0.15894179,-0.103632212,-0.0247910023,0.554056644,0.0561893433,0.778095782,0.172790483,-0.218424112,0.03634293,0.30041635,-0.311464578,0.0212685131,0.917367756,-0.220261052,-0.0520103574,0.0448503122,-0.419475973,0.00968074612,0.0140583329,0.921543002,-0.459907472,-0.0239333492,-0.56523037,-0.372953951,0.176652282,0.319769174,-0.367584229,-0.308590055,-0.0184555203,0.15894179,-0.103632212,-0.0247910023,0.554056644,0.0561893359,0.778095782,0.172790483,-0.218424097,0.03634293,0.30041635,-0.311464578,0.0212685131,0.917367756,-0.220261052,-0.0520103574,0.0448503122,-0.419475973,0.00968074799,0.014058331,0.921543002,-0.459907472,-0.023933351,-0.56523037,-0.372953951,0.176652282,0.319769174,-0.367584229,-0.308590055,-0.0184555203,0.15894179,-0.103632212,-0.0247910023,0.554056644,0.0561893433,0.778095782,0.172790483,-0.218424112,0.03634293,0.30041635,-0.311464578,0.0212685131,0.917367756,-0.220261052,-0.0520103574,0.0448503122
1.5298994,3194372.69,0,0,0.00937678013,2.21058726e-05,1,0.115198083,0.0624821782,1,-0.979786873,-0.0120534776,0.00118110562,0.199677214,0.090602167,-0.00260058884,-0.0608911626,-0.999967575,0.0118407905,-0,-0.602706611,0.00477143656,0.0163644049,0.821833611,-0.434741169,-0.0387411639,-0.306011438,0.00367737631,-0.00287865265,0.666717052,-0.370889604,-0.0588734858,0.013548106,0.0130457282,0.0128411362,0.304421902,0.243698567,-0.0386122279,1.03264952,0.178478479,0.0055081686,-0.0535531119,0.353567719,-0.298234582,0.0344758742,0.959084988,-0.215584144,-0.0433309823,0.0417837165,1.4589473,-0.367503852,-0.0685928166,4.48719072,-0.718478978,-0.0205603708,-0.766827106,-0.117785513,0.091452904,-1.24071229,1.92470419,-0.32650283,-0.585856438,-0.0496257171,-0.207261592,0.439724296,0.418035448,-0.289799869,0.0230619945,-0.208043814,0.772178471,-0.0618891641,0.543769538,0.260798931,-0.404203862,0.118549593,-0.00972380396,0.654535711,0.571495235,-0.463642299,0.031354975,-0.00958491489,0.96417892,-0.475247383,-0.0435768217,-0.502748191,-0.328559041,0.187543631,0.336133271,-0.4129996,-0.297316164,-0.0343510695,0.159480333,-0.0637553856,0.00242820382,0.540942192,0.037632063,0.807700753,0.163830936,-0.171223044,0.0329833925,0.314733773,-0.293771237,0.0190583132,0.926520467,-0.209184021,-0.0301650465,0.0596061572,-0.463642269,0.031354975,-0.00958491489,0.96417892,-0.475247383,-0.043576818,-0.502748191,-0.328559041,0.187543631,0.336133271,-0.4129996,-0.297316164,-0.0343510695,0.159480333,-0.0637553856,0.00242820382,0.540942192,0.0376320705,0.807700753,0.163830936,-0.171223044,0.0329833925,0.314733773,-0.293771237,0.0190583132,0.926520467,-0.209184021,-0.0301650427,0.059606161,-0.463642299,0.031354975,-0.00958491489,0.96417892,-0.475247383,-0.0435768217,-0.502748191,-0.328559041,0.187543631,0.336133271,-0.4129996,-0.297316164,-0.0343510695,0.159480333,-0.0637553856,0.00242820382,0.540942192,0.037632063,0.807700753,0.163830936,-0.171223044,0.0329833925,0.314733773,-0.293771237,0.0190583132,0.926520467,-0.209184021,-0.0301650465,0.0596061572
1.54091047,3194372.7,0,0,0.000346493907,2.77976505e-05,1,0.182481948,0.0811188817,1,-0.979697168,-0.0122912927,0.000956365315,0.200103521,0.0325049758,0.116056435,-0.13709335,-0.999967575,0.0118407905,-0,-0.586281717,0.00176205335,0.0150553025,0.863130629,-0.441006571,-0.0390893966,-0.313802451,0.00321284379,-0.00185419631,0.653056324,-0.350883633,-0.0618793145,0.0070652049,0.0130128842,0.0106400605,0.308686614,0.248316064,-0.0416794233,1.0333637,0.175539494,0.0111619821,-0.0536441952,0.35742408,-0.295589924,0.030757105,0.959735155,-0.215414837,-0.0360894948,0.0477457531,1.76816928,-0.254783303,-0.119332135,3.78846192,-0.526560962,-0.0281237066,-0.839275956,-0.0152568249,0.148481041,-1.41582584,2.04551363,-0.283949018,-0.634786189,-0.00843715016,-0.26361689,0.411372036,0.496626228,-0.30105561,0.101190247,-0.316212326,0.435526043,0.00880294573,0.305840403,0.276504546,-0.341359615,0.0411482155,0.028434854,0.721433818,0.57273221,-0.463642299,0.031354975,-0.00958491489,0.96417892,-0.475247383,-0.0435768217,-0.502748191,-0.328559041,0.187543631,0.336133271,-0.4129996,-0.297316164,-0.0343510695,0.159480333,-0.0637553856,0.00242820382,0.540942192,0.037632063,0.807700753,0.163830936,-0.171223044,0.0329833925,0.314733773,-0.293771237,0.0190583132,0.926520467,-0.209184021,-0.0301650465,0.0596061572,-0.500535786,0.0338213891,-0.0201610234,0.960717022,-0.459017992,-0.057441555,-0.421629339,-0.285879165,0.190050244,0.346409082,-0.461176693,-0.269898117,-0.0434170701,0.113540232,-0.00825094339,0.0671164989,0.51422286,0.0217387918,0.851901293,0.160752073,-0.104863487,0.0307633225,0.337925464,-0.289027095,0.0151776522,0.937807083,-0.201030225,-0.0108575644,0.0639110655,-0.500535786,0.0338213891,-0.0201610234,0.960717022,-0.459017992,-0.057441555,-0.42162931,-0.285879165,0.190050244,0.346409082,-0.461176693,-0.269898117,-0.0434170701,0.113540232,-0.00825094339,0.0671164989,0.51422286,0.0217387974,0.851901293,0.160752073,-0.104863495,0.0307633225,0.337925464,-0.289027095,0.0151776522,0.937807083,-0.201030225,-0.0108575672,0.0639110655
1.55186821,3194372.71,0,0,0.011304229,4.24403697e-06,1,0.182481948,0,1,-0.979541779,-0.0124614565,0.000390602305,0.200854406,-0.0407414734,0.0274054296,-0.10204608,-0.999967575,0.0118407905,-0,-0.565856576,-0.000501423143,0.0132513065,0.894918144,-0.444563925,-0.0404781401,-0.321843714,0.00341836433,-0.000168379323,0.637968898,-0.329892337,-0.0642683357,0.000434791495,0.0129930461,0.00873306394,0.312225014,0.253644735,-0.0444219373,1.03517663,0.172347039,0.0129205836,-0.0529510342,0.359118432,-0.292619497,0.0277664997,0.959959328,-0.214382529,-0.0288257618,0.0527673997,2.28039408,-0.226823956,-0.313003033,2.80669618,-0.217579857,-0.288256258,-0.646240234,0.053637445,0.114645503,-1.61871397,2.13364673,-0.189769864,-0.768270791,0.0413764045,-0.023829991,0.305672914,0.54533267,-0.269709647,0.267952174,-0.344808102,-0.0565909706,0.155025169,0.0431684367,0.308350831,-0.287688822,0.012369778,0.203983083,0.805104554,0.478023559,-0.500535786,0.0338213891,-0.0201610234,0.960717022,-0.459017992,-0.057441555,-0.42162931,-0.285879165,0.190050244,0.346409082,-0.461176693,-0.269898117,-0.0434170701,0.113540232,-0.00825094339,0.0671164989,0.51422286,0.0217387974,0.851901293,0.160752073,-0.104863495,0.0307633225,0.337925464,-0.289027095,0.0151776522,0.937807083,-0.201030225,-0.0108575672,0.0639110655,-0.500535786,0.0338213891,-0.0201610234,0.960717022,-0.459017992,-0.057441555,-0.421629339,-0.285879165,0.190050244,0.346409082,-0.461176693,-0.269898117,-0.0434170701,0.113540232,-0.00825094339,0.0671164989,0.51422286,0.0217387918,0.851901293,0.160752073,-0.104863487,0.0307633225,0.337925464,-0.289027095,0.0151776522,0.937807083,-0.201030225,-0.0108575644,0.0639110655,-0.500535786,0.0338213891,-0.0201610234,0.960717022,-0.459017992,-0.057441555,-0.42162931,-0.285879165,0.190050244,0.346409082,-0.461176693,-0.269898117,-0.0434170701,0.113540232,-0.00825094339,0.0671164989,0.51422286,0.0217387974,0.851901293,0.160752073,-0.104863495,0.0307633225,0.337925464,-0.289027095,0.0151776522,0.937807083,-0.201030225,-0.0108575672,0.0639110655
1.56186858,3194372.72,0,0,0.0013601291,4.38233837e-06,1,0.128250103,0.0897197425,1,-0.979443669,-0.0121968221,-7.59868781e-05,0.201348692,-0.0769641399,0.151859835,-0.122585185,-0.999967575,0.0118407905,-0,-0.541599035,-0.00232824823,0.00958540477,0.917550623,-0.445702851,-0.04313403,-0.328639388,0.00432106201,0.000944798521,0.621227562,-0.308213383,-0.0659710243,-0.00723068882,0.0134660257,0.00840639882,0.314955562,0.25948897,-0.0469544306,1.03818142,0.169290066,0.0102357315,-0.0508144163,0.359067291,-0.289258152,0.0251778476,0.960013032,-0.211767137,-0.0209020115,0.0567806102,2.47342253,-0.14294374,-0.363417834,1.91609573,-0.0691303089,-0.224484652,-0.763747633,0.110828497,0.130765736,-1.67954803,2.18548179,-0.170299113,-0.722829044,0.0367726088,-0.0857451707,0.254494727,0.614427269,-0.235218823,0.285475999,-0.25942421,-0.361674815,0.230691835,-0.00880952086,0.355315357,-0.233916238,0.00241304236,0.269650966,0.742134869,0.341016412,-0.506869674,0.0290045403,-0.0176124591,0.927456856,-0.429506034,-0.0611155927,-0.353698015,-0.274808139,0.189692378,0.348673403,-0.488197863,-0.235245407,-0.0411109105,0.0502098799,0.0311214533,0.156836241,0.479290575,0.0139789432,0.907525897,0.155521467,-0.0424025357,0.031628713,0.365055203,-0.301986545,0.010070987,0.94463408,-0.198661,-0.000135198236,0.0645005554,-0.506869674,0.0290045403,-0.0176124591,0.927456856,-0.429506034,-0.0611155927,-0.353698015,-0.274808139,0.189692378,0.348673403,-0.488197863,-0.235245422,-0.0411109105,0.0502098836,0.0311214514,0.156836241,0.479290575,0.0139789358,0.907525897,0.155521467,-0.0424025394,0.031628713,0.365055203,-0.301986545,0.010070987,0.94463408,-0.198661,-0.000135198468,0.0645005554,-0.506869674,0.0290045403,-0.0176124591,0.927456856,-0.429506034,-0.0611155927,-0.353698015,-0.274808139,0.189692378,0.348673403,-0.488197863,-0.235245407,-0.0411109105,0.0502098799,0.0311214533,0.156836241,0.479290575,0.0139789432,0.907525897,0.155521467,-0.0424025357,0.031628713,0.365055203,-0.301986545,0.010070987,0.94463408,-0.198661,-0.000135198236,0.0645005554
1.57189814,3194372.73,0,0,0.0113896928,2.18306668e-05,1,0.128250103,0,1,-0.979301929,-0.0120428503,-0.000893418852,0.202044368,-0.04404689,0.0570942871,-0.143331319,-0.999967575,0.0118407905,-0,-0.514843702,-0.00338149606,0.00633429922,0.930302024,-0.444229186,-0.0453729071,-0.33632037,0.00538664544,0.00256447867,0.604363918,-0.286239535,-0.0671463758,-0.0137703074,0.0133855129,0.00817838404,0.316803843,0.26584065,-0.0489213653,1.03988123,0.167240039,0.00722954609,-0.0479579642,0.358747631,-0.285455525,0.0232341755,0.960010767,-0.209190696,-0.0141595779,0.0593993701,2.94149208,-0.0989863127,-0.297590792,0.73390913,0.406167597,-0.247853816,-0.646484435,0.0842606798,0.175818563,-1.71483493,2.19894338,-0.0409108326,-0.627697468,-0.0517761447,0.132910863,0.114309952,0.629372656,-0.17318809,0.0625608861,-0.193917692,-0.156097487,0.36428979,-0.0630585253,0.39603439,-0.174589664,-0.00281419302,0.258878976,0.666706085,0.220346302,-0.506869674,0.0290045403,-0.0176124591,0.927456856,-0.429506034,-0.0611155927,-0.353698015,-0.274808139,0.189692378,0.348673403,-0.488197863,-0.235245407,-0.0411109105,0.0502098799,0.0311214533,0.156836241,0.479290575,0.0139789432,0.907525897,0.155521467,-0.0424025357,0.031628713,0.365055203,-0.301986545,0.010070987,0.94463408,-0.198661,-0.000135198236,0.0645005554,-0.506869674,0.0290045403,-0.0176124591,0.927456856,-0.429506034,-0.0611155927,-0.353698015,-0.274808139,0.189692378,0.348673403,-0.488197863,-0.235245422,-0.0411109105,0.0502098836,0.0311214514,0.156836241,0.479290575,0.0139789358,0.907525897,0.155521467,-0.0424025394,0.031628713,0.365055203,-0.301986545,0.010070987,0.94463408,-0.198661,-0.000135198468,0.0645005554,-0.506869674,0.0290045403,-0.0176124591,0.927456856,-0.429506034,-0.0611155927,-0.353698015,-0.274808139,0.189692378,0.348673403,-0.488197863,-0.235245407,-0.0411109105,0.0502098799,0.0311214533,0.156836241,0.479290575,0.0139789432,0.907525897,0.155521467,-0.0424025357,0.031628713,0.365055203,-0.301986545,0.010070987,0.94463408,-0.198661,-0.000135198236,0.0645005554
1.5818988,3194372.74,0,0,0.00139936898,2.21398659e-05,1,0.118684024,0.106507212,1,-0.979188979,-0.01187489,-0.00151525391,0.202597246,-0.0746923238,0.186011389,-0.0875875875,-0.999967575,0.0118407905,-0,-0.48491478,-0.00403297553,0.00345371477,0.932826817,-0.440119028,-0.047572013,-0.343312681,0.00612835912,0.00399410119,0.587229252,-0.264407665,-0.0672102571,-0.0196590647,0.0128308171,0.00905989576,0.317365199,0.271959633,-0.0501652807,1.03938246,0.165753603,0.00737491762,-0.043591097,0.358585477,-0.281631798,0.0218976922,0.959971309,-0.206892073,-0.00820071157,0.0610737763,2.94775105,-0.0404449217,-0.291018456,0.0334819518,0.355626434,-0.195231438,-0.782495618,0.067118533,0.104331337,-1.69262671,2.15923214,0.00253192638,-0.564859331,-0.0450368896,0.0192444324,0.0232557505,0.600486755,-0.084821105,-0.115396321,-0.112987123,0.100493982,0.468690753,0.0246998109,0.364977628,-0.104656622,-0.00425657351,0.203090891,0.530837059,0.134970024,-0.489682376,0.0108996704,-0.00833297893,0.871098876,-0.410354197,-0.0603656918,-0.305936009,-0.261680841,0.187651634,0.344913214,-0.522872448,-0.204955131,-0.0313210748,-0.0135584474,0.0478367954,0.263343453,0.451039255,0.0149995238,0.969346702,0.152629644,0.00904488564,0.0288998149,0.382831573,-0.310057938,0.00434592739,0.944520891,-0.196373641,0.00281593204,0.0624293312,-0.489682376,0.0108996686,-0.00833297893,0.871098876,-0.410354197,-0.0603656918,-0.305936009,-0.261680841,0.187651634,0.344913214,-0.522872448,-0.204955131,-0.0313210748,-0.0135584399,0.0478367917,0.263343453,0.451039255,0.0149995275,0.969346702,0.152629644,0.0090448875,0.0288998149,0.382831573,-0.310057938,0.00434592739,0.944520891,-0.196373641,0.00281593949,0.062429335,-0.489682376,0.0108996704,-0.00833297893,0.871098876,-0.410354197,-0.0603656918,-0.305936009,-0.261680841,0.187651634,0.344913214,-0.522872448,-0.204955131,-0.0313210748,-0.0135584474,0.0478367954,0.263343453,0.451039255,0.0149995238,0.969346702,0.152629644,0.00904488564,0.0288998149,0.382831573,-0.310057938,0.00434592739,0.944520891,-0.196373641,0.00281593204,0.0624293312
1.59289922,3194372.75,0,0,0.0123997871,2.19061039e-05,1,0.118684024,0,1,-0.979040146,-0.011901754,-0.00265535759,0.203302026,0.0180280376,0.117549092,-0.179348886,-0.999967575,0.0118407905,-0,-0.447675377,-0.00443646079,0.000930622744,0.925085843,-0.433933198,-0.0494662188,-0.353329986,0.00654686894,0.00595726585,0.568555892,-0.241567045,-0.0659476593,-0.0247524939,0.0114180893,0.00972028822,0.316364527,0.279026926,-0.0505186021,1.03676414,0.164724171,0.0108990511,-0.0370993838,0.359527081,-0.277282447,0.0207897015,0.959908187,-0.204776362,-0.00314115896,0.0620410256,3.35840321,-0.0360912606,-0.112534337,-1.33482409,0.711772442,-0.130415276,-0.799871683,0.0125112832,0.256486356,-1.43963587,1.62434983,0.21458523,-0.297681093,-0.201573387,0.147387818,-0.166120127,0.571676016,0.0137216141,-0.288485646,-0.0815275684,0.475369692,0.613071859,0.107584395,0.369605184,-0.100596994,-0.00610001758,0.171423361,0.362096995,0.0457550772,-0.489682376,0.0108996704,-0.00833297893,0.871098876,-0.410354197,-0.0603656918,-0.305936009,-0.261680841,0.187651634,0.344913214,-0.522872448,-0.204955131,-0.0313210748,-0.0135584474,0.0478367954,0.263343453,0.451039255,0.0149995238,0.969346702,0.152629644,0.00904488564,0.0288998149,0.382831573,-0.310057938,0.00434592739,0.944520891,-0.196373641,0.00281593204,0.0624293312,-0.489682376,0.0108996686,-0.00833297893,0.871098876,-0.410354197,-0.0603656918,-0.305936009,-0.261680841,0.187651634,0.344913214,-0.522872448,-0.204955131,-0.0313210748,-0.0135584399,0.0478367917,0.263343453,0.451039255,0.0149995275,0.969346702,0.152629644,0.0090448875,0.0288998149,0.382831573,-0.310057938,0.00434592739,0.944520891,-0.196373641,0.00281593949,0.062429335,-0.489682376,0.0108996704,-0.00833297893,0.871098876,-0.410354197,-0.0603656918,-0.305936009,-0.261680841,0.187651634,0.344913214,-0.522872448,-0.204955131,-0.0313210748,-0.0135584474,0.0478367954,0.263343453,0.451039255,0.0149995238,0.969346702,0.152629644,0.00904488564,0.0288998149,0.382831573,-0.310057938,0.00434592739,0.944520891,-0.196373641,0.00281593204,0.0624293312
1.60390252,3194372.76,0,0,0.00342654437,2.24281102e-05,1,0.128167216,0.113018751,1,-0.978928149,-0.0118977111,-0.00406801142,0.203817442,-0.110946603,0.330284178,-0.00576110044,-0.999967575,0.0118407905,-0,-0.409374654,-0.00453914981,-0.00101176219,0.906364143,-0.427127421,-0.0507621728,-0.364511371,0.00684765866,0.00791745819,0.55242306,-0.225535646,-0.0630031675,-0.0282820035,0.00980651006,0.00994929764,0.313648224,0.285251975,-0.0494413078,1.0332129,0.163966402,0.0177286323,-0.0292278975,0.362001657,-0.273656964,0.0197791643,0.959658861,-0.203059465,8.75935166e-06,0.0623395257,2.97749186,0.0182550605,-0.217993483,-1.5378623,0.456571907,-0.0950585604,-1.05267978,0.0473495387,0.0842055008,-1.27693379,1.15685225,0.248198509,-0.308580309,-0.0677988604,-0.0831907094,-0.274115145,0.486656696,0.145737186,-0.285449088,-0.0512447022,0.588607013,0.666279376,0.274252921,0.247782364,-0.0693995655,-0.0341315679,0.118968159,0.192702264,0.0154894274,-0.461073101,-0.00541602075,0.00400970317,0.766040564,-0.394478202,-0.0556589216,-0.265006393,-0.242704794,0.179123551,0.349174023,-0.547529876,-0.186032861,-0.0189836733,-0.0518802106,0.0577051118,0.376362205,0.424716473,0.0195438117,1.02202082,0.155932099,0.0496311262,0.0181004107,0.385261536,-0.306810677,0.00327369571,0.943771839,-0.185866311,0.00537867844,0.0639721304,-0.461073101,-0.00541602261,0.00400970317,0.766040564,-0.394478202,-0.0556589253,-0.265006393,-0.242704794,0.179123551,0.349174023,-0.547529876,-0.186032861,-0.0189836733,-0.0518802106,0.0577051081,0.376362205,0.424716473,0.0195438042,1.02202082,0.155932099,0.0496311262,0.0181004107,0.385261536,-0.306810677,0.00327369571,0.943771839,-0.185866311,0.00537867937,0.0639721304,-0.461073101,-0.00541602075,0.00400970317,0.766040564,-0.394478202,-0.0556589216,-0.265006393,-0.242704794,0.179123551,0.349174023,-0.547529876,-0.186032861,-0.0189836733,-0.0518802106,0.0577051118,0.376362205,0.424716473,0.0195438117,1.02202082,0.155932099,0.0496311262,0.0181004107,0.385261536,-0.306810677,0.00327369571,0.943771839,-0.185866311,0.00537867844,0.0639721304
1.61486826,3194372.77,0,0,0.0143922823,4.44194302e-06,1,0.128167216,0,1,-0.978746951,-0.0121311387,-0.00480924919,0.204656035,0.0281598605,0.129370391,-0.197632253,-0.999967575,0.0118407905,-0,-0.373795748,-0.00452019786,-0.000555259932,0.876814008,-0.419083744,-0.0512999482,-0.373788953,0.00697550969,0.0109634558,0.541305423,-0.217290238,-0.059818469,-0.0295455959,0.00718807755,0.0110956561,0.310815066,0.289745897,-0.0455196947,1.02972126,0.163706988,0.0245802421,-0.0229221862,0.364279181,-0.27093026,0.0191763993,0.959474444,-0.200154305,0.00208445499,0.0625662729,3.70522642,-0.000137309005,0.0987764522,-3.54716992,0.839323878,-0.0357201099,-0.914213419,0.01042517,0.335132182,-1.05232346,0.656032383,0.331843883,-0.0850419477,-0.292043656,0.124317691,-0.269498378,0.412712544,0.519300103,-0.365612984,-0.0152023276,0.714500606,0.60618335,0.234425485,0.254301161,-0.0520966053,-0.0123872925,0.361328423,0.200676396,0.0266798194,-0.461073101,-0.00541602075,0.00400970317,0.766040564,-0.394478202,-0.0556589216,-0.265006393,-0.242704794,0.179123551,0.349174023,-0.547529876,-0.186032861,-0.0189836733,-0.0518802106,0.0577051118,0.376362205,0.424716473,0.0195438117,1.02202082,0.155932099,0.0496311262,0.0181004107,0.385261536,-0.306810677,0.00327369571,0.943771839,-0.185866311,0.00537867844,0.0639721304,-0.461073101,-0.00541602261,0.00400970317,0.766040564,-0.394478202,-0.0556589253,-0.265006393,-0.242704794,0.179123551,0.349174023,-0.547529876,-0.186032861,-0.0189836733,-0.0518802106,0.0577051081,0.376362205,0.424716473,0.0195438042,1.02202082,0.155932099,0.0496311262,0.0181004107,0.385261536,-0.306810677,0.00327369571,0.943771839,-0.185866311,0.00537867937,0.0639721304,-0.461073101,-0.00541602075,0.00400970317,0.766040564,-0.394478202,-0.0556589216,-0.265006393,-0.242704794,0.179123551,0.349174023,-0.547529876,-0.186032861,-0.0189836733,-0.0518802106,0.0577051118,0.376362205,0.424716473,0.0195438117,1.02202082,0.155932099,0.0496311262,0.0181004107,0.385261536,-0.306810677,0.00327369571,0.943771839,-0.185866311,0.00537867844,0.0639721304
1.62586789,3194372.78,0,0,0.00536767999,4.21889126e-06,1,0.120279379,0.121647954,1,-0.978666246,-0.0118744625,-0.00639430014,0.205013499,-0.125900432,0.241811767,-0.066694878,-0.999967575,0.0118407905,-0,-0.332781225,-0.00385226007,-0.000426962273,0.833640158,-0.411329031,-0.0515244305,-0.386036932,0.00768881291,0.0131540913,0.529011905,-0.211707518,-0.0562162474,-0.0314899273,0.0053085573,0.0107769277,0.307936698,0.293915272,-0.0379035473,1.02554595,0.163617432,0.0325522646,-0.0162103176,0.36778909,-0.26897344,0.018689299,0.959352016,-0.195733026,0.00388123351,0.0629500151,3.42505717,0.0862172768,0.0510055721,-3.93566537,0.782596588,0.00541954394,-1.02990603,0.0959940106,0.18912071,-0.963857234,0.314211488,0.284916401,-0.117379248,-0.137042716,-0.0131018804,-0.232236892,0.315590352,0.738406599,-0.356307477,0.00556522002,0.629153371,0.505367458,0.296805859,0.122946583,-0.0324112065,-0.00666932715,0.436886549,0.136675075,0.0600231513,-0.427429974,-0.0231339261,0.0159862954,0.64439261,-0.360326409,-0.0449030101,-0.231923521,-0.20347555,0.161382049,0.364577264,-0.555710852,-0.171101287,-0.00149464048,-0.0534438193,0.0771544576,0.481458366,0.397288322,0.0255688876,1.06557608,0.161275998,0.0810605511,0.00399212167,0.373767287,-0.305097818,0.00462619774,0.944734931,-0.16910547,0.00751176476,0.0695209205,-0.427429944,-0.023133928,0.0159862936,0.64439261,-0.360326409,-0.0449030139,-0.231923521,-0.20347555,0.161382049,0.364577264,-0.555710852,-0.171101287,-0.00149464048,-0.0534438193,0.0771544576,0.481458366,0.397288322,0.0255688801,1.06557608,0.161275998,0.0810605511,0.00399212074,0.373767287,-0.305097818,0.00462619774,0.944734931,-0.16910547,0.00751177128,0.0695209205,-0.427429974,-0.0231339261,0.0159862954,0.64439261,-0.360326409,-0.0449030101,-0.231923521,-0.20347555,0.161382049,0.364577264,-0.555710852,-0.171101287,-0.00149464048,-0.0534438193,0.0771544576,0.481458366,0.397288322,0.0255688876,1.06557608,0.161275998,0.0810605511,0.00399212167,0.373767287,-0.305097818,0.00462619774,0.944734931,-0.16910547,0.00751176476,0.0695209205
1.63586835,3194372.79,0,0,0.0153681422,4.6431087e-06,1,0.120279379,0,1,-0.978442132,-0.0115065267,-0.00698438194,0.206082046,-0.150595248,0.110416219,-0.206106439,-0.999967575,0.0118407905,-0,-0.294470727,-0.00295126229,0.00169106876,0.783160388,-0.399257362,-0.0510963462,-0.395211935,0.00917091686,0.0165732,0.520306587,-0.210388348,-0.0535001531,-0.0308670364,0.00331439567,0.0122087263,0.306084484,0.296687663,-0.0288328398,1.02143443,0.163783118,0.0385750718,-0.0121278334,0.37025854,-0.267983139,0.018440865,0.959358454,-0.189288348,0.00557745015,0.0643624961,3.82120633,0.104843907,0.173748165,-5.360816,1.18215287,0.0467951037,-0.920504749,0.191842049,0.307260543,-0.859322131,0.0402158983,0.251627862,0.061105866,-0.140158743,0.11040923,-0.124032624,0.240458593,0.976356387,-0.430528641,0.0132689122,0.561795473,0.356818378,0.245179653,0.0586979799,-0.029815834,0.00209822622,0.710003257,0.173865333,0.175876781,-0.427429974,-0.0231339261,0.0159862954,0.64439261,-0.360326409,-0.0449030101,-0.231923521,-0.20347555,0.161382049,0.364577264,-0.555710852,-0.171101287,-0.00149464048,-0.0534438193,0.0771544576,0.481458366,0.397288322,0.0255688876,1.06557608,0.161275998,0.0810605511,0.00399212167,0.373767287,-0.305097818,0.00462619774,0.944734931,-0.16910547,0.00751176476,0.0695209205,-0.427429944,-0.023133928,0.0159862936,0.64439261,-0.360326409,-0.0449030139,-0.231923521,-0.20347555,0.161382049,0.364577264,-0.555710852,-0.171101287,-0.00149464048,-0.0534438193,0.0771544576,0.481458366,0.397288322,0.0255688801,1.06557608,0.161275998,0.0810605511,0.00399212074,0.373767287,-0.305097818,0.00462619774,0.944734931,-0.16910547,0.00751177128,0.0695209205,-0.427429974,-0.0231339261,0.0159862954,0.64439261,-0.360326409,-0.0449030101,-0.231923521,-0.20347555,0.161382049,0.364577264,-0.555710852,-0.171101287,-0.00149464048,-0.0534438193,0.0771544576,0.481458366,0.397288322,0.0255688876,1.06557608,0.161275998,0.0810605511,0.00399212167,0.373767287,-0.305097818,0.00462619774,0.944734931,-0.16910547,0.00751176476,0.0695209205
1.64686807,3194372.8,0,0,0.00637420733,4.19607386e-06,1,0.113872811,0.0959733129,1,-0.978388071,-0.0101951966,-0.00845494401,0.206352428,-0.394160688,0.23821564,-0.0511435904,-0.999967575,0.0118407905,-0,-0.260784537,-0.0010909636,0.0020381778,0.733879864,-0.389685363,-0.0502859354,-0.405483931,0.0119414153,0.0178780705,0.51171428,-0.211215913,-0.051263988,-0.031101834,0.00381453615,0.0119359652,0.30541119,0.298716724,-0.0191745944,1.01714039,0.16389893,0.0431478843,-0.00912293978,0.372975856,-0.268138289,0.0179681685,0.959421992,-0.182724461,0.00693541253,0.0660780519,3.25325847,0.237858623,0.0084122913,-4.9103899,1.16316855,0.229836643,-1.04272997,0.351907969,0.101760373,-0.819328487,-0.223334506,0.214395314,0.0130999694,0.133643061,-0.0217918996,-0.0457480997,0.179221779,0.975898027,-0.437623382,0.0273952223,0.392670602,0.258324295,0.2598885,-0.054610841,-0.0477497391,0.0265017524,0.674814999,0.111318909,0.176701859,-0.387109935,-0.0241436288,0.0141664464,0.548419297,-0.300890386,-0.0193901807,-0.22319445,-0.155790702,0.139573336,0.380394936,-0.55649823,-0.157118708,0.0158698391,-0.0158509612,0.0947148949,0.561158478,0.372283936,0.0314482599,1.09935713,0.167306036,0.103051513,-0.00431759655,0.359226435,-0.308082074,0.00672727451,0.947366774,-0.153639942,0.00693367422,0.0736805797,-0.387109905,-0.0241436269,0.0141664464,0.548419297,-0.300890386,-0.0193901788,-0.22319445,-0.155790702,0.139573336,0.380394936,-0.55649823,-0.157118708,0.0158698391,-0.0158509724,0.0947148949,0.561158478,0.372283936,0.0314482637,1.09935713,0.167306036,0.103051513,-0.00431759655,0.359226435,-0.308082074,0.00672727451,0.947366774,-0.153639942,0.00693367422,0.0736805797,-0.387109935,-0.0241436288,0.0141664464,0.548419297,-0.300890386,-0.0193901807,-0.22319445,-0.155790702,0.139573336,0.380394936,-0.55649823,-0.157118708,0.0158698391,-0.0158509612,0.0947148949,0.561158478,0.372283936,0.0314482599,1.09935713,0.167306036,0.103051513,-0.00431759655,0.359226435,-0.308082074,0.00672727451,0.947366774,-0.153639942,0.00693367422,0.0736805797
1.65686902,3194372.81,0,0,0.0163751612,4.92902473e-06,1,0.113872811,0,1,-0.97821939,-0.00799697544,-0.00961405784,0.207196578,-0.579137027,0.154083118,-0.154831082,-0.999967575,0.0118407905,-0,-0.226838097,0.00201949454,0.00247119926,0.679998159,-0.371742547,-0.0451959595,-0.415198356,0.0169786196,0.0196684059,0.504438758,-0.216173112,-0.0491672382,-0.0290619712,0.00599215925,0.0130207585,0.305225432,0.300073594,-0.00910868403,1.0126183,0.164428666,0.0462320112,-0.00717050582,0.374974608,-0.269232392,0.0176840667,0.960169971,-0.174752027,0.00783815794,0.0681415573,3.23536539,0.369995773,-0.0303297751,-5.28184128,1.7604531,0.504835486,-0.986710072,0.58708626,0.116687216,-0.719178319,-0.599813461,0.203993723,0.214913845,0.336024791,0.0878555328,0.0174023472,0.105865844,0.984063566,-0.44565776,0.0448465832,0.24171035,0.167701825,0.18198669,-0.16288279,-0.0197096374,0.0870468616,0.802626193,0.0772752911,0.211775497,-0.387109935,-0.0241436288,0.0141664464,0.548419297,-0.300890386,-0.0193901807,-0.22319445,-0.155790702,0.139573336,0.380394936,-0.55649823,-0.157118708,0.0158698391,-0.0158509612,0.0947148949,0.561158478,0.372283936,0.0314482599,1.09935713,0.167306036,0.103051513,-0.00431759655,0.359226435,-0.308082074,0.00672727451,0.947366774,-0.153639942,0.00693367422,0.0736805797,-0.387109905,-0.0241436269,0.0141664464,0.548419297,-0.300890386,-0.0193901788,-0.22319445,-0.155790702,0.139573336,0.380394936,-0.55649823,-0.157118708,0.0158698391,-0.0158509724,0.0947148949,0.561158478,0.372283936,0.0314482637,1.09935713,0.167306036,0.103051513,-0.00431759655,0.359226435,-0.308082074,0.00672727451,0.947366774,-0.153639942,0.00693367422,0.0736805797,-0.387109935,-0.0241436288,0.0141664464,0.548419297,-0.300890386,-0.0193901807,-0.22319445,-0.155790702,0.139573336,0.380394936,-0.55649823,-0.157118708,0.0158698391,-0.0158509612,0.0947148949,0.561158478,0.372283936,0.0314482599,1.09935713,0.167306036,0.103051513,-0.00431759655,0.359226435,-0.308082074,0.00672727451,0.947366774,-0.153639942,0.00693367422,0.0736805797
1.66689899,3194372.82,0,0,0.00639453996,2.21258961e-05,1,0.124569051,0.0685826838,1,-0.978206992,-0.00460319268,-0.0115445349,0.207259893,-0.844395518,0.258609235,0.00570631865,-0.999967575,0.0118407905,-0,-0.199538827,0.00652932329,0.000489293656,0.634432852,-0.35658592,-0.0406381227,-0.425806046,0.0236222353,0.0190640651,0.497132659,-0.222787187,-0.0471716709,-0.0276699588,0.0111915842,0.0132199964,0.30581373,0.300914437,-0.000189568527,1.0082314,0.164742619,0.0476411767,-0.00573481573,0.376535803,-0.271554917,0.0175021049,0.960963845,-0.167687967,0.00846589543,0.0700003728,2.49869919,0.527296543,-0.26315096,-4.24695539,1.72152114,0.561917067,-1.08704555,0.738396823,-0.134239435,-0.721874654,-0.734304607,0.19182609,0.160973981,0.630003214,0.0121144783,0.0728102624,0.0705850199,0.830291927,-0.434629351,0.0435699522,0.0857720003,0.130834907,0.139540926,-0.267720222,-0.0308981426,0.0747684091,0.685331941,0.0653249919,0.158672497,-0.337450504,0.0213639587,-0.0103876963,0.498742104,-0.232307702,0.0055052042,-0.251449198,-0.130726576,0.122479826,0.387883604,-0.546073079,-0.152883187,0.0256546251,0.0444210768,0.0968281031,0.598332047,0.371685237,0.038247928,1.11459577,0.173986182,0.113152198,-0.000424005091,0.354566395,-0.313082457,0.00294221751,0.946950555,-0.141906068,0.00946103036,0.0727365613,-0.337450504,0.0213639606,-0.0103876963,0.498742104,-0.232307702,0.00550520932,-0.251449198,-0.130726576,0.122479826,0.387883604,-0.546073079,-0.152883187,0.0256546251,0.0444210693,0.0968281031,0.598332047,0.371685237,0.0382479355,1.11459577,0.173986182,0.113152198,-0.000424003694,0.354566395,-0.313082457,0.00294221751,0.946950555,-0.141906068,0.00946103595,0.0727365613,-0.337450504,0.0213639587,-0.0103876963,0.498742104,-0.232307702,0.0055052042,-0.251449198,-0.130726576,0.122479826,0.387883604,-0.546073079,-0.152883187,0.0256546251,0.0444210768,0.0968281031,0.598332047,0.371685237,0.038247928,1.11459577,0.173986182,0.113152198,-0.000424005091,0.354566395,-0.313082457,0.00294221751,0.946950555,-0.141906068,0.00946103036,0.0727365613
1.6779008,3194372.83,0,0,0.017396355,2.23391689e-05,1,0.124569051,0,1,-0.97818017,-0.000444641017,-0.0137162898,0.207304537,-0.924407303,0.283144444,0.0445570536,-0.999967575,0.0118407905,-0,-0.176618174,0.0128343971,-0.00314259739,0.589449584,-0.358680218,-0.0272068884,-0.436862439,0.0316381156,0.0174892675,0.490299046,-0.23148337,-0.0453845151,-0.0250765029,0.0178337265,0.0136020929,0.306643337,0.301753849,0.00731871137,1.00394475,0.165518031,0.0480760522,-0.00445255451,0.377371997,-0.274079263,0.0167750176,0.961934388,-0.160386398,0.00944556203,0.0710709542,1.99909365,0.710242569,-0.414663464,-4.55760527,-2.08538032,1.33285034,-1.14416862,0.778145432,-0.229406923,-0.677893877,-0.902137816,0.176813006,0.232050121,0.656172633,0.024943402,0.0902619511,0.111699589,0.686832786,-0.426735789,0.0802777857,0.0223402455,0.130853057,0.0402448028,-0.225622818,-0.0927742794,0.105032392,0.705623388,0.112171687,0.0757913217,-0.337450504,0.0213639587,-0.0103876963,0.498742104,-0.232307702,0.0055052042,-0.251449198,-0.130726576,0.122479826,0.387883604,-0.546073079,-0.152883187,0.0256546251,0.0444210768,0.0968281031,0.598332047,0.371685237,0.038247928,1.11459577,0.173986182,0.113152198,-0.000424005091,0.354566395,-0.313082457,0.00294221751,0.946950555,-0.141906068,0.00946103036,0.0727365613,-0.337450504,0.0213639606,-0.0103876963,0.498742104,-0.232307702,0.00550520932,-0.251449198,-0.130726576,0.122479826,0.387883604,-0.546073079,-0.152883187,0.0256546251,0.0444210693,0.0968281031,0.598332047,0.371685237,0.0382479355,1.11459577,0.173986182,0.113152198,-0.000424003694,0.354566395,-0.313082457,0.00294221751,0.946950555,-0.141906068,0.00946103595,0.0727365613,-0.337450504,0.0213639587,-0.0103876963,0.498742104,-0.232307702,0.0055052042,-0.251449198,-0.130726576,0.122479826,0.387883604,-0.546073079,-0.152883187,0.0256546251,0.0444210768,0.0968281031,0.598332047,0.371685237,0.038247928,1.11459577,0.173986182,0.113152198,-0.000424005091,0.354566395,-0.313082457,0.00294221751,0.946950555,-0.141906068,0.00946103036,0.0727365613
1.68889922,3194372.84,0,0,0.00840553176,2.20979564e-05,1,0.114263967,0.128535554,1,-0.978445709,0.0046126633,-0.0170232039,0.205749646,-0.992917299,0.428543687,0.370037526,-0.999967575,0.0118407905,-0,-0.161926851,0.0213673785,-0.0101288604,0.538925588,-0.391918123,-0.0180391837,-0.451838851,0.0394481458,0.0124034276,0.482365817,-0.242641851,-0.0431303307,-0.0236740243,0.0254097283,0.0136028314,0.307289064,0.303722113,0.0140214944,0.999087095,0.166753203,0.0479066707,-0.00298428116,0.377099752,-0.276200622,0.0150280781,0.962914765,-0.153325662,0.0107797608,0.0714788735,0.689632058,0.717918277,-0.72895211,-3.96501255,-2.72256637,0.514955401,-1.34263527,0.595593512,-0.591084838,-0.611602545,-1.05951297,0.178597704,0.0766749755,0.67062223,-0.0386900231,0.0264249463,0.17974548,0.497754127,-0.379356086,0.205237672,-0.0443119332,0.086593993,-0.0374033563,-0.14536947,-0.255948454,0.0527364686,0.54417336,0.108926177,-0.0026261562,-0.26967141,0.117402986,-0.0520292111,0.479576498,-0.103772148,0.0158073604,-0.330363631,-0.0826725587,0.0779993832,0.415786088,-0.493506789,-0.140421078,0.0256763082,0.132092237,0.0694384426,0.595763147,0.385870695,0.0447266996,1.11087906,0.187964469,0.111114636,0.000405158848,0.357585907,-0.319920123,-0.0107559077,0.946114659,-0.135989755,0.0111446381,0.0651266575,-0.26967141,0.117402986,-0.0520292111,0.479576498,-0.103772148,0.0158073548,-0.330363631,-0.0826725587,0.0779993832,0.415786088,-0.493506789,-0.140421078,0.0256763082,0.132092237,0.0694384426,0.595763147,0.385870695,0.0447266959,1.11087906,0.187964469,0.111114636,0.000405160477,0.357585907,-0.319920123,-0.0107559077,0.946114659,-0.135989755,0.0111446381,0.0651266575,-0.26967141,0.117402986,-0.0520292111,0.479576498,-0.103772148,0.0158073604,-0.330363631,-0.0826725587,0.0779993832,0.415786088,-0.493506789,-0.140421078,0.0256763082,0.132092237,0.0694384426,0.595763147,0.385870695,0.0447266996,1.11087906,0.187964469,0.111114636,0.000405158848,0.357585907,-0.319920123,-0.0107559077,0.946114659,-0.135989755,0.0111446381,0.0651266575
1.69890224,3194372.85,0,0,0.0184085509,2.33598985e-05,1,0.114263967,0,1,-0.978884399,0.0071520023,-0.0196095333,0.203345999,-0.260445148,0.306286991,0.51311177,-0.999967575,0.0118407905,-0,-0.167189762,0.0239997711,-0.0170041751,0.517553806,-0.406184077,-0.0121428482,-0.465883225,0.0408509597,0.007142819,0.477659166,-0.253723979,-0.0411433391,-0.0233294815,0.0268221255,0.0144313741,0.306081504,0.307049304,0.0187750626,0.996495128,0.169936344,0.0471735112,-0.00248488574,0.374808699,-0.275276244,0.0115123997,0.964481354,-0.148434564,0.0120929359,0.0709514394,-1.34364736,-0.120870598,-0.583200455,-0.68824321,-0.380307943,0.56310606,-1.3664701,-0.214061111,-0.374382496,-0.397504449,-1.08166683,0.217213288,0.0397707261,-0.332901716,0.252728403,-0.250417769,0.459894747,0.454600811,-0.160170257,0.357982516,-0.0785875767,0.0368852615,-0.395608366,0.278470278,-0.36897698,0.235269502,0.435042083,0.151444077,-0.0784166083,-0.26967141,0.117402986,-0.0520292111,0.479576498,-0.103772148,0.0158073604,-0.330363631,-0.0826725587,0.0779993832,0.415786088,-0.493506789,-0.140421078,0.0256763082,0.132092237,0.0694384426,0.595763147,0.385870695,0.0447266996,1.11087906,0.187964469,0.111114636,0.000405158848,0.357585907,-0.319920123,-0.0107559077,0.946114659,-0.135989755,0.0111446381,0.0651266575,-0.26967141,0.117402986,-0.0520292111,0.479576498,-0.103772148,0.0158073548,-0.330363631,-0.0826725587,0.0779993832,0.415786088,-0.493506789,-0.140421078,0.0256763082,0.132092237,0.0694384426,0.595763147,0.385870695,0.0447266959,1.11087906,0.187964469,0.111114636,0.000405160477,0.357585907,-0.319920123,-0.0107559077,0.946114659,-0.135989755,0.0111446381,0.0651266575,-0.26967141,0.117402986,-0.0520292111,0.479576498,-0.103772148,0.0158073604,-0.330363631,-0.0826725587,0.0779993832,0.415786088,-0.493506789,-0.140421078,0.0256763082,0.132092237,0.0694384426,0.595763147,0.385870695,0.0447266996,1.11087906,0.187964469,0.111114636,0.000405158848,0.357585907,-0.319920123,-0.0107559077,0.946114659,-0.135989755,0.0111446381,0.0651266575
1.70989969,3194372.87,0,0,0.00939031504,2.29640864e-05,1,0.128927175,0.15485993,1,-0.979292154,0.00673447689,-0.020298399,0.201319262,0.221703872,0.194168031,0.228450105,-0.999967575,0.0118407905,-0,-0.188907802,0.0195815172,-0.0205928236,0.52268517,-0.398850262,-0.00701662386,-0.480937064,0.03567544,0.00495570339,0.475310981,-0.270636916,-0.0411174521,-0.0211416427,0.0182493348,0.0198434517,0.302765548,0.313715935,0.0233862046,0.995813549,0.173956275,0.0464991815,-0.00248131016,0.368385583,-0.270603329,0.00753446948,0.966891825,-0.14492321,0.0136340726,0.0693618804,-2.11194992,-0.497871488,-0.0997959077,0.802674055,1.1693778,0.30952844,-1.50368524,-0.595325232,-0.174191996,0.25642246,-2.01470637,-0.389898568,0.185276732,-0.936666787,0.27866447,-0.121732838,0.620998561,0.368645102,0.018271897,0.264328897,-0.0693573281,-0.0622921996,-0.590162456,0.443912745,-0.315827549,0.161599487,0.160853162,0.0777710751,-0.223594308,-0.291489899,0.257688493,-0.101425432,0.387241483,0.0510877818,0.00129701197,-0.408748507,-0.00104515254,0.00951923802,0.542440653,-0.381257325,-0.0925209224,0.000267220661,0.225001931,0.046983175,0.539532185,0.402087867,0.0504580587,1.08548868,0.184088573,0.0921524465,-0.01040411,0.347445756,-0.317451954,-0.0181700829,0.939898193,-0.14888458,0.00296124816,0.0558509454,-0.291489899,0.257688493,-0.101425432,0.387241483,0.0510877818,0.00129701872,-0.408748537,-0.00104515254,0.00951923709,0.542440653,-0.381257325,-0.0925209224,0.000267220661,0.225001931,0.0469831713,0.539532185,0.402087867,0.0504580513,1.08548868,0.184088573,0.0921524465,-0.010404109,0.347445756,-0.317451954,-0.0181700848,0.939898193,-0.14888458,0.00296124793,0.0558509491,-0.291489899,0.257688493,-0.101425432,0.387241483,0.0510877818,0.00129701197,-0.408748507,-0.00104515254,0.00951923802,0.542440653,-0.381257325,-0.0925209224,0.000267220661,0.225001931,0.046983175,0.539532185,0.402087867,0.0504580587,1.08548868,0.184088573,0.0921524465,-0.01040411,0.347445756,-0.317451954,-0.0181700829,0.939898193,-0.14888458,0.00296124816,0.0558509454
1.71989977,3194372.88,0,0,0.0193903972,2.21659429e-05,1,0.128927175,0,1,-0.979408205,0.00520102261,-0.0203500502,0.200794548,0.308591843,-0.0661476552,0.0383679941,-0.999967575,0.0118407905,-0,-0.208673283,0.0144803291,-0.0200088397,0.530942202,-0.383916259,-0.00489953533,-0.494902819,0.029288739,0.00318826549,0.479450941,-0.292068958,-0.0470682867,-0.0198141485,0.00812924001,0.0230868347,0.303087503,0.32009849,0.0268385485,0.996892273,0.17562747,0.0458707102,-0.00365560502,0.361531019,-0.266244084,0.00469193095,0.967739999,-0.144174188,0.0139844501,0.0666230023,-1.7845664,-0.480961263,0.146051541,0.780222118,1.62853706,0.162683904,-1.21933222,-0.619685888,-0.1711303,0.421206057,-2.0407753,-0.605071306,0.105870105,-1.01393902,0.421552122,0.113542564,0.633202136,0.321765006,0.166997403,0.110423319,-0.0466529988,-0.143481374,-0.75544256,0.412902981,-0.257396758,0.0482483767,0.0365175679,0.00871671643,-0.282999724,-0.291489899,0.257688493,-0.101425432,0.387241483,0.0510877818,0.00129701197,-0.408748507,-0.00104515254,0.00951923802,0.542440653,-0.381257325,-0.0925209224,0.000267220661,0.225001931,0.046983175,0.539532185,0.402087867,0.0504580587,1.08548868,0.184088573,0.0921524465,-0.01040411,0.347445756,-0.317451954,-0.0181700829,0.939898193,-0.14888458,0.00296124816,0.0558509454,-0.291489899,0.257688493,-0.101425432,0.387241483,0.0510877818,0.00129701872,-0.408748537,-0.00104515254,0.00951923709,0.542440653,-0.381257325,-0.0925209224,0.000267220661,0.225001931,0.0469831713,0.539532185,0.402087867,0.0504580513,1.08548868,0.184088573,0.0921524465,-0.010404109,0.347445756,-0.317451954,-0.0181700848,0.939898193,-0.14888458,0.00296124793,0.0558509491,-0.291489899,0.257688493,-0.101425432,0.387241483,0.0510877818,0.00129701197,-0.408748507,-0.00104515254,0.00951923802,0.542440653,-0.381257325,-0.0925209224,0.000267220661,0.225001931,0.046983175,0.539532185,0.402087867,0.0504580587,1.08548868,0.184088573,0.0921524465,-0.01040411,0.347445756,-0.317451954,-0.0181700829,0.939898193,-0.14888458,0.00296124816,0.0558509454
1.73089857,3194372.89,0,0,0.010396732,2.20206566e-05,1,0.121898018,0.163212061,1,-0.979286253,0.00371800479,-0.0201882645,0.201437429,0.301941425,0.300158173,-0.259531081,-0.999967575,0.0118407905,-0,-0.226749405,0.0105693545,-0.01691957,0.537976384,-0.367008477,-0.00350894989,-0.511346281,0.0235771202,6.16347315e-05,0.493630201,-0.308836818,-0.0460332669,-0.0185724385,-0.00144431065,0.024923265,0.306177318,0.326211333,0.0295877252,0.99921459,0.176231503,0.045849815,-0.00576910283,0.353950053,-0.262985349,0.00276121963,0.96712786,-0.145447969,0.013463283,0.0645469129,-2.08034492,-0.330698818,0.444829494,0.70041728,1.70537317,0.140953168,-2.45267153,-0.568583131,-0.531467676,2.87551737,-1.35191047,0.967375815,0.1528209,-0.914132893,-0.220747724,0.485860765,0.598223925,0.244639069,0.249850839,0.0359289721,0.0439363942,-0.28810972,-0.713036656,0.244388998,-0.139211252,-0.187371314,-0.331291556,-0.106701821,-0.121128224,-0.39957726,0.287593961,-0.0962329581,0.367082268,0.135212451,0.0192660391,-0.409021258,0.0156990625,-0.00784092396,0.705652714,-0.328565001,-0.02425972,-0.00793088321,0.28348735,0.00485228188,0.472611427,0.389259219,0.0431307405,1.05136168,0.180354729,0.0796473622,-0.0219387561,0.314537793,-0.331511259,-0.0191745702,0.919627666,-0.164564461,-0.00430929661,0.0648115575,-0.39957723,0.287593961,-0.0962329581,0.367082268,0.135212436,0.0192660466,-0.409021288,0.0156990625,-0.00784092396,0.705652714,-0.328565001,-0.0242597219,-0.00793088414,0.28348735,0.00485228188,0.472611427,0.389259219,0.0431307405,1.05136168,0.180354729,0.0796473622,-0.0219387561,0.314537793,-0.331511259,-0.0191745721,0.919627666,-0.164564461,-0.00430928916,0.0648115575,-0.39957726,0.287593961,-0.0962329581,0.367082268,0.135212451,0.0192660391,-0.409021258,0.0156990625,-0.00784092396,0.705652714,-0.328565001,-0.02425972,-0.00793088321,0.28348735,0.00485228188,0.472611427,0.389259219,0.0431307405,1.05136168,0.180354729,0.0796473622,-0.0219387561,0.314537793,-0.331511259,-0.0191745702,0.919627666,-0.164564461,-0.00430929661,0.0648115575
1.74090657,3194372.9,0,0,0.000380369369,2.41370872e-05,1,0.146152917,0.0966969728,1,-0.979094207,0.00250335084,-0.0209536422,0.202309817,0.114691377,0.0627051741,-0.085281238,-0.999967575,0.0118407905,-0,-0.24636893,0.00797959138,-0.0135458782,0.544761419,-0.350437969,-0.00217004446,-0.537036896,0.0194119494,-0.00341844955,0.537494183,-0.316671073,-0.0407263823,-0.0190554485,-0.00899955072,0.0234834421,0.311635196,0.331725895,0.0315812491,1.00218809,0.176412612,0.0470220037,-0.00941330008,0.346260756,-0.261569351,0.00179877202,0.963427782,-0.150195271,0.0117146075,0.0641348287,-1.80048823,-0.188637629,0.221443325,0.653256416,1.61260819,0.124212503,-2.42054725,-0.304378271,-0.265602469,4.96496868,-0.471892744,0.269648135,-0.191283569,-0.611620367,-0.00668299897,0.541938663,0.507589698,0.159300372,0.353776038,0.010651065,0.168055534,-0.399035782,-0.815207601,0.0821296647,-0.0896977112,-0.470249832,-0.519836903,-0.212621137,-0.00418794714,-0.39957726,0.287593961,-0.0962329581,0.367082268,0.135212451,0.0192660391,-0.409021258,0.0156990625,-0.00784092396,0.705652714,-0.328565001,-0.02425972,-0.00793088321,0.28348735,0.00485228188,0.472611427,0.389259219,0.0431307405,1.05136168,0.180354729,0.0796473622,-0.0219387561,0.314537793,-0.331511259,-0.0191745702,0.919627666,-0.164564461,-0.00430929661,0.0648115575,-0.492861807,0.276038855,-0.0602571256,0.364265203,0.174972251,0.0483749546,-0.392256677,-0.0103431065,-0.0085438136,0.802349687,-0.332114756,0.0198514815,-0.00366974249,0.301112294,-0.0121637397,0.423646271,0.387797892,0.0292149335,1.02187872,0.180001438,0.0667426586,-0.0319224298,0.274924874,-0.33061868,-0.0217582043,0.893870711,-0.155336156,-0.0165748671,0.0812450945,-0.492861807,0.276038855,-0.0602571294,0.364265203,0.174972266,0.0483749509,-0.392256677,-0.0103431065,-0.00854381174,0.802349687,-0.332114756,0.0198514815,-0.00366974343,0.301112294,-0.0121637397,0.423646271,0.387797892,0.0292149335,1.02187872,0.180001438,0.0667426586,-0.0319224298,0.274924874,-0.33061868,-0.0217582043,0.893870711,-0.155336156,-0.0165748596,0.0812450945
1.75189911,3194372.91,0,0,0.0113729141,2.2361055e-05,1,0.146152917,0,1,-0.979157984,0.00282410951,-0.0207690448,0.202015668,-0.0980599523,0.0323096141,0.0926537737,-0.999967575,0.0118407905,-0,-0.266032428,0.00712758116,-0.0130085424,0.551595867,-0.3317931,-0.00045013256,-0.56175524,0.0167411938,-0.00746056996,0.600102186,-0.321402282,-0.0325330682,-0.0222842023,-0.0132994121,0.0238128137,0.317208588,0.337024212,0.0318054967,1.0078702,0.176515058,0.0506339073,-0.0151576893,0.337299109,-0.261455417,-7.09538508e-05,0.955902934,-0.154285878,0.00798522029,0.0662861615,-1.67872226,-0.0339604355,-0.00176872313,0.502979398,1.53130579,0.177580863,-2.08081579,-0.231358424,-0.386173815,5.72373676,-0.426837772,1.13430023,-0.232466698,-0.2459317,-0.1301938,0.433444798,0.423149168,-0.100323029,0.513181269,0.00835793,0.411046833,-0.570046067,-0.632145822,-0.0324529335,-0.21452783,-0.770540953,-0.186049521,-0.410168171,0.392788857,-0.492861807,0.276038855,-0.0602571294,0.364265203,0.174972266,0.0483749509,-0.392256677,-0.0103431065,-0.00854381174,0.802349687,-0.332114756,0.0198514815,-0.00366974343,0.301112294,-0.0121637397,0.423646271,0.387797892,0.0292149335,1.02187872,0.180001438,0.0667426586,-0.0319224298,0.274924874,-0.33061868,-0.0217582043,0.893870711,-0.155336156,-0.0165748596,0.0812450945,-0.492861807,0.276038855,-0.0602571256,0.364265203,0.174972251,0.0483749546,-0.392256677,-0.0103431065,-0.0085438136,0.802349687,-0.332114756,0.0198514815,-0.00366974249,0.301112294,-0.0121637397,0.423646271,0.387797892,0.0292149335,1.02187872,0.180001438,0.0667426586,-0.0319224298,0.274924874,-0.33061868,-0.0217582043,0.893870711,-0.155336156,-0.0165748671,0.0812450945,-0.492861807,0.276038855,-0.0602571294,0.364265203,0.174972266,0.0483749509,-0.392256677,-0.0103431065,-0.00854381174,0.802349687,-0.332114756,0.0198514815,-0.00366974343,0.301112294,-0.0121637397,0.423646271,0.387797892,0.0292149335,1.02187872,0.180001438,0.0667426586,-0.0319224298,0.274924874,-0.33061868,-0.0217582043,0.893870711,-0.155336156,-0.0165748596,0.0812450945
1.7618997,3194372.92,0,0,0.00140440091,2.21640803e-05,1,0.115639064,0.0790770054,1,-0.979339838,0.00395006174,-0.0206630435,0.201124176,-0.309741765,-0.139781147,0.230311573,-0.999967575,0.0118407905,-0,-0.281136304,0.0076801437,-0.0142543605,0.555548787,-0.3167395,0.00129870104,-0.577621877,0.0148837036,-0.0120680584,0.653629065,-0.323773891,-0.0230446719,-0.0244316347,-0.0139114056,0.0232190751,0.32049346,0.340622485,0.0298492685,1.01369405,0.176653594,0.0556162894,-0.0212534871,0.331241995,-0.262285769,-0.00231689611,0.947616398,-0.155265972,0.00341067393,0.0708930716,-1.3867203,0.124556802,-0.210294187,0.317260683,1.49060845,0.164605036,-1.19364476,-0.134775847,-0.491751403,4.92091227,-0.143599361,0.8277933,-0.200179651,0.0667676702,-0.0092837438,0.263433903,0.309501588,-0.245595172,0.630421817,0.022896396,0.544378281,-0.618656278,-0.599793494,-0.115386933,-0.216610059,-0.834568262,-0.0583578721,-0.467610747,0.4616189,-0.542512476,0.278938621,-0.0391164236,0.353558153,0.20738706,0.0680813491,-0.398351192,-0.032185033,-0.00884522498,0.881426692,-0.357867479,0.0280821361,0.00122771226,0.315097392,-0.020016579,0.413027942,0.38116473,0.0233338028,1.00562012,0.181692868,0.0562875979,-0.044636786,0.235318556,-0.320091009,-0.0140524302,0.867693007,-0.145301715,-0.0282652825,0.0876099914,-0.542512476,0.278938621,-0.0391164236,0.353558153,0.207387075,0.0680813417,-0.398351222,-0.032185033,-0.00884522311,0.881426692,-0.357867479,0.0280821361,0.00122771226,0.315097392,-0.020016579,0.413027942,0.38116473,0.023333801,1.00562012,0.181692868,0.0562875979,-0.044636786,0.235318556,-0.320091009,-0.0140524311,0.867693007,-0.145301715,-0.0282652788,0.0876099914,-0.542512476,0.278938621,-0.0391164236,0.353558153,0.20738706,0.0680813491,-0.398351192,-0.032185033,-0.00884522498,0.881426692,-0.357867479,0.0280821361,0.00122771226,0.315097392,-0.020016579,0.413027942,0.38116473,0.0233338028,1.00562012,0.181692868,0.0562875979,-0.044636786,0.235318556,-0.320091009,-0.0140524302,0.867693007,-0.145301715,-0.0282652825,0.0876099914
1.77286924,3194372.93,0,0,0.0123739438,4.50387597e-06,1,0.115639064,0,1,-0.979539633,0.00542364875,-0.0207563918,0.200104699,-0.261134803,0.0461511798,0.167020544,-0.999967575,0.0118407905,-0,-0.294998646,0.0089547541,-0.0159305837,0.556917906,-0.301475346,0.0031153867,-0.588539958,0.0131900953,-0.016708266,0.703665912,-0.328639388,-0.0146026108,-0.02538592,-0.0130664632,0.0213495009,0.323595881,0.343418241,0.0271141231,1.01950967,0.177140996,0.0613114573,-0.0280556772,0.325614095,-0.263692468,-0.00370400841,0.938743651,-0.154889271,-0.00165975944,0.0756453052,-1.41166031,0.109449096,-0.111759327,0.0127391322,1.55950129,0.196972787,-1.10268211,-0.219264194,-0.44045642,5.20037127,-0.718836069,0.857396483,-0.019809885,0.0663194656,-0.322841108,0.365365714,0.265314162,-0.278484941,0.520922959,0.0657286867,0.56766969,-0.728407562,-0.549288392,-0.151707426,-0.0842346922,-0.937392831,0.106897712,-0.539920092,0.489606887,-0.542512476,0.278938621,-0.0391164236,0.353558153,0.20738706,0.0680813491,-0.398351192,-0.032185033,-0.00884522498,0.881426692,-0.357867479,0.0280821361,0.00122771226,0.315097392,-0.020016579,0.413027942,0.38116473,0.0233338028,1.00562012,0.181692868,0.0562875979,-0.044636786,0.235318556,-0.320091009,-0.0140524302,0.867693007,-0.145301715,-0.0282652825,0.0876099914,-0.542512476,0.278938621,-0.0391164236,0.353558153,0.207387075,0.0680813417,-0.398351222,-0.032185033,-0.00884522311,0.881426692,-0.357867479,0.0280821361,0.00122771226,0.315097392,-0.020016579,0.413027942,0.38116473,0.023333801,1.00562012,0.181692868,0.0562875979,-0.044636786,0.235318556,-0.320091009,-0.0140524311,0.867693007,-0.145301715,-0.0282652788,0.0876099914,-0.542512476,0.278938621,-0.0391164236,0.353558153,0.20738706,0.0680813491,-0.398351192,-0.032185033,-0.00884522498,0.881426692,-0.357867479,0.0280821361,0.00122771226,0.315097392,-0.020016579,0.413027942,0.38116473,0.0233338028,1.00562012,0.181692868,0.0562875979,-0.044636786,0.235318556,-0.320091009,-0.0140524302,0.867693007,-0.145301715,-0.0282652825,0.0876099914
1.78390098,3194372.94,0,0,0.00338529516,2.20010988e-05,1,0.134197064,0.0546172261,1,-0.979712725,0.00694313692,-0.021162916,0.199165508,-0.369056731,-0.000430833839,0.20114474,-0.999967575,0.0118407905,-0,-0.308185488,0.0105250832,-0.0174252838,0.55582422,-0.285696328,0.00498695672,-0.595551312,0.011030037,-0.0213212743,0.75104022,-0.334049046,-0.0071400879,-0.0252278689,-0.011452659,0.0184736215,0.327284396,0.345295608,0.0243986733,1.02433944,0.177948326,0.0665321872,-0.0352235958,0.319331706,-0.265452474,-0.00416311948,0.92934072,-0.153517649,-0.00697803218,0.0800149813,-1.26366961,0.200310439,-0.186384171,-0.181939721,1.58727002,0.17586422,-0.399335742,-0.193937972,-0.467219204,4.30442047,-0.416155219,0.677015901,0.0342616364,0.238958389,-0.267021418,0.371290296,0.129237324,-0.26688236,0.464958191,0.0874645635,0.484175622,-0.690499187,-0.686721981,-0.190892577,-0.0286985859,-0.922012806,0.141129628,-0.511998892,0.388041526,-0.549206018,0.25333038,-0.0405838378,0.336589098,0.163570672,0.0462973267,-0.407734334,-0.0213009641,-0.0135546848,0.936043918,-0.392124593,0.0237428732,0.00519586261,0.30165261,-0.00749865547,0.428890347,0.375443101,0.0236371458,0.99648881,0.187145174,0.0579239689,-0.0469509959,0.218579143,-0.30827412,0.000449562445,0.851353109,-0.14537099,-0.0306380987,0.0737411082,-0.549206018,0.25333038,-0.0405838378,0.336589098,0.163570687,0.0462973267,-0.407734334,-0.0213009641,-0.0135546848,0.936043918,-0.392124593,0.0237428732,0.00519586215,0.30165261,-0.00749865547,0.428890347,0.375443101,0.023637142,0.99648881,0.187145174,0.0579239689,-0.0469509959,0.218579143,-0.30827412,0.000449562445,0.851353109,-0.14537099,-0.030638095,0.0737411082,-0.549206018,0.25333038,-0.0405838378,0.336589098,0.163570672,0.0462973267,-0.407734334,-0.0213009641,-0.0135546848,0.936043918,-0.392124593,0.0237428732,0.00519586261,0.30165261,-0.00749865547,0.428890347,0.375443101,0.0236371458,0.99648881,0.187145174,0.0579239689,-0.0469509959,0.218579143,-0.30827412,0.000449562445,0.851353109,-0.14537099,-0.0306380987,0.0737411082
1.79489857,3194372.95,0,0,0.0143828918,2.19657086e-05,1,0.134197064,0,1,-0.979848206,0.00849822257,-0.0215447508,0.198396266,-0.270004272,0.0307498537,0.107436486,-0.999967575,0.0118407905,-0,-0.319835186,0.0123408968,-0.0186679699,0.551988959,-0.269311905,0.00638032099,-0.597236276,0.00914963987,-0.0245497748,0.792771697,-0.342176884,-0.00172423641,-0.0240694042,-0.00953441299,0.0156707447,0.331998587,0.346099108,0.0222655367,1.02736688,0.179238588,0.071022585,-0.0417276397,0.31162551,-0.267081827,-0.00366892479,0.91991663,-0.152315095,-0.0113798231,0.0818364397,-1.10563695,0.152011201,-0.0649344102,-0.529500127,1.67938793,0.113542959,-0.0668400526,-0.194308653,-0.208843082,4.19507694,-1.0978055,0.454835266,0.17242986,0.131647021,-0.301147044,0.555818319,0.0543413348,-0.169040754,0.179632738,0.162794426,0.417224258,-0.619213104,-0.825843751,-0.134601489,0.110061847,-0.969851077,0.102410279,-0.387196124,0.0254526976,-0.549206018,0.25333038,-0.0405838378,0.336589098,0.163570672,0.0462973267,-0.407734334,-0.0213009641,-0.0135546848,0.936043918,-0.392124593,0.0237428732,0.00519586261,0.30165261,-0.00749865547,0.428890347,0.375443101,0.0236371458,0.99648881,0.187145174,0.0579239689,-0.0469509959,0.218579143,-0.30827412,0.000449562445,0.851353109,-0.14537099,-0.0306380987,0.0737411082,-0.549206018,0.25333038,-0.0405838378,0.336589098,0.163570687,0.0462973267,-0.407734334,-0.0213009641,-0.0135546848,0.936043918,-0.392124593,0.0237428732,0.00519586215,0.30165261,-0.00749865547,0.428890347,0.375443101,0.023637142,0.99648881,0.187145174,0.0579239689,-0.0469509959,0.218579143,-0.30827412,0.000449562445,0.851353109,-0.14537099,-0.030638095,0.0737411082,-0.549206018,0.25333038,-0.0405838378,0.336589098,0.163570672,0.0462973267,-0.407734334,-0.0213009641,-0.0135546848,0.936043918,-0.392124593,0.0237428732,0.00519586261,0.30165261,-0.00749865547,0.428890347,0.375443101,0.0236371458,0.99648881,0.187145174,0.0579239689,-0.0469509959,0.218579143,-0.30827412,0.000449562445,0.851353109,-0.14537099,-0.0306380987,0.0737411082
1.80489898,3194372.96,0,0,0.00441054301,2.17608176e-05,1,0.109056011,0.0682926029,1,-0.979964554,0.0101907039,-0.0222438946,0.197663292,-0.346254796,0.0788039714,0.14260298,-0.999967575,0.0118407905,-0,-0.332712382,0.0145174516,-0.0197650231,0.54407233,-0.248743564,0.00739145139,-0.593664885,0.00724449707,-0.0264732987,0.836506844,-0.352951288,0.00304015609,-0.0217401609,-0.00735142175,0.0118498774,0.339613408,0.345911056,0.0203351434,1.02839184,0.181213289,0.0747077316,-0.0479532257,0.300417602,-0.26842916,-0.00204822933,0.90853399,-0.151435405,-0.0152535187,0.0806736946,-1.07108629,0.214685291,-0.135135427,-0.72551626,1.73336089,0.0688595697,0.583108425,-0.123868532,-0.149685144,3.14974165,-0.744556129,0.359577596,0.197800487,0.244200036,-0.333225161,0.674039185,-0.071125932,-0.16194731,0.0436608419,0.158151865,0.221280903,-0.438332409,-1.00848472,-0.100224987,0.132785603,-0.915045321,0.0551067442,-0.285117269,-0.142581567,-0.500881672,0.207360655,-0.0424423814,0.339555144,0.0952780694,0.00706145167,-0.447550595,-0.0098556336,-0.0124824494,0.956930935,-0.418544233,0.0215731543,0.00585780665,0.276997983,0.0146586299,0.426324248,0.378256261,0.0274238735,0.985932291,0.195197344,0.0661247373,-0.042914018,0.216885507,-0.303261608,0.0150236115,0.847738743,-0.143899918,-0.0317735672,0.0467511937,-0.500881672,0.207360655,-0.0424423814,0.339555144,0.0952780694,0.00706144422,-0.447550625,-0.0098556336,-0.0124824475,0.956930935,-0.418544233,0.0215731543,0.00585780665,0.276997983,0.0146586299,0.426324248,0.378256261,0.0274238717,0.985932291,0.195197344,0.0661247373,-0.0429140143,0.216885507,-0.303261608,0.0150236115,0.847738743,-0.143899918,-0.0317735747,0.0467511937,-0.500881672,0.207360655,-0.0424423814,0.339555144,0.0952780694,0.00706145167,-0.447550595,-0.0098556336,-0.0124824494,0.956930935,-0.418544233,0.0215731543,0.00585780665,0.276997983,0.0146586299,0.426324248,0.378256261,0.0274238735,0.985932291,0.195197344,0.0661247373,-0.042914018,0.216885507,-0.303261608,0.0150236115,0.847738743,-0.143899918,-0.0317735672,0.0467511937
1.8158685,3194372.97,0,0,0.015380065,4.45405021e-06,1,0.109056011,0,1,-0.980026186,0.011371891,-0.0225387681,0.19725962,-0.205073386,0.00254396256,0.0589477085,-0.999967575,0.0118407905,-0,-0.341656774,0.0159946643,-0.0202265792,0.534957528,-0.230910808,0.00762913609,-0.585410416,0.00594773516,-0.0261216238,0.866676867,-0.363735527,0.00580379181,-0.0188123044,-0.00616090745,0.00980291329,0.346776307,0.344892085,0.0193880405,1.02705157,0.183561087,0.0770173743,-0.0515014976,0.28920567,-0.269112647,0.00149177562,0.899625361,-0.15071848,-0.0178113859,0.0741252601,-0.842833936,0.118064299,-0.0186452568,-0.997334838,1.81172323,0.00571750337,0.970977724,-0.132571816,0.112651557,2.84200454,-1.12951994,0.240221009,0.329069793,0.0727010369,-0.174012095,0.744651377,-0.127719432,-0.0652207807,-0.21709387,0.269386858,0.219703421,-0.292721808,-1.18054962,-0.0507982448,0.449953616,-0.868655443,0.0759834871,-0.238623857,-0.877202272,-0.500881672,0.207360655,-0.0424423814,0.339555144,0.0952780694,0.00706145167,-0.447550595,-0.0098556336,-0.0124824494,0.956930935,-0.418544233,0.0215731543,0.00585780665,0.276997983,0.0146586299,0.426324248,0.378256261,0.0274238735,0.985932291,0.195197344,0.0661247373,-0.042914018,0.216885507,-0.303261608,0.0150236115,0.847738743,-0.143899918,-0.0317735672,0.0467511937,-0.500881672,0.207360655,-0.0424423814,0.339555144,0.0952780694,0.00706144422,-0.447550625,-0.0098556336,-0.0124824475,0.956930935,-0.418544233,0.0215731543,0.00585780665,0.276997983,0.0146586299,0.426324248,0.378256261,0.0274238717,0.985932291,0.195197344,0.0661247373,-0.0429140143,0.216885507,-0.303261608,0.0150236115,0.847738743,-0.143899918,-0.0317735747,0.0467511937,-0.500881672,0.207360655,-0.0424423814,0.339555144,0.0952780694,0.00706145167,-0.447550595,-0.0098556336,-0.0124824494,0.956930935,-0.418544233,0.0215731543,0.00585780665,0.276997983,0.0146586299,0.426324248,0.378256261,0.0274238735,0.985932291,0.195197344,0.0661247373,-0.042914018,0.216885507,-0.303261608,0.0150236115,0.847738743,-0.143899918,-0.0317735672,0.0467511937
1.82589974,3194372.98,0,0,0.00539929979,2.23177485e-05,1,0.12040697,0.106836751,1,-0.980099261,0.0124909133,-0.0231541023,0.196757019,-0.184256405,0.068626143,0.0767969266,-0.999967575,0.0118407905,-0,-0.352394521,0.0172787867,-0.0207583383,0.522406042,-0.208812699,0.00754075265,-0.571060836,0.00444720592,-0.0244326014,0.894743025,-0.375251263,0.00825581513,-0.0147526599,-0.00514000654,0.00715607917,0.356051177,0.342717856,0.01868641,1.023893,0.186829194,0.0789079964,-0.053636495,0.274236679,-0.269457489,0.0071159699,0.889847398,-0.14991644,-0.020438442,0.0630455092,-0.876044869,0.0898200348,-0.0394639745,-1.1013869,1.86031783,-0.0323425159,1.36826539,-0.108388692,0.203620449,2.01663899,-0.982533038,0.158909202,0.359544128,0.0678899363,-0.204413235,0.783610582,-0.21263814,-0.0506497845,-0.316442877,0.263425291,0.149411887,-0.102758102,-1.30820346,-0.0162921157,0.519358873,-0.751819909,0.0686214268,-0.216007218,-1.02931297,-0.423634231,0.165022284,-0.0436601788,0.335341394,-0.0115586817,-0.0351554602,-0.49542594,0.0103974007,-0.0143789276,0.95761174,-0.445919216,0.0174234565,0.00114832912,0.277282178,0.0218888503,0.417876333,0.379631341,0.0336692184,0.974205136,0.197477549,0.0754612163,-0.0374339074,0.230816454,-0.30732128,0.0277392752,0.858307183,-0.14225769,-0.0315887332,0.0172339231,-0.423634201,0.165022284,-0.0436601788,0.335341394,-0.0115586817,-0.035155464,-0.495425969,0.0103974007,-0.0143789314,0.95761174,-0.445919216,0.0174234565,0.00114832912,0.277282178,0.0218888521,0.417876333,0.379631341,0.033669211,0.974205136,0.197477549,0.0754612163,-0.0374339037,0.230816454,-0.30732128,0.0277392752,0.858307183,-0.14225769,-0.0315887369,0.0172339231,-0.423634231,0.165022284,-0.0436601788,0.335341394,-0.0115586817,-0.0351554602,-0.49542594,0.0103974007,-0.0143789276,0.95761174,-0.445919216,0.0174234565,0.00114832912,0.277282178,0.0218888503,0.417876333,0.379631341,0.0336692184,0.974205136,0.197477549,0.0754612163,-0.0374339074,0.230816454,-0.30732128,0.0277392752,0.858307183,-0.14225769,-0.0315887332,0.0172339231
1.83686846,3194372.99,0,0,0.016368011,4.45032492e-06,1,0.12040697,0,1,-0.980115592,0.0130188866,-0.0233190004,0.196621835,-0.0863355622,0.0070688203,0.018722238,-0.999967575,0.0118407905,-0,-0.359880298,0.0177440383,-0.0204880517,0.51028657,-0.189959303,0.00681957789,-0.555402339,0.00372731918,-0.0207620468,0.912238657,-0.386994302,0.00917420629,-0.0106408866,-0.00526371272,0.00613133702,0.363924712,0.340372801,0.0184191838,1.01962006,0.189264342,0.0811358541,-0.0541106537,0.260238975,-0.269549668,0.0138121126,0.883506715,-0.149052873,-0.0227035992,0.0496301688,-0.727667272,0.0266905036,0.0381961763,-1.2464937,1.89923728,-0.0812307894,1.66935802,-0.0559437163,0.421838135,1.5411284,-1.15867233,0.0628897473,0.417912364,-0.0311709791,-0.0801422447,0.786761284,-0.254214048,-0.0160964131,-0.464802057,0.227146864,0.245077625,-0.0156264734,-1.44040608,-0.00613108044,0.714095533,-0.573489487,0.0892281234,-0.225699618,-1.4279592,-0.423634231,0.165022284,-0.0436601788,0.335341394,-0.0115586817,-0.0351554602,-0.49542594,0.0103974007,-0.0143789276,0.95761174,-0.445919216,0.0174234565,0.00114832912,0.277282178,0.0218888503,0.417876333,0.379631341,0.0336692184,0.974205136,0.197477549,0.0754612163,-0.0374339074,0.230816454,-0.30732128,0.0277392752,0.858307183,-0.14225769,-0.0315887332,0.0172339231,-0.423634201,0.165022284,-0.0436601788,0.335341394,-0.0115586817,-0.035155464,-0.495425969,0.0103974007,-0.0143789314,0.95761174,-0.445919216,0.0174234565,0.00114832912,0.277282178,0.0218888521,0.417876333,0.379631341,0.033669211,0.974205136,0.197477549,0.0754612163,-0.0374339037,0.230816454,-0.30732128,0.0277392752,0.858307183,-0.14225769,-0.0315887369,0.0172339231,-0.423634231,0.165022284,-0.0436601788,0.335341394,-0.0115586817,-0.0351554602,-0.49542594,0.0103974007,-0.0143789276,0.95761174,-0.445919216,0.0174234565,0.00114832912,0.277282178,0.0218888503,0.417876333,0.379631341,0.0336692184,0.974205136,0.197477549,0.0754612163,-0.0374339074,0.230816454,-0.30732128,0.0277392752,0.858307183,-0.14225769,-0.0315887332,0.0172339231
1.84690221,3194373,0,0,0.00638890266,2.31987797e-05,1,0.133237801,0.158321217,1,-0.980138123,0.0133331232,-0.0237007309,0.196442693,-0.074487403,0.0736956298,0.0428641103,-0.999967575,0.0118407905,-0,-0.367859721,0.0178456847,-0.020239152,0.497868568,-0.170843661,0.0060812789,-0.537871242,0.00324024819,-0.0165496152,0.924326122,-0.397286743,0.00967935193,-0.00659832591,-0.00546684721,0.00484024873,0.371713758,0.337527186,0.0183280967,1.01509106,0.191165566,0.0834140703,-0.0538865067,0.245704606,-0.269581646,0.0206441097,0.878332615,-0.148202717,-0.024826698,0.0363165773,-0.810028434,0.00458515901,0.0148061644,-1.24462819,1.90360296,-0.0919198543,1.84375834,-0.0443780757,0.400696188,0.936524332,-1.00421774,0.0416646935,0.398445576,-0.00874864124,-0.135223448,0.767360151,-0.306047201,-0.00628909515,-0.443540603,0.146774262,0.222525179,0.0497762673,-1.45515287,-0.00222257106,0.65861845,-0.472453147,0.102395445,-0.206017002,-1.28086209,-0.349638402,0.140279233,-0.0509258658,0.316441089,-0.169879898,-0.0691625029,-0.526596248,0.0252083093,-0.0212726071,0.932826638,-0.468333066,0.0115066264,-0.00296076853,0.302068144,0.0103563964,0.410383761,0.384521604,0.0376566499,0.954659462,0.191528618,0.0751449689,-0.0309259742,0.254524142,-0.316193759,0.0346982852,0.871775627,-0.137445062,-0.030511871,-0.00475736894,-0.349638402,0.140279233,-0.0509258658,0.316441089,-0.169879898,-0.0691625029,-0.526596248,0.0252083093,-0.0212726071,0.932826638,-0.468333066,0.0115066264,-0.0029607676,0.302068144,0.0103563964,0.410383761,0.384521604,0.0376566537,0.954659462,0.191528618,0.0751449689,-0.0309259705,0.254524142,-0.316193759,0.0346982852,0.871775627,-0.137445062,-0.030511871,-0.00475736894,-0.349638402,0.140279233,-0.0509258658,0.316441089,-0.169879898,-0.0691625029,-0.526596248,0.0252083093,-0.0212726071,0.932826638,-0.468333066,0.0115066264,-0.00296076853,0.302068144,0.0103563964,0.410383761,0.384521604,0.0376566499,0.954659462,0.191528618,0.0751449689,-0.0309259742,0.254524142,-0.316193759,0.0346982852,0.871775627,-0.137445062,-0.030511871,-0.00475736894
1.85690476,3194373.01,0,0,0.0163914547,2.44248658e-05,1,0.133237801,0,1,-0.980167389,0.0135803409,-0.0238400567,0.196262926,-0.0405845679,0.0237215813,0.034294527,-0.999967575,0.0118407905,-0,-0.375030607,0.0177674051,-0.020034235,0.484980255,-0.151962921,0.00470844051,-0.517378569,0.00283714919,-0.0128632076,0.929243326,-0.408324629,0.00989415124,-0.00252172467,-0.00556249591,0.00425481796,0.379109144,0.334169686,0.0182878599,1.01048756,0.191947997,0.0859527439,-0.0529695302,0.231214076,-0.269602597,0.027265206,0.874538302,-0.146555558,-0.026888309,0.022831589,-0.718044341,-0.0197413545,0.0244639497,-1.29585266,1.88436997,-0.145273581,2.10586953,-0.0449250452,0.339728892,0.274211138,-1.08068526,0.0128426543,0.409765273,-0.0085548237,-0.0655281842,0.729538143,-0.351406872,-0.00284847477,-0.452192247,0.0468423478,0.252482146,0.10960371,-1.42064083,-0.00161307631,0.633154333,-0.340611637,0.181467071,-0.198401511,-1.30213249,-0.349638402,0.140279233,-0.0509258658,0.316441089,-0.169879898,-0.0691625029,-0.526596248,0.0252083093,-0.0212726071,0.932826638,-0.468333066,0.0115066264,-0.00296076853,0.302068144,0.0103563964,0.410383761,0.384521604,0.0376566499,0.954659462,0.191528618,0.0751449689,-0.0309259742,0.254524142,-0.316193759,0.0346982852,0.871775627,-0.137445062,-0.030511871,-0.00475736894,-0.349638402,0.140279233,-0.0509258658,0.316441089,-0.169879898,-0.0691625029,-0.526596248,0.0252083093,-0.0212726071,0.932826638,-0.468333066,0.0115066264,-0.0029607676,0.302068144,0.0103563964,0.410383761,0.384521604,0.0376566537,0.954659462,0.191528618,0.0751449689,-0.0309259705,0.254524142,-0.316193759,0.0346982852,0.871775627,-0.137445062,-0.030511871,-0.00475736894,-0.349638402,0.140279233,-0.0509258658,0.316441089,-0.169879898,-0.0691625029,-0.526596248,0.0252083093,-0.0212726071,0.932826638,-0.468333066,0.0115066264,-0.00296076853,0.302068144,0.0103563964,0.410383761,0.384521604,0.0376566499,0.954659462,0.191528618,0.0751449689,-0.0309259742,0.254524142,-0.316193759,0.0346982852,0.871775627,-0.137445062,-0.030511871,-0.00475736894
1.86787226,3194373.02,0,0,0.00727900397,5.18001616e-06,1,0.211046077,0.185192302,1,-0.980200171,0.0136237564,-0.0242732745,0.196042836,-0.0232987441,0.00549333775,0.0378661752,-0.999967575,0.0118407905,-0,-0.384404182,0.0173236504,-0.0197214279,0.469800383,-0.129569024,0.00283274101,-0.491873175,0.00215776148,-0.00965544023,0.928813636,-0.419871837,0.00996947754,0.0023725573,-0.00553067494,0.00285883085,0.387601405,0.329720914,0.0182651691,1.00566339,0.192068353,0.0884564966,-0.0515168458,0.215209618,-0.269633323,0.0337448381,0.870799065,-0.144264773,-0.0288557056,0.00952395797,-0.704442441,-0.0309614465,0.0173150264,-1.26007617,1.81156111,-0.228186741,2.30761504,-0.0487672314,0.199763849,-0.483417153,-0.926447511,0.00233516842,0.416322082,0.0254335515,-0.0356041752,0.665998161,-0.391732574,-0.00194567686,-0.376460761,-0.0357984789,0.187479794,0.138771445,-1.28294158,-0.00812878553,0.506675124,-0.269580096,0.261331528,-0.118829913,-1.08769524,-0.286978304,0.134477034,-0.0651475191,0.292487472,-0.3550722,-0.0912031606,-0.53831923,0.032465253,-0.0255726948,0.884341061,-0.481832027,0.0104522333,-0.00430610124,0.32360369,-0.0065319268,0.400346339,0.382128119,0.0380429476,0.930838346,0.181364015,0.0651061758,-0.0266087428,0.275864959,-0.327068925,0.038917657,0.882909715,-0.129289612,-0.0254033208,-0.0212886315,-0.286978304,0.134477034,-0.0651475191,0.292487472,-0.3550722,-0.0912031606,-0.53831923,0.032465253,-0.0255726911,0.884341061,-0.481832027,0.0104522333,-0.00430610031,0.32360369,-0.0065319268,0.400346339,0.382128119,0.0380429402,0.930838346,0.181364015,0.0651061758,-0.0266087446,0.275864959,-0.327068925,0.038917657,0.882909715,-0.129289612,-0.0254033208,-0.0212886333,-0.286978304,0.134477034,-0.0651475191,0.292487472,-0.3550722,-0.0912031606,-0.53831923,0.032465253,-0.0255726948,0.884341061,-0.481832027,0.0104522333,-0.00430610124,0.32360369,-0.0065319268,0.400346339,0.382128119,0.0380429476,0.930838346,0.181364015,0.0651061758,-0.0266087428,0.275864959,-0.327068925,0.038917657,0.882909715,-0.129289612,-0.0254033208,-0.0212886315
1.87888463,3194373.03,0,0,0.0182913751,4.85824421e-06,1,0.211046077,0,1,-0.980226159,0.0137045011,-0.024158705,0.195921436,0.00878022239,-0.00371846743,0.00720990216,-0.999967575,0.0118407905,-0,-0.390945762,0.0170631688,-0.0194162745,0.457227051,-0.111991897,-6.15708814e-06,-0.467516154,0.00178040739,-0.00828289986,0.919290841,-0.428866476,0.00996775646,0.00670313416,-0.00517281843,0.00271792547,0.394141972,0.325669169,0.0182435922,1.002074,0.19106786,0.090018943,-0.0500374362,0.203392491,-0.26973021,0.0383988805,0.868621409,-0.141028762,-0.0295183565,-0.00100439659,-0.673959255,-0.0303518511,0.0570925623,-1.24724925,1.73515821,-0.293542832,2.42184901,-0.0371321067,0.111918814,-1.12471378,-0.867375135,-0.00119058532,0.445078433,0.0276599191,-0.0536972396,0.664079607,-0.406074107,-0.00208167499,-0.347887635,-0.137048811,0.126674637,0.144873574,-1.10040557,-0.00764378021,0.423591018,-0.195732549,0.32868433,-0.0421683267,-0.974027455,-0.286978304,0.134477034,-0.0651475191,0.292487472,-0.3550722,-0.0912031606,-0.53831923,0.032465253,-0.0255726948,0.884341061,-0.481832027,0.0104522333,-0.00430610124,0.32360369,-0.0065319268,0.400346339,0.382128119,0.0380429476,0.930838346,0.181364015,0.0651061758,-0.0266087428,0.275864959,-0.327068925,0.038917657,0.882909715,-0.129289612,-0.0254033208,-0.0212886315,-0.286978304,0.134477034,-0.0651475191,0.292487472,-0.3550722,-0.0912031606,-0.53831923,0.032465253,-0.0255726911,0.884341061,-0.481832027,0.0104522333,-0.00430610031,0.32360369,-0.0065319268,0.400346339,0.382128119,0.0380429402,0.930838346,0.181364015,0.0651061758,-0.0266087446,0.275864959,-0.327068925,0.038917657,0.882909715,-0.129289612,-0.0254033208,-0.0212886333,-0.286978304,0.134477034,-0.0651475191,0.292487472,-0.3550722,-0.0912031606,-0.53831923,0.032465253,-0.0255726948,0.884341061,-0.481832027,0.0104522333,-0.00430610124,0.32360369,-0.0065319268,0.400346339,0.382128119,0.0380429476,0.930838346,0.181364015,0.0651061758,-0.0266087428,0.275864959,-0.327068925,0.038917657,0.882909715,-0.129289612,-0.0254033208,-0.0212886315
1.88990089,3194373.05,0,0,0.00933962176,2.2620894e-05,1,0.17928984,0.176092565,1,-0.980248868,0.0134473471,-0.0241823159,0.195822716,0.0552271493,-0.063297838,0.0722492337,-0.999967575,0.0118407905,-0,-0.399913996,0.0164828859,-0.0183955561,0.444249779,-0.0957102627,-0.00353004411,-0.438469023,0.0012253396,-0.0075682099,0.901831865,-0.437560111,0.00997320469,0.011792819,-0.00493620709,0.00178386853,0.401856542,0.320736796,0.018216392,0.998505354,0.1886307,0.0908248425,-0.0483359993,0.191794157,-0.269812822,0.0426632948,0.866763413,-0.137205392,-0.0297722556,-0.0110339345,-0.74485445,-0.0773052126,0.0621124804,-0.840765834,0.68632251,-0.312620282,2.62478423,-0.0591182485,0.00597387413,-2.04051805,-0.557869196,0.00424312567,0.380521059,0.0205698796,0.0142753348,0.570362687,-0.424238086,-0.00306729297,-0.235553145,-0.270814925,0.0349442661,0.160984963,-0.886712372,-0.00731427688,0.339838475,-0.0934072882,0.356099188,-0.00832620449,-0.82915324,-0.246706456,0.142047673,-0.0822299272,0.273539871,-0.531164765,-0.107152127,-0.529518068,0.0326364376,-0.0258111581,0.818017125,-0.481426239,0.0135118049,-0.00290238578,0.334198058,-0.0264465101,0.385448933,0.367409825,0.0348731875,0.912391782,0.172382906,0.0521998331,-0.023775965,0.28500548,-0.336864352,0.0420646034,0.892754912,-0.12318375,-0.0198741704,-0.0327894166,-0.246706456,0.142047673,-0.0822299272,0.273539871,-0.531164765,-0.107152127,-0.529518068,0.0326364376,-0.0258111618,0.818017125,-0.481426239,0.0135118049,-0.00290238485,0.334198058,-0.0264465101,0.385448933,0.367409825,0.0348731875,0.912391782,0.172382906,0.0521998331,-0.0237759613,0.28500548,-0.336864352,0.0420646034,0.892754912,-0.12318375,-0.0198741741,-0.0327894166,-0.246706456,0.142047673,-0.0822299272,0.273539871,-0.531164765,-0.107152127,-0.529518068,0.0326364376,-0.0258111581,0.818017125,-0.481426239,0.0135118049,-0.00290238578,0.334198058,-0.0264465101,0.385448933,0.367409825,0.0348731875,0.912391782,0.172382906,0.0521998331,-0.023775965,0.28500548,-0.336864352,0.0420646034,0.892754912,-0.12318375,-0.0198741704,-0.0327894166
1.90087133,3194373.06,0,0,0.000319481362,5.08641824e-06,1,0.169880223,0.0856331587,1,-0.980327129,0.0128107965,-0.0237994827,0.195520326,0.209825888,-0.0166369416,0.0374239907,-0.999967575,0.0118407905,-0,-0.407635152,0.0150443129,-0.0172151234,0.436922282,-0.093626909,-0.00662206439,-0.412460387,0.000173746099,-0.00742417807,0.878584146,-0.44285658,0.0100382147,0.0157566629,-0.00546634756,0.0016617137,0.407157123,0.31655845,0.0181845352,0.996560812,0.18538025,0.0909968242,-0.0467728823,0.184349999,-0.269854784,0.0458655991,0.866273165,-0.133762792,-0.0297769066,-0.0185259935,-0.799155891,-0.192890763,0.179503337,-0.713426411,0.00939375069,-0.299035013,2.49374366,-0.144363448,0.0351849906,-2.34203577,-0.534909368,0.00730304979,0.420544267,-0.119349293,-0.0590519272,0.518259525,-0.408170849,-0.00290899002,-0.180216104,-0.351124465,0.00886168797,0.145112902,-0.647085667,-0.00223495672,0.303356469,-0.0294969473,0.316531062,0.0030269518,-0.66715163,-0.246706456,0.142047673,-0.0822299272,0.273539871,-0.531164765,-0.107152127,-0.529518068,0.0326364376,-0.0258111581,0.818017125,-0.481426239,0.0135118049,-0.00290238578,0.334198058,-0.0264465101,0.385448933,0.367409825,0.0348731875,0.912391782,0.172382906,0.0521998331,-0.023775965,0.28500548,-0.336864352,0.0420646034,0.892754912,-0.12318375,-0.0198741704,-0.0327894166,-0.207673162,0.163249642,-0.0962606519,0.281567305,-0.605657339,-0.124698967,-0.519344509,0.0309686176,-0.0210027285,0.732383966,-0.456654668,0.0166646168,-0.00224210788,0.336247504,-0.0488207713,0.359354854,0.344782948,0.0304053221,0.898929358,0.16576992,0.0425337106,-0.0182272699,0.284989238,-0.342785329,0.041408252,0.90226233,-0.122511104,-0.0173118934,-0.0371606611,-0.207673162,0.163249642,-0.0962606519,0.281567305,-0.605657339,-0.124698967,-0.519344509,0.0309686176,-0.0210027322,0.732383966,-0.456654668,0.0166646168,-0.00224210788,0.336247504,-0.0488207713,0.359354854,0.344782948,0.0304053277,0.898929358,0.16576992,0.0425337106,-0.0182272717,0.284989238,-0.342785329,0.041408252,0.90226233,-0.122511104,-0.0173119009,-0.0371606648
1.91091172,3194373.07,0,0,0.010359867,4.72087413e-06,1,0.169880223,0,1,-0.980396986,0.0116207749,-0.0233923625,0.195293307,0.221183941,-0.113687091,0.108908907,-0.999967575,0.0118407905,-0,-0.415765703,0.0127006797,-0.0153782591,0.430915594,-0.0975094214,-0.00972593203,-0.387512028,-0.00124968588,-0.00704093464,0.851999283,-0.446001559,0.0101690926,0.0197303686,-0.00679840101,0.0013571732,0.411691308,0.312249005,0.0181578286,0.995198786,0.181593478,0.0910372883,-0.0451516509,0.178970382,-0.269943595,0.0483818464,0.866387784,-0.131181747,-0.0295827407,-0.0240700748,-0.788021922,-0.237093359,0.119046077,-0.44029355,-0.810375512,-0.341097802,2.69266176,-0.0949424282,0.0143747116,-3.25668335,-0.0277913548,0.0196974799,0.345375389,-0.0795133337,0.0715127289,0.36862722,-0.472936213,-0.00289686536,-0.0841674134,-0.400173336,0.00365775637,0.204530269,-0.482626706,-0.0185007919,0.205956414,0.0570136495,0.222650111,0.0409344658,-0.508664012,-0.207673162,0.163249642,-0.0962606519,0.281567305,-0.605657339,-0.124698967,-0.519344509,0.0309686176,-0.0210027322,0.732383966,-0.456654668,0.0166646168,-0.00224210788,0.336247504,-0.0488207713,0.359354854,0.344782948,0.0304053277,0.898929358,0.16576992,0.0425337106,-0.0182272717,0.284989238,-0.342785329,0.041408252,0.90226233,-0.122511104,-0.0173119009,-0.0371606648,-0.207673162,0.163249642,-0.0962606519,0.281567305,-0.605657339,-0.124698967,-0.519344509,0.0309686176,-0.0210027285,0.732383966,-0.456654668,0.0166646168,-0.00224210788,0.336247504,-0.0488207713,0.359354854,0.344782948,0.0304053221,0.898929358,0.16576992,0.0425337106,-0.0182272699,0.284989238,-0.342785329,0.041408252,0.90226233,-0.122511104,-0.0173118934,-0.0371606611,-0.207673162,0.163249642,-0.0962606519,0.281567305,-0.605657339,-0.124698967,-0.519344509,0.0309686176,-0.0210027322,0.732383966,-0.456654668,0.0166646168,-0.00224210788,0.336247504,-0.0488207713,0.359354854,0.344782948,0.0304053277,0.898929358,0.16576992,0.0425337106,-0.0182272717,0.284989238,-0.342785329,0.041408252,0.90226233,-0.122511104,-0.0173119009,-0.0371606648
1.92190427,3194373.08,0,0,0.00133812893,2.48812139e-05,1,0.155216083,0.0958038568,1,-0.980499566,0.0103711393,-0.0226852987,0.194931686,0.331912458,-0.0525942072,0.0241652932,-0.999967575,0.0118407905,-0,-0.423861951,0.00997645315,-0.0138947396,0.426942497,-0.108551987,-0.0131680239,-0.361560881,-0.00201218924,-0.00637231814,0.817216396,-0.445870787,0.0103623057,0.0233834293,-0.00786076672,0.00176183321,0.414842337,0.307266146,0.018132221,0.994761407,0.17749007,0.091059804,-0.0428650156,0.175374642,-0.270110399,0.0498961471,0.867333174,-0.129481554,-0.028938733,-0.0282590594,-0.825440288,-0.302293479,0.210503116,-0.42086342,-1.21262109,-0.334602028,2.42250395,-0.0788406059,0.133804977,-3.3984499,0.00697927503,0.0189156048,0.402947724,-0.156340748,-0.00213759043,0.292412281,-0.50438261,-0.00204711757,-0.0269172266,-0.412645131,0.00047131005,0.233466506,-0.280750662,-0.0119280471,0.122532956,0.108494923,0.13669835,0.0755205154,-0.353558779,-0.183314472,0.176262334,-0.102859631,0.296808213,-0.6203655,-0.141818151,-0.504823148,0.0166284442,-0.00398697332,0.63658011,-0.399400711,0.0168528184,-0.00662873406,0.325053483,-0.0760787129,0.317355067,0.332978308,0.0271957666,0.886818945,0.163580656,0.0339985713,-0.00557989627,0.285744369,-0.346178234,0.0380139016,0.909699738,-0.12759386,-0.0195756257,-0.0347597301,-0.183314472,0.176262334,-0.102859631,0.296808213,-0.6203655,-0.141818151,-0.504823148,0.0166284442,-0.00398697332,0.63658011,-0.399400711,0.0168528184,-0.00662873313,0.325053483,-0.0760787129,0.317355067,0.332978308,0.027195761,0.886818945,0.163580656,0.0339985713,-0.0055798972,0.285744369,-0.346178234,0.0380139016,0.909699738,-0.12759386,-0.0195756275,-0.0347597264,-0.183314472,0.176262334,-0.102859631,0.296808213,-0.6203655,-0.141818151,-0.504823148,0.0166284442,-0.00398697332,0.63658011,-0.399400711,0.0168528184,-0.00662873406,0.325053483,-0.0760787129,0.317355067,0.332978308,0.0271957666,0.886818945,0.163580656,0.0339985713,-0.00557989627,0.285744369,-0.346178234,0.0380139016,0.909699738,-0.12759386,-0.0195756257,-0.0347597301
1.9329004,3194373.09,0,0,0.0123342606,2.22977251e-05,1,0.155216083,0,1,-0.980548739,0.00868693274,-0.0220818017,0.194836184,0.310893029,-0.108119838,0.100046232,-0.999967575,0.0118407905,-0,-0.43211025,0.00673043868,-0.0118253073,0.422807992,-0.122304864,-0.0166347977,-0.338235527,-0.00257331412,-0.00478294259,0.781170964,-0.441343188,0.0105762929,0.0269027688,-0.00930725317,0.0018711529,0.417093396,0.30175063,0.0181131288,0.995091677,0.173486441,0.0910561085,-0.0400643088,0.173272327,-0.27037546,0.0507178493,0.868954778,-0.128602386,-0.0282998085,-0.0306639448,-0.796937585,-0.320168614,0.127088562,-0.356355786,-1.54466832,-0.380017668,2.48179746,-0.00693791732,0.131716505,-4.1962347,1.05079746,0.0244039074,0.249441057,-0.068915695,0.0782010555,0.147719309,-0.612183213,-0.00248978124,0.10514649,-0.38533783,0.000981179299,0.350233555,-0.18149434,-0.04975079,0.0522698425,0.233330444,0.055017639,0.0421802178,-0.156728044,-0.183314472,0.176262334,-0.102859631,0.296808213,-0.6203655,-0.141818151,-0.504823148,0.0166284442,-0.00398697332,0.63658011,-0.399400711,0.0168528184,-0.00662873406,0.325053483,-0.0760787129,0.317355067,0.332978308,0.0271957666,0.886818945,0.163580656,0.0339985713,-0.00557989627,0.285744369,-0.346178234,0.0380139016,0.909699738,-0.12759386,-0.0195756257,-0.0347597301,-0.183314472,0.176262334,-0.102859631,0.296808213,-0.6203655,-0.141818151,-0.504823148,0.0166284442,-0.00398697332,0.63658011,-0.399400711,0.0168528184,-0.00662873313,0.325053483,-0.0760787129,0.317355067,0.332978308,0.027195761,0.886818945,0.163580656,0.0339985713,-0.0055798972,0.285744369,-0.346178234,0.0380139016,0.909699738,-0.12759386,-0.0195756275,-0.0347597264,-0.183314472,0.176262334,-0.102859631,0.296808213,-0.6203655,-0.141818151,-0.504823148,0.0166284442,-0.00398697332,0.63658011,-0.399400711,0.0168528184,-0.00662873406,0.325053483,-0.0760787129,0.317355067,0.332978308,0.0271957666,0.886818945,0.163580656,0.0339985713,-0.00557989627,0.285744369,-0.346178234,0.0380139016,0.909699738,-0.12759386,-0.0195756257,-0.0347597301
1.94467148,3194373.1,0,0,0.00414599013,1.24238431e-05,1,0.144903082,0.0816600323,1,-0.980622172,0.00608391361,-0.0211761929,0.194665641,0.486543089,0.00952497963,-0.0782182589,-0.999967575,0.0118407905,-0,-0.443532318,0.00164941885,-0.00919141062,0.416964084,-0.145711303,-0.0220166929,-0.307631463,-0.0024348693,-0.000660779828,0.722738624,-0.427766144,0.0108772963,0.0302909724,-0.0109335631,0.0023148281,0.418399513,0.29257381,0.0180789307,0.996862411,0.168626264,0.0912411287,-0.0344830118,0.172033966,-0.271242589,0.0510709099,0.873112023,-0.128251955,-0.027999796,-0.0316665657,-0.838285387,-0.397284627,0.2985183,-0.503386021,-1.6978364,-0.36956051,1.77599001,-0.00595675921,0.444813639,-3.69144297,0.719225645,0.0197002403,0.277950495,-0.196412429,-0.00966762193,0.0765619874,-0.667685509,-0.001830781,0.0961428583,-0.321268171,0.0243907254,0.399115384,-0.0395819023,-0.0646161065,0.0137394676,0.314633727,0.011998293,0.0132992044,-0.0343912914,-0.188780963,0.161825597,-0.0878369957,0.303528756,-0.600579441,-0.147580594,-0.470128477,-0.00863565691,0.0204170942,0.554920077,-0.331143379,0.0104147308,-0.0131354602,0.303959608,-0.11255005,0.272298843,0.341273963,0.0286007673,0.876192927,0.167705014,0.0237033442,0.0134120733,0.283801198,-0.346236974,0.0390288867,0.914519966,-0.138672262,-0.0239540935,-0.0253173392,-0.188780963,0.161825597,-0.0878369957,0.303528756,-0.600579441,-0.147580594,-0.470128506,-0.00863565691,0.0204170961,0.554920077,-0.331143379,0.0104147308,-0.0131354611,0.303959608,-0.11255005,0.272298843,0.341273963,0.0286007673,0.876192927,0.167705014,0.0237033423,0.0134120714,0.283801198,-0.346236974,0.0390288867,0.914519966,-0.138672262,-0.023954086,-0.0253173411,-0.188780963,0.161825597,-0.0878369957,0.303528756,-0.600579441,-0.147580594,-0.470128477,-0.00863565691,0.0204170942,0.554920077,-0.331143379,0.0104147308,-0.0131354602,0.303959608,-0.11255005,0.272298843,0.341273963,0.0286007673,0.876192927,0.167705014,0.0237033442,0.0134120733,0.283801198,-0.346236974,0.0390288867,0.914519966,-0.138672262,-0.0239540935,-0.0253173392
1.95486974,3194373.11,0,0,0.0143442494,4.7441572e-06,1,0.144903082,0,1,-0.98064518,0.00368878245,-0.0205602515,0.194675967,0.530362129,-0.0244343225,0.018701084,-0.999967575,0.0118407905,-0,-0.451252788,-0.00268546026,-0.00650786422,0.411022693,-0.162473112,-0.025621444,-0.288929552,-0.00251062005,0.00445536198,0.679350376,-0.41022265,0.010971711,0.0314140879,-0.012610985,0.00257176743,0.418429762,0.285248041,0.0180441532,0.998722255,0.166296542,0.0913622454,-0.029482007,0.171870977,-0.272163123,0.0511645377,0.8770625,-0.12929365,-0.0279619265,-0.0308082495,-0.750544071,-0.465313196,0.290136993,-0.657982767,-1.67495036,-0.347196281,1.80439115,-0.0263100993,0.590323746,-4.47327662,1.99516582,0.00469281664,0.0481595173,-0.187168002,0.0243241433,-0.0299195424,-0.75739032,-0.00420295401,0.215581492,-0.180787697,0.00712912111,0.540643215,0.00202009198,-0.102596521,0.00750391139,0.429947674,-0.155684829,-8.91476611e-06,0.142667472,-0.188780963,0.161825597,-0.0878369957,0.303528756,-0.600579441,-0.147580594,-0.470128477,-0.00863565691,0.0204170942,0.554920077,-0.331143379,0.0104147308,-0.0131354602,0.303959608,-0.11255005,0.272298843,0.341273963,0.0286007673,0.876192927,0.167705014,0.0237033442,0.0134120733,0.283801198,-0.346236974,0.0390288867,0.914519966,-0.138672262,-0.0239540935,-0.0253173392,-0.188780963,0.161825597,-0.0878369957,0.303528756,-0.600579441,-0.147580594,-0.470128506,-0.00863565691,0.0204170961,0.554920077,-0.331143379,0.0104147308,-0.0131354611,0.303959608,-0.11255005,0.272298843,0.341273963,0.0286007673,0.876192927,0.167705014,0.0237033423,0.0134120714,0.283801198,-0.346236974,0.0390288867,0.914519966,-0.138672262,-0.023954086,-0.0253173411,-0.188780963,0.161825597,-0.0878369957,0.303528756,-0.600579441,-0.147580594,-0.470128477,-0.00863565691,0.0204170942,0.554920077,-0.331143379,0.0104147308,-0.0131354602,0.303959608,-0.11255005,0.272298843,0.341273963,0.0286007673,0.876192927,0.167705014,0.0237033442,0.0134120733,0.283801198,-0.346236974,0.0390288867,0.914519966,-0.138672262,-0.0239540935,-0.0253173392
1.96488721,3194373.12,0,0,0.00434175879,4.09502536e-06,1,0.16468903,0.0694301128,1,-0.980605841,0.000574118225,-0.0200303551,0.194963083,0.694048822,0.0479669236,-0.091712147,-0.999967575,0.0118407905,-0,-0.458871871,-0.00792832021,-0.00268748193,0.403624833,-0.179418936,-0.0289435238,-0.274586171,-0.00363427144,0.0113263419,0.639587939,-0.393693775,0.0109824128,0.0316706784,-0.0152982948,0.00267628208,0.417849272,0.277623594,0.0179905128,1.00064075,0.165030047,0.0914083198,-0.0241495222,0.172158837,-0.273290575,0.0512272082,0.881204903,-0.130945802,-0.0279781017,-0.0291678328,-0.780732155,-0.559633315,0.433685958,-0.782020211,-1.70446193,-0.32503593,1.15013134,-0.176404789,0.712727189,-3.5386951,1.43615925,-0.00068900967,0.0155946342,-0.311893612,0.00481100567,-0.0797905326,-0.764080167,-0.00772920111,0.168625727,-0.0948621258,0.00369371939,0.511396825,0.0474716201,-0.124849156,0.005604757,0.387232929,-0.158372879,-0.00204475247,0.163955227,-0.2274611,0.121431872,-0.0438450947,0.312195778,-0.531149328,-0.133620679,-0.423774362,-0.0709889382,0.0616106577,0.501275897,-0.26514262,-0.0117685199,-0.0168798044,0.267054915,-0.158844307,0.227970228,0.37278387,0.0343851,0.865063548,0.178228438,0.00505872816,0.0274767168,0.265390724,-0.3492769,0.0437553413,0.910969853,-0.155008137,-0.0267382413,-0.00978782959,-0.2274611,0.121431872,-0.0438450947,0.312195778,-0.531149328,-0.133620679,-0.423774362,-0.0709889382,0.0616106577,0.501275897,-0.26514262,-0.0117685199,-0.0168798044,0.267054915,-0.158844307,0.227970228,0.37278387,0.0343851037,0.865063548,0.178228438,0.00505873049,0.0274767168,0.265390724,-0.3492769,0.0437553413,0.910969853,-0.155008137,-0.0267382376,-0.00978782959,-0.2274611,0.121431872,-0.0438450947,0.312195778,-0.531149328,-0.133620679,-0.423774362,-0.0709889382,0.0616106577,0.501275897,-0.26514262,-0.0117685199,-0.0168798044,0.267054915,-0.158844307,0.227970228,0.37278387,0.0343851,0.865063548,0.178228438,0.00505872816,0.0274767168,0.265390724,-0.3492769,0.0437553413,0.910969853,-0.155008137,-0.0267382413,-0.00978782959
1.97489846,3194373.13,0,0,0.0143530108,4.28315252e-06,1,0.16468903,0,1,-0.980496764,-0.00364992092,-0.0195235536,0.195529073,0.94907999,0.083485648,-0.10361997,-0.999967575,0.0118407905,-0,-0.465924859,-0.0141079128,0.00433297968,0.393466204,-0.194332257,-0.0309861824,-0.264164895,-0.00730883935,0.0202632137,0.60225606,-0.370711058,0.00828864332,0.0311871599,-0.0198183153,0.00243719388,0.416510969,0.270427644,0.0173316915,1.00334442,0.164553851,0.0903901234,-0.0191448871,0.173038781,-0.274800301,0.0514759347,0.884903312,-0.13540788,-0.0280195214,-0.0249798559,-0.68718487,-0.669254482,0.840008497,-1.11586189,-1.42274797,-0.161795795,0.913128614,-0.502424657,0.978357196,-3.68001461,2.46986103,-0.328485429,-0.0869264156,-0.534816444,-0.0410772264,-0.167946413,-0.689101815,-0.10569676,0.306313366,-0.0259784739,-0.149378091,0.475512475,0.116170965,-0.173320428,0.0387197435,0.340840012,-0.564820707,-0.00498887245,0.52864033,-0.2274611,0.121431872,-0.0438450947,0.312195778,-0.531149328,-0.133620679,-0.423774362,-0.0709889382,0.0616106577,0.501275897,-0.26514262,-0.0117685199,-0.0168798044,0.267054915,-0.158844307,0.227970228,0.37278387,0.0343851,0.865063548,0.178228438,0.00505872816,0.0274767168,0.265390724,-0.3492769,0.0437553413,0.910969853,-0.155008137,-0.0267382413,-0.00978782959,-0.2274611,0.121431872,-0.0438450947,0.312195778,-0.531149328,-0.133620679,-0.423774362,-0.0709889382,0.0616106577,0.501275897,-0.26514262,-0.0117685199,-0.0168798044,0.267054915,-0.158844307,0.227970228,0.37278387,0.0343851037,0.865063548,0.178228438,0.00505873049,0.0274767168,0.265390724,-0.3492769,0.0437553413,0.910969853,-0.155008137,-0.0267382376,-0.00978782959,-0.2274611,0.121431872,-0.0438450947,0.312195778,-0.531149328,-0.133620679,-0.423774362,-0.0709889382,0.0616106577,0.501275897,-0.26514262,-0.0117685199,-0.0168798044,0.267054915,-0.158844307,0.227970228,0.37278387,0.0343851,0.865063548,0.178228438,0.00505872816,0.0274767168,0.265390724,-0.3492769,0.0437553413,0.910969853,-0.155008137,-0.0267382413,-0.00978782959
1.98586856,3194373.14,0,0,0.00536028668,4.41772863e-06,1,0.128149986,0.0917905867,1,-0.980316281,-0.0100684278,-0.018952338,0.19626376,1.1398468,0.15233919,-0.0978180245,-0.999967575,0.0118407905,-0,-0.47494179,-0.0232490078,0.0157911889,0.380196154,-0.211995646,-0.0327765867,-0.257362574,-0.0160130933,0.0321248285,0.564173222,-0.34496513,0.00467122719,0.0295434203,-0.0270653665,0.00187337864,0.413617402,0.262699276,0.0152595108,1.0067786,0.164529473,0.0883441716,-0.0146230059,0.175077647,-0.277638584,0.0520988107,0.887869835,-0.142262354,-0.0280870013,-0.0184202585,-0.865826786,-0.795341969,1.07483125,-0.977678239,-1.62014401,-0.108994409,0.381001264,-0.882279575,0.998897195,-3.07602763,2.34670877,-0.453586012,-0.143574074,-0.629354656,-0.0758567601,-0.309818149,-0.601557553,-0.232622355,0.294876605,0.036481671,-0.217069462,0.283838719,0.239080548,-0.301381588,0.0565157644,0.17194587,-0.642437279,-0.00564601226,0.606968939,-0.274439514,0.0776331648,0.0114284363,0.378453195,-0.446263582,-0.102269366,-0.395662606,-0.162779525,0.110638887,0.428165883,-0.189163536,-0.0426768325,-0.0064562792,0.21616599,-0.194506973,0.183732212,0.413074702,0.0405754596,0.848627567,0.186901718,-0.0207191259,0.0350356214,0.241190463,-0.358033091,0.0470442958,0.904851019,-0.175750092,-0.0268855393,0.00892033614,-0.274439514,0.0776331648,0.0114284363,0.378453195,-0.446263582,-0.102269366,-0.395662636,-0.162779525,0.110638887,0.428165883,-0.189163536,-0.0426768325,-0.0064562792,0.21616599,-0.194506973,0.183732212,0.413074702,0.0405754521,0.848627567,0.186901718,-0.0207191296,0.0350356214,0.241190463,-0.358033091,0.0470442958,0.904851019,-0.175750092,-0.0268855318,0.00892033614,-0.274439514,0.0776331648,0.0114284363,0.378453195,-0.446263582,-0.102269366,-0.395662606,-0.162779525,0.110638887,0.428165883,-0.189163536,-0.0426768325,-0.0064562792,0.21616599,-0.194506973,0.183732212,0.413074702,0.0405754596,0.848627567,0.186901718,-0.0207191259,0.0350356214,0.241190463,-0.358033091,0.0470442958,0.904851019,-0.175750092,-0.0268855393,0.00892033614
1.99589987,3194373.15,0,0,0.0153916017,2.25529075e-05,1,0.128149986,0,1,-0.980046511,-0.0148011176,-0.019138122,0.197290257,0.534245789,0.245205596,-0.331704259,-0.999967575,0.0118407905,-0,-0.48646605,-0.0275883619,0.0284797698,0.37430051,-0.230362847,-0.0331585519,-0.259550124,-0.0234282482,0.0419751517,0.538583636,-0.320523381,0.00277120573,0.0300243236,-0.0299186036,0.000667342509,0.40787825,0.256201386,0.0120248031,1.01176953,0.166186288,0.0849115551,-0.0128560839,0.178274006,-0.282654315,0.0525921434,0.889256954,-0.150960892,-0.0281354636,-0.0105145108,-1.33074415,0.0641815588,1.27705324,-0.359918207,-1.77429307,-0.0211034566,-1.06507194,-0.34250626,0.84255147,-1.2500546,1.7939657,0.196525887,0.249207601,0.246598139,-0.0855768472,-0.866881728,-0.793314159,-0.369440943,0.712573946,0.259151578,-0.384468287,0.139956787,0.2996611,-0.696041346,0.0338528529,0.173977613,-0.917040944,-0.003943888,0.831251562,-0.274439514,0.0776331648,0.0114284363,0.378453195,-0.446263582,-0.102269366,-0.395662606,-0.162779525,0.110638887,0.428165883,-0.189163536,-0.0426768325,-0.0064562792,0.21616599,-0.194506973,0.183732212,0.413074702,0.0405754596,0.848627567,0.186901718,-0.0207191259,0.0350356214,0.241190463,-0.358033091,0.0470442958,0.904851019,-0.175750092,-0.0268855393,0.00892033614,-0.274439514,0.0776331648,0.0114284363,0.378453195,-0.446263582,-0.102269366,-0.395662636,-0.162779525,0.110638887,0.428165883,-0.189163536,-0.0426768325,-0.0064562792,0.21616599,-0.194506973,0.183732212,0.413074702,0.0405754521,0.848627567,0.186901718,-0.0207191296,0.0350356214,0.241190463,-0.358033091,0.0470442958,0.904851019,-0.175750092,-0.0268855318,0.00892033614,-0.274439514,0.0776331648,0.0114284363,0.378453195,-0.446263582,-0.102269366,-0.395662606,-0.162779525,0.110638887,0.428165883,-0.189163536,-0.0426768325,-0.0064562792,0.21616599,-0.194506973,0.183732212,0.413074702,0.0405754596,0.848627567,0.186901718,-0.0207191259,0.0350356214,0.241190463,-0.358033091,0.0470442958,0.904851019,-0.175750092,-0.0268855393,0.00892033614
2.00590537,3194373.16,0,0,0.00538123678,2.36728229e-05,1,0.132516958,0.163608134,1,-0.979773462,-0.0151281813,-0.0193875544,0.198593214,-0.217751488,-0.0252711773,-0.141769946,-0.999967575,0.0118407905,-0,-0.499466777,-0.0228301324,0.038455192,0.373127818,-0.247633547,-0.0333320983,-0.275146961,-0.0225765854,0.0466703959,0.537888467,-0.307268709,0.00472421385,0.0319368057,-0.0214482509,0.0026244598,0.396600395,0.246818379,0.00814561266,1.01937485,0.169129118,0.0814947411,-0.0120824724,0.180094793,-0.291341037,0.0527961664,0.891939402,-0.159487441,-0.0281520691,-0.00266079255,-1.44335115,0.647794902,0.723287821,0.355352163,-1.99457061,-0.0123013081,-1.72616851,0.29790622,0.18413648,0.379212469,1.16121829,0.170530632,0.0905423611,1.18188787,0.309547573,-1.24564302,-0.993765712,-0.398684859,0.741771638,0.291501194,-0.324306965,0.0133260014,0.152417034,-0.964198828,0.0127103701,0.317592978,-0.902890027,-0.00138409459,0.826189101,-0.305948138,0.0181153342,0.0517411754,0.542061329,-0.351209104,-0.0578018427,-0.432868421,-0.30826959,0.160200477,0.343753189,-0.0649090558,-0.108673081,0.00283725467,0.144911259,-0.197753429,0.131548449,0.4720276,0.0635336787,0.82080102,0.181948513,-0.0478100628,0.0403704867,0.221722245,-0.358539701,0.0446784757,0.900144756,-0.199702501,-0.0306011289,0.0306080412,-0.305948138,0.0181153324,0.0517411791,0.542061329,-0.351209104,-0.0578018427,-0.432868451,-0.30826959,0.160200477,0.343753189,-0.0649090558,-0.108673081,0.0028372542,0.144911259,-0.197753429,0.131548449,0.4720276,0.0635336861,0.82080102,0.181948513,-0.0478100665,0.0403704867,0.221722245,-0.358539701,0.0446784757,0.900144756,-0.199702501,-0.0306011289,0.0306080412,-0.305948138,0.0181153342,0.0517411754,0.542061329,-0.351209104,-0.0578018427,-0.432868421,-0.30826959,0.160200477,0.343753189,-0.0649090558,-0.108673081,0.00283725467,0.144911259,-0.197753429,0.131548449,0.4720276,0.0635336787,0.82080102,0.181948513,-0.0478100628,0.0403704867,0.221722245,-0.358539701,0.0446784757,0.900144756,-0.199702501,-0.0306011289,0.0306080412
2.0169003,3194373.17,0,0,0.0163761638,2.27838755e-05,1,0.132516958,0,1,-0.979862392,-0.0126446458,-0.0195365846,0.198313281,-0.586588502,-0.195920423,0.107765935,-0.999967575,0.0118407905,-0,-0.518461764,-0.0150011797,0.0419079475,0.388231844,-0.272781402,-0.0333573893,-0.292632103,-0.0178537294,0.0450918898,0.542847514,-0.295625091,0.00581233483,0.0319069475,-0.00674224179,0.00599699095,0.383304507,0.237120762,0.00417242572,1.02567923,0.171576098,0.0779787898,-0.0134952441,0.182157621,-0.301768839,0.0528406389,0.895736873,-0.170735508,-0.0281733591,0.00737155415,-1.92917967,0.835264087,0.19681412,1.91553652,-2.40641809,-0.00258741528,-1.62623954,0.529818952,-0.27752012,0.512616873,1.18396604,0.0831895992,-0.00966406707,1.54337239,0.475831717,-1.37304401,-0.925639391,-0.385009527,0.508720934,0.201724172,-0.354240954,-0.235103562,0.212355465,-1.04594386,0.000892783457,0.428168654,-1.15628171,-0.00163943856,1.03055334,-0.305948138,0.0181153342,0.0517411754,0.542061329,-0.351209104,-0.0578018427,-0.432868421,-0.30826959,0.160200477,0.343753189,-0.0649090558,-0.108673081,0.00283725467,0.144911259,-0.197753429,0.131548449,0.4720276,0.0635336787,0.82080102,0.181948513,-0.0478100628,0.0403704867,0.221722245,-0.358539701,0.0446784757,0.900144756,-0.199702501,-0.0306011289,0.0306080412,-0.305948138,0.0181153324,0.0517411791,0.542061329,-0.351209104,-0.0578018427,-0.432868451,-0.30826959,0.160200477,0.343753189,-0.0649090558,-0.108673081,0.0028372542,0.144911259,-0.197753429,0.131548449,0.4720276,0.0635336861,0.82080102,0.181948513,-0.0478100665,0.0403704867,0.221722245,-0.358539701,0.0446784757,0.900144756,-0.199702501,-0.0306011289,0.0306080412,-0.305948138,0.0181153342,0.0517411754,0.542061329,-0.351209104,-0.0578018427,-0.432868421,-0.30826959,0.160200477,0.343753189,-0.0649090558,-0.108673081,0.00283725467,0.144911259,-0.197753429,0.131548449,0.4720276,0.0635336787,0.82080102,0.181948513,-0.0478100628,0.0403704867,0.221722245,-0.358539701,0.0446784757,0.900144756,-0.199702501,-0.0306011289,0.0306080412
2.02790031,3194373.18,0,0,0.00736262603,2.31601298e-05,1,0.15661912,0.167572796,1,-0.980042219,-0.00932835788,-0.0181298982,0.197741225,-0.612295806,-0.415100187,0.107159033,-0.999967575,0.0118407905,-0,-0.535627544,-0.00636308128,0.0435473621,0.411051065,-0.292421371,-0.0342043005,-0.306158185,-0.0125626968,0.0419922359,0.547080159,-0.283166528,0.00637579896,0.0322201699,0.00809544232,0.0126002319,0.3697685,0.228901833,0.00062631839,1.02859259,0.172843486,0.0743387341,-0.0169243887,0.184524715,-0.311484247,0.0525696874,0.900630474,-0.181089953,-0.0282887388,0.0168148484,-1.86491525,0.911055744,0.184200138,3.29563427,-1.77149713,-0.188745782,-1.30768394,0.538108826,-0.336914003,0.3520751,1.3023963,0.00206997781,0.0898436755,1.44829249,0.601637423,-1.31546187,-0.738086939,-0.342041016,0.172606707,0.0754189789,-0.394817531,-0.419191211,0.330676794,-0.902463019,-0.131613463,0.498980999,-1.00797164,-0.0594785027,0.953995109,-0.292648047,0.00835493952,0.0482541174,0.709634125,-0.336726099,-0.0418678895,-0.541593254,-0.398442,0.169148564,0.300231904,-0.00126205385,-0.198683113,0.0161837097,0.0877603292,-0.203517959,0.0876066536,0.524209142,0.0862852857,0.801226437,0.165911824,-0.086482048,0.0509228073,0.209105596,-0.340687215,0.0275774375,0.893762827,-0.21543017,-0.0447588563,0.0498535857,-0.292648047,0.0083549358,0.0482541174,0.709634125,-0.336726099,-0.0418678895,-0.541593254,-0.398442,0.169148564,0.300231904,-0.00126205385,-0.198683113,0.0161837097,0.0877603292,-0.203517959,0.0876066536,0.524209142,0.0862852857,0.801226437,0.165911824,-0.0864820555,0.0509228073,0.209105596,-0.340687215,0.0275774375,0.893762827,-0.21543017,-0.0447588563,0.0498535857,-0.292648047,0.00835493952,0.0482541174,0.709634125,-0.336726099,-0.0418678895,-0.541593254,-0.398442,0.169148564,0.300231904,-0.00126205385,-0.198683113,0.0161837097,0.0877603292,-0.203517959,0.0876066536,0.524209142,0.0862852857,0.801226437,0.165911824,-0.086482048,0.0509228073,0.209105596,-0.340687215,0.0275774375,0.893762827,-0.21543017,-0.0447588563,0.0498535857
2.03790111,3194373.19,0,0,0.0173634277,2.25347467e-05,1,0.15661912,0,1,-0.980133235,-0.00642465474,-0.0173031092,0.197479606,-0.407627463,-0.336993068,-0.0516633987,-0.999967575,0.0118407905,-0,-0.559296906,0.00240944838,0.0450264066,0.466368645,-0.30735445,-0.035246145,-0.320622891,-0.00772533333,0.0391857252,0.550105095,-0.269435316,0.00542849442,0.0349646509,0.0206969939,0.0159261525,0.357236356,0.223206952,-0.00238464377,1.02903283,0.172749862,0.0693279952,-0.0221506767,0.189868242,-0.318660647,0.0483905226,0.905449212,-0.191714078,-0.0300615989,0.0275545325,-2.255615,0.806192935,0.196350306,6.1947732,-1.11145353,-0.066871725,-1.38181162,0.397240698,-0.149117023,0.280502915,1.39920163,-0.12415684,0.415335357,1.04034626,0.357214987,-1.23827517,-0.457287878,-0.247243449,-0.0310405008,-0.0673078075,-0.587738872,-0.560890794,0.581106305,-0.575683653,-0.528988183,0.495291919,-1.02186751,-0.210897535,1.06378746,-0.292648047,0.00835493952,0.0482541174,0.709634125,-0.336726099,-0.0418678895,-0.541593254,-0.398442,0.169148564,0.300231904,-0.00126205385,-0.198683113,0.0161837097,0.0877603292,-0.203517959,0.0876066536,0.524209142,0.0862852857,0.801226437,0.165911824,-0.086482048,0.0509228073,0.209105596,-0.340687215,0.0275774375,0.893762827,-0.21543017,-0.0447588563,0.0498535857,-0.292648047,0.0083549358,0.0482541174,0.709634125,-0.336726099,-0.0418678895,-0.541593254,-0.398442,0.169148564,0.300231904,-0.00126205385,-0.198683113,0.0161837097,0.0877603292,-0.203517959,0.0876066536,0.524209142,0.0862852857,0.801226437,0.165911824,-0.0864820555,0.0509228073,0.209105596,-0.340687215,0.0275774375,0.893762827,-0.21543017,-0.0447588563,0.0498535857,-0.292648047,0.00835493952,0.0482541174,0.709634125,-0.336726099,-0.0418678895,-0.541593254,-0.398442,0.169148564,0.300231904,-0.00126205385,-0.198683113,0.0161837097,0.0877603292,-0.203517959,0.0876066536,0.524209142,0.0862852857,0.801226437,0.165911824,-0.086482048,0.0509228073,0.209105596,-0.340687215,0.0275774375,0.893762827,-0.21543017,-0.0447588563,0.0498535857
2.04887418,3194373.2,0,0,0.00832940126,6.48712739e-06,1,0.13198005,0.118416965,1,-0.979983032,-0.00499446131,-0.0145585481,0.198485196,-0.0603305213,-0.437504083,-0.130129769,-0.999967575,0.0118407905,-0,-0.578570724,0.00919595733,0.0474602133,0.539770305,-0.317592889,-0.0357523523,-0.334418714,-0.00554838451,0.039966166,0.552179158,-0.252216578,0.00353153981,0.0408362709,0.028149616,0.0212059598,0.343359888,0.219676971,-0.00421960047,1.02795315,0.170543566,0.059831854,-0.028554799,0.196603596,-0.32279709,0.0419556722,0.912008107,-0.202289656,-0.0325568393,0.0385745429,-1.53068388,0.373683661,-0.0459476896,6.65495443,-1.35242963,-0.0352308862,-1.10596216,0.0707100406,0.0427054651,0.0122948,1.48169351,-0.275013596,0.411855519,0.454765707,0.254875928,-1.05013072,-0.185780466,-0.155992895,-0.0775391832,-0.318733394,-0.95842278,-0.490915716,0.618211448,-0.210587814,-0.557240665,0.580863893,-0.916064978,-0.286763728,0.883654654,-0.268123686,0.00863705575,0.0324915498,0.82805109,-0.385645449,-0.0421205088,-0.628554404,-0.420800269,0.15444158,0.250643343,-0.0595167428,-0.283131599,0.0144461449,0.0745844692,-0.206625357,0.0649043918,0.559194922,0.0916150734,0.804192841,0.155587524,-0.107445225,0.0564660542,0.233119011,-0.32129693,0.0253205225,0.905529678,-0.232450902,-0.0550160259,0.0617889464,-0.268123686,0.00863705762,0.0324915498,0.82805109,-0.385645449,-0.0421205088,-0.628554404,-0.420800269,0.15444158,0.250643343,-0.0595167428,-0.283131599,0.0144461449,0.0745844692,-0.206625357,0.0649043918,0.559194922,0.0916150734,0.804192841,0.155587524,-0.107445225,0.0564660542,0.233119011,-0.32129693,0.0253205225,0.905529678,-0.232450902,-0.0550160296,0.0617889501,-0.268123686,0.00863705575,0.0324915498,0.82805109,-0.385645449,-0.0421205088,-0.628554404,-0.420800269,0.15444158,0.250643343,-0.0595167428,-0.283131599,0.0144461449,0.0745844692,-0.206625357,0.0649043918,0.559194922,0.0916150734,0.804192841,0.155587524,-0.107445225,0.0564660542,0.233119011,-0.32129693,0.0253205225,0.905529678,-0.232450902,-0.0550160259,0.0617889464
2.05889925,3194373.21,0,0,0.018354475,2.22278759e-05,1,0.13198005,0,1,-0.979910493,-0.00484040659,-0.0125607522,0.198982835,0.16926302,-0.423534572,-0.119834751,-0.999967575,0.0118407905,-0,-0.591201067,0.0109412484,0.0455172807,0.608372033,-0.332392722,-0.0360815451,-0.344650686,-0.00620904518,0.0404249355,0.55034554,-0.236797869,-0.00013309627,0.044066526,0.0305679031,0.0221693758,0.333845913,0.21893537,-0.00551480753,1.02753019,0.166240543,0.0482544042,-0.0327016562,0.20325774,-0.323488951,0.036856208,0.91796571,-0.211668566,-0.0362156853,0.0468673855,-0.888347208,0.0532150641,-0.161891878,6.56825876,-1.25587201,-0.0296229701,-0.931394875,-0.177819252,0.113443084,-0.288615257,1.5757302,-0.384795427,0.296964169,0.0496282391,0.0685865656,-0.901691556,-0.00145159999,-0.0882162452,-0.0261817239,-0.468516558,-1.28282142,-0.360426933,0.667550623,0.0321269892,-0.447373867,0.596246004,-0.887232363,-0.37357381,0.756312907,-0.268123686,0.00863705575,0.0324915498,0.82805109,-0.385645449,-0.0421205088,-0.628554404,-0.420800269,0.15444158,0.250643343,-0.0595167428,-0.283131599,0.0144461449,0.0745844692,-0.206625357,0.0649043918,0.559194922,0.0916150734,0.804192841,0.155587524,-0.107445225,0.0564660542,0.233119011,-0.32129693,0.0253205225,0.905529678,-0.232450902,-0.0550160259,0.0617889464,-0.268123686,0.00863705762,0.0324915498,0.82805109,-0.385645449,-0.0421205088,-0.628554404,-0.420800269,0.15444158,0.250643343,-0.0595167428,-0.283131599,0.0144461449,0.0745844692,-0.206625357,0.0649043918,0.559194922,0.0916150734,0.804192841,0.155587524,-0.107445225,0.0564660542,0.233119011,-0.32129693,0.0253205225,0.905529678,-0.232450902,-0.0550160296,0.0617889501,-0.268123686,0.00863705575,0.0324915498,0.82805109,-0.385645449,-0.0421205088,-0.628554404,-0.420800269,0.15444158,0.250643343,-0.0595167428,-0.283131599,0.0144461449,0.0745844692,-0.206625357,0.0649043918,0.559194922,0.0916150734,0.804192841,0.155587524,-0.107445225,0.0564660542,0.233119011,-0.32129693,0.0253205225,0.905529678,-0.232450902,-0.0550160259,0.0617889464
2.06988974,3194373.23,0,0,0.00938592292,4.16813418e-06,1,0.122862868,0.131609336,1,-0.979839444,-0.0059693139,-0.00979585107,0.199456796,0.206143782,-0.346908748,0.0528018139,-0.999967575,0.0118407905,-0,-0.59521836,0.00944994949,0.0430513583,0.681138456,-0.348036915,-0.0363166928,-0.354138672,-0.0100124739,0.041847188,0.544021666,-0.217068449,-0.00540848123,0.0457593203,0.0287546869,0.0217165947,0.324326932,0.22010681,-0.00650399458,1.02732289,0.160290211,0.0308263656,-0.03556199,0.211264223,-0.321521103,0.0325847231,0.924482405,-0.220886797,-0.0400339961,0.0545762777,-0.231727481,-0.177547947,-0.394258916,6.33458805,-1.81607687,-0.0046489113,-0.700959921,-0.323331684,-0.0453719869,-0.778198659,1.70506096,-0.573571503,-0.0764509439,-0.11002139,-0.188668475,-0.700065196,0.143005937,-0.136358887,-0.0239947475,-0.525023401,-1.53640532,-0.143144444,0.685157895,0.215285793,-0.359344751,0.484381616,-0.756232142,-0.285804361,0.629511535,-0.275354415,0.0162397251,0.0219523851,0.920532465,-0.429067791,-0.0314460099,-0.671207607,-0.393585891,0.143166035,0.217211455,-0.191126078,-0.320503384,0.00384599622,0.103691757,-0.169088349,0.0599334538,0.572814226,0.0831504911,0.811214566,0.152972475,-0.109248549,0.0578862466,0.246974856,-0.314526469,0.0172677077,0.916290879,-0.241738319,-0.0543440729,0.0696404576,-0.275354415,0.0162397251,0.0219523851,0.920532465,-0.429067791,-0.0314460099,-0.671207607,-0.393585891,0.143166035,0.217211455,-0.191126078,-0.320503384,0.00384599669,0.103691757,-0.169088349,0.0599334538,0.572814226,0.0831504911,0.811214566,0.152972475,-0.109248541,0.0578862466,0.246974856,-0.314526469,0.0172677077,0.916290879,-0.241738319,-0.0543440692,0.0696404576,-0.275354415,0.0162397251,0.0219523851,0.920532465,-0.429067791,-0.0314460099,-0.671207607,-0.393585891,0.143166035,0.217211455,-0.191126078,-0.320503384,0.00384599622,0.103691757,-0.169088349,0.0599334538,0.572814226,0.0831504911,0.811214566,0.152972475,-0.109248549,0.0578862466,0.246974856,-0.314526469,0.0172677077,0.916290879,-0.241738319,-0.0543440729,0.0696404576
2.07989966,3194373.24,0,0,0.019395845,2.24909745e-05,1,0.122862868,0,1,-0.979896545,-0.00663491525,-0.00843477994,0.199217588,0.274385631,-0.282446086,0.0462554879,-0.999967575,0.0118407905,-0,-0.594738245,0.00785758812,0.0401500203,0.729979336,-0.361610234,-0.0362809859,-0.359453648,-0.012919534,0.0413599499,0.536572516,-0.203044578,-0.0103492551,0.0445309356,0.0272806156,0.0194270834,0.319167316,0.22181496,-0.00783731695,1.02652991,0.156378016,0.0188327134,-0.036232587,0.216832787,-0.319171339,0.0297932904,0.927948236,-0.226434126,-0.0419645049,0.0591807179,0.298706114,-0.215218812,-0.295802593,5.80869007,-1.51872146,0.00825853366,-0.649914682,-0.403202713,-0.0329850279,-0.996429861,1.7765348,-0.623076499,-0.16879198,-0.264363676,-0.325298905,-0.621931732,0.261661559,-0.173311442,-0.15752314,-0.451516241,-1.45228362,-0.0575850271,0.69774878,0.347303361,-0.331008166,0.405442834,-0.638715386,-0.211638168,0.52910763,-0.275354415,0.0162397251,0.0219523851,0.920532465,-0.429067791,-0.0314460099,-0.671207607,-0.393585891,0.143166035,0.217211455,-0.191126078,-0.320503384,0.00384599622,0.103691757,-0.169088349,0.0599334538,0.572814226,0.0831504911,0.811214566,0.152972475,-0.109248549,0.0578862466,0.246974856,-0.314526469,0.0172677077,0.916290879,-0.241738319,-0.0543440729,0.0696404576,-0.275354415,0.0162397251,0.0219523851,0.920532465,-0.429067791,-0.0314460099,-0.671207607,-0.393585891,0.143166035,0.217211455,-0.191126078,-0.320503384,0.00384599669,0.103691757,-0.169088349,0.0599334538,0.572814226,0.0831504911,0.811214566,0.152972475,-0.109248541,0.0578862466,0.246974856,-0.314526469,0.0172677077,0.916290879,-0.241738319,-0.0543440692,0.0696404576,-0.275354415,0.0162397251,0.0219523851,0.920532465,-0.429067791,-0.0314460099,-0.671207607,-0.393585891,0.143166035,0.217211455,-0.191126078,-0.320503384,0.00384599622,0.103691757,-0.169088349,0.0599334538,0.572814226,0.0831504911,0.811214566,0.152972475,-0.109248549,0.0578862466,0.246974856,-0.314526469,0.0172677077,0.916290879,-0.241738319,-0.0543440729,0.0696404576
2.09089937,3194373.25,0,0,0.010360606,2.24341638e-05,1,0.157807022,0.141923815,1,-0.979936957,-0.00806688704,-0.00657414598,0.199035823,0.173687577,-0.258391857,0.0982856303,-0.999967575,0.0118407905,-0,-0.585046351,0.00501277251,0.0365019403,0.792033613,-0.379362643,-0.036101412,-0.366716623,-0.0179123599,0.0411178321,0.523005366,-0.181282237,-0.0200715326,0.0414844118,0.0232340153,0.014913924,0.312222809,0.225884363,-0.0102197882,1.02243555,0.152197376,0.00379150035,-0.036068216,0.224991485,-0.314129919,0.0264200009,0.931488454,-0.232037932,-0.0425426476,0.064825289,1.01853895,-0.207811385,-0.524385273,5.13144684,-1.81704044,0.0218986105,-0.5203017,-0.311324269,-0.126153246,-1.2589587,1.82640064,-1.14473975,-0.410194337,-0.215462416,-0.370206863,-0.543455064,0.356267214,-0.263658702,-0.501021862,-0.301544785,-1.07835138,0.106734119,0.646749735,0.421790868,-0.280379802,0.171204999,-0.329612255,0.173828378,0.513613403,-0.325861096,0.0235673264,0.00349213369,0.96900028,-0.466327906,-0.0287910253,-0.639208317,-0.323001266,0.146379173,0.218010753,-0.333049893,-0.322693437,-0.00440330338,0.120182455,-0.0971403122,0.0854115486,0.552990794,0.0677459687,0.829074621,0.152392834,-0.0946344733,0.0593408905,0.263017416,-0.311887175,0.0110339262,0.917065322,-0.23980327,-0.0316008627,0.0792034119,-0.325861096,0.0235673282,0.00349213323,0.96900028,-0.466327906,-0.028791029,-0.639208317,-0.323001266,0.146379173,0.218010753,-0.333049893,-0.322693437,-0.00440330338,0.120182462,-0.0971403122,0.0854115486,0.552990794,0.0677459762,0.829074621,0.152392834,-0.0946344659,0.0593408905,0.263017416,-0.311887175,0.0110339262,0.917065322,-0.23980327,-0.031600859,0.0792034119,-0.325861096,0.0235673264,0.00349213369,0.96900028,-0.466327906,-0.0287910253,-0.639208317,-0.323001266,0.146379173,0.218010753,-0.333049893,-0.322693437,-0.00440330338,0.120182455,-0.0971403122,0.0854115486,0.552990794,0.0677459687,0.829074621,0.152392834,-0.0946344733,0.0593408905,0.263017416,-0.311887175,0.0110339262,0.917065322,-0.23980327,-0.0316008627,0.0792034119
2.10090004,3194373.26,0,0,0.000402858015,1.70907006e-05,1,0.11715712,0.121799588,1,-0.979988515,-0.00857113395,-0.00543088373,0.19879511,0.1611128,-0.150769785,-0.00547697814,-0.999967575,0.0118407905,-0,-0.571732283,0.00345665007,0.0309189204,0.838932037,-0.395906806,-0.0358469486,-0.372309059,-0.0203819461,0.0401403606,0.509849906,-0.162742302,-0.0332093202,0.0370460935,0.0211039651,0.0106312986,0.307023585,0.230045438,-0.0133601511,1.01593935,0.150084138,-0.00508437725,-0.0341951139,0.231311008,-0.309621125,0.0238231979,0.93237257,-0.234112531,-0.0393021256,0.0697761625,1.56188583,-0.126496851,-0.516801298,4.26549482,-1.45593691,0.0266353264,-0.622821689,-0.233755663,-0.0459353998,-1.32777023,1.87443233,-1.35994875,-0.431235403,-0.256382406,-0.486260206,-0.511378169,0.466721714,-0.331401378,-0.728021741,-0.142424598,-0.775511265,0.226306289,0.629315317,0.476968765,-0.233789399,0.0518810004,-0.142592177,0.37611264,0.455293596,-0.325861096,0.0235673264,0.00349213369,0.96900028,-0.466327906,-0.0287910253,-0.639208317,-0.323001266,0.146379173,0.218010753,-0.333049893,-0.322693437,-0.00440330338,0.120182455,-0.0971403122,0.0854115486,0.552990794,0.0677459687,0.829074621,0.152392834,-0.0946344733,0.0593408905,0.263017416,-0.311887175,0.0110339262,0.917065322,-0.23980327,-0.0316008627,0.0792034119,-0.380595833,0.0347823687,-0.0196807664,0.957387745,-0.467481136,-0.0401829332,-0.563009679,-0.261412621,0.155493021,0.225213975,-0.454849482,-0.302022725,-0.015965445,0.092820853,-0.0120186657,0.138202354,0.512988329,0.053611923,0.878294766,0.157320499,-0.0510715805,0.057290677,0.291901588,-0.308265656,0.00501331501,0.912910223,-0.227774948,-0.00855233707,0.0882937014,-0.380595833,0.0347823687,-0.0196807664,0.957387745,-0.467481136,-0.0401829332,-0.563009679,-0.261412621,0.155493021,0.225213975,-0.454849482,-0.302022725,-0.0159654431,0.092820853,-0.0120186657,0.138202354,0.512988329,0.0536119193,0.878294766,0.157320499,-0.0510715842,0.057290677,0.291901588,-0.308265656,0.00501331501,0.912910223,-0.227774948,-0.00855234265,0.0882937014
2.11189904,3194373.27,0,0,0.011401867,2.20770016e-05,1,0.11715712,0,1,-0.97996223,-0.00904344767,-0.00419173576,0.198933735,0.0310683474,-0.27252984,0.00921055675,-0.999967575,0.0118407905,-0,-0.547163367,0.00215682178,0.0232960861,0.880375504,-0.410320997,-0.0358561054,-0.378941357,-0.0230896622,0.0388662368,0.493308395,-0.141476348,-0.0490624979,0.0306024197,0.0183792301,0.00587662822,0.300282151,0.236042276,-0.0174048152,1.00613832,0.149262547,-0.0114837587,-0.0301331077,0.238194674,-0.303779811,0.0211895797,0.931324065,-0.234735787,-0.0323819593,0.0752555504,2.40721846,-0.0934035555,-0.837100983,2.90815949,-1.05539262,-0.0260662492,-0.413974524,-0.2118126,-0.24617976,-1.42680895,1.60358584,-1.26837862,-0.676477611,-0.131300956,-0.247245312,-0.625064969,0.489220917,-0.338029683,-0.862595856,-0.0329543836,-0.318889081,0.450221002,0.517608166,0.475514412,-0.237688065,-0.233845755,0.0112801092,0.804155707,0.507377148,-0.380595833,0.0347823687,-0.0196807664,0.957387745,-0.467481136,-0.0401829332,-0.563009679,-0.261412621,0.155493021,0.225213975,-0.454849482,-0.302022725,-0.0159654431,0.092820853,-0.0120186657,0.138202354,0.512988329,0.0536119193,0.878294766,0.157320499,-0.0510715842,0.057290677,0.291901588,-0.308265656,0.00501331501,0.912910223,-0.227774948,-0.00855234265,0.0882937014,-0.380595833,0.0347823687,-0.0196807664,0.957387745,-0.467481136,-0.0401829332,-0.563009679,-0.261412621,0.155493021,0.225213975,-0.454849482,-0.302022725,-0.015965445,0.092820853,-0.0120186657,0.138202354,0.512988329,0.053611923,0.878294766,0.157320499,-0.0510715805,0.057290677,0.291901588,-0.308265656,0.00501331501,0.912910223,-0.227774948,-0.00855233707,0.0882937014,-0.380595833,0.0347823687,-0.0196807664,0.957387745,-0.467481136,-0.0401829332,-0.563009679,-0.261412621,0.155493021,0.225213975,-0.454849482,-0.302022725,-0.0159654431,0.092820853,-0.0120186657,0.138202354,0.512988329,0.0536119193,0.878294766,0.157320499,-0.0510715842,0.057290677,0.291901588,-0.308265656,0.00501331501,0.912910223,-0.227774948,-0.00855234265,0.0882937014
2.122904,3194373.28,0,0,0.00242246361,2.41408125e-05,1,0.106051099,0.0894739032,1,-0.979888618,-0.00880803727,-0.0034030017,0.199321821,-0.0378658436,-0.0664028376,-0.15560782,-0.999967575,0.0118407905,-0,-0.521116734,0.00209029601,0.0145619726,0.903164983,-0.419549733,-0.0360779464,-0.384634495,-0.0248829182,0.0360502824,0.479825944,-0.128075361,-0.0610257462,0.023928104,0.017426949,0.00229573087,0.293623567,0.241218135,-0.0207165275,0.99786526,0.149215579,-0.0131558459,-0.0250016171,0.243585184,-0.299160987,0.0189817492,0.928466201,-0.234313577,-0.0241000112,0.0799087435,2.69557524,0.0703547969,-0.853312075,1.88748848,-0.845034122,-0.0200858712,-0.71573174,-0.14447768,-0.272296846,-1.27903104,1.15987694,-1.13274133,-0.633400559,-0.0799226984,-0.462049127,-0.691090822,0.541871786,-0.313616872,-0.786712646,0.0179695133,-0.0988499299,0.535099149,0.558624029,0.449730843,-0.199292883,-0.292788893,0.052954834,0.787993073,0.416964144,-0.415418148,0.030076012,-0.0174971391,0.91842562,-0.435574114,-0.0462065786,-0.473535776,-0.251082182,0.163446054,0.23760587,-0.522714972,-0.268883944,-0.0256907679,0.0398212075,0.0596212894,0.22124432,0.471332967,0.0428429842,0.943788707,0.146877915,-0.00314883143,0.0521947145,0.334185064,-0.30903548,-6.76307827e-05,0.916975617,-0.208390564,0.00560325384,0.0896996111,-0.415418118,0.030076012,-0.0174971391,0.91842562,-0.435574114,-0.0462065786,-0.473535776,-0.251082182,0.163446054,0.23760587,-0.522714972,-0.268883944,-0.0256907679,0.0398212075,0.0596212856,0.22124432,0.471332967,0.0428429805,0.943788707,0.146877915,-0.00314882863,0.0521947145,0.334185064,-0.30903548,-6.76307827e-05,0.916975617,-0.208390564,0.00560325664,0.0896996111,-0.415418148,0.030076012,-0.0174971391,0.91842562,-0.435574114,-0.0462065786,-0.473535776,-0.251082182,0.163446054,0.23760587,-0.522714972,-0.268883944,-0.0256907679,0.0398212075,0.0596212894,0.22124432,0.471332967,0.0428429842,0.943788707,0.146877915,-0.00314883143,0.0521947145,0.334185064,-0.30903548,-6.76307827e-05,0.916975617,-0.208390564,0.00560325384,0.0896996111
2.13389113,3194373.29,0,0,0.013409602,2.24453397e-05,1,0.106051099,0,1,-0.97975558,-0.00841081981,-0.00293340767,0.199999154,-0.0979779735,-0.236661181,-0.14918685,-0.999967575,0.0118407905,-0,-0.496992052,0.00319762342,0.00786384381,0.913061619,-0.423622042,-0.0366199948,-0.389815718,-0.025549585,0.0345199183,0.470228106,-0.122870125,-0.0658886135,0.0181888808,0.0169864781,-0.00026410076,0.287394285,0.2455668,-0.0226439219,0.99218595,0.149380043,-0.0131399138,-0.0202636085,0.247644529,-0.295618474,0.0174781661,0.92585516,-0.232184127,-0.0176990423,0.0827993453,3.26910281,0.167252973,-0.839950085,0.795300484,-0.244381234,-0.107990578,-0.526636481,-0.0445585363,-0.132237971,-1.15787625,0.26663354,-0.179437816,-0.815567791,-0.0374061838,-0.156303197,-0.84580785,0.534568012,-0.185712531,-0.656404436,0.0119250668,0.077499114,0.641608059,0.458973974,0.442745805,-0.189777419,-0.361112654,0.460618436,0.841067553,0.334119648,-0.415418148,0.030076012,-0.0174971391,0.91842562,-0.435574114,-0.0462065786,-0.473535776,-0.251082182,0.163446054,0.23760587,-0.522714972,-0.268883944,-0.0256907679,0.0398212075,0.0596212894,0.22124432,0.471332967,0.0428429842,0.943788707,0.146877915,-0.00314883143,0.0521947145,0.334185064,-0.30903548,-6.76307827e-05,0.916975617,-0.208390564,0.00560325384,0.0896996111,-0.415418118,0.030076012,-0.0174971391,0.91842562,-0.435574114,-0.0462065786,-0.473535776,-0.251082182,0.163446054,0.23760587,-0.522714972,-0.268883944,-0.0256907679,0.0398212075,0.0596212856,0.22124432,0.471332967,0.0428429805,0.943788707,0.146877915,-0.00314882863,0.0521947145,0.334185064,-0.30903548,-6.76307827e-05,0.916975617,-0.208390564,0.00560325664,0.0896996111,-0.415418148,0.030076012,-0.0174971391,0.91842562,-0.435574114,-0.0462065786,-0.473535776,-0.251082182,0.163446054,0.23760587,-0.522714972,-0.268883944,-0.0256907679,0.0398212075,0.0596212894,0.22124432,0.471332967,0.0428429842,0.943788707,0.146877915,-0.00314883143,0.0521947145,0.334185064,-0.30903548,-6.76307827e-05,0.916975617,-0.208390564,0.00560325384,0.0896996111
2.14389989,3194373.3,0,0,0.00333878631,2.18921341e-05,1,0.180193689,0.119710967,1,-0.9795807,-0.00713172927,-0.00213155407,0.200913638,-0.246862218,-0.0468930528,-0.16842325,-0.999967575,0.0118407905,-0,-0.456122994,0.00697990926,-0.0015035437,0.915045977,-0.424829751,-0.0377541967,-0.397037655,-0.0246336423,0.0333685316,0.45702064,-0.12371517,-0.0664846972,0.00733736064,0.0173429027,-0.00247975672,0.276262909,0.252059102,-0.0238406509,0.985990524,0.149423495,-0.0106549589,-0.01211196,0.253607243,-0.290671527,0.0153198512,0.921282232,-0.22462593,-0.00844132155,0.0858070701,3.35370135,0.434735715,-0.724398077,-0.127527803,-0.0519735143,-0.0750990137,-0.755080879,0.168421566,-0.0809535533,-1.06689072,-0.213692427,-0.0335204974,-0.925132513,0.0855072215,-0.313672692,-0.969748974,0.556158841,-0.0542345792,-0.417182982,0.00059744803,0.278502911,0.676038325,0.566650271,0.37889719,-0.167997986,-0.37383914,0.645459592,0.668137014,0.188977957,-0.430575073,-0.000410027802,0.00516338833,0.813974082,-0.418759704,-0.0533188879,-0.373540521,-0.246684909,0.160478249,0.268325448,-0.57355243,-0.236648679,-0.0282668434,-0.0113292336,0.106428325,0.340955287,0.426198602,0.0416907221,1.01367581,0.13214618,0.0331321023,0.0398540944,0.378419638,-0.300451666,0.000909434631,0.928414524,-0.181384057,0.0163965821,0.0826389492,-0.430575073,-0.000410025939,0.00516338879,0.813974082,-0.418759704,-0.0533188917,-0.373540521,-0.246684909,0.160478249,0.268325448,-0.57355243,-0.236648694,-0.0282668434,-0.0113292187,0.106428325,0.340955287,0.426198602,0.0416907147,1.01367581,0.13214618,0.0331321023,0.0398540944,0.378419638,-0.300451666,0.000909434631,0.928414524,-0.181384057,0.0163965747,0.0826389492,-0.430575073,-0.000410027802,0.00516338833,0.813974082,-0.418759704,-0.0533188879,-0.373540521,-0.246684909,0.160478249,0.268325448,-0.57355243,-0.236648679,-0.0282668434,-0.0113292336,0.106428325,0.340955287,0.426198602,0.0416907221,1.01367581,0.13214618,0.0331321023,0.0398540944,0.378419638,-0.300451666,0.000909434631,0.928414524,-0.181384057,0.0163965821,0.0826389492
2.15486927,3194373.31,0,0,0.0143081611,4.80189919e-06,1,0.180193689,0,1,-0.979295552,-0.00607343996,-0.00142612972,0.20233956,-0.0920919552,-0.220329925,-0.264050126,-0.999967575,0.0118407905,-0,-0.409990102,0.0121760052,-0.00666277716,0.897521257,-0.421859175,-0.039503064,-0.405708343,-0.0235293452,0.0339273512,0.446865737,-0.132965118,-0.0612430908,-0.0038056355,0.0165580884,-0.00402468024,0.263694495,0.259236723,-0.0230860524,0.982760131,0.148222327,-0.00689925347,-0.00419787038,0.260449499,-0.285921723,0.0137800071,0.917816579,-0.213369071,-0.00131366227,0.0867520049,4.16964436,0.413586736,-0.242989942,-2.42899013,0.355455786,-0.177319467,-0.69029367,0.0225785356,0.0778525174,-0.711559892,-1.10383463,0.649950743,-0.963052094,-0.151648507,-0.0208124761,-1.07555461,0.61234659,0.15530774,-0.163890451,-0.176271826,0.32772851,0.640681624,0.591670215,0.396781147,-0.098534815,-0.229055375,1.15102649,0.558003008,0.00927609578,-0.430575073,-0.000410027802,0.00516338833,0.813974082,-0.418759704,-0.0533188879,-0.373540521,-0.246684909,0.160478249,0.268325448,-0.57355243,-0.236648679,-0.0282668434,-0.0113292336,0.106428325,0.340955287,0.426198602,0.0416907221,1.01367581,0.13214618,0.0331321023,0.0398540944,0.378419638,-0.300451666,0.000909434631,0.928414524,-0.181384057,0.0163965821,0.0826389492,-0.430575073,-0.000410025939,0.00516338879,0.813974082,-0.418759704,-0.0533188917,-0.373540521,-0.246684909,0.160478249,0.268325448,-0.57355243,-0.236648694,-0.0282668434,-0.0113292187,0.106428325,0.340955287,0.426198602,0.0416907147,1.01367581,0.13214618,0.0331321023,0.0398540944,0.378419638,-0.300451666,0.000909434631,0.928414524,-0.181384057,0.0163965747,0.0826389492,-0.430575073,-0.000410027802,0.00516338833,0.813974082,-0.418759704,-0.0533188879,-0.373540521,-0.246684909,0.160478249,0.268325448,-0.57355243,-0.236648679,-0.0282668434,-0.0113292336,0.106428325,0.340955287,0.426198602,0.0416907221,1.01367581,0.13214618,0.0331321023,0.0398540944,0.378419638,-0.300451666,0.000909434631,0.928414524,-0.181384057,0.0163965821,0.0826389492
2.16487191,3194373.32,0,0,0.00433019269,5.53904101e-06,1,0.132749788,0.134185493,1,-0.979111314,-0.00517784106,-0.00132788345,0.20325467,-0.237072587,0.0680647492,-0.127146587,-0.999967575,0.0118407905,-0,-0.370542139,0.016688697,-0.0087666586,0.8710922,-0.419826329,-0.0409619249,-0.414340556,-0.0231838953,0.0333876833,0.439921319,-0.144279063,-0.0561085381,-0.0140913175,0.015900746,-0.00601827493,0.253108442,0.265255272,-0.0208894387,0.981879413,0.146214873,-0.0034343903,0.00153167662,0.267899036,-0.282671124,0.0129629914,0.915902197,-0.20258908,0.00320014963,0.0864819214,3.71232486,0.482914567,-0.209488064,-2.60587001,0.126233041,-0.130415902,-0.995185077,0.0588072725,-0.13778244,-0.691957712,-1.13515294,0.448014557,-1.05835426,0.00841055531,-0.323747069,-1.05614865,0.595873833,0.252147913,-0.0542464852,-0.20453003,0.356757581,0.520173252,0.855341554,0.271159708,-0.0765509754,-0.168841392,0.978402793,0.373164296,-0.0427260622,-0.449057877,-0.0158426538,0.0214240421,0.679788589,-0.411173403,-0.0571213216,-0.273352623,-0.22746931,0.150231615,0.311750859,-0.597928226,-0.211925164,-0.015597132,-0.036681056,0.130380467,0.457858741,0.392518073,0.0429021418,1.06889343,0.129725575,0.0599183105,0.018472001,0.387698144,-0.29019019,0.0025683064,0.93869555,-0.152451456,0.0267483145,0.0807081461,-0.449057877,-0.0158426519,0.0214240439,0.679788589,-0.411173403,-0.0571213253,-0.273352623,-0.22746931,0.150231615,0.311750859,-0.597928226,-0.211925164,-0.015597133,-0.036681056,0.130380467,0.457858741,0.392518073,0.0429021455,1.06889343,0.129725575,0.0599183105,0.018472001,0.387698144,-0.29019019,0.0025683064,0.93869555,-0.152451456,0.0267483201,0.0807081461,-0.449057877,-0.0158426538,0.0214240421,0.679788589,-0.411173403,-0.0571213216,-0.273352623,-0.22746931,0.150231615,0.311750859,-0.597928226,-0.211925164,-0.015597132,-0.036681056,0.130380467,0.457858741,0.392518073,0.0429021418,1.06889343,0.129725575,0.0599183105,0.018472001,0.387698144,-0.29019019,0.0025683064,0.93869555,-0.152451456,0.0267483145,0.0807081461
2.17588181,3194373.33,0,0,0.0153400907,1.05029903e-05,1,0.132749788,0,1,-0.978735983,-0.00436269864,-0.000673541916,0.205076441,-0.141603783,-0.118041456,-0.297901273,-0.999967575,0.0118407905,-0,-0.318386763,0.0217697509,-0.0069041471,0.819085896,-0.414637983,-0.0430696718,-0.425022483,-0.0232388377,0.0339375176,0.434813589,-0.164482921,-0.0464734733,-0.0240386594,0.013886869,-0.00652594492,0.24029021,0.272410244,-0.0147774015,0.981484294,0.144485533,0.000485381257,0.00508930534,0.278910786,-0.279192835,0.0121692428,0.91498661,-0.186343059,0.00871575437,0.0853112787,4.36858463,0.402995914,0.20266366,-4.90527821,0.389787108,-0.170756504,-0.92128998,-0.00782439485,-0.00792351179,-0.369826168,-1.81828094,0.798961222,-0.798113704,-0.136079624,-0.0500424765,-1.02328527,0.572608113,0.621391833,-0.0315474309,-0.123259887,0.298661202,0.169237301,1.01766765,0.247348741,-0.0575979017,-0.0334820747,1.42970407,0.47752443,-0.112436585,-0.449057877,-0.0158426538,0.0214240421,0.679788589,-0.411173403,-0.0571213216,-0.273352623,-0.22746931,0.150231615,0.311750859,-0.597928226,-0.211925164,-0.015597132,-0.036681056,0.130380467,0.457858741,0.392518073,0.0429021418,1.06889343,0.129725575,0.0599183105,0.018472001,0.387698144,-0.29019019,0.0025683064,0.93869555,-0.152451456,0.0267483145,0.0807081461,-0.449057877,-0.0158426519,0.0214240439,0.679788589,-0.411173403,-0.0571213253,-0.273352623,-0.22746931,0.150231615,0.311750859,-0.597928226,-0.211925164,-0.015597133,-0.036681056,0.130380467,0.457858741,0.392518073,0.0429021455,1.06889343,0.129725575,0.0599183105,0.018472001,0.387698144,-0.29019019,0.0025683064,0.93869555,-0.152451456,0.0267483201,0.0807081461,-0.449057877,-0.0158426538,0.0214240421,0.679788589,-0.411173403,-0.0571213216,-0.273352623,-0.22746931,0.150231615,0.311750859,-0.597928226,-0.211925164,-0.015597132,-0.036681056,0.130380467,0.457858741,0.392518073,0.0429021418,1.06889343,0.129725575,0.0599183105,0.018472001,0.387698144,-0.29019019,0.0025683064,0.93869555,-0.152451456,0.0267483145,0.0807081461
2.18590081,3194373.34,0,0,0.00537687214,2.27480195e-05,1,0.142618082,0.12487793,1,-0.978604972,-0.00333945663,-0.00101814885,0.205718502,-0.344922245,0.120803177,-0.0820792988,-0.999967575,0.0118407905,-0,-0.286854327,0.0251739565,-0.00603404967,0.781931281,-0.412788361,-0.0442351922,-0.433415383,-0.022997465,0.0325320251,0.431518584,-0.178673074,-0.0409406945,-0.0309044123,0.0140032396,-0.00807200931,0.232578963,0.276756823,-0.00973345619,0.981014192,0.143427461,0.00259995996,0.00587840891,0.288104892,-0.277851164,0.011704932,0.91498667,-0.176094294,0.0121790404,0.0844752789,3.64628673,0.446242511,0.0576469712,-4.37548018,0.161468819,-0.132763505,-1.12905133,0.0592825003,-0.264940381,-0.437826246,-1.74528468,0.645675957,-0.885988772,0.105533697,-0.268053114,-0.939661443,0.529328406,0.618504345,-0.0803394318,-0.140417263,0.242282763,0.0674738437,1.22471428,0.121472009,-0.0617282204,0.0216139816,1.16746068,0.398126006,-0.0980985165,-0.458860576,-0.0176858827,0.0173156653,0.55491066,-0.370792985,-0.0438864976,-0.198885262,-0.184378907,0.129308477,0.355176568,-0.593471408,-0.186559498,0.0124804499,-0.0259736478,0.140468627,0.548725843,0.366916597,0.0394309014,1.10730231,0.132827595,0.0796573609,-0.00109847263,0.363374591,-0.291860074,0.00027010031,0.940404177,-0.13001515,0.0289517343,0.0772974044,-0.458860546,-0.0176858809,0.0173156671,0.55491066,-0.370792985,-0.0438864939,-0.198885262,-0.184378907,0.129308477,0.355176568,-0.593471408,-0.186559498,0.0124804499,-0.0259736553,0.140468627,0.548725843,0.366916597,0.0394308977,1.10730231,0.132827595,0.0796573609,-0.00109847263,0.363374591,-0.291860074,0.00027010031,0.940404177,-0.13001515,0.0289517418,0.0772974044,-0.458860576,-0.0176858827,0.0173156653,0.55491066,-0.370792985,-0.0438864976,-0.198885262,-0.184378907,0.129308477,0.355176568,-0.593471408,-0.186559498,0.0124804499,-0.0259736478,0.140468627,0.548725843,0.366916597,0.0394309014,1.10730231,0.132827595,0.0796573609,-0.00109847263,0.363374591,-0.291860074,0.00027010031,0.940404177,-0.13001515,0.0289517343,0.0772974044
2.19689934,3194373.35,0,0,0.0163754099,2.1871645e-05,1,0.142618082,0,1,-0.978201032,-0.00125559885,-0.00118898426,0.207653016,-0.433484167,-0.0279357694,-0.35161981,-0.999967575,0.0118407905,-0,-0.238746032,0.0300575402,-0.00403750455,0.715177715,-0.401554197,-0.0448950268,-0.446011633,-0.0208159201,0.0315053314,0.428277075,-0.203695834,-0.032160677,-0.035870377,0.0150844688,-0.00832519494,0.2209692,0.282922864,-0.00214463403,0.979138374,0.1425758,0.00504963566,0.00484365039,0.303582311,-0.276674986,0.0103680464,0.917981565,-0.159968242,0.0165283941,0.0826685354,3.87355447,0.403613508,0.0847637653,-5.75169182,0.992225945,-0.0214318056,-1.07585967,0.27538079,-0.107976414,-0.258620203,-2.14709139,0.680188358,-0.26130107,0.188904062,-0.00662881741,-0.922537684,0.483560801,0.615102768,-0.228599668,-0.0409816541,0.158219129,-0.158366039,1.34579873,0.0535632633,-0.140590087,0.382144064,1.3265239,0.337796807,-0.161494821,-0.458860576,-0.0176858827,0.0173156653,0.55491066,-0.370792985,-0.0438864976,-0.198885262,-0.184378907,0.129308477,0.355176568,-0.593471408,-0.186559498,0.0124804499,-0.0259736478,0.140468627,0.548725843,0.366916597,0.0394309014,1.10730231,0.132827595,0.0796573609,-0.00109847263,0.363374591,-0.291860074,0.00027010031,0.940404177,-0.13001515,0.0289517343,0.0772974044,-0.458860546,-0.0176858809,0.0173156671,0.55491066,-0.370792985,-0.0438864939,-0.198885262,-0.184378907,0.129308477,0.355176568,-0.593471408,-0.186559498,0.0124804499,-0.0259736553,0.140468627,0.548725843,0.366916597,0.0394308977,1.10730231,0.132827595,0.0796573609,-0.00109847263,0.363374591,-0.291860074,0.00027010031,0.940404177,-0.13001515,0.0289517418,0.0772974044,-0.458860576,-0.0176858827,0.0173156653,0.55491066,-0.370792985,-0.0438864976,-0.198885262,-0.184378907,0.129308477,0.355176568,-0.593471408,-0.186559498,0.0124804499,-0.0259736478,0.140468627,0.548725843,0.366916597,0.0394309014,1.10730231,0.132827595,0.0796573609,-0.00109847263,0.363374591,-0.291860074,0.00027010031,0.940404177,-0.13001515,0.0289517343,0.0772974044
2.20786913,3194373.36,0,0,0.00736239599,4.934147e-06,1,0.126279891,0.0715506077,1,-0.977945328,0.00234626164,-0.00258783787,0.208831802,-0.764039874,0.111640662,-0.197375253,-0.999967575,0.0118407905,-0,-0.20036073,0.0352450646,-0.00655566528,0.654661715,-0.39014864,-0.0445698947,-0.460035414,-0.0160376597,0.0282219686,0.423960805,-0.228294611,-0.0249432791,-0.0388102941,0.0200863238,-0.00927033834,0.210999727,0.288173795,0.00414211396,0.974794805,0.142189682,0.00600905623,0.00255889283,0.320412457,-0.276859045,0.0082912799,0.924024343,-0.146418139,0.0200300105,0.0805540755,2.92431974,0.449106991,-0.448849648,-4.84573746,1.57409227,0.127793476,-1.15495574,0.548117697,-0.273346961,-0.433223039,-2.00487685,0.614100277,-0.0839668587,0.555862963,-0.0294047203,-0.813870013,0.416761577,0.41767782,-0.455600709,-0.0208879262,0.0417672321,-0.217622057,1.44534469,-0.0449835584,-0.207621396,0.587696016,1.10497272,0.227382466,-0.271742493,-0.450479805,0.0209746212,-0.0207656268,0.493337214,-0.299242377,-0.0310639143,-0.175256371,-0.152814046,0.116122991,0.376322091,-0.564150035,-0.160944834,0.036186628,0.00916856527,0.13491413,0.59378314,0.356677949,0.0324781239,1.12338364,0.142501682,0.0900304466,-0.00897082686,0.339085877,-0.296222746,-0.00393145345,0.93357712,-0.114051476,0.0231246501,0.0661090016,-0.450479776,0.0209746212,-0.0207656268,0.493337214,-0.299242377,-0.031063918,-0.175256371,-0.152814046,0.116122991,0.376322091,-0.564150035,-0.160944834,0.036186628,0.00916857272,0.13491413,0.59378314,0.356677949,0.0324781276,1.12338364,0.142501682,0.0900304466,-0.008970825,0.339085877,-0.296222746,-0.00393145345,0.93357712,-0.114051476,0.0231246501,0.0661090016,-0.450479805,0.0209746212,-0.0207656268,0.493337214,-0.299242377,-0.0310639143,-0.175256371,-0.152814046,0.116122991,0.376322091,-0.564150035,-0.160944834,0.036186628,0.00916856527,0.13491413,0.59378314,0.356677949,0.0324781239,1.12338364,0.142501682,0.0900304466,-0.00897082686,0.339085877,-0.296222746,-0.00393145345,0.93357712,-0.114051476,0.0231246501,0.0661090016
2.21789925,3194373.37,0,0,0.017392511,2.21221708e-05,1,0.126279891,0,1,-0.97773844,0.00660863938,-0.00418165559,0.209681675,-0.951018691,0.180866092,-0.0986576304,-0.999967575,0.0118407905,-0,-0.175068587,0.0404865071,-0.0135048255,0.608689427,-0.380275726,-0.0424881503,-0.471586555,-0.00897331815,0.0254631285,0.418762028,-0.247661918,-0.0190723371,-0.0381186083,0.0269398466,-0.0091639543,0.203350991,0.292224437,0.00709806988,0.968933821,0.142113462,0.00604305975,0.000246626121,0.33491978,-0.277464688,0.00612303801,0.930792451,-0.135810241,0.0216907058,0.0768849999,2.13883567,0.632265985,-0.726731002,-4.43201828,-1.12217283,0.248921007,-1.1927731,0.73775351,-0.311488539,-0.568172336,-1.87296295,0.552848995,0.0745770633,0.709282041,0.00819658116,-0.712697148,0.418195099,0.239965856,-0.669767797,-0.00228304719,-0.0386515819,-0.227492422,1.4131602,-0.0473443419,-0.197042167,0.744237304,0.973631263,0.146658599,-0.386569649,-0.450479805,0.0209746212,-0.0207656268,0.493337214,-0.299242377,-0.0310639143,-0.175256371,-0.152814046,0.116122991,0.376322091,-0.564150035,-0.160944834,0.036186628,0.00916856527,0.13491413,0.59378314,0.356677949,0.0324781239,1.12338364,0.142501682,0.0900304466,-0.00897082686,0.339085877,-0.296222746,-0.00393145345,0.93357712,-0.114051476,0.0231246501,0.0661090016,-0.450479776,0.0209746212,-0.0207656268,0.493337214,-0.299242377,-0.031063918,-0.175256371,-0.152814046,0.116122991,0.376322091,-0.564150035,-0.160944834,0.036186628,0.00916857272,0.13491413,0.59378314,0.356677949,0.0324781276,1.12338364,0.142501682,0.0900304466,-0.008970825,0.339085877,-0.296222746,-0.00393145345,0.93357712,-0.114051476,0.0231246501,0.0661090016,-0.450479805,0.0209746212,-0.0207656268,0.493337214,-0.299242377,-0.0310639143,-0.175256371,-0.152814046,0.116122991,0.376322091,-0.564150035,-0.160944834,0.036186628,0.00916856527,0.13491413,0.59378314,0.356677949,0.0324781239,1.12338364,0.142501682,0.0900304466,-0.00897082686,0.339085877,-0.296222746,-0.00393145345,0.93357712,-0.114051476,0.0231246501,0.0661090016
2.22889772,3194373.38,0,0,0.00838416209,2.1499116e-05,1,0.133633148,0.10639815,1,-0.977767229,0.0107736886,-0.00647458155,0.209316075,-0.741260231,0.342062831,0.206818089,-0.999967575,0.0118407905,-0,-0.162169993,0.0468126573,-0.0211948287,0.568956077,-0.408184767,-0.0395981781,-0.484763771,-0.00274448213,0.0216791891,0.413095564,-0.265512019,-0.0144602591,-0.0377065577,0.0329344459,-0.0091684442,0.196338117,0.296865553,0.00883163419,0.961720645,0.142540872,0.00483335974,-0.00189034035,0.348245651,-0.277204096,0.00440557068,0.938798726,-0.127842858,0.0229931511,0.0726395175,0.397235513,0.392319232,-0.832946658,-3.07472801,-2.85479665,0.724362552,-1.45565546,0.383344442,-0.408088207,-0.482203901,-1.7385416,0.323731154,0.0341526568,0.346593559,-0.0112633863,-0.770668447,0.533436239,0.136149168,-0.686778963,0.139480814,-0.159374177,-0.220548004,1.27007008,0.166869968,-0.20615159,0.845133603,0.707292974,0.0947124958,-0.572284997,-0.41510278,0.106640987,-0.0840592459,0.477408439,-0.192844227,-0.0198156014,-0.219614893,-0.106667385,0.0844108164,0.411934465,-0.503004789,-0.13471292,0.0500357188,0.0822321773,0.101376891,0.587819934,0.366321117,0.0306020379,1.12172735,0.15896675,0.0923317373,-0.0100217834,0.316489398,-0.303339422,-0.0141520854,0.917572677,-0.109523922,0.0134756416,0.0466900468,-0.41510278,0.106640987,-0.0840592459,0.477408439,-0.192844227,-0.0198155995,-0.219614893,-0.106667385,0.0844108164,0.411934465,-0.503004789,-0.13471292,0.0500357188,0.0822321773,0.101376891,0.587819934,0.366321117,0.0306020416,1.12172735,0.15896675,0.0923317373,-0.0100217834,0.316489398,-0.303339422,-0.0141520854,0.917572677,-0.109523922,0.0134756425,0.0466900468,-0.41510278,0.106640987,-0.0840592459,0.477408439,-0.192844227,-0.0198156014,-0.219614893,-0.106667385,0.0844108164,0.411934465,-0.503004789,-0.13471292,0.0500357188,0.0822321773,0.101376891,0.587819934,0.366321117,0.0306020379,1.12172735,0.15896675,0.0923317373,-0.0100217834,0.316489398,-0.303339422,-0.0141520854,0.917572677,-0.109523922,0.0134756416,0.0466900468
2.23989912,3194373.4,0,0,0.0193855553,2.26092525e-05,1,0.133633148,0,1,-0.978190422,0.0109892869,-0.00781313609,0.207272112,0.186928093,-0.0265510175,0.323037028,-0.999967575,0.0118407905,-0,-0.179187343,0.0429932624,-0.0284066703,0.565946698,-0.419953734,-0.0330461115,-0.501962543,-0.00632499438,0.0195903834,0.408907294,-0.28530094,-0.0126354089,-0.0369121283,0.0262058508,-0.00560846366,0.184072539,0.305773735,0.0102572544,0.95559442,0.146010235,0.00243661157,-0.00429267157,0.360001206,-0.270167619,0.00139541191,0.950380027,-0.121168956,0.0236542877,0.0636199191,-2.0624826,-0.579576313,-0.416224986,1.08821499,-0.0822149739,0.44050312,-1.19543624,-0.507647932,0.018935198,-0.376449168,-1.64923632,0.0572536066,0.19547157,-0.933961987,0.649331868,-1.16575766,0.802683294,0.0906612277,-0.412482411,0.364415497,-0.21559234,-0.16849564,0.812539399,0.754227042,-0.245813534,0.936792016,0.446247578,0.0454031192,-0.784585178,-0.41510278,0.106640987,-0.0840592459,0.477408439,-0.192844227,-0.0198156014,-0.219614893,-0.106667385,0.0844108164,0.411934465,-0.503004789,-0.13471292,0.0500357188,0.0822321773,0.101376891,0.587819934,0.366321117,0.0306020379,1.12172735,0.15896675,0.0923317373,-0.0100217834,0.316489398,-0.303339422,-0.0141520854,0.917572677,-0.109523922,0.0134756416,0.0466900468,-0.41510278,0.106640987,-0.0840592459,0.477408439,-0.192844227,-0.0198155995,-0.219614893,-0.106667385,0.0844108164,0.411934465,-0.503004789,-0.13471292,0.0500357188,0.0822321773,0.101376891,0.587819934,0.366321117,0.0306020416,1.12172735,0.15896675,0.0923317373,-0.0100217834,0.316489398,-0.303339422,-0.0141520854,0.917572677,-0.109523922,0.0134756425,0.0466900468,-0.41510278,0.106640987,-0.0840592459,0.477408439,-0.192844227,-0.0198156014,-0.219614893,-0.106667385,0.0844108164,0.411934465,-0.503004789,-0.13471292,0.0500357188,0.0822321773,0.101376891,0.587819934,0.366321117,0.0306020379,1.12172735,0.15896675,0.0923317373,-0.0100217834,0.316489398,-0.303339422,-0.0141520854,0.917572677,-0.109523922,0.0134756416,0.0466900468
2.25089792,3194373.41,0,0,0.0103262071,2.22348608e-05,1,0.1606117,0.141832143,1,-0.978326023,0.0094905505,-0.00693348562,0.206736639,0.403614342,0.0857916102,-0.00582032464,-0.999967575,0.0118407905,-0,-0.201869428,0.0366644263,-0.0296955593,0.581611454,-0.414655536,-0.029921703,-0.514358699,-0.0108396867,0.0223508794,0.408926517,-0.306374073,-0.0140868369,-0.0334187858,0.0151868351,0.00119597663,0.174160272,0.313694805,0.0110702142,0.952172577,0.149524227,-3.87510008e-05,-0.00529095624,0.366869748,-0.262268543,-0.000138978823,0.958698452,-0.118248597,0.0227594096,0.0543352813,-2.55815506,-0.646927536,0.0199326221,1.67709732,0.883109152,0.201326877,-1.70175683,-0.402195334,0.380053729,0.681646287,-2.67360187,-0.303749055,0.333355367,-1.17850554,0.34405753,-0.691146612,0.796257555,0.0996325314,-0.312975377,0.316651732,-0.298580796,-0.0609664805,0.624361396,0.800961673,-0.0943206102,0.790262938,0.178836673,-0.303530008,-1.23386371,-0.47464329,0.235112011,-0.1828354,0.336796761,-0.114144519,-0.0544131547,-0.330658793,0.0219975933,0.0208972357,0.553766608,-0.403182507,-0.0551762916,0.0315723345,0.209591627,0.121725507,0.547231197,0.364018291,0.024014309,1.10022819,0.161610439,0.0770564452,-0.0134912059,0.273673475,-0.319909841,-0.0218848679,0.90021956,-0.117948718,-0.0181517601,0.00778031163,-0.47464329,0.235111997,-0.1828354,0.336796761,-0.114144519,-0.0544131584,-0.330658793,0.0219975933,0.0208972357,0.553766608,-0.403182507,-0.0551762953,0.0315723345,0.209591627,0.1217255,0.547231197,0.364018291,0.024014309,1.10022819,0.161610439,0.0770564452,-0.0134912077,0.273673475,-0.319909841,-0.0218848661,0.90021956,-0.117948718,-0.0181517582,0.00778031163,-0.47464329,0.235112011,-0.1828354,0.336796761,-0.114144519,-0.0544131547,-0.330658793,0.0219975933,0.0208972357,0.553766608,-0.403182507,-0.0551762916,0.0315723345,0.209591627,0.121725507,0.547231197,0.364018291,0.024014309,1.10022819,0.161610439,0.0770564452,-0.0134912059,0.273673475,-0.319909841,-0.0218848679,0.90021956,-0.117948718,-0.0181517601,0.00778031163
2.26186992,3194373.42,0,0,0.00133559341,5.25731593e-06,1,0.152490102,0.155231893,1,-0.978233278,0.0077497228,-0.00654098578,0.207260251,0.294351786,-0.154367313,-0.152399927,-0.999967575,0.0118407905,-0,-0.225794911,0.0313588604,-0.0285831038,0.597077906,-0.402767748,-0.028878903,-0.531613469,-0.0133138653,0.0259004552,0.420350432,-0.331104875,-0.0178288985,-0.0313112549,0.00415250706,0.00489659002,0.170395553,0.321139336,0.0126611954,0.949555039,0.152064085,-0.00341505697,-0.00545289647,0.371062636,-0.254792571,-0.00065447588,0.964852214,-0.117336296,0.0180790406,0.0406193361,-2.14660263,-0.426992536,0.142128259,1.40133905,1.34053659,0.0582553744,-1.56332958,-0.133500218,0.300610304,1.28248703,-2.19180107,-0.3983109,0.130593315,-1.01440704,0.50665164,-0.222564116,0.697443604,0.187623501,-0.21017687,0.214054659,-0.344960749,0.0148506491,0.275234014,0.697701693,-0.032796748,0.470634699,0.0520516559,-0.522428989,-1.35595894,-0.557447791,0.202186942,-0.174907714,0.306562781,-0.108020939,-0.0445333868,-0.358857512,0.0424265228,0.00847323239,0.708998501,-0.375517368,0.0117251594,0.02487267,0.309424579,0.122078605,0.500193417,0.368338108,0.0183360875,1.06599343,0.172478244,0.0693609565,-0.0130356923,0.248213366,-0.343854487,-0.0136473533,0.890075862,-0.12271218,-0.0240219384,0.00208745152,-0.557447791,0.202186927,-0.174907714,0.306562781,-0.108020939,-0.0445333831,-0.358857542,0.0424265228,0.00847323332,0.708998501,-0.375517368,0.0117251594,0.02487267,0.309424579,0.122078598,0.500193417,0.368338108,0.0183360856,1.06599343,0.172478244,0.0693609565,-0.0130356941,0.248213366,-0.343854487,-0.0136473533,0.890075862,-0.12271218,-0.0240219366,0.00208745175,-0.557447791,0.202186942,-0.174907714,0.306562781,-0.108020939,-0.0445333868,-0.358857512,0.0424265228,0.00847323239,0.708998501,-0.375517368,0.0117251594,0.02487267,0.309424579,0.122078605,0.500193417,0.368338108,0.0183360875,1.06599343,0.172478244,0.0693609565,-0.0130356923,0.248213366,-0.343854487,-0.0136473533,0.890075862,-0.12271218,-0.0240219384,0.00208745152
2.27190094,3194373.43,0,0,0.0113666183,2.29580328e-05,1,0.152490102,0,1,-0.978027403,0.00632770127,-0.00534337619,0.208311886,0.283722073,0.00623043114,-0.154600009,-0.999967575,0.0118407905,-0,-0.249430358,0.0269422866,-0.0265042242,0.60991776,-0.384494454,-0.0284135919,-0.554043889,-0.0132001741,0.0300814286,0.458752543,-0.351043522,-0.0173973199,-0.0312930457,-0.00716262218,0.0092247352,0.17163603,0.329043806,0.0145405093,0.947104692,0.15456678,-0.00626999186,-0.00513703469,0.372998297,-0.24784559,-0.000206608034,0.967495084,-0.117197014,0.0113411453,0.0266284235,-2.02776456,-0.374425739,0.16415213,0.86438489,1.6315738,0.0431638099,-2.41496921,0.0634201616,0.348880529,5.28521347,-1.29394472,0.579191923,-0.11846067,-0.902444541,0.086769022,0.360064089,0.637744069,0.114055,-0.238162503,0.245616898,-0.131043017,0.0168082751,0.109593533,0.469487786,0.10566508,0.0715463907,-0.0134036355,-0.607914865,-1.04305935,-0.557447791,0.202186942,-0.174907714,0.306562781,-0.108020939,-0.0445333868,-0.358857512,0.0424265228,0.00847323239,0.708998501,-0.375517368,0.0117251594,0.02487267,0.309424579,0.122078605,0.500193417,0.368338108,0.0183360875,1.06599343,0.172478244,0.0693609565,-0.0130356923,0.248213366,-0.343854487,-0.0136473533,0.890075862,-0.12271218,-0.0240219384,0.00208745152,-0.557447791,0.202186927,-0.174907714,0.306562781,-0.108020939,-0.0445333831,-0.358857542,0.0424265228,0.00847323332,0.708998501,-0.375517368,0.0117251594,0.02487267,0.309424579,0.122078598,0.500193417,0.368338108,0.0183360856,1.06599343,0.172478244,0.0693609565,-0.0130356941,0.248213366,-0.343854487,-0.0136473533,0.890075862,-0.12271218,-0.0240219366,0.00208745175,-0.557447791,0.202186942,-0.174907714,0.306562781,-0.108020939,-0.0445333868,-0.358857512,0.0424265228,0.00847323239,0.708998501,-0.375517368,0.0117251594,0.02487267,0.309424579,0.122078605,0.500193417,0.368338108,0.0183360875,1.06599343,0.172478244,0.0693609565,-0.0130356923,0.248213366,-0.343854487,-0.0136473533,0.890075862,-0.12271218,-0.0240219384,0.00208745152
2.2819085,3194373.44,0,0,0.0014105509,2.21692026e-05,1,0.117952935,0.108371973,1,-0.978057623,0.00602051523,-0.00445670635,0.208199754,-0.0486992449,-0.295895368,0.142269373,-0.999967575,0.0118407905,-0,-0.266921043,0.0244724434,-0.0271677077,0.616493225,-0.367689162,-0.0279954933,-0.573978126,-0.0113550304,0.0312522985,0.516254067,-0.358395278,-0.0127096185,-0.0344837233,-0.0133972177,0.0114773074,0.175944999,0.33426863,0.01517596,0.945771277,0.157631949,-0.00655956939,-0.00500312774,0.37299788,-0.244658962,0.000856008381,0.966534793,-0.117404915,0.00544292014,0.0181855001,-1.53028166,-0.142790541,-0.232680902,0.514033556,1.70500636,0.0403204449,-1.55510509,0.280973703,-0.0386080444,5.65049744,-0.446331531,0.383511215,-0.429535121,-0.417993456,0.341849864,0.457183391,0.431037098,0.0374875031,-0.0664180666,0.351970822,0.0589190312,0.00872281566,-0.0670525208,0.223570004,0.0935407802,-0.187007859,-0.0217073094,-0.560698688,-0.708336473,-0.63023603,0.20152548,-0.119668283,0.31451422,-0.0706769228,0.00616331398,-0.361745596,0.0133877024,0.00353435054,0.817370474,-0.378511518,0.0473491549,0.0221702009,0.334535539,0.121980302,0.443581164,0.405797422,0.0128763765,1.02471352,0.176326379,0.0518631637,-0.0180253237,0.222584248,-0.333200365,-0.00910613686,0.880323172,-0.106204852,-0.0256349593,0.0151449088,-0.63023603,0.20152548,-0.119668283,0.31451422,-0.0706769228,0.00616331585,-0.361745596,0.0133877024,0.00353435148,0.817370474,-0.378511518,0.0473491549,0.0221702009,0.334535539,0.121980295,0.443581164,0.405797422,0.0128763728,1.02471352,0.176326379,0.0518631637,-0.0180253237,0.222584248,-0.333200365,-0.00910613686,0.880323172,-0.106204852,-0.0256349631,0.0151449088,-0.63023603,0.20152548,-0.119668283,0.31451422,-0.0706769228,0.00616331398,-0.361745596,0.0133877024,0.00353435054,0.817370474,-0.378511518,0.0473491549,0.0221702009,0.334535539,0.121980302,0.443581164,0.405797422,0.0128763765,1.02471352,0.176326379,0.0518631637,-0.0180253237,0.222584248,-0.333200365,-0.00910613686,0.880323172,-0.106204852,-0.0256349593,0.0151449088
2.29286778,3194373.45,0,0,0.0123698278,4.11318615e-06,1,0.117952935,0,1,-0.978219867,0.00672721723,-0.00356848328,0.207431599,-0.111412957,-0.105546847,0.144581094,-0.999967575,0.0118407905,-0,-0.281895429,0.023687195,-0.0295331813,0.619363844,-0.350025982,-0.0267655384,-0.589236319,-0.00838561822,0.0287464634,0.578825474,-0.363426536,-0.00469727907,-0.0381035246,-0.0163892992,0.0129946861,0.181323379,0.338252813,0.0142302606,0.945575178,0.161424324,-0.00481830351,-0.00582255609,0.372337341,-0.243375719,0.00163403188,0.963341117,-0.116683297,0.000557663385,0.0140228206,-1.52754545,-0.0541700311,-0.207480624,0.154999077,1.80408204,0.185504317,-1.60070598,0.272004336,-0.407820761,6.78735113,-0.549297869,1.07514012,-0.28454119,-0.246649519,-0.00452881493,0.587623596,0.401135772,-0.210012719,-0.0118356794,0.379772753,0.247000009,-0.163608342,-0.0623553358,0.076934129,0.0623316094,-0.408041775,0.150070921,-0.437771529,-0.227786779,-0.63023603,0.20152548,-0.119668283,0.31451422,-0.0706769228,0.00616331398,-0.361745596,0.0133877024,0.00353435054,0.817370474,-0.378511518,0.0473491549,0.0221702009,0.334535539,0.121980302,0.443581164,0.405797422,0.0128763765,1.02471352,0.176326379,0.0518631637,-0.0180253237,0.222584248,-0.333200365,-0.00910613686,0.880323172,-0.106204852,-0.0256349593,0.0151449088,-0.63023603,0.20152548,-0.119668283,0.31451422,-0.0706769228,0.00616331585,-0.361745596,0.0133877024,0.00353435148,0.817370474,-0.378511518,0.0473491549,0.0221702009,0.334535539,0.121980295,0.443581164,0.405797422,0.0128763728,1.02471352,0.176326379,0.0518631637,-0.0180253237,0.222584248,-0.333200365,-0.00910613686,0.880323172,-0.106204852,-0.0256349631,0.0151449088,-0.63023603,0.20152548,-0.119668283,0.31451422,-0.0706769228,0.00616331398,-0.361745596,0.0133877024,0.00353435054,0.817370474,-0.378511518,0.0473491549,0.0221702009,0.334535539,0.121980302,0.443581164,0.405797422,0.0128763765,1.02471352,0.176326379,0.0518631637,-0.0180253237,0.222584248,-0.333200365,-0.00910613686,0.880323172,-0.106204852,-0.0256349593,0.0151449088
2.30289927,3194373.46,0,0,0.0023813583,2.19303183e-05,1,0.137211755,0.0998460054,1,-0.978430331,0.00802648347,-0.00311207748,0.206397697,-0.330575109,-0.173823074,0.250598788,-0.999967575,0.0118407905,-0,-0.295867503,0.0241943654,-0.0325990766,0.619273901,-0.331729621,-0.0247916635,-0.600301325,-0.00521540921,0.0225232281,0.642365217,-0.366515934,0.00439999532,-0.0405948684,-0.0169606004,0.0132552134,0.187195972,0.341704279,0.0110373078,0.945817888,0.165248528,-0.00141978986,-0.00826418586,0.370800763,-0.243357316,0.00198957324,0.958750546,-0.11488118,-0.00311176688,0.0132459141,-1.30665147,0.132737741,-0.380635828,-0.116217308,1.84358132,0.188747466,-0.709467769,0.374975771,-0.724600375,5.84995747,-0.186831772,0.80329746,-0.221604824,0.0798394009,0.0492466837,0.580127716,0.297949582,-0.378768921,0.0682568625,0.383781046,0.383334249,-0.287144631,-0.220670611,-0.0476754345,0.0234816745,-0.46988073,0.181361079,-0.322233468,-0.00788983796,-0.656575322,0.226103246,-0.0828636512,0.326091439,-0.0178156346,0.0519979,-0.375286877,-0.0277175643,0.00343256071,0.91721648,-0.415113211,0.0577875338,0.0150433648,0.335223973,0.0964302421,0.403403699,0.413249433,0.0108292699,0.997254848,0.181545362,0.0383952223,-0.0286418572,0.200785235,-0.315203369,0.00653888285,0.873759627,-0.0949677378,-0.0289386362,0.0287243892,-0.656575322,0.226103246,-0.0828636512,0.326091439,-0.0178156346,0.0519979075,-0.375286877,-0.0277175643,0.00343256164,0.91721648,-0.415113211,0.0577875338,0.0150433648,0.335223973,0.0964302421,0.403403699,0.413249433,0.0108292699,0.997254848,0.181545362,0.0383952223,-0.0286418572,0.200785235,-0.315203369,0.00653888285,0.873759627,-0.0949677378,-0.0289386325,0.0287243892,-0.656575322,0.226103246,-0.0828636512,0.326091439,-0.0178156346,0.0519979,-0.375286877,-0.0277175643,0.00343256071,0.91721648,-0.415113211,0.0577875338,0.0150433648,0.335223973,0.0964302421,0.403403699,0.413249433,0.0108292699,0.997254848,0.181545362,0.0383952223,-0.0286418572,0.200785235,-0.315203369,0.00653888285,0.873759627,-0.0949677378,-0.0289386362,0.0287243892
2.31289928,3194373.47,0,0,0.012381373,2.21407972e-05,1,0.137211755,0,1,-0.978639305,0.00951606128,-0.00322274421,0.205339268,-0.242063299,0.0569714494,0.182934716,-0.999967575,0.0118407905,-0,-0.309212416,0.0254754256,-0.0356373228,0.616073012,-0.312608808,-0.0224513244,-0.606746256,-0.00220400002,0.0143514378,0.702745736,-0.3732647,0.0129359672,-0.0418767594,-0.0161673613,0.0119189471,0.193934694,0.344609439,0.00705399085,0.946465373,0.169208005,0.00248855609,-0.0124857258,0.367551446,-0.244424924,0.00323204324,0.954081118,-0.111753382,-0.00589606632,0.0152038159,-1.36852968,0.097081773,-0.227544069,-0.453427374,1.96262407,0.268925607,-0.676799715,0.205340296,-0.884828627,6.34208918,-1.00799358,0.888531744,-0.0733049735,0.0429936238,-0.256121993,0.750004411,0.295688689,-0.391384304,0.0399020389,0.403195888,0.383325964,-0.523819268,-0.41414845,-0.143940985,0.21405606,-0.465082645,0.421351492,-0.256050885,0.347496748,-0.656575322,0.226103246,-0.0828636512,0.326091439,-0.0178156346,0.0519979,-0.375286877,-0.0277175643,0.00343256071,0.91721648,-0.415113211,0.0577875338,0.0150433648,0.335223973,0.0964302421,0.403403699,0.413249433,0.0108292699,0.997254848,0.181545362,0.0383952223,-0.0286418572,0.200785235,-0.315203369,0.00653888285,0.873759627,-0.0949677378,-0.0289386362,0.0287243892,-0.656575322,0.226103246,-0.0828636512,0.326091439,-0.0178156346,0.0519979075,-0.375286877,-0.0277175643,0.00343256164,0.91721648,-0.415113211,0.0577875338,0.0150433648,0.335223973,0.0964302421,0.403403699,0.413249433,0.0108292699,0.997254848,0.181545362,0.0383952223,-0.0286418572,0.200785235,-0.315203369,0.00653888285,0.873759627,-0.0949677378,-0.0289386325,0.0287243892,-0.656575322,0.226103246,-0.0828636512,0.326091439,-0.0178156346,0.0519979,-0.375286877,-0.0277175643,0.00343256071,0.91721648,-0.415113211,0.0577875338,0.0150433648,0.335223973,0.0964302421,0.403403699,0.413249433,0.0108292699,0.997254848,0.181545362,0.0383952223,-0.0286418572,0.200785235,-0.315203369,0.00653888285,0.873759627,-0.0949677378,-0.0289386362,0.0287243892
2.32389965,3194373.48,0,0,0.00340763619,2.21268274e-05,1,0.112458598,0.0593681335,1,-0.978820801,0.0108574918,-0.00389977708,0.204393625,-0.341703922,0.0872940868,0.204502404,-0.999967575,0.0118407905,-0,-0.322502434,0.0269275829,-0.0380997211,0.610316753,-0.292685628,-0.0199597254,-0.609654665,-0.000344789878,0.00472005503,0.761233032,-0.381031334,0.0207036827,-0.0422323421,-0.0147769907,0.00951230805,0.201623112,0.347008228,0.00317057641,0.947145045,0.173091024,0.00604278408,-0.0183685254,0.36162895,-0.246409699,0.00583215198,0.949564338,-0.107443437,-0.00814183336,0.0193524808,-1.30891335,0.192198157,-0.27604118,-0.644773543,2.00623059,0.225214303,0.0156864952,0.203022242,-0.990133226,5.35288048,-0.610118687,0.706753373,-0.0137989931,0.224564329,-0.228340596,0.772344887,0.192319259,-0.389421761,0.104257613,0.370886803,0.329241127,-0.608887911,-0.70822221,-0.231216133,0.269520402,-0.440254569,0.405841112,-0.203958586,0.422684491,-0.628479004,0.218242884,-0.0863042921,0.328243613,-0.0358400643,0.0558205396,-0.389690638,-0.0333635882,0.00160665438,0.976584613,-0.465411365,0.0496644899,0.0133900661,0.289539278,0.0828416646,0.393619478,0.393003851,0.00253559649,0.983575881,0.182818264,0.0361653939,-0.0315937474,0.205416873,-0.298618078,0.0247321613,0.868129969,-0.0981844664,-0.0297838449,0.0248144232,-0.628479004,0.218242869,-0.0863042921,0.328243613,-0.0358400643,0.0558205359,-0.389690667,-0.0333635882,0.00160665438,0.976584613,-0.465411365,0.0496644899,0.0133900661,0.289539278,0.0828416646,0.393619478,0.393003851,0.00253559463,0.983575881,0.182818264,0.0361653939,-0.0315937474,0.205416873,-0.298618078,0.0247321613,0.868129969,-0.0981844664,-0.0297838524,0.0248144232,-0.628479004,0.218242884,-0.0863042921,0.328243613,-0.0358400643,0.0558205396,-0.389690638,-0.0333635882,0.00160665438,0.976584613,-0.465411365,0.0496644899,0.0133900661,0.289539278,0.0828416646,0.393619478,0.393003851,0.00253559649,0.983575881,0.182818264,0.0361653939,-0.0315937474,0.205416873,-0.298618078,0.0247321613,0.868129969,-0.0981844664,-0.0297838449,0.0248144232
2.33489947,3194373.49,0,0,0.014407455,2.22660601e-05,1,0.112458598,0,1,-0.978937209,0.0119392481,-0.00450225081,0.203762382,-0.230838016,0.0882307291,0.121476576,-0.999967575,0.0118407905,-0,-0.332279474,0.0282947291,-0.0398049578,0.603879154,-0.27630198,-0.0183304381,-0.607537866,0.00109572522,-0.00247505214,0.802454472,-0.389467955,0.0251345783,-0.0416381247,-0.0132705122,0.00788674038,0.207981542,0.348354876,1.71202373e-05,0.947883666,0.175777256,0.00858984794,-0.0232008174,0.355024278,-0.248334125,0.00884206593,0.945772588,-0.104958266,-0.00954580493,0.0219551586,-1.15184116,0.12813057,-0.14547275,-0.922900081,2.08128715,0.194866166,0.360755891,0.140336558,-0.818085432,5.20632839,-1.48286819,0.441995084,0.139899373,0.118680969,-0.184798688,0.816466749,0.165853366,-0.396207243,0.0632512569,0.312834293,0.319974363,-0.594515204,-0.887410939,-0.23782967,0.477297455,-0.5123927,0.240247428,-0.158354387,0.241256788,-0.628479004,0.218242884,-0.0863042921,0.328243613,-0.0358400643,0.0558205396,-0.389690638,-0.0333635882,0.00160665438,0.976584613,-0.465411365,0.0496644899,0.0133900661,0.289539278,0.0828416646,0.393619478,0.393003851,0.00253559649,0.983575881,0.182818264,0.0361653939,-0.0315937474,0.205416873,-0.298618078,0.0247321613,0.868129969,-0.0981844664,-0.0297838449,0.0248144232,-0.628479004,0.218242869,-0.0863042921,0.328243613,-0.0358400643,0.0558205359,-0.389690667,-0.0333635882,0.00160665438,0.976584613,-0.465411365,0.0496644899,0.0133900661,0.289539278,0.0828416646,0.393619478,0.393003851,0.00253559463,0.983575881,0.182818264,0.0361653939,-0.0315937474,0.205416873,-0.298618078,0.0247321613,0.868129969,-0.0981844664,-0.0297838524,0.0248144232,-0.628479004,0.218242884,-0.0863042921,0.328243613,-0.0358400643,0.0558205396,-0.389690638,-0.0333635882,0.00160665438,0.976584613,-0.465411365,0.0496644899,0.0133900661,0.289539278,0.0828416646,0.393619478,0.393003851,0.00253559649,0.983575881,0.182818264,0.0361653939,-0.0315937474,0.205416873,-0.298618078,0.0247321613,0.868129969,-0.0981844664,-0.0297838449,0.0248144232
2.34589898,3194373.5,0,0,0.00536547881,2.16607004e-05,1,0.152975321,0.0841368437,1,-0.97906363,0.0131033929,-0.00571975298,0.203051761,-0.226505846,0.195186123,0.125401825,-0.999967575,0.0118407905,-0,-0.347748131,0.0298089851,-0.0413651578,0.588317752,-0.246420994,-0.0162144415,-0.596812546,0.00261416403,-0.0123975761,0.867354989,-0.409237772,0.0302254483,-0.0385958217,-0.0117373681,0.00512006879,0.220126167,0.349668711,-0.00537724933,0.948429525,0.179382741,0.0129143866,-0.0305750202,0.340446323,-0.251705766,0.0168822557,0.937665224,-0.103290126,-0.0114821168,0.0235330332,-1.13352859,0.12598893,-0.143046141,-1.1958251,2.15777707,0.115394078,1.10691404,0.117860585,-0.659351468,3.97873521,-1.15852821,0.333327353,0.243284032,0.168553501,-0.236028478,0.894449294,0.0249998774,-0.384907156,0.0573903695,0.211043149,0.280840218,-0.465582341,-1.14434302,-0.24263455,0.568182588,-0.615576863,0.0624220967,-0.135419533,0.054250773,-0.54434216,0.195570052,-0.0999662578,0.338483661,-0.0919985548,0.0427082181,-0.439352155,-0.0328456685,0.00136069581,1.00021267,-0.497429609,0.0372325219,0.00894283131,0.248066187,0.0779230446,0.367907733,0.368038356,-0.00173395872,0.969279408,0.185801759,0.0312628709,-0.0300609171,0.222931951,-0.293676406,0.0450668596,0.870138288,-0.108748734,-0.026725769,0.00893760845,-0.54434216,0.195570052,-0.0999662578,0.338483661,-0.0919985548,0.0427082144,-0.439352185,-0.0328456685,0.00136069581,1.00021267,-0.497429609,0.0372325219,0.00894283131,0.248066187,0.0779230446,0.367907733,0.368038356,-0.00173396012,0.969279408,0.185801759,0.0312628709,-0.0300609209,0.222931951,-0.293676406,0.0450668596,0.870138288,-0.108748734,-0.0267257765,0.00893760845,-0.54434216,0.195570052,-0.0999662578,0.338483661,-0.0919985548,0.0427082181,-0.439352155,-0.0328456685,0.00136069581,1.00021267,-0.497429609,0.0372325219,0.00894283131,0.248066187,0.0779230446,0.367907733,0.368038356,-0.00173395872,0.969279408,0.185801759,0.0312628709,-0.0300609171,0.222931951,-0.293676406,0.0450668596,0.870138288,-0.108748734,-0.026725769,0.00893760845
2.35590087,3194373.51,0,0,0.0153673659,2.31349841e-05,1,0.152975321,0,1,-0.979126394,0.0136242406,-0.00651143631,0.202690721,-0.0957712606,0.123991907,0.057535097,-0.999967575,0.0118407905,-0,-0.357462347,0.0303870067,-0.0420560017,0.574780643,-0.224588737,-0.0154687669,-0.58272326,0.00347413332,-0.0170559417,0.90404129,-0.423635095,0.0319721214,-0.0351958014,-0.0110489428,0.00396569818,0.228965238,0.349352032,-0.0086379312,0.948892176,0.181493759,0.0156207047,-0.0342464074,0.328033984,-0.254108548,0.0245041195,0.930864275,-0.103095606,-0.0125102438,0.0215363111,-0.920779228,0.0274607167,-0.0408640951,-1.4252646,2.19710994,0.055216413,1.59007514,0.0718482509,-0.363138169,3.3936131,-1.47872996,0.105438352,0.385092854,0.0330867879,-0.0774174407,0.883170784,-0.0767127424,-0.287716746,0.0507978313,0.207274482,0.257069319,-0.301082104,-1.29469419,-0.236616597,0.833370805,-0.714613438,-0.00250574807,-0.0912284255,-0.311776578,-0.54434216,0.195570052,-0.0999662578,0.338483661,-0.0919985548,0.0427082181,-0.439352155,-0.0328456685,0.00136069581,1.00021267,-0.497429609,0.0372325219,0.00894283131,0.248066187,0.0779230446,0.367907733,0.368038356,-0.00173395872,0.969279408,0.185801759,0.0312628709,-0.0300609171,0.222931951,-0.293676406,0.0450668596,0.870138288,-0.108748734,-0.026725769,0.00893760845,-0.54434216,0.195570052,-0.0999662578,0.338483661,-0.0919985548,0.0427082144,-0.439352185,-0.0328456685,0.00136069581,1.00021267,-0.497429609,0.0372325219,0.00894283131,0.248066187,0.0779230446,0.367907733,0.368038356,-0.00173396012,0.969279408,0.185801759,0.0312628709,-0.0300609209,0.222931951,-0.293676406,0.0450668596,0.870138288,-0.108748734,-0.0267257765,0.00893760845,-0.54434216,0.195570052,-0.0999662578,0.338483661,-0.0919985548,0.0427082181,-0.439352155,-0.0328456685,0.00136069581,1.00021267,-0.497429609,0.0372325219,0.00894283131,0.248066187,0.0779230446,0.367907733,0.368038356,-0.00173395872,0.969279408,0.185801759,0.0312628709,-0.0300609171,0.222931951,-0.293676406,0.0450668596,0.870138288,-0.108748734,-0.026725769,0.00893760845
2.36590381,3194373.52,0,0,0.00538072689,2.00606883e-05,1,0.142395962,0.113214672,1,-0.979185939,0.013852437,-0.00759002799,0.202349707,-0.0922324359,0.26649335,0.0885523483,-0.999967575,0.0118407905,-0,-0.367435277,0.030499706,-0.0425838679,0.560302138,-0.20250918,-0.0150416419,-0.564842343,0.00410671113,-0.0198203251,0.932469904,-0.436361641,0.0325874053,-0.031143913,-0.0105740475,0.00257955608,0.237988308,0.347814143,-0.0110299177,0.949712455,0.183343649,0.0178528372,-0.0363339335,0.31460318,-0.256329149,0.0324006453,0.923458934,-0.103288993,-0.0135079082,0.0182046201,-1.07626534,0.00452799862,-0.0703707114,-1.44360054,2.21261811,0.0382457785,1.90130639,0.059644293,-0.229822814,2.46715689,-1.14196837,0.0428510718,0.410980195,0.0680715889,-0.195285693,0.915817797,-0.204383224,-0.209373131,0.10480345,0.165453717,0.199649364,-0.152312592,-1.36928952,-0.209658042,0.729445159,-0.752533555,-0.0261160284,-0.110353731,-0.319783777,-0.431127489,0.175131083,-0.112148166,0.33512187,-0.193848982,0.0174970776,-0.496764183,-0.0179923289,-0.00279946998,0.991485238,-0.522218347,0.0198688619,-0.00310031418,0.249686643,0.0590531379,0.336015463,0.34625864,0.00348728895,0.948937416,0.186439008,0.0262731649,-0.0291003287,0.252117693,-0.296405077,0.0617014393,0.88637495,-0.116015166,-0.0266832709,-0.0103484895,-0.431127489,0.175131083,-0.112148166,0.33512187,-0.193848982,0.0174970813,-0.496764183,-0.0179923307,-0.00279946998,0.991485238,-0.522218347,0.0198688619,-0.00310031418,0.249686643,0.0590531342,0.336015463,0.34625864,0.00348729407,0.948937416,0.186439008,0.0262731649,-0.0291003324,0.252117693,-0.296405077,0.0617014356,0.88637495,-0.116015166,-0.0266832691,-0.0103484914,-0.431127489,0.175131083,-0.112148166,0.33512187,-0.193848982,0.0174970776,-0.496764183,-0.0179923289,-0.00279946998,0.991485238,-0.522218347,0.0198688619,-0.00310031418,0.249686643,0.0590531379,0.336015463,0.34625864,0.00348728895,0.948937416,0.186439008,0.0262731649,-0.0291003287,0.252117693,-0.296405077,0.0617014393,0.88637495,-0.116015166,-0.0266832709,-0.0103484895
2.37687081,3194373.53,0,0,0.0163477291,5.04218042e-06,1,0.142395962,0,1,-0.979245067,0.0137547357,-0.0085369125,0.202032283,0.0178851858,0.160179257,0.0465328731,-0.999967575,0.0118407905,-0,-0.377899557,0.0297976602,-0.0428948142,0.541381776,-0.175872311,-0.0149779813,-0.537877321,0.00447828416,-0.0208193157,0.955443621,-0.452345163,0.0312018245,-0.0260659829,-0.0106225386,0.00228266791,0.248939604,0.344318509,-0.0120963473,0.950832844,0.184954539,0.0208324566,-0.0371675305,0.29659611,-0.258868545,0.0430545062,0.915820777,-0.105374344,-0.0157384146,0.0102709364,-0.847865939,-0.089609161,-0.0093113957,-1.61744797,2.22350383,-0.00586594688,2.38687992,0.0159461983,-0.00401115231,1.53916383,-1.29848039,-0.13287048,0.424925506,-0.0240607318,-0.0122702681,0.923760891,-0.347490817,-0.0287270676,0.103248343,0.104179949,0.270400316,-0.0278132968,-1.54562664,-0.206060573,0.911301613,-0.581004083,-0.232020006,-0.219697654,-0.774433315,-0.431127489,0.175131083,-0.112148166,0.33512187,-0.193848982,0.0174970776,-0.496764183,-0.0179923289,-0.00279946998,0.991485238,-0.522218347,0.0198688619,-0.00310031418,0.249686643,0.0590531379,0.336015463,0.34625864,0.00348728895,0.948937416,0.186439008,0.0262731649,-0.0291003287,0.252117693,-0.296405077,0.0617014393,0.88637495,-0.116015166,-0.0266832709,-0.0103484895,-0.431127489,0.175131083,-0.112148166,0.33512187,-0.193848982,0.0174970813,-0.496764183,-0.0179923307,-0.00279946998,0.991485238,-0.522218347,0.0198688619,-0.00310031418,0.249686643,0.0590531342,0.336015463,0.34625864,0.00348729407,0.948937416,0.186439008,0.0262731649,-0.0291003324,0.252117693,-0.296405077,0.0617014356,0.88637495,-0.116015166,-0.0266832691,-0.0103484914,-0.431127489,0.175131083,-0.112148166,0.33512187,-0.193848982,0.0174970776,-0.496764183,-0.0179923289,-0.00279946998,0.991485238,-0.522218347,0.0198688619,-0.00310031418,0.249686643,0.0590531379,0.336015463,0.34625864,0.00348728895,0.948937416,0.186439008,0.0262731649,-0.0291003287,0.252117693,-0.296405077,0.0617014393,0.88637495,-0.116015166,-0.0266832709,-0.0103484895
2.38689758,3194373.54,0,0,0.00634417217,2.14241445e-05,1,0.171930995,0.149581,1,-0.979283094,0.013343134,-0.00966975931,0.201824486,0.0393768772,0.227594092,0.0485834628,-0.999967575,0.0118407905,-0,-0.387319028,0.0287212208,-0.04295462,0.525429547,-0.153697878,-0.0151009941,-0.51350522,0.00456967019,-0.0202348009,0.966664672,-0.46374768,0.0299595594,-0.021846462,-0.0107566081,0.00139512145,0.258375585,0.340262085,-0.0119177951,0.952162743,0.185585111,0.0235813856,-0.0371327698,0.281158566,-0.260724813,0.0511828586,0.910289407,-0.107657239,-0.0180436969,0.00301220943,-0.920148313,-0.114744455,-0.0130460598,-1.60606432,2.20525765,-0.030996576,2.57353997,0.0104660811,0.0875987262,0.708080351,-1.06924307,-0.181074768,0.40567863,-0.00319923437,-0.0645796284,0.950620472,-0.454335779,0.0784494728,0.143085986,0.0399852395,0.286917925,0.0201965142,-1.56059241,-0.174095154,0.767682076,-0.505532563,-0.22584483,-0.245338902,-0.723702967,-0.330040455,0.167617425,-0.125270739,0.314345241,-0.343429983,-0.00409714878,-0.525681555,-0.00648262538,-0.0071645081,0.935955763,-0.535326242,0.0093317721,-0.0157484189,0.282180488,0.0193826482,0.302798808,0.341205001,0.0140102655,0.914748788,0.179319516,0.0128058642,-0.0254212767,0.291229069,-0.303538531,0.0695587844,0.906240702,-0.118615702,-0.0259107798,-0.0222120788,-0.330040455,0.167617425,-0.125270739,0.314345241,-0.343429983,-0.00409714878,-0.525681555,-0.00648262538,-0.00716450997,0.935955763,-0.535326242,0.0093317721,-0.0157484207,0.282180488,0.0193826482,0.302798808,0.341205001,0.014010258,0.914748788,0.179319516,0.0128058661,-0.0254212804,0.291229069,-0.303538531,0.0695587844,0.906240702,-0.118615702,-0.0259107836,-0.0222120807,-0.330040455,0.167617425,-0.125270739,0.314345241,-0.343429983,-0.00409714878,-0.525681555,-0.00648262538,-0.0071645081,0.935955763,-0.535326242,0.0093317721,-0.0157484189,0.282180488,0.0193826482,0.302798808,0.341205001,0.0140102655,0.914748788,0.179319516,0.0128058642,-0.0254212767,0.291229069,-0.303538531,0.0695587844,0.906240702,-0.118615702,-0.0259107798,-0.0222120788
2.39689782,3194373.55,0,0,0.0163444201,2.19172798e-05,1,0.171930995,0,1,-0.979328692,0.0129571492,-0.0102996351,0.201596901,0.0661945567,0.154118866,0.0394168012,-0.999967575,0.0118407905,-0,-0.395019591,0.0274710543,-0.0431603603,0.508682489,-0.131804958,-0.0157378111,-0.484579563,0.0046714074,-0.0190825183,0.965556443,-0.474063873,0.0270235687,-0.0182035957,-0.0107147023,0.00180510757,0.268073499,0.334866077,-0.00976733025,0.953556359,0.185783625,0.026808098,-0.036813844,0.265356869,-0.262322009,0.0586400218,0.906437218,-0.109912686,-0.0207817852,-0.00475758314,-0.767561078,-0.136020258,-0.0106445653,-1.69161403,2.18259597,-0.070138678,2.96235776,0.00657224003,0.148101389,-0.498356104,-0.99255687,-0.284009963,0.356102198,0.00266762916,0.0112347025,0.997995198,-0.581059635,0.2753748,0.142347828,0.00969944708,0.335597545,0.0340390168,-1.54612851,-0.144733429,0.696888506,-0.33911556,-0.212712571,-0.276169628,-0.75565964,-0.330040455,0.167617425,-0.125270739,0.314345241,-0.343429983,-0.00409714878,-0.525681555,-0.00648262538,-0.0071645081,0.935955763,-0.535326242,0.0093317721,-0.0157484189,0.282180488,0.0193826482,0.302798808,0.341205001,0.0140102655,0.914748788,0.179319516,0.0128058642,-0.0254212767,0.291229069,-0.303538531,0.0695587844,0.906240702,-0.118615702,-0.0259107798,-0.0222120788,-0.330040455,0.167617425,-0.125270739,0.314345241,-0.343429983,-0.00409714878,-0.525681555,-0.00648262538,-0.00716450997,0.935955763,-0.535326242,0.0093317721,-0.0157484207,0.282180488,0.0193826482,0.302798808,0.341205001,0.014010258,0.914748788,0.179319516,0.0128058661,-0.0254212804,0.291229069,-0.303538531,0.0695587844,0.906240702,-0.118615702,-0.0259107836,-0.0222120807,-0.330040455,0.167617425,-0.125270739,0.314345241,-0.343429983,-0.00409714878,-0.525681555,-0.00648262538,-0.0071645081,0.935955763,-0.535326242,0.0093317721,-0.0157484189,0.282180488,0.0193826482,0.302798808,0.341205001,0.0140102655,0.914748788,0.179319516,0.0128058642,-0.0254212767,0.291229069,-0.303538531,0.0695587844,0.906240702,-0.118615702,-0.0259107798,-0.0222120788
2.40790252,3194373.56,0,0,0.00738166925,2.30069272e-05,1,0.139631797,0.157749891,1,-0.979337633,0.0122380015,-0.0114000868,0.201539218,0.0981622189,0.242485762,0.0348303691,-0.999967575,0.0118407905,-0,-0.403840035,0.0259230118,-0.0430156104,0.492404461,-0.110864423,-0.0164408032,-0.455688357,0.00467879837,-0.0170273148,0.957348585,-0.483051777,0.0245670322,-0.0145203285,-0.010727494,0.000768323662,0.278418422,0.328720659,-0.00669372268,0.955128849,0.185690075,0.0301032849,-0.0364897549,0.25091815,-0.26350379,0.0644304156,0.903203785,-0.111683719,-0.0232815892,-0.0112033254,-0.922620416,-0.176003337,-0.0206308607,-1.49753511,1.78764808,-0.0979294106,2.97848558,-0.0029546225,0.206683114,-1.26149964,-0.789331198,-0.25198701,0.348136872,0.0136278085,-0.100769088,1.02941954,-0.640709937,0.322152853,0.177869871,-0.0496602729,0.324916393,0.0393544734,-1.38930559,-0.107045934,0.521984041,-0.282069772,-0.158636257,-0.216119841,-0.588492036,-0.259332806,0.162550375,-0.137750149,0.30158779,-0.501179874,-0.0219002813,-0.521586955,0.00461861864,-0.0101777688,0.849720001,-0.536234081,0.00504676625,-0.0211514756,0.316613138,-0.0271039046,0.272434145,0.34467265,0.0245079696,0.879302323,0.166746438,-0.00564286858,-0.0190379769,0.330435365,-0.31967628,0.0736266375,0.929251969,-0.120257929,-0.0180594772,-0.0277469885,-0.259332806,0.162550375,-0.137750149,0.30158779,-0.501179874,-0.0219002832,-0.521586955,0.00461861864,-0.010177765,0.849720001,-0.536234081,0.00504676672,-0.0211514756,0.316613138,-0.0271039046,0.272434145,0.34467265,0.0245079696,0.879302323,0.166746438,-0.00564286998,-0.0190379769,0.330435365,-0.31967628,0.0736266375,0.929251969,-0.120257929,-0.0180594753,-0.0277469866,-0.259332806,0.162550375,-0.137750149,0.30158779,-0.501179874,-0.0219002813,-0.521586955,0.00461861864,-0.0101777688,0.849720001,-0.536234081,0.00504676625,-0.0211514756,0.316613138,-0.0271039046,0.272434145,0.34467265,0.0245079696,0.879302323,0.166746438,-0.00564286858,-0.0190379769,0.330435365,-0.31967628,0.0736266375,0.929251969,-0.120257929,-0.0180594772,-0.0277469885
2.41889802,3194373.57,0,0,0.018377169,2.18097121e-05,1,0.139631797,0,1,-0.979440749,0.0112551777,-0.0122185275,0.20104678,0.217407495,0.203132346,0.0505474955,-0.999967575,0.0118407905,-0,-0.414893121,0.0227029063,-0.0442977585,0.478093535,-0.100587159,-0.0181343202,-0.41620484,0.00422910601,-0.0145273143,0.929171085,-0.49055925,0.0212861206,-0.0107211918,-0.0108140307,0.000527566997,0.290250778,0.320756078,-0.00279905833,0.957750976,0.18340221,0.0339416899,-0.0358579382,0.235641643,-0.264509529,0.0701740533,0.901528418,-0.113372795,-0.0247766357,-0.017590493,-0.965509832,-0.347524047,-0.0687529147,-1.09689856,0.447368205,-0.133763343,3.25776815,-0.0842199549,0.289718688,-2.70798135,-0.612613618,-0.249819234,0.370567888,-0.0903611481,-0.0806212127,0.99064368,-0.650535166,0.313251227,0.225531429,-0.273038268,0.309584707,0.044194784,-1.14337182,-0.0528285988,0.428394735,-0.0762500018,-0.122042418,-0.0713908672,-0.461391151,-0.259332806,0.162550375,-0.137750149,0.30158779,-0.501179874,-0.0219002813,-0.521586955,0.00461861864,-0.0101777688,0.849720001,-0.536234081,0.00504676625,-0.0211514756,0.316613138,-0.0271039046,0.272434145,0.34467265,0.0245079696,0.879302323,0.166746438,-0.00564286858,-0.0190379769,0.330435365,-0.31967628,0.0736266375,0.929251969,-0.120257929,-0.0180594772,-0.0277469885,-0.259332806,0.162550375,-0.137750149,0.30158779,-0.501179874,-0.0219002832,-0.521586955,0.00461861864,-0.010177765,0.849720001,-0.536234081,0.00504676672,-0.0211514756,0.316613138,-0.0271039046,0.272434145,0.34467265,0.0245079696,0.879302323,0.166746438,-0.00564286998,-0.0190379769,0.330435365,-0.31967628,0.0736266375,0.929251969,-0.120257929,-0.0180594753,-0.0277469866,-0.259332806,0.162550375,-0.137750149,0.30158779,-0.501179874,-0.0219002813,-0.521586955,0.00461861864,-0.0101777688,0.849720001,-0.536234081,0.00504676625,-0.0211514756,0.316613138,-0.0271039046,0.272434145,0.34467265,0.0245079696,0.879302323,0.166746438,-0.00564286858,-0.0190379769,0.330435365,-0.31967628,0.0736266375,0.929251969,-0.120257929,-0.0180594772,-0.0277469885
2.42889838,3194373.58,0,0,0.00833267672,2.21091323e-05,1,0.18461002,0.111950278,1,-0.979439259,0.00983275753,-0.0130335372,0.201077506,0.307572573,0.253172874,0.0171881393,-0.999967575,0.0118407905,-0,-0.423150539,0.0193500146,-0.0443761423,0.469649881,-0.098869741,-0.0190816503,-0.391493291,0.00306420517,-0.0116783874,0.906880677,-0.49500829,0.019427022,-0.00729219569,-0.0121952919,-0.00076346274,0.298239797,0.315685391,-0.00040328849,0.959599793,0.180730075,0.0361856334,-0.0355857685,0.227628514,-0.26479882,0.0732061043,0.901100159,-0.114224762,-0.025114635,-0.0205874853,-1.03538728,-0.432711154,-0.0346231908,-0.981280804,-0.00811336935,-0.132893741,3.15806627,-0.152063027,0.331083328,-3.15635777,-0.384239882,-0.240590528,0.427148432,-0.15787667,-0.137585968,0.961810052,-0.645961463,0.28920722,0.271359295,-0.381722629,0.253529876,0.043468833,-0.91358608,-0.0429945253,0.351904124,-0.0401629321,-0.113692075,-0.0253720265,-0.332734376,-0.201095819,0.173055828,-0.146187171,0.302849591,-0.591085076,-0.0425379425,-0.509854734,0.0151688522,-0.0128111839,0.737769723,-0.508108616,0.00145280175,-0.023673784,0.344009817,-0.0730748177,0.233180746,0.339464545,0.0317382365,0.850078702,0.15438433,-0.0265371352,-0.0111997426,0.36576131,-0.34019345,0.0733253509,0.948681176,-0.123973526,-0.0103201419,-0.0297602173,-0.201095819,0.173055828,-0.146187171,0.302849591,-0.591085076,-0.0425379425,-0.509854734,0.0151688531,-0.0128111858,0.737769723,-0.508108616,0.00145280128,-0.023673784,0.344009817,-0.0730748177,0.233180746,0.339464545,0.0317382365,0.850078702,0.15438433,-0.0265371315,-0.0111997416,0.36576131,-0.34019345,0.0733253509,0.948681176,-0.123973526,-0.010320141,-0.0297602154,-0.201095819,0.173055828,-0.146187171,0.302849591,-0.591085076,-0.0425379425,-0.509854734,0.0151688522,-0.0128111839,0.737769723,-0.508108616,0.00145280175,-0.023673784,0.344009817,-0.0730748177,0.233180746,0.339464545,0.0317382365,0.850078702,0.15438433,-0.0265371352,-0.0111997426,0.36576131,-0.34019345,0.0733253509,0.948681176,-0.123973526,-0.0103201419,-0.0297602173
2.43989824,3194373.6,0,0,0.0193325407,2.22660601e-05,1,0.18461002,0,1,-0.97953248,0.00798206404,-0.0137375975,0.200658053,0.338127017,0.215502292,0.0287289061,-0.999967575,0.0118407905,-0,-0.4351843,0.0141645744,-0.0456435047,0.459959775,-0.105699003,-0.021182932,-0.35035494,0.00155048911,-0.0086281877,0.855358839,-0.495113701,0.0163760241,-0.00218352256,-0.013267423,-0.00136809552,0.308395565,0.307463586,0.00282594119,0.964175165,0.174791351,0.0384583324,-0.0347033106,0.219594106,-0.265643537,0.0767453834,0.900919557,-0.11603076,-0.0250241309,-0.0237289723,-1.02668011,-0.459608972,-0.0463919751,-0.786622226,-0.81679672,-0.180551931,3.33251405,-0.145748898,0.30493325,-4.58445835,0.0211095028,-0.231704429,0.49925071,-0.138398126,-0.104466349,0.824657142,-0.680354774,0.262224853,0.396417618,-0.553268611,0.158732444,0.0724887326,-0.481028646,-0.0691453442,0.256234467,-0.00412421068,-0.156518146,0.0239369348,-0.206254497,-0.201095819,0.173055828,-0.146187171,0.302849591,-0.591085076,-0.0425379425,-0.509854734,0.0151688522,-0.0128111839,0.737769723,-0.508108616,0.00145280175,-0.023673784,0.344009817,-0.0730748177,0.233180746,0.339464545,0.0317382365,0.850078702,0.15438433,-0.0265371352,-0.0111997426,0.36576131,-0.34019345,0.0733253509,0.948681176,-0.123973526,-0.0103201419,-0.0297602173,-0.201095819,0.173055828,-0.146187171,0.302849591,-0.591085076,-0.0425379425,-0.509854734,0.0151688531,-0.0128111858,0.737769723,-0.508108616,0.00145280128,-0.023673784,0.344009817,-0.0730748177,0.233180746,0.339464545,0.0317382365,0.850078702,0.15438433,-0.0265371315,-0.0111997416,0.36576131,-0.34019345,0.0733253509,0.948681176,-0.123973526,-0.010320141,-0.0297602154,-0.201095819,0.173055828,-0.146187171,0.302849591,-0.591085076,-0.0425379425,-0.509854734,0.0151688522,-0.0128111839,0.737769723,-0.508108616,0.00145280175,-0.023673784,0.344009817,-0.0730748177,0.233180746,0.339464545,0.0317382365,0.850078702,0.15438433,-0.0265371352,-0.0111997426,0.36576131,-0.34019345,0.0733253509,0.948681176,-0.123973526,-0.0103201419,-0.0297602173
2.44989958,3194373.61,0,0,0.00938360486,2.26707198e-05,1,0.135234091,0.107266963,1,-0.979551196,0.00544346962,-0.0146745034,0.200585216,0.365395963,0.195632309,0.0794206858,-0.999967575,0.0118407905,-0,-0.447559834,0.00847910531,-0.0456162505,0.450422853,-0.118213423,-0.0235071089,-0.311657429,-0.000300606305,-0.00464210147,0.795477569,-0.488127947,0.0139297266,0.00369698135,-0.0151504762,-0.00285424734,0.3178339,0.299111277,0.00600722712,0.96943444,0.16754958,0.0396800525,-0.0333409235,0.216236562,-0.266600013,0.0791411847,0.901471198,-0.118552208,-0.0245782621,-0.025186548,-0.98840493,-0.464496553,-0.0231777932,-0.784423828,-1.22498608,-0.212760031,3.33182597,-0.123734184,0.311292768,-5.64018774,1.1590513,-0.188288495,0.413727313,-0.110915586,-0.0720206127,0.720887423,-0.728434861,0.261647224,0.513629556,-0.640494168,0.0558694899,0.174654454,-0.155609891,-0.0984494761,0.157125026,0.112056628,-0.283024192,0.0481914282,-0.0664150938,-0.166967899,0.173291966,-0.141475484,0.305902451,-0.621120989,-0.0562828183,-0.490617573,0.0167136975,-0.00514304638,0.63050276,-0.44881326,0.000720197335,-0.0309690461,0.359125137,-0.117295474,0.180433586,0.342494309,0.0377210677,0.827370882,0.147601664,-0.0446401238,0.0016871728,0.390202373,-0.348632544,0.0717267543,0.96062398,-0.130965114,-0.00750298798,-0.0275104325,-0.166967899,0.173291966,-0.141475484,0.305902451,-0.621120989,-0.056282822,-0.490617573,0.0167136975,-0.00514304824,0.63050276,-0.44881326,0.000720196869,-0.0309690461,0.359125137,-0.117295474,0.180433586,0.342494309,0.0377210639,0.827370882,0.147601664,-0.0446401201,0.00168717396,0.390202373,-0.348632544,0.0717267543,0.96062398,-0.130965114,-0.00750298984,-0.0275104307,-0.166967899,0.173291966,-0.141475484,0.305902451,-0.621120989,-0.0562828183,-0.490617573,0.0167136975,-0.00514304638,0.63050276,-0.44881326,0.000720197335,-0.0309690461,0.359125137,-0.117295474,0.180433586,0.342494309,0.0377210677,0.827370882,0.147601664,-0.0446401238,0.0016871728,0.390202373,-0.348632544,0.0717267543,0.96062398,-0.130965114,-0.00750298798,-0.0275104325
2.4609067,3194373.62,0,0,0.000414609909,2.50618905e-05,1,0.112681184,0.0744484067,1,-0.979530931,0.0028480012,-0.0155545073,0.200671658,0.555362761,0.34670952,-0.0883558244,-0.999967575,0.0118407905,-0,-0.457825065,0.0035133257,-0.0445191972,0.441852629,-0.131749094,-0.0255990811,-0.28220427,-0.0019550093,-0.000295208098,0.742064118,-0.478499502,0.0122243343,0.00814941153,-0.0172395054,-0.00429825531,0.325080931,0.291939199,0.00875453185,0.974259138,0.161118582,0.0399927907,-0.0313681029,0.21595569,-0.267547727,0.0804326236,0.903213859,-0.121397309,-0.0239566863,-0.025544798,-1.0702225,-0.517434001,0.215360403,-0.908987761,-1.42038703,-0.202095598,2.59143567,-0.207590386,0.513125002,-4.91230202,0.787087262,-0.159637868,0.4753353,-0.283563554,-0.19997406,0.735498011,-0.706408322,0.286368251,0.440958261,-0.632961929,0.02042225,0.202099785,0.0468861051,-0.093357347,0.113049828,0.200603962,-0.266942948,0.0708133653,-0.0219203681,-0.166967899,0.173291966,-0.141475484,0.305902451,-0.621120989,-0.0562828183,-0.490617573,0.0167136975,-0.00514304638,0.63050276,-0.44881326,0.000720197335,-0.0309690461,0.359125137,-0.117295474,0.180433586,0.342494309,0.0377210677,0.827370882,0.147601664,-0.0446401238,0.0016871728,0.390202373,-0.348632544,0.0717267543,0.96062398,-0.130965114,-0.00750298798,-0.0275104325,-0.176693499,0.135292396,-0.106596313,0.304681033,-0.586101294,-0.0633255988,-0.441320926,-0.00742383674,0.018437976,0.558069706,-0.374364853,-0.00435162568,-0.0383436382,0.353376985,-0.162941322,0.135437682,0.368802965,0.0438649915,0.81737721,0.149300858,-0.0590640828,0.0185130183,0.393725514,-0.343553901,0.0741452724,0.962357819,-0.142050877,-0.00987834856,-0.0165008642,-0.176693499,0.135292396,-0.106596313,0.304681033,-0.586101294,-0.0633255988,-0.441320896,-0.00742383674,0.0184379742,0.558069706,-0.374364853,-0.00435162708,-0.0383436382,0.353376985,-0.162941322,0.135437682,0.368802965,0.0438649952,0.81737721,0.149300858,-0.0590640903,0.0185130164,0.393725514,-0.343553901,0.0741452724,0.962357819,-0.142050877,-0.00987835228,-0.016500866
2.47189758,3194373.63,0,0,0.0114054871,2.14059837e-05,1,0.112681184,0,1,-0.979407132,-0.000582410896,-0.0166709628,0.201205015,0.659243584,0.308806002,-0.0304591414,-0.999967575,0.0118407905,-0,-0.468204856,-0.00201285235,-0.0415765531,0.431515932,-0.145636782,-0.0273876972,-0.259398222,-0.00468791276,0.00509442016,0.696410477,-0.466219187,0.0104630878,0.012030228,-0.0205318481,-0.00593222631,0.332076222,0.284880012,0.0115064476,0.97869736,0.15518102,0.039872244,-0.0289549101,0.217087612,-0.268608063,0.0812842101,0.905571282,-0.12454433,-0.0233284757,-0.0250248294,-0.942727983,-0.588396311,0.309551984,-1.16517472,-1.29499626,-0.156696677,2.28321552,-0.314250976,0.545134723,-4.74247551,1.95519662,-0.207839221,0.256005943,-0.336746931,-0.0915421546,0.643533885,-0.708342433,0.241915554,0.50814414,-0.561039269,-0.0487588421,0.297492713,0.1534926,-0.115395769,0.0637283251,0.272297084,-0.416061401,0.0439095646,0.146803349,-0.176693499,0.135292396,-0.106596313,0.304681033,-0.586101294,-0.0633255988,-0.441320896,-0.00742383674,0.0184379742,0.558069706,-0.374364853,-0.00435162708,-0.0383436382,0.353376985,-0.162941322,0.135437682,0.368802965,0.0438649952,0.81737721,0.149300858,-0.0590640903,0.0185130164,0.393725514,-0.343553901,0.0741452724,0.962357819,-0.142050877,-0.00987835228,-0.016500866,-0.176693499,0.135292396,-0.106596313,0.304681033,-0.586101294,-0.0633255988,-0.441320926,-0.00742383674,0.018437976,0.558069706,-0.374364853,-0.00435162568,-0.0383436382,0.353376985,-0.162941322,0.135437682,0.368802965,0.0438649915,0.81737721,0.149300858,-0.0590640828,0.0185130183,0.393725514,-0.343553901,0.0741452724,0.962357819,-0.142050877,-0.00987834856,-0.0165008642,-0.176693499,0.135292396,-0.106596313,0.304681033,-0.586101294,-0.0633255988,-0.441320896,-0.00742383674,0.0184379742,0.558069706,-0.374364853,-0.00435162708,-0.0383436382,0.353376985,-0.162941322,0.135437682,0.368802965,0.0438649952,0.81737721,0.149300858,-0.0590640903,0.0185130164,0.393725514,-0.343553901,0.0741452724,0.962357819,-0.142050877,-0.00987835228,-0.016500866
2.48286923,3194373.64,0,0,0.00230689114,4.89875674e-06,1,0.181498937,0.0940978825,1,-0.979334414,-0.00547817722,-0.0176933557,0.201397717,0.835200131,0.371356606,-0.0360203944,-0.999967575,0.0118407905,-0,-0.479296386,-0.00985200517,-0.0366002135,0.416015297,-0.161589652,-0.0289282314,-0.236438811,-0.00962535199,0.0125838136,0.645203292,-0.443793237,0.00819137599,0.0139033552,-0.0254056863,-0.00683941506,0.338836372,0.276706189,0.0136278216,0.984964848,0.149547189,0.0393361002,-0.0250760093,0.220230922,-0.270153701,0.0817623436,0.90885514,-0.129864961,-0.0230234154,-0.0224694554,-0.957341015,-0.688013494,0.489957929,-1.34052336,-1.39588678,-0.112709723,1.54423976,-0.47634235,0.663444161,-3.69694948,1.60669756,-0.170352459,0.11243628,-0.444537342,-0.0824745819,0.506750226,-0.66116488,0.133070663,0.506000876,-0.395270824,-0.0276818778,0.316910535,0.341540009,-0.145172,0.0262143407,0.257143617,-0.413136989,0.0176536944,0.223633707,-0.22275579,0.0872127712,-0.0527403913,0.307910979,-0.501753151,-0.0554144531,-0.388473868,-0.0684588552,0.0647364184,0.521392345,-0.28026697,-0.0202356465,-0.0338455886,0.313155919,-0.209746212,0.103750825,0.41287744,0.0456075072,0.814599693,0.157141581,-0.0795152783,0.0330007821,0.353265166,-0.34215337,0.0780826211,0.949701369,-0.162542433,-0.0177570283,0.00266666524,-0.22275579,0.0872127712,-0.0527403913,0.307910979,-0.501753151,-0.0554144531,-0.388473868,-0.0684588552,0.0647364184,0.521392345,-0.28026697,-0.0202356465,-0.0338455886,0.313155919,-0.209746212,0.103750825,0.41287744,0.045607511,0.814599693,0.157141581,-0.0795152783,0.0330007821,0.353265166,-0.34215337,0.0780826211,0.949701369,-0.162542433,-0.0177570228,0.00266666524,-0.22275579,0.0872127712,-0.0527403913,0.307910979,-0.501753151,-0.0554144531,-0.388473868,-0.0684588552,0.0647364184,0.521392345,-0.28026697,-0.0202356465,-0.0338455886,0.313155919,-0.209746212,0.103750825,0.41287744,0.0456075072,0.814599693,0.157141581,-0.0795152783,0.0330007821,0.353265166,-0.34215337,0.0780826211,0.949701369,-0.162542433,-0.0177570283,0.00266666524
2.49289853,3194373.65,0,0,0.0123361861,2.23498791e-05,1,0.181498937,0,1,-0.97914654,-0.0106982505,-0.0186025593,0.202018723,1.1088649,0.393569708,-0.161207289,-0.999967575,0.0118407905,-0,-0.488055229,-0.0169288963,-0.028980827,0.400230587,-0.173646197,-0.0295259915,-0.224167928,-0.0154763721,0.0219177697,0.611675799,-0.419398218,0.00491599506,0.015136078,-0.0311403126,-0.00758941891,0.343048155,0.270714253,0.0143742058,0.990932524,0.146956161,0.0378615223,-0.0220682435,0.224264458,-0.271776646,0.0820666254,0.911370099,-0.136027455,-0.0229295567,-0.018090019,-0.804147243,-0.730596244,0.970764875,-1.75724816,-1.05748987,-0.0214947332,1.05949295,-0.679437399,1.1550833,-3.22272921,3.06858921,-0.431637198,0.127778858,-0.680511415,-0.0712636784,0.367110342,-0.549357533,0.0368339568,0.673793852,-0.162577391,-0.251795053,0.286757886,0.43374896,-0.175051823,0.0420745015,0.25015226,-0.794651568,0.00383635727,0.619122207,-0.22275579,0.0872127712,-0.0527403913,0.307910979,-0.501753151,-0.0554144531,-0.388473868,-0.0684588552,0.0647364184,0.521392345,-0.28026697,-0.0202356465,-0.0338455886,0.313155919,-0.209746212,0.103750825,0.41287744,0.0456075072,0.814599693,0.157141581,-0.0795152783,0.0330007821,0.353265166,-0.34215337,0.0780826211,0.949701369,-0.162542433,-0.0177570283,0.00266666524,-0.22275579,0.0872127712,-0.0527403913,0.307910979,-0.501753151,-0.0554144531,-0.388473868,-0.0684588552,0.0647364184,0.521392345,-0.28026697,-0.0202356465,-0.0338455886,0.313155919,-0.209746212,0.103750825,0.41287744,0.045607511,0.814599693,0.157141581,-0.0795152783,0.0330007821,0.353265166,-0.34215337,0.0780826211,0.949701369,-0.162542433,-0.0177570228,0.00266666524,-0.22275579,0.0872127712,-0.0527403913,0.307910979,-0.501753151,-0.0554144531,-0.388473868,-0.0684588552,0.0647364184,0.521392345,-0.28026697,-0.0202356465,-0.0338455886,0.313155919,-0.209746212,0.103750825,0.41287744,0.0456075072,0.814599693,0.157141581,-0.0795152783,0.0330007821,0.353265166,-0.34215337,0.0780826211,0.949701369,-0.162542433,-0.0177570283,0.00266666524
2.50290162,3194373.66,0,0,0.00233410439,2.24942341e-05,1,0.155682676,0.132992774,1,-0.978870034,-0.0168796033,-0.019442603,0.202855781,1.16197026,0.430068403,-0.147819877,-0.999967575,0.0118407905,-0,-0.496521145,-0.024623571,-0.0182828885,0.382588118,-0.18491216,-0.0295269154,-0.216761976,-0.0236115921,0.0335653499,0.583203077,-0.398937404,0.00231786561,0.0157440603,-0.0380834714,-0.00814524107,0.345842332,0.265603036,0.0139681939,0.997769058,0.146097794,0.0349907316,-0.0196357686,0.22896497,-0.27412203,0.0826757178,0.913552523,-0.144041672,-0.0229291078,-0.0113741336,-0.909837306,-0.745326161,1.0805968,-1.71711016,-1.18553805,0.00681961654,0.504945159,-0.850323319,1.06325316,-2.72182655,0.130774617,-0.0176022183,0.0247297157,-0.620742381,-0.0394888371,0.197664142,-0.508417726,-0.09921588,0.684861481,-0.050142765,-0.279803544,0.212932393,0.489248306,-0.291082084,0.0645315796,0.198314935,-0.752207041,-0.0016134457,0.656094372,-0.283299118,0.0510177016,-0.00343854539,0.35486114,-0.407818675,-0.0323683769,-0.330933094,-0.145150334,0.111922458,0.464045167,-0.147274196,-0.04060461,-0.0163437091,0.256522596,-0.245769158,0.0857630223,0.452680916,0.0431348532,0.811224997,0.161564663,-0.101786971,0.041069705,0.301972896,-0.348681778,0.0742331594,0.934020758,-0.189875677,-0.0241551399,0.0259559564,-0.283299118,0.0510177016,-0.00343854493,0.35486114,-0.407818675,-0.0323683731,-0.330933094,-0.145150334,0.111922458,0.464045167,-0.147274196,-0.04060461,-0.0163437109,0.256522596,-0.245769158,0.0857630223,0.452680916,0.0431348607,0.811224997,0.161564663,-0.101786971,0.041069705,0.301972896,-0.348681778,0.0742331594,0.934020758,-0.189875677,-0.0241551474,0.0259559564,-0.283299118,0.0510177016,-0.00343854539,0.35486114,-0.407818675,-0.0323683769,-0.330933094,-0.145150334,0.111922458,0.464045167,-0.147274196,-0.04060461,-0.0163437091,0.256522596,-0.245769158,0.0857630223,0.452680916,0.0431348532,0.811224997,0.161564663,-0.101786971,0.041069705,0.301972896,-0.348681778,0.0742331594,0.934020758,-0.189875677,-0.0241551399,0.0259559564
2.51386984,3194373.67,0,0,0.0133023271,4.760921e-06,1,0.155682676,0,1,-0.978358686,-0.0199799296,-0.0214080345,0.204833433,-0.0936776623,0.294031769,-0.411479026,-0.999967575,0.0118407905,-0,-0.510145962,-0.023462547,-0.00626496552,0.366403729,-0.199443325,-0.0286772344,-0.226744831,-0.0254060905,0.0428802036,0.567577839,-0.399290055,0.00244355574,0.0189418215,-0.0340344831,-0.00721854437,0.342609525,0.256704926,0.010056369,1.01009965,0.146316841,0.0313947946,-0.0166293588,0.233795702,-0.28135705,0.0831038952,0.917169988,-0.156347767,-0.023014836,-0.000773601991,-1.15168619,0.683347881,0.87079376,-1.10428059,-1.26247036,0.105936699,-1.61079752,0.375822634,0.532126665,-0.243950814,0.593724847,0.00151964638,0.364954948,1.03257298,0.298021108,-0.584715307,-0.903020144,-0.471576244,1.22157311,0.0538702868,-0.306643367,0.270670354,0.275500029,-0.808281183,0.0167931393,0.4071742,-1.22449338,-0.00748332543,1.05281389,-0.283299118,0.0510177016,-0.00343854539,0.35486114,-0.407818675,-0.0323683769,-0.330933094,-0.145150334,0.111922458,0.464045167,-0.147274196,-0.04060461,-0.0163437091,0.256522596,-0.245769158,0.0857630223,0.452680916,0.0431348532,0.811224997,0.161564663,-0.101786971,0.041069705,0.301972896,-0.348681778,0.0742331594,0.934020758,-0.189875677,-0.0241551399,0.0259559564,-0.283299118,0.0510177016,-0.00343854493,0.35486114,-0.407818675,-0.0323683731,-0.330933094,-0.145150334,0.111922458,0.464045167,-0.147274196,-0.04060461,-0.0163437109,0.256522596,-0.245769158,0.0857630223,0.452680916,0.0431348607,0.811224997,0.161564663,-0.101786971,0.041069705,0.301972896,-0.348681778,0.0742331594,0.934020758,-0.189875677,-0.0241551474,0.0259559564,-0.283299118,0.0510177016,-0.00343854539,0.35486114,-0.407818675,-0.0323683769,-0.330933094,-0.145150334,0.111922458,0.464045167,-0.147274196,-0.04060461,-0.0163437091,0.256522596,-0.245769158,0.0857630223,0.452680916,0.0431348532,0.811224997,0.161564663,-0.101786971,0.041069705,0.301972896,-0.348681778,0.0742331594,0.934020758,-0.189875677,-0.0241551399,0.0259559564
2.52389991,3194373.68,0,0,0.00333720027,2.29831785e-05,1,0.181459822,0.172740549,1,-0.978104532,-0.017994944,-0.0217865407,0.206186816,-0.529441535,-0.201132074,-0.189971268,-0.999967575,0.0118407905,-0,-0.51869756,-0.0146624027,-0.000132561545,0.355892718,-0.21357809,-0.0276787654,-0.243630975,-0.0193090085,0.0452173278,0.570111752,-0.389248788,0.00245433277,0.020846406,-0.0202451665,-0.000640082639,0.335885763,0.247408897,0.00474820798,1.02094209,0.147005737,0.0290588886,-0.0146690886,0.235248864,-0.290039212,0.08318647,0.922035992,-0.167722091,-0.0230553225,0.00927193183,-0.641379178,0.932992399,0.454349548,-1.05930197,-1.52456152,0.0898988321,-1.63931239,0.695399702,0.060628213,0.44760102,1.20886922,0.00222214661,0.06366501,1.51370239,0.851683021,-0.674674332,-0.91212827,-0.559705377,0.937663794,0.07953915,-0.172983289,0.129442781,0.0919637606,-0.873678625,0.00446812157,0.528272688,-1.0282433,-0.00165874395,0.925920069,-0.332236141,-0.018944636,0.0409976318,0.523115158,-0.320366502,-0.0177431703,-0.391338825,-0.317890882,0.175970793,0.387377203,0.0115586221,-0.112170324,-0.00334913377,0.164823711,-0.254392773,0.0351941288,0.507102966,0.0728810579,0.775585353,0.163832426,-0.12697199,0.046830181,0.260385782,-0.351725876,0.0575345978,0.912993371,-0.213266581,-0.0318899453,0.0493248105,-0.332236141,-0.0189446378,0.0409976356,0.523115158,-0.320366502,-0.0177431684,-0.391338825,-0.317890882,0.175970793,0.387377203,0.0115586221,-0.112170324,-0.00334913284,0.164823711,-0.254392773,0.0351941288,0.507102966,0.0728810504,0.775585353,0.163832426,-0.12697199,0.046830181,0.260385782,-0.351725876,0.0575345941,0.912993371,-0.213266581,-0.0318899378,0.0493248105,-0.332236141,-0.018944636,0.0409976318,0.523115158,-0.320366502,-0.0177431703,-0.391338825,-0.317890882,0.175970793,0.387377203,0.0115586221,-0.112170324,-0.00334913377,0.164823711,-0.254392773,0.0351941288,0.507102966,0.0728810579,0.775585353,0.163832426,-0.12697199,0.046830181,0.260385782,-0.351725876,0.0575345978,0.912993371,-0.213266581,-0.0318899453,0.0493248105
2.53390232,3194373.69,0,0,0.0133396089,1.33439898e-05,1,0.181459822,0,1,-0.97808677,-0.0162593182,-0.0221964717,0.206371441,-0.608659446,0.092517741,-0.027599195,-0.999967575,0.0118407905,-0,-0.52676481,-0.00912259426,0.00187114219,0.356616646,-0.228015915,-0.0256202314,-0.25533694,-0.0151292905,0.0446608402,0.573363781,-0.381055146,0.00226242538,0.0209373403,-0.0109705152,0.00248646317,0.332408607,0.242234468,0.00171239534,1.02490532,0.148162395,0.0290284064,-0.014946484,0.236719325,-0.295126438,0.0821804404,0.924787164,-0.175102696,-0.0230887998,0.0161177013,-1.64044404,0.910313964,0.279641032,0.653684497,-2.73262143,0.432511389,-2.0632894,0.685416579,-0.154190361,0.571479857,1.43115604,-0.0434711874,0.00138805318,1.5421772,0.39281562,-0.539308131,-0.831826746,-0.478938103,0.522403359,0.243574664,0.0745304078,-0.130846277,0.31455797,-0.828636825,-0.24663642,0.422424138,-1.309093,-0.00638566446,1.22651696,-0.332236141,-0.018944636,0.0409976318,0.523115158,-0.320366502,-0.0177431703,-0.391338825,-0.317890882,0.175970793,0.387377203,0.0115586221,-0.112170324,-0.00334913377,0.164823711,-0.254392773,0.0351941288,0.507102966,0.0728810579,0.775585353,0.163832426,-0.12697199,0.046830181,0.260385782,-0.351725876,0.0575345978,0.912993371,-0.213266581,-0.0318899453,0.0493248105,-0.332236141,-0.0189446378,0.0409976356,0.523115158,-0.320366502,-0.0177431684,-0.391338825,-0.317890882,0.175970793,0.387377203,0.0115586221,-0.112170324,-0.00334913284,0.164823711,-0.254392773,0.0351941288,0.507102966,0.0728810504,0.775585353,0.163832426,-0.12697199,0.046830181,0.260385782,-0.351725876,0.0575345941,0.912993371,-0.213266581,-0.0318899378,0.0493248105,-0.332236141,-0.018944636,0.0409976318,0.523115158,-0.320366502,-0.0177431703,-0.391338825,-0.317890882,0.175970793,0.387377203,0.0115586221,-0.112170324,-0.00334913377,0.164823711,-0.254392773,0.0351941288,0.507102966,0.0728810579,0.775585353,0.163832426,-0.12697199,0.046830181,0.260385782,-0.351725876,0.0575345978,0.912993371,-0.213266581,-0.0318899453,0.0493248105
2.54489975,3194373.7,0,0,0.00436382974,2.26749107e-05,1,0.155457761,0.155893266,1,-0.978157759,-0.0123727741,-0.0221924372,0.206305191,-0.442686886,-0.391770512,-0.0363799557,-0.999967575,0.0118407905,-0,-0.550206363,0.00323637365,0.00891276356,0.38589412,-0.260273248,-0.0206037667,-0.280812234,-0.00696673291,0.0421522409,0.580423772,-0.358957082,0.00162385893,0.021911107,0.00843690988,0.0101244785,0.32499969,0.232583851,-0.00385727128,1.02698684,0.152542472,0.0321429484,-0.0198630635,0.24229309,-0.305393785,0.0768040717,0.929352462,-0.192613289,-0.0231807232,0.0330223776,-1.27673662,0.866611719,0.855360806,2.72530818,-1.65503061,0.161799997,-1.45881677,0.478441596,-0.120400459,0.394921362,1.64399672,-0.034040343,0.143886387,1.21226227,0.782793581,-0.526751161,-0.57756716,-0.35773927,-0.0719662085,0.306562364,0.282235593,-0.456300259,0.414575905,-0.657021642,-0.398446709,0.291547179,-1.06167984,-0.0057156072,1.04672372,-0.326696336,-0.0116303712,0.0342138559,0.679008424,-0.330234945,-0.0260844752,-0.48675698,-0.393864781,0.172999442,0.352423072,0.083521083,-0.209164426,0.0115016457,0.102751359,-0.262018383,0.00354880095,0.545825839,0.0849065632,0.757921219,0.155548796,-0.158199802,0.0520959608,0.237220109,-0.327725232,0.0409363396,0.901824176,-0.223434538,-0.0417200178,0.0628576428,-0.326696336,-0.0116303731,0.0342138559,0.679008424,-0.330234945,-0.0260844734,-0.48675701,-0.393864781,0.172999442,0.352423072,0.083521083,-0.209164426,0.0115016457,0.102751359,-0.262018383,0.00354880095,0.545825839,0.0849065632,0.757921219,0.155548796,-0.158199802,0.0520959608,0.237220109,-0.327725232,0.0409363396,0.901824176,-0.223434538,-0.0417200178,0.0628576428,-0.326696336,-0.0116303712,0.0342138559,0.679008424,-0.330234945,-0.0260844752,-0.48675698,-0.393864781,0.172999442,0.352423072,0.083521083,-0.209164426,0.0115016457,0.102751359,-0.262018383,0.00354880095,0.545825839,0.0849065632,0.757921219,0.155548796,-0.158199802,0.0520959608,0.237220109,-0.327725232,0.0409363396,0.901824176,-0.223434538,-0.0417200178,0.0628576428
2.55589713,3194373.71,0,0,0.0153612099,2.12332234e-05,1,0.155457761,0,1,-0.978170991,-0.0104536153,-0.0216230284,0.206408978,-0.236526996,-0.179344028,-0.0618846603,-0.999967575,0.0118407905,-0,-0.569394588,0.00987456832,0.0150098903,0.437289745,-0.278677106,-0.0204217006,-0.297209322,-0.0033184702,0.0409254022,0.583685279,-0.341980189,-3.01164675e-07,0.0247295126,0.0187106561,0.0141879031,0.320272356,0.228574082,-0.00819279999,1.0241605,0.154350027,0.035985142,-0.0254467577,0.248536214,-0.31019026,0.0697141588,0.931660175,-0.20264253,-0.024328135,0.0435361303,-1.98664832,0.509807467,0.514685214,6.06339025,-1.67716658,-0.0120753823,-1.6294601,0.255428344,-0.0557136647,0.283397675,1.71292257,-0.2049288,0.385019541,0.840057373,0.317926288,-0.465876877,-0.288877249,-0.444899738,-0.39376539,0.111358993,0.425408453,-0.602222562,0.688834548,-0.354320765,-0.83979845,0.217175722,-0.928953171,-0.158208922,1.00353086,-0.326696336,-0.0116303712,0.0342138559,0.679008424,-0.330234945,-0.0260844752,-0.48675698,-0.393864781,0.172999442,0.352423072,0.083521083,-0.209164426,0.0115016457,0.102751359,-0.262018383,0.00354880095,0.545825839,0.0849065632,0.757921219,0.155548796,-0.158199802,0.0520959608,0.237220109,-0.327725232,0.0409363396,0.901824176,-0.223434538,-0.0417200178,0.0628576428,-0.326696336,-0.0116303731,0.0342138559,0.679008424,-0.330234945,-0.0260844734,-0.48675701,-0.393864781,0.172999442,0.352423072,0.083521083,-0.209164426,0.0115016457,0.102751359,-0.262018383,0.00354880095,0.545825839,0.0849065632,0.757921219,0.155548796,-0.158199802,0.0520959608,0.237220109,-0.327725232,0.0409363396,0.901824176,-0.223434538,-0.0417200178,0.0628576428,-0.326696336,-0.0116303712,0.0342138559,0.679008424,-0.330234945,-0.0260844752,-0.48675698,-0.393864781,0.172999442,0.352423072,0.083521083,-0.209164426,0.0115016457,0.102751359,-0.262018383,0.00354880095,0.545825839,0.0849065632,0.757921219,0.155548796,-0.158199802,0.0520959608,0.237220109,-0.327725232,0.0409363396,0.901824176,-0.223434538,-0.0417200178,0.0628576428
2.56687085,3194373.72,0,0,0.00639357511,5.52879646e-06,1,0.122515019,0.116440058,1,-0.978010476,-0.0102222608,-0.0194452442,0.207395643,0.158252433,-0.383385509,-0.15384391,-0.999967575,0.0118407905,-0,-0.585158467,0.0125690941,0.0212792028,0.508210838,-0.292559981,-0.0206696577,-0.313489646,-0.00319444435,0.0427446775,0.585633695,-0.321332246,-0.00237513869,0.0305325594,0.023927236,0.0192441121,0.314589918,0.226824388,-0.0124374051,1.01849544,0.154955938,0.0408198237,-0.0325274765,0.255964935,-0.312275171,0.0601275191,0.934759915,-0.211432457,-0.0261793695,0.0531841032,-1.04730833,0.0416046977,0.436363488,6.03647518,-1.30870664,-0.0528953001,-1.2390933,-0.125997126,0.18408969,0.0153464396,1.7437979,-0.235681131,0.443288386,0.248090848,0.3364079,-0.430705637,-0.0735982656,-0.295570374,-0.484517664,0.00703266682,0.350499988,-0.555693865,0.585589468,-0.0856165886,-0.745230198,0.304255366,-0.659017205,-0.186872542,0.689609408,-0.321484715,0.00202663243,0.0239295978,0.795448482,-0.387918055,-0.0314481035,-0.564548373,-0.410804212,0.154027969,0.310958087,0.0190123767,-0.280458987,0.00953793246,0.0947714895,-0.251993388,-0.00111079216,0.56362009,0.0834208801,0.762609065,0.148085505,-0.163415328,0.0510420948,0.245632946,-0.30727762,0.0347260311,0.913620412,-0.235984564,-0.0501375198,0.0701524466,-0.321484715,0.00202663243,0.0239295978,0.795448482,-0.387918055,-0.0314481035,-0.564548373,-0.410804212,0.154027969,0.310958087,0.0190123767,-0.280458987,0.00953793246,0.0947714895,-0.251993388,-0.00111079216,0.56362009,0.0834208801,0.762609065,0.148085505,-0.163415328,0.0510420948,0.245632946,-0.30727762,0.0347260311,0.913620412,-0.235984564,-0.0501375161,0.0701524466,-0.321484715,0.00202663243,0.0239295978,0.795448482,-0.387918055,-0.0314481035,-0.564548373,-0.410804212,0.154027969,0.310958087,0.0190123767,-0.280458987,0.00953793246,0.0947714895,-0.251993388,-0.00111079216,0.56362009,0.0834208801,0.762609065,0.148085505,-0.163415328,0.0510420948,0.245632946,-0.30727762,0.0347260311,0.913620412,-0.235984564,-0.0501375198,0.0701524466
2.57689941,3194373.73,0,0,0.0164221404,2.2130087e-05,1,0.122515019,0,1,-0.977987707,-0.0107703926,-0.0180605166,0.207600191,0.232718587,-0.256045759,-0.0129479412,-0.999967575,0.0118407905,-0,-0.59625864,0.0114298742,0.0233788341,0.575946987,-0.311866164,-0.0217604339,-0.325695008,-0.00528951781,0.0433238484,0.583288014,-0.303305358,-0.00572717516,0.0333213024,0.0257484969,0.0196515378,0.311114907,0.226792514,-0.0152162388,1.0141269,0.154269189,0.0430930704,-0.0374116302,0.261753589,-0.312283695,0.0527259074,0.938550889,-0.218512818,-0.0292103663,0.0594543107,-0.869276047,-0.230186567,0.156089097,6.71988297,-1.81220663,-0.108496942,-1.13000798,-0.298062533,0.0589424558,-0.365539461,1.83037901,-0.354718983,0.224039257,0.0652911216,-0.0108093638,-0.338861644,0.0522382073,-0.249725074,-0.398417234,-0.108242922,0.144790471,-0.437454879,0.534143925,0.0716598406,-0.703998625,0.414288878,-0.686531723,-0.33329165,0.559303939,-0.321484715,0.00202663243,0.0239295978,0.795448482,-0.387918055,-0.0314481035,-0.564548373,-0.410804212,0.154027969,0.310958087,0.0190123767,-0.280458987,0.00953793246,0.0947714895,-0.251993388,-0.00111079216,0.56362009,0.0834208801,0.762609065,0.148085505,-0.163415328,0.0510420948,0.245632946,-0.30727762,0.0347260311,0.913620412,-0.235984564,-0.0501375198,0.0701524466,-0.321484715,0.00202663243,0.0239295978,0.795448482,-0.387918055,-0.0314481035,-0.564548373,-0.410804212,0.154027969,0.310958087,0.0190123767,-0.280458987,0.00953793246,0.0947714895,-0.251993388,-0.00111079216,0.56362009,0.0834208801,0.762609065,0.148085505,-0.163415328,0.0510420948,0.245632946,-0.30727762,0.0347260311,0.913620412,-0.235984564,-0.0501375161,0.0701524466,-0.321484715,0.00202663243,0.0239295978,0.795448482,-0.387918055,-0.0314481035,-0.564548373,-0.410804212,0.154027969,0.310958087,0.0190123767,-0.280458987,0.00953793246,0.0947714895,-0.251993388,-0.00111079216,0.56362009,0.0834208801,0.762609065,0.148085505,-0.163415328,0.0510420948,0.245632946,-0.30727762,0.0347260311,0.913620412,-0.235984564,-0.0501375198,0.0701524466
2.58692003,3194373.74,0,0,0.0063705612,2.25380063e-05,1,0.16926229,0.120433316,1,-0.977967799,-0.0122976704,-0.0162568763,0.207758054,0.394449353,-0.279953867,0.0085193431,-0.999967575,0.0118407905,-0,-0.599223971,0.0075353249,0.0253015924,0.63608861,-0.326770782,-0.0226486642,-0.335668504,-0.00974868145,0.044635769,0.578021884,-0.284610361,-0.00903743785,0.0350813642,0.0242317934,0.0192099288,0.307717025,0.228115246,-0.0172104985,1.01061642,0.152825728,0.0436132625,-0.0409087762,0.266292423,-0.310529917,0.0467880033,0.942717552,-0.224325731,-0.0322303697,0.0638229251,-0.0667386949,-0.448401779,0.148092717,5.87802315,-1.66989028,-0.0712138414,-0.923150957,-0.487271905,0.111046597,-0.665663481,1.90194154,-0.363512635,0.0928083509,-0.202988103,-0.101700366,-0.318949491,0.173225254,-0.198837191,-0.319835186,-0.186944366,-0.0306401756,-0.278303117,0.409674734,0.220425501,-0.546746016,0.392242819,-0.5322932,-0.292641103,0.365720838,-0.329794317,0.0211011767,0.00975744613,0.890526831,-0.441135496,-0.02683606,-0.602763414,-0.385589391,0.151592135,0.287545234,-0.101420939,-0.312332571,-0.000272123143,0.117842644,-0.196381703,0.014559865,0.563591361,0.0710407197,0.775024414,0.145483896,-0.154617891,0.0487008728,0.255884171,-0.299145967,0.0262471735,0.919602752,-0.24166505,-0.0537327081,0.0708663613,-0.329794317,0.0211011786,0.00975744613,0.890526831,-0.441135496,-0.02683606,-0.602763414,-0.385589391,0.151592135,0.287545234,-0.101420939,-0.312332571,-0.000272123143,0.117842644,-0.196381703,0.014559865,0.563591361,0.0710407197,0.775024414,0.145483896,-0.154617891,0.0487008728,0.255884171,-0.299145967,0.0262471735,0.919602752,-0.24166505,-0.0537327118,0.0708663613,-0.329794317,0.0211011767,0.00975744613,0.890526831,-0.441135496,-0.02683606,-0.602763414,-0.385589391,0.151592135,0.287545234,-0.101420939,-0.312332571,-0.000272123143,0.117842644,-0.196381703,0.014559865,0.563591361,0.0710407197,0.775024414,0.145483896,-0.154617891,0.0487008728,0.255884171,-0.299145967,0.0262471735,0.919602752,-0.24166505,-0.0537327081,0.0708663613
2.5978995,3194373.75,0,0,0.0173500329,2.24700198e-05,1,0.16926229,0,1,-0.978047907,-0.0135442419,-0.0148980534,0.207405031,0.301197886,-0.186420768,0.0740835667,-0.999967575,0.0118407905,-0,-0.598970175,0.00339887687,0.0253838077,0.698368013,-0.348831147,-0.023073459,-0.344273776,-0.0140536772,0.044581186,0.56908977,-0.265016705,-0.0141207231,0.0343158357,0.0230002832,0.0169300977,0.305136323,0.230341911,-0.0197653566,1.00787425,0.150142327,0.0414752513,-0.0425113477,0.269871622,-0.308000594,0.0413718894,0.94581151,-0.229369596,-0.0353241712,0.0666746721,0.230226636,-0.409104377,-0.00305662421,6.07087803,-2.09687185,-0.0302944351,-0.836258292,-0.43062079,-0.0032757041,-0.99320519,1.98816621,-0.559854448,-0.125450045,-0.151181176,-0.28120029,-0.236263067,0.269356877,-0.264545232,-0.241566375,-0.289258629,-0.334539741,-0.0987500176,0.317038447,0.293788493,-0.515352547,0.260306686,-0.460870743,-0.300710618,0.22802192,-0.329794317,0.0211011767,0.00975744613,0.890526831,-0.441135496,-0.02683606,-0.602763414,-0.385589391,0.151592135,0.287545234,-0.101420939,-0.312332571,-0.000272123143,0.117842644,-0.196381703,0.014559865,0.563591361,0.0710407197,0.775024414,0.145483896,-0.154617891,0.0487008728,0.255884171,-0.299145967,0.0262471735,0.919602752,-0.24166505,-0.0537327081,0.0708663613,-0.329794317,0.0211011786,0.00975744613,0.890526831,-0.441135496,-0.02683606,-0.602763414,-0.385589391,0.151592135,0.287545234,-0.101420939,-0.312332571,-0.000272123143,0.117842644,-0.196381703,0.014559865,0.563591361,0.0710407197,0.775024414,0.145483896,-0.154617891,0.0487008728,0.255884171,-0.299145967,0.0262471735,0.919602752,-0.24166505,-0.0537327118,0.0708663613,-0.329794317,0.0211011767,0.00975744613,0.890526831,-0.441135496,-0.02683606,-0.602763414,-0.385589391,0.151592135,0.287545234,-0.101420939,-0.312332571,-0.000272123143,0.117842644,-0.196381703,0.014559865,0.563591361,0.0710407197,0.775024414,0.145483896,-0.154617891,0.0487008728,0.255884171,-0.299145967,0.0262471735,0.919602752,-0.24166505,-0.0537327081,0.0708663613
2.60889836,3194373.76,0,0,0.00837167213,2.18120404e-05,1,0.144845806,0.121604785,1,-0.978071153,-0.0153443534,-0.013491394,0.207266301,0.237928241,-0.190651819,0.083027564,-0.999967575,0.0118407905,-0,-0.590070963,-0.00161991478,0.0252982378,0.762292147,-0.370296657,-0.0236574654,-0.353909284,-0.0193558633,0.0452589914,0.55581677,-0.240754664,-0.0221955385,0.032205455,0.0201110169,0.013112545,0.302541912,0.234556675,-0.0224676915,1.00570941,0.146934152,0.0346614122,-0.0428833514,0.272606492,-0.303681165,0.0362370685,0.947886467,-0.233392686,-0.0380192064,0.0689215884,0.986510634,-0.373900205,-0.192519218,5.18588734,-1.96982563,-0.125306234,-0.691401899,-0.348623902,-0.0274096578,-1.24521685,2.04133081,-0.909446001,-0.324898183,-0.139507368,-0.282473594,-0.191218585,0.377689898,-0.220220581,-0.120108336,-0.283881098,-0.800195277,0.0409962088,0.137685433,0.361275017,-0.393010229,0.0974559113,-0.217010736,-0.111558117,0.269384682,-0.371556252,0.0354639217,-0.0108218677,0.943039,-0.473790467,-0.0344782844,-0.566468298,-0.327027589,0.154424846,0.284899533,-0.223025724,-0.31601429,-0.00997622032,0.12652126,-0.128887609,0.0541615188,0.547805786,0.0581374317,0.801234543,0.141205937,-0.119726166,0.0466256291,0.272610337,-0.293893337,0.0215785764,0.926343977,-0.237805933,-0.0371738821,0.082992658,-0.371556252,0.0354639217,-0.0108218677,0.943039,-0.473790467,-0.0344782844,-0.566468298,-0.327027589,0.154424846,0.284899533,-0.223025724,-0.31601429,-0.00997621939,0.12652126,-0.128887609,0.0541615188,0.547805786,0.058137428,0.801234543,0.141205937,-0.119726166,0.0466256291,0.272610337,-0.293893337,0.0215785764,0.926343977,-0.237805933,-0.0371738784,0.082992658,-0.371556252,0.0354639217,-0.0108218677,0.943039,-0.473790467,-0.0344782844,-0.566468298,-0.327027589,0.154424846,0.284899533,-0.223025724,-0.31601429,-0.00997622032,0.12652126,-0.128887609,0.0541615188,0.547805786,0.0581374317,0.801234543,0.141205937,-0.119726166,0.0466256291,0.272610337,-0.293893337,0.0215785764,0.926343977,-0.237805933,-0.0371738821,0.082992658
2.61990107,3194373.78,0,0,0.0193743901,2.19671056e-05,1,0.144845806,0,1,-0.978171647,-0.0159093514,-0.0123541001,0.206819952,0.122090846,-0.11025846,0.0250827894,-0.999967575,0.0118407905,-0,-0.574576378,-0.00467126677,0.0213813186,0.82032901,-0.392994642,-0.0253683198,-0.361777365,-0.0219731964,0.0444612354,0.539465725,-0.215940133,-0.0358658805,0.0270787906,0.0194872767,0.00951379444,0.30096668,0.239868864,-0.0250770245,1.00497019,0.143658563,0.020903334,-0.0414734446,0.273291081,-0.299144447,0.0320786834,0.948343217,-0.234720111,-0.0377676599,0.0733270943,1.54744542,-0.177519828,-0.307257235,4.34094858,-1.63729858,-0.116840541,-0.710021734,-0.173716962,-0.0230914447,-1.39139628,2.08400297,-1.20532537,-0.419744253,-0.0750085041,-0.359127909,-0.0925318822,0.508413732,-0.202128604,-0.0436365157,-0.232011244,-1.34726942,0.147252455,0.0272376332,0.409558773,-0.296075583,0.0148359323,-0.0630209967,0.077019304,0.374857634,-0.371556252,0.0354639217,-0.0108218677,0.943039,-0.473790467,-0.0344782844,-0.566468298,-0.327027589,0.154424846,0.284899533,-0.223025724,-0.31601429,-0.00997622032,0.12652126,-0.128887609,0.0541615188,0.547805786,0.0581374317,0.801234543,0.141205937,-0.119726166,0.0466256291,0.272610337,-0.293893337,0.0215785764,0.926343977,-0.237805933,-0.0371738821,0.082992658,-0.371556252,0.0354639217,-0.0108218677,0.943039,-0.473790467,-0.0344782844,-0.566468298,-0.327027589,0.154424846,0.284899533,-0.223025724,-0.31601429,-0.00997621939,0.12652126,-0.128887609,0.0541615188,0.547805786,0.058137428,0.801234543,0.141205937,-0.119726166,0.0466256291,0.272610337,-0.293893337,0.0215785764,0.926343977,-0.237805933,-0.0371738784,0.082992658,-0.371556252,0.0354639217,-0.0108218677,0.943039,-0.473790467,-0.0344782844,-0.566468298,-0.327027589,0.154424846,0.284899533,-0.223025724,-0.31601429,-0.00997622032,0.12652126,-0.128887609,0.0541615188,0.547805786,0.0581374317,0.801234543,0.141205937,-0.119726166,0.0466256291,0.272610337,-0.293893337,0.0215785764,0.926343977,-0.237805933,-0.0371738821,0.082992658
2.63089801,3194373.79,0,0,0.0103754611,2.15810724e-05,1,0.142381061,0.116612509,1,-0.978192985,-0.0162193887,-0.0115406308,0.206741855,0.030422464,-0.257698238,0.0746602789,-0.999967575,0.0118407905,-0,-0.555263281,-0.00590326637,0.0176849179,0.857217014,-0.406470627,-0.027741177,-0.368072152,-0.0233206227,0.0443752483,0.524737895,-0.194884107,-0.0470236018,0.0222087856,0.0187053699,0.00671073841,0.300210118,0.245380238,-0.0267424658,1.00296032,0.142031118,0.00831727777,-0.0394133925,0.272933513,-0.294738352,0.0294658672,0.947796106,-0.234631717,-0.0354343839,0.0770958737,2.22684789,-0.0983714089,-0.513214469,3.33188105,-1.15326953,-0.408315688,-0.435365528,-0.090360634,-0.0498002805,-1.58828092,2.12384272,-0.982072592,-0.617423892,-0.0264252964,-0.106327698,-0.0791941136,0.54828316,-0.138672754,-0.38462919,-0.120806687,-1.04344749,0.280832976,-0.105363429,0.453274399,-0.271903723,-0.143240243,0.0866296515,0.433355242,0.411676109,-0.417173386,0.0410135798,-0.0238788351,0.945691943,-0.466987312,-0.0499282181,-0.495831192,-0.272257835,0.165816456,0.283536822,-0.339638233,-0.288660318,-0.0215413831,0.0817868263,-0.0342957713,0.122242674,0.513600826,0.0478269905,0.853177011,0.142223373,-0.0601498336,0.0459609851,0.300698191,-0.295530558,0.0132103711,0.932378113,-0.224757224,-0.0163481236,0.0886828005,-0.417173356,0.0410135798,-0.0238788351,0.945691943,-0.466987312,-0.0499282219,-0.495831221,-0.272257835,0.165816456,0.283536822,-0.339638233,-0.288660318,-0.0215413831,0.0817868263,-0.0342957713,0.122242674,0.513600826,0.0478269942,0.853177011,0.142223373,-0.0601498336,0.0459609851,0.300698191,-0.295530558,0.0132103711,0.932378113,-0.224757224,-0.016348118,0.0886828005,-0.417173386,0.0410135798,-0.0238788351,0.945691943,-0.466987312,-0.0499282181,-0.495831192,-0.272257835,0.165816456,0.283536822,-0.339638233,-0.288660318,-0.0215413831,0.0817868263,-0.0342957713,0.122242674,0.513600826,0.0478269905,0.853177011,0.142223373,-0.0601498336,0.0459609851,0.300698191,-0.295530558,0.0132103711,0.932378113,-0.224757224,-0.0163481236,0.0886828005
2.64090548,3194373.8,0,0,0.000366963912,2.01417133e-05,1,0.156411901,0.100938499,1,-0.978287339,-0.0159206484,-0.0103535429,0.206381202,-0.0247031301,-0.195147708,0.0624992549,-0.999967575,0.0118407905,-0,-0.530461848,-0.00628516963,0.0117210476,0.884817302,-0.416091591,-0.0315880552,-0.372352868,-0.0237589814,0.0438335799,0.50850004,-0.173608795,-0.0564122126,0.0155235259,0.0185591485,0.00569041958,0.29936254,0.251149803,-0.0280707069,0.997124374,0.141368866,0.000975340256,-0.0358285606,0.271972716,-0.289996147,0.0267884135,0.945592403,-0.233160168,-0.0296780691,0.081052199,2.60327673,0.00652861875,-0.618262589,2.37825084,-0.857489407,-0.33891511,-0.487444967,-0.0205312371,-0.0467895642,-1.61432076,2.12500143,-0.93793565,-0.670411885,-0.0208909195,-0.150814667,-0.0940057263,0.60493046,-0.136335865,-0.68400234,-0.0405833125,-0.554967999,0.398573905,-0.0725723207,0.485615075,-0.255137503,-0.247840554,0.169576108,0.619069815,0.367037475,-0.417173386,0.0410135798,-0.0238788351,0.945691943,-0.466987312,-0.0499282181,-0.495831192,-0.272257835,0.165816456,0.283536822,-0.339638233,-0.288660318,-0.0215413831,0.0817868263,-0.0342957713,0.122242674,0.513600826,0.0478269905,0.853177011,0.142223373,-0.0601498336,0.0459609851,0.300698191,-0.295530558,0.0132103711,0.932378113,-0.224757224,-0.0163481236,0.0886828005,-0.431979239,0.0364172235,-0.0184330065,0.913547158,-0.434172899,-0.057243187,-0.443482935,-0.254263818,0.172069281,0.267045677,-0.440576732,-0.253201634,-0.0234572589,0.01054563,0.0462617092,0.211788014,0.474317014,0.0416925699,0.921409845,0.138331965,-0.0097762933,0.0442556739,0.334206074,-0.302670568,0.003964331,0.937791646,-0.209260076,-0.00480223726,0.0892051458,-0.431979239,0.0364172235,-0.0184330065,0.913547158,-0.434172899,-0.0572431833,-0.443482935,-0.254263818,0.172069281,0.267045677,-0.440576732,-0.253201634,-0.0234572589,0.0105456412,0.0462617129,0.211788014,0.474317014,0.0416925699,0.921409845,0.138331965,-0.00977629423,0.0442556739,0.334206074,-0.302670568,0.003964331,0.937791646,-0.209260076,-0.00480224192,0.0892051458
2.65189757,3194373.81,0,0,0.011359049,2.16187909e-05,1,0.156411901,0,1,-0.978310108,-0.0156981386,-0.00957899168,0.206327796,-0.00565876858,-0.240255356,-0.0048685451,-0.999967575,0.0118407905,-0,-0.502005816,-0.00538885687,0.0063885618,0.901486635,-0.421756297,-0.0349216498,-0.377950668,-0.0240395721,0.0437731557,0.493208528,-0.154751822,-0.0632497817,0.00930054393,0.0178954899,0.00402602367,0.297511399,0.257495463,-0.0291773882,0.990162492,0.141152248,-0.00257759658,-0.0312184934,0.271687895,-0.284991086,0.0243262388,0.943121314,-0.23034285,-0.0237253606,0.0839563683,3.1408608,0.144003242,-0.467167884,1.07641041,-0.243468955,-0.384809583,-0.468305051,-0.0458235331,0.023070408,-1.49503338,1.57864082,-0.284254581,-0.615860283,-0.0930874571,-0.0387977064,-0.290002048,0.628696382,-0.0722392499,-0.664823413,-0.013956097,-0.212553635,0.536635041,-0.0178156681,0.513854563,-0.271550715,-0.271841377,0.452805459,0.624031782,0.249514088,-0.431979239,0.0364172235,-0.0184330065,0.913547158,-0.434172899,-0.0572431833,-0.443482935,-0.254263818,0.172069281,0.267045677,-0.440576732,-0.253201634,-0.0234572589,0.0105456412,0.0462617129,0.211788014,0.474317014,0.0416925699,0.921409845,0.138331965,-0.00977629423,0.0442556739,0.334206074,-0.302670568,0.003964331,0.937791646,-0.209260076,-0.00480224192,0.0892051458,-0.431979239,0.0364172235,-0.0184330065,0.913547158,-0.434172899,-0.057243187,-0.443482935,-0.254263818,0.172069281,0.267045677,-0.440576732,-0.253201634,-0.0234572589,0.01054563,0.0462617092,0.211788014,0.474317014,0.0416925699,0.921409845,0.138331965,-0.0097762933,0.0442556739,0.334206074,-0.302670568,0.003964331,0.937791646,-0.209260076,-0.00480223726,0.0892051458,-0.431979239,0.0364172235,-0.0184330065,0.913547158,-0.434172899,-0.0572431833,-0.443482935,-0.254263818,0.172069281,0.267045677,-0.440576732,-0.253201634,-0.0234572589,0.0105456412,0.0462617129,0.211788014,0.474317014,0.0416925699,0.921409845,0.138331965,-0.00977629423,0.0442556739,0.334206074,-0.302670568,0.003964331,0.937791646,-0.209260076,-0.00480224192,0.0892051458
2.66190038,3194373.82,0,0,0.00135466317,2.29477882e-05,1,0.136857852,0.111864284,1,-0.978300333,-0.0152732339,-0.00878272951,0.206441388,-0.0858513564,-0.0840230584,-0.0264507309,-0.999967575,0.0118407905,-0,-0.469592839,-0.00275893346,0.0023215136,0.906952024,-0.42289263,-0.0384032279,-0.383551896,-0.0242858548,0.0436459891,0.479026943,-0.141887635,-0.0644724965,0.00329312054,0.017241966,0.00304900855,0.293567866,0.26368323,-0.0295581166,0.984419644,0.141069233,-0.00321329059,-0.0250936747,0.2722193,-0.280117244,0.0216522664,0.940536976,-0.224954367,-0.0179463271,0.0858395398,3.21697497,0.341327876,-0.377291173,0.295752048,-0.0682016984,-0.310215443,-0.679954171,-0.00677948492,-0.0498853587,-1.35716236,1.13131726,-0.0723865181,-0.58586514,-0.0389018767,-0.192376599,-0.453828126,0.617774248,-0.0223929081,-0.512473941,-0.0056022699,0.019311836,0.645139217,0.117602833,0.460126549,-0.252022088,-0.243287235,0.541387379,0.5206545,0.148180813,-0.430345535,0.00915382057,0.000362472609,0.842344046,-0.407408655,-0.0594408959,-0.38085109,-0.240968779,0.172752947,0.264421046,-0.513686419,-0.222450286,-0.0202185586,-0.0487747192,0.0944277197,0.323652297,0.437378824,0.0411173403,0.9906497,0.132762775,0.0277721584,0.0348391533,0.364411712,-0.303929061,0.000972334296,0.946960151,-0.187693506,0.00174838305,0.0823471248,-0.430345505,0.00915381871,0.000362472143,0.842344046,-0.407408655,-0.0594408922,-0.38085112,-0.240968779,0.172752947,0.264421046,-0.513686419,-0.222450286,-0.0202185605,-0.0487747043,0.0944277197,0.323652297,0.437378824,0.0411173366,0.9906497,0.132762775,0.0277721584,0.0348391533,0.364411712,-0.303929061,0.000972334296,0.946960151,-0.187693506,0.0017483813,0.0823471248,-0.430345535,0.00915382057,0.000362472609,0.842344046,-0.407408655,-0.0594408959,-0.38085109,-0.240968779,0.172752947,0.264421046,-0.513686419,-0.222450286,-0.0202185586,-0.0487747192,0.0944277197,0.323652297,0.437378824,0.0411173403,0.9906497,0.132762775,0.0277721584,0.0348391533,0.364411712,-0.303929061,0.000972334296,0.946960151,-0.187693506,0.00174838305,0.0823471248
2.67289862,3194373.83,0,0,0.0123529034,2.1785032e-05,1,0.136857852,0,1,-0.978231013,-0.0146929678,-0.00833167043,0.206830338,-0.0463333055,-0.182426617,-0.103812806,-0.999967575,0.0118407905,-0,-0.428088993,0.00210724259,-0.000780370727,0.900497139,-0.420192897,-0.0417851619,-0.392063767,-0.0242749881,0.044038754,0.464324713,-0.134047791,-0.0597852468,-0.00326279923,0.0162515417,0.00145791075,0.286505342,0.271003872,-0.0286318734,0.979931355,0.141010135,-0.00184251799,-0.0170267615,0.274196684,-0.274921119,0.0190866813,0.938472569,-0.216571912,-0.0126748094,0.0867180154,3.7925694,0.41922164,-0.14022401,-1.39049029,0.493637115,-0.269698709,-0.628127038,-0.00603668764,0.141216055,-1.14051735,0.235287979,0.834151208,-0.526006997,-0.147333145,0.00144739239,-0.683497012,0.587638736,0.195472866,-0.254274219,-0.00551421428,0.169291079,0.686513603,0.174783289,0.422786057,-0.188814312,-0.103262492,0.916382253,0.409362525,0.0182846412,-0.430345535,0.00915382057,0.000362472609,0.842344046,-0.407408655,-0.0594408959,-0.38085109,-0.240968779,0.172752947,0.264421046,-0.513686419,-0.222450286,-0.0202185586,-0.0487747192,0.0944277197,0.323652297,0.437378824,0.0411173403,0.9906497,0.132762775,0.0277721584,0.0348391533,0.364411712,-0.303929061,0.000972334296,0.946960151,-0.187693506,0.00174838305,0.0823471248,-0.430345505,0.00915381871,0.000362472143,0.842344046,-0.407408655,-0.0594408922,-0.38085112,-0.240968779,0.172752947,0.264421046,-0.513686419,-0.222450286,-0.0202185605,-0.0487747043,0.0944277197,0.323652297,0.437378824,0.0411173366,0.9906497,0.132762775,0.0277721584,0.0348391533,0.364411712,-0.303929061,0.000972334296,0.946960151,-0.187693506,0.0017483813,0.0823471248,-0.430345535,0.00915382057,0.000362472609,0.842344046,-0.407408655,-0.0594408959,-0.38085109,-0.240968779,0.172752947,0.264421046,-0.513686419,-0.222450286,-0.0202185586,-0.0487747192,0.0944277197,0.323652297,0.437378824,0.0411173403,0.9906497,0.132762775,0.0277721584,0.0348391533,0.364411712,-0.303929061,0.000972334296,0.946960151,-0.187693506,0.00174838305,0.0823471248
2.68290172,3194373.84,0,0,0.00234764582,2.30376609e-05,1,0.146303792,0.131168604,1,-0.978184044,-0.0140494397,-0.00816360582,0.207103848,-0.179359093,0.0510391705,-0.0100966729,-0.999967575,0.0118407905,-0,-0.391270459,0.00685236696,-0.00211648853,0.883277178,-0.416379333,-0.044116281,-0.399675757,-0.0239828099,0.0446150452,0.453298599,-0.133027405,-0.0524463728,-0.00890397187,0.015431636,0.000149298052,0.279304802,0.276499242,-0.0257625207,0.978453577,0.140947953,0.000379675854,-0.0103831794,0.277073741,-0.271405846,0.0175364632,0.937847972,-0.207474232,-0.00927283149,0.0865918994,3.51364398,0.51260823,-0.154805824,-1.78040445,0.290698409,-0.211407721,-0.885659158,0.0660656914,-0.00196240353,-1.07678652,0.0357212387,0.657362401,-0.591973364,-0.0230475664,-0.247251093,-0.739343882,0.529360533,0.334146768,-0.0935689062,-0.00676220842,0.253228635,0.639917016,0.373977661,0.298083842,-0.134190157,-0.043316219,0.848605633,0.288056582,-0.0256795175,-0.419719756,-0.0220009163,0.0238909665,0.711175442,-0.396829128,-0.0566027462,-0.306573272,-0.21652846,0.162684709,0.286443174,-0.554077625,-0.20021677,-0.0122751268,-0.0831672549,0.122435771,0.440278411,0.406782269,0.0461717397,1.04509079,0.134136915,0.0549654663,0.019190073,0.376850247,-0.297400981,0.00211541913,0.953986585,-0.162035555,0.0100167543,0.0808272958,-0.419719756,-0.0220009144,0.0238909684,0.711175442,-0.396829128,-0.0566027425,-0.306573272,-0.21652846,0.162684709,0.286443174,-0.554077625,-0.20021677,-0.0122751258,-0.0831672549,0.122435763,0.440278411,0.406782269,0.0461717397,1.04509079,0.134136915,0.0549654663,0.0191900749,0.376850247,-0.297400981,0.00211541913,0.953986585,-0.162035555,0.0100167589,0.0808272958,-0.419719756,-0.0220009163,0.0238909665,0.711175442,-0.396829128,-0.0566027462,-0.306573272,-0.21652846,0.162684709,0.286443174,-0.554077625,-0.20021677,-0.0122751268,-0.0831672549,0.122435771,0.440278411,0.406782269,0.0461717397,1.04509079,0.134136915,0.0549654663,0.019190073,0.376850247,-0.297400981,0.00211541913,0.953986585,-0.162035555,0.0100167543,0.0808272958
2.69389748,3194373.85,0,0,0.0133434068,2.17249617e-05,1,0.146303792,0,1,-0.978012204,-0.0134866294,-0.00768879894,0.207969129,-0.0286758207,-0.176519275,-0.210448578,-0.999967575,0.0118407905,-0,-0.34280628,0.012248884,-0.000972567708,0.844644845,-0.409723103,-0.0457513481,-0.409459829,-0.023605682,0.0469250716,0.442922503,-0.138396099,-0.040856909,-0.0145851551,0.0131768566,-0.000136399001,0.270166963,0.282587588,-0.0188420191,0.977812648,0.140915319,0.00356585835,-0.00409383792,0.281847209,-0.267923713,0.0164910443,0.937672973,-0.19457987,-0.00514065707,0.0859132707,4.3671608,0.390755534,0.21553351,-4.25842381,0.644260466,-0.0956366211,-0.771696866,0.00457830215,0.259761304,-0.748044729,-0.734343112,1.07946765,-0.435329616,-0.263450295,0.0796629116,-0.728991151,0.474900246,0.753744423,-0.0342950001,-0.000542474736,0.261302412,0.434552431,0.428980321,0.268390745,-0.0523942299,-0.00184576982,1.23701346,0.394311309,-0.0722158253,-0.419719756,-0.0220009163,0.0238909665,0.711175442,-0.396829128,-0.0566027462,-0.306573272,-0.21652846,0.162684709,0.286443174,-0.554077625,-0.20021677,-0.0122751268,-0.0831672549,0.122435771,0.440278411,0.406782269,0.0461717397,1.04509079,0.134136915,0.0549654663,0.019190073,0.376850247,-0.297400981,0.00211541913,0.953986585,-0.162035555,0.0100167543,0.0808272958,-0.419719756,-0.0220009144,0.0238909684,0.711175442,-0.396829128,-0.0566027425,-0.306573272,-0.21652846,0.162684709,0.286443174,-0.554077625,-0.20021677,-0.0122751258,-0.0831672549,0.122435763,0.440278411,0.406782269,0.0461717397,1.04509079,0.134136915,0.0549654663,0.0191900749,0.376850247,-0.297400981,0.00211541913,0.953986585,-0.162035555,0.0100167589,0.0808272958,-0.419719756,-0.0220009163,0.0238909665,0.711175442,-0.396829128,-0.0566027462,-0.306573272,-0.21652846,0.162684709,0.286443174,-0.554077625,-0.20021677,-0.0122751268,-0.0831672549,0.122435771,0.440278411,0.406782269,0.0461717397,1.04509079,0.134136915,0.0549654663,0.019190073,0.376850247,-0.297400981,0.00211541913,0.953986585,-0.162035555,0.0100167543,0.0808272958
2.70389792,3194373.86,0,0,0.00334966509,2.20378861e-05,1,0.139426906,0.144385755,1,-0.977947414,-0.0126942853,-0.00783665758,0.208317697,-0.259017676,0.12092869,0.0335771218,-0.999967575,0.0118407905,-0,-0.302738309,0.0162036493,-5.14637068e-05,0.802086055,-0.405596852,-0.0465985201,-0.418739408,-0.0231339354,0.0477418937,0.435382724,-0.146247655,-0.031673681,-0.0201513339,0.0120159453,-0.00126109063,0.263738632,0.28683126,-0.0106717711,0.977443874,0.140890643,0.00604895223,-0.000512997271,0.287462115,-0.266236335,0.0161158275,0.937684894,-0.183318585,-0.00160039857,0.085238196,3.67535162,0.414871693,0.00778273959,-4.03369474,0.284171253,-0.0755826011,-1.04726064,0.0857533738,-0.0367981456,-0.760180354,-0.811344445,0.835867524,-0.63011533,-0.00642803963,-0.237127572,-0.603789032,0.400883019,0.82470578,-0.0475530811,-0.00424939534,0.238099441,0.312845021,0.654005408,0.105362497,-0.0421434641,0.00234174612,1.00691509,0.311809093,-0.0634541512,-0.404367685,-0.0384317115,0.033549577,0.566789687,-0.365812242,-0.0447715148,-0.240263104,-0.171795785,0.141960487,0.324102461,-0.558549345,-0.176560625,0.00897896569,-0.0774919987,0.137650579,0.54721123,0.377582908,0.0480577499,1.08850467,0.140367627,0.0788427293,0.00284975022,0.362993121,-0.297367483,0.00547168218,0.956603467,-0.138677537,0.0144175887,0.0812049806,-0.404367685,-0.0384317115,0.033549577,0.566789687,-0.365812242,-0.0447715148,-0.240263104,-0.171795785,0.141960487,0.324102461,-0.558549345,-0.176560625,0.00897896569,-0.0774919912,0.137650579,0.54721123,0.377582908,0.0480577499,1.08850467,0.140367627,0.0788427293,0.00284975162,0.362993121,-0.297367483,0.00547168218,0.956603467,-0.138677537,0.0144175841,0.0812049806,-0.404367685,-0.0384317115,0.033549577,0.566789687,-0.365812242,-0.0447715148,-0.240263104,-0.171795785,0.141960487,0.324102461,-0.558549345,-0.176560625,0.00897896569,-0.0774919987,0.137650579,0.54721123,0.377582908,0.0480577499,1.08850467,0.140367627,0.0788427293,0.00284975022,0.362993121,-0.297367483,0.00547168218,0.956603467,-0.138677537,0.0144175887,0.0812049806
2.71389805,3194373.87,0,0,0.0133497873,2.19549984e-05,1,0.139426906,0,1,-0.977688074,-0.0117073283,-0.00743129477,0.209603697,-0.209603816,-0.154704019,-0.334201157,-0.999967575,0.0118407905,-0,-0.259082288,0.0197375175,0.00273353211,0.745314062,-0.3961429,-0.0469080545,-0.427887499,-0.0216834135,0.0497678816,0.430131048,-0.158184648,-0.0230982061,-0.0229446758,0.010705296,-0.000483500684,0.257991254,0.290700912,-0.00128401082,0.976232588,0.141070127,0.00838022307,0.0012290153,0.29385975,-0.265358537,0.0158707909,0.938893735,-0.170893788,0.00178003812,0.0847019851,4.48302269,0.335396111,0.291953981,-6.2468152,1.05570126,-0.0115039833,-0.920746922,0.207712039,0.203550845,-0.449697465,-1.27786171,0.638980687,-0.172962353,-0.0955427364,0.120756976,-0.516511977,0.361529857,0.966535747,-0.165900469,0.017710913,0.21816197,0.105190933,0.670184135,0.0458034612,-0.0172296204,0.1775731,1.29826546,0.34227252,-0.0449738801,-0.404367685,-0.0384317115,0.033549577,0.566789687,-0.365812242,-0.0447715148,-0.240263104,-0.171795785,0.141960487,0.324102461,-0.558549345,-0.176560625,0.00897896569,-0.0774919987,0.137650579,0.54721123,0.377582908,0.0480577499,1.08850467,0.140367627,0.0788427293,0.00284975022,0.362993121,-0.297367483,0.00547168218,0.956603467,-0.138677537,0.0144175887,0.0812049806,-0.404367685,-0.0384317115,0.033549577,0.566789687,-0.365812242,-0.0447715148,-0.240263104,-0.171795785,0.141960487,0.324102461,-0.558549345,-0.176560625,0.00897896569,-0.0774919912,0.137650579,0.54721123,0.377582908,0.0480577499,1.08850467,0.140367627,0.0788427293,0.00284975162,0.362993121,-0.297367483,0.00547168218,0.956603467,-0.138677537,0.0144175841,0.0812049806,-0.404367685,-0.0384317115,0.033549577,0.566789687,-0.365812242,-0.0447715148,-0.240263104,-0.171795785,0.141960487,0.324102461,-0.558549345,-0.176560625,0.00897896569,-0.0774919987,0.137650579,0.54721123,0.377582908,0.0480577499,1.08850467,0.140367627,0.0788427293,0.00284975022,0.362993121,-0.297367483,0.00547168218,0.956603467,-0.138677537,0.0144175887,0.0812049806
2.72390486,3194373.88,0,0,0.00334263872,2.36928463e-05,1,0.181091949,0.0758057535,1,-0.977521896,-0.0102387704,-0.00767295202,0.21044521,-0.470314831,0.0684834346,-0.124900989,-0.999967575,0.0118407905,-0,-0.226605549,0.0226344727,0.00366566842,0.697797537,-0.389818072,-0.0469076261,-0.436249912,-0.0193135533,0.0499846786,0.426433951,-0.168310091,-0.0199806504,-0.0248910636,0.0114344796,-0.000630946364,0.254710883,0.293259859,0.00611547241,0.974434078,0.14116396,0.00978225283,0.00172317598,0.299829334,-0.265687793,0.0157518256,0.940541923,-0.161455482,0.00432624947,0.0844405517,3.73757458,0.38193813,5.17317967e-05,-5.59502077,0.641770065,0.00501211965,-1.12472165,0.341300905,-0.0909993798,-0.47544232,-1.26248395,0.288772881,-0.302502692,0.20759055,-0.100498304,-0.355825037,0.298921049,0.885472775,-0.260137022,0.00847405195,0.145394206,0.0427787006,0.790038645,-0.0921649113,-0.0166272242,0.217325374,1.08253372,0.298478663,-0.0264273789,-0.389280379,-0.00994892418,0.0137945134,0.490983933,-0.310525656,-0.0236975625,-0.210784167,-0.141581967,0.128683388,0.348415554,-0.538995087,-0.160541773,0.029630933,-0.0356688499,0.131955519,0.608520687,0.355860353,0.0452879071,1.11607194,0.149468601,0.0915230364,-0.00359309092,0.342038959,-0.303375006,0.00512243621,0.956701338,-0.122512266,0.0135481358,0.0755806416,-0.389280379,-0.00994892605,0.0137945116,0.490983933,-0.310525656,-0.0236975625,-0.210784167,-0.141581967,0.128683388,0.348415554,-0.538995087,-0.160541773,0.029630933,-0.035668835,0.131955519,0.608520687,0.355860353,0.0452879108,1.11607194,0.149468601,0.0915230364,-0.00359308952,0.342038959,-0.303375006,0.00512243621,0.956701338,-0.122512266,0.0135481358,0.0755806416,-0.389280379,-0.00994892418,0.0137945134,0.490983933,-0.310525656,-0.0236975625,-0.210784167,-0.141581967,0.128683388,0.348415554,-0.538995087,-0.160541773,0.029630933,-0.0356688499,0.131955519,0.608520687,0.355860353,0.0452879071,1.11607194,0.149468601,0.0915230364,-0.00359309092,0.342038959,-0.303375006,0.00512243621,0.956701338,-0.122512266,0.0135481358,0.0755806416
2.73489957,3194373.89,0,0,0.0143373418,2.24579126e-05,1,0.181091949,0,1,-0.977358699,-0.0065189451,-0.00886973739,0.211302638,-0.778522313,0.0546793714,-0.175886482,-0.999967575,0.0118407905,-0,-0.184798926,0.028231889,0.00226851739,0.632080674,-0.374579996,-0.043707449,-0.449757785,-0.0128381802,0.0485161506,0.420836836,-0.1848948,-0.0174075495,-0.026409084,0.0162598118,-0.00108374562,0.25086993,0.296319574,0.0153417336,0.970628738,0.141963661,0.0106830392,0.00195575668,0.309898466,-0.267830312,0.0154869882,0.944350421,-0.148534939,0.00718223117,0.0831843838,3.30165195,0.532539785,-0.224123225,-5.36533499,1.59688032,0.3862679,-1.1128521,0.687463939,-0.143507332,-0.476289541,-1.46170461,0.189199135,0.00240621157,0.547095537,0.00726202317,-0.285298169,0.222039327,0.676569521,-0.369540215,0.106106266,0.0375531055,0.00902154297,0.861006916,-0.240220472,-0.0235818569,0.397090882,1.080971,0.20041056,-0.162205487,-0.389280379,-0.00994892418,0.0137945134,0.490983933,-0.310525656,-0.0236975625,-0.210784167,-0.141581967,0.128683388,0.348415554,-0.538995087,-0.160541773,0.029630933,-0.0356688499,0.131955519,0.608520687,0.355860353,0.0452879071,1.11607194,0.149468601,0.0915230364,-0.00359309092,0.342038959,-0.303375006,0.00512243621,0.956701338,-0.122512266,0.0135481358,0.0755806416,-0.389280379,-0.00994892605,0.0137945116,0.490983933,-0.310525656,-0.0236975625,-0.210784167,-0.141581967,0.128683388,0.348415554,-0.538995087,-0.160541773,0.029630933,-0.035668835,0.131955519,0.608520687,0.355860353,0.0452879108,1.11607194,0.149468601,0.0915230364,-0.00359308952,0.342038959,-0.303375006,0.00512243621,0.956701338,-0.122512266,0.0135481358,0.0755806416,-0.389280379,-0.00994892418,0.0137945134,0.490983933,-0.310525656,-0.0236975625,-0.210784167,-0.141581967,0.128683388,0.348415554,-0.538995087,-0.160541773,0.029630933,-0.0356688499,0.131955519,0.608520687,0.355860353,0.0452879071,1.11607194,0.149468601,0.0915230364,-0.00359309092,0.342038959,-0.303375006,0.00512243621,0.956701338,-0.122512266,0.0135481358,0.0755806416
2.74589932,3194373.9,0,0,0.0053394828,2.22637318e-05,1,0.152508728,0.0674189627,1,-0.977297187,-0.0021348591,-0.010511227,0.211601481,-0.972226024,0.200514287,0.0140883895,-0.999967575,0.0118407905,-0,-0.157497495,0.0340976268,-0.00194587314,0.586183608,-0.36408475,-0.0394035727,-0.461553395,-0.00521280058,0.0457003415,0.415621102,-0.199451596,-0.0156461559,-0.0264142733,0.0232404154,-0.00133276568,0.248652771,0.298402548,0.0208048392,0.966126263,0.14302437,0.0106034735,0.0020030865,0.318579793,-0.270777822,0.0151456865,0.948888481,-0.139243662,0.00893875677,0.081475459,2.28296733,0.605613053,-0.533694386,-4.08629751,-0.324682415,0.804142714,-1.25044787,0.756779909,-0.358480871,-0.539810002,-1.41691089,0.17258507,-0.021827057,0.724329293,-0.0499654151,-0.188009501,0.227069914,0.461709321,-0.493688315,0.0944422483,-0.048758734,0.00317142624,0.853789985,-0.295756638,-0.0445294864,0.493589729,0.793614388,0.167001754,-0.162538007,-0.357733428,0.0570728257,-0.0250585079,0.459845096,-0.243106693,-0.00948535651,-0.232450008,-0.118531629,0.112683326,0.366943061,-0.506608725,-0.154222831,0.0372683965,0.0291181803,0.113132119,0.619284511,0.356534988,0.0458214134,1.1252898,0.165184081,0.094877325,0.000477202237,0.33090499,-0.306637734,-0.00218869187,0.948659956,-0.114327371,0.0138301402,0.062780425,-0.357733428,0.0570728257,-0.0250585079,0.459845096,-0.243106693,-0.00948535744,-0.232450008,-0.118531629,0.112683326,0.366943061,-0.506608725,-0.154222831,0.0372683965,0.0291181952,0.113132119,0.619284511,0.356534988,0.0458214171,1.1252898,0.165184081,0.094877325,0.000477202469,0.33090499,-0.306637734,-0.00218869187,0.948659956,-0.114327371,0.0138301374,0.062780425,-0.357733428,0.0570728257,-0.0250585079,0.459845096,-0.243106693,-0.00948535651,-0.232450008,-0.118531629,0.112683326,0.366943061,-0.506608725,-0.154222831,0.0372683965,0.0291181803,0.113132119,0.619284511,0.356534988,0.0458214134,1.1252898,0.165184081,0.094877325,0.000477202237,0.33090499,-0.306637734,-0.00218869187,0.948659956,-0.114327371,0.0138301402,0.062780425
2.75689776,3194373.91,0,0,0.0163379237,2.19466165e-05,1,0.152508728,0,1,-0.977464378,0.00356060313,-0.0132721765,0.210652635,-1.03669834,0.290926933,0.278453857,-0.999967575,0.0118407905,-0,-0.137234211,0.0438212864,-0.00832766388,0.534356475,-0.397731811,-0.0333955847,-0.477184504,0.00375399692,0.0401476584,0.409023762,-0.217075974,-0.014331257,-0.0264698062,0.0319243558,-0.00171283842,0.245925725,0.301496953,0.0253035631,0.960915864,0.146705568,0.00888701994,0.0020544182,0.328655362,-0.273248971,0.0132367853,0.954873085,-0.130451009,0.0113412403,0.0769697502,1.14940667,0.818290472,-0.658184409,-4.26519823,-3.39585853,0.259212554,-1.35115552,0.686881781,-0.54074949,-0.563015401,-1.46586144,0.0869446322,-0.0229002722,0.694231629,-0.0151701383,-0.269809246,0.285533696,0.295118392,-0.397825181,0.411637068,-0.195607662,0.00791575573,0.818251312,-0.148735344,-0.218454003,0.489758492,0.653330445,0.213501632,-0.457643092,-0.357733428,0.0570728257,-0.0250585079,0.459845096,-0.243106693,-0.00948535651,-0.232450008,-0.118531629,0.112683326,0.366943061,-0.506608725,-0.154222831,0.0372683965,0.0291181803,0.113132119,0.619284511,0.356534988,0.0458214134,1.1252898,0.165184081,0.094877325,0.000477202237,0.33090499,-0.306637734,-0.00218869187,0.948659956,-0.114327371,0.0138301402,0.062780425,-0.357733428,0.0570728257,-0.0250585079,0.459845096,-0.243106693,-0.00948535744,-0.232450008,-0.118531629,0.112683326,0.366943061,-0.506608725,-0.154222831,0.0372683965,0.0291181952,0.113132119,0.619284511,0.356534988,0.0458214171,1.1252898,0.165184081,0.094877325,0.000477202469,0.33090499,-0.306637734,-0.00218869187,0.948659956,-0.114327371,0.0138301374,0.062780425,-0.357733428,0.0570728257,-0.0250585079,0.459845096,-0.243106693,-0.00948535651,-0.232450008,-0.118531629,0.112683326,0.366943061,-0.506608725,-0.154222831,0.0372683965,0.0291181803,0.113132119,0.619284511,0.356534988,0.0458214134,1.1252898,0.165184081,0.094877325,0.000477202237,0.33090499,-0.306637734,-0.00218869187,0.948659956,-0.114327371,0.0138301402,0.062780425
2.7668984,3194373.92,0,0,0.00633960776,2.22539529e-05,1,0.150817912,0.135413751,1,-0.97789973,0.00642702822,-0.0153459478,0.20841153,-0.157133535,0.288037121,0.536728919,-0.999967575,0.0118407905,-0,-0.138430446,0.0472396277,-0.0155195659,0.507695138,-0.421352208,-0.0313976556,-0.491392344,0.00608098926,0.0358592682,0.404165834,-0.231131688,-0.0125082601,-0.0274437703,0.0334305763,-0.000523070223,0.241891474,0.305849075,0.0276497994,0.957850337,0.15127039,0.006641855,0.00231314753,0.33500582,-0.272420794,0.0109016662,0.96073252,-0.125344247,0.0135198534,0.0722330436,-1.33147073,-0.220193222,-0.656314015,-0.829683542,-1.12765324,0.213302508,-1.56067395,-0.289261758,-0.261075705,-0.292478293,-1.40689933,0.145227775,-0.133490652,-0.520504594,0.188048735,-0.521414876,0.600407183,0.245949686,-0.196841151,0.530533195,-0.222052962,0.0277561247,0.461102784,0.361512393,-0.258564085,0.709688127,0.40281257,0.196277544,-0.559477806,-0.318740159,0.158480749,-0.0770604089,0.430074334,-0.107692942,-0.00623825192,-0.309784263,-0.0426283106,0.0588733517,0.431570619,-0.42214781,-0.123255864,0.0336792544,0.140527427,0.0642286539,0.583027124,0.374908626,0.0524359196,1.10807717,0.185082674,0.0852437764,0.000413764268,0.321444571,-0.305985838,-0.0146445688,0.93495065,-0.116019875,0.00310707092,0.0421730056,-0.318740159,0.158480749,-0.0770604089,0.430074334,-0.107692942,-0.00623825425,-0.309784263,-0.0426283106,0.0588733517,0.431570619,-0.42214781,-0.123255864,0.0336792544,0.140527427,0.0642286539,0.583027124,0.374908626,0.0524359159,1.10807717,0.185082674,0.0852437764,0.000413764734,0.321444571,-0.305985838,-0.0146445679,0.93495065,-0.116019875,0.00310707698,0.0421730056,-0.318740159,0.158480749,-0.0770604089,0.430074334,-0.107692942,-0.00623825192,-0.309784263,-0.0426283106,0.0588733517,0.431570619,-0.42214781,-0.123255864,0.0336792544,0.140527427,0.0642286539,0.583027124,0.374908626,0.0524359196,1.10807717,0.185082674,0.0852437764,0.000413764268,0.321444571,-0.305985838,-0.0146445688,0.93495065,-0.116019875,0.00310707092,0.0421730056
2.77789791,3194373.93,0,0,0.0173391178,2.21021473e-05,1,0.150817912,0,1,-0.978357732,0.00490409508,-0.0154299419,0.206286117,0.383012503,-0.21918574,0.19385685,-0.999967575,0.0118407905,-0,-0.163796663,0.0402021445,-0.0199818574,0.518319666,-0.419847727,-0.0290280636,-0.508695424,-0.000741628057,0.0352781154,0.40344727,-0.250997245,-0.01762948,-0.0263153259,0.021059243,0.00501253922,0.234305441,0.313951463,0.0308155231,0.957277536,0.160233766,0.00505316583,0.00238390733,0.339226395,-0.265243143,0.00690556457,0.968016088,-0.122527666,0.0146764871,0.0628303066,-2.20471025,-0.679976344,-0.155611932,1.59702706,0.723848701,0.182161212,-1.12414777,-0.591539681,0.121097639,-0.0727636963,-1.78865469,-0.668963432,0.271567494,-1.20226443,0.773070693,-0.668235123,0.676251471,0.248483136,0.0385251567,0.817766428,-0.0725326017,0.0030545874,0.277374595,0.663602531,-0.332869828,0.476107478,0.146055043,0.0518806577,-0.817839444,-0.318740159,0.158480749,-0.0770604089,0.430074334,-0.107692942,-0.00623825192,-0.309784263,-0.0426283106,0.0588733517,0.431570619,-0.42214781,-0.123255864,0.0336792544,0.140527427,0.0642286539,0.583027124,0.374908626,0.0524359196,1.10807717,0.185082674,0.0852437764,0.000413764268,0.321444571,-0.305985838,-0.0146445688,0.93495065,-0.116019875,0.00310707092,0.0421730056,-0.318740159,0.158480749,-0.0770604089,0.430074334,-0.107692942,-0.00623825425,-0.309784263,-0.0426283106,0.0588733517,0.431570619,-0.42214781,-0.123255864,0.0336792544,0.140527427,0.0642286539,0.583027124,0.374908626,0.0524359159,1.10807717,0.185082674,0.0852437764,0.000413764734,0.321444571,-0.305985838,-0.0146445679,0.93495065,-0.116019875,0.00310707698,0.0421730056,-0.318740159,0.158480749,-0.0770604089,0.430074334,-0.107692942,-0.00623825192,-0.309784263,-0.0426283106,0.0588733517,0.431570619,-0.42214781,-0.123255864,0.0336792544,0.140527427,0.0642286539,0.583027124,0.374908626,0.0524359196,1.10807717,0.185082674,0.0852437764,0.000413764268,0.321444571,-0.305985838,-0.0146445688,0.93495065,-0.116019875,0.00310707092,0.0421730056
2.78789816,3194373.94,0,0,0.00733144023,2.22190283e-05,1,0.158207025,0.182135969,1,-0.978360236,0.00323786307,-0.0133779757,0.206450388,0.435124934,-0.0653311983,-0.175509155,-0.999967575,0.0118407905,-0,-0.185321242,0.0339897536,-0.0191567503,0.536267877,-0.408860683,-0.0276115444,-0.519577444,-0.00542931678,0.0377256796,0.406093717,-0.271277577,-0.0233820491,-0.0226330701,0.00902973581,0.0127999745,0.229793161,0.320336342,0.0330590345,0.958266199,0.167693302,0.00467857253,0.00240354589,0.341411054,-0.259125352,0.0044492525,0.971200824,-0.121926732,0.0146692004,0.0550628826,-2.43635869,-0.577634156,0.238734663,1.80896831,1.32976282,0.0846606269,-1.77656114,-0.382816881,0.261412621,1.34005141,-2.38488436,-0.122603729,0.331868052,-1.20052147,0.341131508,-0.132247865,0.63061744,0.230042398,0.114742309,0.625036895,-0.0232889336,-0.0129239885,0.187149391,0.55980438,-0.161854282,0.241061345,-0.0313806832,-0.0804829672,-0.84751004,-0.441521585,0.247769147,-0.130308092,0.314251065,-0.0323626846,-0.0370439589,-0.378844678,0.0533394478,0.0170062631,0.613706589,-0.350923836,-0.0384924598,0.00657154992,0.263533592,0.0907463282,0.509682953,0.374842644,0.0506516546,1.07259476,0.179421976,0.0664299652,-0.0113834888,0.279821008,-0.325058937,-0.0141163226,0.918834448,-0.131193623,-0.012616694,0.023154119,-0.441521555,0.247769132,-0.130308092,0.314251065,-0.0323626846,-0.0370439552,-0.378844678,0.0533394478,0.017006265,0.613706589,-0.350923836,-0.0384924598,0.00657154992,0.263533592,0.0907463282,0.509682953,0.374842644,0.0506516621,1.07259476,0.179421976,0.0664299652,-0.0113834916,0.279821008,-0.325058937,-0.0141163217,0.918834448,-0.131193623,-0.0126166996,0.023154119,-0.441521585,0.247769147,-0.130308092,0.314251065,-0.0323626846,-0.0370439589,-0.378844678,0.0533394478,0.0170062631,0.613706589,-0.350923836,-0.0384924598,0.00657154992,0.263533592,0.0907463282,0.509682953,0.374842644,0.0506516546,1.07259476,0.179421976,0.0664299652,-0.0113834888,0.279821008,-0.325058937,-0.0141163226,0.918834448,-0.131193623,-0.012616694,0.023154119
2.79890465,3194373.95,0,0,0.0183379301,1.87987462e-05,1,0.158207025,0,1,-0.978101909,0.00142602762,-0.0131664481,0.207704827,0.292499393,-0.0974305049,-0.211746603,-0.999967575,0.0118407905,-0,-0.209739849,0.0295326002,-0.0161544327,0.552444041,-0.393452108,-0.0274188071,-0.542779624,-0.00748847332,0.039175164,0.433799922,-0.293429345,-0.0230896473,-0.0215471499,-0.00177409837,0.0141148325,0.231878459,0.326269716,0.0356029719,0.95999229,0.171823025,0.00455704192,0.00213504606,0.341521144,-0.254491687,0.00360822212,0.97247529,-0.123128779,0.0125600956,0.0460525043,-2.21291351,-0.362490058,0.246833324,1.4481355,1.63723981,-0.00726505416,-2.24442983,-0.0830184817,0.0967984647,3.48815823,-1.83382201,-0.175890803,-0.0952637345,-0.974384964,0.247846097,0.347661436,0.563631058,0.261429548,0.230900958,0.289803624,-0.0057248231,-0.0332338139,-0.134538248,0.402816057,-0.0497836471,0.0623803288,-0.147373244,-0.284152329,-0.879414976,-0.441521585,0.247769147,-0.130308092,0.314251065,-0.0323626846,-0.0370439589,-0.378844678,0.0533394478,0.0170062631,0.613706589,-0.350923836,-0.0384924598,0.00657154992,0.263533592,0.0907463282,0.509682953,0.374842644,0.0506516546,1.07259476,0.179421976,0.0664299652,-0.0113834888,0.279821008,-0.325058937,-0.0141163226,0.918834448,-0.131193623,-0.012616694,0.023154119,-0.441521555,0.247769132,-0.130308092,0.314251065,-0.0323626846,-0.0370439552,-0.378844678,0.0533394478,0.017006265,0.613706589,-0.350923836,-0.0384924598,0.00657154992,0.263533592,0.0907463282,0.509682953,0.374842644,0.0506516621,1.07259476,0.179421976,0.0664299652,-0.0113834916,0.279821008,-0.325058937,-0.0141163217,0.918834448,-0.131193623,-0.0126166996,0.023154119,-0.441521585,0.247769147,-0.130308092,0.314251065,-0.0323626846,-0.0370439589,-0.378844678,0.0533394478,0.0170062631,0.613706589,-0.350923836,-0.0384924598,0.00657154992,0.263533592,0.0907463282,0.509682953,0.374842644,0.0506516546,1.07259476,0.179421976,0.0664299652,-0.0113834888,0.279821008,-0.325058937,-0.0141163226,0.918834448,-0.131193623,-0.012616694,0.023154119
2.80989969,3194373.97,0,0,0.00935730385,2.26628035e-05,1,0.135372858,0.124821901,1,-0.977998078,0.000914603355,-0.0117000584,0.208283618,0.132592022,-0.168783873,-0.07670068,-0.999967575,0.0118407905,-0,-0.22852239,0.0271531809,-0.0148907267,0.564123809,-0.376427174,-0.027376622,-0.562250435,-0.00662358571,0.0394944847,0.475980014,-0.307263076,-0.0232470986,-0.0246551353,-0.00965132564,0.0175899789,0.236656725,0.331459701,0.0376637317,0.963347256,0.173646122,0.00522930641,0.00131189288,0.339266539,-0.25142324,0.00342612248,0.971835852,-0.124393262,0.00908435881,0.0388404988,-1.90110099,-0.210595906,0.0939047486,1.01380897,1.74243724,0.0563990287,-2.17271233,0.127303541,-0.0364796482,5.28485918,-1.28300381,0.574339271,-0.382114649,-0.714884639,0.15242441,0.591395438,0.517282009,0.131273344,0.346085727,0.140808016,0.175523773,-0.172933877,-0.187847227,0.233763173,0.0111395232,-0.191535577,-0.0877650604,-0.407649368,-0.54680717,-0.540517628,0.224166244,-0.0945591629,0.310102761,0.0145622045,0.00769178569,-0.37441659,0.0367014222,0.00999706239,0.73852849,-0.341032565,0.0229334384,0.00449005235,0.320673406,0.0864514709,0.446213961,0.390088946,0.03764911,1.03279638,0.183785379,0.055430118,-0.0183443055,0.250316918,-0.339269638,-0.00809062459,0.902976334,-0.124125153,-0.0208601058,0.0306303706,-0.540517628,0.224166229,-0.0945591629,0.310102761,0.0145622045,0.00769178336,-0.37441662,0.0367014222,0.00999706425,0.73852849,-0.341032565,0.0229334384,0.00449005188,0.320673406,0.0864514709,0.446213961,0.390088946,0.0376491062,1.03279638,0.183785379,0.055430118,-0.0183443073,0.250316918,-0.339269638,-0.00809062459,0.902976334,-0.124125153,-0.0208601039,0.0306303706,-0.540517628,0.224166244,-0.0945591629,0.310102761,0.0145622045,0.00769178569,-0.37441659,0.0367014222,0.00999706239,0.73852849,-0.341032565,0.0229334384,0.00449005235,0.320673406,0.0864514709,0.446213961,0.390088946,0.03764911,1.03279638,0.183785379,0.055430118,-0.0183443055,0.250316918,-0.339269638,-0.00809062459,0.902976334,-0.124125153,-0.0208601058,0.0306303706
2.82090224,3194373.98,0,0,0.000352712348,1.97752379e-05,1,0.168326776,0.116452873,1,-0.978076875,0.00113435136,-0.0106659289,0.207967594,-0.138795361,-0.284801871,0.163290784,-0.999967575,0.0118407905,-0,-0.249816179,0.0257899445,-0.0155845182,0.573446631,-0.355351955,-0.0261103809,-0.586384416,-0.00441234326,0.035982281,0.548395514,-0.317831337,-0.0137053458,-0.0301987603,-0.0155037232,0.0185964238,0.243860751,0.337057948,0.0376073234,0.968344927,0.175311282,0.00963410456,-0.00261558453,0.337441981,-0.250139952,0.00366921327,0.967236102,-0.124883428,0.00349208363,0.035410706,-1.56531703,-0.00864662323,-0.205010206,0.597999632,1.7542361,0.112155631,-1.56259131,0.258889347,-0.468737841,5.88903046,-0.541508734,0.662315369,-0.507382929,-0.28346771,0.171352968,0.54143095,0.406891078,-0.0956864581,0.510556996,0.151357532,0.478737473,-0.407300591,-0.158887848,0.0285067856,0.0137595348,-0.474360049,-0.0198487099,-0.476045012,-0.155587375,-0.540517628,0.224166244,-0.0945591629,0.310102761,0.0145622045,0.00769178569,-0.37441659,0.0367014222,0.00999706239,0.73852849,-0.341032565,0.0229334384,0.00449005235,0.320673406,0.0864514709,0.446213961,0.390088946,0.03764911,1.03279638,0.183785379,0.055430118,-0.0183443055,0.250316918,-0.339269638,-0.00809062459,0.902976334,-0.124125153,-0.0208601058,0.0306303706,-0.614849627,0.25314185,-0.0494330302,0.31207481,0.0672741085,0.0708820224,-0.371685445,-0.00923968665,0.00454283506,0.854981363,-0.366295934,0.035531953,0.00332009466,0.350642025,0.0729212165,0.402135372,0.41410023,0.0253719091,1.00070083,0.182625026,0.0370025933,-0.0320740417,0.217847735,-0.325813472,-0.00419963896,0.880808711,-0.104034334,-0.0272764005,0.0493532978,-0.614849627,0.25314185,-0.0494330302,0.31207481,0.0672741085,0.0708820224,-0.371685445,-0.00923968665,0.00454283506,0.854981363,-0.366295934,0.035531953,0.00332009513,0.350642025,0.0729212165,0.402135372,0.41410023,0.0253719091,1.00070083,0.182625026,0.0370025933,-0.0320740417,0.217847735,-0.325813472,-0.00419963896,0.880808711,-0.104034334,-0.0272763968,0.0493532978
2.83190389,3194373.99,0,0,0.0113543631,1.51591375e-05,1,0.168326776,0,1,-0.978328884,0.00261462363,-0.00969722588,0.206813216,-0.199872315,-0.0552270897,0.180714756,-0.999967575,0.0118407905,-0,-0.267794043,0.0265629347,-0.018391924,0.577468932,-0.333970457,-0.0240898896,-0.602530241,-0.00131308602,0.0277286414,0.62122649,-0.326957762,-0.00521293934,-0.0350911953,-0.0172324181,0.0187270474,0.250267863,0.341885269,0.034076862,0.975196242,0.176782519,0.0166039169,-0.00929624494,0.336090714,-0.250622392,0.00377777196,0.960217834,-0.122801282,-0.00191436405,0.0363203734,-1.57662082,0.0688057318,-0.187834457,0.174535528,1.80959558,0.236566961,-1.46235037,0.166397393,-0.894345462,6.65672874,-1.07514107,0.79166311,-0.29630962,-0.106681988,-0.208854094,0.564816654,0.440850765,-0.471096009,0.56099385,0.072533913,0.627155542,-0.701065481,-0.0641716719,-0.0803031772,0.00693471637,-0.698844731,0.395524502,-0.432905763,0.296812683,-0.614849627,0.25314185,-0.0494330302,0.31207481,0.0672741085,0.0708820224,-0.371685445,-0.00923968665,0.00454283506,0.854981363,-0.366295934,0.035531953,0.00332009513,0.350642025,0.0729212165,0.402135372,0.41410023,0.0253719091,1.00070083,0.182625026,0.0370025933,-0.0320740417,0.217847735,-0.325813472,-0.00419963896,0.880808711,-0.104034334,-0.0272763968,0.0493532978,-0.614849627,0.25314185,-0.0494330302,0.31207481,0.0672741085,0.0708820224,-0.371685445,-0.00923968665,0.00454283506,0.854981363,-0.366295934,0.035531953,0.00332009466,0.350642025,0.0729212165,0.402135372,0.41410023,0.0253719091,1.00070083,0.182625026,0.0370025933,-0.0320740417,0.217847735,-0.325813472,-0.00419963896,0.880808711,-0.104034334,-0.0272764005,0.0493532978,-0.614849627,0.25314185,-0.0494330302,0.31207481,0.0672741085,0.0708820224,-0.371685445,-0.00923968665,0.00454283506,0.854981363,-0.366295934,0.035531953,0.00332009513,0.350642025,0.0729212165,0.402135372,0.41410023,0.0253719091,1.00070083,0.182625026,0.0370025933,-0.0320740417,0.217847735,-0.325813472,-0.00419963896,0.880808711,-0.104034334,-0.0272763968,0.0493532978
2.84190752,3194374,0,0,0.0013389173,2.08960846e-05,1,0.15677698,0.0783907175,1,-0.978560746,0.00418481743,-0.00957693439,0.20569317,-0.385848224,-0.11683365,0.252604961,-0.999967575,0.0118407905,-0,-0.282480121,0.0281532742,-0.0209890846,0.577776611,-0.315838814,-0.0217691287,-0.612543225,0.000449317566,0.0172354858,0.683490574,-0.334741265,0.00167371973,-0.0373696908,-0.0166321658,0.0172672924,0.255315036,0.345888644,0.0282673109,0.981131971,0.177425072,0.0228326097,-0.017229341,0.334812462,-0.251996696,0.00383489695,0.952673137,-0.118189707,-0.00593069987,0.0401526168,-1.39066362,0.231778413,-0.314921319,-0.0649637952,1.8164804,0.214226633,-0.628232896,0.217817381,-1.1012373,5.73410702,-0.58521992,0.624246538,-0.184428096,0.180444658,-0.0993527398,0.468848944,0.356999487,-0.627283216,0.618920028,0.0728389695,0.608851075,-0.831990957,-0.186406136,-0.17282249,0.00520827202,-0.757588983,0.458535224,-0.376935512,0.398978025,-0.633198738,0.258157074,-0.0422012247,0.308424413,0.064631477,0.100124329,-0.37390548,-0.0391083658,0.00057785213,0.93337208,-0.419289082,0.0320145376,0.00590219349,0.350797832,0.0532773063,0.401919752,0.403856397,0.0193426013,0.986846864,0.185368836,0.0310736261,-0.0457324684,0.192963198,-0.312338263,0.0131579526,0.863126218,-0.0972196758,-0.0309054106,0.0549645722,-0.633198738,0.258157074,-0.0422012247,0.308424413,0.064631477,0.100124329,-0.37390551,-0.0391083658,0.000577853993,0.93337208,-0.419289082,0.0320145376,0.00590219349,0.350797832,0.0532773025,0.401919752,0.403856397,0.0193425957,0.986846864,0.185368836,0.0310736261,-0.0457324646,0.192963198,-0.312338263,0.0131579526,0.863126218,-0.0972196758,-0.0309054144,0.0549645722,-0.633198738,0.258157074,-0.0422012247,0.308424413,0.064631477,0.100124329,-0.37390548,-0.0391083658,0.00057785213,0.93337208,-0.419289082,0.0320145376,0.00590219349,0.350797832,0.0532773063,0.401919752,0.403856397,0.0193426013,0.986846864,0.185368836,0.0310736261,-0.0457324684,0.192963198,-0.312338263,0.0131579526,0.863126218,-0.0972196758,-0.0309054106,0.0549645722
2.85290383,3194374.01,0,0,0.0123352353,2.26870179e-05,1,0.15677698,0,1,-0.978792131,0.0059854798,-0.00980823766,0.204533517,-0.324802071,0.0366647355,0.218129501,-0.999967575,0.0118407905,-0,-0.296225965,0.0303478483,-0.0237567462,0.575084746,-0.297149032,-0.019506542,-0.616878688,0.00199409062,0.00604085904,0.740254283,-0.346683651,0.00680830842,-0.0383687243,-0.014782317,0.0152327176,0.260916531,0.349115849,0.0221440326,0.986257613,0.17856665,0.0286713876,-0.0264275316,0.3321338,-0.254120409,0.00523470854,0.944813192,-0.113341041,-0.00915800035,0.0442736372,-1.37392664,0.186390877,-0.237371057,-0.408098698,1.91118717,0.23934637,-0.356425345,0.0769556612,-1.13404846,5.76857805,-1.63327146,0.442768335,-0.0525404587,0.159235194,-0.279977769,0.64475888,0.302090824,-0.583002806,0.412132859,0.144343823,0.559948325,-0.978971779,-0.332014948,-0.237408981,0.255191356,-0.815234125,0.508911192,-0.286217898,0.420781374,-0.633198738,0.258157074,-0.0422012247,0.308424413,0.064631477,0.100124329,-0.37390548,-0.0391083658,0.00057785213,0.93337208,-0.419289082,0.0320145376,0.00590219349,0.350797832,0.0532773063,0.401919752,0.403856397,0.0193426013,0.986846864,0.185368836,0.0310736261,-0.0457324684,0.192963198,-0.312338263,0.0131579526,0.863126218,-0.0972196758,-0.0309054106,0.0549645722,-0.633198738,0.258157074,-0.0422012247,0.308424413,0.064631477,0.100124329,-0.37390551,-0.0391083658,0.000577853993,0.93337208,-0.419289082,0.0320145376,0.00590219349,0.350797832,0.0532773025,0.401919752,0.403856397,0.0193425957,0.986846864,0.185368836,0.0310736261,-0.0457324646,0.192963198,-0.312338263,0.0131579526,0.863126218,-0.0972196758,-0.0309054144,0.0549645722,-0.633198738,0.258157074,-0.0422012247,0.308424413,0.064631477,0.100124329,-0.37390548,-0.0391083658,0.00057785213,0.93337208,-0.419289082,0.0320145376,0.00590219349,0.350797832,0.0532773063,0.401919752,0.403856397,0.0193426013,0.986846864,0.185368836,0.0310736261,-0.0457324684,0.192963198,-0.312338263,0.0131579526,0.863126218,-0.0972196758,-0.0309054106,0.0549645722
2.86613481,3194374.02,0,0,0.00554667925,1.23642385e-05,1,0.204539858,0.0647866726,1,-0.979056001,0.00806641206,-0.0107550211,0.203146696,-0.422077805,0.110527784,0.239017606,-0.999967575,0.0118407905,-0,-0.312368035,0.0330510177,-0.0269572679,0.568207562,-0.273673743,-0.0169783477,-0.615680993,0.00275806361,-0.00750351464,0.801111042,-0.362729996,0.0115487548,-0.0383762307,-0.011725992,0.011696483,0.26938352,0.351517677,0.015652908,0.990372598,0.180655792,0.0342318751,-0.0379285254,0.326245159,-0.257392019,0.0090032341,0.935288608,-0.108098894,-0.0121251987,0.0486896969,-1.32535338,0.268856615,-0.291241199,-0.681969166,1.98535538,0.182525411,0.46633333,0.0911951512,-1.08629978,4.42440224,-1.10919499,0.363411903,0.043976713,0.336832136,-0.298038512,0.736835718,0.119934842,-0.516638458,0.311072588,0.183894753,0.385889888,-0.911637545,-0.606643498,-0.288657039,0.317946523,-0.759713471,0.365213096,-0.224623725,0.316503584,-0.592502475,0.230411142,-0.0565786101,0.310272962,-0.000155195594,0.0856584758,-0.396975815,-0.0406249501,-0.00144328177,0.977020502,-0.464439511,0.0219644811,0.0107066575,0.294644296,0.0585155562,0.41490227,0.382556975,0.00979040563,0.985310376,0.188328609,0.036166057,-0.0473302454,0.191028923,-0.30407089,0.0276280902,0.853081286,-0.102542996,-0.0293498039,0.0390647054,-0.592502475,0.230411142,-0.0565786101,0.310272962,-0.000155195594,0.0856584758,-0.396975845,-0.0406249501,-0.00144327991,0.977020502,-0.464439511,0.0219644811,0.0107066575,0.294644296,0.0585155524,0.41490227,0.382556975,0.00979040563,0.985310376,0.188328609,0.036166057,-0.0473302454,0.191028923,-0.30407089,0.0276280902,0.853081286,-0.102542996,-0.0293498002,0.0390647054,-0.592502475,0.230411142,-0.0565786101,0.310272962,-0.000155195594,0.0856584758,-0.396975815,-0.0406249501,-0.00144328177,0.977020502,-0.464439511,0.0219644811,0.0107066575,0.294644296,0.0585155562,0.41490227,0.382556975,0.00979040563,0.985310376,0.188328609,0.036166057,-0.0473302454,0.191028923,-0.30407089,0.0276280902,0.853081286,-0.102542996,-0.0293498039,0.0390647054
2.87690447,3194374.03,0,0,0.016316337,2.40989029e-05,1,0.204539858,0,1,-0.979199231,0.00959626213,-0.0114450734,0.202350751,-0.224951684,0.0745430961,0.103397578,-0.999967575,0.0118407905,-0,-0.325581372,0.0350634679,-0.0286083277,0.55654496,-0.248979107,-0.01529714,-0.606288731,0.00327098137,-0.0171175264,0.852932215,-0.383507937,0.0137032177,-0.035643734,-0.00969387963,0.00945919938,0.279066056,0.352465481,0.00960018206,0.99214679,0.182915151,0.0381275341,-0.0471285023,0.317282856,-0.260497063,0.0149731925,0.925363958,-0.10590405,-0.013730213,0.0486609377,-1.04063237,0.130343199,-0.0902793184,-1.11293125,2.09657526,0.116306178,1.01800895,0.021881761,-0.663410187,4.01933193,-1.74604821,0.102513574,0.303980917,0.12356329,-0.177266255,0.860523283,0.0313341543,-0.499349862,0.0756120756,0.183170274,0.260580748,-0.653800488,-0.837779164,-0.246194467,0.559016824,-0.845654845,0.0997931212,-0.0935213566,-0.151471823,-0.592502475,0.230411142,-0.0565786101,0.310272962,-0.000155195594,0.0856584758,-0.396975815,-0.0406249501,-0.00144328177,0.977020502,-0.464439511,0.0219644811,0.0107066575,0.294644296,0.0585155562,0.41490227,0.382556975,0.00979040563,0.985310376,0.188328609,0.036166057,-0.0473302454,0.191028923,-0.30407089,0.0276280902,0.853081286,-0.102542996,-0.0293498039,0.0390647054,-0.592502475,0.230411142,-0.0565786101,0.310272962,-0.000155195594,0.0856584758,-0.396975845,-0.0406249501,-0.00144327991,0.977020502,-0.464439511,0.0219644811,0.0107066575,0.294644296,0.0585155524,0.41490227,0.382556975,0.00979040563,0.985310376,0.188328609,0.036166057,-0.0473302454,0.191028923,-0.30407089,0.0276280902,0.853081286,-0.102542996,-0.0293498002,0.0390647054,-0.592502475,0.230411142,-0.0565786101,0.310272962,-0.000155195594,0.0856584758,-0.396975815,-0.0406249501,-0.00144328177,0.977020502,-0.464439511,0.0219644811,0.0107066575,0.294644296,0.0585155562,0.41490227,0.382556975,0.00979040563,0.985310376,0.188328609,0.036166057,-0.0473302454,0.191028923,-0.30407089,0.0276280902,0.853081286,-0.102542996,-0.0293498039,0.0390647054
2.88789796,3194374.04,0,0,0.00731589971,2.19997019e-05,1,0.172139145,0.0919487104,1,-0.979313016,0.0107049122,-0.0124641666,0.201683059,-0.153393388,0.0854095668,0.0699169785,-0.999967575,0.0118407905,-0,-0.338178694,0.0364120603,-0.0297792479,0.541935921,-0.2234357,-0.0141989458,-0.589918375,0.00348253478,-0.0234706085,0.89317888,-0.401875764,0.0146559533,-0.0314817391,-0.00804963615,0.00704322476,0.290099829,0.351696968,0.00408899691,0.992426097,0.185156301,0.0401449986,-0.0530435964,0.305713624,-0.263339549,0.0217897687,0.915547788,-0.10531389,-0.0146993799,0.045206666,-0.930886567,0.0665389448,-0.0416315719,-1.34184694,2.15304756,0.0606124438,1.62329912,0.0142743643,-0.350931406,3.02564359,-1.6491189,0.0524298921,0.419026196,0.0706535801,-0.111188218,0.938064575,-0.127550796,-0.389979303,-0.0320108496,0.22632499,0.132809907,-0.373099715,-1.07890856,-0.230592966,0.687235355,-0.787948489,0.017949041,-0.0637985915,-0.565391123,-0.500587761,0.192300484,-0.0700950548,0.317077339,-0.092103906,0.0540256649,-0.452545404,-0.0287294202,-0.00329586864,0.98797518,-0.493878782,0.0138737187,0.00761228055,0.257449329,0.0670309961,0.405173838,0.364128053,0.00746694207,0.978805304,0.195424438,0.041592665,-0.0449666828,0.204651922,-0.302680194,0.0466294028,0.85792613,-0.110987447,-0.0261868685,0.0144048166,-0.500587761,0.192300484,-0.0700950548,0.317077339,-0.092103906,0.0540256649,-0.452545434,-0.0287294202,-0.00329586864,0.98797518,-0.493878782,0.0138737187,0.00761228055,0.257449329,0.0670309961,0.405173838,0.364128053,0.0074669458,0.978805304,0.195424438,0.041592665,-0.0449666791,0.204651922,-0.302680194,0.0466294028,0.85792613,-0.110987447,-0.0261868741,0.0144048166,-0.500587761,0.192300484,-0.0700950548,0.317077339,-0.092103906,0.0540256649,-0.452545404,-0.0287294202,-0.00329586864,0.98797518,-0.493878782,0.0138737187,0.00761228055,0.257449329,0.0670309961,0.405173838,0.364128053,0.00746694207,0.978805304,0.195424438,0.041592665,-0.0449666828,0.204651922,-0.302680194,0.0466294028,0.85792613,-0.110987447,-0.0261868685,0.0144048166
2.89890711,3194374.05,0,0,0.0183250569,1.53328292e-05,1,0.172139145,0,1,-0.979343832,0.0110793691,-0.0129264649,0.201484144,-0.0740641505,0.106856257,0.0418819711,-0.999967575,0.0118407905,-0,-0.346844763,0.0365699604,-0.029762622,0.527625978,-0.201727554,-0.0138520505,-0.571411252,0.00354332756,-0.025259316,0.919732273,-0.418278515,0.014911538,-0.0267932862,-0.00790734589,0.00641989009,0.29971686,0.349574208,0.00110105961,0.991723657,0.187884539,0.0412173867,-0.0553439148,0.293803066,-0.265619427,0.0297679007,0.90807724,-0.105402812,-0.0152035588,0.0369709618,-0.891791284,-0.00622232538,0.00434594881,-1.45137835,2.17777205,0.0253451038,1.96861982,0.000656558666,-0.102066688,2.36512113,-1.51107931,0.0141051235,0.47822693,0.00693993364,-0.0809647888,0.982556105,-0.269363701,-0.248657197,-0.0796513259,0.28632921,0.0843556151,-0.143491998,-1.24894953,-0.223531112,0.806233048,-0.721778154,-0.0215755943,-0.049626261,-0.884953737,-0.500587761,0.192300484,-0.0700950548,0.317077339,-0.092103906,0.0540256649,-0.452545404,-0.0287294202,-0.00329586864,0.98797518,-0.493878782,0.0138737187,0.00761228055,0.257449329,0.0670309961,0.405173838,0.364128053,0.00746694207,0.978805304,0.195424438,0.041592665,-0.0449666828,0.204651922,-0.302680194,0.0466294028,0.85792613,-0.110987447,-0.0261868685,0.0144048166,-0.500587761,0.192300484,-0.0700950548,0.317077339,-0.092103906,0.0540256649,-0.452545434,-0.0287294202,-0.00329586864,0.98797518,-0.493878782,0.0138737187,0.00761228055,0.257449329,0.0670309961,0.405173838,0.364128053,0.0074669458,0.978805304,0.195424438,0.041592665,-0.0449666791,0.204651922,-0.302680194,0.0466294028,0.85792613,-0.110987447,-0.0261868741,0.0144048166,-0.500587761,0.192300484,-0.0700950548,0.317077339,-0.092103906,0.0540256649,-0.452545404,-0.0287294202,-0.00329586864,0.98797518,-0.493878782,0.0138737187,0.00761228055,0.257449329,0.0670309961,0.405173838,0.364128053,0.00746694207,0.978805304,0.195424438,0.041592665,-0.0449666828,0.204651922,-0.302680194,0.0466294028,0.85792613,-0.110987447,-0.0261868685,0.0144048166
2.90990118,3194374.07,0,0,0.00933053391,2.29058787e-05,1,0.189513899,0.133187056,1,-0.979379892,0.0111937346,-0.0137177752,0.201249957,-0.0247756634,0.0866910219,0.0363461189,-0.999967575,0.0118407905,-0,-0.356197417,0.0362484865,-0.0297488011,0.513010323,-0.179932445,-0.0137041025,-0.550020695,0.0034612196,-0.0254384913,0.938643277,-0.432082772,0.0148443002,-0.0219973456,-0.0078405533,0.00540247513,0.309766352,0.346146435,-0.0006564465,0.990746379,0.190569192,0.0420078784,-0.0559654757,0.280544013,-0.267686367,0.0373087116,0.901433825,-0.105768204,-0.0160187092,0.0280535351,-0.829987884,-0.0587375015,0.0146818627,-1.51873314,2.17651248,-0.00771868322,2.35004973,-0.00776564423,0.064246878,1.53756714,-1.44396162,-0.0410219654,0.481370032,-0.0190091264,-0.000826408388,1.00929487,-0.393632174,-0.115571432,-0.146170825,0.240005225,0.127043128,-0.00344831194,-1.40897691,-0.195569292,0.777260959,-0.582809567,-0.0576228015,-0.136005476,-1.02304757,-0.394634604,0.169312805,-0.0842369348,0.306886435,-0.225290969,0.0224477649,-0.501623392,-0.0100737773,-0.0089173615,0.968098044,-0.517676055,0.00652645528,-0.00225032587,0.265068322,0.0542960539,0.388162971,0.352162391,0.0136708021,0.959404647,0.193934381,0.0431678034,-0.0409567058,0.236357003,-0.304804981,0.0573958531,0.874903977,-0.113101333,-0.0276563764,-0.00684150867,-0.394634604,0.169312805,-0.0842369348,0.306886435,-0.225290969,0.0224477705,-0.501623392,-0.0100737773,-0.0089173615,0.968098044,-0.517676055,0.00652645575,-0.00225032587,0.265068322,0.0542960502,0.388162971,0.352162391,0.013670804,0.959404647,0.193934381,0.0431678034,-0.0409567095,0.236357003,-0.304804981,0.0573958494,0.874903977,-0.113101333,-0.0276563745,-0.00684150774,-0.394634604,0.169312805,-0.0842369348,0.306886435,-0.225290969,0.0224477649,-0.501623392,-0.0100737773,-0.0089173615,0.968098044,-0.517676055,0.00652645528,-0.00225032587,0.265068322,0.0542960539,0.388162971,0.352162391,0.0136708021,0.959404647,0.193934381,0.0431678034,-0.0409567058,0.236357003,-0.304804981,0.0573958531,0.874903977,-0.113101333,-0.0276563764,-0.00684150867
2.92090619,3194374.08,0,0,0.000368454959,2.42628157e-05,1,0.156024937,0.16983147,1,-0.979404926,0.0109851416,-0.0141982837,0.201106116,0.0379754044,0.145299271,0.0280430857,-0.999967575,0.0118407905,-0,-0.365759522,0.0350555368,-0.0293860659,0.494302809,-0.153865978,-0.0139445793,-0.519591868,0.00337549299,-0.023301499,0.950746953,-0.448818117,0.0141940499,-0.0163716543,-0.00833310001,0.00556680886,0.322219282,0.340532929,-0.00130513019,0.988526702,0.192523777,0.0443885699,-0.0549962819,0.26291889,-0.269752473,0.0462891385,0.895736277,-0.106706336,-0.0184474271,0.014844045,-0.869003475,-0.123275854,0.0319525339,-1.54113376,2.16696525,-0.0179102197,2.56810522,-0.0127072474,0.231683046,0.701445878,-1.27024555,-0.0481459647,0.456113279,-0.039532952,-0.0535865687,1.05861759,-0.512386262,-0.0268002152,-0.179810494,0.107038528,0.219231471,0.124387242,-1.4709481,-0.153080389,0.673098862,-0.436091512,-0.0805457234,-0.223460883,-1.038656,-0.394634604,0.169312805,-0.0842369348,0.306886435,-0.225290969,0.0224477649,-0.501623392,-0.0100737773,-0.0089173615,0.968098044,-0.517676055,0.00652645528,-0.00225032587,0.265068322,0.0542960539,0.388162971,0.352162391,0.0136708021,0.959404647,0.193934381,0.0431678034,-0.0409567058,0.236357003,-0.304804981,0.0573958531,0.874903977,-0.113101333,-0.0276563764,-0.00684150867,-0.308246255,0.160990641,-0.0994387418,0.289552659,-0.395122439,-0.00223255553,-0.517895281,0.00217017159,-0.0142346509,0.907562852,-0.533083141,0.00431746012,-0.00899375416,0.291855663,0.0220509097,0.370592654,0.352122664,0.0202156752,0.929071367,0.184131309,0.0351043455,-0.0339241438,0.273943484,-0.312292576,0.0616193675,0.893395185,-0.112881437,-0.025698116,-0.0194996428,-0.308246255,0.160990641,-0.0994387418,0.289552659,-0.395122439,-0.00223255903,-0.517895281,0.00217017159,-0.0142346546,0.907562852,-0.533083141,0.00431746058,-0.00899375323,0.291855663,0.0220509078,0.370592654,0.352122664,0.0202156752,0.929071367,0.184131309,0.0351043455,-0.0339241475,0.273943484,-0.312292576,0.0616193712,0.893395185,-0.112881437,-0.0256981105,-0.0194996428
2.93190907,3194374.09,0,0,0.0113713341,2.49217264e-05,1,0.156024937,0,1,-0.97944057,0.0106663052,-0.0148236044,0.200904503,0.0227800682,0.0429863408,0.059166234,-0.999967575,0.0118407905,-0,-0.37446183,0.0338135548,-0.0291858055,0.479277283,-0.132775158,-0.0144555606,-0.492190719,0.00322167389,-0.0209758766,0.952098429,-0.460552901,0.013533623,-0.0119871311,-0.00843685213,0.00526834838,0.332679719,0.334866732,-0.00130747759,0.986820519,0.193085104,0.0469082966,-0.053354837,0.248321459,-0.27108857,0.0520671383,0.891897202,-0.107363254,-0.0207864679,0.00523569202,-0.760965288,-0.107010722,0.00803647283,-1.49586129,2.03159142,-0.098486349,3.01240468,-0.00743745966,0.208638906,-0.465123355,-1.1586802,-0.092156902,0.422398567,0.0194964707,0.0824557468,1.02368748,-0.611460865,0.0246572848,-0.185904294,0.0293018389,0.302368879,0.197123453,-1.46016908,-0.124266475,0.545465231,-0.314007074,-0.0516256727,-0.246500343,-0.979587257,-0.308246255,0.160990641,-0.0994387418,0.289552659,-0.395122439,-0.00223255903,-0.517895281,0.00217017159,-0.0142346546,0.907562852,-0.533083141,0.00431746058,-0.00899375323,0.291855663,0.0220509078,0.370592654,0.352122664,0.0202156752,0.929071367,0.184131309,0.0351043455,-0.0339241475,0.273943484,-0.312292576,0.0616193712,0.893395185,-0.112881437,-0.0256981105,-0.0194996428,-0.308246255,0.160990641,-0.0994387418,0.289552659,-0.395122439,-0.00223255553,-0.517895281,0.00217017159,-0.0142346509,0.907562852,-0.533083141,0.00431746012,-0.00899375416,0.291855663,0.0220509097,0.370592654,0.352122664,0.0202156752,0.929071367,0.184131309,0.0351043455,-0.0339241438,0.273943484,-0.312292576,0.0616193675,0.893395185,-0.112881437,-0.025698116,-0.0194996428,-0.308246255,0.160990641,-0.0994387418,0.289552659,-0.395122439,-0.00223255903,-0.517895281,0.00217017159,-0.0142346546,0.907562852,-0.533083141,0.00431746058,-0.00899375323,0.291855663,0.0220509078,0.370592654,0.352122664,0.0202156752,0.929071367,0.184131309,0.0351043455,-0.0339241475,0.273943484,-0.312292576,0.0616193712,0.893395185,-0.112881437,-0.0256981105,-0.0194996428
2.94289851,3194374.1,0,0,0.00233600009,2.20681541e-05,1,0.152419321,0.155106813,1,-0.979504228,0.0102275275,-0.0152189042,0.200587317,0.109604239,0.158526465,0.0389385298,-0.999967575,0.0118407905,-0,-0.384153873,0.0323685966,-0.0285970774,0.462124258,-0.110392518,-0.0156382713,-0.455047756,0.0029925569,-0.0181184597,0.939344823,-0.473665953,0.012519408,-0.00685528666,-0.00838291366,0.00544312689,0.345201999,0.327177286,-0.000743404729,0.984601617,0.192933962,0.0508936457,-0.050828103,0.23200579,-0.272163898,0.0575229675,0.888898075,-0.107785851,-0.0235795006,-0.00535075413,-0.91592747,-0.155740917,0.0963366032,-1.34836125,1.69810712,-0.074710466,3.01039076,-0.0508759692,0.276711375,-1.26890373,-1.02814806,-0.0742293522,0.443676531,-0.0350850858,-0.0951586068,1.06513512,-0.643993378,0.0557710975,-0.169175521,-0.0446727164,0.325090468,0.204152375,-1.26672184,-0.0593585186,0.376915455,-0.232318535,-0.0276293699,-0.211580858,-0.765130401,-0.241763562,0.161796123,-0.11293754,0.282886475,-0.550229251,-0.0276121572,-0.512405097,0.0159852803,-0.0185138658,0.822643578,-0.534841001,0.00365959853,-0.0101205269,0.321004063,-0.0199044608,0.350893974,0.353852153,0.0254873484,0.898629665,0.170780823,0.0203710087,-0.0260647461,0.308090985,-0.328520834,0.064310506,0.913479984,-0.114068463,-0.018914327,-0.025830688,-0.241763562,0.161796123,-0.11293754,0.282886475,-0.550229251,-0.0276121553,-0.512405097,0.0159852803,-0.018513862,0.822643578,-0.534841001,0.003659599,-0.010120526,0.321004063,-0.0199044608,0.350893974,0.353852153,0.0254873559,0.898629665,0.170780823,0.0203710087,-0.0260647461,0.308090985,-0.328520834,0.064310506,0.913479984,-0.114068463,-0.018914327,-0.025830688,-0.241763562,0.161796123,-0.11293754,0.282886475,-0.550229251,-0.0276121572,-0.512405097,0.0159852803,-0.0185138658,0.822643578,-0.534841001,0.00365959853,-0.0101205269,0.321004063,-0.0199044608,0.350893974,0.353852153,0.0254873484,0.898629665,0.170780823,0.0203710087,-0.0260647461,0.308090985,-0.328520834,0.064310506,0.913479984,-0.114068463,-0.018914327,-0.025830688
2.9529041,3194374.11,0,0,0.012341592,2.3315195e-05,1,0.152419321,0,1,-0.979591608,0.00941273756,-0.0156632513,0.200165674,0.160508618,0.0617084093,0.126558617,-0.999967575,0.0118407905,-0,-0.394002318,0.0300298743,-0.0283543412,0.4520441,-0.102174804,-0.0168515798,-0.423038036,0.00208015298,-0.0156804994,0.919195652,-0.481932759,0.0117564173,-0.00262735761,-0.00889338274,0.00494189234,0.355212778,0.320685118,-0.000351239083,0.98353225,0.19127129,0.0539539307,-0.0486866981,0.220365107,-0.272582829,0.0609035231,0.887312651,-0.108107701,-0.0250121094,-0.0120274015,-0.992154956,-0.290048659,-0.0335858837,-0.778732479,0.170271844,-0.154876545,3.39795256,-0.111963779,0.220748976,-2.64735293,-0.703529894,-0.0789157823,0.415753007,-0.0623823181,0.0112603391,0.94487232,-0.651965916,0.025091948,-0.0661021769,-0.26400432,0.300371259,0.223061681,-1.08715129,-0.0323444903,0.328096807,-0.0953134596,-0.0371541232,-0.0911179706,-0.62451607,-0.241763562,0.161796123,-0.11293754,0.282886475,-0.550229251,-0.0276121572,-0.512405097,0.0159852803,-0.0185138658,0.822643578,-0.534841001,0.00365959853,-0.0101205269,0.321004063,-0.0199044608,0.350893974,0.353852153,0.0254873484,0.898629665,0.170780823,0.0203710087,-0.0260647461,0.308090985,-0.328520834,0.064310506,0.913479984,-0.114068463,-0.018914327,-0.025830688,-0.241763562,0.161796123,-0.11293754,0.282886475,-0.550229251,-0.0276121553,-0.512405097,0.0159852803,-0.018513862,0.822643578,-0.534841001,0.003659599,-0.010120526,0.321004063,-0.0199044608,0.350893974,0.353852153,0.0254873559,0.898629665,0.170780823,0.0203710087,-0.0260647461,0.308090985,-0.328520834,0.064310506,0.913479984,-0.114068463,-0.018914327,-0.025830688,-0.241763562,0.161796123,-0.11293754,0.282886475,-0.550229251,-0.0276121572,-0.512405097,0.0159852803,-0.0185138658,0.822643578,-0.534841001,0.00365959853,-0.0101205269,0.321004063,-0.0199044608,0.350893974,0.353852153,0.0254873484,0.898629665,0.170780823,0.0203710087,-0.0260647461,0.308090985,-0.328520834,0.064310506,0.913479984,-0.114068463,-0.018914327,-0.025830688
2.96386812,3194374.12,0,0,0.00334086781,4.19095159e-06,1,0.145802274,0.109430075,1,-0.979653239,0.00747197401,-0.016094394,0.199911803,0.411398441,0.215733543,-0.0211630873,-0.999967575,0.0118407905,-0,-0.406589776,0.0251030885,-0.0277813151,0.443374783,-0.104999654,-0.0183754601,-0.384461105,-0.000182026517,-0.0118184201,0.885389984,-0.49023664,0.0109106358,0.00351909944,-0.011294838,0.00387369888,0.366436392,0.313275933,-1.51217109e-05,0.983117342,0.186913997,0.0570229515,-0.0464520417,0.20952864,-0.272759676,0.0646726117,0.886742413,-0.108537935,-0.0255635809,-0.0178565867,-1.10958076,-0.491033465,0.131688058,-0.727280915,-0.398401141,-0.0978654549,2.96702886,-0.25483644,0.392813414,-2.69699907,-0.680122256,-0.0655749068,0.575462401,-0.305118799,-0.184858426,0.9452793,-0.593678832,0.0459229462,-0.0205641594,-0.409252256,0.213797763,0.149964169,-0.780384839,-0.00628047762,0.302078992,-0.0268061776,-0.0329869688,-0.0256806426,-0.378893822,-0.180886269,0.179170534,-0.1248466,0.297032058,-0.61641711,-0.0545781851,-0.508764029,0.0221763887,-0.0151487663,0.713213503,-0.503526092,0.00405916758,-0.0127471844,0.34237811,-0.0585357547,0.309512496,0.347668439,0.0295267254,0.871922433,0.15925914,0.00391108543,-0.0160842389,0.335453629,-0.344497621,0.0617802516,0.928694487,-0.119060248,-0.0137677193,-0.0285304543,-0.180886269,0.179170534,-0.1248466,0.297032058,-0.61641711,-0.0545781814,-0.508764029,0.0221763887,-0.0151487626,0.713213503,-0.503526092,0.00405916711,-0.0127471853,0.34237811,-0.0585357584,0.309512496,0.347668439,0.0295267273,0.871922433,0.15925914,0.00391108496,-0.0160842389,0.335453629,-0.344497621,0.0617802478,0.928694487,-0.119060248,-0.0137677137,-0.0285304524,-0.180886269,0.179170534,-0.1248466,0.297032058,-0.61641711,-0.0545781851,-0.508764029,0.0221763887,-0.0151487663,0.713213503,-0.503526092,0.00405916758,-0.0127471844,0.34237811,-0.0585357547,0.309512496,0.347668439,0.0295267254,0.871922433,0.15925914,0.00391108543,-0.0160842389,0.335453629,-0.344497621,0.0617802516,0.928694487,-0.119060248,-0.0137677193,-0.0285304543
2.97386845,3194374.13,0,0,0.0133411987,4.33204696e-06,1,0.145802274,0,1,-0.979745746,0.00587090896,-0.0161761586,0.199504822,0.298052222,0.0573310405,0.099727124,-0.999967575,0.0118407905,-0,-0.417194873,0.0206758231,-0.0279252715,0.438501686,-0.114544339,-0.0202324055,-0.350778162,-0.00168779248,-0.0089789601,0.845889151,-0.491290689,0.0104172705,0.00861164927,-0.0128279021,0.00370492809,0.37453261,0.306753993,0.000336848723,0.983585358,0.181755215,0.0592549294,-0.0445526168,0.203349769,-0.2731269,0.0669348463,0.886676192,-0.109780595,-0.0256638266,-0.0210233852,-1.05876052,-0.433007568,-0.0353873782,-0.410682499,-1.20212555,-0.214496598,3.43473411,-0.107822128,0.282822251,-4.4305048,0.0452932194,-0.0439278372,0.513994098,-0.120550729,0.00698187854,0.762476325,-0.670244575,0.040127255,0.064454332,-0.566930115,0.223845303,0.197654501,-0.498083591,-0.043918591,0.183585033,0.00134499115,-0.163279817,-0.00285981526,-0.272467017,-0.180886269,0.179170534,-0.1248466,0.297032058,-0.61641711,-0.0545781851,-0.508764029,0.0221763887,-0.0151487663,0.713213503,-0.503526092,0.00405916758,-0.0127471844,0.34237811,-0.0585357547,0.309512496,0.347668439,0.0295267254,0.871922433,0.15925914,0.00391108543,-0.0160842389,0.335453629,-0.344497621,0.0617802516,0.928694487,-0.119060248,-0.0137677193,-0.0285304543,-0.180886269,0.179170534,-0.1248466,0.297032058,-0.61641711,-0.0545781814,-0.508764029,0.0221763887,-0.0151487626,0.713213503,-0.503526092,0.00405916711,-0.0127471853,0.34237811,-0.0585357584,0.309512496,0.347668439,0.0295267273,0.871922433,0.15925914,0.00391108496,-0.0160842389,0.335453629,-0.344497621,0.0617802478,0.928694487,-0.119060248,-0.0137677137,-0.0285304524,-0.180886269,0.179170534,-0.1248466,0.297032058,-0.61641711,-0.0545781851,-0.508764029,0.0221763887,-0.0151487663,0.713213503,-0.503526092,0.00405916758,-0.0127471844,0.34237811,-0.0585357547,0.309512496,0.347668439,0.0295267254,0.871922433,0.15925914,0.00391108543,-0.0160842389,0.335453629,-0.344497621,0.0617802516,0.928694487,-0.119060248,-0.0137677193,-0.0285304543
2.98386869,3194374.14,0,0,0.0033342992,4.47314233e-06,1,0.154267065,0.101821065,1,-0.979732573,0.00378375314,-0.0165051576,0.199592829,0.468747497,0.216942191,-0.0912273079,-0.999967575,0.0118407905,-0,-0.428283274,0.0160431769,-0.0270899981,0.433892578,-0.127781451,-0.0223406274,-0.320006222,-0.00292594894,-0.00504404586,0.803550661,-0.491075248,0.00998166949,0.0145664997,-0.0149187623,0.00281005376,0.382268757,0.300141573,0.00117666798,0.983978927,0.175823763,0.0611948706,-0.042822253,0.199957237,-0.273453116,0.0684018806,0.886722147,-0.11143025,-0.0256403163,-0.0230474286,-1.15012753,-0.486094207,0.172483146,-0.508139968,-1.36897779,-0.201146364,2.7684598,-0.151810646,0.454420358,-3.92210627,0.0086075617,-0.0432962999,0.638031542,-0.274978042,-0.15331912,0.786953628,-0.655883729,0.120548129,0.0249302778,-0.598687708,0.160267085,0.154106095,-0.254136533,-0.0263462234,0.128350124,0.00587529223,-0.155447483,0.00473567331,-0.157652646,-0.149747506,0.178326279,-0.120218657,0.310027659,-0.626940012,-0.0774487033,-0.494055569,0.0185158439,-0.000743761659,0.611392438,-0.444425404,0.00536025316,-0.0222934708,0.350307465,-0.0970450044,0.254694581,0.351992518,0.0333447754,0.851720452,0.154515013,-0.00840385258,-0.00132531673,0.355919093,-0.348728329,0.0597033426,0.938449264,-0.127995238,-0.0135497749,-0.0258088317,-0.149747506,0.178326279,-0.120218657,0.310027659,-0.626940012,-0.0774487033,-0.494055569,0.0185158439,-0.000743761659,0.611392438,-0.444425404,0.00536025362,-0.0222934708,0.350307465,-0.0970450044,0.254694581,0.351992518,0.0333447754,0.851720452,0.154515013,-0.00840385258,-0.00132531766,0.355919093,-0.348728329,0.0597033389,0.938449264,-0.127995238,-0.013549773,-0.0258088335,-0.149747506,0.178326279,-0.120218657,0.310027659,-0.626940012,-0.0774487033,-0.494055569,0.0185158439,-0.000743761659,0.611392438,-0.444425404,0.00536025316,-0.0222934708,0.350307465,-0.0970450044,0.254694581,0.351992518,0.0333447754,0.851720452,0.154515013,-0.00840385258,-0.00132531673,0.355919093,-0.348728329,0.0597033426,0.938449264,-0.127995238,-0.0135497749,-0.0258088317
2.99389978,3194374.15,0,0,0.013365393,2.20499933e-05,1,0.154267065,0,1,-0.979771852,0.00172779919,-0.0167676602,0.199406415,0.389726937,0.122502297,0.0736004636,-0.999967575,0.0118407905,-0,-0.439229399,0.0114952652,-0.0264427494,0.429183215,-0.143168047,-0.0249296036,-0.290210962,-0.00361771742,-0.00111801957,0.755097628,-0.481863081,0.00968621578,0.0190294106,-0.0164011903,0.00231704605,0.388967812,0.292937368,0.00238084933,0.985669553,0.169575453,0.0623186566,-0.0403578728,0.198374599,-0.27398777,0.0691219717,0.887472451,-0.114445366,-0.0255992562,-0.0238887537,-1.08069015,-0.45321995,0.0533946529,-0.485858709,-1.61328208,-0.27553919,2.94704485,-0.0381323062,0.416043133,-5.1011467,1.14172161,-0.0236606002,0.373048067,-0.123520426,-0.0277644768,0.619299114,-0.743671656,0.12638776,0.224677697,-0.628617406,0.0915213972,0.285352468,-0.0977547541,-0.0610848367,0.0458689369,0.118141912,-0.358038396,0.00409961212,-0.0507290959,-0.149747506,0.178326279,-0.120218657,0.310027659,-0.626940012,-0.0774487033,-0.494055569,0.0185158439,-0.000743761659,0.611392438,-0.444425404,0.00536025316,-0.0222934708,0.350307465,-0.0970450044,0.254694581,0.351992518,0.0333447754,0.851720452,0.154515013,-0.00840385258,-0.00132531673,0.355919093,-0.348728329,0.0597033426,0.938449264,-0.127995238,-0.0135497749,-0.0258088317,-0.149747506,0.178326279,-0.120218657,0.310027659,-0.626940012,-0.0774487033,-0.494055569,0.0185158439,-0.000743761659,0.611392438,-0.444425404,0.00536025362,-0.0222934708,0.350307465,-0.0970450044,0.254694581,0.351992518,0.0333447754,0.851720452,0.154515013,-0.00840385258,-0.00132531766,0.355919093,-0.348728329,0.0597033389,0.938449264,-0.127995238,-0.013549773,-0.0258088335,-0.149747506,0.178326279,-0.120218657,0.310027659,-0.626940012,-0.0774487033,-0.494055569,0.0185158439,-0.000743761659,0.611392438,-0.444425404,0.00536025316,-0.0222934708,0.350307465,-0.0970450044,0.254694581,0.351992518,0.0333447754,0.851720452,0.154515013,-0.00840385258,-0.00132531673,0.355919093,-0.348728329,0.0597033426,0.938449264,-0.127995238,-0.0135497749,-0.0258088317
3.00489743,3194374.16,2,0,0.00431856979,2.19829381e-05,1,0.166183803,0.073166877,1,-0.979732096,-0.000811163743,-0.0172612108,0.19956547,0.538324714,0.251862705,-0.0953383297,-0.999967575,0.0118407905,-0,-0.450388789,0.00683994219,-0.0246678591,0.423404485,-0.159648001,-0.0275507793,-0.265323192,-0.00413168315,0.00433850568,0.709078729,-0.472932279,0.00948325358,0.0228443816,-0.0183628406,0.00154019706,0.394890428,0.285516232,0.00388134806,0.98786813,0.163588956,0.0631422848,-0.0374781825,0.198107183,-0.274557561,0.069412984,0.889088929,-0.117859535,-0.0255502183,-0.0241577663,-1.14718401,-0.473807186,0.260685354,-0.637916088,-1.66120636,-0.24762328,2.12950969,-0.0765735358,0.600650251,-4.12030077,0.73821485,-0.0190136321,0.386561155,-0.243065104,-0.104644172,0.573732853,-0.741070211,0.16654551,0.206710204,-0.569870234,0.0780239701,0.279743642,0.0115336273,-0.0581097864,0.0213766936,0.177612856,-0.312239319,0.00555984257,-0.0161165074,-0.163755596,0.141656503,-0.0874939039,0.31189093,-0.584128439,-0.0880570188,-0.45439738,-0.0131233856,0.0282921717,0.550320983,-0.371258527,-0.00079620257,-0.0288815536,0.339902371,-0.143767893,0.207031548,0.377275825,0.0374761075,0.840752244,0.1572707,-0.0229274705,0.0157922544,0.353153616,-0.344164521,0.0637934208,0.93929559,-0.141662911,-0.0177122504,-0.0155701842,-0.163755596,0.141656503,-0.0874939039,0.31189093,-0.584128439,-0.0880570188,-0.45439741,-0.0131233856,0.0282921717,0.550320983,-0.371258527,-0.00079620257,-0.0288815536,0.339902371,-0.143767893,0.207031548,0.377275825,0.0374761149,0.840752244,0.1572707,-0.0229274705,0.0157922544,0.353153616,-0.344164521,0.0637934208,0.93929559,-0.141662911,-0.0177122448,-0.0155701842,-0.163755596,0.141656503,-0.0874939039,0.31189093,-0.584128439,-0.0880570188,-0.45439738,-0.0131233856,0.0282921717,0.550320983,-0.371258527,-0.00079620257,-0.0288815536,0.339902371,-0.143767893,0.207031548,0.377275825,0.0374761075,0.840752244,0.1572707,-0.0229274705,0.0157922544,0.353153616,-0.344164521,0.0637934208,0.93929559,-0.141662911,-0.0177122504,-0.0155701842
