elapsed_s,steady_s,event,reason_mask,result_age_s,frame_age_s,command_gain,inference_ms,peak_control_target_step_rad,ready,qw,qx,qy,qz,gx,gy,gz,cmd_x,cmd_y,cmd_yaw,q0,q1,q2,q3,q4,q5,q6,q7,q8,q9,q10,q11,q12,q13,q14,q15,q16,q17,q18,q19,q20,q21,q22,q23,q24,q25,q26,q27,q28,dq0,dq1,dq2,dq3,dq4,dq5,dq6,dq7,dq8,dq9,dq10,dq11,dq12,dq13,dq14,dq15,dq16,dq17,dq18,dq19,dq20,dq21,dq22,dq23,dq24,dq25,dq26,dq27,dq28,previous_target0,previous_target1,previous_target2,previous_target3,previous_target4,previous_target5,previous_target6,previous_target7,previous_target8,previous_target9,previous_target10,previous_target11,previous_target12,previous_target13,previous_target14,previous_target15,previous_target16,previous_target17,previous_target18,previous_target19,previous_target20,previous_target21,previous_target22,previous_target23,previous_target24,previous_target25,previous_target26,previous_target27,previous_target28,candidate0,candidate1,candidate2,candidate3,candidate4,candidate5,candidate6,candidate7,candidate8,candidate9,candidate10,candidate11,candidate12,candidate13,candidate14,candidate15,candidate16,candidate17,candidate18,candidate19,candidate20,candidate21,candidate22,candidate23,candidate24,candidate25,candidate26,candidate27,candidate28,applied0,applied1,applied2,applied3,applied4,applied5,applied6,applied7,applied8,applied9,applied10,applied11,applied12,applied13,applied14,applied15,applied16,applied17,applied18,applied19,applied20,applied21,applied22,applied23,applied24,applied25,applied26,applied27,applied28
0,3214793.23,1,0,0,2.03503296e-05,0,0,0,0,-0.699398339,0.00327901635,-0.00585403945,-0.71470058,-0.00104215404,6.6646171e-05,-0.00123704236,2.24207754e-44,-2.24207754e-44,-2.24207754e-44,-0.262567669,0.0279249996,-0.016252121,0.457153231,-0.209962547,-0.0297165141,-0.302325159,-0.0402360819,0.0693370327,0.438858062,-0.156817079,0.0286799669,-0.00107540004,-0.00469400547,-0.00467787823,0.36227563,0.239900574,0.0669674501,0.921676755,0.145913541,0.0601306222,-0.0966877043,0.331761062,-0.293481559,-0.0176792592,0.992159188,-0.145147294,0.043335665,-0.010729095,-0.000501519709,0.000795436441,-0.00540506002,0.00255263201,-0.00223166449,-0.00181329809,-0.000675206073,-0.00286619947,0.00523575488,-0.00270175724,0.00250905706,-0.000907224487,0.00168848492,0.000294936821,-8.47540141e-05,-0.00218126038,-0.000391132431,0.000934673299,0.00175757729,-0.00126189517,-0.00207546959,-0.00250054128,0.00249620085,0.0026811175,-0.0048380848,-0.00037252449,0.00196213718,-0.000765778066,-0.00103200821,-0.280124038,0.0698566139,-0.036756821,0.358231097,-0.307550639,0.0237738788,-0.29702127,-0.0960752293,0.0919632763,0.382564604,-0.176954389,-0.0835557505,-0.000246655196,0.159294695,0.0158414394,0.375207871,0.356065869,0.107628077,0.867253065,0.145810738,0.0335783698,-0.0743941441,0.359219581,-0.337781131,-0.0298354998,0.98483479,-0.144764468,0.0417025164,-0.0125207901,-0.280124038,0.0698566139,-0.036756821,0.358231097,-0.307550639,0.0237738788,-0.29702127,-0.0960752293,0.0919632763,0.382564604,-0.176954389,-0.0835557505,-0.000246655196,0.159294695,0.0158414394,0.375207871,0.356065869,0.107628077,0.867253065,0.145810738,0.0335783698,-0.0743941441,0.359219581,-0.337781131,-0.0298354998,0.98483479,-0.144764468,0.0417025164,-0.0125207901,-0.280124038,0.0698566139,-0.036756821,0.358231097,-0.307550639,0.0237738788,-0.29702127,-0.0960752293,0.0919632763,0.382564604,-0.176954389,-0.0835557505,-0.000246655196,0.159294695,0.0158414394,0.375207871,0.356065869,0.107628077,0.867253065,0.145810738,0.0335783698,-0.0743941441,0.359219581,-0.337781131,-0.0298354998,0.98483479,-0.144764468,0.0417025164,-0.0125207901
0.0108777238,3214793.24,0,0,0.0103280791,5.67501411e-06,0,0.164138153,2.02953815e-05,1,-0.699403644,0.00328375446,-0.00584978703,-0.714695454,-0.00105290022,6.69655929e-05,-0.00124869542,2.24207754e-44,-2.24207754e-44,-2.24207754e-44,-0.262573332,0.0279345531,-0.016316453,0.45718357,-0.209989429,-0.0297382027,-0.302333266,-0.0402707532,0.0693995431,0.438826054,-0.156787083,0.0286681876,-0.0010555645,-0.00469057448,-0.00467901491,0.362249494,0.239895999,0.066978626,0.921697617,0.145898491,0.0601059534,-0.0967172161,0.331790864,-0.293449551,-0.0177368801,0.992154717,-0.145124048,0.043326892,-0.0107414061,-0.000450071908,0.00079491199,-0.0053202305,0.00251154485,-0.00224595796,-0.00179704488,-0.000677320524,-0.00291462662,0.00518463552,-0.0026424441,0.00249222433,-0.00102442096,0.00162505847,0.000278892287,-0.000100800375,-0.00217506662,-0.000375408301,0.000928114459,0.00173106347,-0.00124457001,-0.0020379161,-0.00242856075,0.00247509126,0.00265791058,-0.00477053877,-0.000374668976,0.0019104532,-0.000711749308,-0.0010152139,-0.280114919,0.0698636621,-0.0367610753,0.358237237,-0.307535797,0.0237844232,-0.297029436,-0.0960762948,0.0919609889,0.38256231,-0.176983789,-0.0835475922,-0.000243428498,0.159297228,0.0158412363,0.37519908,0.356062919,0.107620366,0.867254555,0.145810112,0.0335731059,-0.0743794665,0.359223574,-0.337779284,-0.0298348907,0.984832823,-0.144765183,0.0416897759,-0.0125098862,-0.244951725,0.0970719084,-0.0531927906,0.381930232,-0.250276655,0.0644970238,-0.328547567,-0.100176021,0.0831430554,0.373735666,-0.290487587,-0.0520395264,0.0122143747,0.169080183,0.0150546841,0.341229469,0.344700038,0.0778375491,0.873019159,0.143415257,0.0132443942,-0.0177153554,0.374617398,-0.330618739,-0.0274858344,0.977169573,-0.147508994,-0.00749793462,0.0295880064,-0.28011167,0.0698661804,-0.0367625989,0.358239442,-0.307530493,0.0237881932,-0.297032356,-0.0960766673,0.0919601768,0.382561505,-0.176994294,-0.0835446715,-0.000242274895,0.159298137,0.0158411637,0.37519592,0.356061876,0.107617602,0.867255092,0.145809889,0.0335712209,-0.0743742213,0.359225005,-0.337778628,-0.0298346747,0.984832108,-0.144765437,0.0416852199,-0.0125059877
0.0208810009,3214793.25,0,0,0.000249490142,5.50784171e-06,0,0.184983946,4.22596931e-05,1,-0.699408114,0.00328770792,-0.00584625034,-0.714691043,-0.0010481322,6.78941724e-05,-0.00126700429,2.24207754e-44,-2.24207754e-44,-2.24207754e-44,-0.262577593,0.0279424619,-0.016369082,0.457208544,-0.210011974,-0.0297558922,-0.30234006,-0.0403002985,0.069451049,0.438799918,-0.156762362,0.028657645,-0.00103960093,-0.00468786294,-0.00468006637,0.362227768,0.239892274,0.0669878125,0.921714842,0.145886183,0.0600857623,-0.0967409685,0.331815511,-0.293423086,-0.0177841801,0.992150962,-0.145105332,0.0433197096,-0.0107511589,-0.000413965114,0.000787611876,-0.00522379763,0.00249319174,-0.00226034457,-0.00174000661,-0.000678639917,-0.00298317289,0.00512510212,-0.00259458343,0.00244739209,-0.00106398982,0.00158179435,0.000266306713,-0.000106615633,-0.00217110221,-0.000371961505,0.000907994516,0.00171327952,-0.00122127298,-0.00201103953,-0.00232523913,0.00246157101,0.00263607851,-0.00470221555,-0.000374778174,0.00184208993,-0.000742711185,-0.000929568312,-0.280042976,0.0699193329,-0.0367946997,0.358285725,-0.307418644,0.0238677319,-0.297093928,-0.0960846767,0.0919429511,0.382544249,-0.177216038,-0.0834831148,-0.000217936933,0.15931724,0.015839627,0.375129551,0.356039673,0.10755942,0.867266357,0.145805225,0.0335315056,-0.0742635205,0.359255075,-0.337764621,-0.0298300851,0.984817147,-0.144770786,0.041589126,-0.0124237444,-0.244939446,0.0970616266,-0.0532739274,0.381939709,-0.250178248,0.0645600408,-0.328597784,-0.10002394,0.083160013,0.373735189,-0.290613353,-0.0520359203,0.0122251771,0.16917035,0.0150280483,0.341167599,0.344728649,0.0778383911,0.87301302,0.14340353,0.0132142883,-0.0176536981,0.374642998,-0.330595136,-0.0274996422,0.977176785,-0.147498056,-0.00753737148,0.0296021421,-0.280029953,0.0699293539,-0.0368009843,0.358294487,-0.307397246,0.0238829367,-0.2971057,-0.0960857868,0.0919397399,0.382541001,-0.177258298,-0.0834714696,-0.000213307008,0.1593211,0.0158392638,0.375116855,0.35603556,0.107548423,0.867268443,0.145804301,0.0335239172,-0.0742424279,0.359260827,-0.337761909,-0.0298292544,0.984814286,-0.144771785,0.0415708534,-0.0124081587
0.0308939787,3214793.26,0,0,0.0102624679,4.97279689e-06,0,0.184983946,0.000108882785,1,-0.699412644,0.00329161901,-0.00584271131,-0.714686632,-0.00104284741,5.48489043e-05,-0.00128562225,2.24207754e-44,-2.24207754e-44,-2.24207754e-44,-0.262581587,0.0279502831,-0.0164207611,0.457233638,-0.210034639,-0.029772317,-0.302346796,-0.0403306335,0.0695017502,0.438774407,-0.156738862,0.0286473688,-0.00102373096,-0.00468525989,-0.00468109362,0.362205952,0.239888489,0.0669964924,0.921731949,0.145874083,0.0600655191,-0.0967626497,0.331840217,-0.293396831,-0.017830763,0.992147148,-0.145087421,0.0433107913,-0.010758712,-0.000387934851,0.000778332178,-0.0051330952,0.0025319797,-0.00227074348,-0.00155786937,-0.000667975924,-0.00306967064,0.00502677774,-0.00251114019,0.00226282701,-0.00098408421,0.00160136726,0.000256636093,-9.82644924e-05,-0.00219182228,-0.00038507898,0.000832636142,0.00171798421,-0.00120329706,-0.00204342837,-0.00203011045,0.00247796369,0.00262300088,-0.00462818239,-0.000383845472,0.00175393233,-0.0010346116,-0.000598196813,-0.279842973,0.070073925,-0.0368887596,0.358420491,-0.307092369,0.0240996741,-0.297273487,-0.0961067677,0.0918929577,0.382494062,-0.177862287,-0.0833039731,-0.000147031504,0.159373581,0.0158349425,0.374935955,0.3559753,0.107390121,0.86729908,0.145791516,0.033415705,-0.0739409104,0.359342784,-0.337723732,-0.0298168417,0.984773636,-0.144786298,0.0413091928,-0.0121843163,-0.244939446,0.0970616266,-0.0532739274,0.381939709,-0.250178248,0.0645600408,-0.328597784,-0.10002394,0.083160013,0.373735189,-0.290613353,-0.0520359203,0.0122251771,0.16917035,0.0150280483,0.341167599,0.344728649,0.0778383911,0.87301302,0.14340353,0.0132142883,-0.0176536981,0.374642998,-0.330595136,-0.0274996422,0.977176785,-0.147498056,-0.00753737148,0.0296021421,-0.279822528,0.0700897351,-0.0368983597,0.35843426,-0.30705902,0.02412338,-0.297291845,-0.0961090699,0.0918878391,0.382488936,-0.177928343,-0.0832856521,-0.000139782409,0.159379318,0.0158344693,0.374916166,0.355968714,0.107372805,0.867302418,0.145790115,0.033403866,-0.0739079267,0.359351754,-0.33771956,-0.0298154838,0.984769166,-0.144787893,0.0412805751,-0.0121598328
0.0418763277,3214793.27,0,0,0.00120565062,4.44566831e-06,0,0.225106254,0.000167101622,1,-0.699417233,0.00329541904,-0.00583907962,-0.714682102,-0.00104328222,1.26971718e-05,-0.00129027478,2.24207754e-44,-2.24207754e-44,-2.24207754e-44,-0.262585372,0.0279580094,-0.0164716896,0.457259715,-0.210057423,-0.0297858026,-0.302353263,-0.0403619669,0.0695510581,0.438750178,-0.156718493,0.0286389831,-0.00100703177,-0.0046827388,-0.00468193786,0.36218369,0.239884436,0.0670038909,0.921749353,0.145862103,0.0600443408,-0.0967794582,0.33186534,-0.293370575,-0.0178765599,0.992143154,-0.145070553,0.043296434,-0.0107605774,-0.000375396921,0.000768901082,-0.00507167727,0.00267388206,-0.0022838118,-0.0011752951,-0.000631198112,-0.00317948987,0.00485302554,-0.0023554049,0.00184712582,-0.000708035543,0.00173566968,0.000249374454,-7.2714327e-05,-0.0022592186,-0.000423630467,0.000661997532,0.00175975636,-0.00119851215,-0.00218653935,-0.00138735282,0.00254547293,0.0026279462,-0.00454566861,-0.00041319654,0.00163667183,-0.00178217108,0.000162099648,-0.279441833,0.0703819841,-0.0370754935,0.35868904,-0.306433409,0.0245647933,-0.297633171,-0.0961464792,0.0917962939,0.382390052,-0.179157361,-0.0829486027,-6.9278758e-06,0.159487545,0.0158222299,0.374547303,0.355848908,0.107054844,0.867363095,0.145764321,0.0331856385,-0.0732971132,0.359515727,-0.337643772,-0.0297905728,0.984686613,-0.144818142,0.0407515317,-0.0117078526,-0.244614124,0.0972034112,-0.0533445589,0.382068694,-0.249396607,0.0649430528,-0.328872919,-0.0997838229,0.0832712352,0.373478174,-0.291624457,-0.0519522019,0.0122317718,0.169332743,0.0148415342,0.340823203,0.344772071,0.0777896345,0.872980595,0.143394768,0.013135666,-0.0172906946,0.374634147,-0.330631196,-0.0274969265,0.977121174,-0.147558361,-0.00779873691,0.0297947191,-0.279393584,0.0704191476,-0.0370980352,0.358721435,-0.306354403,0.0246207435,-0.297676474,-0.0961515158,0.0917844772,0.382377684,-0.179313198,-0.0829056576,1.00304023e-05,0.15950118,0.0158208702,0.374500573,0.35583356,0.107014291,0.867370903,0.145761043,0.0331578553,-0.0732195079,0.359536678,-0.337634057,-0.0297873951,0.984676123,-0.144821942,0.0406842567,-0.0116503453
0.0518794539,3214793.28,0,0,0.0112087769,4.90015373e-06,0,0.225106254,0.000225365162,1,-0.699419081,0.00329688261,-0.00583756249,-0.714680314,-0.00104672264,-1.81987998e-05,-0.00128370884,2.24207754e-44,-2.24207754e-44,-2.24207754e-44,-0.262586862,0.0279610734,-0.0164919458,0.457270712,-0.210066587,-0.0297897849,-0.302355707,-0.0403748453,0.069570154,0.438741028,-0.156711906,0.0286367387,-0.000999775017,-0.00468174787,-0.00468217768,0.362174511,0.239882663,0.067006208,0.921756506,0.145857289,0.0600352734,-0.0967837721,0.331875682,-0.293360054,-0.0178946313,0.992141485,-0.14506419,0.0432878025,-0.0107584456,-0.000375883013,0.000765313336,-0.00506258709,0.00277842884,-0.00229209824,-0.000932318508,-0.000603783061,-0.00323381531,0.00474727247,-0.00225844444,0.00157686241,-0.000508511846,0.00184263196,0.00024707496,-5.55629085e-05,-0.00230824784,-0.000450640859,0.000549493241,0.00179335009,-0.00120303896,-0.00229565986,-0.000968370587,0.00259600417,0.00263819494,-0.0045088646,-0.00043479458,0.00157639454,-0.00229183165,0.000664571009,-0.278864086,0.0708269328,-0.037345387,0.359076917,-0.305487216,0.0252346434,-0.298151433,-0.0962068141,0.0916548669,0.382242203,-0.181023106,-0.0824343935,0.000196104025,0.159650862,0.0158059616,0.373987824,0.355665147,0.10656935,0.867456317,0.145725012,0.0328530222,-0.0723680034,0.359766513,-0.337527424,-0.0297525227,0.984561086,-0.144863605,0.0399461128,-0.0110193519,-0.244614124,0.0972034112,-0.0533445589,0.382068694,-0.249396607,0.0649430528,-0.328872919,-0.0997838229,0.0832712352,0.373478174,-0.291624457,-0.0519522019,0.0122317718,0.169332743,0.0148415342,0.340823203,0.344772071,0.0777896345,0.872980595,0.143394768,0.013135666,-0.0172906946,0.374634147,-0.330631196,-0.0274969265,0.977121174,-0.147558361,-0.00779873691,0.0297947191,-0.278794289,0.0708806813,-0.0373779871,0.359123737,-0.305372924,0.0253155529,-0.298214018,-0.0962141082,0.0916377828,0.382224351,-0.181248471,-0.0823722854,0.000220628281,0.159670591,0.0158039965,0.373920262,0.355642945,0.106510706,0.867467523,0.145720273,0.032812845,-0.0722557753,0.359796822,-0.337513387,-0.0297479257,0.984545946,-0.144869089,0.0398488268,-0.0109361885
0.0658558137,3214793.3,0,0,0.0052407789,5.37373126e-06,0,0.170708168,0.00128297508,1,-0.699427724,0.00330336369,-0.00582897849,-0.71467191,-0.00108069333,-0.000294876401,-0.00108182512,2.24207754e-44,-2.24207754e-44,-2.24207754e-44,-0.2625947,0.0279761069,-0.0165939722,0.457334459,-0.210113749,-0.0297922343,-0.302365452,-0.0404429398,0.0696576238,0.438702762,-0.156698614,0.0286413301,-0.000954208081,-0.00467691664,-0.00468215812,0.362123489,0.23987177,0.0670092329,0.921795309,0.145832688,0.0599812642,-0.0967725813,0.331931293,-0.293306202,-0.0179826729,0.992130995,-0.145036519,0.0432034843,-0.010708753,-0.00042965461,0.000734304602,-0.00520705106,0.00367916655,-0.00240809424,0.000836156774,-0.00034674941,-0.00359481922,0.00391046889,-0.00150318444,-0.000427550898,0.00112769147,0.00284347753,0.000241274422,0.00011261028,-0.00302281883,-0.000659046986,-0.00032964116,0.00219117524,-0.00126785331,-0.0031412486,0.00236636004,0.00302255107,0.00276270905,-0.0042959624,-0.0006194046,0.00117454585,-0.00687673269,0.00465099188,-0.277925164,0.0715378076,-0.0377653241,0.359694183,-0.303908855,0.0263218433,-0.298991352,-0.0962757468,0.0914533287,0.381971836,-0.18404606,-0.0816309452,0.000509843812,0.159920797,0.0157547686,0.373079568,0.355385631,0.105813034,0.867597282,0.145664036,0.0323329642,-0.0708843172,0.360148698,-0.337359071,-0.029692417,0.984357119,-0.144942835,0.0386671983,-0.00993004162,-0.243778408,0.0976454765,-0.0534266345,0.382414728,-0.247354567,0.0658898577,-0.329585046,-0.0993896872,0.0835341811,0.372766793,-0.294174492,-0.0517401174,0.0122577175,0.169643715,0.0144088492,0.340028644,0.344822049,0.0776267424,0.872942567,0.143385857,0.0129927266,-0.0163792875,0.374577165,-0.330804586,-0.0274704564,0.976939023,-0.147712633,-0.00846906658,0.0303023737,-0.277527362,0.0718419552,-0.0379477739,0.359958857,-0.303250015,0.0267828032,-0.299347758,-0.0963120237,0.0913610682,0.381864607,-0.185329035,-0.08128272,0.000646704168,0.16003406,0.0157390889,0.372694522,0.355262578,0.105484672,0.867659569,0.145637497,0.032107655,-0.0702493414,0.360316783,-0.337282687,-0.0296665318,0.984270692,-0.144975096,0.0381180681,-0.00946134236
0.0758792749,3214793.31,0,0,0.0152642401,5.58886677e-06,0,0.170708168,0.000402405858,1,-0.699432015,0.00330607267,-0.00582240568,-0.714667797,-0.00110713579,-0.000564493123,-0.0010750026,2.24207754e-44,-2.24207754e-44,-2.24207754e-44,-0.262600511,0.0279850829,-0.0166577157,0.457384557,-0.210143492,-0.0297718085,-0.302368253,-0.0404875427,0.0697000101,0.438689232,-0.156715274,0.0286650695,-0.000903367531,-0.00467434432,-0.00467846124,0.3620722,0.239861131,0.0669985116,0.921826422,0.145817235,0.059939906,-0.0967103317,0.331983536,-0.293272406,-0.018033402,0.992123663,-0.145024896,0.042974636,-0.010604498,-0.000537028245,0.00080938777,-0.005350261,0.00466596708,-0.00259282044,0.00249517942,-0.000169435312,-0.00375567377,0.00327331829,-0.000797407061,-0.00225105509,0.00276887813,0.00673151482,0.000146421502,0.000510379148,-0.00606921641,-0.00129388389,-0.00157989841,0.00303960405,-0.00128449919,-0.00368473004,0.00940279663,0.00712088495,0.00284427032,-0.00421149377,-0.000619644416,0.000796346634,-0.0359030701,0.0163717195,-0.276486605,0.0726376995,-0.0384251215,0.360651374,-0.301526278,0.0279888064,-0.300280213,-0.0964069366,0.0911196992,0.381584048,-0.18868567,-0.0803716704,0.00100477063,0.160330415,0.0156980678,0.371687174,0.354940593,0.104625575,0.867822468,0.145568058,0.0315181762,-0.0685880706,0.360756546,-0.337082922,-0.0295988079,0.984044611,-0.145059511,0.0366813913,-0.00823508762,-0.243778408,0.0976454765,-0.0534266345,0.382414728,-0.247354567,0.0658898577,-0.329585046,-0.0993896872,0.0835341811,0.372766793,-0.294174492,-0.0517401174,0.0122577175,0.169643715,0.0144088492,0.340028644,0.344822049,0.0776267424,0.872942567,0.143385857,0.0129927266,-0.0163792875,0.374577165,-0.330804586,-0.0274704564,0.976939023,-0.147712633,-0.00846906658,0.0303023737,-0.276362151,0.0727328435,-0.0384821966,0.360734165,-0.301320165,0.0281330049,-0.300391704,-0.0964182839,0.0910908431,0.381550491,-0.189087018,-0.0802627429,0.00104758388,0.16036585,0.0156931616,0.371566713,0.354902089,0.104522854,0.867841959,0.145559758,0.0314476937,-0.0683894381,0.360809147,-0.337059051,-0.029590711,0.984017551,-0.145069614,0.0365096107,-0.00808846764
0.086876398,3214793.32,0,0,0.00621412229,4.65614721e-06,0,0.188847072,0.00098644197,1,-0.699436307,0.0033075565,-0.00581536908,-0.714663625,-0.00130660669,-0.000942890649,-0.00132446352,2.24207754e-44,-2.24207754e-44,-2.24207754e-44,-0.262607783,0.0279950723,-0.0167128667,0.457442284,-0.210173711,-0.0297365058,-0.302368671,-0.0405241773,0.0697289929,0.438686281,-0.156749263,0.0287041739,-0.000783644617,-0.00467451615,-0.00467027398,0.361976564,0.239838079,0.0669701695,0.921863496,0.145804256,0.059899725,-0.0965151191,0.332113266,-0.293243766,-0.0180755034,0.992116034,-0.145019248,0.0423399024,-0.0102364328,-0.000906521047,0.00116434298,-0.00565432664,0.00671033142,-0.00337878242,0.00435304223,7.56425725e-05,-0.00354901282,0.00264268508,7.03853366e-05,-0.00429371139,0.00477655558,0.0162213091,-0.000132004832,0.00105183863,-0.0123373754,-0.00338291051,-0.00411086483,0.0042097345,-0.00132203265,-0.0042618271,0.0289651603,0.0177054796,0.00286466186,-0.0042135315,-0.000897289661,0.000379670731,-0.0843187571,0.0541423857,-0.274777353,0.0739129558,-0.0391399115,0.361741543,-0.298496366,0.029976394,-0.301809996,-0.0964601189,0.0908276886,0.380997032,-0.194194853,-0.0789906904,0.00153796514,0.160829857,0.0155329956,0.370032609,0.354480833,0.103330128,0.868060052,0.14546299,0.0306319762,-0.0659457967,0.361381143,-0.336850435,-0.0294919219,0.983668804,-0.145218298,0.0344185941,-0.00631853193,-0.24239561,0.0984798148,-0.0535728782,0.383002281,-0.243660048,0.0675413311,-0.330812544,-0.098791182,0.0839500874,0.371503174,-0.298610091,-0.0513428487,0.0123463469,0.170127407,0.0136649385,0.338689119,0.344881237,0.0773000047,0.872947335,0.143356919,0.0127874296,-0.0147791971,0.37447235,-0.331213683,-0.0274110809,0.976607084,-0.147966906,-0.00969578419,0.0312448479,-0.274620742,0.0740317777,-0.0392097197,0.361844391,-0.298231155,0.0301580802,-0.301950276,-0.0964713991,0.0907944217,0.380951107,-0.194699869,-0.0788569674,0.00159024098,0.160874829,0.0155239608,0.369881004,0.354434401,0.103204228,0.868083656,0.145452812,0.0305456705,-0.0656983256,0.361444443,-0.336823165,-0.029481858,0.983634651,-0.14523159,0.0342052318,-0.00613685278
0.0968790078,3214793.33,0,0,0.0162167321,6.23473898e-06,0,0.188847072,0.000829786062,1,-0.69944036,0.00330830598,-0.00580780767,-0.71465975,-0.00158604037,-0.0013583292,-0.00142684486,2.24207754e-44,-2.24207754e-44,-2.24207754e-44,-0.26261723,0.0280060358,-0.0167599246,0.457507044,-0.210205227,-0.0296931006,-0.302366346,-0.0405514538,0.0697472692,0.438690662,-0.156792998,0.0287516173,-0.000603309891,-0.00467616133,-0.00465961872,0.361846238,0.239798456,0.0668815076,0.921902418,0.145791933,0.059863396,-0.0961245373,0.332309633,-0.293220669,-0.0181089584,0.992106915,-0.14501828,0.0414553434,-0.00961467903,-0.00136144774,0.00149740302,-0.00603488926,0.00900902413,-0.00432833657,0.00607259432,0.00043424411,-0.00333717815,0.00203296822,0.000869047944,-0.00619566301,0.00666664261,0.0266428925,-0.000227748184,0.00150443101,-0.0188053306,-0.0057641333,-0.0172551684,0.0052696662,-0.00172691816,-0.00471299607,0.0629314631,0.0289141964,0.00290979538,-0.00415319158,-0.00130393484,-3.60179911e-05,-0.126141295,0.0919535458,-0.273114383,0.075174585,-0.0398811139,0.362833381,-0.295680255,0.0319055319,-0.303299427,-0.0965798348,0.0904744864,0.380509466,-0.199557066,-0.0775708407,0.00209302688,0.161307335,0.0154370628,0.368422985,0.353987843,0.10199336,0.868310988,0.145354837,0.0297155753,-0.0633181483,0.362053424,-0.336560965,-0.0293850619,0.98330617,-0.145359457,0.032153111,-0.00438947417,-0.24239561,0.0984798148,-0.0535728782,0.383002281,-0.243660048,0.0675413311,-0.330812544,-0.098791182,0.0839500874,0.371503174,-0.298610091,-0.0513428487,0.0123463469,0.170127407,0.0136649385,0.338689119,0.344881237,0.0773000047,0.872947335,0.143356919,0.0127874296,-0.0147791971,0.37447235,-0.331213683,-0.0274110809,0.976607084,-0.147966906,-0.00969578419,0.0312448479,-0.272936553,0.0753094926,-0.0399603732,0.362950146,-0.295379132,0.0321118236,-0.303458691,-0.0965926349,0.0904367194,0.380457342,-0.200130478,-0.0774190128,0.0021523824,0.161358386,0.0154268034,0.368250847,0.353935122,0.101850413,0.86833787,0.145343274,0.0296175797,-0.0630371645,0.362125307,-0.33653,-0.0293736346,0.983267367,-0.145374551,0.0319108516,-0.00418319087
0.107884194,3214793.34,0,0,0.00726031186,7.73090869e-06,0,0.180014875,0.00196258724,1,-0.699446321,0.00330845849,-0.00579181639,-0.714654028,-0.00216785446,-0.0022150767,-0.00124100561,2.24207754e-44,-2.24207754e-44,-2.24207754e-44,-0.262639076,0.0280284248,-0.0168369506,0.45764482,-0.210270599,-0.0296019632,-0.302355766,-0.0405895151,0.0697628781,0.438711494,-0.15688926,0.0288543049,-0.000150344087,-0.00467786752,-0.00463720318,0.361518443,0.239713281,0.0664049536,0.922048151,0.145765036,0.0597448647,-0.0948535427,0.332794935,-0.29318434,-0.0181574803,0.992086053,-0.145023435,0.0395044424,-0.0081037255,-0.00215061544,0.00213918299,-0.00674533518,0.013240708,-0.00619454728,0.00875568762,0.00126949383,-0.00304005505,0.000754305453,0.00232785009,-0.00941759534,0.00992262084,0.0455292873,-4.41114826e-05,0.0020775157,-0.0342652425,-0.00808013882,-0.0569856688,0.0201739948,-0.00256845984,-0.0164185334,0.139099941,0.0484552979,0.00313248136,-0.00392641174,-0.00206590141,-0.000757503614,-0.186783969,0.148630187,-0.270597756,0.0770534426,-0.0408698916,0.364374608,-0.290815443,0.0348827764,-0.305549145,-0.0965242907,0.0901666731,0.379466891,-0.207764223,-0.0756606534,0.0028237165,0.162053376,0.0150493039,0.365964681,0.353397131,0.100200862,0.868659437,0.145199031,0.028531881,-0.0594890602,0.36284709,-0.336377919,-0.0292361509,0.982740045,-0.145627439,0.0288676694,-0.00162575673,-0.240486681,0.099801451,-0.0538706258,0.383793205,-0.237918213,0.0699961707,-0.332504302,-0.0979436934,0.084487915,0.369675577,-0.305149078,-0.0507055558,0.012528657,0.170773119,0.0125454925,0.336748511,0.344961703,0.076724641,0.873104692,0.143265545,0.0125807598,-0.0123765375,0.374313027,-0.331942618,-0.0273417048,0.976118863,-0.148355156,-0.011701175,0.0328116566,-0.270388484,0.0772115439,-0.0409602448,0.364509553,-0.290447801,0.0351268128,-0.305736482,-0.0965341553,0.0901272073,0.379398853,-0.208441049,-0.0754872188,0.00289116614,0.162113979,0.0150319021,0.365761638,0.35333851,0.100037701,0.868690312,0.145185605,0.0284210201,-0.0591616258,0.362926781,-0.336347103,-0.0292229839,0.98269403,-0.145646393,0.0285857134,-0.00138641521
0.11889349,3214793.35,0,0,0.0182696078,4.41679731e-06,0,0.180014875,0.000738680363,1,-0.699449718,0.00330734765,-0.00576917129,-0.714650869,-0.00285182102,-0.00322199636,-0.000340983504,2.24207754e-44,-2.24207754e-44,-2.24207754e-44,-0.262670636,0.0280590821,-0.0169252884,0.457833588,-0.210357159,-0.0294770561,-0.30233258,-0.0406233557,0.0697616488,0.438749194,-0.157026857,0.0289969519,0.000511977589,-0.00467651151,-0.00460959971,0.360979408,0.239594623,0.0654361993,0.922476768,0.1457306,0.0593916737,-0.0926034898,0.333494306,-0.293144733,-0.0182019509,0.992055476,-0.145039007,0.036914669,-0.00599143328,-0.00300104544,0.00283621508,-0.00789593253,0.0176607165,-0.00806263741,0.0115296217,0.00243339175,-0.00271067442,-0.000845340954,0.00383090461,-0.0129539734,0.0134109063,0.0617181063,0.000222729461,0.00248014578,-0.0525672399,-0.0112829776,-0.0969805792,0.0471933261,-0.00303411693,-0.0391482413,0.221515954,0.0649080947,0.00344043248,-0.00354087329,-0.00290350011,-0.00167216046,-0.234916225,0.1940566,-0.268221557,0.0788485855,-0.0418958329,0.365907013,-0.286641091,0.0376537219,-0.307676286,-0.0966363028,0.089718543,0.378694236,-0.215449274,-0.0736913383,0.00358957471,0.162741482,0.0148517173,0.363659114,0.352731466,0.0983482525,0.86901021,0.145046458,0.027273111,-0.0557712093,0.363751918,-0.33602792,-0.0290866513,0.98221755,-0.145842701,0.0256662089,0.00109184626,-0.240486681,0.099801451,-0.0538706258,0.383793205,-0.237918213,0.0699961707,-0.332504302,-0.0979436934,0.084487915,0.369675577,-0.305149078,-0.0507055558,0.012528657,0.170773119,0.0125454925,0.336748511,0.344961703,0.076724641,0.873104692,0.143265545,0.0125807598,-0.0123765375,0.374313027,-0.331942618,-0.0273417048,0.976118863,-0.148355156,-0.011701175,0.0328116566,-0.267993152,0.0790211335,-0.041994445,0.366054296,-0.286239862,0.0379200578,-0.307880729,-0.0966470689,0.0896754637,0.378619969,-0.216187954,-0.0735020563,0.00366318738,0.162807629,0.0148327257,0.363437504,0.352667481,0.0981701836,0.869043946,0.145031795,0.0271521211,-0.0554138571,0.363838881,-0.335994273,-0.0290722828,0.982167304,-0.145863384,0.0253584925,0.0013530571
0.129890184,3214793.36,0,0,0.00926828524,1.04908831e-05,0,0.17734617,0.00343517959,1,-0.699448347,0.0033046708,-0.00574419275,-0.714652419,-0.00348093896,-0.00433802232,0.000731476408,2.24207754e-44,-2.24207754e-44,-2.24207754e-44,-0.262705833,0.0280905981,-0.0170121528,0.458036691,-0.210449353,-0.0293482412,-0.302302539,-0.0406492203,0.0697433352,0.438800573,-0.157177985,0.0291494261,0.0011978359,-0.00467316573,-0.00458237529,0.360363752,0.239462256,0.0642941967,0.923080146,0.14569889,0.058893621,-0.0900041237,0.334213585,-0.293108851,-0.018235324,0.992022157,-0.145060793,0.0343570001,-0.0038556403,-0.00382438255,0.00349376467,-0.0091023203,0.0221098568,-0.00985413138,0.0141456258,0.00348237832,-0.00232022977,-0.00230248505,0.00591108715,-0.0170046967,0.0164761264,0.0739838257,0.000449955842,0.00286147813,-0.0687338188,-0.0145142954,-0.127705336,0.0705181658,-0.00336252502,-0.0569976643,0.288481325,0.0774646997,0.00360707077,-0.003235396,-0.00360743678,-0.00264757546,-0.274761766,0.23099117,-0.264777839,0.0813993663,-0.0431732088,0.367949218,-0.279238135,0.0418156087,-0.310707778,-0.0963353589,0.0894761309,0.377007574,-0.226790428,-0.0712984651,0.00454171095,0.1638069,0.0140564609,0.360283256,0.352042884,0.0960417911,0.869545698,0.144806147,0.0258877221,-0.0505292267,0.364647418,-0.336057425,-0.0288892612,0.981420279,-0.146279186,0.0212140083,0.00481253304,-0.238021255,0.101524517,-0.054360386,0.38489309,-0.229874402,0.0732719451,-0.334570646,-0.0967888981,0.0851397067,0.367318749,-0.313681185,-0.049927488,0.0128903827,0.171674058,0.0109442919,0.334261715,0.345028639,0.075840719,0.873543024,0.14305459,0.0124788303,-0.00891997013,0.374110997,-0.333052099,-0.0272394642,0.975466907,-0.148920149,-0.0145083666,0.0350337401,-0.264525175,0.0815894082,-0.0432788506,0.368109226,-0.278771996,0.0421126597,-0.310933113,-0.096339643,0.0894351751,0.376916081,-0.227610976,-0.0710966513,0.0046205502,0.163881183,0.0140270712,0.360037535,0.351976633,0.095851019,0.869583488,0.144789606,0.0257610977,-0.0501362979,0.364736766,-0.336029053,-0.028873682,0.981364012,-0.146304131,0.0208766703,0.00509792008
0.140888897,3214793.37,0,0,0.00018078275,9.77003947e-06,0,0.250079669,0.00536480546,1,-0.699440181,0.00329786353,-0.00570505532,-0.714660764,-0.00405620551,-0.0062256963,0.00321243284,2.24207754e-44,-2.24207754e-44,-2.24207754e-44,-0.262760937,0.0281366464,-0.0171354711,0.458349615,-0.210587218,-0.0291561689,-0.302252144,-0.0406751595,0.0697012842,0.438901514,-0.157429636,0.0293834377,0.00217662845,-0.00466659479,-0.00454425719,0.359399348,0.239255771,0.0625311658,0.92410773,0.145656586,0.0580937751,-0.0860039145,0.335240722,-0.293064415,-0.0182712395,0.991972089,-0.14510192,0.0307113994,-0.000773365959,-0.00524570048,0.00380755402,-0.0114325434,0.0292708036,-0.0129256891,0.0170770753,0.00479453942,-0.00241807452,-0.00460450584,0.0104761468,-0.0237256028,0.0233568735,0.0855938643,0.000551191682,0.00343673234,-0.0875903517,-0.0193421934,-0.157319024,0.094311446,-0.00354783167,-0.0720361546,0.361021161,0.0902048424,0.00382228498,-0.00278563378,-0.00460703066,-0.00392872049,-0.319713354,0.270733327,-0.261956215,0.0835216641,-0.0443529524,0.369736046,-0.274032474,0.0451328382,-0.313224226,-0.0963831842,0.0890188292,0.375985861,-0.23595351,-0.0690447837,0.00542212138,0.164636523,0.0137282666,0.357539147,0.35130319,0.0939114839,0.869967222,0.144621432,0.0244736858,-0.046141319,0.365645379,-0.335740507,-0.0287152827,0.980792463,-0.146557689,0.0174469016,0.0079995133,-0.23511073,0.103636675,-0.0550476164,0.386399716,-0.219357997,0.0773692951,-0.336899519,-0.0953150094,0.0858715922,0.364627481,-0.323998272,-0.0491770245,0.0135118812,0.172877356,0.00885099545,0.331292063,0.345182598,0.0746559054,0.874352038,0.142693892,0.0124124847,-0.00421281159,0.373900414,-0.334741056,-0.0271047261,0.97461611,-0.149661601,-0.0180036575,0.0378846303,-0.260420859,0.0846427977,-0.044763051,0.370561033,-0.268947035,0.0472336188,-0.314476758,-0.0957424641,0.0892968327,0.374713182,-0.241318315,-0.0685075223,0.00577572035,0.165240079,0.0127815884,0.355985075,0.351302058,0.0931955278,0.870360434,0.144446433,0.0243136548,-0.043674428,0.365645677,-0.336450428,-0.0286401883,0.980361879,-0.14690803,0.0155679788,0.00954262912
0.151885623,3214793.38,0,0,0.0111775086,8.51787627e-06,0,0.250079669,0.000922590494,1,-0.699434042,0.00329372939,-0.00568969036,-0.714666903,-0.00407060049,-0.00705594523,0.00475137401,2.24207754e-44,-2.24207754e-44,-2.24207754e-44,-0.262783796,0.0281507149,-0.0171853211,0.45847553,-0.210643008,-0.0290855356,-0.302230865,-0.0406867899,0.0696794763,0.438948691,-0.157531247,0.0294935144,0.00252574007,-0.00466448674,-0.00452977652,0.359033495,0.239173263,0.061883539,0.924501598,0.145642355,0.0577958263,-0.0845039561,0.335610718,-0.293048799,-0.0182818919,0.991952598,-0.145118788,0.0294025484,0.000335132587,-0.00586593896,0.0034019989,-0.0128277848,0.0322280079,-0.014300379,0.0178417023,0.00550304959,-0.00308999699,-0.00574399624,0.0122417063,-0.0259602796,0.0289860219,0.0878014266,0.000517421868,0.00368183712,-0.0927350074,-0.0210414529,-0.163328215,0.0997685418,-0.00356128835,-0.0752567276,0.379422486,0.0932360068,0.00392958894,-0.00262326142,-0.00497524999,-0.00431202305,-0.329605997,0.27916345,-0.257616609,0.0867472365,-0.045902539,0.372315913,-0.263452768,0.0505725257,-0.31696108,-0.0956951082,0.0889173299,0.373595715,-0.250478923,-0.0663657859,0.00663285423,0.166086257,0.0123460945,0.353249192,0.350624055,0.0911414176,0.870802701,0.144252256,0.0229950566,-0.0393022485,0.366560251,-0.336261034,-0.0284700654,0.979725242,-0.147213116,0.0118483827,0.012682803,-0.23511073,0.103636675,-0.0550476164,0.386399716,-0.219357997,0.0773692951,-0.336899519,-0.0953150094,0.0858715922,0.364627481,-0.323998272,-0.0491770245,0.0135118812,0.172877356,0.00885099545,0.331292063,0.345182598,0.0746559054,0.874352038,0.142693892,0.0124124847,-0.00421281159,0.373900414,-0.334741056,-0.0271047261,0.97461611,-0.149661601,-0.0180036575,0.0378846303,-0.257335395,0.0869582742,-0.0460168049,0.372491866,-0.262901813,0.0509073511,-0.317210227,-0.0956903547,0.0888792723,0.373483658,-0.25139755,-0.066151008,0.00671880739,0.166171119,0.0123024238,0.352974832,0.350556046,0.090935424,0.870847046,0.144232795,0.0228628274,-0.0388638042,0.366651982,-0.33624205,-0.0284530055,0.979661405,-0.147243708,0.0114753824,0.0129976999
0.162884035,3214793.39,0,0,0.00220167497,8.40984285e-06,0,0.23400411,0.00772872567,1,-0.699391901,0.0032531051,-0.00559190428,-0.714709103,-0.00536528789,-0.0138513297,0.0110785086,2.24207754e-44,-2.24207754e-44,-2.24207754e-44,-0.262871712,0.0282184817,-0.0174519084,0.459188163,-0.210960746,-0.0286435671,-0.302032679,-0.0407451093,0.0695552006,0.439182013,-0.158116877,0.0303290635,0.00440935744,-0.00464859605,-0.00443326356,0.356893688,0.238729581,0.0582201332,0.926848233,0.145562679,0.0562218167,-0.0762181878,0.337615162,-0.29298076,-0.0183251444,0.991846144,-0.145229712,0.0221443512,0.00651850877,-0.00484945206,0.00334611512,-0.0193856377,0.0458904989,-0.0211572405,0.0250941906,0.0152079426,-0.00383232255,-0.00997130573,0.0149565116,-0.0363740847,0.0558770448,0.104652449,0.000915890094,0.00647255266,-0.12745446,-0.0300819036,-0.205127493,0.134897903,-0.00405889889,-0.0849873498,0.48951444,0.112787083,0.00463960692,-0.00179552322,-0.00683311792,-0.00715214806,-0.410056502,0.347475857,-0.25279972,0.0905045941,-0.0476908535,0.375309885,-0.25015685,0.0569656827,-0.321154147,-0.0945737138,0.0888943002,0.370769143,-0.267280698,-0.0636890456,0.0081190113,0.167948842,0.0105317663,0.348386645,0.350012779,0.0880137235,0.871993363,0.143749565,0.0215828121,-0.0311135463,0.367365003,-0.337380201,-0.0281944796,0.97843653,-0.148097783,0.00539249182,0.0180935971,-0.232059181,0.106177457,-0.0559903383,0.388273567,-0.206592068,0.0821599439,-0.339472234,-0.0934339836,0.0865647942,0.36181581,-0.335842967,-0.048609212,0.0144689754,0.174517781,0.00650145486,0.328027993,0.345418155,0.0731254295,0.875591516,0.142185032,0.0124775786,0.00173861696,0.373547792,-0.337075859,-0.0269488618,0.973579943,-0.150627941,-0.0221686494,0.0413314663,-0.252501905,0.0907296538,-0.047810033,0.37549606,-0.249531269,0.0573274717,-0.321417212,-0.0945573449,0.0888608471,0.370640576,-0.268265247,-0.0634725019,0.00821019616,0.168043166,0.0104738912,0.348094314,0.349946797,0.0877999216,0.87204504,0.143727094,0.0214520637,-0.0306417942,0.367453784,-0.33737582,-0.0281765927,0.978366792,-0.148134112,0.0049967207,0.01842729
0.17288824,3214793.4,0,0,0.0122058801,9.44407657e-06,0,0.23400411,0.000982761383,1,-0.699347436,0.00321704592,-0.00551520335,-0.714753389,-0.00644571567,-0.0168681219,0.0130022047,2.24207754e-44,-2.24207754e-44,-2.24207754e-44,-0.262913585,0.0282579679,-0.0176623818,0.459684014,-0.211190328,-0.0283588581,-0.301851273,-0.040776249,0.0694463104,0.439341456,-0.158521533,0.030928541,0.00549285393,-0.00463659549,-0.00436946889,0.355523437,0.238395721,0.0561242662,0.928264201,0.145517305,0.0554007292,-0.0710888579,0.338769495,-0.292936742,-0.0183403324,0.991770685,-0.145314142,0.0179117061,0.0101138977,-0.00381219573,0.00462209899,-0.0217004213,0.0516965277,-0.0239864457,0.0309039187,0.0198965799,-0.00233756285,-0.0110739442,0.0161076784,-0.043024566,0.0624361411,0.112253085,0.00141646189,0.00571164023,-0.144765034,-0.0353535824,-0.215145975,0.148037583,-0.00494800322,-0.0804940164,0.531517386,0.118409887,0.00399176171,-0.00134962494,-0.00845028926,-0.00938656647,-0.436867982,0.372314602,-0.249866277,0.0927212909,-0.0488646924,0.377143413,-0.243995249,0.060529042,-0.323744982,-0.0944125131,0.088564828,0.369502842,-0.276977837,-0.0615562238,0.00901712105,0.168877929,0.00996173732,0.345507205,0.34936294,0.0859079883,0.872502267,0.143528283,0.0202950109,-0.0264670886,0.368239462,-0.337337136,-0.0280183051,0.977749646,-0.148455635,0.00149437413,0.0213802531,-0.232059181,0.106177457,-0.0559903383,0.388273567,-0.206592068,0.0821599439,-0.339472234,-0.0934339836,0.0865647942,0.36181581,-0.335842967,-0.048609212,0.0144689754,0.174517781,0.00650145486,0.328027993,0.345418155,0.0731254295,0.875591516,0.142185032,0.0124775786,0.00173861696,0.373547792,-0.337075859,-0.0269488618,0.973579943,-0.150627941,-0.0221686494,0.0413314663,-0.249575391,0.0929411054,-0.0489810929,0.377325237,-0.243384257,0.0608823933,-0.324001878,-0.0943965316,0.0885321572,0.369377255,-0.277939439,-0.0613447279,0.00910617877,0.168970048,0.00990521163,0.345221698,0.349298477,0.0856991783,0.872552752,0.143506348,0.0201673098,-0.0260063373,0.368326187,-0.337332875,-0.0280008353,0.977681518,-0.148491129,0.00110782683,0.0217061639
0.183876597,3214793.42,0,0,0.00325546181,4.49316576e-06,0,0.193998218,0.0104857534,1,-0.699293435,0.00317458087,-0.00542351324,-0.714807093,-0.00792605616,-0.0203301497,0.0173106901,2.24207754e-44,-2.24207754e-44,-2.24207754e-44,-0.262948424,0.0283107758,-0.0179052837,0.460243136,-0.211456776,-0.02804159,-0.301621675,-0.0407945402,0.0693165138,0.439512044,-0.158983037,0.031607382,0.00663022464,-0.0046186843,-0.00431385776,0.353996009,0.238015309,0.0539757647,0.92978704,0.14546515,0.0546289049,-0.0656257868,0.339975119,-0.292898893,-0.0183506776,0.991624653,-0.145418108,0.0134866359,0.0138993347,-0.00332759833,0.00565310847,-0.0266527589,0.0588963814,-0.0286220741,0.0313454457,0.0251573268,-0.00163480791,-0.0149744088,0.0178803895,-0.0479968823,0.0709947199,0.112775765,0.00210055267,0.00565123977,-0.156352073,-0.0397340804,-0.210764229,0.152579367,-0.00529192574,-0.0742041096,0.550316393,0.12064077,0.00375632942,-0.00079514354,-0.019871464,-0.010962151,-0.439754456,0.376899093,-0.244588062,0.0969811231,-0.050905399,0.380711228,-0.227419212,0.0681222901,-0.328293681,-0.092623502,0.0886242017,0.366311103,-0.296057343,-0.0591593608,0.0108322762,0.171380788,0.00762767345,0.340213537,0.348941207,0.082452774,0.874151886,0.142877266,0.0190723091,-0.0166005939,0.368903011,-0.339285016,-0.0276772678,0.97623843,-0.149734914,-0.00577230379,0.027531784,-0.228918374,0.108941756,-0.0571442544,0.390623897,-0.192085028,0.0876778513,-0.342083365,-0.0911014527,0.0871518254,0.359144092,-0.348576158,-0.0484017022,0.0157175623,0.176710188,0.00400578976,0.32478267,0.345799565,0.0713516474,0.877193928,0.141583741,0.0126758218,0.00888364203,0.373172939,-0.339948177,-0.0267255902,0.972447813,-0.151926652,-0.0267064609,0.0451930799,-0.244297698,0.0972027555,-0.051021006,0.380894899,-0.22676447,0.0684846565,-0.328549206,-0.0925953016,0.0885969177,0.366178304,-0.297030538,-0.0589600205,0.0109228007,0.171479538,0.00756055955,0.339927584,0.348883003,0.0822470635,0.874208272,0.14285329,0.0189537816,-0.016128365,0.368982136,-0.339297324,-0.0276596341,0.976168156,-0.149775535,-0.00616021827,0.0278590471
0.194876371,3214793.43,0,0,0.0142552359,4.63891774e-06,0,0.193998218,0.000972062349,1,-0.699210167,0.00311720395,-0.0052896142,-0.714889824,-0.0105441278,-0.0238450076,0.021407079,2.24207754e-44,-2.24207754e-44,-2.24207754e-44,-0.262983501,0.0283932555,-0.0182579868,0.461000592,-0.211820886,-0.0276125409,-0.30127418,-0.0408016443,0.0691018477,0.439731181,-0.159625232,0.0324771851,0.00806947518,-0.00457060942,-0.00425371714,0.351920217,0.237511367,0.0512721129,0.931788385,0.145387888,0.0537601635,-0.058628317,0.341518134,-0.292864472,-0.0183587652,0.991265595,-0.145575076,0.00787551235,0.0187408924,-0.002654718,0.00776218111,-0.0316313058,0.0659454837,-0.0314772315,0.0385633558,0.0319081061,0.000125694496,-0.020264212,0.0180527549,-0.0572025999,0.0736006647,0.12538071,0.00562691549,0.00445984583,-0.185855851,-0.0437890589,-0.237599239,0.178030699,-0.00718980422,-0.0710355863,0.609420657,0.134716406,0.00224621571,-0.000551036326,-0.0377327763,-0.0146135744,-0.48993513,0.424244136,-0.241496757,0.0993407145,-0.0521361977,0.382666796,-0.220448494,0.0719802082,-0.331014127,-0.0923232287,0.0883337334,0.364897192,-0.30641824,-0.0570370927,0.0117960433,0.172432169,0.00691314973,0.337169319,0.348321438,0.0802627429,0.874751985,0.142622083,0.0178104136,-0.0115730688,0.369745374,-0.339415848,-0.0274895225,0.97549063,-0.150167301,-0.00990219042,0.0310159996,-0.228918374,0.108941756,-0.0571442544,0.390623897,-0.192085028,0.0876778513,-0.342083365,-0.0911014527,0.0871518254,0.359144092,-0.348576158,-0.0484017022,0.0157175623,0.176710188,0.00400578976,0.32478267,0.345799565,0.0713516474,0.877193928,0.141583741,0.0126758218,0.00888364203,0.373172939,-0.339948177,-0.0267255902,0.972447813,-0.151926652,-0.0267064609,0.0451930799,-0.241228238,0.0995456725,-0.0522431061,0.38283664,-0.219843015,0.0723153055,-0.331250429,-0.0922971517,0.0883084983,0.364774406,-0.307318211,-0.0568527505,0.0118797561,0.172523499,0.00685108546,0.336904913,0.348267585,0.0800725222,0.874804139,0.14259991,0.0177008044,-0.0111363828,0.369818538,-0.339427233,-0.027473215,0.975425661,-0.150204852,-0.0102609135,0.0313186385
0.204895549,3214793.44,0,0,0.00423787301,5.58001921e-06,0,0.183640979,0.0130097717,1,-0.699120522,0.00306597911,-0.00515744556,-0.714978635,-0.012619203,-0.0269898698,0.0278744772,2.24207754e-44,-2.24207754e-44,-2.24207754e-44,-0.263008147,0.0284777787,-0.0186168477,0.461696357,-0.212159172,-0.027236823,-0.300919026,-0.0407973342,0.0688589513,0.439915955,-0.160226062,0.0332433321,0.00931542274,-0.00450106617,-0.00421230961,0.349985719,0.237049401,0.0489107892,0.933594406,0.145313606,0.0530928671,-0.0524276309,0.342871666,-0.29284358,-0.0183605514,0.990783036,-0.145732746,0.00295730331,0.0229957029,-0.0023141047,0.00880595483,-0.0387903824,0.0717602819,-0.0354454629,0.0359775834,0.0376050249,0.000544133014,-0.0269551538,0.0192190409,-0.0617095307,0.0782990903,0.122079514,0.00747755496,0.00392211275,-0.195909396,-0.0476406962,-0.229855925,0.178652078,-0.00744397193,-0.0629578307,0.61962229,0.133392975,0.00211694092,0.000126326326,-0.0549580194,-0.0163873378,-0.48510468,0.41887936,-0.236577168,0.103757367,-0.0541612953,0.386545241,-0.20197019,0.0799124315,-0.335221142,-0.0900672078,0.0884219781,0.362017244,-0.325048745,-0.0552329421,0.0137605341,0.175189734,0.00424470752,0.332328439,0.34829241,0.0767011121,0.876930714,0.141892284,0.0172389988,-0.000953562558,0.370004117,-0.342126012,-0.0271270983,0.973927259,-0.151803508,-0.0171530806,0.0372856446,-0.226008832,0.1119847,-0.0583851673,0.393416762,-0.176346987,0.0935366303,-0.34449181,-0.0886091292,0.0875625461,0.35703063,-0.3609896,-0.0483593158,0.017159922,0.179047272,0.00143031031,0.321922094,0.346405864,0.0691954866,0.879279375,0.140941322,0.0132736154,0.0168696437,0.372621417,-0.343180478,-0.0264698006,0.971280098,-0.153511807,-0.031436678,0.0493731089,-0.236315951,0.103960723,-0.0542656966,0.386715084,-0.201336861,0.0802491754,-0.335450262,-0.0900311694,0.0884007365,0.361893982,-0.325937092,-0.0550630502,0.0138445562,0.175285071,0.00417514425,0.332071245,0.34824577,0.0765156001,0.876988769,0.141868785,0.0171409864,-0.000513032079,0.370068818,-0.342152089,-0.0271108523,0.973861814,-0.151845738,-0.0175061226,0.0375844091
0.215891833,3214793.45,0,0,0.015234157,4.55416739e-06,0,0.183640979,0.000869482756,1,-0.699024975,0.00301588327,-0.0050045196,-0.715073407,-0.0169521365,-0.0294919759,0.0253558122,2.24207754e-44,-2.24207754e-44,-2.24207754e-44,-0.263028383,0.028605381,-0.0190077256,0.462454259,-0.212534115,-0.0268533751,-0.300528407,-0.0407433547,0.0685907751,0.44012785,-0.1608942,0.0339199044,0.0106028588,-0.00439762138,-0.00417887745,0.347910374,0.236558571,0.0465153046,0.935449839,0.145226911,0.0525084585,-0.0460152179,0.344213217,-0.292831391,-0.0183575973,0.990165234,-0.145995498,-0.00203894777,0.0273252651,-0.00183105876,0.0160965361,-0.0386928432,0.0786963105,-0.0389556997,0.0402739123,0.0400457233,0.00935891829,-0.0262957625,0.0220630579,-0.0701943338,0.0593945049,0.135355875,0.0127692036,0.00293189916,-0.217375547,-0.0500592999,-0.251122653,0.192930162,-0.0095356442,-0.0558194779,0.662459552,0.135590628,0.000489185564,0.000385189109,-0.0656703562,-0.03472507,-0.516105711,0.448818535,-0.233901232,0.105840556,-0.0552307963,0.38828513,-0.195482299,0.0833621323,-0.337568492,-0.0896980166,0.0882043689,0.360754609,-0.334149122,-0.0534925163,0.0146212708,0.176166475,0.00353209209,0.329693526,0.347814709,0.0748006627,0.877525389,0.141651496,0.0162349492,0.00355933607,0.370666832,-0.342393011,-0.0269606691,0.973256946,-0.152236059,-0.0207697377,0.040346235,-0.226008832,0.1119847,-0.0583851673,0.393416762,-0.176346987,0.0935366303,-0.34449181,-0.0886091292,0.0875625461,0.35703063,-0.3609896,-0.0483593158,0.017159922,0.179047272,0.00143031031,0.321922094,0.346405864,0.0691954866,0.879279375,0.140941322,0.0132736154,0.0168696437,0.372621417,-0.343180478,-0.0264698006,0.971280098,-0.153511807,-0.031436678,0.0493731089,-0.233677238,0.106014937,-0.0553203225,0.388430774,-0.194939211,0.0836508945,-0.337764978,-0.0896671116,0.0881861523,0.36064893,-0.33491087,-0.0533468276,0.0146933217,0.176248223,0.00347244088,0.329472959,0.347774744,0.0746415854,0.877575159,0.14163135,0.016150903,0.0039370954,0.370722294,-0.342415363,-0.0269467384,0.973200858,-0.152272269,-0.0210724771,0.040602427
0.226878619,3214793.46,0,0,0.00625994802,6.02006912e-06,0,0.175051857,0.0144417137,1,-0.698911726,0.00296230172,-0.0047910288,-0.715185761,-0.0218455344,-0.0322730914,0.0250685811,2.24207754e-44,-2.24207754e-44,-2.24207754e-44,-0.263046443,0.0288400818,-0.0195024367,0.4634431,-0.213031977,-0.0263891928,-0.300015748,-0.0406136625,0.0682078302,0.440407842,-0.161815226,0.0346257202,0.0122061595,-0.00421651406,-0.00415070588,0.345243484,0.235934138,0.043553587,0.937736511,0.14509584,0.0519238301,-0.0379902646,0.345742017,-0.292831361,-0.0183473695,0.989294291,-0.146528587,-0.00815597922,0.0326415077,-0.00133691449,0.0237405989,-0.0413360484,0.0854323879,-0.0433170572,0.0389685705,0.0426602736,0.0109339943,-0.0395434648,0.0282031801,-0.0915944725,0.0552296042,0.135559514,0.0179632343,0.00188387174,-0.227660388,-0.0527724102,-0.250931323,0.19147785,-0.0166956447,-0.043627914,0.679632723,0.121674433,-0.000757542672,0.00103083451,-0.0760748014,-0.0576129109,-0.51166451,0.445001721,-0.229647338,0.110431015,-0.0574693158,0.392291129,-0.175705403,0.0915326402,-0.341058791,-0.0872983113,0.0881668031,0.358636558,-0.351803631,-0.0519648455,0.0166339576,0.178921059,0.000865956768,0.325526357,0.348096162,0.0709280297,0.880404592,0.140911207,0.0164253935,0.0148652941,0.370733052,-0.345499367,-0.0265797749,0.971724987,-0.154260829,-0.0281544775,0.0467657335,-0.223818034,0.115116745,-0.0598612987,0.396224558,-0.160479248,0.0993577614,-0.346144468,-0.086284712,0.0877283663,0.355873227,-0.371996105,-0.0483165681,0.0185834151,0.181187615,-0.000863486901,0.319788903,0.347175777,0.0666897222,0.881923378,0.14034538,0.0144444816,0.0251734164,0.372062683,-0.346390694,-0.026203787,0.970210969,-0.15535751,-0.0362219103,0.0536124445,-0.229451299,0.110588588,-0.057549756,0.392423421,-0.175193354,0.0917957872,-0.341229826,-0.0872642249,0.0881520584,0.358543634,-0.352482677,-0.0518421568,0.0166995153,0.178997278,0.000807797536,0.325333416,0.348065197,0.0707855001,0.880455673,0.140892178,0.0163587779,0.0152119398,0.370777756,-0.345529318,-0.0265671313,0.971674025,-0.154297709,-0.0284257755,0.0469959825
0.237877114,3214793.47,0,0,0.0172584429,5.18001616e-06,0,0.175051857,0.000671803951,1,-0.698849201,0.00294044707,-0.00457525952,-0.715248406,-0.0320544168,-0.0339813381,0.0146629876,2.24207754e-44,-2.24207754e-44,-2.24207754e-44,-0.263058305,0.0291829444,-0.0198798701,0.4643462,-0.213497043,-0.025983857,-0.299623311,-0.040521089,0.0676208287,0.44082135,-0.163183913,0.0351305045,0.0136699965,-0.00395974237,-0.00413815631,0.342839152,0.2353919,0.0408363342,0.939747393,0.144821212,0.0515507758,-0.0308717955,0.346901506,-0.292853862,-0.018336622,0.988517821,-0.147369862,-0.0134763308,0.0372869,-0.00101490656,0.0407434478,-0.037341062,0.0928152725,-0.0485219695,0.0391522199,0.0389843248,0.0087467134,-0.0698375553,0.0467687324,-0.165367082,0.0571182556,0.147150666,0.0303885378,0.000847489573,-0.24337697,-0.0565720089,-0.270099401,0.200589031,-0.027935775,-0.0319102071,0.717525542,0.107562877,-0.0027799434,0.00131769327,-0.0793444067,-0.0931290463,-0.528480053,0.46165958,-0.227685571,0.112007931,-0.0582743026,0.393614858,-0.170581251,0.0941660702,-0.342770308,-0.0869572014,0.0880192518,0.357706606,-0.358599126,-0.0507370718,0.0172900185,0.179683834,0.000283937901,0.323595524,0.347786427,0.0695016831,0.880915701,0.140720785,0.0157587454,0.018334344,0.371180505,-0.345799327,-0.0264532417,0.971215427,-0.154629901,-0.0308694541,0.0490698963,-0.223818034,0.115116745,-0.0598612987,0.396224558,-0.160479248,0.0993577614,-0.346144468,-0.086284712,0.0877283663,0.355873227,-0.371996105,-0.0483165681,0.0185834151,0.181187615,-0.000863486901,0.319788903,0.347175777,0.0666897222,0.881923378,0.14034538,0.0144444816,0.0251734164,0.372062683,-0.346390694,-0.026203787,0.970210969,-0.15535751,-0.0362219103,0.0536124445,-0.22752884,0.11213392,-0.0583386198,0.393720627,-0.170171857,0.0943764672,-0.342907041,-0.0869299471,0.088007465,0.357632309,-0.359142065,-0.0506389774,0.0173424352,0.17974478,0.000237436965,0.323441237,0.347761661,0.0693877339,0.880956531,0.140705571,0.0157054849,0.0186115056,0.371216267,-0.345823288,-0.0264431313,0.971174717,-0.15465939,-0.0310863703,0.0492539853
0.24887578,3214793.48,0,0,0.00800282601,4.14112583e-06,0,0.191760715,0.0149087757,1,-0.698814273,0.0029476569,-0.00437012594,-0.715283751,-0.0419153683,-0.0346585885,0.0105098002,2.24207754e-44,-2.24207754e-44,-2.24207754e-44,-0.263063371,0.0295785218,-0.0201878846,0.465099633,-0.21390152,-0.025708491,-0.29930827,-0.0404121503,0.0670020208,0.441223234,-0.164728716,0.0356119536,0.0147913313,-0.00366985472,-0.00413623732,0.340930432,0.234912202,0.0388651527,0.941264689,0.144644842,0.0513552092,-0.0252894349,0.347619712,-0.292877018,-0.0183223579,0.987867713,-0.148103401,-0.0174687095,0.0407664068,-0.000360008591,0.0552461706,-0.0391016789,0.094414413,-0.0515920036,0.0309590679,0.0386321805,0.0188723113,-0.0806253031,0.0520481057,-0.200922504,0.047745388,0.134924144,0.0399699882,-0.000171839099,-0.234049425,-0.0616780743,-0.22841619,0.181027368,-0.0186367352,-0.0199225154,0.679792762,0.0774403065,-0.00288931723,0.00206565298,-0.0820498988,-0.0886384398,-0.476263583,0.414177805,-0.225214228,0.115905099,-0.0606003404,0.396483153,-0.151818022,0.10142111,-0.344202101,-0.0850369334,0.087838389,0.357537478,-0.371330857,-0.0496836342,0.0188117754,0.181782901,-0.00160701759,0.321151555,0.348110706,0.0656747967,0.884296834,0.13993068,0.0169845521,0.0287411734,0.371720165,-0.348751545,-0.0262276512,0.970104635,-0.156798348,-0.0373892486,0.0546407774,-0.222832412,0.117902532,-0.0616345964,0.398142397,-0.145062834,0.104789197,-0.346248657,-0.0845581293,0.0876594633,0.356451869,-0.379762292,-0.0482143722,0.0196384694,0.182758376,-0.00236387551,0.318806767,0.347765625,0.0638549924,0.885036111,0.139675617,0.0162647665,0.0332148522,0.372262388,-0.349227399,-0.0260711536,0.969465673,-0.157320336,-0.0408199914,0.0575540289,-0.225094855,0.116005205,-0.0606521741,0.396566302,-0.151479453,0.101589911,-0.344304681,-0.0850129351,0.0878294185,0.357483059,-0.371753454,-0.0496100001,0.0188532081,0.181831792,-0.00164495036,0.321034044,0.34809339,0.0655835867,0.884333849,0.139917895,0.0169484783,0.0289653838,0.371747315,-0.348775387,-0.0262198076,0.970072627,-0.156824499,-0.0375611931,0.0547867864
0.258877271,3214793.49,0,0,0.0180043168,5.26988879e-06,0,0.191760715,0.000418037176,1,-0.698810399,0.00307640783,-0.00388419465,-0.715289772,-0.0754733533,-0.0358886719,0.000219849055,2.24207754e-44,-2.24207754e-44,-2.24207754e-44,-0.263069838,0.030734241,-0.0207641851,0.46646446,-0.214643717,-0.0252913684,-0.298919439,-0.0396582931,0.0659604147,0.442500979,-0.169555515,0.0359843187,0.0167331602,-0.0027820447,-0.00414565997,0.337473094,0.234056443,0.0351699255,0.943999648,0.143917039,0.0511967763,-0.0152216209,0.348416746,-0.293038219,-0.0182890501,0.986805618,-0.149846315,-0.024514474,0.046929121,0.00010232599,0.0977967381,-0.0477199145,0.0964363441,-0.052572567,0.0256183166,0.0303649772,0.0732972771,-0.0747887045,0.0950412974,-0.398362786,0.017259229,0.128081799,0.0766891986,-0.00141560775,-0.245420858,-0.0622970685,-0.256992459,0.193418235,-0.0581411421,-0.00719782384,0.713374853,0.0364442356,-0.0150217572,0.0028058982,-0.0756781623,-0.131360531,-0.489029109,0.427294016,-0.224177957,0.116774127,-0.0610503182,0.397205055,-0.148879021,0.102886476,-0.345092505,-0.0848286226,0.0877605453,0.357065141,-0.374999166,-0.0490443967,0.0191714484,0.182207316,-0.00193630531,0.320131391,0.347960562,0.0648830459,0.884618461,0.139819711,0.0166713931,0.0306875482,0.37195605,-0.348958582,-0.0261595622,0.969826639,-0.157025456,-0.0388818756,0.0559082553,-0.222832412,0.117902532,-0.0616345964,0.398142397,-0.145062834,0.104789197,-0.346248657,-0.0845581293,0.0876594633,0.356451869,-0.379762292,-0.0482143722,0.0196384694,0.182758376,-0.00236387551,0.318806767,0.347765625,0.0638549924,0.885036111,0.139675617,0.0162647665,0.0332148522,0.372262388,-0.349227399,-0.0260711536,0.969465673,-0.157320336,-0.0408199914,0.0575540289,-0.224093303,0.116845116,-0.0610870793,0.397264004,-0.148638919,0.103006184,-0.345165253,-0.0848115981,0.0877541825,0.357026577,-0.375298828,-0.0489921793,0.0192008298,0.182241976,-0.00196320564,0.320048064,0.347948313,0.0648183674,0.884644747,0.139810637,0.0166458096,0.0308465511,0.371975332,-0.34897548,-0.0261540003,0.969803929,-0.157044008,-0.0390038118,0.056011796
0.268885469,3214793.5,0,0,0.00824453728,8.71205702e-06,0,0.195653178,0.015300408,1,-0.698789954,0.00323739229,-0.00347542553,-0.71531117,-0.082235992,-0.031796366,0.00620214269,2.24207754e-44,-2.24207754e-44,-2.24207754e-44,-0.263050199,0.0317653269,-0.0213246457,0.467319995,-0.215104714,-0.025069356,-0.298529416,-0.0388463326,0.0651827902,0.443261892,-0.173478276,0.0361214131,0.0178158786,-0.00198761141,-0.00419118861,0.335159004,0.233452857,0.0330130309,0.945737362,0.143458217,0.0511477366,-0.00861511938,0.34861508,-0.293172181,-0.0182567909,0.985922277,-0.15098837,-0.0288752429,0.0506569594,0.00416468037,0.10518004,-0.0581797138,0.074058257,-0.0384701155,0.0210503489,0.0358524323,0.0852520093,-0.0766056851,0.081404902,-0.4196181,0.0120330025,0.101432525,0.078610085,-0.00722404988,-0.227298364,-0.0549104512,-0.2141276,0.167724177,-0.0543246679,-0.00350368326,0.649315536,0.0123741087,-0.0134310462,0.00334762083,-0.0925348625,-0.114688672,-0.42740339,0.355369031,-0.223272741,0.119118333,-0.0633578748,0.398077607,-0.131682992,0.107783087,-0.344650298,-0.0843752176,0.0874206498,0.360013694,-0.379824996,-0.0486779548,0.0201494209,0.182681888,-0.00187435746,0.319835573,0.347422242,0.0612809807,0.888349712,0.138776928,0.0190168787,0.0392857864,0.373041272,-0.350845844,-0.0262875669,0.969344616,-0.158753514,-0.0441965982,0.0596729815,-0.222628117,0.119676903,-0.0636594966,0.39852941,-0.129688859,0.108735651,-0.345190346,-0.0842425525,0.087369144,0.35975799,-0.382125318,-0.0482824817,0.0203806888,0.182947069,-0.00207523443,0.319207728,0.347324222,0.0607554577,0.888588905,0.138697177,0.0188517682,0.0405747853,0.373198003,-0.350993991,-0.0262473375,0.969168961,-0.158912137,-0.0451705903,0.0604915768,-0.223218903,0.119164988,-0.0633830652,0.398115337,-0.131516427,0.107862651,-0.344695389,-0.0843641385,0.0874163508,0.359992325,-0.380017132,-0.0486449227,0.0201687384,0.182704031,-0.00189113617,0.319783151,0.347414047,0.0612370856,0.888369679,0.138770267,0.0190030877,0.0393934473,0.373054385,-0.350858212,-0.0262842067,0.969329953,-0.158766761,-0.0442779511,0.0597413555
0.279878464,3214793.51,0,0,0.0192375323,5.83007932e-06,0,0.195653178,0.000179976225,1,-0.698758125,0.00342580816,-0.00308896252,-0.715343118,-0.0811730549,-0.0237936415,0.0115141403,2.24207754e-44,-2.24207754e-44,-2.24207754e-44,-0.26297915,0.0328184515,-0.0219355244,0.467868209,-0.215377003,-0.0248781256,-0.298211187,-0.0379706696,0.0644274205,0.444093823,-0.177896038,0.036222741,0.0187298246,-0.00124120608,-0.00432314584,0.332966179,0.233000472,0.0309455208,0.947294593,0.142838687,0.0511274971,-0.00240166881,0.348681331,-0.293306142,-0.0182214994,0.984906375,-0.152109921,-0.0329684094,0.0539195687,0.00852345768,0.104830109,-0.0638625994,0.0429666713,-0.0209906604,0.0175747108,0.032207869,0.0882482007,-0.0757950842,0.0764725134,-0.439570189,0.00894702692,0.0829845965,0.0718771145,-0.0176358111,-0.211200088,-0.0394785516,-0.19042033,0.143584684,-0.059292905,-0.00123041018,0.588914514,0.00378036336,-0.0129499556,0.00367300864,-0.110105358,-0.104885608,-0.385336787,0.298712164,-0.222830772,0.119501293,-0.0635646731,0.398387372,-0.130315796,0.108436175,-0.345020562,-0.0842842609,0.0873853341,0.359838367,-0.381402135,-0.0484068133,0.0203079805,0.182863697,-0.00201208144,0.319405109,0.347355038,0.0609206744,0.888513684,0.138722256,0.0189036764,0.0401695371,0.373148739,-0.35094741,-0.0262599848,0.969224155,-0.158862263,-0.0448643789,0.0602342188,-0.222628117,0.119676903,-0.0636594966,0.39852941,-0.129688859,0.108735651,-0.345190346,-0.0842425525,0.087369144,0.35975799,-0.382125318,-0.0482824817,0.0203806888,0.182947069,-0.00207523443,0.319207728,0.347324222,0.0607554577,0.888588905,0.138697177,0.0188517682,0.0405747853,0.373198003,-0.350993991,-0.0262473375,0.969168961,-0.158912137,-0.0451705903,0.0604915768,-0.222805306,0.119523361,-0.0635765865,0.398405224,-0.130236998,0.108473815,-0.345041901,-0.0842790157,0.0873833001,0.359828264,-0.381493032,-0.0483911857,0.0203171186,0.182874173,-0.00202001818,0.319380313,0.347351164,0.0608999096,0.888523161,0.138719097,0.0188971534,0.0402204692,0.373154938,-0.350953281,-0.026258396,0.969217241,-0.158868536,-0.0449028686,0.0602665693
0.289879295,3214793.52,0,0,0.00914753834,6.38421625e-06,0,0.282283872,0.0149783343,1,-0.698706686,0.00362595078,-0.00273740967,-0.715393841,-0.0747428909,-0.0219234433,0.0132225817,2.24207754e-44,-2.24207754e-44,-2.24207754e-44,-0.262856871,0.0338463783,-0.0225889925,0.468134522,-0.215510339,-0.0247267857,-0.29787305,-0.0370937251,0.0636872128,0.44474417,-0.182118014,0.0362927802,0.0194624811,-0.000586388167,-0.00453941198,0.330996692,0.23270911,0.0293240547,0.94849211,0.142306715,0.0511264354,0.00289735035,0.348693401,-0.293426275,-0.018183725,0.983701468,-0.153012961,-0.0364109129,0.0564430915,0.0185011793,0.100708038,-0.0635656565,0.0162707604,-0.00784487184,0.0137132769,0.0335173756,0.0864976868,-0.0707689822,0.0673400015,-0.419382811,0.00510909641,0.0720426068,0.0594538637,-0.0181253329,-0.192215487,-0.0204742756,-0.162866801,0.107419141,-0.0604429543,0.00110733812,0.512492716,-0.000139360272,-0.0121424906,0.00370911509,-0.121912047,-0.0863769129,-0.337255061,0.231627688,-0.222073525,0.122153379,-0.065662466,0.398284554,-0.114859238,0.110925958,-0.343750745,-0.0827376544,0.0862191692,0.36462447,-0.377844363,-0.048159074,0.0214922447,0.181723773,1.80676579e-06,0.32219246,0.345358819,0.057776399,0.892715514,0.137987643,0.022679517,0.0467422679,0.373175889,-0.352003247,-0.0265622512,0.969352365,-0.159763768,-0.048572436,0.0620723888,-0.222038507,0.122184917,-0.0656799003,0.398308694,-0.114743032,0.110978521,-0.343778938,-0.0827296078,0.0862157047,0.364613652,-0.37796551,-0.0481377281,0.0215053558,0.181737304,-7.74674118e-06,0.322160482,0.345352352,0.0577463359,0.892730892,0.13798292,0.0226729438,0.0468153208,0.373184294,-0.35201183,-0.0265602767,0.969343007,-0.159772813,-0.0486268736,0.0621173754,-0.222065628,0.122160494,-0.0656663999,0.398289979,-0.114833027,0.110937819,-0.343757123,-0.0827358365,0.0862183869,0.364622027,-0.377871692,-0.048154261,0.0214952026,0.181726828,-3.48314643e-07,0.322185248,0.345357358,0.0577696189,0.892718971,0.137986571,0.0226780344,0.0467587411,0.373177767,-0.352005184,-0.026561806,0.969350219,-0.15976581,-0.0485847145,0.0620825365
0.299893783,3214793.53,0,0,0.0191620262,8.63615423e-06,0,0.282283872,2.29477882e-05,1,-0.698676169,0.00372728985,-0.00253742025,-0.715423822,-0.0698822215,-0.0218508486,0.0150089134,2.24207754e-44,-2.24207754e-44,-2.24207754e-44,-0.262726992,0.0344345383,-0.0229680873,0.46819225,-0.215534881,-0.0246531963,-0.297678024,-0.0365867652,0.0632726029,0.445156425,-0.184583977,0.0363128409,0.0198765136,-0.00026217362,-0.00463457033,0.32987982,0.232625261,0.028362222,0.949057221,0.141921386,0.0511390828,0.005871539,0.348686785,-0.293505967,-0.0181616992,0.982973635,-0.15350613,-0.0383853354,0.0577160567,0.0219313614,0.0965815187,-0.0636860728,0.00694629643,-0.00256794854,0.011521087,0.032018818,0.0833554864,-0.0688983202,0.0675240755,-0.4035725,0.00255920179,0.0662756637,0.0516205989,-0.0160549972,-0.181956381,-0.0113790687,-0.155062363,0.0866979733,-0.0634083524,0.00250836881,0.48355937,-0.00153640192,-0.0139223766,0.00367159978,-0.121350616,-0.0790119991,-0.321078211,0.201023206,-0.222038671,0.122184768,-0.0656798184,0.398308575,-0.114743575,0.110978276,-0.343778789,-0.0827296451,0.0862157196,0.364613712,-0.377964914,-0.0481378287,0.0215052944,0.181737244,-7.70203769e-06,0.322160631,0.345352381,0.0577464774,0.892730832,0.137982935,0.0226729754,0.0468149707,0.373184264,-0.3520118,-0.0265602861,0.969343066,-0.159772769,-0.0486266166,0.0621171594,-0.222038507,0.122184917,-0.0656799003,0.398308694,-0.114743032,0.110978521,-0.343778938,-0.0827296078,0.0862157047,0.364613652,-0.37796551,-0.0481377281,0.0215053558,0.181737304,-7.74674118e-06,0.322160482,0.345352352,0.0577463359,0.892730892,0.13798292,0.0226729438,0.0468153208,0.373184294,-0.35201183,-0.0265602767,0.969343007,-0.159772813,-0.0486268736,0.0621173754,-0.222038537,0.122184902,-0.0656798929,0.398308694,-0.114743099,0.110978492,-0.343778908,-0.0827296153,0.0862157047,0.364613652,-0.37796545,-0.0481377393,0.0215053484,0.181737304,-7.74115324e-06,0.322160512,0.345352352,0.0577463545,0.892730892,0.13798292,0.0226729475,0.0468152761,0.373184294,-0.35201183,-0.0265602786,0.969343007,-0.159772813,-0.0486268476,0.0621173456
0.310881584,3214793.54,0,0,0.010218048,5.96418977e-06,0,0.190344173,0.0101621002,1,-0.698564708,0.00396721624,-0.00208026357,-0.715532839,-0.0504446402,-0.0216348637,0.0155049451,2.24207754e-44,-2.24207754e-44,-2.24207754e-44,-0.262375444,0.035858497,-0.0239975583,0.468140125,-0.215499043,-0.0245290212,-0.297197133,-0.0353586748,0.0622012578,0.446082354,-0.190268382,0.0363058969,0.0207007658,0.000377515738,-0.00493553933,0.327346981,0.232543349,0.0265942402,0.949829936,0.141162604,0.0512438416,0.0124921817,0.34856379,-0.293782443,-0.0181042906,0.981158316,-0.154457852,-0.0426644385,0.0600539409,0.0325861275,0.0808395147,-0.0564571843,-0.0172396563,0.00825048704,0.00392740313,0.0279539283,0.0684200674,-0.0595238023,0.0605974533,-0.318359643,-0.00332597247,0.046758838,0.025031006,-0.0131684979,-0.144613937,-0.00172624364,-0.089584671,0.023151394,-0.0434201322,0.0152702546,0.384348273,-0.0194683168,-0.0194543358,0.00324674579,-0.0903632492,-0.0465699583,-0.242994562,0.110090226,-0.221301228,0.125431493,-0.067849122,0.396961927,-0.104580998,0.111688003,-0.342311025,-0.0802040696,0.0841538161,0.369869113,-0.371079922,-0.0473909602,0.022549957,0.179245085,0.00305587985,0.327227712,0.341894895,0.0550366864,0.897379994,0.137586921,0.0277162418,0.0516389832,0.372289896,-0.352578998,-0.0271863863,0.970019341,-0.160042718,-0.0512182787,0.0627266318,-0.221301228,0.125431493,-0.067849122,0.396961927,-0.104580998,0.111688003,-0.342311025,-0.0802040696,0.0841538161,0.369869113,-0.371079922,-0.0473909602,0.022549957,0.179245085,0.00305587985,0.327227712,0.341894895,0.0550366864,0.897379994,0.137586921,0.0277162418,0.0516389832,0.372289896,-0.352578998,-0.0271863863,0.970019341,-0.160042718,-0.0512182787,0.0627266318,-0.221301228,0.125431493,-0.067849122,0.396961927,-0.104580998,0.111688003,-0.342311025,-0.0802040696,0.0841538161,0.369869113,-0.371079922,-0.0473909602,0.022549957,0.179245085,0.00305587985,0.327227712,0.341894895,0.0550366864,0.897379994,0.137586921,0.0277162418,0.0516389832,0.372289896,-0.352578998,-0.0271863863,0.970019341,-0.160042718,-0.0512182787,0.0627266318
0.320882492,3214793.55,0,0,0.000250998884,6.93881884e-06,0,0.206280034,0.00674170256,1,-0.698513031,0.00402429467,-0.00184942712,-0.715583682,-0.0360701419,-0.0243280958,0.0149482992,2.24207754e-44,-2.24207754e-44,-2.24207754e-44,-0.261981308,0.0365915783,-0.0245113,0.46788457,-0.215384781,-0.0245171543,-0.296925783,-0.0347532853,0.0616517812,0.446690351,-0.193101138,0.0362552404,0.0210947134,0.000519521302,-0.00502903061,0.325991094,0.232539535,0.0259114243,0.949969471,0.140789479,0.0513963662,0.0160483252,0.348256111,-0.294008732,-0.0180743337,0.980465055,-0.154824838,-0.0447950885,0.0608984493,0.040998552,0.0688123181,-0.0497677401,-0.0287006125,0.0125182429,-0.000430474785,0.0264728591,0.0560078882,-0.0531528033,0.0588002466,-0.259524256,-0.00594663154,0.0328859352,0.00897225924,-0.00890486967,-0.129303575,0.000282192108,-0.0506601594,0.00971110817,-0.031180311,0.0129115433,0.33007744,-0.0370016694,-0.0253450982,0.00286049535,-0.057971023,-0.0305042397,-0.187767729,0.0680684447,-0.221301228,0.125431493,-0.067849122,0.396961927,-0.104580998,0.111688003,-0.342311025,-0.0802040696,0.0841538161,0.369869113,-0.371079922,-0.0473909602,0.022549957,0.179245085,0.00305587985,0.327227712,0.341894895,0.0550366864,0.897379994,0.137586921,0.0277162418,0.0516389832,0.372289896,-0.352578998,-0.0271863863,0.970019341,-0.160042718,-0.0512182787,0.0627266318,-0.220710397,0.128048211,-0.0703869164,0.39509216,-0.100694396,0.112013094,-0.340549082,-0.078725636,0.0821660608,0.374066621,-0.364338219,-0.0457869694,0.023490211,0.176345274,0.00726430491,0.333933353,0.336892933,0.0525975935,0.901791871,0.137316987,0.0331248194,0.0549678393,0.370836616,-0.353344262,-0.0278173387,0.970745504,-0.160040021,-0.0525817536,0.062574625,-0.220710397,0.128048211,-0.0703869164,0.39509216,-0.100694388,0.112013094,-0.340549082,-0.078725636,0.0821660608,0.374066621,-0.364338219,-0.0457869694,0.023490211,0.176345274,0.00726430491,0.333933353,0.336892933,0.0525975935,0.901791871,0.137316987,0.0331248194,0.054967843,0.370836616,-0.353344262,-0.0278173387,0.970745504,-0.160040021,-0.0525817499,0.062574625
0.330897687,3214793.56,0,0,0.0102661941,9.87900421e-06,0,0.206280034,0,1,-0.698453784,0.0040376028,-0.00165565277,-0.715641856,-0.0249423068,-0.0284105204,0.0171296336,2.24207754e-44,-2.24207754e-44,-2.24207754e-44,-0.261546433,0.0372157805,-0.0249974802,0.467562199,-0.215246558,-0.0245534368,-0.296660334,-0.0342701823,0.0611142106,0.447246671,-0.195345834,0.0361863896,0.0213370509,0.000566235802,-0.00511911605,0.324759573,0.232548058,0.0255199578,0.950030923,0.140500784,0.0515866093,0.0190708339,0.347817063,-0.294321507,-0.0180492904,0.980056107,-0.155078217,-0.0463530682,0.0613609441,0.0488510542,0.0577036552,-0.0475301221,-0.0359177329,0.0153839057,-0.00657364819,0.0287780482,0.0414604582,-0.0560268126,0.0548991971,-0.200769797,-0.00747905392,0.0195751134,0.00225543743,-0.00633048872,-0.12156754,0.000881064741,-0.0429456793,0.00420680782,-0.0326892696,0.0312895887,0.296322286,-0.0486148261,-0.0358846039,0.00215467229,-0.027895527,-0.0229238532,-0.142468631,0.0326007381,-0.220710397,0.128048211,-0.0703869164,0.39509216,-0.100694388,0.112013094,-0.340549082,-0.078725636,0.0821660608,0.374066621,-0.364338219,-0.0457869694,0.023490211,0.176345274,0.00726430491,0.333933353,0.336892933,0.0525975935,0.901791871,0.137316987,0.0331248194,0.054967843,0.370836616,-0.353344262,-0.0278173387,0.970745504,-0.160040021,-0.0525817499,0.062574625,-0.220710397,0.128048211,-0.0703869164,0.39509216,-0.100694396,0.112013094,-0.340549082,-0.078725636,0.0821660608,0.374066621,-0.364338219,-0.0457869694,0.023490211,0.176345274,0.00726430491,0.333933353,0.336892933,0.0525975935,0.901791871,0.137316987,0.0331248194,0.0549678393,0.370836616,-0.353344262,-0.0278173387,0.970745504,-0.160040021,-0.0525817536,0.062574625,-0.220710397,0.128048211,-0.0703869164,0.39509216,-0.100694388,0.112013094,-0.340549082,-0.078725636,0.0821660608,0.374066621,-0.364338219,-0.0457869694,0.023490211,0.176345274,0.00726430491,0.333933353,0.336892933,0.0525975935,0.901791871,0.137316987,0.0331248194,0.054967843,0.370836616,-0.353344262,-0.0278173387,0.970745504,-0.160040021,-0.0525817499,0.062574625
0.341894399,3214793.57,0,0,0.00121966098,6.81122765e-06,0,0.199927017,0.00650718808,1,-0.698391855,0.00399004715,-0.00148011628,-0.715702951,-0.0144219352,-0.0326317102,0.0169513654,2.24207754e-44,-2.24207754e-44,-2.24207754e-44,-0.26101318,0.0377340578,-0.0254468881,0.467184156,-0.215091884,-0.0246485621,-0.296361268,-0.0339292362,0.0605577193,0.447794348,-0.197064459,0.0361066759,0.0214756634,0.000566336617,-0.00516352942,0.323581219,0.232556239,0.0251370035,0.950058639,0.1401968,0.0520215668,0.0217903722,0.347301543,-0.294751167,-0.0180316288,0.979878545,-0.15528807,-0.0475167893,0.0615730621,0.0551974215,0.0482311621,-0.0428555422,-0.0381591283,0.0149799129,-0.011018144,0.0298557747,0.0301437713,-0.0539845787,0.0548002869,-0.153969988,-0.00821772404,0.0104615176,-0.00129473605,-0.00383609789,-0.114607662,0.000822004047,-0.0314708129,0.00212350115,-0.0265350211,0.0487799905,0.25047943,-0.0524928942,-0.047568094,0.00154665753,-0.013201532,-0.0200181529,-0.097631231,0.0160191525,-0.22026065,0.129993826,-0.0727544576,0.392873913,-0.102498114,0.112209953,-0.338913858,-0.0780936182,0.0804746747,0.377008289,-0.360333204,-0.0438263752,0.0241013244,0.173138708,0.0113563463,0.340440542,0.331738114,0.0504696816,0.905612588,0.137106314,0.0380858965,0.0571661815,0.369049966,-0.354007453,-0.0279705673,0.971644998,-0.160110891,-0.0531821623,0.0622909218,-0.22026065,0.129993826,-0.0727544576,0.392873913,-0.102498122,0.112209953,-0.338913858,-0.0780936182,0.0804746747,0.377008289,-0.360333204,-0.0438263752,0.0241013244,0.173138708,0.0113563463,0.340440542,0.331738114,0.0504696816,0.905612588,0.137106314,0.0380858965,0.057166189,0.369049966,-0.354007453,-0.0279705673,0.971644998,-0.160110891,-0.0531821623,0.0622909181,-0.22026065,0.129993826,-0.0727544576,0.392873913,-0.102498114,0.112209953,-0.338913858,-0.0780936182,0.0804746747,0.377008289,-0.360333204,-0.0438263752,0.0241013244,0.173138708,0.0113563463,0.340440542,0.331738114,0.0504696816,0.905612588,0.137106314,0.0380858965,0.0571661815,0.369049966,-0.354007453,-0.0279705673,0.971644998,-0.160110891,-0.0531821623,0.0622909218
0.352878278,3214793.58,0,0,0.0122035397,6.10901043e-06,0,0.199927017,0,1,-0.69833225,0.00385514903,-0.00130927062,-0.715762198,0.00351305609,-0.0395644158,0.0107711274,2.24207754e-44,-2.24207754e-44,-2.24207754e-44,-0.260260284,0.0382172875,-0.0258854236,0.466669232,-0.214914888,-0.024805164,-0.296011329,-0.0336833075,0.0599509329,0.448495895,-0.198561594,0.0360137336,0.021556722,0.000487529906,-0.00519534433,0.322285354,0.232565731,0.0247974582,0.950071096,0.139909327,0.0527804866,0.0244780313,0.34667173,-0.295405596,-0.0180166084,0.979771972,-0.155517131,-0.048367627,0.0617120005,0.0712117553,0.0336207524,-0.0308651309,-0.0489124544,0.0151395034,-0.0144535769,0.0290486235,0.0118132196,-0.0485051386,0.0630029589,-0.104647495,-0.00706047565,0.0049148812,-0.0120682893,-0.00149214687,-0.10317719,0.000612615957,-0.0331901126,0.000183363663,-0.0252401363,0.0790897086,0.214974701,-0.0522892885,-0.0589454733,0.0010624479,-0.00639413111,-0.0186113771,-0.0560186133,0.00934840646,-0.22026065,0.129993826,-0.0727544576,0.392873913,-0.102498114,0.112209953,-0.338913858,-0.0780936182,0.0804746747,0.377008289,-0.360333204,-0.0438263752,0.0241013244,0.173138708,0.0113563463,0.340440542,0.331738114,0.0504696816,0.905612588,0.137106314,0.0380858965,0.0571661815,0.369049966,-0.354007453,-0.0279705673,0.971644998,-0.160110891,-0.0531821623,0.0622909218,-0.22026065,0.129993826,-0.0727544576,0.392873913,-0.102498122,0.112209953,-0.338913858,-0.0780936182,0.0804746747,0.377008289,-0.360333204,-0.0438263752,0.0241013244,0.173138708,0.0113563463,0.340440542,0.331738114,0.0504696816,0.905612588,0.137106314,0.0380858965,0.057166189,0.369049966,-0.354007453,-0.0279705673,0.971644998,-0.160110891,-0.0531821623,0.0622909181,-0.22026065,0.129993826,-0.0727544576,0.392873913,-0.102498114,0.112209953,-0.338913858,-0.0780936182,0.0804746747,0.377008289,-0.360333204,-0.0438263752,0.0241013244,0.173138708,0.0113563463,0.340440542,0.331738114,0.0504696816,0.905612588,0.137106314,0.0380858965,0.0571661815,0.369049966,-0.354007453,-0.0279705673,0.971644998,-0.160110891,-0.0531821623,0.0622909218
0.363892122,3214793.6,0,0,0.00322629279,7.18096271e-06,0,0.191659201,0.00643283129,1,-0.69830662,0.00366757298,-0.00120026001,-0.715788364,0.0145284589,-0.0433015078,0.00515521411,2.24207754e-44,-2.24207754e-44,-2.24207754e-44,-0.259496361,0.0385040455,-0.0261375047,0.466166794,-0.214779645,-0.0249621067,-0.295725822,-0.0336155407,0.0595206134,0.449154317,-0.199390873,0.0359451734,0.0215935875,0.000334673765,-0.00521005318,0.321329176,0.232569695,0.0244918205,0.95007062,0.139700264,0.0536682047,0.0263884999,0.346176326,-0.29604575,-0.0180082079,0.979720712,-0.155698448,-0.0487796254,0.0617922917,0.0785176754,0.0260828938,-0.0218824837,-0.0497018024,0.0120084165,-0.0164415073,0.0281006563,0.00453680987,-0.03909247,0.0670478493,-0.0689723566,-0.00683937408,0.0030283574,-0.0165375322,-0.00169685087,-0.0900323913,0.000296151178,-0.0269077476,-5.98758743e-05,-0.0173525792,0.0922908857,0.171953365,-0.0471026711,-0.0672967061,0.000692419417,-0.00458836136,-0.0178244859,-0.0322880149,0.00738044456,-0.220867872,0.131018102,-0.0750428885,0.390579849,-0.108930945,0.112779491,-0.33672291,-0.079087317,0.079383716,0.378450751,-0.359868288,-0.0416028835,0.0243335925,0.170275375,0.0152991265,0.34508273,0.327350885,0.048595164,0.908175886,0.136750057,0.0420682058,0.0585420206,0.367036521,-0.354613781,-0.027740797,0.972334504,-0.160307884,-0.053050518,0.0619093105,-0.220867872,0.131018102,-0.0750428885,0.390579849,-0.108930945,0.112779491,-0.33672291,-0.079087317,0.079383716,0.378450751,-0.359868288,-0.0416028835,0.0243335925,0.170275375,0.0152991265,0.34508273,0.327350885,0.048595164,0.908175886,0.136750057,0.0420682058,0.0585420169,0.367036521,-0.354613781,-0.027740797,0.972334504,-0.160307884,-0.053050518,0.0619093105,-0.220867872,0.131018102,-0.0750428885,0.390579849,-0.108930945,0.112779491,-0.33672291,-0.079087317,0.079383716,0.378450751,-0.359868288,-0.0416028835,0.0243335925,0.170275375,0.0152991265,0.34508273,0.327350885,0.048595164,0.908175886,0.136750057,0.0420682058,0.0585420206,0.367036521,-0.354613781,-0.027740797,0.972334504,-0.160307884,-0.053050518,0.0619093105
0.374891711,3214793.61,0,0,0.014225882,4.22820449e-06,0,0.191659201,0,1,-0.698292315,0.00338155637,-0.00108157797,-0.715803862,0.0218004789,-0.0514350198,0.00281887432,2.24207754e-44,-2.24207754e-44,-2.24207754e-44,-0.258469433,0.0387748145,-0.0263801441,0.465570629,-0.214680448,-0.0251665786,-0.295340776,-0.0335904546,0.0590977781,0.449983567,-0.200068206,0.0358866341,0.0216110907,0.000137727271,-0.00521866884,0.320353776,0.232567653,0.0240695011,0.950064361,0.139468595,0.0549598634,0.0282407515,0.345663935,-0.296914876,-0.0180003755,0.97968179,-0.15591003,-0.049021177,0.061867319,0.0907696933,0.0204977933,-0.0197819527,-0.0495690592,0.00556073012,-0.0173927974,0.0358060487,0.000812745246,-0.0331675112,0.0698882341,-0.0486133732,-0.0035842678,0.000408247986,-0.0158847999,-0.000126956409,-0.0747880042,-0.000578287814,-0.0426313914,-0.000770752726,-0.0204575099,0.118910208,0.143565744,-0.0391103923,-0.0756584853,0.000629998685,-0.00235724193,-0.0175116491,-0.0139012812,0.00553981867,-0.220867872,0.131018102,-0.0750428885,0.390579849,-0.108930945,0.112779491,-0.33672291,-0.079087317,0.079383716,0.378450751,-0.359868288,-0.0416028835,0.0243335925,0.170275375,0.0152991265,0.34508273,0.327350885,0.048595164,0.908175886,0.136750057,0.0420682058,0.0585420206,0.367036521,-0.354613781,-0.027740797,0.972334504,-0.160307884,-0.053050518,0.0619093105,-0.220867872,0.131018102,-0.0750428885,0.390579849,-0.108930945,0.112779491,-0.33672291,-0.079087317,0.079383716,0.378450751,-0.359868288,-0.0416028835,0.0243335925,0.170275375,0.0152991265,0.34508273,0.327350885,0.048595164,0.908175886,0.136750057,0.0420682058,0.0585420169,0.367036521,-0.354613781,-0.027740797,0.972334504,-0.160307884,-0.053050518,0.0619093105,-0.220867872,0.131018102,-0.0750428885,0.390579849,-0.108930945,0.112779491,-0.33672291,-0.079087317,0.079383716,0.378450751,-0.359868288,-0.0416028835,0.0243335925,0.170275375,0.0152991265,0.34508273,0.327350885,0.048595164,0.908175886,0.136750057,0.0420682058,0.0585420206,0.367036521,-0.354613781,-0.027740797,0.972334504,-0.160307884,-0.053050518,0.0619093105
0.38587612,3214793.62,0,0,0.00521715498,4.33810055e-06,0,0.186983962,0.00834746659,1,-0.698285937,0.00310473354,-0.000981924939,-0.715811551,0.0259234533,-0.0544698797,0.00139462226,2.24207754e-44,-2.24207754e-44,-2.24207754e-44,-0.257537246,0.0389657058,-0.0265689902,0.465100676,-0.214655444,-0.0253466461,-0.294958442,-0.0335876755,0.0587919131,0.45067659,-0.200423405,0.035852842,0.0216079373,-1.13425749e-05,-0.00522424094,0.319711268,0.232558101,0.0236454271,0.950058699,0.139299765,0.0561640896,0.0294445232,0.345328718,-0.297698796,-0.0179953966,0.979662538,-0.156082243,-0.0491270795,0.0619178973,0.0939732939,0.0184145924,-0.0182646904,-0.0447875746,0.000507487741,-0.0184497498,0.039072305,9.5745665e-05,-0.029040955,0.0693903863,-0.027906606,-0.00342749059,-0.000699885946,-0.0141193746,-0.00100443477,-0.0565525107,-0.00115937926,-0.0408320725,-0.000351440161,-0.0145881809,0.118501753,0.103380792,-0.0296351276,-0.0799039155,0.000393733324,-0.00174429442,-0.0170050468,-0.0090706097,0.00479953829,-0.222082138,0.130820572,-0.076599367,0.388332546,-0.117278412,0.114004262,-0.334514678,-0.0815736949,0.0793227851,0.378570616,-0.361899376,-0.0395503603,0.0243194737,0.16765593,0.0187533088,0.34746331,0.324300289,0.0471230224,0.909405231,0.136282578,0.0446071774,0.0595733747,0.365203649,-0.355024397,-0.0271904767,0.972922444,-0.160552308,-0.0523272827,0.0614727288,-0.222082138,0.130820572,-0.076599367,0.388332546,-0.117278412,0.114004262,-0.334514678,-0.0815736949,0.0793227851,0.378570616,-0.361899376,-0.0395503603,0.0243194737,0.16765593,0.0187533088,0.34746331,0.324300289,0.0471230224,0.909405231,0.136282578,0.0446071774,0.0595733747,0.365203649,-0.355024397,-0.0271904767,0.972922444,-0.160552308,-0.052327279,0.0614727326,-0.222082138,0.130820572,-0.076599367,0.388332546,-0.117278412,0.114004262,-0.334514678,-0.0815736949,0.0793227851,0.378570616,-0.361899376,-0.0395503603,0.0243194737,0.16765593,0.0187533088,0.34746331,0.324300289,0.0471230224,0.909405231,0.136282578,0.0446071774,0.0595733747,0.365203649,-0.355024397,-0.0271904767,0.972922444,-0.160552308,-0.0523272827,0.0614727288
0.395891214,3214793.63,0,0,0.0152322487,6.54580072e-06,0,0.186983962,0,1,-0.698275506,0.00279720058,-0.000877370418,-0.715823114,0.02901184,-0.0606241859,0.00400459161,2.24207754e-44,-2.24207754e-44,-2.24207754e-44,-0.256529152,0.0391228423,-0.0267779734,0.464635044,-0.214681476,-0.0255091004,-0.294501603,-0.0336116739,0.0584852323,0.451364875,-0.200690135,0.0358462222,0.0215866026,-0.000142173361,-0.00522411056,0.319243699,0.232540801,0.0231132861,0.950053513,0.139102772,0.0574190356,0.0303957164,0.345082641,-0.298512101,-0.0179887936,0.979656279,-0.156253159,-0.0491927899,0.0619563423,0.10397391,0.0146159176,-0.0222598184,-0.0468281806,-0.00439572521,-0.0154405218,0.049199786,-0.00311525888,-0.0310092438,0.0679238886,-0.0236959942,0.000263329275,-0.00279524154,-0.0121978568,0.00016387942,-0.0394413769,-0.00211103889,-0.0586502552,-0.000476452842,-0.0211565793,0.126822606,0.0868535489,-0.02101117,-0.0819042698,0.000738316332,-0.000126364801,-0.0170473494,-0.00542047666,0.00337974052,-0.222082138,0.130820572,-0.076599367,0.388332546,-0.117278412,0.114004262,-0.334514678,-0.0815736949,0.0793227851,0.378570616,-0.361899376,-0.0395503603,0.0243194737,0.16765593,0.0187533088,0.34746331,0.324300289,0.0471230224,0.909405231,0.136282578,0.0446071774,0.0595733747,0.365203649,-0.355024397,-0.0271904767,0.972922444,-0.160552308,-0.0523272827,0.0614727288,-0.222082138,0.130820572,-0.076599367,0.388332546,-0.117278412,0.114004262,-0.334514678,-0.0815736949,0.0793227851,0.378570616,-0.361899376,-0.0395503603,0.0243194737,0.16765593,0.0187533088,0.34746331,0.324300289,0.0471230224,0.909405231,0.136282578,0.0446071774,0.0595733747,0.365203649,-0.355024397,-0.0271904767,0.972922444,-0.160552308,-0.052327279,0.0614727326,-0.222082138,0.130820572,-0.076599367,0.388332546,-0.117278412,0.114004262,-0.334514678,-0.0815736949,0.0793227851,0.378570616,-0.361899376,-0.0395503603,0.0243194737,0.16765593,0.0187533088,0.34746331,0.324300289,0.0471230224,0.909405231,0.136282578,0.0446071774,0.0595733747,0.365203649,-0.355024397,-0.0271904767,0.972922444,-0.160552308,-0.0523272827,0.0614727288
0.406896144,3214793.64,0,0,0.00622674404,1.02277845e-05,1.70924413e-05,0.196801964,0.0087903291,1,-0.698253155,0.00240518409,-0.000746403704,-0.715846479,0.0306280069,-0.0631292835,0.00817952398,2.24207754e-44,-2.24207754e-44,-2.24207754e-44,-0.255260944,0.0392925441,-0.0270693786,0.464094967,-0.214765921,-0.02569017,-0.293876797,-0.0336448252,0.0581112131,0.452177137,-0.200923964,0.0358499996,0.0215416215,-0.000264770351,-0.00522912527,0.318947792,0.232507095,0.0223866869,0.9500525,0.138873741,0.0588548407,0.0311810095,0.344905853,-0.299492449,-0.0179801378,0.979659736,-0.156454757,-0.0492452942,0.0619910248,0.106867857,0.0128406147,-0.0274642222,-0.0441739857,-0.00893423706,-0.0136618344,0.0548448935,-0.00440356229,-0.0344938263,0.0672380626,-0.0183178335,0.00107185205,-0.00621525943,-0.00880463794,-0.00042086016,-0.014638626,-0.00340988534,-0.0635454953,0.000290433818,-0.0195257701,0.115269318,0.0524658225,-0.0109585337,-0.0812783018,0.000831120473,0.000749126659,-0.0166945364,-0.00338537386,0.00242978754,-0.223136634,0.129952833,-0.0772705302,0.386669844,-0.126068741,0.11565394,-0.332848191,-0.0844078138,0.0798266381,0.377747566,-0.365691721,-0.0379427336,0.0241767857,0.165510595,0.0216402784,0.34750098,0.323038131,0.0459933504,0.909733713,0.13577567,0.0459669009,0.0603984967,0.3634215,-0.355313659,-0.026495235,0.973421216,-0.160771281,-0.0514690652,0.0610792786,-0.223136634,0.129952833,-0.0772705302,0.386669844,-0.126068741,0.11565394,-0.332848191,-0.0844078138,0.0798266381,0.377747566,-0.365691721,-0.0379427336,0.0241767857,0.165510595,0.0216402784,0.34750098,0.323038131,0.0459933504,0.909733713,0.13577567,0.0459669009,0.060398493,0.3634215,-0.355313659,-0.026495235,0.973421216,-0.160771281,-0.0514690652,0.0610792823,-0.223136634,0.129952833,-0.0772705302,0.386669844,-0.126068741,0.11565394,-0.332848191,-0.0844078138,0.0798266381,0.377747566,-0.365691721,-0.0379427336,0.0241767857,0.165510595,0.0216402784,0.34750098,0.323038131,0.0459933504,0.909733713,0.13577567,0.0459669009,0.0603984967,0.3634215,-0.355313659,-0.026495235,0.973421216,-0.160771281,-0.0514690652,0.0610792786
0.417876483,3214793.65,0,0,0.0172070833,4.69805673e-06,0.00037292912,0.196801964,0,1,-0.698203146,0.00206496613,-0.000631641829,-0.715896428,0.0312041938,-0.0650626272,0.0164396279,2.24207754e-44,-2.24207754e-44,-2.24207754e-44,-0.254174441,0.039393954,-0.0274072755,0.46364826,-0.214871719,-0.0257952381,-0.293277442,-0.0337282084,0.0576895475,0.452824771,-0.201101467,0.0358776078,0.0214462746,-0.000331306044,-0.00522539113,0.31886822,0.232450634,0.021677779,0.950065017,0.138642788,0.0600404777,0.0316191353,0.344831079,-0.300294578,-0.0179692656,0.979676247,-0.156621352,-0.0492637046,0.0620083883,0.108788311,0.00940621272,-0.0363987461,-0.0444023088,-0.0114030968,-0.00926902983,0.0614961423,-0.00914783217,-0.0445337966,0.0639433041,-0.0170956645,0.00314537133,-0.00926529896,-0.00515097054,0.000639582227,-0.00466645788,-0.00792914163,-0.0721018016,0.00205796049,-0.0224591494,0.120354287,0.0359018408,-0.00543923676,-0.0791321769,0.00115251867,0.00220107008,-0.0165616367,-0.00107177556,0.00140214735,-0.223136634,0.129952833,-0.0772705302,0.386669844,-0.126068741,0.11565394,-0.332848191,-0.0844078138,0.0798266381,0.377747566,-0.365691721,-0.0379427336,0.0241767857,0.165510595,0.0216402784,0.34750098,0.323038131,0.0459933504,0.909733713,0.13577567,0.0459669009,0.0603984967,0.3634215,-0.355313659,-0.026495235,0.973421216,-0.160771281,-0.0514690652,0.0610792786,-0.223136634,0.129952833,-0.0772705302,0.386669844,-0.126068741,0.11565394,-0.332848191,-0.0844078138,0.0798266381,0.377747566,-0.365691721,-0.0379427336,0.0241767857,0.165510595,0.0216402784,0.34750098,0.323038131,0.0459933504,0.909733713,0.13577567,0.0459669009,0.060398493,0.3634215,-0.355313659,-0.026495235,0.973421216,-0.160771281,-0.0514690652,0.0610792823,-0.223136634,0.129952833,-0.0772705302,0.386669844,-0.126068741,0.11565394,-0.332848191,-0.0844078138,0.0798266381,0.377747566,-0.365691721,-0.0379427336,0.0241767857,0.165510595,0.0216402784,0.34750098,0.323038131,0.0459933504,0.909733713,0.13577567,0.0459669009,0.0603984967,0.3634215,-0.355313659,-0.026495235,0.973421216,-0.160771281,-0.0514690652,0.0610792786
0.42787667,3214793.66,0,0,0.00719968788,4.39723954e-06,0.00144905958,0.229155179,0.00703725219,1,-0.698138356,0.00172686286,-0.000520895701,-0.715960562,0.0317153484,-0.0633294061,0.0199199058,2.24207754e-44,-2.24207754e-44,-2.24207754e-44,-0.253110021,0.0394884534,-0.0277942549,0.463219166,-0.214992523,-0.0258775819,-0.292672575,-0.0338066816,0.0572467595,0.453466475,-0.201260671,0.0359058082,0.0213812795,-0.000364392676,-0.0052181636,0.318851531,0.232323945,0.0209957324,0.950099707,0.138458595,0.0612584203,0.0318476334,0.344793856,-0.301058978,-0.0179576557,0.979704738,-0.156784832,-0.049266655,0.0620192625,0.105480053,0.0087489998,-0.0405688211,-0.0427742004,-0.012577204,-0.00624880102,0.0605449267,-0.00798843056,-0.0448818691,0.0636111945,-0.0154590514,0.00331234513,-0.00518888235,-0.00248505315,0.00108394399,-0.000159793781,-0.0157345962,-0.0675781965,0.00436710427,-0.0178866442,0.123755753,0.0165520683,-0.00300246733,-0.0745692253,0.00132722314,0.00334390928,-0.0163581185,0.000490047911,0.00079078431,-0.223156303,0.128407121,-0.0770354643,0.385918766,-0.133105993,0.117662288,-0.332088113,-0.0873235092,0.0808804929,0.376072794,-0.369889051,-0.0367305987,0.0240189321,0.163848579,0.0235479362,0.346104205,0.323265553,0.0452843681,0.909316599,0.13542828,0.0465295389,0.0609556958,0.361926377,-0.355743945,-0.0257020779,0.973894358,-0.161109433,-0.0506281853,0.060779646,-0.223156303,0.128407121,-0.0770354643,0.385918766,-0.133105993,0.117662288,-0.332088113,-0.0873235092,0.0808804929,0.376072794,-0.369889051,-0.0367305987,0.0240189321,0.163848579,0.0235479362,0.346104205,0.323265553,0.0452843681,0.909316599,0.13542828,0.0465295389,0.0609556921,0.361926377,-0.355743945,-0.0257020779,0.973894358,-0.161109433,-0.0506281853,0.0607796498,-0.223156303,0.128407121,-0.0770354643,0.385918766,-0.133105993,0.117662288,-0.332088113,-0.0873235092,0.0808804929,0.376072794,-0.369889051,-0.0367305987,0.0240189321,0.163848579,0.0235479362,0.346104205,0.323265553,0.0452843681,0.909316599,0.13542828,0.0465295389,0.0609556958,0.361926377,-0.355743945,-0.0257020779,0.973894358,-0.161109433,-0.0506281853,0.060779646
0.438877426,3214793.67,0,0,0.0182004441,4.84101474e-06,0.00390327186,0.229155179,0,1,-0.698038816,0.00132201938,-0.000401580241,-0.716058612,0.0333365835,-0.060445074,0.0250822809,2.24207754e-44,-2.24207754e-44,-2.24207754e-44,-0.251853138,0.0395688042,-0.0283207074,0.46268189,-0.215144083,-0.0258992407,-0.29193759,-0.0339200944,0.0566873774,0.454204232,-0.201438054,0.0359608456,0.0213337839,-0.000385364023,-0.00519829197,0.318875015,0.232067317,0.0201692022,0.950205445,0.138216108,0.0627451688,0.0319786258,0.344762415,-0.301911712,-0.0179365985,0.979753435,-0.156982809,-0.0492434017,0.0620222725,0.102674186,0.00605364656,-0.0457258262,-0.0453396328,-0.0123130241,-7.58989627e-05,0.0598908998,-0.0089153992,-0.0461060293,0.0610323995,-0.0139346011,0.00455861492,-0.0032134275,-0.00129028247,0.00149231602,0.00423429813,-0.0263049584,-0.0665798187,0.0140758967,-0.0197697617,0.118409537,0.00791876018,-0.00253261975,-0.0681358427,0.00191232387,0.00430440437,-0.0164416712,0.00254466804,3.2602386e-06,-0.223156303,0.128407121,-0.0770354643,0.385918766,-0.133105993,0.117662288,-0.332088113,-0.0873235092,0.0808804929,0.376072794,-0.369889051,-0.0367305987,0.0240189321,0.163848579,0.0235479362,0.346104205,0.323265553,0.0452843681,0.909316599,0.13542828,0.0465295389,0.0609556958,0.361926377,-0.355743945,-0.0257020779,0.973894358,-0.161109433,-0.0506281853,0.060779646,-0.223156303,0.128407121,-0.0770354643,0.385918766,-0.133105993,0.117662288,-0.332088113,-0.0873235092,0.0808804929,0.376072794,-0.369889051,-0.0367305987,0.0240189321,0.163848579,0.0235479362,0.346104205,0.323265553,0.0452843681,0.909316599,0.13542828,0.0465295389,0.0609556921,0.361926377,-0.355743945,-0.0257020779,0.973894358,-0.161109433,-0.0506281853,0.0607796498,-0.223156303,0.128407121,-0.0770354643,0.385918766,-0.133105993,0.117662288,-0.332088113,-0.0873235092,0.0808804929,0.376072794,-0.369889051,-0.0367305987,0.0240189321,0.163848579,0.0235479362,0.346104205,0.323265553,0.0452843681,0.909316599,0.13542828,0.0465295389,0.0609556958,0.361926377,-0.355743945,-0.0257020779,0.973894358,-0.161109433,-0.0506281853,0.060779646
0.448895745,3214793.68,0,0,0.00825899793,6.05126843e-06,0.00762860477,0.186217949,0.00421765447,1,-0.697983384,0.00112692837,-0.000351616211,-0.716112971,0.0334408842,-0.056987498,0.0261998475,2.24207754e-44,-2.24207754e-44,-2.24207754e-44,-0.251255274,0.0396067873,-0.0286011491,0.462412715,-0.215215892,-0.0258974712,-0.291594237,-0.0339625627,0.0564219989,0.454573333,-0.201516002,0.0359841585,0.0213172603,-0.000391353416,-0.00519227516,0.318919361,0.23188211,0.0197954774,0.950318635,0.138107523,0.0634021312,0.0320179388,0.344746798,-0.30230391,-0.017924957,0.979779243,-0.157080561,-0.0492270514,0.0620216615,0.0979389921,0.00657272758,-0.0471975952,-0.0444885343,-0.0118022319,0.00038304599,0.0557029061,-0.00599126378,-0.0431403406,0.0618519112,-0.0124869365,0.00348184956,-0.00254057464,-0.000861909415,0.000732106739,0.00916513987,-0.0331975333,-0.0598926172,0.0211911667,-0.0171631016,0.104589023,0.00598073052,-0.00265291473,-0.0639166385,0.00194414391,0.00427529262,-0.0162068177,0.00278388336,-0.000144469246,-0.222073376,0.126504943,-0.0763677508,0.386148453,-0.137323648,0.119738415,-0.332003534,-0.0899664909,0.0820541382,0.374129593,-0.373521626,-0.0359487757,0.0237677749,0.162540317,0.0245931111,0.343815982,0.324878275,0.0448294282,0.908519566,0.135182604,0.0465751551,0.0612402782,0.360871077,-0.356240332,-0.0249928907,0.974250793,-0.161489755,-0.0499118418,0.0604940653,-0.222073376,0.126504943,-0.0763677508,0.386148453,-0.137323648,0.119738415,-0.332003534,-0.0899664909,0.0820541382,0.374129593,-0.373521626,-0.0359487757,0.0237677749,0.162540317,0.0245931111,0.343815982,0.324878275,0.0448294319,0.908519566,0.135182604,0.0465751551,0.0612402745,0.360871077,-0.356240332,-0.0249928907,0.974250793,-0.161489755,-0.0499118418,0.060494069,-0.222073376,0.126504943,-0.0763677508,0.386148453,-0.137323648,0.119738415,-0.332003534,-0.0899664909,0.0820541382,0.374129593,-0.373521626,-0.0359487757,0.0237677749,0.162540317,0.0245931111,0.343815982,0.324878275,0.0448294282,0.908519566,0.135182604,0.0465751551,0.0612402782,0.360871077,-0.356240332,-0.0249928907,0.974250793,-0.161489755,-0.0499118418,0.0604940653
0.459875979,3214793.69,0,0,0.0192392319,4.26406041e-06,0.0136556923,0.186217949,0,1,-0.697842717,0.000682028185,-0.000256636995,-0.716250658,0.0349918045,-0.0522498675,0.0288038515,2.24207754e-44,-2.24207754e-44,-2.24207754e-44,-0.249898747,0.0396788158,-0.0292850807,0.461754262,-0.215375677,-0.0258059837,-0.290814012,-0.0340451002,0.0558360107,0.455393165,-0.201668546,0.0360461809,0.021289831,-0.000401652622,-0.00517193554,0.319106847,0.231346548,0.0189055856,0.950768173,0.137782231,0.0646694526,0.0320861898,0.344703853,-0.303135574,-0.017888939,0.97984463,-0.157313347,-0.0491680466,0.0620109551,0.0940058306,0.00522431033,-0.0495654196,-0.0476045087,-0.0108570671,0.00889453758,0.0532385334,-0.00428078184,-0.0397684015,0.0577095002,-0.00946230069,0.00395347597,-0.00152044708,-0.000542485621,0.00121146825,0.0184629653,-0.043340724,-0.0619231388,0.0382144228,-0.0239909701,0.0782586038,0.00410321727,-0.00347824907,-0.055645667,0.00280385092,0.00473594246,-0.0166381542,0.00475779781,-0.00103186339,-0.222073376,0.126504943,-0.0763677508,0.386148453,-0.137323648,0.119738415,-0.332003534,-0.0899664909,0.0820541382,0.374129593,-0.373521626,-0.0359487757,0.0237677749,0.162540317,0.0245931111,0.343815982,0.324878275,0.0448294282,0.908519566,0.135182604,0.0465751551,0.0612402782,0.360871077,-0.356240332,-0.0249928907,0.974250793,-0.161489755,-0.0499118418,0.0604940653,-0.222073376,0.126504943,-0.0763677508,0.386148453,-0.137323648,0.119738415,-0.332003534,-0.0899664909,0.0820541382,0.374129593,-0.373521626,-0.0359487757,0.0237677749,0.162540317,0.0245931111,0.343815982,0.324878275,0.0448294319,0.908519566,0.135182604,0.0465751551,0.0612402745,0.360871077,-0.356240332,-0.0249928907,0.974250793,-0.161489755,-0.0499118418,0.060494069,-0.222073376,0.126504943,-0.0763677508,0.386148453,-0.137323648,0.119738415,-0.332003534,-0.0899664909,0.0820541382,0.374129593,-0.373521626,-0.0359487757,0.0237677749,0.162540317,0.0245931111,0.343815982,0.324878275,0.0448294282,0.908519566,0.135182604,0.0465751551,0.0612402782,0.360871077,-0.356240332,-0.0249928907,0.974250793,-0.161489755,-0.0499118418,0.0604940653
0.469900999,3214793.7,0,0,0.00926973484,4.91505489e-06,0.0211572815,0.187727157,0.00259876251,1,-0.697739303,0.000384824467,-0.000212896077,-0.716351628,0.0355929881,-0.0471639484,0.0290368479,2.24207754e-44,-2.24207754e-44,-2.24207754e-44,-0.249002233,0.0397357196,-0.0297861844,0.461282074,-0.215478033,-0.0257063881,-0.29032439,-0.0340733118,0.0554526448,0.455972195,-0.201743752,0.0360760428,0.0212779082,-0.00040563225,-0.00516331568,0.319356918,0.230856642,0.0183260571,0.951183021,0.137558103,0.0653263181,0.0321203545,0.344660074,-0.30365321,-0.0178594422,0.979892075,-0.157479227,-0.0491169803,0.0619990043,0.0881223381,0.00550760282,-0.0502990559,-0.0475816876,-0.00984202884,0.0122370832,0.0477995984,-0.00223570806,-0.0370477736,0.0566836819,-0.00582215609,0.00291655678,-0.00101411715,-0.000387556094,0.00121584232,0.028517779,-0.0512466095,-0.0591108166,0.0441596098,-0.0241773799,0.058768779,0.00294688554,-0.00522147398,-0.0495071672,0.00320800487,0.00487698475,-0.0168344136,0.00566348946,-0.00137816113,-0.220136166,0.124265313,-0.0754681155,0.387231976,-0.137963474,0.121639706,-0.332241446,-0.0925136954,0.0833116919,0.372193635,-0.376001358,-0.035576418,0.0234037451,0.161908761,0.0247828849,0.34121722,0.327398807,0.0446159989,0.907541692,0.1349971,0.0463416055,0.0612737015,0.360405028,-0.356749237,-0.0244005919,0.974485934,-0.161946908,-0.0493075773,0.0603165254,-0.220136166,0.124265313,-0.0754681155,0.387231976,-0.137963474,0.121639706,-0.332241446,-0.0925136954,0.0833116919,0.372193635,-0.376001358,-0.035576418,0.0234037451,0.161908761,0.0247828849,0.34121722,0.327398807,0.0446160026,0.907541692,0.1349971,0.0463416055,0.0612737052,0.360405028,-0.356749237,-0.0244005919,0.974485934,-0.161946908,-0.049307581,0.0603165254,-0.220136166,0.124265313,-0.0754681155,0.387231976,-0.137963474,0.121639706,-0.332241446,-0.0925136954,0.0833116919,0.372193635,-0.376001358,-0.035576418,0.0234037451,0.161908761,0.0247828849,0.34121722,0.327398807,0.0446159989,0.907541692,0.1349971,0.0463416055,0.0612737015,0.360405028,-0.356749237,-0.0244005919,0.974485934,-0.161946908,-0.0493075773,0.0603165254
0.480879372,3214793.71,0,0,0.000208959915,5.84311783e-06,0.0317562073,0.195594039,0.00317725539,1,-0.697615445,4.48434439e-05,-0.000184550197,-0.716472387,0.0363616236,-0.0409880839,0.0285590831,2.24207754e-44,-2.24207754e-44,-2.24207754e-44,-0.247988358,0.0398029387,-0.0303849466,0.460709661,-0.215584889,-0.0255240854,-0.289792866,-0.0340926461,0.05502275,0.45664221,-0.201780871,0.0361004509,0.021269219,-0.000409301894,-0.00514705246,0.319779187,0.230192006,0.0176049825,0.951741099,0.13725546,0.0659096166,0.0321459994,0.344576627,-0.304201275,-0.017817596,0.979952157,-0.157683268,-0.0490416139,0.0619800426,0.08091335,0.00599084934,-0.0495008267,-0.0472285599,-0.00823092368,0.016380636,0.0405484997,-0.00120251335,-0.0355377384,0.0562268831,-0.00135794689,0.000986811472,-0.000516362605,-0.000207956284,0.00115937227,0.0404998921,-0.0590973347,-0.0585855991,0.0468285754,-0.023833612,0.0416331403,0.00158375804,-0.00822545402,-0.0428102277,0.00358317466,0.0050227968,-0.0169555303,0.00650351588,-0.00166427146,-0.220136166,0.124265313,-0.0754681155,0.387231976,-0.137963474,0.121639706,-0.332241446,-0.0925136954,0.0833116919,0.372193635,-0.376001358,-0.035576418,0.0234037451,0.161908761,0.0247828849,0.34121722,0.327398807,0.0446159989,0.907541692,0.1349971,0.0463416055,0.0612737015,0.360405028,-0.356749237,-0.0244005919,0.974485934,-0.161946908,-0.0493075773,0.0603165254,-0.217725784,0.121901795,-0.0745667219,0.388808072,-0.135732412,0.123235151,-0.332527906,-0.0948474854,0.0845587254,0.370388269,-0.377672255,-0.0356111862,0.0229889657,0.161766276,0.0243144706,0.338713884,0.330576062,0.044597581,0.906630456,0.134841993,0.045837529,0.0611326322,0.360662311,-0.357231855,-0.0239375085,0.974572837,-0.162529781,-0.0487584434,0.0602530017,-0.217725784,0.121901795,-0.0745667219,0.388808072,-0.135732412,0.123235151,-0.332527906,-0.0948474854,0.0845587254,0.370388269,-0.377672255,-0.0356111862,0.0229889657,0.161766276,0.0243144706,0.338713884,0.330576062,0.044597581,0.906630456,0.134841993,0.045837529,0.0611326322,0.360662311,-0.357231855,-0.0239375085,0.974572837,-0.162529781,-0.0487584397,0.0602530017
0.491876155,3214793.72,0,0,0.0112057426,4.3050386e-06,0.0450184382,0.195594039,0,1,-0.697513103,-0.000219734648,-0.000183702505,-0.716571987,0.0373318195,-0.0368723758,0.0288919825,2.24207754e-44,-2.24207754e-44,-2.24207754e-44,-0.247218803,0.0398609266,-0.0308752954,0.460247606,-0.215662181,-0.0252988264,-0.28942138,-0.0341022164,0.054673329,0.457199872,-0.201767504,0.03609851,0.0212661549,-0.000411020155,-0.00513353851,0.32023564,0.22957024,0.0170122888,0.952219725,0.137021333,0.0662509724,0.0321538486,0.344483525,-0.304596394,-0.0177799817,0.980002046,-0.157855049,-0.048972629,0.0619626641,0.0754453838,0.00497372076,-0.0487476438,-0.045826938,-0.00751254754,0.0303139742,0.0366000645,-0.000929320988,-0.0338649787,0.0541326553,0.00364707643,-0.000712078647,-0.000190482315,-0.000213181571,0.00188741588,0.0478005186,-0.062661916,-0.0632477477,0.0502340347,-0.0254678465,0.0294748116,0.000112064634,-0.00966248475,-0.0375842117,0.00398100354,0.00497845234,-0.0176069289,0.00737207895,-0.00180066039,-0.217725784,0.121901795,-0.0745667219,0.388808072,-0.135732412,0.123235151,-0.332527906,-0.0948474854,0.0845587254,0.370388269,-0.377672255,-0.0356111862,0.0229889657,0.161766276,0.0243144706,0.338713884,0.330576062,0.044597581,0.906630456,0.134841993,0.045837529,0.0611326322,0.360662311,-0.357231855,-0.0239375085,0.974572837,-0.162529781,-0.0487584397,0.0602530017,-0.217725784,0.121901795,-0.0745667219,0.388808072,-0.135732412,0.123235151,-0.332527906,-0.0948474854,0.0845587254,0.370388269,-0.377672255,-0.0356111862,0.0229889657,0.161766276,0.0243144706,0.338713884,0.330576062,0.044597581,0.906630456,0.134841993,0.045837529,0.0611326322,0.360662311,-0.357231855,-0.0239375085,0.974572837,-0.162529781,-0.0487584434,0.0602530017,-0.217725784,0.121901795,-0.0745667219,0.388808072,-0.135732412,0.123235151,-0.332527906,-0.0948474854,0.0845587254,0.370388269,-0.377672255,-0.0356111862,0.0229889657,0.161766276,0.0243144706,0.338713884,0.330576062,0.044597581,0.906630456,0.134841993,0.045837529,0.0611326322,0.360662311,-0.357231855,-0.0239375085,0.974572837,-0.162529781,-0.0487584397,0.0602530017
0.501876487,3214793.73,0,0,0.00125304796,4.63193282e-06,0.0594593734,0.179450028,0.00486236811,1,-0.697409451,-0.000474263099,-0.00019908711,-0.716672719,0.0378431715,-0.0323981158,0.0288012065,2.24207754e-44,-2.24207754e-44,-2.24207754e-44,-0.246493906,0.0399092622,-0.0313582011,0.459789664,-0.215727955,-0.0249633864,-0.289083838,-0.0341094062,0.0543413162,0.45773682,-0.20170562,0.0360771269,0.0212665778,-0.000412156631,-0.00511346757,0.320756555,0.228922591,0.0163612999,0.952728271,0.136775523,0.0664940551,0.0321462117,0.344381601,-0.304942936,-0.017738672,0.980051219,-0.158032849,-0.0488958471,0.0619443506,0.0702870339,0.00503312703,-0.0480089784,-0.0458515063,-0.00585445808,0.0336084887,0.0312454402,-0.000551615958,-0.0330866054,0.0540357232,0.00760446675,-0.00327156996,0.000202040101,-1.834664e-05,0.00195085176,0.0552841164,-0.066624172,-0.0650063157,0.0503646098,-0.0228728633,0.0213295314,-0.00127112749,-0.0105811348,-0.032661017,0.00418697251,0.00486904383,-0.017788684,0.0077842013,-0.0018386197,-0.214995176,0.119371958,-0.0736966506,0.390797287,-0.130870044,0.124406546,-0.332776606,-0.0970668793,0.0858359933,0.368790537,-0.37864095,-0.0359884165,0.0226459615,0.162129313,0.0232790783,0.336632729,0.333925366,0.0447062403,0.905841053,0.134678409,0.0451200604,0.060860537,0.36141932,-0.357647359,-0.0235455353,0.974482179,-0.16327928,-0.0482104719,0.0602672845,-0.214995176,0.119371958,-0.0736966506,0.390797287,-0.130870044,0.124406546,-0.332776606,-0.0970668793,0.0858359933,0.368790537,-0.37864095,-0.0359884165,0.0226459615,0.162129313,0.0232790783,0.336632729,0.333925366,0.0447062403,0.905841053,0.134678409,0.0451200604,0.060860537,0.36141932,-0.357647359,-0.0235455353,0.974482179,-0.16327928,-0.0482104719,0.0602672808,-0.214995176,0.119371958,-0.0736966506,0.390797287,-0.130870044,0.124406546,-0.332776606,-0.0970668793,0.0858359933,0.368790537,-0.37864095,-0.0359884165,0.0226459615,0.162129313,0.0232790783,0.336632729,0.333925366,0.0447062403,0.905841053,0.134678409,0.0451200604,0.060860537,0.36141932,-0.357647359,-0.0235455353,0.974482179,-0.16327928,-0.0482104719,0.0602672845
0.512877208,3214793.74,0,0,0.0122537687,4.66406345e-06,0.078005299,0.179450028,0,1,-0.697283626,-0.000763207499,-0.000238741428,-0.716794908,0.038955979,-0.0289149452,0.0299546402,2.24207754e-44,-2.24207754e-44,-2.24207754e-44,-0.245689288,0.039962329,-0.0319310389,0.459245771,-0.215786234,-0.0244941469,-0.288739532,-0.0341142155,0.0539560951,0.458374172,-0.201568499,0.0360157304,0.0212723874,-0.000411662535,-0.00508581474,0.321465373,0.228103891,0.0155538358,0.953345299,0.13651596,0.0666858777,0.0321166813,0.344258755,-0.305296212,-0.0176861957,0.980106592,-0.158252209,-0.0487776585,0.0619226657,0.0658063367,0.00322150416,-0.0476779565,-0.0451620705,-0.00416873069,0.0462772958,0.0285486747,-0.000398180535,-0.0306267124,0.0511549786,0.0154164657,-0.00635455223,0.000681851641,2.09787559e-05,0.00284987199,0.0605626963,-0.0679402798,-0.0717675909,0.0541145168,-0.0227278024,0.0117313648,-0.00347622414,-0.00927325711,-0.0274376813,0.00457451586,0.00437690783,-0.0189267341,0.0121587422,-0.00177006202,-0.214995176,0.119371958,-0.0736966506,0.390797287,-0.130870044,0.124406546,-0.332776606,-0.0970668793,0.0858359933,0.368790537,-0.37864095,-0.0359884165,0.0226459615,0.162129313,0.0232790783,0.336632729,0.333925366,0.0447062403,0.905841053,0.134678409,0.0451200604,0.060860537,0.36141932,-0.357647359,-0.0235455353,0.974482179,-0.16327928,-0.0482104719,0.0602672845,-0.214995176,0.119371958,-0.0736966506,0.390797287,-0.130870044,0.124406546,-0.332776606,-0.0970668793,0.0858359933,0.368790537,-0.37864095,-0.0359884165,0.0226459615,0.162129313,0.0232790783,0.336632729,0.333925366,0.0447062403,0.905841053,0.134678409,0.0451200604,0.060860537,0.36141932,-0.357647359,-0.0235455353,0.974482179,-0.16327928,-0.0482104719,0.0602672808,-0.214995176,0.119371958,-0.0736966506,0.390797287,-0.130870044,0.124406546,-0.332776606,-0.0970668793,0.0858359933,0.368790537,-0.37864095,-0.0359884165,0.0226459615,0.162129313,0.0232790783,0.336632729,0.333925366,0.0447062403,0.905841053,0.134678409,0.0451200604,0.060860537,0.36141932,-0.357647359,-0.0235455353,0.974482179,-0.16327928,-0.0482104719,0.0602672845
0.522878903,3214793.75,0,0,0.00221358705,5.52786514e-06,0.0972832739,0.194041058,0.00559669733,1,-0.697174549,-0.000996430987,-0.00028564455,-0.716900706,0.0393482856,-0.0252682324,0.0305917189,2.24207754e-44,-2.24207754e-44,-2.24207754e-44,-0.245055094,0.0399916656,-0.0324073285,0.458793581,-0.215818286,-0.0240352787,-0.288473904,-0.0341164246,0.0536579229,0.458872795,-0.201350838,0.0359337404,0.0212817062,-0.000410253386,-0.00505730417,0.322101146,0.227410182,0.0148340808,0.953879416,0.136316314,0.0667801946,0.0320716649,0.344178528,-0.305546939,-0.0176396091,0.980148792,-0.158442944,-0.0486565791,0.0619054101,0.0614626519,0.00300818821,-0.0475829691,-0.045109611,-0.0026360692,0.0440664254,0.0247174725,-7.07367362e-05,-0.0295474473,0.0493584238,0.0261344388,-0.0094816247,0.00109939999,0.000242925336,0.0027391382,0.065837808,-0.0707498491,-0.0706654638,0.0519382544,-0.017229287,0.00857599732,-0.0053221588,-0.00722392788,-0.0234733745,0.0046826778,0.00414431561,-0.0190443192,0.0114183649,-0.00169765716,-0.212290674,0.117079511,-0.0729009435,0.392740428,-0.125273347,0.125093192,-0.333089679,-0.0987818092,0.0869218558,0.367269158,-0.38002637,-0.0366297923,0.0224602669,0.162479967,0.0219564326,0.335121423,0.337064326,0.0448872596,0.9052369,0.134614527,0.0443617441,0.0605178103,0.362420976,-0.357986748,-0.0231452361,0.974195659,-0.164176419,-0.0476553217,0.0603021756,-0.212290674,0.117079511,-0.0729009435,0.392740428,-0.125273347,0.125093192,-0.333089679,-0.0987818092,0.0869218558,0.367269158,-0.38002637,-0.0366297923,0.0224602669,0.162479967,0.0219564326,0.335121423,0.337064326,0.0448872633,0.9052369,0.134614527,0.0443617441,0.0605178177,0.362420976,-0.357986748,-0.0231452361,0.974195659,-0.164176419,-0.0476553217,0.0603021756,-0.212290674,0.117079511,-0.0729009435,0.392740428,-0.125273347,0.125093192,-0.333089679,-0.0987818092,0.0869218558,0.367269158,-0.38002637,-0.0366297923,0.0224602669,0.162479967,0.0219564326,0.335121423,0.337064326,0.0448872596,0.9052369,0.134614527,0.0443617441,0.0605178103,0.362420976,-0.357986748,-0.0231452361,0.974195659,-0.164176419,-0.0476553217,0.0603021756
0.532892478,3214793.76,0,0,0.0122271618,7.2196126e-06,0.118853167,0.194041058,0,1,-0.697063088,-0.00122264819,-0.000343565422,-0.71700865,0.0403157622,-0.0240547862,0.031265825,2.24207754e-44,-2.24207754e-44,-2.24207754e-44,-0.24445118,0.0400160253,-0.0328783542,0.458342999,-0.215834185,-0.023580512,-0.288219184,-0.0341160074,0.0533773191,0.459316075,-0.200958297,0.035818845,0.0212965682,-0.000407676474,-0.00502544828,0.322778881,0.226712763,0.0141328648,0.954395175,0.136162043,0.0668526441,0.0319394991,0.34412238,-0.30576095,-0.0175906308,0.980186641,-0.158688709,-0.0485021621,0.0618892275,0.060199365,0.00189272675,-0.0466424525,-0.0451725796,-0.000896194251,0.0470955446,0.0265984964,0.000102301368,-0.0267358664,0.0404953882,0.0485609695,-0.0128178392,0.0017528201,0.00024896473,0.0035502289,0.0687267929,-0.0682556406,-0.0700198412,0.0518718101,-0.0144801019,0.00630524242,-0.0203489885,-0.00459679635,-0.0201742202,0.00506514776,0.00355348736,-0.0286002792,0.0193225238,-0.00155553094,-0.212290674,0.117079511,-0.0729009435,0.392740428,-0.125273347,0.125093192,-0.333089679,-0.0987818092,0.0869218558,0.367269158,-0.38002637,-0.0366297923,0.0224602669,0.162479967,0.0219564326,0.335121423,0.337064326,0.0448872596,0.9052369,0.134614527,0.0443617441,0.0605178103,0.362420976,-0.357986748,-0.0231452361,0.974195659,-0.164176419,-0.0476553217,0.0603021756,-0.212290674,0.117079511,-0.0729009435,0.392740428,-0.125273347,0.125093192,-0.333089679,-0.0987818092,0.0869218558,0.367269158,-0.38002637,-0.0366297923,0.0224602669,0.162479967,0.0219564326,0.335121423,0.337064326,0.0448872633,0.9052369,0.134614527,0.0443617441,0.0605178177,0.362420976,-0.357986748,-0.0231452361,0.974195659,-0.164176419,-0.0476553217,0.0603021756,-0.212290674,0.117079511,-0.0729009435,0.392740428,-0.125273347,0.125093192,-0.333089679,-0.0987818092,0.0869218558,0.367269158,-0.38002637,-0.0366297923,0.0224602669,0.162479967,0.0219564326,0.335121423,0.337064326,0.0448872596,0.9052369,0.134614527,0.0443617441,0.0605178103,0.362420976,-0.357986748,-0.0231452361,0.974195659,-0.164176419,-0.0476553217,0.0603021756
0.543881165,3214793.78,0,0,0.00327675603,7.09621236e-06,0.14505744,0.193769112,0.0051638782,1,-0.69695121,-0.00144555757,-0.000410948036,-0.717116952,0.0409932733,-0.0212749597,0.0309959035,2.24207754e-44,-2.24207754e-44,-2.24207754e-44,-0.243867487,0.0400325768,-0.0333382301,0.45789355,-0.215837166,-0.023130849,-0.287973017,-0.0341132917,0.0531238802,0.459717453,-0.200413465,0.0356718823,0.0213166606,-0.000404421764,-0.00499006221,0.323487639,0.22604005,0.01346,0.954897583,0.136033311,0.0669098347,0.031647034,0.344084531,-0.305945635,-0.0175390616,0.98022151,-0.158962026,-0.0482955053,0.061874412,0.056724418,0.00160459161,-0.0455923341,-0.0445848033,-3.70292146e-05,0.0427920073,0.0225676224,0.000391060195,-0.0245808307,0.0408049822,0.0572756268,-0.0159201548,0.0021437637,0.000391575886,0.00344381458,0.0723698139,-0.0669095516,-0.0650405362,0.0487494133,-0.0120955659,0.00548506109,-0.0343665592,-0.00338680763,-0.017354181,0.00518521992,0.0034855057,-0.0251684655,0.0204219837,-0.00143917906,-0.209727883,0.11498747,-0.0722620115,0.394657582,-0.120109469,0.125409082,-0.333532065,-0.100171596,0.0878686309,0.365732223,-0.382273942,-0.0373645537,0.0224052519,0.162788421,0.0206879005,0.33414951,0.339716762,0.0450955182,0.904797912,0.134734914,0.0436447747,0.0600359067,0.363492221,-0.358353376,-0.0226922929,0.973714352,-0.165250257,-0.0470539555,0.0602906495,-0.209727883,0.11498747,-0.0722620115,0.394657582,-0.120109469,0.125409082,-0.333532065,-0.100171596,0.0878686309,0.365732223,-0.382273942,-0.0373645537,0.0224052519,0.162788421,0.0206879005,0.33414951,0.339716762,0.045095522,0.904797912,0.134734914,0.0436447747,0.0600359142,0.363492221,-0.358353376,-0.0226922929,0.973714352,-0.165250257,-0.0470539555,0.0602906458,-0.209727883,0.11498747,-0.0722620115,0.394657582,-0.120109469,0.125409082,-0.333532065,-0.100171596,0.0878686309,0.365732223,-0.382273942,-0.0373645537,0.0224052519,0.162788421,0.0206879005,0.33414951,0.339716762,0.0450955182,0.904797912,0.134734914,0.0436447747,0.0600359067,0.363492221,-0.358353376,-0.0226922929,0.973714352,-0.165250257,-0.0470539555,0.0602906495
0.554875969,3214793.79,0,0,0.0142715601,4.54718247e-06,0.173808262,0.193769112,0,1,-0.696818888,-0.00171041023,-0.000500402006,-0.717244923,0.0418414362,-0.0219039917,0.0304020587,2.24207754e-44,-2.24207754e-44,-2.24207754e-44,-0.243187785,0.0400480181,-0.0338717215,0.45736149,-0.215828508,-0.0226229355,-0.287700027,-0.0341065265,0.0528497957,0.460191399,-0.199659541,0.0354469866,0.0213479046,-0.000398229749,-0.00493385131,0.324369431,0.225275919,0.0127084525,0.955473959,0.135896102,0.0669697449,0.0310698394,0.344050109,-0.30613625,-0.0174733717,0.980258346,-0.159438178,-0.0479793772,0.06185757,0.0578111224,0.00104148278,-0.0436201282,-0.0448223092,0.00130536361,0.0420710817,0.0240761098,0.000662257255,-0.0216878224,0.0377945825,0.0678380728,-0.0218005963,0.00294393185,0.000602795859,0.00593453506,0.0739954486,-0.0605089366,-0.0614631064,0.0480249338,-0.0111298244,0.00466724532,-0.0594954081,-0.00258276216,-0.014940232,0.00568985986,0.00275093759,-0.0549487136,0.0327266492,-0.00138570869,-0.209727883,0.11498747,-0.0722620115,0.394657582,-0.120109469,0.125409082,-0.333532065,-0.100171596,0.0878686309,0.365732223,-0.382273942,-0.0373645537,0.0224052519,0.162788421,0.0206879005,0.33414951,0.339716762,0.0450955182,0.904797912,0.134734914,0.0436447747,0.0600359067,0.363492221,-0.358353376,-0.0226922929,0.973714352,-0.165250257,-0.0470539555,0.0602906495,-0.209727883,0.11498747,-0.0722620115,0.394657582,-0.120109469,0.125409082,-0.333532065,-0.100171596,0.0878686309,0.365732223,-0.382273942,-0.0373645537,0.0224052519,0.162788421,0.0206879005,0.33414951,0.339716762,0.045095522,0.904797912,0.134734914,0.0436447747,0.0600359142,0.363492221,-0.358353376,-0.0226922929,0.973714352,-0.165250257,-0.0470539555,0.0602906458,-0.209727883,0.11498747,-0.0722620115,0.394657582,-0.120109469,0.125409082,-0.333532065,-0.100171596,0.0878686309,0.365732223,-0.382273942,-0.0373645537,0.0224052519,0.162788421,0.0206879005,0.33414951,0.339716762,0.0450955182,0.904797912,0.134734914,0.0436447747,0.0600359067,0.363492221,-0.358353376,-0.0226922929,0.973714352,-0.165250257,-0.0470539555,0.0602906495
0.564877999,3214793.8,0,0,0.00419032201,5.42635098e-06,0.202028185,0.213100575,0.00395470858,1,-0.696711123,-0.00192805903,-0.000581183471,-0.717348993,0.0419661552,-0.018531289,0.0297054667,2.24207754e-44,-2.24207754e-44,-2.24207754e-44,-0.242638752,0.0400596745,-0.0343003087,0.456926703,-0.215816587,-0.0222308692,-0.287495166,-0.0340978801,0.0526404977,0.460591823,-0.198977455,0.0351991728,0.0213786531,-0.000390664558,-0.00488458853,0.325123399,0.224685043,0.0121173859,0.955940008,0.135787725,0.0670162067,0.0304223206,0.344027728,-0.306276113,-0.0174157377,0.980286598,-0.15990606,-0.0476760827,0.0618443601,0.0527625754,0.0012793513,-0.0424711779,-0.0424385667,0.00101545919,0.0369854085,0.0178742651,0.000988965039,-0.020589035,0.0417322442,0.0685733482,-0.026832452,0.0031363829,0.000855385151,0.00439919299,0.0761976689,-0.0585342348,-0.057388667,0.0455163755,-0.0106680114,0.00466968631,-0.0667253509,-0.00205594208,-0.0133423964,0.0057824268,0.0028865037,-0.0393422805,0.0275289845,-0.00128374679,-0.207493633,0.113007247,-0.0718276575,0.396368772,-0.11615476,0.125513032,-0.334062308,-0.101431355,0.0887117386,0.364209831,-0.385478675,-0.0380908176,0.022445187,0.162954777,0.0197010078,0.3336519,0.341779172,0.045308277,0.904426217,0.135005057,0.0430586934,0.059342362,0.364584327,-0.35875842,-0.0221514571,0.973105967,-0.166516766,-0.0463971421,0.0601939708,-0.207493633,0.113007247,-0.0718276575,0.396368772,-0.11615476,0.125513032,-0.334062308,-0.101431355,0.0887117386,0.364209831,-0.385478675,-0.0380908176,0.022445187,0.162954777,0.0197010078,0.3336519,0.341779172,0.045308277,0.904426217,0.135005057,0.0430586934,0.059342362,0.364584327,-0.35875842,-0.0221514571,0.973105967,-0.166516766,-0.0463971458,0.0601939671,-0.207493633,0.113007247,-0.0718276575,0.396368772,-0.11615476,0.125513032,-0.334062308,-0.101431355,0.0887117386,0.364209831,-0.385478675,-0.0380908176,0.022445187,0.162954777,0.0197010078,0.3336519,0.341779172,0.045308277,0.904426217,0.135005057,0.0430586934,0.059342362,0.364584327,-0.35875842,-0.0221514571,0.973105967,-0.166516766,-0.0463971421,0.0601939708
0.574879135,3214793.81,0,0,0.014191458,5.63124195e-06,0.232064247,0.213100575,0,1,-0.696605563,-0.00214198371,-0.000665632135,-0.717450798,0.0418623127,-0.0184897967,0.0291825011,2.24207754e-44,-2.24207754e-44,-2.24207754e-44,-0.242111161,0.04007091,-0.0347176231,0.456511915,-0.215805143,-0.0218511317,-0.287319839,-0.0340862572,0.0524423905,0.46103096,-0.198351637,0.0348957367,0.0214174818,-0.000379957317,-0.00483133364,0.325884551,0.224131048,0.0115657663,0.956390858,0.135685042,0.0670603812,0.0296642706,0.344010919,-0.306405902,-0.0173538961,0.980309784,-0.160440877,-0.0473527871,0.061830353,0.0520428903,0.00111003022,-0.0414198898,-0.0408329256,0.00111127296,0.0376585163,0.0167310294,0.00127025216,-0.0195046943,0.0448488444,0.0608201809,-0.0323928893,0.00412008073,0.00120485655,0.0051887189,0.0763675719,-0.0537389256,-0.0536857285,0.044611346,-0.010063298,0.00433420669,-0.0799315944,-0.0014560282,-0.0127286753,0.00635707984,0.0021287899,-0.0580547005,0.0338921323,-0.00143777614,-0.207493633,0.113007247,-0.0718276575,0.396368772,-0.11615476,0.125513032,-0.334062308,-0.101431355,0.0887117386,0.364209831,-0.385478675,-0.0380908176,0.022445187,0.162954777,0.0197010078,0.3336519,0.341779172,0.045308277,0.904426217,0.135005057,0.0430586934,0.059342362,0.364584327,-0.35875842,-0.0221514571,0.973105967,-0.166516766,-0.0463971421,0.0601939708,-0.207493633,0.113007247,-0.0718276575,0.396368772,-0.11615476,0.125513032,-0.334062308,-0.101431355,0.0887117386,0.364209831,-0.385478675,-0.0380908176,0.022445187,0.162954777,0.0197010078,0.3336519,0.341779172,0.045308277,0.904426217,0.135005057,0.0430586934,0.059342362,0.364584327,-0.35875842,-0.0221514571,0.973105967,-0.166516766,-0.0463971458,0.0601939671,-0.207493633,0.113007247,-0.0718276575,0.396368772,-0.11615476,0.125513032,-0.334062308,-0.101431355,0.0887117386,0.364209831,-0.385478675,-0.0380908176,0.022445187,0.162954777,0.0197010078,0.3336519,0.341779172,0.045308277,0.904426217,0.135005057,0.0430586934,0.059342362,0.364584327,-0.35875842,-0.0221514571,0.973105967,-0.166516766,-0.0463971421,0.0601939708
0.584894352,3214793.82,0,0,0.004235778,4.7259964e-06,0.263800412,0.183112919,0.00358867645,1,-0.696500182,-0.00234895432,-0.000753893051,-0.717552364,0.0412372127,-0.0164912306,0.0294206683,2.24207754e-44,-2.24207754e-44,-2.24207754e-44,-0.241610661,0.0400833897,-0.0351317078,0.456115544,-0.215796828,-0.0214985628,-0.287169635,-0.0340721086,0.0522474833,0.461484373,-0.197730318,0.0345491618,0.0214583874,-0.000365663407,-0.00478417007,0.326651752,0.223606035,0.0110504404,0.956825972,0.13558653,0.0671039298,0.0288576335,0.34399882,-0.306529284,-0.017289415,0.980330765,-0.160966933,-0.0470372289,0.0618160032,0.048495736,0.00137609744,-0.0415407829,-0.0387035348,0.0005768665,0.0333683752,0.0137625476,0.00150969333,-0.019622907,0.0456121899,0.0634144992,-0.0359140299,0.00402609818,0.00164795411,0.00445079664,0.0767923668,-0.0520623252,-0.0500874817,0.0427606888,-0.00972562376,0.00439679576,-0.0796508268,-0.00107213145,-0.0120984223,0.0064724437,0.00210826239,-0.0469096787,0.0289858971,-0.00142560981,-0.205511659,0.111156017,-0.0715508237,0.397887588,-0.113160416,0.125461981,-0.334706604,-0.102591231,0.0894649476,0.362827212,-0.389067352,-0.0387275182,0.0225108601,0.162896037,0.019068487,0.333522052,0.343302131,0.0455051251,0.904099882,0.135375097,0.0426938795,0.0584087595,0.365602344,-0.359134138,-0.0215135235,0.972442806,-0.167870238,-0.0457632989,0.0599979609,-0.205511659,0.111156017,-0.0715508237,0.397887588,-0.113160416,0.125461981,-0.334706604,-0.102591231,0.0894649476,0.362827212,-0.389067352,-0.0387275182,0.0225108601,0.162896037,0.019068487,0.333522052,0.343302131,0.0455051251,0.904099882,0.135375097,0.0426938795,0.058408767,0.365602344,-0.359134138,-0.0215135235,0.972442806,-0.167870238,-0.0457632989,0.0599979609,-0.205511659,0.111156017,-0.0715508237,0.397887588,-0.113160416,0.125461981,-0.334706604,-0.102591231,0.0894649476,0.362827212,-0.389067352,-0.0387275182,0.0225108601,0.162896037,0.019068487,0.333522052,0.343302131,0.0455051251,0.904099882,0.135375097,0.0426938795,0.0584087595,0.365602344,-0.359134138,-0.0215135235,0.972442806,-0.167870238,-0.0457632989,0.0599979609
0.594895428,3214793.83,0,0,0.0142368544,5.46732917e-06,0.296965301,0.183112919,0,1,-0.696395576,-0.00255083875,-0.000840687833,-0.717653155,0.0400424637,-0.0171695929,0.0287511311,2.24207754e-44,-2.24207754e-44,-2.24207754e-44,-0.241129562,0.0400995575,-0.0355455242,0.455742359,-0.215794668,-0.0211681891,-0.287038773,-0.0340504386,0.0520583689,0.461968392,-0.197175384,0.0341741852,0.0215153806,-0.00034086511,-0.00472651795,0.327406526,0.223100349,0.0105788559,0.957244635,0.13549377,0.0671480298,0.0280329045,0.343991339,-0.306652427,-0.0172215831,0.980347514,-0.16151917,-0.046731893,0.0617995858,0.0480398834,0.00186558347,-0.0413179994,-0.0363966264,-4.28242201e-05,0.0332053341,0.0129065085,0.0028099101,-0.0183062181,0.0502635837,0.0489845723,-0.0384720638,0.00702742767,0.00328073045,0.0065585738,0.074498646,-0.0493346117,-0.04508432,0.0413026102,-0.00895249378,0.0044108429,-0.0854664668,-0.00049713545,-0.0126737515,0.00702763302,0.00136693206,-0.0639364347,0.0329214036,-0.00180862972,-0.205511659,0.111156017,-0.0715508237,0.397887588,-0.113160416,0.125461981,-0.334706604,-0.102591231,0.0894649476,0.362827212,-0.389067352,-0.0387275182,0.0225108601,0.162896037,0.019068487,0.333522052,0.343302131,0.0455051251,0.904099882,0.135375097,0.0426938795,0.0584087595,0.365602344,-0.359134138,-0.0215135235,0.972442806,-0.167870238,-0.0457632989,0.0599979609,-0.205511659,0.111156017,-0.0715508237,0.397887588,-0.113160416,0.125461981,-0.334706604,-0.102591231,0.0894649476,0.362827212,-0.389067352,-0.0387275182,0.0225108601,0.162896037,0.019068487,0.333522052,0.343302131,0.0455051251,0.904099882,0.135375097,0.0426938795,0.058408767,0.365602344,-0.359134138,-0.0215135235,0.972442806,-0.167870238,-0.0457632989,0.0599979609,-0.205511659,0.111156017,-0.0715508237,0.397887588,-0.113160416,0.125461981,-0.334706604,-0.102591231,0.0894649476,0.362827212,-0.389067352,-0.0387275182,0.0225108601,0.162896037,0.019068487,0.333522052,0.343302131,0.0455051251,0.904099882,0.135375097,0.0426938795,0.0584087595,0.365602344,-0.359134138,-0.0215135235,0.972442806,-0.167870238,-0.0457632989,0.0599979609
0.60589076,3214793.84,0,0,0.00527261104,4.47966158e-06,0.334891319,0.182318036,0.00352710485,1,-0.696291149,-0.00274235196,-0.000921689149,-0.717753649,0.0370560139,-0.0153863961,0.0291109309,2.24207754e-44,-2.24207754e-44,-2.24207754e-44,-0.240671977,0.0401312299,-0.0359655097,0.455398351,-0.215801358,-0.0208653901,-0.286915392,-0.0340054668,0.0518771112,0.462461323,-0.19669655,0.0337772593,0.0215920079,-0.000287986884,-0.00466978317,0.328146219,0.222613707,0.0101531493,0.957647622,0.135406777,0.0671927407,0.0271871779,0.343989193,-0.306785882,-0.017149847,0.980360389,-0.162134752,-0.0464115292,0.0617807359,0.0440858565,0.00426730467,-0.0424400419,-0.0329564698,-0.00115487236,0.0278258324,0.0120392693,0.00582743529,-0.0179820564,0.0481270477,0.0483655147,-0.0403378718,0.00803882722,0.00673201727,0.00513611222,0.0735693872,-0.0485327616,-0.0410456955,0.0395921394,-0.0085693039,0.00452649966,-0.0823948756,-7.23272897e-05,-0.0137645099,0.0072216983,0.00127893325,-0.056616731,0.0301669426,-0.00190744549,-0.203721523,0.109418795,-0.0713688657,0.399262667,-0.110698715,0.125321135,-0.335550696,-0.103656471,0.0901747197,0.361667931,-0.392594457,-0.0392549448,0.0225580409,0.162674546,0.018766176,0.333631337,0.344420016,0.0457006693,0.903860867,0.135828227,0.0425301977,0.0573195443,0.366486818,-0.359411478,-0.0208120029,0.971785963,-0.169244096,-0.0451857522,0.059714742,-0.203721523,0.109418795,-0.0713688657,0.399262667,-0.110698715,0.125321135,-0.335550696,-0.103656471,0.0901747197,0.361667931,-0.392594457,-0.0392549448,0.0225580409,0.162674546,0.018766176,0.333631337,0.344420016,0.0457006693,0.903860867,0.135828227,0.0425301977,0.0573195368,0.366486818,-0.359411478,-0.0208120029,0.971785963,-0.169244096,-0.0451857522,0.059714742,-0.203721523,0.109418795,-0.0713688657,0.399262667,-0.110698715,0.125321135,-0.335550696,-0.103656471,0.0901747197,0.361667931,-0.392594457,-0.0392549448,0.0225580409,0.162674546,0.018766176,0.333631337,0.344420016,0.0457006693,0.903860867,0.135828227,0.0425301977,0.0573195443,0.366486818,-0.359411478,-0.0208120029,0.971785963,-0.169244096,-0.0451857522,0.059714742
0.616877079,3214793.85,0,0,0.0162589303,5.22332266e-06,0.374046683,0.182318036,0,1,-0.696168959,-0.00296047702,-0.00100729289,-0.717871189,0.0341477692,-0.0156685673,0.0282282941,2.24207754e-44,-2.24207754e-44,-2.24207754e-44,-0.240143731,0.040193323,-0.0364715569,0.455024064,-0.215822086,-0.020525571,-0.286774516,-0.033913143,0.0516821034,0.463083953,-0.196295142,0.03328605,0.0217192788,-0.000185121549,-0.00459148083,0.329012185,0.222055539,0.00972217601,0.958092332,0.135312751,0.0672485456,0.0261360928,0.343992025,-0.306979209,-0.0169967152,0.980367303,-0.16299279,-0.0460064709,0.0617512651,0.0427380912,0.0061603901,-0.042533759,-0.0297037289,-0.00221811212,0.0272372402,0.0115495743,0.0091040479,-0.0158217512,0.0519068539,0.0289544035,-0.0413109362,0.0114240861,0.0102449218,0.0062119565,0.0716800988,-0.0455799438,-0.0330388248,0.0353977196,-0.00751753757,0.00472634751,-0.0881732479,0.000439729454,-0.017425321,0.0150342146,0.000353738375,-0.073337391,0.0339499898,-0.00265657157,-0.203721523,0.109418795,-0.0713688657,0.399262667,-0.110698715,0.125321135,-0.335550696,-0.103656471,0.0901747197,0.361667931,-0.392594457,-0.0392549448,0.0225580409,0.162674546,0.018766176,0.333631337,0.344420016,0.0457006693,0.903860867,0.135828227,0.0425301977,0.0573195443,0.366486818,-0.359411478,-0.0208120029,0.971785963,-0.169244096,-0.0451857522,0.059714742,-0.203721523,0.109418795,-0.0713688657,0.399262667,-0.110698715,0.125321135,-0.335550696,-0.103656471,0.0901747197,0.361667931,-0.392594457,-0.0392549448,0.0225580409,0.162674546,0.018766176,0.333631337,0.344420016,0.0457006693,0.903860867,0.135828227,0.0425301977,0.0573195368,0.366486818,-0.359411478,-0.0208120029,0.971785963,-0.169244096,-0.0451857522,0.059714742,-0.203721523,0.109418795,-0.0713688657,0.399262667,-0.110698715,0.125321135,-0.335550696,-0.103656471,0.0901747197,0.361667931,-0.392594457,-0.0392549448,0.0225580409,0.162674546,0.018766176,0.333631337,0.344420016,0.0457006693,0.903860867,0.135828227,0.0425301977,0.0573195443,0.366486818,-0.359411478,-0.0208120029,0.971785963,-0.169244096,-0.0451857522,0.059714742
0.626878795,3214793.86,0,0,0.0061843358,5.06779179e-06,0.4105407,0.247831922,0.00320586562,1,-0.696066082,-0.00312581635,-0.00107138837,-0.717970133,0.0315728523,-0.0145736067,0.0283895638,2.24207754e-44,-2.24207754e-44,-2.24207754e-44,-0.239737675,0.0402686596,-0.0369035937,0.454744786,-0.21585013,-0.0202781595,-0.286657602,-0.0338059776,0.0515238158,0.463577896,-0.195996031,0.0328707322,0.0218363814,-6.27332774e-05,-0.00453666272,0.329723477,0.221604437,0.00941511244,0.958428204,0.135239705,0.0672966838,0.025296228,0.343997926,-0.30716145,-0.0168446582,0.980369925,-0.163641736,-0.0457005724,0.0617236793,0.0399904214,0.00786924548,-0.0431939363,-0.0272190105,-0.00298715127,0.0241749566,0.0116347894,0.0113071576,-0.0153263733,0.0491757654,0.02811631,-0.0415595919,0.0123181148,0.0128961047,0.00566132041,0.0706659034,-0.0444007404,-0.0284632146,0.0319737159,-0.00701864902,0.00490337284,-0.0828400105,0.000668440771,-0.0190636031,0.0171757564,8.00473936e-06,-0.0644086301,0.0294347238,-0.00301244552,-0.201998234,0.107700393,-0.0712750703,0.400496542,-0.108382106,0.125105292,-0.33651486,-0.104734346,0.0908637941,0.360778749,-0.395800322,-0.0397019945,0.0225547533,0.162193269,0.0188013949,0.33394134,0.345206618,0.0458830334,0.903755546,0.136298135,0.0425553508,0.0561643317,0.367292523,-0.359576851,-0.0201318674,0.971177876,-0.170572072,-0.0446893051,0.0593342334,-0.201998234,0.107700393,-0.0712750703,0.400496542,-0.108382098,0.125105292,-0.33651486,-0.104734346,0.0908637941,0.360778749,-0.395800322,-0.0397019945,0.0225547533,0.162193269,0.0188013949,0.33394134,0.345206618,0.0458830334,0.903755546,0.136298135,0.0425553508,0.056164328,0.367292523,-0.359576851,-0.0201318674,0.971177876,-0.170572072,-0.0446893089,0.0593342297,-0.201998234,0.107700393,-0.0712750703,0.400496542,-0.108382106,0.125105292,-0.33651486,-0.104734346,0.0908637941,0.360778749,-0.395800322,-0.0397019945,0.0225547533,0.162193269,0.0188013949,0.33394134,0.345206618,0.0458830334,0.903755546,0.136298135,0.0425553508,0.0561643317,0.367292523,-0.359576851,-0.0201318674,0.971177876,-0.170572072,-0.0446893051,0.0593342334
0.636890336,3214793.87,0,0,0.016195877,4.81493771e-06,0.44764179,0.247831922,0,1,-0.695985675,-0.00325587695,-0.0011207792,-0.71804744,0.0312195998,-0.0143777756,0.0278599709,2.24207754e-44,-2.24207754e-44,-2.24207754e-44,-0.239417732,0.0403274223,-0.0372448415,0.454528362,-0.21587348,-0.0200776774,-0.286570072,-0.03371685,0.051409848,0.463986605,-0.195815235,0.0325398371,0.0219429657,3.92925176e-05,-0.00448746886,0.330285579,0.221262753,0.00921886694,0.958662689,0.135187328,0.0673369467,0.0246183742,0.344004124,-0.307327598,-0.0166611299,0.980366349,-0.164223403,-0.0454579443,0.0616957918,0.0394314304,0.00728959357,-0.0426610373,-0.0267060585,-0.00295280572,0.0249583703,0.0104863774,0.0112368865,-0.0139451222,0.0515285842,0.0203987546,-0.041215118,0.0135296425,0.0130188921,0.0059442753,0.0700736791,-0.0419123322,-0.0227128696,0.0279910937,-0.00635612151,0.00508705201,-0.0845435485,0.000847102201,-0.0215384066,0.0250705797,-0.000613721902,-0.0737681314,0.0300172325,-0.00366415619,-0.201998234,0.107700393,-0.0712750703,0.400496542,-0.108382106,0.125105292,-0.33651486,-0.104734346,0.0908637941,0.360778749,-0.395800322,-0.0397019945,0.0225547533,0.162193269,0.0188013949,0.33394134,0.345206618,0.0458830334,0.903755546,0.136298135,0.0425553508,0.0561643317,0.367292523,-0.359576851,-0.0201318674,0.971177876,-0.170572072,-0.0446893051,0.0593342334,-0.201998234,0.107700393,-0.0712750703,0.400496542,-0.108382098,0.125105292,-0.33651486,-0.104734346,0.0908637941,0.360778749,-0.395800322,-0.0397019945,0.0225547533,0.162193269,0.0188013949,0.33394134,0.345206618,0.0458830334,0.903755546,0.136298135,0.0425553508,0.056164328,0.367292523,-0.359576851,-0.0201318674,0.971177876,-0.170572072,-0.0446893089,0.0593342297,-0.201998234,0.107700393,-0.0712750703,0.400496542,-0.108382106,0.125105292,-0.33651486,-0.104734346,0.0908637941,0.360778749,-0.395800322,-0.0397019945,0.0225547533,0.162193269,0.0188013949,0.33394134,0.345206618,0.0458830334,0.903755546,0.136298135,0.0425553508,0.0561643317,0.367292523,-0.359576851,-0.0201318674,0.971177876,-0.170572072,-0.0446893051,0.0593342334
0.647876724,3214793.88,0,0,0.00721660675,4.58583236e-06,0.488732368,0.186841004,0.00285437703,1,-0.695883214,-0.00340800593,-0.00118050119,-0.718145907,0.0287380833,-0.0128467027,0.0288146082,2.24207754e-44,-2.24207754e-44,-2.24207754e-44,-0.239043206,0.0404065661,-0.0376787558,0.454274148,-0.215905905,-0.0198445804,-0.286469668,-0.0335973278,0.0512675196,0.464491934,-0.195627153,0.0321314856,0.0220751967,0.000183691634,-0.00443535019,0.330977529,0.220852718,0.0090102898,0.958926201,0.135125488,0.0673884302,0.0238230843,0.344013721,-0.307547629,-0.0164144132,0.980359197,-0.164874345,-0.0451917127,0.0616581142,0.0360842533,0.00846941303,-0.0439107679,-0.0244773608,-0.0034929642,0.0221523214,0.00992147997,0.0125317909,-0.0145097058,0.0494279042,0.0185492374,-0.0405491516,0.0130040953,0.0154929236,0.00484277075,0.0683477819,-0.0405613929,-0.0200651027,0.0255325697,-0.00610692892,0.00518248836,-0.0748789757,0.00101680425,-0.0219564456,0.0231536776,-0.000747367623,-0.0572949201,0.0236958563,-0.00378654199,-0.200392783,0.106369339,-0.0713473707,0.401494712,-0.10608682,0.12474896,-0.337535888,-0.105432406,0.0913706422,0.360158503,-0.398654699,-0.0400634632,0.0225427076,0.161508515,0.0190923996,0.334540874,0.345756024,0.0460555553,0.903838515,0.136765957,0.0428183787,0.0550779328,0.367932767,-0.359639764,-0.0195262823,0.970621288,-0.171751916,-0.0442741588,0.0588771626,-0.200392783,0.106369339,-0.0713473707,0.401494712,-0.106086813,0.12474896,-0.337535888,-0.105432406,0.0913706422,0.360158503,-0.398654699,-0.0400634632,0.0225427076,0.161508515,0.0190923996,0.334540874,0.345756024,0.0460555553,0.903838515,0.136765957,0.0428183787,0.0550779402,0.367932767,-0.359639764,-0.0195262823,0.970621288,-0.171751916,-0.0442741551,0.0588771626,-0.200392783,0.106369339,-0.0713473707,0.401494712,-0.10608682,0.12474896,-0.337535888,-0.105432406,0.0913706422,0.360158503,-0.398654699,-0.0400634632,0.0225427076,0.161508515,0.0190923996,0.334540874,0.345756024,0.0460555553,0.903838515,0.136765957,0.0428183787,0.0550779328,0.367932767,-0.359639764,-0.0195262823,0.970621288,-0.171751916,-0.0442741588,0.0588771626
0.657877327,3214793.89,0,0,0.01721721,4.39025462e-06,0.526219845,0.186841004,0,1,-0.695760965,-0.00358923431,-0.00125088566,-0.718263328,0.0295797288,-0.0134050474,0.0281418413,2.24207754e-44,-2.24207754e-44,-2.24207754e-44,-0.238597244,0.040488407,-0.0381992236,0.453967482,-0.215936169,-0.0195844844,-0.286356211,-0.0334634818,0.051108595,0.465108722,-0.195443511,0.0316451266,0.0222403221,0.000352800882,-0.00436196243,0.331788987,0.22040391,0.00883612223,0.959173501,0.135060996,0.0674743727,0.0228920709,0.344026506,-0.307825953,-0.0160592981,0.980341494,-0.165728331,-0.0448881947,0.06160184,0.0371645838,0.00610447349,-0.0432006605,-0.0258809384,-0.00216188119,0.0210959073,0.00901329238,0.0105370572,-0.0127151813,0.0520247668,0.0140955709,-0.0403694138,0.0139319142,0.0136392107,0.00636729924,0.0669641346,-0.0354009494,-0.0115055731,0.0179116037,-0.00506752916,0.00819987431,-0.0775438622,0.00112827483,-0.0237003099,0.0322066583,-0.00174568815,-0.0755943879,0.0253698118,-0.00504869735,-0.200392783,0.106369339,-0.0713473707,0.401494712,-0.10608682,0.12474896,-0.337535888,-0.105432406,0.0913706422,0.360158503,-0.398654699,-0.0400634632,0.0225427076,0.161508515,0.0190923996,0.334540874,0.345756024,0.0460555553,0.903838515,0.136765957,0.0428183787,0.0550779328,0.367932767,-0.359639764,-0.0195262823,0.970621288,-0.171751916,-0.0442741588,0.0588771626,-0.200392783,0.106369339,-0.0713473707,0.401494712,-0.106086813,0.12474896,-0.337535888,-0.105432406,0.0913706422,0.360158503,-0.398654699,-0.0400634632,0.0225427076,0.161508515,0.0190923996,0.334540874,0.345756024,0.0460555553,0.903838515,0.136765957,0.0428183787,0.0550779402,0.367932767,-0.359639764,-0.0195262823,0.970621288,-0.171751916,-0.0442741551,0.0588771626,-0.200392783,0.106369339,-0.0713473707,0.401494712,-0.10608682,0.12474896,-0.337535888,-0.105432406,0.0913706422,0.360158503,-0.398654699,-0.0400634632,0.0225427076,0.161508515,0.0190923996,0.334540874,0.345756024,0.0460555553,0.903838515,0.136765957,0.0428183787,0.0550779328,0.367932767,-0.359639764,-0.0195262823,0.970621288,-0.171751916,-0.0442741588,0.0588771626
0.667935526,3214793.9,0,0,0.00731415208,7.41099939e-06,0.563753664,0.188948121,0.00273284316,1,-0.695656538,-0.00373181142,-0.00130921835,-0.718363702,0.0278380588,-0.0117954714,0.0292366762,2.24207754e-44,-2.24207754e-44,-2.24207754e-44,-0.238250241,0.0405527651,-0.0386398099,0.453724802,-0.215961203,-0.0193797704,-0.28627041,-0.0333521888,0.0509807691,0.465611964,-0.195301741,0.0312534682,0.0223692954,0.000501430477,-0.00430793082,0.33244136,0.220063567,0.00872439239,0.959350705,0.135011584,0.0675550997,0.0221880674,0.344038814,-0.308053702,-0.0157802813,0.980323434,-0.166338235,-0.0446728058,0.0615503751,0.033711005,0.00623078784,-0.0443989225,-0.0237728003,-0.00239229831,0.0200550109,0.00819823612,0.0110692019,-0.0126477368,0.049966462,0.0134749645,-0.0385393761,0.0124308849,0.0150989667,0.00513519952,0.0641944706,-0.0328148194,-0.0102455001,0.0166339483,-0.00469663134,0.00899557304,-0.0671860129,0.00126636983,-0.0222855471,0.0263804626,-0.00201264536,-0.0565597899,0.0200888384,-0.00544701423,-0.198900878,0.105299406,-0.0715605095,0.402302921,-0.103915244,0.124284402,-0.338567466,-0.105904058,0.0917385668,0.359712243,-0.401387542,-0.0403127745,0.0225329734,0.160719335,0.0195483975,0.335425258,0.346060127,0.0462006405,0.904075801,0.137232006,0.0432861559,0.0540658757,0.368432224,-0.359697312,-0.0189971514,0.970113754,-0.172830671,-0.0438965783,0.0583668947,-0.198900878,0.105299406,-0.0715605095,0.402302921,-0.103915237,0.124284402,-0.338567466,-0.105904058,0.0917385668,0.359712243,-0.401387542,-0.0403127745,0.0225329734,0.160719335,0.0195483975,0.335425258,0.346060127,0.0462006405,0.904075801,0.137232006,0.0432861559,0.054065872,0.368432224,-0.359697312,-0.0189971514,0.970113754,-0.172830671,-0.0438965745,0.058366891,-0.198900878,0.105299406,-0.0715605095,0.402302921,-0.103915244,0.124284402,-0.338567466,-0.105904058,0.0917385668,0.359712243,-0.401387542,-0.0403127745,0.0225329734,0.160719335,0.0195483975,0.335425258,0.346060127,0.0462006405,0.904075801,0.137232006,0.0432861559,0.0540658757,0.368432224,-0.359697312,-0.0189971514,0.970113754,-0.172830671,-0.0438965783,0.0583668947
0.678932488,3214793.91,0,0,0.0183111141,7.59400427e-06,0.60431087,0.188948121,0,1,-0.695529759,-0.00389686646,-0.00138164219,-0.718485415,0.0273842551,-0.0107924053,0.0294389669,2.24207754e-44,-2.24207754e-44,-2.24207754e-44,-0.237854913,0.040615119,-0.0391722843,0.453437358,-0.215982556,-0.01914653,-0.286183923,-0.0332310461,0.0508345738,0.466218084,-0.195161268,0.0308020096,0.022511296,0.00067531527,-0.00424949359,0.333192974,0.219705805,0.00863331463,0.959510148,0.13496162,0.0677036867,0.0214083679,0.34405452,-0.308315337,-0.0154591808,0.980293751,-0.167049944,-0.0444322489,0.0614766367,0.0319929197,0.00499440962,-0.0444629639,-0.0235379506,-0.00171955116,0.0190414693,0.00683110906,0.00992096867,-0.0120241065,0.049982246,0.0112847378,-0.0369139239,0.0113189965,0.0146997124,0.00463565392,0.0609357432,-0.0280298311,-0.00652336096,0.0124595156,-0.00393997831,0.0136142978,-0.0613078736,0.00134969281,-0.0210987739,0.0250556525,-0.00263542891,-0.0554544106,0.0187148172,-0.00639404217,-0.198900878,0.105299406,-0.0715605095,0.402302921,-0.103915244,0.124284402,-0.338567466,-0.105904058,0.0917385668,0.359712243,-0.401387542,-0.0403127745,0.0225329734,0.160719335,0.0195483975,0.335425258,0.346060127,0.0462006405,0.904075801,0.137232006,0.0432861559,0.0540658757,0.368432224,-0.359697312,-0.0189971514,0.970113754,-0.172830671,-0.0438965783,0.0583668947,-0.198900878,0.105299406,-0.0715605095,0.402302921,-0.103915237,0.124284402,-0.338567466,-0.105904058,0.0917385668,0.359712243,-0.401387542,-0.0403127745,0.0225329734,0.160719335,0.0195483975,0.335425258,0.346060127,0.0462006405,0.904075801,0.137232006,0.0432861559,0.054065872,0.368432224,-0.359697312,-0.0189971514,0.970113754,-0.172830671,-0.0438965745,0.058366891,-0.198900878,0.105299406,-0.0715605095,0.402302921,-0.103915244,0.124284402,-0.338567466,-0.105904058,0.0917385668,0.359712243,-0.401387542,-0.0403127745,0.0225329734,0.160719335,0.0195483975,0.335425258,0.346060127,0.0462006405,0.904075801,0.137232006,0.0432861559,0.0540658757,0.368432224,-0.359697312,-0.0189971514,0.970113754,-0.172830671,-0.0438965783,0.0583668947
0.68988148,3214793.92,0,0,0.00912246807,6.42985106e-06,0.643893719,0.32839831,0.00250676274,1,-0.695423365,-0.00402684603,-0.00144098676,-0.718587577,0.0268070865,-0.0102384221,0.0293669682,2.24207754e-44,-2.24207754e-44,-2.24207754e-44,-0.237545729,0.0406649671,-0.0396170989,0.453207523,-0.215999603,-0.0189617202,-0.286118478,-0.0331322253,0.0507158302,0.466709077,-0.195052534,0.0304410681,0.0226193648,0.000826542324,-0.00420393236,0.333776832,0.219446883,0.00857097842,0.95963341,0.134924293,0.0678508505,0.0208537132,0.344068259,-0.308514893,-0.0152382851,0.980265677,-0.167542636,-0.0442654714,0.0614099987,0.0309204198,0.00429371046,-0.0443679839,-0.0234280974,-0.00117984344,0.0179314651,0.00607217988,0.00914306939,-0.0116379969,0.049685128,0.00954051595,-0.035614416,0.0104442714,0.0145850694,0.00470633758,0.0571526214,-0.0237890761,-0.00583695946,0.0107462388,-0.00345496554,0.0170058757,-0.0537422746,0.0013603199,-0.0194954742,0.0223040525,-0.00311119063,-0.0516512506,0.0169625096,-0.00716990279,-0.197427109,0.104416624,-0.0718978569,0.402989864,-0.101727113,0.123702899,-0.339579403,-0.106224775,0.0919909328,0.359433144,-0.403894305,-0.040496178,0.0225051269,0.159813702,0.0200920068,0.336504638,0.346112609,0.0462870188,0.904422522,0.137635395,0.0439008325,0.053144671,0.368835032,-0.359759808,-0.0185616314,0.969641805,-0.173753664,-0.0435632393,0.0578186437,-0.197427109,0.104416624,-0.0718978569,0.402989864,-0.101727113,0.123702899,-0.339579403,-0.106224775,0.0919909328,0.359433144,-0.403894305,-0.040496178,0.0225051269,0.159813702,0.0200920068,0.336504638,0.346112609,0.0462870188,0.904422522,0.137635395,0.0439008325,0.0531446747,0.368835032,-0.359759808,-0.0185616314,0.969641805,-0.173753664,-0.0435632393,0.0578186437,-0.197427109,0.104416624,-0.0718978569,0.402989864,-0.101727113,0.123702899,-0.339579403,-0.106224775,0.0919909328,0.359433144,-0.403894305,-0.040496178,0.0225051269,0.159813702,0.0200920068,0.336504638,0.346112609,0.0462870188,0.904422522,0.137635395,0.0439008325,0.053144671,0.368835032,-0.359759808,-0.0185616314,0.969641805,-0.173753664,-0.0435632393,0.0578186437
0.700878494,3214793.93,0,0,0.000199699309,5.42216003e-06,0.682548881,0.204137992,0.00238639116,1,-0.695296586,-0.00418080064,-0.00151397986,-0.71870923,0.0261345506,-0.00954940543,0.0292371232,2.24207754e-44,-2.24207754e-44,-2.24207754e-44,-0.237181172,0.040707808,-0.0401467644,0.452924013,-0.216008469,-0.0187557153,-0.286053419,-0.0330331028,0.0505791046,0.467306346,-0.194952324,0.0300251823,0.0227331165,0.000996714691,-0.00414914684,0.334435016,0.2192038,0.00850685313,0.959743559,0.134887025,0.0680894405,0.0202516112,0.344084799,-0.308737665,-0.0149773164,0.980224669,-0.168160334,-0.0440644883,0.0613175593,0.0296942443,0.00349637377,-0.0440145731,-0.023296997,-0.000751091982,0.0167128053,0.0052297269,0.00807267334,-0.0113054011,0.0491111577,0.00811930466,-0.0340108983,0.00880352221,0.0144094704,0.00445916411,0.0527865626,-0.0180883519,-0.00513833528,0.00929845311,-0.00293984567,0.0207236689,-0.0464319959,0.00140531675,-0.0176915415,0.0200337525,-0.00352307968,-0.0471478663,0.015616117,-0.00788523071,-0.197427109,0.104416624,-0.0718978569,0.402989864,-0.101727113,0.123702899,-0.339579403,-0.106224775,0.0919909328,0.359433144,-0.403894305,-0.040496178,0.0225051269,0.159813702,0.0200920068,0.336504638,0.346112609,0.0462870188,0.904422522,0.137635395,0.0439008325,0.053144671,0.368835032,-0.359759808,-0.0185616314,0.969641805,-0.173753664,-0.0435632393,0.0578186437,-0.196134508,0.103842735,-0.0723852888,0.403391719,-0.0998222902,0.123003371,-0.340457082,-0.106279448,0.0920622796,0.359334111,-0.406280696,-0.0405961014,0.0224269144,0.158939809,0.0206321329,0.337618917,0.345957816,0.0463382117,0.904843688,0.137974679,0.0446469821,0.0523697473,0.369190514,-0.359825194,-0.0182149429,0.969222009,-0.174533278,-0.0432911366,0.0572829619,-0.196134508,0.103842735,-0.0723852888,0.403391719,-0.0998222828,0.123003371,-0.340457082,-0.106279448,0.0920622796,0.359334111,-0.406280696,-0.0405961014,0.0224269144,0.158939809,0.0206321329,0.337618917,0.345957816,0.0463382117,0.904843688,0.137974679,0.0446469821,0.052369751,0.369190514,-0.359825194,-0.0182149429,0.969222009,-0.174533278,-0.0432911366,0.0572829619
0.711875999,3214793.94,0,0,0.0111972042,4.26918268e-06,0.719813943,0.204137992,0,1,-0.695191383,-0.00430324394,-0.00157306774,-0.718810081,0.0256154742,-0.00925198756,0.0291033369,2.24207754e-44,-2.24207754e-44,-2.24207754e-44,-0.236889556,0.0407414362,-0.0405858941,0.452691466,-0.216013566,-0.0185977276,-0.286002964,-0.0329549611,0.0504675284,0.467791796,-0.194881454,0.0296939202,0.0228108577,0.00114231545,-0.00410503568,0.334938109,0.219050318,0.00845713541,0.95983845,0.134860158,0.0683100522,0.0198293701,0.344098836,-0.308903962,-0.0147918267,0.980187237,-0.168603554,-0.0439182036,0.0612282082,0.0293682739,0.00276672095,-0.0439461991,-0.0239516124,8.60777509e-05,0.0149070118,0.00478426926,0.0071722297,-0.0110149868,0.0490142368,0.00548264151,-0.0325869694,0.00676843384,0.0140905725,0.0044438797,0.0491103716,-0.0130198654,-0.00483209081,0.00839708187,-0.00243667257,0.0244638361,-0.0409571752,0.00137676834,-0.0161251165,0.0192200523,-0.00401994446,-0.0472632274,0.0151341278,-0.0102765383,-0.196134508,0.103842735,-0.0723852888,0.403391719,-0.0998222828,0.123003371,-0.340457082,-0.106279448,0.0920622796,0.359334111,-0.406280696,-0.0405961014,0.0224269144,0.158939809,0.0206321329,0.337618917,0.345957816,0.0463382117,0.904843688,0.137974679,0.0446469821,0.052369751,0.369190514,-0.359825194,-0.0182149429,0.969222009,-0.174533278,-0.0432911366,0.0572829619,-0.196134508,0.103842735,-0.0723852888,0.403391719,-0.0998222902,0.123003371,-0.340457082,-0.106279448,0.0920622796,0.359334111,-0.406280696,-0.0405961014,0.0224269144,0.158939809,0.0206321329,0.337618917,0.345957816,0.0463382117,0.904843688,0.137974679,0.0446469821,0.0523697473,0.369190514,-0.359825194,-0.0182149429,0.969222009,-0.174533278,-0.0432911366,0.0572829619,-0.196134508,0.103842735,-0.0723852888,0.403391719,-0.0998222828,0.123003371,-0.340457082,-0.106279448,0.0920622796,0.359334111,-0.406280696,-0.0405961014,0.0224269144,0.158939809,0.0206321329,0.337618917,0.345957816,0.0463382117,0.904843688,0.137974679,0.0446469821,0.052369751,0.369190514,-0.359825194,-0.0182149429,0.969222009,-0.174533278,-0.0432911366,0.0572829619
0.722876856,3214793.95,0,0,0.00224494468,4.86057252e-06,0.755426288,0.187478028,0.00222891569,1,-0.695066214,-0.00444632722,-0.00164236792,-0.718930066,0.0241698455,-0.00870815758,0.0285574328,2.24207754e-44,-2.24207754e-44,-2.24207754e-44,-0.236543223,0.0407738648,-0.0411100835,0.452405065,-0.216010705,-0.0184294321,-0.285945654,-0.0328720771,0.0503373928,0.468368471,-0.194825277,0.0293149371,0.0228751879,0.00131325051,-0.00405259989,0.335496426,0.218934819,0.00840040762,0.959938228,0.134833902,0.0686246008,0.0193872079,0.344115674,-0.309082687,-0.0145807201,0.980136871,-0.169124737,-0.0437496044,0.0611070842,0.028169889,0.00306193368,-0.0433255322,-0.0233331565,6.79141522e-05,0.0135789085,0.00487496378,0.00706571527,-0.0107218055,0.0467671715,0.00463987887,-0.0308646075,0.00465484196,0.0147406198,0.00428273436,0.0443123132,-0.00749341259,-0.00468456093,0.00938506331,-0.00206406298,0.0261413828,-0.0330523774,0.00144458015,-0.01387705,0.0154601559,-0.00423265295,-0.037878558,0.0125917988,-0.00968317408,-0.195026308,0.10315755,-0.0729461983,0.403768301,-0.098135069,0.122283317,-0.341167659,-0.106513202,0.0921785384,0.359291911,-0.408509612,-0.0405965522,0.0223506726,0.158034623,0.0211423226,0.338673115,0.345693052,0.0463361964,0.905193627,0.138232529,0.0453909598,0.0517057106,0.36955449,-0.359959066,-0.0179277547,0.968827784,-0.175219014,-0.0429920554,0.056695953,-0.195026308,0.10315755,-0.0729461983,0.403768301,-0.098135069,0.122283317,-0.341167659,-0.106513202,0.0921785384,0.359291911,-0.408509612,-0.0405965522,0.0223506726,0.158034623,0.0211423226,0.338673115,0.345693052,0.0463361964,0.905193627,0.138232529,0.0453909598,0.0517057143,0.36955449,-0.359959066,-0.0179277547,0.968827784,-0.175219014,-0.0429920554,0.056695953,-0.195026308,0.10315755,-0.0729461983,0.403768301,-0.098135069,0.122283317,-0.341167659,-0.106513202,0.0921785384,0.359291911,-0.408509612,-0.0405965522,0.0223506726,0.158034623,0.0211423226,0.338673115,0.345693052,0.0463361964,0.905193627,0.138232529,0.0453909598,0.0517057106,0.36955449,-0.359959066,-0.0179277547,0.968827784,-0.175219014,-0.0429920554,0.056695953
0.732882086,3214793.96,0,0,0.0122501748,8.56583938e-06,0.786158204,0.187478028,0,1,-0.694965899,-0.00456043985,-0.00169768115,-0.719026208,0.0238585956,-0.00859184097,0.0272155739,2.24207754e-44,-2.24207754e-44,-2.24207754e-44,-0.236261964,0.0408011079,-0.0415382758,0.452168852,-0.216005519,-0.0183039065,-0.285899788,-0.0328083225,0.0502323844,0.468834758,-0.194796681,0.0290179607,0.0229167286,0.00146039261,-0.00400938792,0.3359164,0.218880937,0.00835579354,0.960026443,0.134816334,0.0689112097,0.0190981459,0.344130725,-0.309214145,-0.0144227147,0.980091929,-0.169513479,-0.0436160415,0.0609517954,0.0282886978,0.00225560227,-0.0424352325,-0.0240180269,0.000931704941,0.0118615795,0.00432834029,0.00562953297,-0.0103519056,0.0468261577,0.00147658365,-0.0288443025,0.00386091461,0.0145574184,0.00436668191,0.0406246036,-0.00426471466,-0.00427137502,0.00778909819,-0.00152698206,0.031191187,-0.0260935426,0.00154916767,-0.0128455795,0.0166471135,-0.00469291955,-0.0412078165,0.0144582633,-0.0202308949,-0.195026308,0.10315755,-0.0729461983,0.403768301,-0.098135069,0.122283317,-0.341167659,-0.106513202,0.0921785384,0.359291911,-0.408509612,-0.0405965522,0.0223506726,0.158034623,0.0211423226,0.338673115,0.345693052,0.0463361964,0.905193627,0.138232529,0.0453909598,0.0517057106,0.36955449,-0.359959066,-0.0179277547,0.968827784,-0.175219014,-0.0429920554,0.056695953,-0.195026308,0.10315755,-0.0729461983,0.403768301,-0.098135069,0.122283317,-0.341167659,-0.106513202,0.0921785384,0.359291911,-0.408509612,-0.0405965522,0.0223506726,0.158034623,0.0211423226,0.338673115,0.345693052,0.0463361964,0.905193627,0.138232529,0.0453909598,0.0517057143,0.36955449,-0.359959066,-0.0179277547,0.968827784,-0.175219014,-0.0429920554,0.056695953,-0.195026308,0.10315755,-0.0729461983,0.403768301,-0.098135069,0.122283317,-0.341167659,-0.106513202,0.0921785384,0.359291911,-0.408509612,-0.0405965522,0.0223506726,0.158034623,0.0211423226,0.338673115,0.345693052,0.0463361964,0.905193627,0.138232529,0.0453909598,0.0517057106,0.36955449,-0.359959066,-0.0179277547,0.968827784,-0.175219014,-0.0429920554,0.056695953
0.743891636,3214793.98,0,0,0.00321678305,4.17698175e-06,0.817939043,0.19919686,0.00215744972,1,-0.69487083,-0.00467131473,-0.00175165408,-0.719117284,0.0226100348,-0.00808575936,0.0256818309,2.24207754e-44,-2.24207754e-44,-2.24207754e-44,-0.235985085,0.0408239774,-0.041954536,0.451934367,-0.215997159,-0.0181891359,-0.285857171,-0.0327564217,0.0501305424,0.469291061,-0.194785729,0.0287407096,0.0229529999,0.00161257433,-0.00396629702,0.336298972,0.218847409,0.00831504446,0.960106134,0.134802908,0.0692332685,0.018895179,0.344147027,-0.309336722,-0.0142737869,0.980044365,-0.16988498,-0.0434777066,0.0607442372,0.0270747896,0.00256376318,-0.0410189852,-0.0227758512,0.000604377827,0.0113051143,0.0043011657,0.00513701513,-0.0100781126,0.0444488078,0.00113596581,-0.0270316843,0.00352734909,0.0159349665,0.00424331939,0.036528524,-0.00290602492,-0.00396149745,0.00880371407,-0.00125610328,0.0318950489,-0.0161309987,0.00167875458,-0.0118593927,0.0131148752,-0.00476531219,-0.0330502391,0.0128871901,-0.0197287649,-0.194155008,0.102573656,-0.0735978112,0.403927982,-0.0967805386,0.12152902,-0.341650724,-0.106723174,0.0922351927,0.359377831,-0.410667062,-0.0405697376,0.0222350359,0.1571033,0.0216436647,0.339620233,0.345317841,0.0463045128,0.905538142,0.138405681,0.0461307541,0.0511800572,0.36991933,-0.360071629,-0.0177195873,0.968452692,-0.175755441,-0.042711854,0.0560422316,-0.194155008,0.102573656,-0.0735978112,0.403927982,-0.0967805311,0.12152902,-0.341650724,-0.106723174,0.0922351927,0.359377831,-0.410667062,-0.0405697376,0.0222350359,0.1571033,0.0216436647,0.339620233,0.345317841,0.0463045128,0.905538142,0.138405681,0.0461307541,0.0511800572,0.36991933,-0.360071629,-0.0177195873,0.968452692,-0.175755441,-0.042711854,0.0560422316,-0.194155008,0.102573656,-0.0735978112,0.403927982,-0.0967805386,0.12152902,-0.341650724,-0.106723174,0.0922351927,0.359377831,-0.410667062,-0.0405697376,0.0222350359,0.1571033,0.0216436647,0.339620233,0.345317841,0.0463045128,0.905538142,0.138405681,0.0461307541,0.0511800572,0.36991933,-0.360071629,-0.0177195873,0.968452692,-0.175755441,-0.042711854,0.0560422316
0.754878012,3214793.99,0,0,0.0142031591,4.83216718e-06,0.847331941,0.19919686,0,1,-0.694781542,-0.00477760378,-0.00180298928,-0.719202697,0.0221466683,-0.00815039035,0.024030203,2.24207754e-44,-2.24207754e-44,-2.24207754e-44,-0.235713363,0.0408468209,-0.0423575379,0.451703757,-0.21598725,-0.0180869624,-0.285815388,-0.0327131562,0.0500310473,0.469731957,-0.19479394,0.0284821764,0.0229858328,0.00177682354,-0.00392324477,0.336642027,0.218824297,0.00827833265,0.96018976,0.134792641,0.0695728287,0.0187824983,0.344164521,-0.309452146,-0.0141418828,0.979994357,-0.170222461,-0.0433384143,0.0604871772,0.0276517998,0.00185187475,-0.0398002639,-0.0237281062,0.0014359518,0.00934610516,0.00408107741,0.00350093772,-0.00988153648,0.0442857184,-0.00253292266,-0.0251361821,0.00311214221,0.0165567491,0.00438747508,0.0328983851,-0.0018937483,-0.00343778078,0.00745220622,-0.000857508741,0.036446318,-0.00886721443,0.00179760414,-0.0114664296,0.0143070649,-0.00518704765,-0.0368504152,0.0156133641,-0.0325782411,-0.194155008,0.102573656,-0.0735978112,0.403927982,-0.0967805386,0.12152902,-0.341650724,-0.106723174,0.0922351927,0.359377831,-0.410667062,-0.0405697376,0.0222350359,0.1571033,0.0216436647,0.339620233,0.345317841,0.0463045128,0.905538142,0.138405681,0.0461307541,0.0511800572,0.36991933,-0.360071629,-0.0177195873,0.968452692,-0.175755441,-0.042711854,0.0560422316,-0.194155008,0.102573656,-0.0735978112,0.403927982,-0.0967805311,0.12152902,-0.341650724,-0.106723174,0.0922351927,0.359377831,-0.410667062,-0.0405697376,0.0222350359,0.1571033,0.0216436647,0.339620233,0.345317841,0.0463045128,0.905538142,0.138405681,0.0461307541,0.0511800572,0.36991933,-0.360071629,-0.0177195873,0.968452692,-0.175755441,-0.042711854,0.0560422316,-0.194155008,0.102573656,-0.0735978112,0.403927982,-0.0967805386,0.12152902,-0.341650724,-0.106723174,0.0922351927,0.359377831,-0.410667062,-0.0405697376,0.0222350359,0.1571033,0.0216436647,0.339620233,0.345317841,0.0463045128,0.905538142,0.138405681,0.0461307541,0.0511800572,0.36991933,-0.360071629,-0.0177195873,0.968452692,-0.175755441,-0.042711854,0.0560422316
0.764893388,3214794,0,0,0.00422467291,9.72300768e-06,0.871962488,0.223288778,0.00208574533,1,-0.694681704,-0.00490119169,-0.00186156901,-0.719298124,0.0205335524,-0.00757730054,0.0222661514,2.24207754e-44,-2.24207754e-44,-2.24207754e-44,-0.235387355,0.0408671424,-0.0428250432,0.451424718,-0.215971932,-0.0179800801,-0.285764515,-0.0326800272,0.0499140397,0.470243871,-0.194829717,0.0281969458,0.023021061,0.00199179887,-0.00387153565,0.337005496,0.218808725,0.00824161991,0.960280061,0.134784222,0.070017688,0.0187038649,0.344187528,-0.309589177,-0.0139932772,0.979931712,-0.170614138,-0.0431597754,0.0601044483,0.0264534075,0.00176686468,-0.0388889834,-0.0226445887,0.000801230315,0.00854622014,0.00438070996,0.00257580145,-0.00962970685,0.040896412,-0.00266389409,-0.022694869,0.0028522925,0.0193578284,0.00418479228,0.0284394789,-0.000942575571,-0.00281501515,0.00839292724,-0.00062961044,0.0356139578,-0.0053810901,0.0019985938,-0.0115914829,0.0101791378,-0.00518392818,-0.0269632041,0.0128748575,-0.0266740397,-0.193528563,0.102085382,-0.0742977709,0.403878987,-0.0957265496,0.12080694,-0.341913372,-0.106867358,0.0922397822,0.359586656,-0.412752807,-0.0405094363,0.0221057273,0.156190619,0.0221178941,0.340444565,0.34491992,0.0462582447,0.905853391,0.138519377,0.0468735881,0.0508066341,0.370283842,-0.360152125,-0.017563764,0.96810919,-0.176154539,-0.0424568579,0.0553381145,-0.193528563,0.102085382,-0.0742977709,0.403878987,-0.0957265422,0.12080694,-0.341913372,-0.106867358,0.0922397822,0.359586656,-0.412752807,-0.0405094363,0.0221057273,0.156190619,0.0221178941,0.340444565,0.34491992,0.0462582447,0.905853391,0.138519377,0.0468735881,0.0508066341,0.370283842,-0.360152125,-0.017563764,0.96810919,-0.176154539,-0.0424568579,0.0553381182,-0.193528563,0.102085382,-0.0742977709,0.403878987,-0.0957265496,0.12080694,-0.341913372,-0.106867358,0.0922397822,0.359586656,-0.412752807,-0.0405094363,0.0221057273,0.156190619,0.0221178941,0.340444565,0.34491992,0.0462582447,0.905853391,0.138519377,0.0468735881,0.0508066341,0.370283842,-0.360152125,-0.017563764,0.96810919,-0.176154539,-0.0424568579,0.0553381145
0.775877031,3214794.01,0,0,0.015208316,4.44706529e-06,0.896474481,0.223288778,0,1,-0.694589734,-0.00501636369,-0.00191408896,-0.719386041,0.019004466,-0.00746988319,0.0204687305,2.24207754e-44,-2.24207754e-44,-2.24207754e-44,-0.235059455,0.0408836082,-0.0433025546,0.451133251,-0.215959042,-0.0179101769,-0.285710096,-0.0326553881,0.0498019233,0.470728517,-0.194898069,0.0279397294,0.0230512675,0.00224083522,-0.003820393,0.337322176,0.218802571,0.00821183715,0.960366845,0.134779066,0.0704676881,0.0186474379,0.3442128,-0.309728026,-0.0138764353,0.979866087,-0.170931801,-0.0429920927,0.059707623,0.0272528511,0.00126997719,-0.0398204662,-0.0245084949,0.00101965293,0.00477248803,0.00461786753,0.00179478875,-0.00907890592,0.0394386686,-0.00673684338,-0.0207901709,0.00234226231,0.0218428262,0.00422638515,0.0249587242,-0.000241708243,-0.00227914494,0.00675900001,-0.000336414727,0.0376828052,-0.0043030316,0.00217377534,-0.0116061801,0.00890638586,-0.00555809774,-0.0244608298,0.0137840435,-0.0340713747,-0.193528563,0.102085382,-0.0742977709,0.403878987,-0.0957265496,0.12080694,-0.341913372,-0.106867358,0.0922397822,0.359586656,-0.412752807,-0.0405094363,0.0221057273,0.156190619,0.0221178941,0.340444565,0.34491992,0.0462582447,0.905853391,0.138519377,0.0468735881,0.0508066341,0.370283842,-0.360152125,-0.017563764,0.96810919,-0.176154539,-0.0424568579,0.0553381145,-0.193528563,0.102085382,-0.0742977709,0.403878987,-0.0957265422,0.12080694,-0.341913372,-0.106867358,0.0922397822,0.359586656,-0.412752807,-0.0405094363,0.0221057273,0.156190619,0.0221178941,0.340444565,0.34491992,0.0462582447,0.905853391,0.138519377,0.0468735881,0.0508066341,0.370283842,-0.360152125,-0.017563764,0.96810919,-0.176154539,-0.0424568579,0.0553381182,-0.193528563,0.102085382,-0.0742977709,0.403878987,-0.0957265496,0.12080694,-0.341913372,-0.106867358,0.0922397822,0.359586656,-0.412752807,-0.0405094363,0.0221057273,0.156190619,0.0221178941,0.340444565,0.34491992,0.0462582447,0.905853391,0.138519377,0.0468735881,0.0508066341,0.370283842,-0.360152125,-0.017563764,0.96810919,-0.176154539,-0.0424568579,0.0553381145
0.785908332,3214794.02,0,0,0.00522992527,1.38781033e-05,0.916494429,0.198673923,0.00194138288,1,-0.694532573,-0.00508759357,-0.00194658875,-0.719440639,0.0178024992,-0.00679017464,0.0193061661,2.24207754e-44,-2.24207754e-44,-2.24207754e-44,-0.234848365,0.0408942476,-0.0436169952,0.45094344,-0.215953171,-0.0178738683,-0.28567344,-0.0326422118,0.0497318245,0.471032202,-0.194952145,0.0277769156,0.0230691899,0.00242509204,-0.00378748192,0.337511212,0.218802378,0.00819489174,0.960420966,0.134776711,0.0707566068,0.0186154395,0.344230562,-0.309823334,-0.0138097312,0.979821682,-0.171111912,-0.0428933576,0.0594617017,0.0257459302,0.00138666271,-0.0389228724,-0.0231167339,0.000538397406,0.00450473744,0.004534679,0.00157293782,-0.00856347568,0.0370099023,-0.00664790906,-0.0201115888,0.00219369773,0.0237626545,0.00403781561,0.0228178371,9.47249646e-05,-0.00202909927,0.00696323579,-0.000275233964,0.0347548798,-0.00383350276,0.00224618032,-0.0121324239,0.0080733709,-0.00554381497,-0.0215995926,0.0113157723,-0.0282221138,-0.193044811,0.10167715,-0.0750238746,0.40369001,-0.0948875695,0.120125502,-0.342047125,-0.106964707,0.0922070742,0.35989365,-0.41469419,-0.0404453799,0.0219847746,0.155199572,0.022613734,0.341179788,0.344546556,0.0462014414,0.906154037,0.138596401,0.0475999713,0.0505910218,0.370625943,-0.360192299,-0.0174643509,0.96780467,-0.17637594,-0.0422402918,0.0545925349,-0.193044811,0.10167715,-0.0750238746,0.40369001,-0.0948875695,0.120125502,-0.342047125,-0.106964707,0.0922070742,0.35989365,-0.41469419,-0.0404453799,0.0219847746,0.155199572,0.022613734,0.341179788,0.344546556,0.0462014414,0.906154037,0.138596401,0.0475999713,0.0505910218,0.370625943,-0.360192299,-0.0174643509,0.96780467,-0.17637594,-0.0422402918,0.0545925312,-0.193044811,0.10167715,-0.0750238746,0.40369001,-0.0948875695,0.120125502,-0.342047125,-0.106964707,0.0922070742,0.35989365,-0.41469419,-0.0404453799,0.0219847746,0.155199572,0.022613734,0.341179788,0.344546556,0.0462014414,0.906154037,0.138596401,0.0475999713,0.0505910218,0.370625943,-0.360192299,-0.0174643509,0.96780467,-0.17637594,-0.0422402918,0.0545925349
0.796877762,3214794.03,0,0,0.016199355,5.63496724e-06,0.93574506,0.198673923,0,1,-0.694465041,-0.00517186057,-0.00198432361,-0.719505131,0.016710503,-0.0066771633,0.0182338525,2.24207754e-44,-2.24207754e-44,-2.24207754e-44,-0.234588131,0.0409055911,-0.0440046713,0.45070523,-0.21594198,-0.0178454164,-0.285627067,-0.032628715,0.0496521592,0.471399277,-0.195048138,0.027580006,0.0230878927,0.00267041358,-0.00374593772,0.337720394,0.218806028,0.00817663316,0.960485995,0.134775251,0.0711097121,0.0185794085,0.344254017,-0.309938699,-0.013730959,0.979764104,-0.171320319,-0.0427685119,0.0591050386,0.0258586854,0.0010628954,-0.0384596586,-0.0238281805,0.00128729548,0.00222062785,0.00471907901,0.00123623852,-0.00760049559,0.0360609517,-0.0107258065,-0.019421991,0.0017069435,0.0251090061,0.00416148035,0.0197320674,0.000519242778,-0.00170984806,0.00632446911,-8.93800679e-05,0.0350361802,-0.00345610897,0.00240125437,-0.0112834452,0.00775741506,-0.00582764484,-0.0204008464,0.0126569578,-0.0379387029,-0.193044811,0.10167715,-0.0750238746,0.40369001,-0.0948875695,0.120125502,-0.342047125,-0.106964707,0.0922070742,0.35989365,-0.41469419,-0.0404453799,0.0219847746,0.155199572,0.022613734,0.341179788,0.344546556,0.0462014414,0.906154037,0.138596401,0.0475999713,0.0505910218,0.370625943,-0.360192299,-0.0174643509,0.96780467,-0.17637594,-0.0422402918,0.0545925349,-0.193044811,0.10167715,-0.0750238746,0.40369001,-0.0948875695,0.120125502,-0.342047125,-0.106964707,0.0922070742,0.35989365,-0.41469419,-0.0404453799,0.0219847746,0.155199572,0.022613734,0.341179788,0.344546556,0.0462014414,0.906154037,0.138596401,0.0475999713,0.0505910218,0.370625943,-0.360192299,-0.0174643509,0.96780467,-0.17637594,-0.0422402918,0.0545925312,-0.193044811,0.10167715,-0.0750238746,0.40369001,-0.0948875695,0.120125502,-0.342047125,-0.106964707,0.0922070742,0.35989365,-0.41469419,-0.0404453799,0.0219847746,0.155199572,0.022613734,0.341179788,0.344546556,0.0462014414,0.906154037,0.138596401,0.0475999713,0.0505910218,0.370625943,-0.360192299,-0.0174643509,0.96780467,-0.17637594,-0.0422402918,0.0545925349
0.807891976,3214794.04,0,0,0.00725474441,4.91831452e-06,0.952283084,0.190944411,0.00176292658,1,-0.694389403,-0.00526441494,-0.00202610763,-0.719577312,0.0150640113,-0.00570900319,0.0168155599,2.24207754e-44,-2.24207754e-44,-2.24207754e-44,-0.234291598,0.0409191251,-0.0444555618,0.450431645,-0.215928555,-0.0178205334,-0.285569817,-0.0326153785,0.0495674983,0.471808523,-0.195180953,0.0273524541,0.0231065042,0.00298573659,-0.0036973278,0.337935984,0.218814567,0.00815791078,0.960560977,0.134774655,0.0715010017,0.0185405444,0.344283611,-0.310073704,-0.0136398934,0.979694188,-0.171557903,-0.0426329449,0.0586939193,0.0236256905,0.00122079451,-0.0368406773,-0.0217851084,0.000893206976,0.00218252884,0.00472575007,0.0010372767,-0.00667637074,0.0325286835,-0.0109420866,-0.0186092462,0.00147889147,0.0271328986,0.00393704092,0.0168216676,0.00082819222,-0.00146554469,0.0062455209,-3.55447919e-05,0.030215336,-0.00309319561,0.00249691959,-0.0112986537,0.00747734075,-0.00581220817,-0.0193855874,0.010146535,-0.0298828054,-0.192648768,0.10153953,-0.0758075416,0.403269947,-0.0942034572,0.119425572,-0.342088252,-0.106848285,0.0920487195,0.360324323,-0.416457117,-0.0403641164,0.0218918435,0.1543217,0.0231566317,0.341946185,0.344167799,0.0461217239,0.906499505,0.138637006,0.0483859219,0.0505121872,0.370886743,-0.360204667,-0.0174158495,0.967541575,-0.176418602,-0.0420934781,0.0538607836,-0.192648768,0.10153953,-0.0758075416,0.403269947,-0.0942034572,0.119425572,-0.342088252,-0.106848285,0.0920487195,0.360324323,-0.416457117,-0.0403641164,0.0218918435,0.1543217,0.0231566317,0.341946185,0.344167799,0.0461217239,0.906499505,0.138637006,0.0483859219,0.0505121909,0.370886743,-0.360204667,-0.0174158495,0.967541575,-0.176418602,-0.0420934781,0.0538607836,-0.192648768,0.10153953,-0.0758075416,0.403269947,-0.0942034572,0.119425572,-0.342088252,-0.106848285,0.0920487195,0.360324323,-0.416457117,-0.0403641164,0.0218918435,0.1543217,0.0231566317,0.341946185,0.344167799,0.0461217239,0.906499505,0.138637006,0.0483859219,0.0505121872,0.370886743,-0.360204667,-0.0174158495,0.967541575,-0.176418602,-0.0420934781,0.0538607836
0.817897258,3214794.05,0,0,0.0172600262,1.25798397e-05,0.9649086,0.190944411,0,1,-0.694330633,-0.00533560105,-0.00205798214,-0.7196334,0.014093901,-0.00563059933,0.0158490855,2.24207754e-44,-2.24207754e-44,-2.24207754e-44,-0.234048858,0.0409295224,-0.0448215343,0.450199932,-0.215911508,-0.0178163853,-0.285520256,-0.032606706,0.0495066084,0.472129524,-0.19531931,0.0271706618,0.0231185704,0.00326018268,-0.00365661294,0.338085592,0.218824759,0.00814465154,0.960621119,0.134775057,0.0718043894,0.0185122285,0.344309449,-0.310175866,-0.0135654816,0.979634702,-0.171747729,-0.0425302126,0.0583349876,0.0243139602,0.000997619471,-0.0362730138,-0.0235665087,0.00199980848,-0.000247741962,0.00510762446,0.000778588466,-0.00573915942,0.0313989855,-0.014957238,-0.0178842023,0.00106678216,0.0277176611,0.00408379687,0.013808242,0.001125991,-0.00124548539,0.00592865096,7.4965923e-05,0.0298862103,-0.00268148677,0.00263143098,-0.00963114575,0.00739674037,-0.0059827948,-0.0187075622,0.00994627085,-0.0374708287,-0.192648768,0.10153953,-0.0758075416,0.403269947,-0.0942034572,0.119425572,-0.342088252,-0.106848285,0.0920487195,0.360324323,-0.416457117,-0.0403641164,0.0218918435,0.1543217,0.0231566317,0.341946185,0.344167799,0.0461217239,0.906499505,0.138637006,0.0483859219,0.0505121872,0.370886743,-0.360204667,-0.0174158495,0.967541575,-0.176418602,-0.0420934781,0.0538607836,-0.192648768,0.10153953,-0.0758075416,0.403269947,-0.0942034572,0.119425572,-0.342088252,-0.106848285,0.0920487195,0.360324323,-0.416457117,-0.0403641164,0.0218918435,0.1543217,0.0231566317,0.341946185,0.344167799,0.0461217239,0.906499505,0.138637006,0.0483859219,0.0505121909,0.370886743,-0.360204667,-0.0174158495,0.967541575,-0.176418602,-0.0420934781,0.0538607836,-0.192648768,0.10153953,-0.0758075416,0.403269947,-0.0942034572,0.119425572,-0.342088252,-0.106848285,0.0920487195,0.360324323,-0.416457117,-0.0403641164,0.0218918435,0.1543217,0.0231566317,0.341946185,0.344167799,0.0461217239,0.906499505,0.138637006,0.0483859219,0.0505121872,0.370886743,-0.360204667,-0.0174158495,0.967541575,-0.176418602,-0.0420934781,0.0538607836
0.828893215,3214794.06,0,0,0.00824444788,6.53322786e-06,0.976228893,0.204289798,0.00138908625,1,-0.69426471,-0.00541367847,-0.00209293189,-0.719696343,0.012738795,-0.00524569815,0.0147931399,2.24207754e-44,-2.24207754e-44,-2.24207754e-44,-0.233764231,0.0409418233,-0.0452487059,0.449918866,-0.215885222,-0.0178249255,-0.285460085,-0.032598637,0.0494436622,0.472495437,-0.195533007,0.0269630644,0.023129208,0.00359928398,-0.00360828615,0.338229388,0.218839929,0.00813100766,0.960691333,0.134776294,0.0721403435,0.018482741,0.344341636,-0.310281813,-0.0134778535,0.979562521,-0.171965897,-0.042418737,0.0579109453,0.0240695868,0.000935557066,-0.0354393721,-0.0242808834,0.00276614609,-0.00167674455,0.00453443872,0.000588092953,-0.00490735425,0.0322000608,-0.0252583288,-0.0168333612,0.000683279766,0.0284225177,0.0041479338,0.0104525378,0.00137223816,-0.0010631351,0.00569612021,0.00013271012,0.0278294738,-0.00225093192,0.00273246318,-0.00787492655,0.00726565439,-0.00608457066,-0.0177301336,0.0092989523,-0.038340956,-0.192303002,0.101374455,-0.0765893012,0.402897149,-0.0933778435,0.118795887,-0.342044175,-0.106785849,0.0919366479,0.360833734,-0.417846203,-0.0402572714,0.0217897408,0.153273135,0.0236544013,0.342675954,0.343892366,0.0460358337,0.906781018,0.138647184,0.0491493121,0.0505209118,0.371133149,-0.360259533,-0.0174048133,0.967305303,-0.176309794,-0.041960299,0.0531012118,-0.192303002,0.101374455,-0.0765893012,0.402897149,-0.0933778435,0.118795887,-0.342044175,-0.106785849,0.0919366479,0.360833734,-0.417846203,-0.0402572714,0.0217897408,0.153273135,0.0236544013,0.342675954,0.343892366,0.0460358337,0.906781018,0.138647184,0.0491493121,0.0505209118,0.371133149,-0.360259533,-0.0174048133,0.967305303,-0.176309794,-0.041960299,0.0531012081,-0.192303002,0.101374455,-0.0765893012,0.402897149,-0.0933778435,0.118795887,-0.342044175,-0.106785849,0.0919366479,0.360833734,-0.417846203,-0.0402572714,0.0217897408,0.153273135,0.0236544013,0.342675954,0.343892366,0.0460358337,0.906781018,0.138647184,0.0491493121,0.0505209118,0.371133149,-0.360259533,-0.0174048133,0.967305303,-0.176309794,-0.041960299,0.0531012118
0.839893958,3214794.07,0,0,0.019245191,1.26883388e-05,0.985010803,0.204289798,0,1,-0.694202542,-0.00548593653,-0.00212308043,-0.71975565,0.0114464741,-0.00485241925,0.0139888721,2.24207754e-44,-2.24207754e-44,-2.24207754e-44,-0.233474448,0.0409522206,-0.0456694476,0.44961977,-0.215845942,-0.0178546198,-0.285405636,-0.0325930007,0.0493900627,0.472880095,-0.195888579,0.026768269,0.0231342185,0.00394105352,-0.00355873723,0.338330477,0.218858197,0.00811946485,0.960757852,0.134778231,0.0724687055,0.0184589345,0.344375432,-0.310360491,-0.0133915795,0.979489028,-0.172171444,-0.0423113331,0.0574313402,0.0237002652,0.00088359759,-0.0346536823,-0.0246910155,0.00332557573,-0.00261554937,0.00501155946,0.000396988704,-0.00417756056,0.0300109573,-0.0283384174,-0.0158172138,0.00027293351,0.0285868719,0.0040335916,0.00716607831,0.001616425,-0.000895159435,0.0054886099,0.000171708496,0.0261829719,-0.00182759925,0.00286233239,-0.00583965285,0.00712004211,-0.00613015611,-0.0167366974,0.00867843442,-0.0374481454,-0.192303002,0.101374455,-0.0765893012,0.402897149,-0.0933778435,0.118795887,-0.342044175,-0.106785849,0.0919366479,0.360833734,-0.417846203,-0.0402572714,0.0217897408,0.153273135,0.0236544013,0.342675954,0.343892366,0.0460358337,0.906781018,0.138647184,0.0491493121,0.0505209118,0.371133149,-0.360259533,-0.0174048133,0.967305303,-0.176309794,-0.041960299,0.0531012118,-0.192303002,0.101374455,-0.0765893012,0.402897149,-0.0933778435,0.118795887,-0.342044175,-0.106785849,0.0919366479,0.360833734,-0.417846203,-0.0402572714,0.0217897408,0.153273135,0.0236544013,0.342675954,0.343892366,0.0460358337,0.906781018,0.138647184,0.0491493121,0.0505209118,0.371133149,-0.360259533,-0.0174048133,0.967305303,-0.176309794,-0.041960299,0.0531012081,-0.192303002,0.101374455,-0.0765893012,0.402897149,-0.0933778435,0.118795887,-0.342044175,-0.106785849,0.0919366479,0.360833734,-0.417846203,-0.0402572714,0.0217897408,0.153273135,0.0236544013,0.342675954,0.343892366,0.0460358337,0.906781018,0.138647184,0.0491493121,0.0505209118,0.371133149,-0.360259533,-0.0174048133,0.967305303,-0.176309794,-0.041960299,0.0531012118
0.850876292,3214794.08,0,0,0.0102058491,4.4410117e-06,0.991437376,0.206835102,0.00115975738,1,-0.694182634,-0.00550801726,-0.00213250029,-0.719774663,0.0109689161,-0.00451216567,0.0136802634,2.24207754e-44,-2.24207754e-44,-2.24207754e-44,-0.233381897,0.0409559347,-0.0458067395,0.449523032,-0.215833127,-0.0178646725,-0.285384268,-0.032591559,0.0493740439,0.472993106,-0.195993632,0.0267060213,0.0231351182,0.00405576918,-0.0035429541,0.338356614,0.218864843,0.00811602641,0.960779786,0.134778917,0.072568424,0.0184519198,0.344386905,-0.310382605,-0.0133632738,0.979464531,-0.17223753,-0.0422771387,0.0572940893,0.0229300894,0.000944481231,-0.0342064276,-0.0239890292,0.00315455464,-0.00246981066,0.00543742999,0.000348164671,-0.00394595694,0.0276648272,-0.0255464222,-0.015475655,0.000211547609,0.0287104677,0.00391486473,0.00632774225,0.00167412963,-0.000847993826,0.00547791552,0.000171628257,0.0244732089,-0.00172996556,0.00287528872,-0.00542562548,0.00706183212,-0.00612434279,-0.0164527837,0.00850704871,-0.0331999771,-0.192007244,0.101233721,-0.0773377866,0.402508467,-0.09235394,0.118186273,-0.341918617,-0.10674119,0.0918602198,0.361416191,-0.418865889,-0.0401782058,0.0216977485,0.152113378,0.0240923241,0.343391657,0.343672276,0.04595346,0.907009006,0.138621941,0.0498638116,0.0505805239,0.371382982,-0.360366255,-0.017431343,0.967098594,-0.17605786,-0.0418648198,0.0523332134,-0.192007244,0.101233721,-0.0773377866,0.402508467,-0.0923539326,0.118186273,-0.341918617,-0.10674119,0.0918602198,0.361416191,-0.418865889,-0.0401782058,0.0216977485,0.152113378,0.0240923241,0.343391657,0.343672276,0.04595346,0.907009006,0.138621941,0.0498638116,0.0505805202,0.371382982,-0.360366255,-0.017431343,0.967098594,-0.17605786,-0.0418648235,0.0523332134,-0.192007244,0.101233721,-0.0773377866,0.402508467,-0.09235394,0.118186273,-0.341918617,-0.10674119,0.0918602198,0.361416191,-0.418865889,-0.0401782058,0.0216977485,0.152113378,0.0240923241,0.343391657,0.343672276,0.04595346,0.907009006,0.138621941,0.0498638116,0.0505805239,0.371382982,-0.360366255,-0.017431343,0.967098594,-0.17605786,-0.0418648198,0.0523332134
0.860880132,3214794.09,0,0,0.000248536933,5.82402572e-06,0.995474219,0.18676091,0.00106602907,1,-0.694107354,-0.00559389871,-0.00216285698,-0.719846547,0.00953104813,-0.00495100394,0.0125095379,2.24207754e-44,-2.24207754e-44,-2.24207754e-44,-0.232987344,0.0409676135,-0.0463504195,0.449100792,-0.215761974,-0.0179349296,-0.28531146,-0.0325885154,0.0493212827,0.473517388,-0.196682453,0.0264716689,0.0231317747,0.00450653536,-0.00347501342,0.338423073,0.218893901,0.00810386147,0.960860848,0.13478151,0.0729629993,0.0184305552,0.34443441,-0.310453653,-0.0132494159,0.979365051,-0.172483504,-0.042142421,0.0566284359,0.0246627331,0.000725978229,-0.0334235355,-0.0264881738,0.00460771099,-0.00474145496,0.00537187466,7.47906306e-05,-0.00285600009,0.0305647217,-0.0424457975,-0.0140605085,-0.000485579803,0.0278672893,0.00409799395,0.00313815055,0.00192989991,-0.000682542101,0.00487273419,0.000157367584,0.0227179118,-0.00109714281,0.00303637749,-0.00407372555,0.0070493836,-0.00622407719,-0.0147144366,0.00828626379,-0.0395210348,-0.192007244,0.101233721,-0.0773377866,0.402508467,-0.09235394,0.118186273,-0.341918617,-0.10674119,0.0918602198,0.361416191,-0.418865889,-0.0401782058,0.0216977485,0.152113378,0.0240923241,0.343391657,0.343672276,0.04595346,0.907009006,0.138621941,0.0498638116,0.0505805239,0.371382982,-0.360366255,-0.017431343,0.967098594,-0.17605786,-0.0418648198,0.0523332134,-0.19178611,0.101198681,-0.0780521855,0.402037263,-0.0912879109,0.117558509,-0.341746271,-0.106625244,0.0917750895,0.362079591,-0.41958642,-0.0401209481,0.0216327161,0.151171893,0.0244819224,0.344100028,0.343490899,0.04586358,0.907214403,0.138554752,0.050552275,0.0506843366,0.371615022,-0.360491991,-0.0174839329,0.96693331,-0.175705045,-0.0418025702,0.051615946,-0.19178611,0.101198681,-0.0780521855,0.402037263,-0.0912879109,0.117558509,-0.341746271,-0.106625244,0.0917750895,0.362079591,-0.41958642,-0.0401209481,0.0216327161,0.151171893,0.0244819224,0.344100028,0.343490899,0.04586358,0.907214403,0.138554752,0.050552275,0.0506843403,0.371615022,-0.360491991,-0.0174839329,0.96693331,-0.175705045,-0.0418025702,0.051615946
0.871883126,3214794.1,0,0,0.0112515311,7.41006806e-06,0.99821496,0.18676091,0,1,-0.694064379,-0.00564202014,-0.00217904733,-0.719887555,0.00883326773,-0.0045682569,0.0113617033,2.24207754e-44,-2.24207754e-44,-2.24207754e-44,-0.232744902,0.0409747809,-0.0466785021,0.448837429,-0.215714738,-0.0179876406,-0.285255522,-0.0325888731,0.0492979661,0.473805755,-0.197096422,0.0263363495,0.0231250599,0.00478038797,-0.00343637099,0.33845073,0.2189143,0.00809773151,0.960907042,0.134782776,0.0731643364,0.01842211,0.344464928,-0.310492903,-0.0131794838,0.979302466,-0.17262347,-0.0420608595,0.0562668405,0.0246393159,0.000639301725,-0.0324529111,-0.0271723587,0.00520822313,-0.00621532416,0.00494057452,-0.000127474792,-0.00187684025,0.0305813141,-0.0469351113,-0.0131776659,-0.00083186297,0.0268420018,0.0038066667,0.0025481747,0.00212480896,-0.000568444142,0.00434962381,8.9495632e-05,0.019131925,-0.000616989972,0.00306282588,-0.0037858102,0.00699581625,-0.00631102454,-0.0133618079,0.00809657387,-0.0381924212,-0.19178611,0.101198681,-0.0780521855,0.402037263,-0.0912879109,0.117558509,-0.341746271,-0.106625244,0.0917750895,0.362079591,-0.41958642,-0.0401209481,0.0216327161,0.151171893,0.0244819224,0.344100028,0.343490899,0.04586358,0.907214403,0.138554752,0.050552275,0.0506843403,0.371615022,-0.360491991,-0.0174839329,0.96693331,-0.175705045,-0.0418025702,0.051615946,-0.19178611,0.101198681,-0.0780521855,0.402037263,-0.0912879109,0.117558509,-0.341746271,-0.106625244,0.0917750895,0.362079591,-0.41958642,-0.0401209481,0.0216327161,0.151171893,0.0244819224,0.344100028,0.343490899,0.04586358,0.907214403,0.138554752,0.050552275,0.0506843366,0.371615022,-0.360491991,-0.0174839329,0.96693331,-0.175705045,-0.0418025702,0.051615946,-0.19178611,0.101198681,-0.0780521855,0.402037263,-0.0912879109,0.117558509,-0.341746271,-0.106625244,0.0917750895,0.362079591,-0.41958642,-0.0401209481,0.0216327161,0.151171893,0.0244819224,0.344100028,0.343490899,0.04586358,0.907214403,0.138554752,0.050552275,0.0506843403,0.371615022,-0.360491991,-0.0174839329,0.96693331,-0.175705045,-0.0418025702,0.051615946
0.882890451,3214794.11,0,0,0.00223022094,4.80096787e-06,0.999558926,0.185586978,0.00102555752,1,-0.694018185,-0.00569509389,-0.00219673151,-0.719931602,0.00784017984,-0.00394863356,0.010150075,2.24207754e-44,-2.24207754e-44,-2.24207754e-44,-0.232453853,0.0409827009,-0.0470588617,0.448514253,-0.215652302,-0.0180675425,-0.285192877,-0.0325919129,0.0492821634,0.474151015,-0.197647557,0.0261854045,0.0231123287,0.0050936793,-0.00339326332,0.338478804,0.218941107,0.00809166953,0.960955918,0.134783521,0.0733591616,0.0184177253,0.344502181,-0.310537696,-0.0130966017,0.979226649,-0.172774956,-0.0419653505,0.0558388941,0.0235693343,0.000721948163,-0.0311221965,-0.0261652414,0.00493340427,-0.00664305221,0.00574493408,-0.000328990951,-0.00098281086,0.0261874981,-0.042346295,-0.0121421479,-0.00118639995,0.0256664753,0.00341556268,0.00223085773,0.00229422329,-0.000466546218,0.00392473908,5.14213534e-05,0.0137294922,-0.000233245664,0.00313032744,-0.00374070671,0.00682357885,-0.00630762894,-0.0122062834,0.0078490451,-0.0316934995,-0.19161588,0.101248346,-0.0787660629,0.401528329,-0.0902623534,0.116941623,-0.341513783,-0.106482297,0.0916682035,0.362782419,-0.420127034,-0.0400608145,0.0215818249,0.150429398,0.0248736814,0.344780505,0.343316197,0.0457444414,0.907420218,0.13846308,0.0511932671,0.0508325025,0.371829063,-0.360608459,-0.0175634772,0.966787219,-0.175287277,-0.0417462364,0.0509524941,-0.19161588,0.101248346,-0.0787660629,0.401528329,-0.090262346,0.116941623,-0.341513783,-0.106482297,0.0916682035,0.362782419,-0.420127034,-0.0400608145,0.0215818249,0.150429398,0.0248736814,0.344780505,0.343316197,0.0457444414,0.907420218,0.13846308,0.0511932671,0.0508324988,0.371829063,-0.360608459,-0.0175634772,0.966787219,-0.175287277,-0.0417462364,0.0509524979,-0.19161588,0.101248346,-0.0787660629,0.401528329,-0.0902623534,0.116941623,-0.341513783,-0.106482297,0.0916682035,0.362782419,-0.420127034,-0.0400608145,0.0215818249,0.150429398,0.0248736814,0.344780505,0.343316197,0.0457444414,0.907420218,0.13846308,0.0511932671,0.0508325025,0.371829063,-0.360608459,-0.0175634772,0.966787219,-0.175287277,-0.0417462364,0.0509524941
0.893920149,3214794.13,0,0,0.0132599189,9.07294452e-06,0.999973595,0.185586978,0,1,-0.693983972,-0.00573500991,-0.00221008365,-0.719964206,0.00728999684,-0.00385124166,0.00899874792,2.24207754e-44,-2.24207754e-44,-2.24207754e-44,-0.232215822,0.0409893617,-0.0473652296,0.448246539,-0.215599224,-0.0181454085,-0.285140932,-0.0325963795,0.0492777675,0.474425048,-0.198119044,0.0260692965,0.0230984893,0.00534149213,-0.00335949054,0.338499695,0.21896486,0.00808724482,0.960991621,0.134783432,0.0734796003,0.0184182227,0.344533801,-0.310574204,-0.013028793,0.979163229,-0.172888175,-0.0418877192,0.0555061921,0.0242148098,0.000610241608,-0.0303394813,-0.0274816807,0.00566492602,-0.00869022217,0.00470581139,-0.000531249447,-6.54605537e-05,0.0288599767,-0.0517276786,-0.0112659344,-0.00153833011,0.0241014045,0.00336953322,0.00199487037,0.00243152003,-0.000429033156,0.00331400894,-5.25736286e-05,0.0113221826,0.000255444989,0.00318927737,-0.00358316768,0.00675441045,-0.00635725679,-0.0106874118,0.00771479635,-0.0357598178,-0.19161588,0.101248346,-0.0787660629,0.401528329,-0.0902623534,0.116941623,-0.341513783,-0.106482297,0.0916682035,0.362782419,-0.420127034,-0.0400608145,0.0215818249,0.150429398,0.0248736814,0.344780505,0.343316197,0.0457444414,0.907420218,0.13846308,0.0511932671,0.0508325025,0.371829063,-0.360608459,-0.0175634772,0.966787219,-0.175287277,-0.0417462364,0.0509524941,-0.19161588,0.101248346,-0.0787660629,0.401528329,-0.090262346,0.116941623,-0.341513783,-0.106482297,0.0916682035,0.362782419,-0.420127034,-0.0400608145,0.0215818249,0.150429398,0.0248736814,0.344780505,0.343316197,0.0457444414,0.907420218,0.13846308,0.0511932671,0.0508324988,0.371829063,-0.360608459,-0.0175634772,0.966787219,-0.175287277,-0.0417462364,0.0509524979,-0.19161588,0.101248346,-0.0787660629,0.401528329,-0.0902623534,0.116941623,-0.341513783,-0.106482297,0.0916682035,0.362782419,-0.420127034,-0.0400608145,0.0215818249,0.150429398,0.0248736814,0.344780505,0.343316197,0.0457444414,0.907420218,0.13846308,0.0511932671,0.0508325025,0.371829063,-0.360608459,-0.0175634772,0.966787219,-0.175287277,-0.0417462364,0.0509524941
0.904876009,3214794.14,0,0,0.00420789141,4.26219776e-06,1,0.194279943,0.000736534595,1,-0.693947494,-0.00577875599,-0.00222398271,-0.719998956,0.00633255113,-0.00333336135,0.00796747487,2.24207754e-44,-2.24207754e-44,-2.24207754e-44,-0.231931388,0.040997263,-0.047721725,0.447924346,-0.215534478,-0.0182531159,-0.285076588,-0.0326040536,0.0492820516,0.474738985,-0.198699385,0.0259412266,0.0230776295,0.0056195627,-0.0033211275,0.338522255,0.218994796,0.00808238983,0.961028337,0.134782493,0.0735887662,0.0184235554,0.344572753,-0.310617477,-0.0129491333,0.979087293,-0.173008829,-0.0417965539,0.0551128425,0.0230527688,0.000725568796,-0.0292089339,-0.0260076541,0.00502499565,-0.00894103758,0.00594826043,-0.0007066502,0.000628958689,0.0236122943,-0.0445878021,-0.0102422154,-0.00184557878,0.022560576,0.00304056308,0.00179704244,0.00252295681,-0.000391387817,0.00288801128,-8.82556415e-05,0.00744052604,0.000537721906,0.00327643869,-0.00364175043,0.00655216025,-0.00630303612,-0.00971272402,0.00750663085,-0.0292054098,-0.191498905,0.101403274,-0.079467386,0.400919139,-0.0895258188,0.116321318,-0.341217458,-0.106331065,0.0915436,0.363484621,-0.4206267,-0.0399965346,0.0215695035,0.150159568,0.0252727158,0.345475554,0.343105376,0.0455925427,0.907625318,0.138319954,0.051760111,0.0510137007,0.372047335,-0.360711724,-0.017653631,0.966674447,-0.174850434,-0.0416966304,0.0503952503,-0.191498905,0.101403274,-0.079467386,0.400919139,-0.0895258114,0.116321318,-0.341217458,-0.106331065,0.0915436,0.363484621,-0.4206267,-0.0399965346,0.0215695035,0.150159568,0.0252727158,0.345475554,0.343105376,0.0455925427,0.907625318,0.138319954,0.051760111,0.0510136932,0.372047335,-0.360711724,-0.017653631,0.966674447,-0.174850434,-0.0416966267,0.0503952503,-0.191498905,0.101403274,-0.079467386,0.400919139,-0.0895258188,0.116321318,-0.341217458,-0.106331065,0.0915436,0.363484621,-0.4206267,-0.0399965346,0.0215695035,0.150159568,0.0252727158,0.345475554,0.343105376,0.0455925427,0.907625318,0.138319954,0.051760111,0.0510137007,0.372047335,-0.360711724,-0.017653631,0.966674447,-0.174850434,-0.0416966304,0.0503952503
0.915889923,3214794.15,0,0,0.0152218053,4.11132351e-06,1,0.194279943,0,1,-0.69392091,-0.00581219979,-0.00223350408,-0.720024288,0.00577758113,-0.00344682229,0.00702289538,2.24207754e-44,-2.24207754e-44,-2.24207754e-44,-0.231691793,0.0410038605,-0.0480114594,0.447650284,-0.215478465,-0.0183594916,-0.285024017,-0.0326122083,0.0492926762,0.475000978,-0.199222833,0.025844181,0.0230573546,0.00583437458,-0.00329030654,0.338539094,0.219020247,0.00807814579,0.961053491,0.134780288,0.0736599714,0.0184321124,0.344606131,-0.310653061,-0.0128842853,0.979024172,-0.173095152,-0.0417221636,0.0547904111,0.0241541527,0.000660761783,-0.0287436564,-0.0276950635,0.00569066359,-0.0112511097,0.00524823135,-0.000878503488,0.00128623913,0.0263215899,-0.054039266,-0.00935645588,-0.00214085635,0.0208334308,0.00304585556,0.00161647028,0.00255832472,-0.000436957402,0.00233506924,-0.000276575127,0.00664705038,0.00100378692,0.00338088162,-0.00354201463,0.00642278092,-0.00629970897,-0.00810132455,0.00738085527,-0.0324775092,-0.191498905,0.101403274,-0.079467386,0.400919139,-0.0895258188,0.116321318,-0.341217458,-0.106331065,0.0915436,0.363484621,-0.4206267,-0.0399965346,0.0215695035,0.150159568,0.0252727158,0.345475554,0.343105376,0.0455925427,0.907625318,0.138319954,0.051760111,0.0510137007,0.372047335,-0.360711724,-0.017653631,0.966674447,-0.174850434,-0.0416966304,0.0503952503,-0.191498905,0.101403274,-0.079467386,0.400919139,-0.0895258114,0.116321318,-0.341217458,-0.106331065,0.0915436,0.363484621,-0.4206267,-0.0399965346,0.0215695035,0.150159568,0.0252727158,0.345475554,0.343105376,0.0455925427,0.907625318,0.138319954,0.051760111,0.0510136932,0.372047335,-0.360711724,-0.017653631,0.966674447,-0.174850434,-0.0416966267,0.0503952503,-0.191498905,0.101403274,-0.079467386,0.400919139,-0.0895258188,0.116321318,-0.341217458,-0.106331065,0.0915436,0.363484621,-0.4206267,-0.0399965346,0.0215695035,0.150159568,0.0252727158,0.345475554,0.343105376,0.0455925427,0.907625318,0.138319954,0.051760111,0.0510137007,0.372047335,-0.360711724,-0.017653631,0.966674447,-0.174850434,-0.0416966304,0.0503952503
0.926875948,3214794.16,0,0,0.00619597221,4.78001311e-06,1,0.205178745,0.00081834197,1,-0.693892598,-0.00584787689,-0.00224258518,-0.720051289,0.00490823016,-0.00308549451,0.0061342828,2.24207754e-44,-2.24207754e-44,-2.24207754e-44,-0.231409937,0.0410127826,-0.048349984,0.44732973,-0.21541582,-0.0184962042,-0.284950852,-0.0326237977,0.0493116416,0.475279063,-0.199816436,0.0257391501,0.0230298098,0.00607249001,-0.00325629534,0.338556826,0.219050914,0.00807269011,0.961077809,0.134776384,0.0737303793,0.0184457917,0.344647348,-0.310696036,-0.0128087662,0.97894913,-0.173185363,-0.0416350998,0.0544515476,0.0232744832,0.000744294724,-0.0279242918,-0.0264097452,0.00508716516,-0.0118976021,0.00632682256,-0.00103598821,0.00185048499,0.0222105011,-0.04870883,-0.00832778215,-0.00240861601,0.0190376695,0.00275983405,0.00138698134,0.00256180041,-0.000474661385,0.00177899911,-0.00040492558,0.00553101674,0.00129539019,0.00346863177,-0.00356731494,0.00622246042,-0.00624433439,-0.00693340367,0.00719303451,-0.0268188845,-0.191406608,0.101476692,-0.0801616013,0.400391847,-0.0887074769,0.115778491,-0.34084636,-0.106230661,0.0914778858,0.364232838,-0.420802236,-0.0399591066,0.0215425193,0.14987123,0.0256371684,0.346108049,0.342950612,0.0454491228,0.907751739,0.138128564,0.0522315465,0.0512275025,0.372258902,-0.360770077,-0.0177329499,0.966561258,-0.174376696,-0.041616641,0.0498629436,-0.191406608,0.101476692,-0.0801616013,0.400391847,-0.0887074843,0.115778491,-0.34084636,-0.106230661,0.0914778858,0.364232838,-0.420802236,-0.0399591066,0.0215425193,0.14987123,0.0256371684,0.346108049,0.342950612,0.0454491228,0.907751739,0.138128564,0.0522315465,0.0512274988,0.372258902,-0.360770077,-0.0177329499,0.966561258,-0.174376696,-0.0416166373,0.0498629436,-0.191406608,0.101476692,-0.0801616013,0.400391847,-0.0887074769,0.115778491,-0.34084636,-0.106230661,0.0914778858,0.364232838,-0.420802236,-0.0399591066,0.0215425193,0.14987123,0.0256371684,0.346108049,0.342950612,0.0454491228,0.907751739,0.138128564,0.0522315465,0.0512275025,0.372258902,-0.360770077,-0.0177329499,0.966561258,-0.174376696,-0.041616641,0.0498629436
0.936891352,3214794.17,0,0,0.0162113761,7.30995089e-06,1,0.205178745,0,1,-0.693871796,-0.00587533042,-0.0022481333,-0.720071077,0.00437762216,-0.00311203371,0.00554777775,2.24207754e-44,-2.24207754e-44,-2.24207754e-44,-0.231173769,0.0410193577,-0.0486273952,0.447061449,-0.215363249,-0.0186266247,-0.284890443,-0.0326351225,0.0493338443,0.475512683,-0.200341046,0.0256606825,0.0230041798,0.00625126623,-0.00322847581,0.338569909,0.219076842,0.00806768332,0.961092889,0.1347709,0.0737846866,0.018461382,0.344683588,-0.310730994,-0.0127471732,0.978886545,-0.173245713,-0.0415635817,0.0541603342,0.023478996,0.000643594482,-0.0275762957,-0.0265430454,0.00511156628,-0.0133943828,0.00629745331,-0.00118592766,0.00239500403,0.0225952137,-0.0516798086,-0.00752505939,-0.00265439274,0.0171830244,0.00272072828,0.00124934758,0.00260212133,-0.000514249376,0.00134351186,-0.000607652706,0.00533197913,0.00167583115,0.00378677249,-0.00348869245,0.00609838078,-0.00625194609,-0.00560306525,0.00710159214,-0.0287057776,-0.191406608,0.101476692,-0.0801616013,0.400391847,-0.0887074769,0.115778491,-0.34084636,-0.106230661,0.0914778858,0.364232838,-0.420802236,-0.0399591066,0.0215425193,0.14987123,0.0256371684,0.346108049,0.342950612,0.0454491228,0.907751739,0.138128564,0.0522315465,0.0512275025,0.372258902,-0.360770077,-0.0177329499,0.966561258,-0.174376696,-0.041616641,0.0498629436,-0.191406608,0.101476692,-0.0801616013,0.400391847,-0.0887074843,0.115778491,-0.34084636,-0.106230661,0.0914778858,0.364232838,-0.420802236,-0.0399591066,0.0215425193,0.14987123,0.0256371684,0.346108049,0.342950612,0.0454491228,0.907751739,0.138128564,0.0522315465,0.0512274988,0.372258902,-0.360770077,-0.0177329499,0.966561258,-0.174376696,-0.0416166373,0.0498629436,-0.191406608,0.101476692,-0.0801616013,0.400391847,-0.0887074769,0.115778491,-0.34084636,-0.106230661,0.0914778858,0.364232838,-0.420802236,-0.0399591066,0.0215425193,0.14987123,0.0256371684,0.346108049,0.342950612,0.0454491228,0.907751739,0.138128564,0.0522315465,0.0512275025,0.372258902,-0.360770077,-0.0177329499,0.966561258,-0.174376696,-0.041616641,0.0498629436
0.948509935,3214794.18,0,0,0.00786428805,1.12201087e-05,1,0.200938899,0.000710189342,1,-0.693856478,-0.00589483418,-0.00225156196,-0.72008568,0.00379368826,-0.00270533399,0.00512890704,2.24207754e-44,-2.24207754e-44,-2.24207754e-44,-0.230992094,0.0410248823,-0.0488453694,0.446858376,-0.215326533,-0.0187333226,-0.284835488,-0.0326450355,0.0493543446,0.47567457,-0.200721771,0.0256037917,0.0229823738,0.00638249889,-0.00320806541,0.338579208,0.219097614,0.00806348491,0.961102128,0.134765774,0.0738259926,0.0184753425,0.344715327,-0.310759157,-0.0126990946,0.978836715,-0.173287973,-0.0415074825,0.0539560989,0.0221274085,0.000730761909,-0.0270109773,-0.0245509408,0.00422233436,-0.0132291969,0.00716505852,-0.00126964936,0.0026645239,0.0187619086,-0.0449473001,-0.00686013931,-0.00275665685,0.0159479491,0.00243622577,0.00110922661,0.00259159482,-0.000529796176,0.00104655023,-0.000654629664,0.00505477935,0.00177393993,0.00404526619,-0.00354292709,0.0059577371,-0.00621488877,-0.00512609165,0.00695462478,-0.0232541133,-0.191320539,0.101578474,-0.0807982087,0.399874449,-0.0880190432,0.115303002,-0.340479791,-0.106096894,0.0914148986,0.364943027,-0.420888096,-0.0399589315,0.0215456933,0.14972721,0.0259408094,0.346676469,0.342767626,0.0452812612,0.90784061,0.137916833,0.0526117757,0.0514402166,0.372425854,-0.360816777,-0.0177906826,0.966468215,-0.173906133,-0.0415395647,0.0493905321,-0.191320539,0.101578474,-0.0807982087,0.399874449,-0.0880190507,0.115303002,-0.340479791,-0.106096894,0.0914148986,0.364943027,-0.420888096,-0.0399589315,0.0215456933,0.14972721,0.0259408094,0.346676469,0.342767626,0.0452812612,0.90784061,0.137916833,0.0526117757,0.0514402203,0.372425854,-0.360816777,-0.0177906826,0.966468215,-0.173906133,-0.0415395647,0.0493905321,-0.191320539,0.101578474,-0.0807982087,0.399874449,-0.0880190432,0.115303002,-0.340479791,-0.106096894,0.0914148986,0.364943027,-0.420888096,-0.0399589315,0.0215456933,0.14972721,0.0259408094,0.346676469,0.342767626,0.0452812612,0.90784061,0.137916833,0.0526117757,0.0514402166,0.372425854,-0.360816777,-0.0177906826,0.966468215,-0.173906133,-0.0415395647,0.0493905321
0.958876444,3214794.19,0,0,0.0182307973,4.32925299e-06,1,0.200938899,0,1,-0.693832576,-0.00592657831,-0.00225492008,-0.720108449,0.00317141251,-0.00288125826,0.00457023643,2.24207754e-44,-2.24207754e-44,-2.24207754e-44,-0.230672285,0.0410327762,-0.0492222644,0.446502864,-0.215263352,-0.0189439729,-0.284745008,-0.0326643661,0.0493985638,0.475977421,-0.20145376,0.0255154613,0.0229425523,0.00658211112,-0.00317216618,0.338594139,0.21913439,0.00805533398,0.961113095,0.134753138,0.0738983378,0.0185053721,0.344779611,-0.31080699,-0.0126162814,0.978749156,-0.173342362,-0.0414104387,0.0535672195,0.0226397663,0.000530093501,-0.0267601479,-0.0249164589,0.0042355638,-0.0155527322,0.00677566323,-0.00144764257,0.00336800306,0.020844087,-0.0515609942,-0.0058759721,-0.00291511859,0.0131484708,0.00249817921,0.00101602601,0.00263405778,-0.000607221562,0.000622530759,-0.00099999737,0.00514548412,0.00229716417,0.00509281224,-0.00340487133,0.00583678018,-0.00625162758,-0.00330810226,0.00686354004,-0.0275892001,-0.191320539,0.101578474,-0.0807982087,0.399874449,-0.0880190432,0.115303002,-0.340479791,-0.106096894,0.0914148986,0.364943027,-0.420888096,-0.0399589315,0.0215456933,0.14972721,0.0259408094,0.346676469,0.342767626,0.0452812612,0.90784061,0.137916833,0.0526117757,0.0514402166,0.372425854,-0.360816777,-0.0177906826,0.966468215,-0.173906133,-0.0415395647,0.0493905321,-0.191320539,0.101578474,-0.0807982087,0.399874449,-0.0880190507,0.115303002,-0.340479791,-0.106096894,0.0914148986,0.364943027,-0.420888096,-0.0399589315,0.0215456933,0.14972721,0.0259408094,0.346676469,0.342767626,0.0452812612,0.90784061,0.137916833,0.0526117757,0.0514402203,0.372425854,-0.360816777,-0.0177906826,0.966468215,-0.173906133,-0.0415395647,0.0493905321,-0.191320539,0.101578474,-0.0807982087,0.399874449,-0.0880190432,0.115303002,-0.340479791,-0.106096894,0.0914148986,0.364943027,-0.420888096,-0.0399589315,0.0215456933,0.14972721,0.0259408094,0.346676469,0.342767626,0.0452812612,0.90784061,0.137916833,0.0526117757,0.0514402166,0.372425854,-0.360816777,-0.0177906826,0.966468215,-0.173906133,-0.0415395647,0.0493905321
0.96887927,3214794.2,0,0,0.00815541903,5.47990203e-06,1,0.194382854,0.000686168671,1,-0.693816483,-0.00594508369,-0.00225593266,-0.720123768,0.00244517135,-0.00216427329,0.00427048374,2.24207754e-44,-2.24207754e-44,-2.24207754e-44,-0.230459869,0.0410387814,-0.0494866632,0.446274012,-0.21522975,-0.0190960448,-0.284667343,-0.0326793194,0.0494332053,0.47614491,-0.201887891,0.0254614316,0.0229130834,0.00670427596,-0.00314958813,0.338603556,0.219160542,0.00804912951,0.961117685,0.134742856,0.0739482492,0.0185287111,0.344834626,-0.31084165,-0.0125591001,0.978687048,-0.173372746,-0.0413430445,0.0533485785,0.0201651379,0.000662132574,-0.0261349007,-0.0214242749,0.00274793315,-0.0149346944,0.00808470696,-0.0015277362,0.00356304785,0.014592533,-0.0391014442,-0.00507925963,-0.00294552115,0.0115896109,0.00209177658,0.000890552998,0.00259928359,-0.000625664485,0.000351647876,-0.00104211585,0.00487485062,0.00234612008,0.00566894189,-0.00349958614,0.00564944698,-0.00617964193,-0.00290447078,0.00665648654,-0.0180470422,-0.191213891,0.101688415,-0.081393443,0.399391741,-0.0874592364,0.114901572,-0.340098441,-0.105980992,0.0913756192,0.365629196,-0.42084986,-0.0399704985,0.0215690173,0.149785101,0.0261736065,0.347183496,0.342566431,0.0451046675,0.907894671,0.137665793,0.0529261716,0.0516550615,0.372549146,-0.360862494,-0.0178324543,0.966396272,-0.173457846,-0.0414671376,0.0489789844,-0.191213891,0.101688415,-0.081393443,0.399391741,-0.0874592289,0.114901572,-0.340098441,-0.105980992,0.0913756192,0.365629196,-0.42084986,-0.0399704985,0.0215690173,0.149785101,0.0261736065,0.347183496,0.342566431,0.0451046675,0.907894671,0.137665793,0.0529261716,0.0516550653,0.372549146,-0.360862494,-0.0178324543,0.966396272,-0.173457846,-0.0414671414,0.0489789844,-0.191213891,0.101688415,-0.081393443,0.399391741,-0.0874592364,0.114901572,-0.340098441,-0.105980992,0.0913756192,0.365629196,-0.42084986,-0.0399704985,0.0215690173,0.149785101,0.0261736065,0.347183496,0.342566431,0.0451046675,0.907894671,0.137665793,0.0529261716,0.0516550615,0.372549146,-0.360862494,-0.0178324543,0.966396272,-0.173457846,-0.0414671376,0.0489789844
0.979877277,3214794.21,0,0,0.0191534259,4.88292426e-06,1,0.194382854,0,1,-0.693802178,-0.00596090965,-0.00225633057,-0.720137417,0.00210965704,-0.00213364861,0.00379480794,2.24207754e-44,-2.24207754e-44,-2.24207754e-44,-0.230256915,0.041044239,-0.0497469418,0.446058631,-0.215202168,-0.0192575306,-0.28459242,-0.0326954313,0.0494724736,0.476307839,-0.202315614,0.0254144389,0.0228838194,0.00680771563,-0.00312742474,0.338612467,0.21918647,0.00804229639,0.961119711,0.134729996,0.0739979818,0.0185547862,0.344894856,-0.310875744,-0.0125028836,0.978625298,-0.173392683,-0.0412767008,0.0531469882,0.0200655013,0.000507245015,-0.0258694552,-0.0211831219,0.00256923144,-0.0165838301,0.00732251955,-0.00168032269,0.00409823377,0.0164655913,-0.043200843,-0.00443029869,-0.00291979755,0.00956518576,0.00222239317,0.000882116554,0.00258347974,-0.000709165004,0.000117143056,-0.00139449479,0.00499174697,0.00271866564,0.00626310008,-0.00338042201,0.00558697479,-0.00616033934,-0.00157176657,0.00659720367,-0.0204887316,-0.191213891,0.101688415,-0.081393443,0.399391741,-0.0874592364,0.114901572,-0.340098441,-0.105980992,0.0913756192,0.365629196,-0.42084986,-0.0399704985,0.0215690173,0.149785101,0.0261736065,0.347183496,0.342566431,0.0451046675,0.907894671,0.137665793,0.0529261716,0.0516550615,0.372549146,-0.360862494,-0.0178324543,0.966396272,-0.173457846,-0.0414671376,0.0489789844,-0.191213891,0.101688415,-0.081393443,0.399391741,-0.0874592289,0.114901572,-0.340098441,-0.105980992,0.0913756192,0.365629196,-0.42084986,-0.0399704985,0.0215690173,0.149785101,0.0261736065,0.347183496,0.342566431,0.0451046675,0.907894671,0.137665793,0.0529261716,0.0516550653,0.372549146,-0.360862494,-0.0178324543,0.966396272,-0.173457846,-0.0414671414,0.0489789844,-0.191213891,0.101688415,-0.081393443,0.399391741,-0.0874592364,0.114901572,-0.340098441,-0.105980992,0.0913756192,0.365629196,-0.42084986,-0.0399704985,0.0215690173,0.149785101,0.0261736065,0.347183496,0.342566431,0.0451046675,0.907894671,0.137665793,0.0529261716,0.0516550615,0.372549146,-0.360862494,-0.0178324543,0.966396272,-0.173457846,-0.0414671376,0.0489789844
0.989976626,3214794.22,0,0,0.00930339796,5.04218042e-06,1,0.199336093,0.000639766455,1,-0.693789363,-0.00597451441,-0.00225617294,-0.720149696,0.00177826814,-0.00202039653,0.00340338447,2.24207754e-44,-2.24207754e-44,-2.24207754e-44,-0.230062321,0.0410488769,-0.0500025004,0.445855856,-0.215180948,-0.0194270425,-0.284518868,-0.0327140242,0.0495148562,0.476463914,-0.202729091,0.0253742803,0.0228547845,0.00689203758,-0.00310551282,0.33862114,0.219212085,0.00803484302,0.96111989,0.134714752,0.0740478486,0.018583158,0.344960719,-0.31090939,-0.012447644,0.978564024,-0.173403502,-0.0412114263,0.0529517084,0.0195651837,0.000374239287,-0.0254700053,-0.0202998165,0.00206990982,-0.017641414,0.00716216536,-0.00200134935,0.0043579163,0.0162737183,-0.0426704548,-0.00377491792,-0.00288322917,0.00761261117,0.00228337152,0.000878984749,0.00254628016,-0.000791738916,-4.44618745e-05,-0.00168319535,0.00505370647,0.00298926118,0.00682059163,-0.00332090002,0.00550258486,-0.00610708538,-0.000542739173,0.00650810404,-0.0207243282,-0.191086143,0.10181614,-0.0819645077,0.398960292,-0.0870055556,0.114576124,-0.339740932,-0.105848312,0.091333881,0.366268963,-0.420754373,-0.0399998091,0.0216028467,0.149982437,0.0263536796,0.347602963,0.342367768,0.0449131727,0.907938123,0.137410298,0.0531818271,0.0518690571,0.372618675,-0.360904634,-0.0178546645,0.966342807,-0.173040763,-0.0414082035,0.0486270785,-0.191086143,0.10181614,-0.0819645077,0.398960292,-0.0870055631,0.114576124,-0.339740932,-0.105848312,0.091333881,0.366268963,-0.420754373,-0.0399998091,0.0216028467,0.149982437,0.0263536796,0.347602963,0.342367768,0.0449131727,0.907938123,0.137410298,0.0531818271,0.0518690646,0.372618675,-0.360904634,-0.0178546645,0.966342807,-0.173040763,-0.0414082035,0.0486270785,-0.191086143,0.10181614,-0.0819645077,0.398960292,-0.0870055556,0.114576124,-0.339740932,-0.105848312,0.091333881,0.366268963,-0.420754373,-0.0399998091,0.0216028467,0.149982437,0.0263536796,0.347602963,0.342367768,0.0449131727,0.907938123,0.137410298,0.0531818271,0.0518690571,0.372618675,-0.360904634,-0.0178546645,0.966342807,-0.173040763,-0.0414082035,0.0486270785
1.00088509,3214794.23,0,0,0.00023341598,7.60890543e-06,1,0.200540293,0.000577479601,1,-0.693775356,-0.00598978531,-0.00225445605,-0.720163047,0.00138935912,-0.00190279447,0.00310784206,2.24207754e-44,-2.24207754e-44,-2.24207754e-44,-0.229830682,0.0410521626,-0.0503048934,0.445619702,-0.215160713,-0.0196459983,-0.284431964,-0.0327413157,0.0495681465,0.476654917,-0.203231424,0.0253344588,0.0228205193,0.00696711382,-0.0030777927,0.338631868,0.219242275,0.0080246795,0.961118519,0.134692386,0.0741091445,0.0186209362,0.345047832,-0.310948968,-0.012382431,0.978491306,-0.173402488,-0.0411341302,0.0527018718,0.0187873393,0.000238276218,-0.0249329805,-0.0188138802,0.00124626374,-0.0183796007,0.00749338884,-0.00246733101,0.00446503703,0.0147357909,-0.0393668152,-0.0029667893,-0.00283648865,0.00533268321,0.00226237043,0.000895109551,0.00249280757,-0.00087157893,-0.000155992078,-0.00194242154,0.00510367192,0.00320633128,0.00753406854,-0.00330324378,0.00537605956,-0.00602568407,0.000363368134,0.00638057245,-0.0193743184,-0.191086143,0.10181614,-0.0819645077,0.398960292,-0.0870055556,0.114576124,-0.339740932,-0.105848312,0.091333881,0.366268963,-0.420754373,-0.0399998091,0.0216028467,0.149982437,0.0263536796,0.347602963,0.342367768,0.0449131727,0.907938123,0.137410298,0.0531818271,0.0518690571,0.372618675,-0.360904634,-0.0178546645,0.966342807,-0.173040763,-0.0414082035,0.0486270785,-0.190965116,0.101946414,-0.0825003907,0.39855364,-0.0867241845,0.114332192,-0.339375496,-0.105742812,0.0913062096,0.366846442,-0.420650631,-0.0400278009,0.0216499828,0.150433034,0.0264688358,0.347952873,0.342183053,0.0447180048,0.907954156,0.137135267,0.0533824302,0.0520758741,0.372676313,-0.360957056,-0.0178536661,0.966323256,-0.172683805,-0.0413591713,0.0483563803,-0.190965116,0.101946414,-0.0825003907,0.39855364,-0.0867241919,0.114332192,-0.339375496,-0.105742812,0.0913062096,0.366846442,-0.420650631,-0.0400278009,0.0216499828,0.150433034,0.0264688358,0.347952873,0.342183053,0.0447180048,0.907954156,0.137135267,0.0533824302,0.0520758703,0.372676313,-0.360957056,-0.0178536661,0.966323256,-0.172683805,-0.0413591713,0.0483563803
1.01187895,3214794.24,0,0,0.011227285,5.6149438e-06,1,0.200540293,0,1,-0.693764865,-0.00600038655,-0.00225240458,-0.720173061,0.00106437807,-0.00189078529,0.0028144361,2.24207754e-44,-2.24207754e-44,-2.24207754e-44,-0.229648069,0.0410540812,-0.0505514927,0.445440412,-0.21515283,-0.0198328178,-0.284356713,-0.0327680893,0.0496133082,0.47679612,-0.203611597,0.0253088232,0.0227926783,0.00700986339,-0.0030552065,0.338640898,0.219266713,0.00801541284,0.961116433,0.134671435,0.0741602853,0.0186539236,0.345125347,-0.310981959,-0.0123292431,0.978431642,-0.173394665,-0.0410710238,0.0525229871,0.0183562972,0.000121101242,-0.0246320888,-0.0178491268,0.000661883852,-0.0192211624,0.00743573532,-0.00279688789,0.00457107276,0.0146909077,-0.0392878801,-0.00232407427,-0.00274272915,0.00357517367,0.00234859064,0.000919327431,0.00240325439,-0.000988755957,-0.000239149478,-0.00226390641,0.00517301029,0.00341179175,0.00794460531,-0.0032780238,0.00529869925,-0.0059282938,0.00121884583,0.00628408697,-0.0183266327,-0.190965116,0.101946414,-0.0825003907,0.39855364,-0.0867241919,0.114332192,-0.339375496,-0.105742812,0.0913062096,0.366846442,-0.420650631,-0.0400278009,0.0216499828,0.150433034,0.0264688358,0.347952873,0.342183053,0.0447180048,0.907954156,0.137135267,0.0533824302,0.0520758703,0.372676313,-0.360957056,-0.0178536661,0.966323256,-0.172683805,-0.0413591713,0.0483563803,-0.190965116,0.101946414,-0.0825003907,0.39855364,-0.0867241845,0.114332192,-0.339375496,-0.105742812,0.0913062096,0.366846442,-0.420650631,-0.0400278009,0.0216499828,0.150433034,0.0264688358,0.347952873,0.342183053,0.0447180048,0.907954156,0.137135267,0.0533824302,0.0520758741,0.372676313,-0.360957056,-0.0178536661,0.966323256,-0.172683805,-0.0413591713,0.0483563803,-0.190965116,0.101946414,-0.0825003907,0.39855364,-0.0867241919,0.114332192,-0.339375496,-0.105742812,0.0913062096,0.366846442,-0.420650631,-0.0400278009,0.0216499828,0.150433034,0.0264688358,0.347952873,0.342183053,0.0447180048,0.907954156,0.137135267,0.0533824302,0.0520758703,0.372676313,-0.360957056,-0.0178536661,0.966323256,-0.172683805,-0.0413591713,0.0483563803
1.02188473,3214794.25,0,0,0.00122661702,7.58841634e-06,1,0.210619066,0.00053396821,1,-0.693755031,-0.00600985764,-0.00224890816,-0.720182478,0.000601435895,-0.00171829073,0.00269129081,2.24207754e-44,-2.24207754e-44,-2.24207754e-44,-0.229469433,0.0410549901,-0.0507959723,0.445271224,-0.215151101,-0.0200270377,-0.284279913,-0.0327977315,0.0496590286,0.476933837,-0.203986585,0.0252895318,0.0227656737,0.00703645544,-0.00303195301,0.338650197,0.219290048,0.00800491683,0.961113751,0.134647489,0.0742121041,0.0186885279,0.345207304,-0.311014801,-0.0122768618,0.978372931,-0.173379079,-0.041008912,0.0523533896,0.0172935184,0.000106111896,-0.024328256,-0.0160098206,-0.000253151549,-0.0194036327,0.00791224092,-0.00303940685,0.00454675779,0.0127093773,-0.0354414508,-0.00165295403,-0.00268070353,0.00216146046,0.00226787548,0.000927193207,0.00226890063,-0.00109104963,-0.000287642324,-0.00245194207,0.00515991403,0.0034465706,0.00833937246,-0.0033064005,0.00518790493,-0.00582786556,0.00170204684,0.00615342287,-0.0154356286,-0.190834105,0.102054372,-0.0829971656,0.398254633,-0.0864611268,0.114177607,-0.339047879,-0.105624273,0.0913027525,0.36738041,-0.420425802,-0.040068198,0.0216900762,0.150934458,0.0264856033,0.348196596,0.342051685,0.0445432216,0.907936096,0.136851892,0.0535333008,0.0522903427,0.372695446,-0.360998809,-0.0178264715,0.966322958,-0.172371283,-0.0413151011,0.0481368788,-0.190834105,0.102054372,-0.0829971656,0.398254633,-0.0864611343,0.114177607,-0.339047879,-0.105624273,0.0913027525,0.36738041,-0.420425802,-0.040068198,0.0216900762,0.150934458,0.0264856033,0.348196596,0.342051685,0.0445432253,0.907936096,0.136851892,0.0535333008,0.052290339,0.372695446,-0.360998809,-0.0178264715,0.966322958,-0.172371283,-0.0413151011,0.0481368788,-0.190834105,0.102054372,-0.0829971656,0.398254633,-0.0864611268,0.114177607,-0.339047879,-0.105624273,0.0913027525,0.36738041,-0.420425802,-0.040068198,0.0216900762,0.150934458,0.0264856033,0.348196596,0.342051685,0.0445432216,0.907936096,0.136851892,0.0535333008,0.0522903427,0.372695446,-0.360998809,-0.0178264715,0.966322958,-0.172371283,-0.0413151011,0.0481368788
1.03287961,3214794.26,0,0,0.0122214989,5.67222014e-06,1,0.210619066,0,1,-0.693743289,-0.00601732265,-0.00224248902,-0.720193744,-0.000267006253,-0.00168437685,0.00281841937,2.24207754e-44,-2.24207754e-44,-2.24207754e-44,-0.22927171,0.0410567336,-0.0510901101,0.445095718,-0.215161711,-0.0202673059,-0.284182459,-0.0328335464,0.0497135334,0.47707653,-0.204396769,0.0252749193,0.0227337778,0.00705656828,-0.00300481357,0.338661104,0.219315067,0.00799016934,0.961109698,0.134615675,0.0742738247,0.0187297221,0.345310152,-0.311054856,-0.012215361,0.978303909,-0.173353747,-0.0409359969,0.0521828532,0.0161663461,0.000141840195,-0.0247962587,-0.0139041319,-0.00124786689,-0.0206030607,0.00822762121,-0.00289660366,0.00456649624,0.0119509473,-0.034668453,-0.000940445054,-0.00264215749,0.00142043259,0.00231891056,0.00089962309,0.00194125506,-0.0013499076,-0.000376315467,-0.00285143289,0.0051626265,0.00345807755,0.00877194479,-0.00334230438,0.00509612402,-0.00569358421,0.00251240702,0.00603666343,-0.0144641334,-0.190834105,0.102054372,-0.0829971656,0.398254633,-0.0864611268,0.114177607,-0.339047879,-0.105624273,0.0913027525,0.36738041,-0.420425802,-0.040068198,0.0216900762,0.150934458,0.0264856033,0.348196596,0.342051685,0.0445432216,0.907936096,0.136851892,0.0535333008,0.0522903427,0.372695446,-0.360998809,-0.0178264715,0.966322958,-0.172371283,-0.0413151011,0.0481368788,-0.190834105,0.102054372,-0.0829971656,0.398254633,-0.0864611343,0.114177607,-0.339047879,-0.105624273,0.0913027525,0.36738041,-0.420425802,-0.040068198,0.0216900762,0.150934458,0.0264856033,0.348196596,0.342051685,0.0445432253,0.907936096,0.136851892,0.0535333008,0.052290339,0.372695446,-0.360998809,-0.0178264715,0.966322958,-0.172371283,-0.0413151011,0.0481368788,-0.190834105,0.102054372,-0.0829971656,0.398254633,-0.0864611268,0.114177607,-0.339047879,-0.105624273,0.0913027525,0.36738041,-0.420425802,-0.040068198,0.0216900762,0.150934458,0.0264856033,0.348196596,0.342051685,0.0445432216,0.907936096,0.136851892,0.0535333008,0.0522903427,0.372695446,-0.360998809,-0.0178264715,0.966322958,-0.172371283,-0.0413151011,0.0481368788
1.04390358,3214794.28,0,0,0.00322739873,1.03088096e-05,1,0.201962888,0.000560432673,1,-0.693732977,-0.00602051988,-0.00223452831,-0.720203638,-0.000966863532,-0.00139612914,0.00285582128,2.24207754e-44,-2.24207754e-44,-2.24207754e-44,-0.229119271,0.041058518,-0.0513380654,0.444971859,-0.215181112,-0.0204707813,-0.284096986,-0.0328622572,0.0497590229,0.477183104,-0.204721123,0.0252693072,0.0227076951,0.0070687118,-0.00298227696,0.338669986,0.219332844,0.00797566585,0.961105704,0.134586066,0.0743250474,0.0187635683,0.345398903,-0.311088562,-0.0121650202,0.978247702,-0.173326641,-0.0408763997,0.0520530194,0.0145146847,0.000215634849,-0.0247024838,-0.0112831807,-0.00242252368,-0.020145366,0.00872553792,-0.00288098468,0.004537981,0.00962950755,-0.0305662155,-0.000297117746,-0.00257776375,0.00109456177,0.00218660035,0.000884758076,0.00167027826,-0.00150754757,-0.000410194712,-0.00300869043,0.00508115673,0.00331620616,0.00887676794,-0.00339012011,0.00499015534,-0.00557797868,0.00278416462,0.00590309687,-0.0117095644,-0.19068715,0.102145523,-0.0834520608,0.398000896,-0.0862452686,0.114099838,-0.338759512,-0.105504453,0.0912993699,0.367862225,-0.420162916,-0.0401374474,0.0217275806,0.15149489,0.0264371634,0.348344982,0.341953933,0.044377476,0.907901287,0.136572361,0.0536404997,0.0525024906,0.372694641,-0.361036777,-0.0177753698,0.966350019,-0.172109678,-0.0412948057,0.0479666628,-0.19068715,0.102145523,-0.0834520608,0.398000896,-0.0862452611,0.114099838,-0.338759512,-0.105504453,0.0912993699,0.367862225,-0.420162916,-0.0401374474,0.0217275806,0.15149489,0.0264371634,0.348344982,0.341953933,0.044377476,0.907901287,0.136572361,0.0536404997,0.0525024943,0.372694641,-0.361036777,-0.0177753698,0.966350019,-0.172109678,-0.0412948057,0.0479666628,-0.19068715,0.102145523,-0.0834520608,0.398000896,-0.0862452686,0.114099838,-0.338759512,-0.105504453,0.0912993699,0.367862225,-0.420162916,-0.0401374474,0.0217275806,0.15149489,0.0264371634,0.348344982,0.341953933,0.044377476,0.907901287,0.136572361,0.0536404997,0.0525024906,0.372694641,-0.361036777,-0.0177753698,0.966350019,-0.172109678,-0.0412948057,0.0479666628
1.05786808,3214794.29,0,0,0.0171918939,9.69879329e-06,1,0.201962888,0,1,-0.693716466,-0.00602066331,-0.00221764436,-0.720219612,-0.00186815963,-0.00146659079,0.0028859158,2.24207754e-44,-2.24207754e-44,-2.24207754e-44,-0.228894681,0.041062016,-0.0517372862,0.444807887,-0.215227783,-0.0208246466,-0.28395611,-0.0329078622,0.0498334542,0.477337778,-0.205216199,0.0252719354,0.0226676725,0.00708348956,-0.00294595072,0.338684291,0.219356045,0.00794863142,0.961098731,0.134532899,0.0744065717,0.0188170262,0.345540136,-0.311142683,-0.0120854899,0.978160441,-0.17327413,-0.0407834686,0.0518653654,0.0134963654,0.000199580289,-0.024910897,-0.00915778521,-0.00346610951,-0.0225537345,0.00898837484,-0.00290213176,0.004717228,0.00916340295,-0.030137565,0.00054063485,-0.00243597035,0.000803414499,0.00227683177,0.000906047761,0.00129666983,-0.00180326717,-0.000435734604,-0.00350768282,0.00509398244,0.00332970708,0.00872295536,-0.00337993307,0.00494136428,-0.00535461539,0.00355866412,0.00572541822,-0.0112476228,-0.19068715,0.102145523,-0.0834520608,0.398000896,-0.0862452686,0.114099838,-0.338759512,-0.105504453,0.0912993699,0.367862225,-0.420162916,-0.0401374474,0.0217275806,0.15149489,0.0264371634,0.348344982,0.341953933,0.044377476,0.907901287,0.136572361,0.0536404997,0.0525024906,0.372694641,-0.361036777,-0.0177753698,0.966350019,-0.172109678,-0.0412948057,0.0479666628,-0.19068715,0.102145523,-0.0834520608,0.398000896,-0.0862452611,0.114099838,-0.338759512,-0.105504453,0.0912993699,0.367862225,-0.420162916,-0.0401374474,0.0217275806,0.15149489,0.0264371634,0.348344982,0.341953933,0.044377476,0.907901287,0.136572361,0.0536404997,0.0525024943,0.372694641,-0.361036777,-0.0177753698,0.966350019,-0.172109678,-0.0412948057,0.0479666628,-0.19068715,0.102145523,-0.0834520608,0.398000896,-0.0862452686,0.114099838,-0.338759512,-0.105504453,0.0912993699,0.367862225,-0.420162916,-0.0401374474,0.0217275806,0.15149489,0.0264371634,0.348344982,0.341953933,0.044377476,0.907901287,0.136572361,0.0536404997,0.0525024906,0.372694641,-0.361036777,-0.0177753698,0.966350019,-0.172109678,-0.0412948057,0.0479666628
1.07086312,3214794.3,0,0,0.0101277269,7.16373324e-06,1,0.245817006,0.000573426485,1,-0.693705082,-0.00601727748,-0.00220296113,-0.720230699,-0.0023350087,-0.0012931911,0.00253374665,2.24207754e-44,-2.24207754e-44,-2.24207754e-44,-0.228744447,0.0410641618,-0.052030459,0.444716752,-0.215278193,-0.0210851878,-0.283845991,-0.0329447016,0.0498912297,0.477429986,-0.205540672,0.0252828728,0.0226396453,0.0070919008,-0.00291939219,0.338695407,0.219370008,0.00792596396,0.961093605,0.134489074,0.0744673014,0.0188566539,0.345639467,-0.311183214,-0.0120266797,0.978097558,-0.173229575,-0.0407161713,0.0517432988,0.0122270016,0.000139352705,-0.0243053958,-0.00696270401,-0.00452384399,-0.0219710264,0.00919055659,-0.00313224131,0.00494619599,0.00752932625,-0.02661773,0.00111692084,-0.00227005593,0.000648291083,0.00225485582,0.000942649029,0.00107775349,-0.001972561,-0.000424189668,-0.00384907983,0.00507142395,0.0033621185,0.00794663001,-0.0033682487,0.00489601074,-0.00514724338,0.00394901633,0.00552725838,-0.00973708369,-0.190533906,0.102230735,-0.0838784575,0.39779985,-0.0860569179,0.114107028,-0.33849135,-0.10537377,0.0913041085,0.368300796,-0.419857264,-0.0402181558,0.021755835,0.152068317,0.0263254419,0.348413289,0.341898173,0.0442324132,0.907845199,0.136287749,0.0537092239,0.0527218208,0.372693926,-0.361076504,-0.0177153759,0.966403127,-0.171894044,-0.041293852,0.0478376113,-0.190533906,0.102230735,-0.0838784575,0.39779985,-0.0860569105,0.114107028,-0.33849135,-0.10537377,0.0913041085,0.368300796,-0.419857264,-0.0402181558,0.021755835,0.152068317,0.0263254419,0.348413289,0.341898173,0.0442324094,0.907845199,0.136287749,0.0537092239,0.052721817,0.372693926,-0.361076504,-0.0177153759,0.966403127,-0.171894044,-0.0412938483,0.0478376113,-0.190533906,0.102230735,-0.0838784575,0.39779985,-0.0860569179,0.114107028,-0.33849135,-0.10537377,0.0913041085,0.368300796,-0.419857264,-0.0402181558,0.021755835,0.152068317,0.0263254419,0.348413289,0.341898173,0.0442324132,0.907845199,0.136287749,0.0537092239,0.0527218208,0.372693926,-0.361076504,-0.0177153759,0.966403127,-0.171894044,-0.041293852,0.0478376113
1.0808789,3214794.31,0,0,0.000240528025,5.39422035e-06,1,0.19401405,0.00052973628,1,-0.693696976,-0.00601302693,-0.00218973961,-0.720238507,-0.00255593844,-0.00110974908,0.00201364793,2.24207754e-44,-2.24207754e-44,-2.24207754e-44,-0.22862722,0.0410651416,-0.0522685908,0.444655955,-0.215328068,-0.0213000197,-0.283753872,-0.0329780281,0.0499419533,0.477498889,-0.205793932,0.0252971705,0.0226178672,0.00709763682,-0.00289709331,0.338705122,0.219379887,0.00790562574,0.961089671,0.134449273,0.0745179951,0.0188903157,0.345713586,-0.311216742,-0.0119779184,0.978047013,-0.17318882,-0.0406618528,0.051648967,0.0113863619,7.8512152e-05,-0.0233536102,-0.00557172811,-0.00526558189,-0.0210893005,0.00922131073,-0.00352246757,0.00515218684,0.00628702249,-0.0241717249,0.00166035583,-0.00210665748,0.000514045067,0.00219262857,0.00099588884,0.000927718123,-0.00206444343,-0.000363939092,-0.00403455272,0.00506509142,0.0033431435,0.00699547725,-0.00334259961,0.00485724024,-0.00499693677,0.00411220873,0.00536876312,-0.00925411843,-0.190533906,0.102230735,-0.0838784575,0.39779985,-0.0860569179,0.114107028,-0.33849135,-0.10537377,0.0913041085,0.368300796,-0.419857264,-0.0402181558,0.021755835,0.152068317,0.0263254419,0.348413289,0.341898173,0.0442324132,0.907845199,0.136287749,0.0537092239,0.0527218208,0.372693926,-0.361076504,-0.0177153759,0.966403127,-0.171894044,-0.041293852,0.0478376113,-0.19041416,0.102317438,-0.0842957646,0.397633731,-0.0859065279,0.114177331,-0.338226467,-0.105221704,0.0912977457,0.368697375,-0.419562995,-0.0403139666,0.0217756294,0.152598053,0.0261975825,0.348424554,0.341882706,0.0441078581,0.907785475,0.136019841,0.0537458882,0.0529400036,0.372699976,-0.361126572,-0.017653022,0.966466069,-0.171712443,-0.0413049832,0.0477326252,-0.19041416,0.102317438,-0.0842957646,0.397633731,-0.0859065354,0.114177331,-0.338226467,-0.105221704,0.0912977457,0.368697375,-0.419562995,-0.0403139666,0.0217756294,0.152598053,0.0261975825,0.348424554,0.341882706,0.0441078544,0.907785475,0.136019841,0.0537458882,0.0529400036,0.372699976,-0.361126572,-0.017653022,0.966466069,-0.171712443,-0.0413049832,0.0477326252
1.09088026,3214794.32,0,0,0.0102418838,7.1618706e-06,1,0.19401405,0,1,-0.693691254,-0.00600752234,-0.00217666919,-0.720244169,-0.00273619569,-0.00104902918,0.00148074212,2.24207754e-44,-2.24207754e-44,-2.24207754e-44,-0.228516221,0.0410655215,-0.0524965897,0.444604427,-0.215383247,-0.0215115566,-0.283662826,-0.0330158062,0.0499950461,0.477558047,-0.206028655,0.0253166724,0.0225976743,0.00710216444,-0.00287525263,0.338715374,0.21938844,0.0078844009,0.961086392,0.134407535,0.0745686665,0.018923996,0.345776558,-0.311250001,-0.011929472,0.977998018,-0.173146486,-0.0406091958,0.0515579246,0.011066027,-6.87796728e-06,-0.0226761159,-0.0049861325,-0.00563606806,-0.0215215273,0.00909780618,-0.00386011577,0.00542974006,0.00591215305,-0.0234970041,0.00208875677,-0.00198556785,0.000441565557,0.00222367444,0.00103652175,0.000821464171,-0.00217484497,-0.000319193059,-0.00432920177,0.00507674832,0.00344739668,0.00589261809,-0.00330989319,0.00485183252,-0.00483103748,0.00439644884,0.00519119622,-0.00906333234,-0.19041416,0.102317438,-0.0842957646,0.397633731,-0.0859065354,0.114177331,-0.338226467,-0.105221704,0.0912977457,0.368697375,-0.419562995,-0.0403139666,0.0217756294,0.152598053,0.0261975825,0.348424554,0.341882706,0.0441078544,0.907785475,0.136019841,0.0537458882,0.0529400036,0.372699976,-0.361126572,-0.017653022,0.966466069,-0.171712443,-0.0413049832,0.0477326252,-0.19041416,0.102317438,-0.0842957646,0.397633731,-0.0859065279,0.114177331,-0.338226467,-0.105221704,0.0912977457,0.368697375,-0.419562995,-0.0403139666,0.0217756294,0.152598053,0.0261975825,0.348424554,0.341882706,0.0441078581,0.907785475,0.136019841,0.0537458882,0.0529400036,0.372699976,-0.361126572,-0.017653022,0.966466069,-0.171712443,-0.0413049832,0.0477326252,-0.19041416,0.102317438,-0.0842957646,0.397633731,-0.0859065354,0.114177331,-0.338226467,-0.105221704,0.0912977457,0.368697375,-0.419562995,-0.0403139666,0.0217756294,0.152598053,0.0261975825,0.348424554,0.341882706,0.0441078544,0.907785475,0.136019841,0.0537458882,0.0529400036,0.372699976,-0.361126572,-0.017653022,0.966466069,-0.171712443,-0.0413049832,0.0477326252
1.10088035,3214794.33,0,0,0.000204109121,5.36907464e-06,1,0.201166142,0.000433892012,1,-0.69368732,-0.00600142544,-0.00216321251,-0.720247984,-0.00278282375,-0.000895899604,0.00079723337,2.24207754e-44,-2.24207754e-44,-2.24207754e-44,-0.228407189,0.0410649106,-0.0527173206,0.44455716,-0.215441629,-0.021725446,-0.283572346,-0.0330572464,0.0500508621,0.477613002,-0.206256807,0.0253405031,0.0225786809,0.00710600987,-0.00285327761,0.338726044,0.219396159,0.00786226057,0.961083591,0.1343631,0.0746194422,0.0189587716,0.345828325,-0.311282903,-0.0118810916,0.977950513,-0.173101649,-0.0405583009,0.0514684245,0.0107572377,-9.27065776e-05,-0.0215626527,-0.00455422327,-0.00597009156,-0.0212125629,0.00893219374,-0.00437775813,0.0056800358,0.00526010431,-0.0224516876,0.0026071074,-0.00183508964,0.000338373036,0.00216461509,0.00108866696,0.000739345909,-0.00223158044,-0.000249162636,-0.004491142,0.00507464306,0.00347509794,0.00464841165,-0.00327791157,0.00482414337,-0.00470090564,0.00450423453,0.00502793724,-0.00886729266,-0.19041416,0.102317438,-0.0842957646,0.397633731,-0.0859065354,0.114177331,-0.338226467,-0.105221704,0.0912977457,0.368697375,-0.419562995,-0.0403139666,0.0217756294,0.152598053,0.0261975825,0.348424554,0.341882706,0.0441078544,0.907785475,0.136019841,0.0537458882,0.0529400036,0.372699976,-0.361126572,-0.017653022,0.966466069,-0.171712443,-0.0413049832,0.0477326252,-0.190334022,0.102383047,-0.0847005025,0.397506177,-0.0857398733,0.114322551,-0.337933123,-0.105071396,0.0912960917,0.369066864,-0.419246793,-0.0404271856,0.0217825044,0.153031945,0.0260549448,0.348405123,0.341897726,0.0440026782,0.907719195,0.135762483,0.0537521914,0.0531536229,0.372733206,-0.361192763,-0.0175919663,0.966537595,-0.1715637,-0.0413209908,0.0476429388,-0.190334022,0.102383047,-0.0847005025,0.397506177,-0.0857398808,0.114322551,-0.337933123,-0.105071396,0.0912960917,0.369066864,-0.419246793,-0.0404271856,0.0217825044,0.153031945,0.0260549448,0.348405123,0.341897726,0.044002682,0.907719195,0.135762483,0.0537521914,0.0531536266,0.372733206,-0.361192763,-0.0175919663,0.966537595,-0.1715637,-0.041320987,0.0476429388
1.11187658,3214794.34,0,0,0.011200347,4.70457599e-06,1,0.201166142,0,1,-0.69368583,-0.00599462865,-0.00215025386,-0.720249534,-0.00285594095,-0.000838429725,0.000318273873,2.24207754e-44,-2.24207754e-44,-2.24207754e-44,-0.228301138,0.0410632007,-0.0529274233,0.444513619,-0.215502888,-0.021935612,-0.28348431,-0.0331038497,0.0501091778,0.477663517,-0.206478834,0.0253692642,0.0225611143,0.00710903434,-0.00283192657,0.338737071,0.219403282,0.00783957541,0.961081326,0.134316981,0.0746700391,0.018994052,0.345869184,-0.311315447,-0.0118329125,0.977904022,-0.173055783,-0.0405092128,0.0513806045,0.0105826631,-0.000249469245,-0.0208334066,-0.00423640478,-0.00622388069,-0.0208364334,0.00882842857,-0.00477076415,0.00594572769,0.00495688897,-0.0221044868,0.00298239943,-0.00172407215,0.000298601808,0.00214257394,0.00110251398,0.000708459818,-0.00230352767,-0.000228385543,-0.00474811113,0.00504494086,0.00361900078,0.00382212293,-0.00323838112,0.00482498016,-0.00460438663,0.00470062485,0.00481229415,-0.00874771923,-0.190334022,0.102383047,-0.0847005025,0.397506177,-0.0857398808,0.114322551,-0.337933123,-0.105071396,0.0912960917,0.369066864,-0.419246793,-0.0404271856,0.0217825044,0.153031945,0.0260549448,0.348405123,0.341897726,0.044002682,0.907719195,0.135762483,0.0537521914,0.0531536266,0.372733206,-0.361192763,-0.0175919663,0.966537595,-0.1715637,-0.041320987,0.0476429388,-0.190334022,0.102383047,-0.0847005025,0.397506177,-0.0857398733,0.114322551,-0.337933123,-0.105071396,0.0912960917,0.369066864,-0.419246793,-0.0404271856,0.0217825044,0.153031945,0.0260549448,0.348405123,0.341897726,0.0440026782,0.907719195,0.135762483,0.0537521914,0.0531536229,0.372733206,-0.361192763,-0.0175919663,0.966537595,-0.1715637,-0.0413209908,0.0476429388,-0.190334022,0.102383047,-0.0847005025,0.397506177,-0.0857398808,0.114322551,-0.337933123,-0.105071396,0.0912960917,0.369066864,-0.419246793,-0.0404271856,0.0217825044,0.153031945,0.0260549448,0.348405123,0.341897726,0.044002682,0.907719195,0.135762483,0.0537521914,0.0531536266,0.372733206,-0.361192763,-0.0175919663,0.966537595,-0.1715637,-0.041320987,0.0476429388
1.12188271,3214794.35,0,0,0.00118352007,7.54510984e-06,1,0.25043264,0.000373244286,1,-0.69368583,-0.0059874123,-0.00213738787,-0.720249653,-0.00282920105,-0.000637034478,-0.000218502973,2.24207754e-44,-2.24207754e-44,-2.24207754e-44,-0.228196964,0.0410598777,-0.0531300753,0.444473267,-0.215566516,-0.0221414808,-0.283397406,-0.0331544615,0.0501699932,0.477711409,-0.206697479,0.025401704,0.022544913,0.007111663,-0.00281125959,0.338748187,0.219410315,0.00781636126,0.961079121,0.134268582,0.074720107,0.0190307721,0.345905066,-0.311347634,-0.0117848031,0.977858186,-0.173008338,-0.0404624678,0.0512942001,0.0102579268,-0.000377340708,-0.0197891649,-0.00389637356,-0.00645029452,-0.0204403792,0.00852840114,-0.00529637188,0.00616380712,0.00466782739,-0.0216508098,0.00344542321,-0.00153790694,0.000231500497,0.00199594977,0.00111827184,0.0006965496,-0.0023254815,-0.000211847204,-0.00487068202,0.00497772777,0.00368330861,0.00346216629,-0.00320395734,0.00479478994,-0.00458026957,0.00474042492,0.00458547147,-0.00855397154,-0.19027476,0.102451876,-0.0850737467,0.397415459,-0.0855434835,0.114510097,-0.337649345,-0.104929343,0.0913018286,0.369404733,-0.418906093,-0.0405634418,0.0217927583,0.153361037,0.0259219036,0.348392546,0.341912508,0.0439112931,0.90766561,0.135523275,0.0537434407,0.0533541217,0.37277022,-0.361273974,-0.0175320525,0.966609955,-0.171440423,-0.0413451493,0.0475705341,-0.19027476,0.102451876,-0.0850737467,0.397415459,-0.0855434909,0.114510097,-0.337649345,-0.104929343,0.0913018286,0.369404733,-0.418906093,-0.0405634418,0.0217927583,0.153361037,0.0259219036,0.348392546,0.341912508,0.0439112894,0.90766561,0.135523275,0.0537434407,0.053354118,0.37277022,-0.361273974,-0.0175320525,0.966609955,-0.171440423,-0.0413451493,0.0475705341,-0.19027476,0.102451876,-0.0850737467,0.397415459,-0.0855434835,0.114510097,-0.337649345,-0.104929343,0.0913018286,0.369404733,-0.418906093,-0.0405634418,0.0217927583,0.153361037,0.0259219036,0.348392546,0.341912508,0.0439112931,0.90766561,0.135523275,0.0537434407,0.0533541217,0.37277022,-0.361273974,-0.0175320525,0.966609955,-0.171440423,-0.0413451493,0.0475705341
1.13287559,3214794.36,0,0,0.0121763991,4.20724973e-06,1,0.25043264,0,1,-0.693688333,-0.00597800035,-0.00212305621,-0.720247328,-0.00282741897,-0.000540716224,-0.000692445727,2.24207754e-44,-2.24207754e-44,-2.24207754e-44,-0.22807616,0.0410540476,-0.0533604436,0.444429159,-0.215645432,-0.0223844219,-0.283297181,-0.0332217924,0.0502460897,0.477765411,-0.206952736,0.0254461039,0.022527568,0.007114131,-0.00278797699,0.338761628,0.219418779,0.00778823346,0.961076558,0.134208634,0.074779138,0.0190760903,0.345945209,-0.31138581,-0.0117273545,0.977803767,-0.17295076,-0.0404093303,0.0511929169,0.0100221019,-0.000581040629,-0.0189632811,-0.00353090838,-0.00666135643,-0.0201272573,0.00835183915,-0.00575246336,0.00648756092,0.00440267613,-0.0210530292,0.00382389501,-0.00140976731,0.000203063624,0.00193908846,0.00111547241,0.000727204781,-0.00236268342,-0.000227793251,-0.00513085024,0.00487586204,0.00389183755,0.00329768099,-0.00316625065,0.0047946074,-0.00447558984,0.00488155615,0.00431643194,-0.00838262402,-0.19027476,0.102451876,-0.0850737467,0.397415459,-0.0855434835,0.114510097,-0.337649345,-0.104929343,0.0913018286,0.369404733,-0.418906093,-0.0405634418,0.0217927583,0.153361037,0.0259219036,0.348392546,0.341912508,0.0439112931,0.90766561,0.135523275,0.0537434407,0.0533541217,0.37277022,-0.361273974,-0.0175320525,0.966609955,-0.171440423,-0.0413451493,0.0475705341,-0.19027476,0.102451876,-0.0850737467,0.397415459,-0.0855434909,0.114510097,-0.337649345,-0.104929343,0.0913018286,0.369404733,-0.418906093,-0.0405634418,0.0217927583,0.153361037,0.0259219036,0.348392546,0.341912508,0.0439112894,0.90766561,0.135523275,0.0537434407,0.053354118,0.37277022,-0.361273974,-0.0175320525,0.966609955,-0.171440423,-0.0413451493,0.0475705341,-0.19027476,0.102451876,-0.0850737467,0.397415459,-0.0855434835,0.114510097,-0.337649345,-0.104929343,0.0913018286,0.369404733,-0.418906093,-0.0405634418,0.0217927583,0.153361037,0.0259219036,0.348392546,0.341912508,0.0439112931,0.90766561,0.135523275,0.0537434407,0.0533541217,0.37277022,-0.361273974,-0.0175320525,0.966609955,-0.171440423,-0.0413451493,0.0475705341
1.14289788,3214794.37,0,0,0.00226500211,1.1599157e-05,1,0.188722275,0.000337429345,1,-0.693692088,-0.00596986944,-0.00211167242,-0.720243812,-0.00271324557,-0.000289384101,-0.00128748466,2.24207754e-44,-2.24207754e-44,-2.24207754e-44,-0.227977887,0.0410475247,-0.0535438322,0.444395781,-0.215713084,-0.0225841757,-0.283215731,-0.0332823955,0.0503123477,0.477807909,-0.207159489,0.0254870038,0.0225143638,0.00711582368,-0.00276937801,0.338772863,0.2194262,0.00776466494,0.961074293,0.134156808,0.0748273581,0.0191154778,0.345977634,-0.311417341,-0.0116796028,0.977759361,-0.172902048,-0.0403673239,0.0511103198,0.00965762883,-0.000690384535,-0.0178401489,-0.00320600648,-0.00682960963,-0.0198695678,0.00794667937,-0.0063011595,0.00671001477,0.00414375355,-0.0203861147,0.00429076049,-0.00125204888,0.000141573648,0.00179309689,0.00113060686,0.000748567283,-0.00234864908,-0.000221059614,-0.00519518508,0.00478573516,0.00394961098,0.00320564955,-0.00314234244,0.00475651026,-0.00442277314,0.00484331092,0.00412664143,-0.00816792063,-0.190220222,0.102535151,-0.0854111761,0.397347778,-0.0853482485,0.114715658,-0.337398231,-0.10479933,0.0913042426,0.369694412,-0.418574512,-0.0407147482,0.0218104236,0.153577268,0.0258105062,0.348408818,0.341911733,0.0438230783,0.907636762,0.135316864,0.0537411831,0.053536348,0.372797459,-0.361363441,-0.0174757857,0.966679573,-0.171336919,-0.0413800851,0.0475146249,-0.190220222,0.102535151,-0.0854111761,0.397347778,-0.0853482559,0.114715658,-0.337398231,-0.10479933,0.0913042426,0.369694412,-0.418574512,-0.0407147482,0.0218104236,0.153577268,0.0258105062,0.348408818,0.341911733,0.043823082,0.907636762,0.135316864,0.0537411831,0.053536348,0.372797459,-0.361363441,-0.0174757857,0.966679573,-0.171336919,-0.0413800888,0.0475146249,-0.190220222,0.102535151,-0.0854111761,0.397347778,-0.0853482485,0.114715658,-0.337398231,-0.10479933,0.0913042426,0.369694412,-0.418574512,-0.0407147482,0.0218104236,0.153577268,0.0258105062,0.348408818,0.341911733,0.0438230783,0.907636762,0.135316864,0.0537411831,0.053536348,0.372797459,-0.361363441,-0.0174757857,0.966679573,-0.171336919,-0.0413800851,0.0475146249
1.15387867,3214794.39,0,0,0.013245787,5.37792221e-06,1,0.188722275,0,1,-0.693697691,-0.00596145866,-0.00210116408,-0.720238507,-0.00268993876,-0.000297604449,-0.0016455329,2.24207754e-44,-2.24207754e-44,-2.24207754e-44,-0.227882251,0.0410396494,-0.0537184291,0.444365472,-0.215782255,-0.0227813069,-0.283137113,-0.0333474614,0.0503811277,0.477848053,-0.207359284,0.0255314186,0.022502277,0.00711715175,-0.00275150058,0.338784128,0.219433993,0.00774106616,0.961071968,0.134103656,0.0748746991,0.0191561915,0.346009493,-0.311448634,-0.0116319908,0.97771585,-0.172853023,-0.0403273255,0.0510294847,0.00957592111,-0.000859175634,-0.0173269585,-0.00293241581,-0.00697864126,-0.0196492597,0.00790557358,-0.00659251539,0.00699717691,0.00394846313,-0.0198415238,0.00453397725,-0.00119870179,0.000136273113,0.00181157945,0.00112370367,0.000805600081,-0.00236931606,-0.000242126829,-0.00541273272,0.0047057909,0.00417480478,0.00318462588,-0.00311994506,0.00477317721,-0.00429076795,0.00496447552,0.00392382825,-0.00804889202,-0.190220222,0.102535151,-0.0854111761,0.397347778,-0.0853482485,0.114715658,-0.337398231,-0.10479933,0.0913042426,0.369694412,-0.418574512,-0.0407147482,0.0218104236,0.153577268,0.0258105062,0.348408818,0.341911733,0.0438230783,0.907636762,0.135316864,0.0537411831,0.053536348,0.372797459,-0.361363441,-0.0174757857,0.966679573,-0.171336919,-0.0413800851,0.0475146249,-0.190220222,0.102535151,-0.0854111761,0.397347778,-0.0853482559,0.114715658,-0.337398231,-0.10479933,0.0913042426,0.369694412,-0.418574512,-0.0407147482,0.0218104236,0.153577268,0.0258105062,0.348408818,0.341911733,0.043823082,0.907636762,0.135316864,0.0537411831,0.053536348,0.372797459,-0.361363441,-0.0174757857,0.966679573,-0.171336919,-0.0413800888,0.0475146249,-0.190220222,0.102535151,-0.0854111761,0.397347778,-0.0853482485,0.114715658,-0.337398231,-0.10479933,0.0913042426,0.369694412,-0.418574512,-0.0407147482,0.0218104236,0.153577268,0.0258105062,0.348408818,0.341911733,0.0438230783,0.907636762,0.135316864,0.0537411831,0.053536348,0.372797459,-0.361363441,-0.0174757857,0.966679573,-0.171336919,-0.0413800851,0.0475146249
1.16389575,3214794.4,0,0,0.00324656395,4.98304144e-06,1,0.172387809,0.000349789858,1,-0.693705082,-0.00595295103,-0.00209137495,-0.720231533,-0.00251762266,-6.2420936e-06,-0.00230261963,2.24207754e-44,-2.24207754e-44,-2.24207754e-44,-0.227788702,0.0410305001,-0.0538850464,0.444338083,-0.215852961,-0.0229757112,-0.28306064,-0.0334165022,0.0504523925,0.477885962,-0.207552031,0.0255791005,0.0224911384,0.00711814966,-0.00273426855,0.338795453,0.219442278,0.00771751953,0.961069584,0.134049252,0.0749211684,0.0191983543,0.346041024,-0.311479717,-0.0115845148,0.977673471,-0.172803774,-0.0402892306,0.0509504117,0.00917374529,-0.000945225416,-0.0161525756,-0.00260801078,-0.00712722819,-0.019308025,0.00741711492,-0.00714153657,0.00720518548,0.00368250557,-0.0188876335,0.00495116599,-0.0010515867,7.27142615e-05,0.00165415136,0.00113941706,0.000839340151,-0.00234202552,-0.000234845298,-0.00543976668,0.00460884208,0.00422513904,0.00312780007,-0.00310137775,0.00472631073,-0.00421906635,0.00488394592,0.00373821286,-0.00780796353,-0.190176234,0.102621377,-0.0857303143,0.397306561,-0.085147202,0.114934333,-0.337155849,-0.104677707,0.091308549,0.369960815,-0.418224722,-0.0408778414,0.0218242332,0.153702497,0.0257157944,0.348445177,0.341895819,0.0437413529,0.907627285,0.135133192,0.0537476167,0.053705804,0.372818828,-0.361458182,-0.0174306799,0.966739297,-0.17124179,-0.0414244309,0.0474670418,-0.190176234,0.102621377,-0.0857303143,0.397306561,-0.0851472095,0.114934333,-0.337155849,-0.104677707,0.091308549,0.369960815,-0.418224722,-0.0408778414,0.0218242332,0.153702497,0.0257157944,0.348445177,0.341895819,0.0437413529,0.907627285,0.135133192,0.0537476167,0.0537058078,0.372818828,-0.361458182,-0.0174306799,0.966739297,-0.17124179,-0.0414244309,0.0474670418,-0.190176234,0.102621377,-0.0857303143,0.397306561,-0.085147202,0.114934333,-0.337155849,-0.104677707,0.091308549,0.369960815,-0.418224722,-0.0408778414,0.0218242332,0.153702497,0.0257157944,0.348445177,0.341895819,0.0437413529,0.907627285,0.135133192,0.0537476167,0.053705804,0.372818828,-0.361458182,-0.0174306799,0.966739297,-0.17124179,-0.0414244309,0.0474670418
1.16596445,3214794.4,2,0,0.00531525817,7.95871019e-05,1,0.172387809,0,1,-0.69370687,-0.00595117407,-0.0020896655,-0.720229864,-0.00247117574,8.02634822e-05,-0.00246697944,2.24207754e-44,-2.24207754e-44,-2.24207754e-44,-0.227770567,0.0410285853,-0.0539167859,0.444333017,-0.215867266,-0.023014199,-0.283046097,-0.0334310457,0.0504668728,0.477893203,-0.207589403,0.0255892053,0.0224891007,0.00711826747,-0.00273103477,0.338797748,0.219443962,0.00771284942,0.961069107,0.134038389,0.0749303475,0.0192067977,0.346047252,-0.311485887,-0.011575087,0.977665007,-0.172794059,-0.040281821,0.0509348996,0.00906633772,-0.000957004784,-0.0158697851,-0.00254598446,-0.00715366891,-0.0192440823,0.00727433851,-0.00727348914,0.00724137435,0.00363031565,-0.0186920129,0.00505300844,-0.00101930683,5.88784605e-05,0.00161682407,0.00114333897,0.00084288459,-0.00233491603,-0.000231917031,-0.00543244416,0.00458996044,0.00422162609,0.00311321276,-0.00309781078,0.00471405173,-0.00421137875,0.00485706422,0.00370504102,-0.00775686884,-0.190176234,0.102621377,-0.0857303143,0.397306561,-0.085147202,0.114934333,-0.337155849,-0.104677707,0.091308549,0.369960815,-0.418224722,-0.0408778414,0.0218242332,0.153702497,0.0257157944,0.348445177,0.341895819,0.0437413529,0.907627285,0.135133192,0.0537476167,0.053705804,0.372818828,-0.361458182,-0.0174306799,0.966739297,-0.17124179,-0.0414244309,0.0474670418,-0.190176234,0.102621377,-0.0857303143,0.397306561,-0.0851472095,0.114934333,-0.337155849,-0.104677707,0.091308549,0.369960815,-0.418224722,-0.0408778414,0.0218242332,0.153702497,0.0257157944,0.348445177,0.341895819,0.0437413529,0.907627285,0.135133192,0.0537476167,0.0537058078,0.372818828,-0.361458182,-0.0174306799,0.966739297,-0.17124179,-0.0414244309,0.0474670418,-0.190176234,0.102621377,-0.0857303143,0.397306561,-0.085147202,0.114934333,-0.337155849,-0.104677707,0.091308549,0.369960815,-0.418224722,-0.0408778414,0.0218242332,0.153702497,0.0257157944,0.348445177,0.341895819,0.0437413529,0.907627285,0.135133192,0.0537476167,0.053705804,0.372818828,-0.361458182,-0.0174306799,0.966739297,-0.17124179,-0.0414244309,0.0474670418
