elapsed_s,steady_s,event,reason_mask,result_age_s,frame_age_s,command_gain,inference_ms,peak_control_target_step_rad,ready,qw,qx,qy,qz,gx,gy,gz,cmd_x,cmd_y,cmd_yaw,q0,q1,q2,q3,q4,q5,q6,q7,q8,q9,q10,q11,q12,q13,q14,q15,q16,q17,q18,q19,q20,q21,q22,q23,q24,q25,q26,q27,q28,dq0,dq1,dq2,dq3,dq4,dq5,dq6,dq7,dq8,dq9,dq10,dq11,dq12,dq13,dq14,dq15,dq16,dq17,dq18,dq19,dq20,dq21,dq22,dq23,dq24,dq25,dq26,dq27,dq28,previous_target0,previous_target1,previous_target2,previous_target3,previous_target4,previous_target5,previous_target6,previous_target7,previous_target8,previous_target9,previous_target10,previous_target11,previous_target12,previous_target13,previous_target14,previous_target15,previous_target16,previous_target17,previous_target18,previous_target19,previous_target20,previous_target21,previous_target22,previous_target23,previous_target24,previous_target25,previous_target26,previous_target27,previous_target28,candidate0,candidate1,candidate2,candidate3,candidate4,candidate5,candidate6,candidate7,candidate8,candidate9,candidate10,candidate11,candidate12,candidate13,candidate14,candidate15,candidate16,candidate17,candidate18,candidate19,candidate20,candidate21,candidate22,candidate23,candidate24,candidate25,candidate26,candidate27,candidate28,applied0,applied1,applied2,applied3,applied4,applied5,applied6,applied7,applied8,applied9,applied10,applied11,applied12,applied13,applied14,applied15,applied16,applied17,applied18,applied19,applied20,applied21,applied22,applied23,applied24,applied25,applied26,applied27,applied28
0,3217567.41,1,0,0,3.77101824e-05,0,0,0,0,0.819083214,-0.0386820845,0.0456392169,0.570546687,-0.107250862,-0.0138448905,-0.0391939059,0,-0,-0,-0.100493014,-0.0171092786,0.0121145016,0.300386578,-0.318033874,0.0233553052,-0.0961101726,-0.00889547355,0.000745574012,0.292333871,-0.297560573,0.00996486191,-0.00139327219,-0.0611550771,0.0210471358,0.0264895018,0.226524591,-0.00696788495,1.03320897,0.148772568,0.0346735604,-0.00715441117,0.00219651638,-0.199467987,0.00731043145,0.986105323,-0.149974331,0.00357744517,0.0015296411,0.0247310214,-0.0252679475,0.0140164299,0.00805557333,-0.0213194955,0.113754049,0.00140175864,-0.0194193441,0.00597536704,-0.000265554467,0.184101984,0.0489344113,-0.00482028536,0.0492379665,-0.0476777032,-0.0221362356,0.0314230509,0.00699101482,-0.0292371046,0.00232710619,-0.018949654,0.00674570445,0.0212740004,-0.00059933326,0.00321084191,0.000141356868,-0.000140791046,-0.000193405576,0.000311544194,-0.100000001,0,0,0.300000012,-0.200000003,0,-0.100000001,0,0,0.300000012,-0.200000003,0,0,0,0,0,0.25,0,0.970000029,0.150000006,0,0,0,-0.25,0,0.970000029,-0.150000006,0,0,-0.100000001,0,0,0.300000012,-0.200000003,0,-0.100000001,0,0,0.300000012,-0.200000003,0,0,0,0,0,0.25,0,0.970000029,0.150000006,0,0,0,-0.25,0,0.970000029,-0.150000006,0,0,-0.100000001,0,0,0.300000012,-0.200000003,0,-0.100000001,0,0,0.300000012,-0.200000003,0,0,0,0,0,0.25,0,0.970000029,0.150000006,0,0,0,-0.25,0,0.970000029,-0.150000006,0,0
0.0109175649,3217567.42,0,0,0.0103489221,4.34787944e-06,0,0.171958935,3.19682586e-05,1,0.819171548,-0.0390857905,0.0452773981,0.5704211,-0.104386672,-0.0125455353,-0.0359897539,0,-0,-0,-0.100246735,-0.0173411034,0.0122354478,0.300455064,-0.318240106,0.0244595949,-0.0960964188,-0.00906650443,0.000803478644,0.292334259,-0.295750856,0.0104297362,-0.00143619394,-0.0606974252,0.0205809847,0.0263211764,0.226729855,-0.00690886006,1.03295469,0.148795828,0.0344968028,-0.00709696207,0.00241077272,-0.199472651,0.00734283263,0.98610723,-0.149975732,0.00357576716,0.00153294671,0.0246111825,-0.0218232069,0.0110541964,0.00608221861,-0.0202152841,0.108728789,0.00136098219,-0.0156454016,0.00568544352,0.000212359286,0.178975269,0.0457401462,-0.00406059017,0.0432662107,-0.0457872488,-0.0130211143,0.0136572188,0.00529612927,-0.0228978246,0.00229616533,-0.0172486473,0.00507433852,0.0212505087,-0.000343892112,0.00328140683,0.000218111032,-0.000139173295,-0.000154052221,0.000352551608,-0.0999656245,2.28959125e-05,-9.77785817e-07,0.299938828,-0.1999401,4.42361052e-05,-0.099994801,-2.59236504e-06,2.8755253e-06,0.300029069,-0.199950516,4.12492009e-05,-1.88059093e-05,8.95755438e-05,-3.8020582e-05,2.16315002e-05,0.250035882,1.78144346e-05,0.969956458,0.150004312,-2.09184636e-05,2.52960654e-05,2.91502874e-05,-0.250008553,-1.58403816e-06,0.969988286,-0.149984315,-1.97054542e-05,1.1951729e-05,0.0334617123,0.0888835713,-0.00379583472,0.0625314415,0.0325183421,0.171727732,-0.0798187703,-0.0100637469,0.0111629954,0.412846655,-0.00788094103,0.160132349,-0.0730058849,0.347738683,-0.147598624,0.083975032,0.389317274,0.0691569075,0.80096519,0.166733682,-0.0812069774,0.0982011408,0.113163501,-0.283251107,-0.00614934973,0.924344659,-0.0890965909,-0.0764979869,0.0463974662,-0.0999533534,3.10671421e-05,-1.32674393e-06,0.299917012,-0.199918732,6.00233543e-05,-0.0999929458,-3.51754397e-06,3.90176001e-06,0.30003944,-0.199932858,5.59704604e-05,-2.55174746e-05,0.000121543802,-5.15895954e-05,2.93514786e-05,0.250048697,2.41721555e-05,0.96994096,0.150005862,-2.83839709e-05,3.43238789e-05,3.95536154e-05,-0.250011623,-2.14935926e-06,0.969984055,-0.149978712,-2.67380565e-05,1.62171327e-05
0.0209179949,3217567.43,0,0,0.000230890699,5.24101779e-06,0,0.200859737,0.000129834691,1,0.819253027,-0.0394760668,0.0449314229,0.570304513,-0.0997973606,-0.0117694614,-0.0338061191,0,-0,-0,-0.100002259,-0.0175423622,0.0123351021,0.300509393,-0.318437278,0.0255031865,-0.0960825607,-0.00920456741,0.000859273889,0.292340368,-0.294012517,0.010845405,-0.00147751847,-0.0603216998,0.020143928,0.0262411237,0.226798117,-0.00686727325,1.03277969,0.148816854,0.0343116112,-0.00706385635,0.00260857167,-0.199471906,0.00737718679,0.986110091,-0.149977088,0.00357443746,0.00153722323,0.0243917909,-0.0190431755,0.00933954958,0.00508203683,-0.0193528552,0.101859547,0.00146461662,-0.0126288021,0.00552463625,0.000886962633,0.170326635,0.0392563827,-0.00408032862,0.033328604,-0.0418021567,-0.0055266195,0.00315769785,0.00337242475,-0.0132323038,0.00196913769,-0.0193542689,0.00200334983,0.0185506102,0.000366363529,0.00354841328,0.000317181781,-0.000132999368,-0.000131314475,0.000479907787,-0.0996923894,0.000204864205,-8.74886791e-06,0.299452692,-0.199464083,0.000395808398,-0.0999534875,-2.31955291e-05,2.57291431e-05,0.300260097,-0.1995572,0.000369082671,-0.000168268351,0.000801489048,-0.000340194179,0.000193550703,0.25032112,0.000159396994,0.969610453,0.15003857,-0.000187170721,0.000226339893,0.000260826055,-0.250076652,-1.41733908e-05,0.969894826,-0.149859637,-0.00017631716,0.000106939675,0.0345574543,0.0911483094,-0.00448696269,0.0639740229,0.0335238725,0.172850549,-0.0812917352,-0.0106705278,0.0118182944,0.41304639,-0.00880408287,0.159772277,-0.072872445,0.349462837,-0.146497056,0.0826845765,0.391480148,0.0692175031,0.800567687,0.167143121,-0.0822943673,0.098690249,0.113527909,-0.283571601,-0.00591760315,0.924588919,-0.0886801779,-0.0767052099,0.0460805893,-0.099641405,0.000242911628,-1.19578235e-05,0.299371004,-0.199377656,0.000460649346,-0.0999501422,-2.84371181e-05,3.14959325e-05,0.300301284,-0.199490458,0.00042579553,-0.000194206164,0.000931323739,-0.000390416884,0.000220355651,0.250377059,0.000184465694,0.969548464,0.150045693,-0.000219315742,0.000263011025,0.000302553613,-0.250089467,-1.57705017e-05,0.969879031,-0.149836585,-0.000204420547,0.000122805475
0.0319173317,3217567.44,0,0,0.0112302275,5.03286719e-06,0,0.200859737,0.000291182427,1,0.819387019,-0.0401302241,0.0443449691,0.570112288,-0.0916259661,-0.011969056,-0.0299915466,0,-0,-0,-0.099562861,-0.0178326927,0.012460974,0.300585628,-0.318776637,0.0272774212,-0.0960523263,-0.00936966483,0.000956211297,0.292371124,-0.29112044,0.0114624994,-0.00154276425,-0.0599126406,0.0195249431,0.0262000524,0.226709127,-0.00682925899,1.0326426,0.148848891,0.034093488,-0.00706953229,0.00286390586,-0.199457958,0.0074432781,0.986114204,-0.149976596,0.00356843229,0.00154873822,0.0247666091,-0.013671997,0.00521153584,0.00286744279,-0.01782066,0.0959322825,0.0018074559,-0.00660721445,0.00509763369,0.00259281299,0.154311076,0.035084337,-0.00336391991,0.0149627682,-0.0273365118,-0.000182497533,-0.0119054085,0.00157713611,-0.00449300092,0.00172107446,-0.00632571476,-0.00134607311,0.0106173698,0.000894053897,0.00366815808,-1.9296278e-05,0.00041801171,-0.000809187011,0.000902867119,-0.0988509879,0.000778336369,-3.83152037e-05,0.29798454,-0.198005885,0.00147601054,-0.0998402461,-9.11180905e-05,0.000100919133,0.300965339,-0.198367342,0.00136433216,-0.000622274529,0.00298414333,-0.00125097204,0.000706062594,0.251208127,0.000591064163,0.968553185,0.150146395,-0.000702730496,0.000842738722,0.000969440909,-0.250286669,-5.0531773e-05,0.969612241,-0.149476379,-0.000655003416,0.000393492723,0.0345574543,0.0911483094,-0.00448696269,0.0639740229,0.0335238725,0.172850549,-0.0812917352,-0.0106705278,0.0118182944,0.41304639,-0.00880408287,0.159772277,-0.072872445,0.349462837,-0.146497056,0.0826845765,0.391480148,0.0692175031,0.800567687,0.167143121,-0.0822943673,0.098690249,0.113527909,-0.283571601,-0.00591760315,0.924588919,-0.0886801779,-0.0767052099,0.0460805893,-0.0987388641,0.000854283688,-4.20538672e-05,0.297787875,-0.197811306,0.00162003445,-0.0998246595,-0.000100009071,0.000110766465,0.301059544,-0.198208034,0.0014974589,-0.000682993908,0.00327532575,-0.00137303746,0.000774957705,0.251326025,0.000648738118,0.968412042,0.150160685,-0.000771300518,0.000924970198,0.00106403558,-0.250314653,-5.54624858e-05,0.969574392,-0.149425283,-0.000718916359,0.000431888388
0.0429155012,3217567.45,0,0,0.00226873625,4.51039523e-06,0,0.172113068,0.000541530084,1,0.819453299,-0.0404675677,0.0440327078,0.570017338,-0.0881520063,-0.0130267804,-0.027863929,0,-0,-0,-0.0993024632,-0.017945962,0.0125024552,0.300590932,-0.318939477,0.0282266587,-0.0960337073,-0.00941613782,0.00100387586,0.292409897,-0.289595306,0.0118875057,-0.00157801632,-0.0598070696,0.0193138309,0.0262183845,0.226534948,-0.00681457017,1.03261173,0.148866221,0.0340522416,-0.00708456011,0.00294657913,-0.199449658,0.00747932028,0.986110032,-0.149965778,0.00355243939,0.00156210223,0.0271233004,-0.0097219469,0.00356541877,-0.0011335623,-0.0152507387,0.0945372209,0.00186762668,-0.00342296576,0.00451181969,0.00500971591,0.151872441,0.0490199961,-0.00378359598,0.00785157923,-0.0169000849,0.00369350845,-0.0210867915,0.00143496098,-0.00244193664,0.00173820392,-0.00310043944,-0.00151926943,0.0066796164,0.000785724376,0.00356851844,-0.000679253717,0.00153305102,-0.00213147118,0.00163522211,-0.0971893072,0.00197516335,-0.000134217102,0.295232505,-0.195135921,0.00358763221,-0.0996817201,-0.000229942962,0.000261112291,0.30237484,-0.196068317,0.00327681773,-0.00149143895,0.007268738,-0.00300011435,0.00167336094,0.252959728,0.00142370351,0.96650368,0.150363445,-0.00172412104,0.00204091333,0.00236213556,-0.250710249,-0.000108241205,0.969075859,-0.148733079,-0.00158260134,0.000934508513,0.0368280485,0.0961534902,-0.00653386069,0.0679109395,0.0367895365,0.174650535,-0.0845055133,-0.0111939181,0.012711281,0.415609181,-0.00860022008,0.159519687,-0.0726051629,0.353851497,-0.14604941,0.0814613551,0.394083411,0.0693077147,0.799792826,0.16769278,-0.0839324221,0.0993542746,0.114991784,-0.284575313,-0.00526932068,0.925010085,-0.0883244723,-0.0770430639,0.0454930738,-0.096995078,0.00211165729,-0.000143492187,0.29490304,-0.194799796,0.00383555563,-0.0996597186,-0.000245833187,0.000279156462,0.302538931,-0.195796609,0.0035032623,-0.00159450492,0.0077710445,-0.00320743723,0.0017889986,0.253164262,0.00152208866,0.966262043,0.150388569,-0.00184326654,0.00218195072,0.00252537103,-0.250759333,-0.000115721217,0.969011962,-0.148645535,-0.00169196713,0.000999087817
0.0529173659,3217567.46,0,0,0.012270601,4.71575186e-06,0,0.172113068,0.000716141425,1,0.819518566,-0.0407822393,0.0437218472,0.56992501,-0.0839199871,-0.0167302098,-0.0283369161,0,-0,-0,-0.0989367962,-0.0180259217,0.0125387637,0.300437063,-0.319036663,0.02920275,-0.096018821,-0.0094405748,0.00104627502,0.292522162,-0.288067818,0.0125166969,-0.00165584171,-0.0597609058,0.0191957727,0.0263427682,0.22627385,-0.00679898774,1.03258455,0.14888294,0.0340217948,-0.00709483447,0.00299583701,-0.199440926,0.00751559483,0.986096084,-0.149938792,0.00351729267,0.00158683944,0.046957545,-0.00705580972,0.00405231025,-0.0310742725,-0.00392359309,0.101326331,0.0011183829,-0.00199316395,0.00416284334,0.0175021645,0.154300511,0.0732566342,-0.0124203721,0.00303681637,-0.00911145564,0.0211717077,-0.0292413142,0.00170317874,-0.00330884801,0.00160485739,-0.00346669578,-0.000489558268,0.00403022347,0.000982274185,0.00370219932,-0.00200681644,0.00373406755,-0.00473350659,0.00323293358,-0.0948825777,0.00359618175,-0.000244369177,0.291319788,-0.191143975,0.00653200457,-0.0994205028,-0.000418657321,0.000475407345,0.304323852,-0.192841575,0.00596610457,-0.00271546422,0.0132341972,-0.00546231028,0.00304668956,0.255388796,0.00259213825,0.963634193,0.150661722,-0.00313910842,0.00371589232,0.00430074194,-0.251293123,-0.000197074856,0.968317389,-0.147693321,-0.00288144359,0.00170146045,0.0368280485,0.0961534902,-0.00653386069,0.0679109395,0.0367895365,0.174650535,-0.0845055133,-0.0111939181,0.012711281,0.415609181,-0.00860022008,0.159519687,-0.0726051629,0.353851497,-0.14604941,0.0814613551,0.394083411,0.0693077147,0.799792826,0.16769278,-0.0839324221,0.0993542746,0.114991784,-0.284575313,-0.00526932068,0.925010085,-0.0883244723,-0.0770430639,0.0454930738,-0.0946056545,0.0037907816,-0.000257592706,0.290850073,-0.190664753,0.00688547036,-0.0993891433,-0.000441312091,0.000501133036,0.30455783,-0.192454204,0.006288948,-0.00286240573,0.0139503386,-0.00575789204,0.00321155484,0.255680382,0.00273240637,0.963289738,0.150697529,-0.0033089749,0.00391696999,0.00453346781,-0.251363099,-0.00020773914,0.968226314,-0.147568494,-0.00303736678,0.00179353147
0.0629306622,3217567.47,0,0,0.00224560825,4.270114e-06,0,0.239531044,0.00134313107,1,0.819532454,-0.0408412293,0.0436585769,0.569905639,-0.0829884782,-0.0180492289,-0.0289488677,0,-0,-0,-0.0988273621,-0.0180392973,0.0125478236,0.300351679,-0.319036126,0.0294112489,-0.0960170105,-0.00944434386,0.00105473527,0.292565912,-0.287756085,0.0126765836,-0.00168748142,-0.0597558767,0.0191795528,0.026397191,0.226212591,-0.00679535791,1.03257692,0.14888607,0.0340139568,-0.00709502958,0.00300325593,-0.199438781,0.00752312085,0.986091316,-0.149929985,0.00350628048,0.00159430178,0.0547154658,-0.00668734452,0.00453022076,-0.0426911376,0.000275533384,0.104249515,0.00090454577,-0.00188443158,0.00423014536,0.0218728818,0.155866712,0.0799434111,-0.0158198383,0.00251452834,-0.00811017025,0.0272117946,-0.0306278598,0.00181483,-0.00380786764,0.00156744034,-0.0039198217,-9.74478244e-05,0.00370943523,0.00107165368,0.00376307475,-0.00237206044,0.00440081581,-0.00550609175,0.00373116601,-0.0915162638,0.00636047171,-0.000638862955,0.286515623,-0.185259044,0.0107398108,-0.0994062945,-0.000738267205,0.000841160247,0.3074193,-0.188147068,0.00962794386,-0.00437729759,0.021851372,-0.00890057907,0.00487635704,0.258924216,0.00419091992,0.959637105,0.151106298,-0.00521880016,0.00606353953,0.00716491137,-0.252219617,-0.000239836736,0.967331588,-0.146251038,-0.00468572881,0.00268495316,0.0403568819,0.105229124,-0.0105694979,0.0769112706,0.0438777506,0.177681938,-0.0901775956,-0.0122140646,0.0139163509,0.422746271,-0.00390225649,0.159286946,-0.0724190325,0.361514181,-0.147253245,0.0806755871,0.397644222,0.0693355575,0.798553646,0.168302685,-0.0863410458,0.100316606,0.118537962,-0.286721766,-0.00396791473,0.925852954,-0.087976113,-0.0775217861,0.0444204919,-0.091138415,0.00664375443,-0.000667316664,0.285915077,-0.184602514,0.0112181408,-0.0993798524,-0.00077114813,0.000878623803,0.307749718,-0.187619165,0.0100567527,-0.00457225367,0.0228245873,-0.00929699279,0.00509354006,0.25932169,0.00437757513,0.959175587,0.151155561,-0.00545123499,0.006333597,0.00748402206,-0.252318472,-0.000250518584,0.967212737,-0.146084055,-0.00489442144,0.00280453567
0.0740405512,3217567.48,0,0,0.0133554973,7.74627551e-06,0,0.239531044,0.00253367051,1,0.81967783,-0.0413436852,0.0430065058,0.569709957,-0.071168907,-0.0308868028,-0.0313000083,0,-0,-0,-0.0968976095,-0.0181486607,0.0126874531,0.298209429,-0.318442732,0.0314214341,-0.0960231945,-0.00949122757,0.00114777556,0.293489546,-0.284435093,0.0147647876,-0.00252352306,-0.0597431324,0.0190739818,0.0277297981,0.22546123,-0.00675045932,1.03244078,0.148914874,0.0337852463,-0.00706408173,0.00306310225,-0.199409574,0.00760291656,0.986019969,-0.14978911,0.00308865751,0.0017199479,0.138863325,-0.00521376776,0.0104127862,-0.173221692,0.0608159713,0.100280531,-0.0031177958,-0.00367474672,0.00532678654,0.072081238,0.177394882,0.129208684,-0.0668974295,-0.000381372258,-0.00377040775,0.110202841,-0.0425613187,0.00268001342,-0.0202257726,0.00135137083,-0.0177146848,0.00415050378,0.00282375072,0.00174244586,0.00419733347,-0.00451447861,0.00969188008,-0.0464952551,0.0134968199,-0.087377198,0.0094636362,-0.000950553222,0.27993682,-0.178067192,0.0159795806,-0.0991166383,-0.00109845505,0.00125154783,0.311039031,-0.182364225,0.0143252518,-0.00651290547,0.0325122774,-0.0132430168,0.00725544756,0.263278186,0.00623559766,0.954581261,0.151646033,-0.0077649625,0.0090218354,0.0106605478,-0.253302515,-0.000356848934,0.966029704,-0.14442198,-0.00697181467,0.00399489561,0.0403568819,0.105229124,-0.0105694979,0.0769112706,0.0438777506,0.177681938,-0.0901775956,-0.0122140646,0.0139163509,0.422746271,-0.00390225649,0.159286946,-0.0724190325,0.361514181,-0.147253245,0.0806755871,0.397644222,0.0693355575,0.798553646,0.168302685,-0.0863410458,0.100316606,0.118537962,-0.286721766,-0.00396791473,0.925852954,-0.087976113,-0.0775217861,0.0444204919,-0.0863935053,0.0102011338,-0.00102462946,0.278373331,-0.176357985,0.0172248632,-0.0990477949,-0.00118405721,0.00134908047,0.311899304,-0.180989876,0.0154416133,-0.00702045392,0.0350459479,-0.0142750405,0.00782086141,0.264312953,0.00672153523,0.953379631,0.151774302,-0.00837008376,0.00972490385,0.0114913201,-0.253559887,-0.000384658022,0.965720296,-0.143987283,-0.00751512544,0.00430621626
0.0849297429,3217567.49,0,0,0.00426474772,4.43402678e-06,0,0.208539888,0.00313070789,1,0.819826603,-0.0415284075,0.04258205,0.569514275,-0.0571565703,-0.0464472361,-0.0540468581,0,-0,-0,-0.0943664461,-0.0182359163,0.0129807414,0.29475373,-0.317078978,0.0328152627,-0.0962169394,-0.00960302725,0.00123464642,0.294971883,-0.282039493,0.0169537738,-0.00370265567,-0.0597685613,0.0190376304,0.0300276428,0.224933878,-0.00670878543,1.0314877,0.148930088,0.0335010216,-0.00684055407,0.00309957704,-0.199383393,0.00765787996,0.985945523,-0.149610385,0.00170715991,0.00229192246,0.260507375,-0.00893265754,0.0335325524,-0.366981536,0.149737075,0.121590659,-0.0255012251,-0.0131457364,0.00840135384,0.159742743,0.213561311,0.209802493,-0.120971173,-0.00360485958,-0.00273118773,0.248472229,-0.0448209792,0.00381635712,-0.120375015,0.00125333865,-0.0285021234,0.0288656559,0.00320285279,0.00241984171,0.00477028219,-0.00702078082,0.0173743926,-0.162414491,0.0713608265,-0.0804003701,0.0163270086,-0.00241018226,0.272616595,-0.165921628,0.0243545845,-0.100272559,-0.00180037471,0.00206069299,0.318198293,-0.172994047,0.0210748464,-0.00960758049,0.0497233905,-0.0198797546,0.0106852455,0.270187199,0.00922865234,0.946953118,0.152554035,-0.0119806742,0.0135381455,0.0166577715,-0.25540328,-0.000237193235,0.964359105,-0.141660959,-0.0104413135,0.00564946095,0.046789594,0.122279584,-0.0180508327,0.0949144065,0.0552267879,0.182401359,-0.102041304,-0.0134837367,0.0154333655,0.436294317,0.0022585988,0.157838076,-0.0719550699,0.372398645,-0.148887545,0.0800261348,0.401190221,0.0691171214,0.797392309,0.16912815,-0.0897281319,0.101392664,0.124756813,-0.290467411,-0.00177643634,0.927752912,-0.0875454992,-0.0781992301,0.0423111059,-0.0798023716,0.0168251544,-0.00248371833,0.271781087,-0.16488187,0.0250976551,-0.100280873,-0.00185530516,0.00212356588,0.318753541,-0.172170073,0.021717852,-0.00990071334,0.0512404777,-0.0204862971,0.0110112578,0.270803124,0.00951022375,0.946249962,0.152631953,-0.0123462118,0.0139512019,0.0171660092,-0.255568147,-0.000244430121,0.964187026,-0.141406536,-0.0107598836,0.0058218292
0.0959247318,3217567.5,0,0,0.0152597367,8.72462988e-06,0,0.208539888,0.001733087,1,0.819965959,-0.0416124985,0.042292051,0.569329083,-0.0558423661,-0.0451468378,-0.0653618872,0,-0,-0,-0.0919614062,-0.0182922017,0.0132983243,0.291232347,-0.315604001,0.0338586085,-0.0966194421,-0.0097021237,0.00131158507,0.296684086,-0.28019163,0.0188167356,-0.00487521524,-0.0597691052,0.0189679395,0.0325159431,0.224558696,-0.00667615654,1.0301975,0.148943618,0.0331354775,-0.0064663426,0.00321347197,-0.199366689,0.00769776851,0.985705554,-0.149218589,0.000116665855,0.00302565331,0.321341544,-0.00433777738,0.0416473597,-0.482565016,0.205059394,0.138745874,-0.0711293817,-0.0099769067,0.0103350095,0.253544271,0.244201273,0.249035239,-0.163637489,0.00478554005,-0.0148733268,0.351364672,-0.0489431247,0.00425129756,-0.185922921,0.00213274476,-0.0617206544,0.061207734,0.0263448451,0.00164412463,0.00510503305,-0.0547036827,0.0814857483,-0.215693399,0.102481432,-0.0734195411,0.0221422222,-0.00326862046,0.262863398,-0.153783888,0.0330289938,-0.10036964,-0.00244161696,0.00279465318,0.324680001,-0.163375288,0.028581107,-0.0130295279,0.0674334466,-0.0269603562,0.0144910254,0.277377307,0.0125156352,0.938744426,0.153463706,-0.0162478499,0.0183600467,0.0225907955,-0.257327795,-0.000321674714,0.962349951,-0.138690829,-0.0141602112,0.00766163832,0.046789594,0.122279584,-0.0180508327,0.0949144065,0.0552267879,0.182401359,-0.102041304,-0.0134837367,0.0154333655,0.436294317,0.0022585988,0.157838076,-0.0719550699,0.372398645,-0.148887545,0.0800261348,0.401190221,0.0691171214,0.797392309,0.16912815,-0.0897281319,0.101392664,0.124756813,-0.290467411,-0.00177643634,0.927752912,-0.0875454992,-0.0781992301,0.0423111059,-0.0727364048,0.0227112919,-0.00335262623,0.261908948,-0.152596086,0.0338778608,-0.100379139,-0.00250436808,0.00286647747,0.325314283,-0.162434012,0.0293156598,-0.0133643951,0.0691665336,-0.0276532564,0.0148634538,0.27808094,0.0128372954,0.937941194,0.153552726,-0.0166654307,0.0188319124,0.0231713951,-0.257516116,-0.000329941948,0.962153375,-0.138400167,-0.0145241385,0.00785854738
0.105941714,3217567.51,0,0,0.00503405184,1.81538053e-05,0,0.217975117,0.00583750941,1,0.820156336,-0.0417350791,0.0419240259,0.569073081,-0.0591348447,-0.0468508154,-0.068913579,0,-0,-0,-0.0882815719,-0.0182835981,0.0137076415,0.285545379,-0.313138127,0.0353327245,-0.0976403281,-0.00975370687,0.00141479867,0.299908996,-0.277462602,0.021590611,-0.00687028235,-0.0596016571,0.0187490229,0.036797706,0.224018976,-0.00663167704,1.02787924,0.14897339,0.0321789421,-0.00556553015,0.00376905547,-0.199360356,0.00774833979,0.984615922,-0.147838071,-0.00234834454,0.00422978634,0.400255859,0.00361643243,0.0403804407,-0.627454102,0.274630815,0.148996592,-0.121717639,-0.00272675045,0.0101606166,0.367838919,0.290557206,0.292627424,-0.223330274,0.0239336155,-0.0260658227,0.478646815,-0.0571758188,0.00452336203,-0.26188302,0.00342052337,-0.118131772,0.109007962,0.0756204352,0.000114767587,0.00501857791,-0.145180851,0.17437087,-0.267004907,0.132073075,-0.0641906112,0.0338613801,-0.00659082038,0.259456962,-0.137879014,0.0434097312,-0.104867928,-0.00372625515,0.00407563895,0.335665673,-0.152339846,0.0354058519,-0.0164231043,0.0882571414,-0.0344547927,0.0182218924,0.28545928,0.0157398116,0.930206656,0.154618099,-0.0215656031,0.023498727,0.0308752358,-0.260582238,0.000292691722,0.961057186,-0.135482639,-0.0181861073,0.00901650824,0.0557576492,0.147284523,-0.0286676399,0.123652726,0.0702034384,0.188816339,-0.12117368,-0.0162078366,0.0177275278,0.455132544,0.00730413198,0.154002413,-0.0714344531,0.383886039,-0.149865657,0.0792585164,0.404234827,0.0684623793,0.796913385,0.17008698,-0.0938024297,0.102210805,0.134295896,-0.296028793,0.0012731012,0.931102037,-0.0868548229,-0.0791028664,0.0392184891,-0.0633712709,0.034636151,-0.00674162293,0.258529305,-0.136457637,0.0444029756,-0.104979306,-0.00381151447,0.00416889228,0.33648175,-0.151249349,0.0362159647,-0.0167988762,0.0902765244,-0.0352431424,0.0186388213,0.286270618,0.0160999484,0.929296136,0.154723763,-0.0220590401,0.0240363944,0.0315816812,-0.260824353,0.000299388717,0.960852563,-0.135150477,-0.0186022185,0.00922281202
0.115945754,3217567.52,0,0,0.0150380922,1.05551444e-05,0,0.217975117,0.00244564563,1,0.820349336,-0.0419652052,0.0415350609,0.56880635,-0.0939229801,-0.0250184182,-0.0726443902,0,-0,-0,-0.0840875804,-0.0180167072,0.0140596824,0.278730482,-0.310124755,0.0369142927,-0.0994655266,-0.00955171045,0.00151771773,0.304602146,-0.274087787,0.0248676483,-0.00943427905,-0.0590088777,0.0183044486,0.042344477,0.223336011,-0.00658556819,1.02482843,0.14902088,0.030589994,-0.00416711858,0.00493895821,-0.19942148,0.00779867964,0.982607782,-0.145653695,-0.00546317641,0.00564651098,0.419912398,0.0458030216,0.0313674472,-0.705229163,0.313419461,0.159550741,-0.237321109,0.0394082181,0.010640379,0.55219233,0.36877957,0.34452039,-0.277862608,0.0869861767,-0.0622701719,0.605354309,-0.076691322,0.00459303986,-0.33293882,0.00549512729,-0.188026533,0.160502836,0.146356612,-0.0115975495,0.00517151086,-0.238287956,0.248705089,-0.344203204,0.145812273,-0.0558416918,0.0417561196,-0.00812746305,0.250004411,-0.12339557,0.0535306633,-0.106002875,-0.00459502731,0.0050258697,0.343981087,-0.141227931,0.0436606854,-0.0202521328,0.108834192,-0.0424878895,0.0224703047,0.293726563,0.0194095299,0.920928836,0.155694798,-0.0265935995,0.0289774295,0.0380737595,-0.263049453,0.000360932492,0.958972216,-0.13209793,-0.0224261787,0.011118697,0.0557576492,0.147284523,-0.0286676399,0.123652726,0.0702034384,0.188816339,-0.12117368,-0.0162078366,0.0177275278,0.455132544,0.00730413198,0.154002413,-0.0714344531,0.383886039,-0.149865657,0.0792585164,0.404234827,0.0684623793,0.796913385,0.17008698,-0.0938024297,0.102210805,0.134295896,-0.296028793,0.0012731012,0.931102037,-0.0868548229,-0.0791028664,0.0392184891,-0.0549738482,0.0425767526,-0.00828719139,0.249021843,-0.121890061,0.0545827001,-0.106120855,-0.00468533346,0.00512464298,0.344845444,-0.140072882,0.0445187502,-0.0206501484,0.110973112,-0.0433229059,0.0229119137,0.294585943,0.0197909866,0.919964433,0.15580672,-0.0271162428,0.0295469221,0.0388220251,-0.263305932,0.000368025881,0.958755493,-0.131746113,-0.0228669196,0.0113372132
0.125946692,3217567.53,0,0,0.00529789412,1.31162815e-05,0,0.192448962,0.0118934363,1,0.820558965,-0.0423496477,0.0409955457,0.568514585,-0.139118418,-0.057278309,-0.0818512216,0,-0,-0,-0.0791621059,-0.0172399264,0.0143534252,0.270722121,-0.306554258,0.038671948,-0.10217429,-0.00873271376,0.00194040302,0.311214447,-0.269949794,0.0276056733,-0.0125643946,-0.0576858111,0.0178624019,0.0492523685,0.222439602,-0.0064701899,1.02086902,0.149090976,0.0282914452,-0.00218336866,0.00679237349,-0.199647307,0.00785625912,0.979705691,-0.142658785,-0.00953379646,0.0073684128,0.539716721,0.100188196,0.026242841,-0.860450864,0.383316219,0.179909721,-0.286441118,0.109448776,0.0558372475,0.721943736,0.450574815,0.240426227,-0.334604651,0.164153278,-0.0327319056,0.742762744,-0.0982753113,0.0142480414,-0.432751328,0.00799354631,-0.256174564,0.221102357,0.213912502,-0.031298738,0.00604113704,-0.322198391,0.32512641,-0.442286372,0.186843216,-0.0409760997,0.0613250285,-0.0147038195,0.253676146,-0.100051939,0.0672427863,-0.118389115,-0.0066391807,0.00671144715,0.362168878,-0.129949808,0.0496843979,-0.0240272321,0.134342,-0.0510563664,0.0261360202,0.302513152,0.0226008259,0.911052704,0.156818703,-0.0334289446,0.0347112678,0.050385084,-0.268067688,0.00188330479,0.958698034,-0.128322572,-0.0273164678,0.01194169,0.0731023028,0.179850936,-0.0431226157,0.164143741,0.0931226164,0.197206229,-0.153930664,-0.019471053,0.0196829922,0.482325733,0.00543966889,0.145711884,-0.0704658478,0.393991381,-0.149735525,0.076650396,0.404007912,0.0662825555,0.797122359,0.169997528,-0.0980387107,0.101799451,0.147766814,-0.302987963,0.00552326068,0.936854124,-0.0864255056,-0.080112353,0.0350219831,-0.0399951339,0.0623442382,-0.0149481939,0.252906263,-0.0983908176,0.0683603436,-0.118694738,-0.00674952287,0.00682299025,0.363202125,-0.12878558,0.050510142,-0.0244265608,0.13657473,-0.051904913,0.0265703965,0.303385913,0.0229764469,0.910073042,0.156932026,-0.033984527,0.0352881625,0.0512224734,-0.268367946,0.00191460492,0.95851022,-0.127962291,-0.0277704634,0.0121401586
0.136920635,3217567.54,0,0,0.0162718371,6.90529123e-06,0,0.192448962,0.00957462192,1,0.820740998,-0.0430745818,0.040291477,0.568247676,-0.236417085,-0.0159485117,-0.0740193576,0,-0,-0,-0.0742602125,-0.0156070683,0.0144260749,0.262627155,-0.302962154,0.0404088758,-0.10598398,-0.00698208995,0.00243515219,0.31971696,-0.264697492,0.029765876,-0.0159992464,-0.0552009717,0.0171979684,0.0570485219,0.221248329,-0.00637804903,1.01643622,0.149246141,0.0253358223,0.000144975187,0.00959253311,-0.200318605,0.00805006176,0.976163208,-0.139443755,-0.0141710276,0.00903039332,0.448676467,0.209760502,-0.00550528429,-0.759054542,0.335661441,0.169311479,-0.455488443,0.223022565,0.0454860851,0.956149936,0.577906191,0.204987139,-0.344560862,0.309110731,-0.0853500217,0.798316419,-0.133568197,0.00684417738,-0.449920923,0.0235425532,-0.321158916,0.238146409,0.323708922,-0.0949579924,0.0311276149,-0.370708019,0.322378129,-0.480224639,0.150271311,-0.0295937955,0.0731510893,-0.0175393391,0.244742945,-0.0807777196,0.080210045,-0.121935315,-0.00791949593,0.00800569821,0.374157667,-0.11644116,0.0592656545,-0.0286606997,0.160248816,-0.0609021969,0.0311761517,0.312639922,0.0269592218,0.899685204,0.158133626,-0.0398754589,0.0414050706,0.0601014607,-0.271551877,0.00224648556,0.956518531,-0.124142237,-0.0325842388,0.0142445536,0.0731023028,0.179850936,-0.0431226157,0.164143741,0.0931226164,0.197206229,-0.153930664,-0.019471053,0.0196829922,0.482325733,0.00543966889,0.145711884,-0.0704658478,0.393991381,-0.149735525,0.076650396,0.404007912,0.0662825555,0.797122359,0.169997528,-0.0980387107,0.101799451,0.147766814,-0.302987963,0.00552326068,0.936854124,-0.0864255056,-0.080112353,0.0350219831,-0.0285315141,0.0742547885,-0.0178039689,0.24390924,-0.0789789036,0.0814202428,-0.122266278,-0.00803898461,0.00812648702,0.375276566,-0.115180433,0.0601598471,-0.0290931296,0.162666634,-0.0618210807,0.0316465348,0.313585013,0.0273659788,0.898624301,0.158256352,-0.040477097,0.0420297869,0.0610082634,-0.27187705,0.00228038034,0.9563151,-0.123752095,-0.0330758654,0.014459474
0.146927373,3217567.55,0,0,0.00625361595,9.57818702e-06,0,0.216325745,0.0225772411,1,0.820871532,-0.044413615,0.0390514396,0.568042517,-0.338433772,-0.0635229573,-0.0462339893,0,-0,-0,-0.0686857477,-0.0122754928,0.0139877228,0.253879607,-0.299152762,0.0422553942,-0.11176689,-0.00347608957,0.00277729938,0.332449079,-0.256551087,0.0321582556,-0.0202039126,-0.0504218228,0.016576333,0.0668101311,0.219436809,-0.0063189934,1.01083946,0.149729505,0.0211326815,0.00303961965,0.0142178535,-0.201968417,0.00855079852,0.97160238,-0.135576457,-0.0200965516,0.0106903529,0.489281833,0.32154572,-0.0584898554,-0.727614343,0.313198805,0.143073276,-0.489616781,0.337133765,0.019296132,1.12196577,0.751648545,0.202749223,-0.35643515,0.456031919,-0.0293074846,0.828055203,-0.160999402,0.00403121952,-0.481054962,0.0528181009,-0.366958052,0.242796451,0.430261225,-0.165672198,0.0482238419,-0.380136698,0.325817734,-0.502426147,0.136288553,-0.00592756271,0.10101667,-0.0281181615,0.257667005,-0.0473871976,0.0964775532,-0.14909938,-0.0119803017,0.00926288217,0.403257996,-0.113356538,0.0623782501,-0.0327862762,0.186692074,-0.0693884492,0.0330465101,0.319243878,0.0291469134,0.889798641,0.158064798,-0.0477589853,0.0459692329,0.0782346353,-0.277859211,0.00477228966,0.958682656,-0.120355964,-0.0377403162,0.0140724294,0.100718386,0.215535,-0.0599945299,0.209675878,0.125623479,0.20585008,-0.204761252,-0.0255618636,0.0197638199,0.520317197,-0.0151325017,0.133093834,-0.0699546933,0.398336977,-0.148051202,0.0705099404,0.397742748,0.0621895343,0.798877776,0.167207509,-0.101901323,0.0980826095,0.166925937,-0.309442043,0.0101824328,0.945852578,-0.0867497772,-0.080524914,0.0300257467,-0.00467593968,0.102360681,-0.0284922682,0.257103771,-0.0453567058,0.0977611765,-0.149752632,-0.0121396976,0.00938612316,0.404631823,-0.112203762,0.0632081851,-0.0332224928,0.189175978,-0.0703116506,0.0334861875,0.320165157,0.0295347068,0.888731599,0.158172101,-0.0483944081,0.0465808474,0.0792755336,-0.278229892,0.00483578444,0.958532035,-0.11996156,-0.0382424444,0.0142596606
0.157917928,3217567.57,0,0,0.0172441709,5.98281622e-06,0,0.216325745,0.00249892473,1,0.820926726,-0.0456552021,0.0381200947,0.567927599,-0.412790954,-0.00252390793,-0.0509867221,0,-0,-0,-0.065568313,-0.00925459992,0.0134555679,0.248804048,-0.296955407,0.043443542,-0.117328286,-0.000302785338,0.00307983952,0.343735278,-0.250151366,0.034005519,-0.0229470469,-0.046224989,0.0158790424,0.0736225024,0.218080729,-0.00629535457,1.00685632,0.150187954,0.0179790128,0.00494750729,0.0181666613,-0.203660399,0.00929436833,0.968679905,-0.132791594,-0.024396915,0.0116213532,0.354998976,0.408840239,-0.0778110847,-0.590757608,0.256094515,0.149250135,-0.783204615,0.42904669,0.0396607444,1.55482483,0.834839523,0.246160641,-0.341460139,0.563908458,-0.0991287157,0.860963285,-0.173197478,0.00248302845,-0.508723676,0.0593922324,-0.408855587,0.236395642,0.526888728,-0.236952797,0.114462875,-0.355492651,0.358903378,-0.55413276,0.107790194,0.00784712285,0.115808174,-0.0322353989,0.25146836,-0.0250406712,0.110604413,-0.156288818,-0.0137345335,0.0106192119,0.418377697,-0.100669652,0.0715120658,-0.0375870503,0.214028716,-0.0795487463,0.0378853902,0.329383016,0.0334147885,0.878055096,0.1592457,-0.0547521561,0.0527003407,0.0896902531,-0.281938553,0.00547107868,0.957025468,-0.1160153,-0.0432664901,0.0161330029,0.100718386,0.215535,-0.0599945299,0.209675878,0.125623479,0.20585008,-0.204761252,-0.0255618636,0.0197638199,0.520317197,-0.0151325017,0.133093834,-0.0699546933,0.398336977,-0.148051202,0.0705099404,0.397742748,0.0621895343,0.798877776,0.167207509,-0.101901323,0.0980826095,0.166925937,-0.309442043,0.0101824328,0.945852578,-0.0867497772,-0.080524914,0.0300257467,0.0090964362,0.117149711,-0.0326088183,0.25090614,-0.0230139196,0.111885667,-0.156940877,-0.0138936359,0.0107422266,0.419748992,-0.099518992,0.0723404735,-0.038022466,0.216508046,-0.0804702491,0.0383242592,0.330302596,0.0338018686,0.876989961,0.159352794,-0.0553864129,0.0533108264,0.0907292292,-0.282308519,0.00553445658,0.956875145,-0.115621619,-0.0437676944,0.0163198896
0.167923386,3217567.58,0,0,0.00724633178,7.93393701e-06,0,0.219726004,0.0420970768,1,0.821153224,-0.0486447141,0.0366717577,0.567447126,-0.486931175,0.127994284,-0.135414511,0,-0,-0,-0.0625196621,-0.0025020449,0.0126606487,0.241963997,-0.293837875,0.04580874,-0.135925978,0.00700532366,0.00474567013,0.379520804,-0.239495218,0.0393657349,-0.0274054632,-0.0372023657,0.0135283833,0.0866635218,0.215813309,-0.00626351219,0.998680651,0.150706306,0.0112039633,0.0082928231,0.0268690046,-0.208021954,0.0123910503,0.964001834,-0.126754478,-0.0338555239,0.0129630752,0.119558074,0.52132839,-0.0366296731,-0.413167626,0.195654348,0.168572217,-1.76067555,0.555408478,0.130903378,3.40492654,1.10987806,0.52233541,-0.304454058,0.687034786,-0.213275746,0.985564947,-0.145727575,0.00213717856,-0.644949079,0.0207072739,-0.545136809,0.236527309,0.69574523,-0.365903765,0.303595036,-0.320801109,0.481013626,-0.768498063,0.0854697973,0.0458378717,0.150604203,-0.0473603942,0.272315025,0.0221944153,0.129002988,-0.206928536,-0.0206598807,0.010248201,0.463475943,-0.119943365,0.0697938278,-0.0425963923,0.236219257,-0.0860588253,0.0374987237,0.330918312,0.03402403,0.869911611,0.156951457,-0.0630543232,0.0534157716,0.11527013,-0.288294077,0.00897262339,0.962818205,-0.113293253,-0.0479832478,0.015391795,0.143426985,0.251382768,-0.0790521502,0.253789306,0.170878395,0.215326846,-0.278481007,-0.0344846807,0.0171059035,0.572867751,-0.0663725287,0.116497181,-0.0711002648,0.394288123,-0.143646091,0.0625914335,0.385065734,0.0567916073,0.802936316,0.161603093,-0.105247855,0.0891595557,0.192404479,-0.313919008,0.0149767585,0.958012402,-0.0887304991,-0.0800917968,0.0256913938,0.0473279729,0.152143002,-0.0478442982,0.272032171,0.0244646817,0.130321085,-0.208021075,-0.0208709724,0.0103529114,0.465146244,-0.119125381,0.0705069453,-0.0430316217,0.238632828,-0.0869381353,0.0378818698,0.331745088,0.0343716703,0.868888974,0.157022476,-0.0636985824,0.0539615452,0.116447903,-0.288685352,0.00906430092,0.962744832,-0.112918198,-0.0484735183,0.0155490609
0.177929387,3217567.59,0,0,0.017252333,9.94279981e-06,0,0.219726004,0.00243368745,1,0.821173429,-0.0500366651,0.0358848907,0.567347169,-0.558653057,-0.0462794341,0.0246514846,0,-0,-0,-0.0614699051,0.000813877035,0.0119448546,0.239736363,-0.292785645,0.0466875695,-0.146190867,0.0105238352,0.0050916872,0.400098145,-0.232947648,0.0419507995,-0.0296034347,-0.0327652581,0.0128607973,0.0924221799,0.214967132,-0.00625355588,0.994837165,0.150806427,0.00779799651,0.00965092052,0.0312459636,-0.210374594,0.0142070409,0.962178707,-0.124006115,-0.0383944213,0.0134289535,0.262444079,0.566170752,-0.20942089,-0.355318695,0.166764513,0.135703951,-1.52127552,0.588368535,-0.0510971062,3.2212944,1.16960597,0.354837894,-0.43421644,0.77431488,0.00373729831,0.920075059,-0.141176283,0.00124897435,-0.619788468,0.0157938227,-0.570610344,0.21749711,0.739169061,-0.399860382,0.274740219,-0.292506665,0.419679374,-0.714525878,0.0741119012,0.0604607239,0.16570498,-0.0521091186,0.269539118,0.0444733799,0.141937852,-0.217650041,-0.0227314029,0.0112757664,0.479867339,-0.111916251,0.0767919123,-0.0468674451,0.259904474,-0.0946877599,0.0412586443,0.339031816,0.0374355502,0.859875977,0.157648459,-0.0693766475,0.0587716587,0.12682803,-0.292133749,0.00987228937,0.962098122,-0.109612741,-0.0527944267,0.0169350971,0.143426985,0.251382768,-0.0790521502,0.253789306,0.170878395,0.215326846,-0.278481007,-0.0344846807,0.0171059035,0.572867751,-0.0663725287,0.116497181,-0.0711002648,0.394288123,-0.143646091,0.0625914335,0.385065734,0.0567916073,0.802936316,0.161603093,-0.105247855,0.0891595557,0.192404479,-0.313919008,0.0149767585,0.958012402,-0.0887304991,-0.0800917968,0.0256913938,0.0618936792,0.16718477,-0.0525744706,0.269267082,0.0466565937,0.143205389,-0.218700677,-0.0229344014,0.0113764619,0.481473595,-0.111129634,0.0774776861,-0.0472859815,0.262225479,-0.0955333561,0.0416270941,0.339826882,0.0377698578,0.85889256,0.157716766,-0.0699962005,0.0592965074,0.127960637,-0.292510003,0.00996045209,0.96202755,-0.109252073,-0.0532658957,0.0170863327
0.188918574,3217567.6,0,0,0.00825373689,6.33392483e-06,0,0.20650588,0.0724960044,1,0.820114434,-0.0531357899,0.0317282639,0.568842888,-0.607577085,-0.11198882,0.114354901,0,-0,-0,-0.054240562,0.0105462251,0.00568159344,0.233698145,-0.290050745,0.0485133827,-0.164946243,0.019567322,-0.000143829879,0.4456532,-0.213629767,0.0476647466,-0.037344832,-0.0190808252,0.0150096379,0.10544531,0.212826505,-0.0063786367,0.986488342,0.151345223,-0.00117435993,0.0120494263,0.0459087938,-0.217206791,0.0168228559,0.958823025,-0.119105764,-0.0478367917,0.0145834722,0.365202487,0.612395883,-0.336428553,-0.373113662,0.177711472,0.121070489,-1.43580616,0.487234235,-0.409196764,3.18906236,0.770125449,0.386594176,-0.292394698,0.845119596,-0.0564062521,0.760378122,-0.109736435,-0.0264987051,-0.424162269,0.0289509557,-0.572514296,0.0658408329,1.13270211,-0.445075065,0.0958490968,-0.117346235,0.217392042,-0.561059117,0.0578234419,0.112488993,0.204282254,-0.065598771,0.295347899,0.106840685,0.158355996,-0.302726537,-0.0340353251,0.0074877427,0.529131174,-0.181038558,0.0720544383,-0.0485337339,0.268796355,-0.0910265595,0.0430958197,0.335036129,0.0367257223,0.859355807,0.151381582,-0.0781601593,0.0506358407,0.15179047,-0.296199471,0.0107889287,0.96960479,-0.109873474,-0.0597175844,0.017154377,0.194342643,0.282974541,-0.0908683091,0.293555856,0.225039884,0.219356865,-0.380819529,-0.0471461937,0.0103721227,0.617395639,-0.173734352,0.0998107791,-0.0672295839,0.372340351,-0.126091227,0.0596969128,0.367793202,0.0508729666,0.816734195,0.151913777,-0.108268507,0.0701414496,0.210262209,-0.313996136,0.0149449706,0.9694525,-0.0944161937,-0.0827216059,0.0237624757,0.114104636,0.205835491,-0.0660975501,0.295312524,0.10917373,0.15956004,-0.304267943,-0.0342941098,0.00754467538,0.530873418,-0.18089439,0.0726022944,-0.0489027537,0.270840138,-0.0917186737,0.0434234962,0.33568269,0.0370049626,0.858514547,0.151392087,-0.0787544399,0.0510208458,0.152944595,-0.296550751,0.0108709615,0.96960175,-0.109568372,-0.0601716414,0.0172848087
0.198934577,3217567.61,0,0,0.01826974,1.0240823e-05,0,0.20650588,0.00231844187,1,0.819963157,-0.0539963432,0.0308830868,0.569026411,-0.599469721,-0.109129444,0.0761621743,0,-0,-0,-0.0527957492,0.0130036427,0.00442831265,0.232233167,-0.289345413,0.0490154698,-0.171005517,0.0213470943,-0.00191580097,0.458854228,-0.211001784,0.0492270589,-0.0382285118,-0.0157133117,0.0146891633,0.108364537,0.212423593,-0.00647300435,0.984904945,0.151432306,-0.00348817627,0.0121914698,0.0507085137,-0.219028413,0.0171380509,0.958486438,-0.118324146,-0.0500531271,0.0148015721,0.367904454,0.615741253,-0.310184658,-0.365361512,0.176012754,0.126837969,-1.52683091,0.432093352,-0.455281109,3.32053065,0.640006244,0.394804925,-0.20449701,0.842584372,-0.0778598115,0.720066428,-0.0982479528,-0.0213692859,-0.389128476,0.0196150597,-0.579824269,0.0272068363,1.21852791,-0.45908156,0.0743644014,-0.0746101215,0.190910175,-0.551172376,0.0545501485,0.128117055,0.219306737,-0.0704234093,0.295005769,0.129408106,0.170002699,-0.317636579,-0.036538545,0.0080384491,0.545983255,-0.179643989,0.0773538724,-0.0521032736,0.288565695,-0.0977213532,0.0462654158,0.341290355,0.039426811,0.851218224,0.151483193,-0.0839086547,0.0543599837,0.162954301,-0.299597323,0.0115824295,0.969575703,-0.106922269,-0.0641096681,0.0184160415,0.194342643,0.282974541,-0.0908683091,0.293555856,0.225039884,0.219356865,-0.380819529,-0.0471461937,0.0103721227,0.617395639,-0.173734352,0.0998107791,-0.0672295839,0.372340351,-0.126091227,0.0596969128,0.367793202,0.0508729666,0.816734195,0.151913777,-0.108268507,0.0701414496,0.210262209,-0.313996136,0.0149449706,0.9694525,-0.0944161937,-0.0827216059,0.0237624757,0.129618526,0.220750183,-0.0708869323,0.294972897,0.131576255,0.171121642,-0.319069058,-0.0367790386,0.00809135754,0.547602296,-0.179510012,0.0778630078,-0.0524462126,0.290464997,-0.0983645469,0.0465699323,0.341891199,0.0396863148,0.850436389,0.151492953,-0.084460929,0.0547177792,0.164026856,-0.299923778,0.0116586639,0.969572902,-0.10663873,-0.0645316392,0.018537255
0.209916867,3217567.62,0,0,0.00922656478,5.56278974e-06,0,0.223901123,0.109003127,1,0.819547415,-0.056026917,0.028472526,0.569554508,-0.629335463,-0.206964567,0.11743062,0,-0,-0,-0.0484473221,0.019335499,0.000960251782,0.228615478,-0.287655562,0.0502240509,-0.185790107,0.0251079071,-0.00711983629,0.490922779,-0.20439592,0.053420648,-0.0400693417,-0.00702370191,0.014313437,0.11515557,0.211549297,-0.00660094852,0.981269777,0.151539847,-0.00920139998,0.0121746287,0.063868694,-0.223835349,0.0177093223,0.958107591,-0.116503157,-0.0551282726,0.0154202208,0.481957376,0.647128165,-0.379143655,-0.363833427,0.164929852,0.116669714,-1.42560589,0.347891152,-0.546165645,3.07809758,0.669876397,0.432950854,-0.187289223,0.890777826,-0.0145915598,0.661167026,-0.0809493214,-0.00883549452,-0.352352172,0.00644328445,-0.559663892,-0.0138396537,1.37994313,-0.494008958,0.0489293635,-0.0204362273,0.182720542,-0.473284662,0.0688891709,0.184626192,0.250140935,-0.0834711939,0.327309579,0.204923585,0.18019858,-0.413806438,-0.029201692,-0.00453564385,0.619222283,-0.292612702,0.0617434271,-0.061351575,0.290925771,-0.0911782682,0.0491803326,0.327432483,0.0383838043,0.855687201,0.145269379,-0.0891693681,0.0401789546,0.204639584,-0.305093884,0.0151722785,0.9811638,-0.1103459,-0.0670071691,0.0227339454,0.243804038,0.302148789,-0.100826047,0.332987636,0.289112985,0.217664436,-0.479051262,-0.0352731384,-0.00547866896,0.685593128,-0.311868191,0.0745807663,-0.0741074383,0.351413369,-0.110135525,0.0594056249,0.343531787,0.0463643447,0.831919909,0.144285813,-0.107708946,0.0485327318,0.247187063,-0.316548675,0.0183268115,0.983484924,-0.102101244,-0.0809389129,0.0274606571,0.186170459,0.251498073,-0.0839240775,0.327457756,0.207120523,0.18117626,-0.415509015,-0.0293601267,-0.00456025265,0.620954275,-0.293115169,0.0620784238,-0.0616844408,0.292504191,-0.0916729569,0.0494471639,0.327852607,0.0385920592,0.855066955,0.145243704,-0.0896531641,0.0403969474,0.205749869,-0.305392802,0.0152545972,0.981224358,-0.11013075,-0.0673707202,0.0228572916
0.219918712,3217567.63,0,0,0.01922841,6.18910417e-06,0,0.223901123,0.00217297673,1,0.819423079,-0.0582643002,0.0268384963,0.569588244,-0.502909303,0.111536436,-0.0951940864,0,-0,-0,-0.0463763885,0.0252844635,-0.0022476525,0.226449862,-0.285888374,0.0514372773,-0.207253709,0.0273918323,-0.0124163209,0.534444213,-0.220316038,0.0554187782,-0.0409778096,0.0011842536,0.0116858417,0.122185454,0.211257383,-0.00630635861,0.977903008,0.151291996,-0.0151699493,0.0112951798,0.0788156763,-0.228845283,0.0188023858,0.958172739,-0.115466416,-0.0597945936,0.016893886,0.0382908285,0.557256997,-0.289929539,-0.135315135,0.184756562,0.119559593,-2.61958551,0.14888154,-0.510163724,5.20223284,-3.09679532,0.0639966503,-0.036346104,0.772365272,-0.423390031,0.740072548,0.00544790598,0.0589114241,-0.333485603,-0.0473393612,-0.622065127,-0.133649603,1.56505895,-0.505404115,0.153548002,0.0269489456,0.0672458485,-0.468118697,0.202233672,0.199207932,0.262955934,-0.0877475217,0.328708678,0.225668266,0.189430356,-0.429883093,-0.0306977257,-0.00476801023,0.635576367,-0.297357351,0.064906612,-0.0644946843,0.30583021,-0.0958494321,0.0516998954,0.331399441,0.0403502509,0.849830806,0.145027027,-0.0937376097,0.0422373675,0.215123489,-0.307916403,0.0159495715,0.981735766,-0.108314373,-0.0704400241,0.0238986313,0.243804038,0.302148789,-0.100826047,0.332987636,0.289112985,0.217664436,-0.479051262,-0.0352731384,-0.00547866896,0.685593128,-0.311868191,0.0745807663,-0.0741074383,0.351413369,-0.110135525,0.0594056249,0.343531787,0.0463643447,0.831919909,0.144285813,-0.107708946,0.0485327318,0.247187063,-0.316548675,0.0183268115,0.983484924,-0.102101244,-0.0809389129,0.0274606571,0.200547397,0.264133126,-0.0881403461,0.328837216,0.227573887,0.190278396,-0.431359887,-0.0308351535,-0.00478935521,0.637078643,-0.29779318,0.0651971847,-0.0647834092,0.307199329,-0.0962785259,0.051931344,0.331763834,0.0405308902,0.849292815,0.145004764,-0.0941572487,0.0424264558,0.216086552,-0.308175683,0.0160209741,0.981788278,-0.108127758,-0.0707553625,0.0240056198
0.230919547,3217567.64,0,0,0.0102420379,5.20702451e-06,0,0.22142427,0.0827694982,1,0.818984807,-0.0614941567,0.0226973165,0.570058942,-0.624713302,-0.222430721,-0.0520991087,0,-0,-0,-0.0408581719,0.0355752893,-0.0134723084,0.224540561,-0.283856243,0.0544206463,-0.242542341,0.0302980784,-0.0226117112,0.605896473,-0.245300859,0.0546010137,-0.0448667258,0.0159869306,0.0111112595,0.132185504,0.211455345,-0.00475070486,0.973509073,0.149697885,-0.0243025534,0.0086820405,0.103678338,-0.237571806,0.0216435976,0.959860146,-0.114824906,-0.0660422146,0.0207466818,0.433226913,0.611878395,-1.03909349,-0.217584997,0.13384825,0.348181099,-2.42421126,0.193531185,-0.521952748,4.76601458,-2.04879069,-0.365642786,-0.237091914,0.917982459,-0.0303104501,0.630245149,0.0445684157,0.180342346,-0.278122097,-0.141392559,-0.49053809,-0.23091653,1.61902213,-0.558485508,0.273406446,0.156371117,0.0256250892,-0.316132724,0.351112038,0.258021414,0.265663445,-0.0938957259,0.348914415,0.328895092,0.196076572,-0.514259875,-0.00608127983,-0.0208829772,0.717751622,-0.367591262,0.0331801511,-0.082536988,0.30083245,-0.0953182951,0.0423763208,0.318575144,0.0438214727,0.846760094,0.13874577,-0.094346121,0.0307094362,0.272230297,-0.316155434,0.0255102031,0.994449675,-0.111129813,-0.0694398731,0.0347890221,0.293446958,0.291950345,-0.103186525,0.353754401,0.381228268,0.215477973,-0.555250049,-0.00668301061,-0.0229493082,0.759087324,-0.384174109,0.0364632644,-0.0907038599,0.330599248,-0.104749858,0.0465693772,0.325360537,0.0481575243,0.834565759,0.137632191,-0.10368149,0.0337480754,0.299166948,-0.322701395,0.028034389,0.996868908,-0.107283682,-0.0763108134,0.0382313281,0.259296924,0.266609907,-0.0942302421,0.349088669,0.330779374,0.196775123,-0.515735686,-0.00610294472,-0.0209573749,0.719239891,-0.368188322,0.033298362,-0.0828310326,0.301904202,-0.0956578776,0.0425272919,0.318819463,0.0439775921,0.846321046,0.138705686,-0.094682239,0.0308188424,0.273200125,-0.31639111,0.0256010871,0.994536757,-0.110991329,-0.0696872622,0.0349129625
0.240925551,3217567.65,0,0,7.88830221e-05,8.86479393e-06,0,0.280519947,0.0542751551,1,0.819026768,-0.0622385442,0.0215867274,0.569960952,-0.62038815,-0.249058738,-0.104372896,0,-0,-0,-0.0389287956,0.0380143002,-0.0179234389,0.223485649,-0.283229411,0.0558008589,-0.252584517,0.0310908463,-0.0245170351,0.625371456,-0.254033864,0.0530639738,-0.0458486266,0.0196270328,0.0110263126,0.134727776,0.211674497,-0.00384022715,0.97240144,0.149052918,-0.0261059236,0.00767250825,0.110243164,-0.239814475,0.022905061,0.960577667,-0.114738554,-0.0671914071,0.0223259088,0.501177192,0.612675667,-1.13564229,-0.277797759,0.163332507,0.340140462,-2.5264914,0.201138064,-0.466719478,4.87418032,-2.17923403,-0.374330193,-0.253378272,0.911484957,-0.015114761,0.636785388,0.0569112189,0.242015034,-0.274368078,-0.167764232,-0.438113958,-0.257195204,1.6478709,-0.561713398,0.326993525,0.187856138,0.0205350909,-0.278969347,0.406346738,0.269616634,0.274267465,-0.0969367176,0.350498617,0.346024394,0.202426881,-0.527676463,-0.0062782336,-0.0215593129,0.731281281,-0.37301904,0.0342547521,-0.0852100998,0.310575485,-0.0984053612,0.0437487587,0.320796102,0.0452407151,0.842768788,0.138381287,-0.0974017009,0.0317040198,0.281046987,-0.318298012,0.0263363998,0.995241523,-0.109870926,-0.071688816,0.0359157287,0.287326515,0.24442786,-0.0817505494,0.353120804,0.437235951,0.198378608,-0.594515383,0.0102362446,-0.0249849148,0.791915059,-0.405053079,-0.00807527546,-0.104151428,0.303593725,-0.102641538,0.0360019803,0.323779136,0.0620090291,0.840173006,0.134998128,-0.100508623,0.0336167216,0.335759372,-0.331168354,0.0391875245,1.00083911,-0.106736742,-0.0659345835,0.0560176261,0.26487574,0.230259985,-0.0770120099,0.350041747,0.400299549,0.186879903,-0.565851569,0.00964291673,-0.0235367026,0.763401985,-0.393167496,-0.00760720484,-0.0981144533,0.285996377,-0.0966920853,0.0339151807,0.319502652,0.0584147722,0.847698212,0.135867685,-0.0946827978,0.0316681825,0.316297621,-0.32646355,0.0369160809,0.999051571,-0.109244429,-0.0621127896,0.0527706519
0.250929101,3217567.66,0,0,0.010082433,1.01188198e-05,0,0.280519947,0.00160992146,1,0.81960392,-0.0651345849,0.0155808507,0.569002748,-0.547834396,-0.330859989,-0.252074093,0,-0,-0,-0.0263040569,0.0501280911,-0.038658917,0.216334015,-0.278312713,0.0591156632,-0.298370361,0.0352380313,-0.0315683372,0.706873596,-0.287422448,0.0454510301,-0.0524973124,0.0363383703,0.0120510673,0.146353602,0.212906778,0.0026648927,0.968640864,0.145237118,-0.0319890939,0.00319650141,0.141307488,-0.249995276,0.0301006418,0.96519053,-0.114397004,-0.0710444823,0.0313208774,0.715287745,0.655477881,-0.84373039,-0.447003067,0.507093549,-0.12729162,-2.69937515,0.185742125,-0.232756868,4.2482667,-1.85724258,-1.03156948,-0.447288573,0.814798653,-0.0436344333,0.677166581,0.0926393718,0.498035759,-0.116204709,-0.212167114,-0.250281781,-0.230018854,1.83292723,-0.548605323,0.49417612,0.27316004,0.0229859147,-0.101204343,0.683321774,0.272808075,0.235265791,-0.0786862299,0.351129651,0.413349986,0.19094263,-0.575979114,0.00985255186,-0.0240483861,0.773476243,-0.397366941,-0.00777258398,-0.100247443,0.292213887,-0.0987941474,0.0346524902,0.321013629,0.0596846975,0.845039427,0.135560453,-0.0967411846,0.0323566422,0.323173851,-0.328125864,0.0377186276,0.999683142,-0.108358413,-0.0634631068,0.0539178737,0.287326515,0.24442786,-0.0817505494,0.353120804,0.437235951,0.198378608,-0.594515383,0.0102362446,-0.0249849148,0.791915059,-0.405053079,-0.00807527546,-0.104151428,0.303593725,-0.102641538,0.0360019803,0.323779136,0.0620090291,0.840173006,0.134998128,-0.100508623,0.0336167216,0.335759372,-0.331168354,0.0391875245,1.00083911,-0.106736742,-0.0659345835,0.0560176261,0.273568332,0.235745564,-0.078846693,0.3512339,0.41460073,0.191332012,-0.576949775,0.00987264421,-0.0240974277,0.774441779,-0.397769392,-0.00778843416,-0.100451872,0.292809784,-0.0989956185,0.0347231589,0.321158439,0.0598064102,0.844784617,0.135531008,-0.0969384685,0.0324226245,0.323832899,-0.328285187,0.0377955474,0.9997437,-0.108273491,-0.0635925233,0.0540278293
0.261922916,3217567.67,0,0,0.00117900316,7.76676461e-06,0,0.248125754,0.0483796,1,0.819726765,-0.0653693005,0.0149974413,0.568814456,-0.513400078,-0.334259212,-0.26589942,0,-0,-0,-0.0248663984,0.0513942093,-0.0401461944,0.215458617,-0.277201831,0.0588897467,-0.303798556,0.0355647169,-0.0319413841,0.715132654,-0.291103929,0.0432903431,-0.0534411855,0.0378823802,0.0119484523,0.147702843,0.213104188,0.00372837158,0.968456149,0.144818768,-0.0324364528,0.00275988993,0.145021766,-0.251079828,0.0311268903,0.965731919,-0.114346765,-0.0711895004,0.0327716544,0.718828738,0.633060575,-0.743638098,-0.437704772,0.555440605,-0.112958789,-2.71409369,0.163342819,-0.186523601,4.12952566,-1.84074223,-1.08034325,-0.471935809,0.772004902,-0.0513075627,0.674620032,0.0987100154,0.531739414,-0.0923537463,-0.209182382,-0.223678321,-0.218305752,1.85713744,-0.542270184,0.513124168,0.270699054,0.0251189526,-0.0725089163,0.725388706,0.240209579,0.191010371,-0.0720873997,0.337588608,0.447225988,0.179508045,-0.589232922,0.0136739817,-0.0209817216,0.786885381,-0.389215708,-0.0429491736,-0.108316168,0.276944786,-0.0917110592,0.0322145037,0.327608526,0.0717179924,0.84393394,0.134835646,-0.0974931568,0.0413020141,0.349415839,-0.325389236,0.0443562269,0.994848371,-0.107394554,-0.0523653105,0.07024616,0.246881843,0.194756523,-0.0735011995,0.338325799,0.459919572,0.183028609,-0.598827899,0.0139421597,-0.0213932209,0.796434283,-0.392926633,-0.0437915027,-0.110440493,0.282376289,-0.0935097188,0.0328463018,0.32913059,0.0731245428,0.84146148,0.134538233,-0.0994052142,0.0421120413,0.356268674,-0.326867789,0.045226153,0.995335698,-0.106558964,-0.0533923134,0.0716238469,0.240660757,0.191263691,-0.0721830055,0.337638438,0.448084354,0.179746121,-0.589881778,0.0136921164,-0.0210095476,0.787531078,-0.389466643,-0.0430061333,-0.108459815,0.27731207,-0.0918326825,0.0322572254,0.327711433,0.0718131065,0.843766749,0.134815529,-0.0976224467,0.0413567908,0.349879235,-0.325489223,0.044415053,0.994881332,-0.107338049,-0.0524347574,0.0703393221
0.271932618,3217567.68,0,0,0.011188705,1.25980005e-05,0,0.248125754,0.000827848911,1,0.820976257,-0.0661898255,0.00953579322,0.567032576,-0.308117539,-0.478059798,-0.282998502,0,-0,-0,-0.0103527708,0.0615535714,-0.0477999114,0.20882681,-0.263883442,0.0575679168,-0.350340039,0.0369889401,-0.0332127959,0.773390949,-0.31838426,0.0290679093,-0.0645607039,0.0493871458,0.0123132356,0.159139097,0.215170413,0.015047648,0.968366623,0.141192362,-0.0336677395,0.000379428646,0.180384994,-0.260416865,0.0404905751,0.970642745,-0.113683298,-0.0707661286,0.0468373597,0.824143648,0.48201251,-0.232483879,-0.303007841,0.902531803,-0.0679973066,-2.51217198,-0.0112033635,-0.00247069518,2.49911928,-1.21910751,-0.832882822,-0.726669431,0.515303195,0.0269823689,0.60539484,0.133294359,0.690962911,0.0784443468,-0.185031191,0.0341310538,-0.0587873161,2.07911921,-0.491474241,0.497320831,0.241301149,0.0473221429,0.145605743,0.83333379,0.243907273,0.19308646,-0.0728709176,0.337997139,0.454260647,0.181459114,-0.594550371,0.013822604,-0.0212097708,0.79217732,-0.391272247,-0.043415986,-0.109493449,0.27995488,-0.0927078575,0.03256464,0.328452051,0.0724974871,0.842563748,0.134670824,-0.0985528007,0.0417509228,0.353213608,-0.326208651,0.0448383316,0.995118439,-0.106931478,-0.0529344678,0.0710096657,0.246881843,0.194756523,-0.0735011995,0.338325799,0.459919572,0.183028609,-0.598827899,0.0139421597,-0.0213932209,0.796434283,-0.392926633,-0.0437915027,-0.110440493,0.282376289,-0.0935097188,0.0328463018,0.32913059,0.0731245428,0.84146148,0.134538233,-0.0994052142,0.0421120413,0.356268674,-0.326867789,0.045226153,0.995335698,-0.106558964,-0.0533923134,0.0716238469,0.244182467,0.193240955,-0.0729292259,0.338027537,0.454784155,0.181604311,-0.594946086,0.0138336634,-0.0212267414,0.792571068,-0.391425312,-0.0434507243,-0.109581061,0.280178875,-0.0927820355,0.0325906947,0.328514814,0.0725554973,0.842461765,0.13465856,-0.0986316577,0.0417843312,0.353496253,-0.326269627,0.0448742099,0.995138526,-0.106897011,-0.0529768206,0.0710664764
0.282924155,3217567.69,0,0,0.00223535765,8.00378621e-06,0,0.229995698,0.107526213,1,0.821714759,-0.0656174719,0.00709668361,0.566064358,-0.0886190012,-0.468612224,-0.272222579,0,-0,-0,-0.00293903751,0.0649218634,-0.0492730848,0.206738263,-0.253145307,0.0568635166,-0.375468969,0.0356462449,-0.032438226,0.792922616,-0.328374565,0.0155997034,-0.0719135627,0.052919738,0.011917023,0.164451838,0.216916412,0.0217238292,0.970183671,0.139675856,-0.0327550136,0.000410790119,0.202676281,-0.264721185,0.0444724225,0.97219044,-0.113144197,-0.0676275194,0.0552836992,0.722435474,0.249655113,-0.0971515626,-0.149293467,1.17683411,-0.0694589019,-2.47484517,-0.204164222,0.134363413,1.58272719,-0.884626329,-1.46400523,-0.732368171,0.255841762,-0.0405385047,0.467223704,0.200162083,0.645549178,0.24787879,-0.131550968,0.131932676,0.0451139025,2.31449032,-0.393412232,0.329412341,0.113416106,0.0564905219,0.397671342,0.824703276,0.138372272,0.168986127,-0.0686858892,0.3004556,0.414752364,0.181844577,-0.544798315,0.0130188847,-0.00615259539,0.775915742,-0.363336861,-0.0619410761,-0.0995741263,0.252439022,-0.0629655048,0.0496650375,0.320874184,0.0738468245,0.843917727,0.137874126,-0.0942633078,0.0383849256,0.335243016,-0.309983492,0.0479253642,0.972244382,-0.110580578,-0.0379168242,0.0786639154,0.138925105,0.169378027,-0.0688451827,0.300456643,0.416178048,0.18226631,-0.545829833,0.0130490772,-0.00616686419,0.777019501,-0.363715649,-0.062084727,-0.099805057,0.253024459,-0.0631115288,0.0497802198,0.321038544,0.0740180835,0.843625307,0.137846008,-0.0944819227,0.0384739451,0.336020499,-0.310122609,0.048036512,0.972249568,-0.11048916,-0.0380047597,0.0788463503,0.138452888,0.169043273,-0.0687091202,0.300455749,0.414960265,0.181906089,-0.544948697,0.0130232871,-0.00615467597,0.776076734,-0.363392085,-0.0619620234,-0.0996078029,0.252524376,-0.0629867986,0.0496818349,0.320898145,0.0738717988,0.843875051,0.137870029,-0.0942951888,0.0383979045,0.335356385,-0.310003787,0.047941573,0.972245097,-0.110567249,-0.0379296467,0.0786905214
0.292924169,3217567.7,0,0,0.0122353719,7.69412145e-06,0,0.229995698,0.000185370445,1,0.822482169,-0.0642547533,0.0049844957,0.565127909,0.0505773351,-0.459182322,-0.247073725,0,-0,-0,0.00399541808,0.0664869621,-0.049875319,0.20613578,-0.240317181,0.0563169755,-0.399063379,0.033258304,-0.0297398698,0.802192748,-0.334995776,0.00321266078,-0.0787529871,0.0545286685,0.0115114618,0.168094277,0.219186932,0.0275979545,0.973177135,0.138744622,-0.0305049531,0.00122263853,0.226883993,-0.268143564,0.046704039,0.973223567,-0.112701461,-0.0625163168,0.0625666827,0.61580956,0.0941714942,-0.0474140532,0.0048633432,1.35226357,-0.0417220443,-2.29122615,-0.240439013,0.402171135,0.39573282,-0.408935189,-1.25672114,-0.645174205,0.101407371,-0.096144259,0.309701174,0.242137313,0.552019119,0.305399686,-0.0589760207,0.301953703,0.0888100937,2.50642848,-0.298314273,0.146889403,0.0657151118,0.0307510346,0.673445225,0.694626331,0.138862938,0.169333965,-0.0688272715,0.300456524,0.416017771,0.182218894,-0.545713902,0.0130456826,-0.00616525998,0.776895404,-0.363673061,-0.0620685779,-0.0997790992,0.252958655,-0.0630951151,0.0497672707,0.321020067,0.0739988312,0.843658209,0.137849167,-0.0944573432,0.038463939,0.335933089,-0.310106963,0.0480240174,0.972248971,-0.110499442,-0.0379948728,0.0788258389,0.138925105,0.169378027,-0.0688451827,0.300456643,0.416178048,0.18226631,-0.545829833,0.0130490772,-0.00616686419,0.777019501,-0.363715649,-0.062084727,-0.099805057,0.253024459,-0.0631115288,0.0497802198,0.321038544,0.0740180835,0.843625307,0.137846008,-0.0944819227,0.0384739451,0.336020499,-0.310122609,0.048036512,0.972249568,-0.11048916,-0.0380047597,0.0788463503,0.138881266,0.169346958,-0.0688325539,0.300456554,0.416065037,0.182232887,-0.545748055,0.0130466837,-0.0061657331,0.776932001,-0.363685608,-0.0620733388,-0.099786751,0.252978057,-0.0630999506,0.0497710891,0.321025521,0.0740045086,0.843648493,0.137848243,-0.0944645926,0.0384668894,0.335958868,-0.310111582,0.0480277017,0.97224915,-0.110496402,-0.0379977897,0.0788318887
0.302929095,3217567.71,0,0,0.00224818802,9.86410305e-06,0,0.224773772,0.17669189,1,0.823182821,-0.0624024533,0.00325068994,0.564327419,0.164304793,-0.507541895,-0.223088175,0,-0,-0,0.00985221937,0.0666507632,-0.0501651429,0.207058772,-0.226043403,0.0560068749,-0.420567572,0.030734092,-0.0242936797,0.800249279,-0.337257087,-0.00836648885,-0.0845255405,0.0548274554,0.0108522223,0.170191452,0.221805513,0.0325240418,0.976180732,0.13842614,-0.0266836248,0.00222526025,0.252657801,-0.270638227,0.0475021452,0.973580778,-0.112505279,-0.0546875261,0.0685171932,0.573084354,-0.0361619405,-0.0197635405,0.148976862,1.47498047,-0.0259089433,-2.06047106,-0.267276853,0.626041412,-0.539276958,-0.145810738,-1.0589118,-0.532346606,-0.0182044581,-0.0389987305,0.145555079,0.275653303,0.452174515,0.296070486,-0.0195325296,0.427080274,0.108611725,2.61640406,-0.21989277,0.0494981967,0.0232931469,0.0145253669,0.827201664,0.51975292,-0.0377669074,0.16219449,-0.0601159967,0.222847492,0.294232845,0.187317461,-0.432750434,0.0168942176,0.00779159367,0.7516765,-0.331326425,-0.0676440373,-0.0753244311,0.239161998,-0.00880129356,0.0960704386,0.303900719,0.0592578314,0.8516469,0.149907187,-0.0860730708,0.020532269,0.284643412,-0.299898714,0.0486762635,0.938593566,-0.116249606,-0.0251717586,0.0711941272,-0.0377669074,0.16219449,-0.0601159967,0.222847492,0.294232845,0.187317461,-0.432750434,0.0168942176,0.00779159367,0.7516765,-0.331326425,-0.0676440373,-0.0753244311,0.239161998,-0.00880129356,0.0960704386,0.303900719,0.0592578314,0.8516469,0.149907187,-0.0860730708,0.020532269,0.284643412,-0.299898714,0.0486762635,0.938593566,-0.116249606,-0.0251717586,0.0711941272,-0.0377669074,0.16219449,-0.0601159967,0.222847492,0.294232845,0.187317461,-0.432750434,0.0168942176,0.00779159367,0.7516765,-0.331326425,-0.0676440373,-0.0753244311,0.239161998,-0.00880129356,0.0960704386,0.303900719,0.0592578314,0.8516469,0.149907187,-0.0860730708,0.020532269,0.284643412,-0.299898714,0.0486762635,0.938593566,-0.116249606,-0.0251717586,0.0711941272
0.315914788,3217567.72,0,0,0.0152338808,1.16960146e-05,0,0.224773772,0,1,0.823858798,-0.0601027124,0.00133579422,0.563597918,0.112570241,-0.431057483,-0.144977465,0,-0,-0,0.0160619058,0.0663306192,-0.0509745702,0.208800763,-0.208846256,0.0572645254,-0.442353994,0.0285422821,-0.0152859036,0.783420861,-0.33546555,-0.0203139391,-0.089203693,0.0551952086,0.00988054927,0.171079859,0.225165933,0.0362574309,0.97859019,0.139163986,-0.0205454193,0.0029740727,0.28494966,-0.272915244,0.0478042662,0.973375618,-0.112481184,-0.0428640917,0.0719180256,0.469508082,-0.00229642587,-0.10180454,0.123494059,1.3918823,0.189016178,-1.62621295,-0.109546155,0.836881101,-2.03227234,0.343690664,-0.956195533,-0.283863813,0.0834982172,-0.123016879,0.0388194472,0.282055974,0.19868204,0.113284014,0.125765219,0.552227199,0.0218168683,2.73035216,-0.167500794,0.0139650162,-0.0463054627,-0.00618041074,1.11077762,0.136013046,-0.0377669074,0.16219449,-0.0601159967,0.222847492,0.294232845,0.187317461,-0.432750434,0.0168942176,0.00779159367,0.7516765,-0.331326425,-0.0676440373,-0.0753244311,0.239161998,-0.00880129356,0.0960704386,0.303900719,0.0592578314,0.8516469,0.149907187,-0.0860730708,0.020532269,0.284643412,-0.299898714,0.0486762635,0.938593566,-0.116249606,-0.0251717586,0.0711941272,-0.0377669074,0.16219449,-0.0601159967,0.222847492,0.294232845,0.187317461,-0.432750434,0.0168942176,0.00779159367,0.7516765,-0.331326425,-0.0676440373,-0.0753244311,0.239161998,-0.00880129356,0.0960704386,0.303900719,0.0592578314,0.8516469,0.149907187,-0.0860730708,0.020532269,0.284643412,-0.299898714,0.0486762635,0.938593566,-0.116249606,-0.0251717586,0.0711941272,-0.0377669074,0.16219449,-0.0601159967,0.222847492,0.294232845,0.187317461,-0.432750434,0.0168942176,0.00779159367,0.7516765,-0.331326425,-0.0676440373,-0.0753244311,0.239161998,-0.00880129356,0.0960704386,0.303900719,0.0592578314,0.8516469,0.149907187,-0.0860730708,0.020532269,0.284643412,-0.299898714,0.0486762635,0.938593566,-0.116249606,-0.0251717586,0.0711941272
0.325934526,3217567.73,0,0,0.00523863221,1.00652687e-05,0,0.236867927,0.15046221,1,0.824275136,-0.057905715,-0.000387489912,0.563220441,0.139674395,-0.424290001,-0.0739288256,0,-0,-0,0.0215748381,0.065981932,-0.0516272224,0.210192636,-0.192077637,0.0588249229,-0.460297376,0.0269031692,-0.00485281786,0.757579744,-0.33327359,-0.0296942592,-0.0916449726,0.0558421873,0.00908071175,0.171262518,0.228907108,0.0375354551,0.979042113,0.141061693,-0.0154573368,0.00286458526,0.316667885,-0.274242967,0.0479029678,0.973187804,-0.112601407,-0.0305090584,0.0723986402,0.446050972,-0.0213813279,-0.0293545909,0.0784389898,1.36758816,0.140547141,-1.3923279,-0.126385987,0.879894733,-2.27774,0.229156226,-0.700503588,-0.139400333,0.0697507188,-0.0521023571,0.00732048787,0.319725901,0.0560126007,-0.0297857057,0.220055282,0.339330941,-0.0596407019,2.58300185,-0.0760216042,0.00605947617,-0.000506704033,-0.00740966666,0.979256868,-0.0972908363,-0.188229114,0.138107955,-0.0439688303,0.146664321,0.188081697,0.177843884,-0.332360446,0.0454088487,0.00679745525,0.739772797,-0.300541341,-0.0704811737,-0.0549455546,0.241999075,0.0459991656,0.147414476,0.299476564,0.0448033474,0.861767888,0.161131829,-0.0763313398,0.00675713038,0.245656803,-0.30258885,0.0482546948,0.918604016,-0.108689889,-0.0200909488,0.0524194799,-0.188229114,0.138107955,-0.0439688303,0.146664321,0.188081697,0.177843884,-0.332360446,0.0454088487,0.00679745525,0.739772797,-0.300541341,-0.0704811737,-0.0549455546,0.241999075,0.0459991656,0.147414476,0.299476564,0.0448033474,0.861767888,0.161131829,-0.0763313398,0.00675713038,0.245656803,-0.30258885,0.0482546948,0.918604016,-0.108689889,-0.0200909488,0.0524194799,-0.188229114,0.138107955,-0.0439688303,0.146664321,0.188081697,0.177843884,-0.332360446,0.0454088487,0.00679745525,0.739772797,-0.300541341,-0.0704811737,-0.0549455546,0.241999075,0.0459991656,0.147414476,0.299476564,0.0448033474,0.861767888,0.161131829,-0.0763313398,0.00675713038,0.245656803,-0.30258885,0.0482546948,0.918604016,-0.108689889,-0.0200909488,0.0524194799
0.336918478,3217567.74,0,0,0.0162225841,5.99911436e-06,0,0.236867927,0,1,0.824336827,-0.0567509457,-0.00147331273,0.563245893,0.0621620044,-0.369876415,0.0158076435,0,-0,-0,0.025062399,0.0662715957,-0.0517380722,0.210073143,-0.181937963,0.0608177893,-0.470436126,0.0263418164,0.00191269512,0.738522351,-0.32970354,-0.0353215784,-0.0922802091,0.0570317023,0.00865529943,0.171418726,0.231370196,0.0377699919,0.977871418,0.143758059,-0.013257103,0.00161227188,0.336608797,-0.274662048,0.0479502752,0.973319769,-0.112592801,-0.0231077373,0.0695905834,0.427403867,0.0627803355,-0.00599420443,-0.0560843535,1.21867144,0.279776722,-1.207533,-0.0488428809,0.820190966,-2.36367464,0.466930687,-0.677960277,-0.0540323481,0.183047175,-0.0433168635,0.027725799,0.304426044,0.0153075568,-0.214111194,0.388448119,0.226603597,-0.204487234,2.42077589,-0.036850702,0.00603371672,0.0389903635,0.00474511087,0.875165403,-0.451492161,-0.188229114,0.138107955,-0.0439688303,0.146664321,0.188081697,0.177843884,-0.332360446,0.0454088487,0.00679745525,0.739772797,-0.300541341,-0.0704811737,-0.0549455546,0.241999075,0.0459991656,0.147414476,0.299476564,0.0448033474,0.861767888,0.161131829,-0.0763313398,0.00675713038,0.245656803,-0.30258885,0.0482546948,0.918604016,-0.108689889,-0.0200909488,0.0524194799,-0.188229114,0.138107955,-0.0439688303,0.146664321,0.188081697,0.177843884,-0.332360446,0.0454088487,0.00679745525,0.739772797,-0.300541341,-0.0704811737,-0.0549455546,0.241999075,0.0459991656,0.147414476,0.299476564,0.0448033474,0.861767888,0.161131829,-0.0763313398,0.00675713038,0.245656803,-0.30258885,0.0482546948,0.918604016,-0.108689889,-0.0200909488,0.0524194799,-0.188229114,0.138107955,-0.0439688303,0.146664321,0.188081697,0.177843884,-0.332360446,0.0454088487,0.00679745525,0.739772797,-0.300541341,-0.0704811737,-0.0549455546,0.241999075,0.0459991656,0.147414476,0.299476564,0.0448033474,0.861767888,0.161131829,-0.0763313398,0.00675713038,0.245656803,-0.30258885,0.0482546948,0.918604016,-0.108689889,-0.0200909488,0.0524194799
0.347919163,3217567.76,0,0,0.0072336169,6.45266846e-06,0,0.195292756,0.0801412761,1,0.823879659,-0.0553403236,-0.00318917329,0.564047515,-6.60897858e-05,-0.279133976,0.163070276,0,-0,-0,0.0303069074,0.0677933693,-0.0514669046,0.208442852,-0.166204974,0.0647129267,-0.486162871,0.0257164296,0.0118000684,0.709978938,-0.325429708,-0.0431119576,-0.092542246,0.0603523031,0.00837114453,0.172186732,0.235691622,0.0370694399,0.972430885,0.149872437,-0.0118292132,-0.00227544457,0.367047608,-0.274727583,0.0483070575,0.975350499,-0.112297304,-0.0133795897,0.0621371418,0.364296496,0.144575745,0.0693559349,-0.220436826,1.05713654,0.309790075,-1.07622993,-0.0262442622,0.621761084,-1.75422955,0.230337486,-0.455863684,0.0439767502,0.271436989,-0.0157582667,0.089085497,0.3244192,-0.135762393,-0.552683294,0.448119164,0.0425824635,-0.327906579,1.99010861,0.0171319097,0.0730311796,0.221418887,0.0945153013,0.580048501,-0.635939896,-0.26837039,0.0945060104,-0.0302186869,0.0936886966,0.119362757,0.171062961,-0.284984082,0.0857207626,-0.00830957294,0.743576229,-0.293942094,-0.0657964796,-0.0389561988,0.233722717,0.0880824029,0.194746345,0.309471518,0.0353927314,0.868354559,0.165067077,-0.0632793456,-0.00108777918,0.23910293,-0.307695806,0.0528565682,0.916097939,-0.095929943,-0.0158744622,0.0345629677,-0.26837039,0.0945060104,-0.0302186869,0.0936886966,0.119362757,0.171062961,-0.284984082,0.0857207626,-0.00830957294,0.743576229,-0.293942094,-0.0657964796,-0.0389561988,0.233722717,0.0880824029,0.194746345,0.309471518,0.0353927314,0.868354559,0.165067077,-0.0632793456,-0.00108777918,0.23910293,-0.307695806,0.0528565682,0.916097939,-0.095929943,-0.0158744622,0.0345629677,-0.26837039,0.0945060104,-0.0302186869,0.0936886966,0.119362757,0.171062961,-0.284984082,0.0857207626,-0.00830957294,0.743576229,-0.293942094,-0.0657964796,-0.0389561988,0.233722717,0.0880824029,0.194746345,0.309471518,0.0353927314,0.868354559,0.165067077,-0.0632793456,-0.00108777918,0.23910293,-0.307695806,0.0528565682,0.916097939,-0.095929943,-0.0158744622,0.0345629677
0.358917897,3217567.77,0,0,0.0182323512,5.91902062e-06,0,0.195292756,0,1,0.82361269,-0.0549525321,-0.0038031179,0.564471364,-0.0228199922,-0.234809667,0.165429756,0,-0,-0,0.032768663,0.0688218698,-0.0506227538,0.206181809,-0.16013597,0.0669960007,-0.492464602,0.0257520583,0.0150718987,0.700904012,-0.323752582,-0.0454517007,-0.0917494223,0.0620705336,0.00828790478,0.172945693,0.237819165,0.0355811268,0.968275607,0.152329966,-0.0116736814,-0.00435995683,0.378213823,-0.2745713,0.0491951518,0.97690177,-0.110888653,-0.0101225534,0.0576074682,0.419341713,0.185942277,0.161910668,-0.434057027,0.987623274,0.400518805,-1.03324926,0.0145539893,0.492985278,-1.3940109,0.289424896,-0.366485089,0.156081066,0.296707749,-0.0114592128,0.143758476,0.36637041,-0.295527488,-0.757017314,0.390764505,0.0171954371,-0.353724986,1.78978264,0.030958293,0.176476032,0.277883232,0.285899729,0.521954894,-0.788714111,-0.26837039,0.0945060104,-0.0302186869,0.0936886966,0.119362757,0.171062961,-0.284984082,0.0857207626,-0.00830957294,0.743576229,-0.293942094,-0.0657964796,-0.0389561988,0.233722717,0.0880824029,0.194746345,0.309471518,0.0353927314,0.868354559,0.165067077,-0.0632793456,-0.00108777918,0.23910293,-0.307695806,0.0528565682,0.916097939,-0.095929943,-0.0158744622,0.0345629677,-0.26837039,0.0945060104,-0.0302186869,0.0936886966,0.119362757,0.171062961,-0.284984082,0.0857207626,-0.00830957294,0.743576229,-0.293942094,-0.0657964796,-0.0389561988,0.233722717,0.0880824029,0.194746345,0.309471518,0.0353927314,0.868354559,0.165067077,-0.0632793456,-0.00108777918,0.23910293,-0.307695806,0.0528565682,0.916097939,-0.095929943,-0.0158744622,0.0345629677,-0.26837039,0.0945060104,-0.0302186869,0.0936886966,0.119362757,0.171062961,-0.284984082,0.0857207626,-0.00830957294,0.743576229,-0.293942094,-0.0657964796,-0.0389561988,0.233722717,0.0880824029,0.194746345,0.309471518,0.0353927314,0.868354559,0.165067077,-0.0632793456,-0.00108777918,0.23910293,-0.307695806,0.0528565682,0.916097939,-0.095929943,-0.0158744622,0.0345629677
0.368924882,3217567.78,0,0,0.00823732279,8.5728243e-06,0,0.228917226,0.051536113,1,0.823242664,-0.0540526584,-0.00483402284,0.565089762,0.0741516128,-0.178285152,-0.00558620458,0,-0,-0,0.0401642732,0.0711436272,-0.0448712632,0.196542829,-0.147435784,0.076567091,-0.505459845,0.0260545108,0.0194286015,0.686572075,-0.321444511,-0.0481521115,-0.0864298791,0.0652452633,0.00839199685,0.176613599,0.244308084,0.0279519018,0.952392876,0.1555098,-0.0107363071,-0.00958453584,0.399683416,-0.273630708,0.0540436581,0.981441259,-0.100697391,-0.00395850791,0.0427054055,0.645692468,0.131647438,0.656480014,-0.91118443,0.863019943,0.96580112,-0.845601141,0.0317516439,0.193078011,-0.767927706,0.0773987025,-0.0804036111,0.603005886,0.144283086,0.0225601606,0.362021357,0.550223947,-0.745467663,-1.4526962,0.107988209,0.131426126,-0.390507728,1.35365617,0.0994994044,0.497554123,0.351131707,1.13620949,0.382947594,-1.33124495,-0.276013643,0.0429698974,-0.0157020092,0.0824763179,0.0781715065,0.170219496,-0.274622887,0.10280256,-0.0179792568,0.735231519,-0.300616086,-0.0545085482,-0.0271996893,0.20351097,0.109908909,0.242462978,0.326824307,0.0344848186,0.874071121,0.159454912,-0.0444230437,-0.00106245838,0.250373363,-0.313387156,0.0565418787,0.917576432,-0.0797208622,-0.0144720078,0.0199551266,-0.276013643,0.0429698974,-0.0157020092,0.0824763179,0.0781715065,0.170219496,-0.274622887,0.10280256,-0.0179792568,0.735231519,-0.300616086,-0.0545085482,-0.0271996893,0.20351097,0.109908909,0.242462978,0.326824307,0.0344848186,0.874071121,0.159454912,-0.0444230437,-0.00106245838,0.250373363,-0.313387156,0.0565418787,0.917576432,-0.0797208622,-0.0144720078,0.0199551266,-0.276013643,0.0429698974,-0.0157020092,0.0824763179,0.0781715065,0.170219496,-0.274622887,0.10280256,-0.0179792568,0.735231519,-0.300616086,-0.0545085482,-0.0271996893,0.20351097,0.109908909,0.242462978,0.326824307,0.0344848186,0.874071121,0.159454912,-0.0444230437,-0.00106245838,0.250373363,-0.313387156,0.0565418787,0.917576432,-0.0797208622,-0.0144720078,0.0199551266
0.379929278,3217567.79,0,0,0.019241719,9.96794552e-06,0,0.228917226,0,1,0.822349846,-0.0535845309,-0.00524691166,0.566429079,-0.0141469473,-0.0759263411,0.441232741,0,-0,-0,0.0447757021,0.0732324645,-0.039553348,0.188479677,-0.13805975,0.0845468044,-0.513352275,0.0262195244,0.019094035,0.678918898,-0.320504993,-0.0488405637,-0.0823981464,0.0675978363,0.0087415548,0.181369767,0.250564277,0.020279659,0.935441375,0.156676143,-0.0118775032,-0.0137754818,0.411890566,-0.272129595,0.0585754439,0.985584795,-0.0910706073,-0.000308365619,0.0313372873,0.213181585,0.192311794,0.283486158,-0.50913465,0.718489885,0.528336942,-0.520354688,0.00801764149,-0.152937934,-0.533203542,0.0740966275,-0.0510040559,0.175625801,0.224978134,0.0420445167,0.385961801,0.494120836,-0.555768251,-1.33858836,0.101810783,-0.265301138,-0.315490544,0.789928555,0.147102445,0.281815231,0.325910866,0.552764118,0.248646393,-0.667747378,-0.276013643,0.0429698974,-0.0157020092,0.0824763179,0.0781715065,0.170219496,-0.274622887,0.10280256,-0.0179792568,0.735231519,-0.300616086,-0.0545085482,-0.0271996893,0.20351097,0.109908909,0.242462978,0.326824307,0.0344848186,0.874071121,0.159454912,-0.0444230437,-0.00106245838,0.250373363,-0.313387156,0.0565418787,0.917576432,-0.0797208622,-0.0144720078,0.0199551266,-0.276013643,0.0429698974,-0.0157020092,0.0824763179,0.0781715065,0.170219496,-0.274622887,0.10280256,-0.0179792568,0.735231519,-0.300616086,-0.0545085482,-0.0271996893,0.20351097,0.109908909,0.242462978,0.326824307,0.0344848186,0.874071121,0.159454912,-0.0444230437,-0.00106245838,0.250373363,-0.313387156,0.0565418787,0.917576432,-0.0797208622,-0.0144720078,0.0199551266,-0.276013643,0.0429698974,-0.0157020092,0.0824763179,0.0781715065,0.170219496,-0.274622887,0.10280256,-0.0179792568,0.735231519,-0.300616086,-0.0545085482,-0.0271996893,0.20351097,0.109908909,0.242462978,0.326824307,0.0344848186,0.874071121,0.159454912,-0.0444230437,-0.00106245838,0.250373363,-0.313387156,0.0565418787,0.917576432,-0.0797208622,-0.0144720078,0.0199551266
0.390915083,3217567.8,0,0,0.0101860729,4.20073047e-06,0,0.263848808,0.044193238,1,0.820508242,-0.0533618294,-0.00539445132,0.569113016,0.0598089471,-0.0699227974,0.522697985,0,-0,-0,0.0459659398,0.0752120838,-0.0367088169,0.184147865,-0.130278349,0.0909737349,-0.517207503,0.026659295,0.0169225484,0.674313307,-0.319868773,-0.049248293,-0.0804761276,0.0698371753,0.00984176528,0.185167789,0.256166905,0.0145134544,0.920187116,0.157758489,-0.0163327549,-0.0169714317,0.418301046,-0.269913673,0.0611247942,0.988565445,-0.0854239538,0.00182168849,0.0261466745,0.0508634895,0.107875712,0.333690673,-0.250542343,0.602311611,0.614007235,-0.189350009,0.0576983355,-0.144668549,-0.310517073,0.0304937009,-0.0137545476,0.259494871,0.10096132,0.124030367,0.277487844,0.461640626,-0.452956975,-1.3113668,0.0566309281,-0.333978236,-0.233420953,0.387261152,0.211172059,0.214621738,0.164766043,0.630280077,0.129587531,-0.357863188,-0.234978765,0.0166017152,-0.00720419595,0.106325299,0.0626525432,0.169264987,-0.294837207,0.100548431,-0.0204591751,0.721634388,-0.310079485,-0.0444922447,-0.0180156603,0.159317732,0.105852395,0.282006443,0.341876328,0.039708294,0.876028001,0.15178138,-0.0269839056,0.00228123181,0.262884647,-0.319880158,0.0585318767,0.917834103,-0.0603997186,-0.0144253485,0.0148912808,-0.234978765,0.0166017152,-0.00720419595,0.106325299,0.0626525432,0.169264987,-0.294837207,0.100548431,-0.0204591751,0.721634388,-0.310079485,-0.0444922447,-0.0180156603,0.159317732,0.105852395,0.282006443,0.341876328,0.039708294,0.876028001,0.15178138,-0.0269839056,0.00228123181,0.262884647,-0.319880158,0.0585318767,0.917834103,-0.0603997186,-0.0144253485,0.0148912808,-0.234978765,0.0166017152,-0.00720419595,0.106325299,0.0626525432,0.169264987,-0.294837207,0.100548431,-0.0204591751,0.721634388,-0.310079485,-0.0444922447,-0.0180156603,0.159317732,0.105852395,0.282006443,0.341876328,0.039708294,0.876028001,0.15178138,-0.0269839056,0.00228123181,0.262884647,-0.319880158,0.0585318767,0.917834103,-0.0603997186,-0.0144253485,0.0148912808
0.40092544,3217567.81,0,0,0.000225524884,9.30391252e-06,0,0.235564075,0.0544082522,1,0.819043577,-0.0527637079,-0.00512656011,0.571276903,0.142959312,-0.029420197,0.54001224,0,-0,-0,0.0456545353,0.0757547021,-0.0326955467,0.182767421,-0.124500245,0.0968406349,-0.517644703,0.0273888353,0.0155288465,0.671725094,-0.319708437,-0.0492588691,-0.0771465302,0.0700558573,0.0110127842,0.187580287,0.260511845,0.0106118573,0.907175004,0.158063099,-0.0194603,-0.0188136958,0.420418113,-0.267672181,0.0632615387,0.989436865,-0.07843896,0.00259876158,0.0232766718,-0.0871629715,0.0262012556,0.41343838,-0.0798118189,0.567414761,0.548957944,0.0550883785,0.0837290734,-0.147193328,-0.230864361,0.00973852817,0.0043654819,0.361249626,-0.0170774087,0.101969816,0.214444235,0.409207821,-0.341150135,-1.26445568,0.0186892636,-0.315831572,-0.148912385,0.0947854519,0.228246629,0.205293372,0.0504274778,0.689107895,0.0479865521,-0.238029897,-0.234978765,0.0166017152,-0.00720419595,0.106325299,0.0626525432,0.169264987,-0.294837207,0.100548431,-0.0204591751,0.721634388,-0.310079485,-0.0444922447,-0.0180156603,0.159317732,0.105852395,0.282006443,0.341876328,0.039708294,0.876028001,0.15178138,-0.0269839056,0.00228123181,0.262884647,-0.319880158,0.0585318767,0.917834103,-0.0603997186,-0.0144253485,0.0148912808,-0.180570513,0.0340420417,-0.0104393642,0.133273542,0.058274284,0.167188898,-0.326130986,0.088218227,-0.0215319097,0.714348912,-0.323374957,-0.0404641367,-0.0151942931,0.128588125,0.0830542445,0.309435457,0.343716443,0.0464998335,0.871803284,0.150013551,-0.0160795283,0.00547199138,0.27614671,-0.324594617,0.0597945191,0.91847229,-0.0483130515,-0.0165815316,0.0193082802,-0.180570513,0.0340420417,-0.0104393642,0.133273542,0.058274284,0.167188898,-0.326130986,0.088218227,-0.0215319097,0.714348912,-0.323374957,-0.0404641367,-0.0151942931,0.128588125,0.0830542445,0.309435457,0.343716443,0.0464998335,0.871803284,0.150013551,-0.0160795283,0.00547199138,0.27614671,-0.324594617,0.0597945191,0.91847229,-0.0483130515,-0.0165815316,0.0193082802
0.410928947,3217567.82,0,0,0.010229032,1.03139319e-05,7.73310167e-05,0.235564075,0,1,0.817520559,-0.0520039126,-0.00453751488,0.573528647,0.201564312,-0.0109219002,0.542631805,0,-0,-0,0.0441195332,0.0756400228,-0.0287382156,0.183044225,-0.119298249,0.101870462,-0.515591383,0.0282157063,0.0133609464,0.669847369,-0.320414752,-0.0489455052,-0.0732540265,0.0693226904,0.0118599543,0.189844668,0.264027536,0.00835646968,0.894251704,0.158163145,-0.0218964405,-0.0197593328,0.4196091,-0.26556626,0.0653857291,0.989418507,-0.0709730089,0.00282072835,0.0218626726,-0.190757662,-0.0359167568,0.385000706,0.103909202,0.481967479,0.474116921,0.303242743,0.0800698325,-0.272685021,-0.15832974,-0.130663306,0.0499706008,0.413160771,-0.11270912,0.0739426687,0.248551235,0.311452687,-0.143523127,-1.33470321,0.00561335636,-0.173845857,-0.0606186651,-0.192710534,0.193294525,0.223065346,-0.04329307,0.810304701,0.00872349832,-0.0831413195,-0.180570513,0.0340420417,-0.0104393642,0.133273542,0.058274284,0.167188898,-0.326130986,0.088218227,-0.0215319097,0.714348912,-0.323374957,-0.0404641367,-0.0151942931,0.128588125,0.0830542445,0.309435457,0.343716443,0.0464998335,0.871803284,0.150013551,-0.0160795283,0.00547199138,0.27614671,-0.324594617,0.0597945191,0.91847229,-0.0483130515,-0.0165815316,0.0193082802,-0.180570513,0.0340420417,-0.0104393642,0.133273542,0.058274284,0.167188898,-0.326130986,0.088218227,-0.0215319097,0.714348912,-0.323374957,-0.0404641367,-0.0151942931,0.128588125,0.0830542445,0.309435457,0.343716443,0.0464998335,0.871803284,0.150013551,-0.0160795283,0.00547199138,0.27614671,-0.324594617,0.0597945191,0.91847229,-0.0483130515,-0.0165815316,0.0193082802,-0.180570513,0.0340420417,-0.0104393642,0.133273542,0.058274284,0.167188898,-0.326130986,0.088218227,-0.0215319097,0.714348912,-0.323374957,-0.0404641367,-0.0151942931,0.128588125,0.0830542445,0.309435457,0.343716443,0.0464998335,0.871803284,0.150013551,-0.0160795283,0.00547199138,0.27614671,-0.324594617,0.0597945191,0.91847229,-0.0483130515,-0.0165815316,0.0193082802
0.420929728,3217567.83,0,0,0.000224526972,1.01439655e-05,0.00060117658,0.237822998,0.0708563551,1,0.816304505,-0.0512860045,-0.00390587095,0.575327277,0.235892832,0.00741904089,0.555192173,0,-0,-0,0.0422909856,0.075130567,-0.0261278264,0.184294909,-0.115687527,0.105351545,-0.512213886,0.0289736856,0.0109038064,0.668834805,-0.321322203,-0.048609674,-0.0698617026,0.0681541264,0.0122362515,0.191847444,0.266244084,0.00770124467,0.883969069,0.158167735,-0.0231622029,-0.0199391227,0.417015016,-0.264196068,0.0670577735,0.988655269,-0.0650226548,0.00277428818,0.0214899573,-0.247324556,-0.080009833,0.28654936,0.181258783,0.435675651,0.411922783,0.495132804,0.105923444,-0.322399706,-0.107466087,-0.0988411605,0.0369913988,0.427810848,-0.164282233,0.0326416641,0.246871725,0.259111404,-0.0545984507,-1.24229908,-0.00222015264,-0.157220811,0.00411653332,-0.402827442,0.157726154,0.197287753,-0.126525983,0.688946545,-0.0146053564,-0.0304611549,-0.180570513,0.0340420417,-0.0104393642,0.133273542,0.058274284,0.167188898,-0.326130986,0.088218227,-0.0215319097,0.714348912,-0.323374957,-0.0404641367,-0.0151942931,0.128588125,0.0830542445,0.309435457,0.343716443,0.0464998335,0.871803284,0.150013551,-0.0160795283,0.00547199138,0.27614671,-0.324594617,0.0597945191,0.91847229,-0.0483130515,-0.0165815316,0.0193082802,-0.109714158,0.0825816393,-0.0197575875,0.162229031,0.0544100851,0.15878886,-0.370396078,0.0610321872,-0.0196932927,0.704619527,-0.339273214,-0.0444386713,-0.0163274407,0.113427654,0.057198178,0.327001989,0.336743593,0.0550478771,0.862990439,0.154370233,-0.0105229653,0.00594808813,0.28894484,-0.326173663,0.0610225983,0.916555166,-0.0461377949,-0.0195387602,0.0288224183,-0.109714158,0.0825816393,-0.0197575875,0.162229031,0.0544100851,0.15878886,-0.370396078,0.0610321872,-0.0196932927,0.704619527,-0.339273214,-0.0444386713,-0.0163274407,0.113427654,0.057198178,0.327001989,0.336743593,0.0550478771,0.862990439,0.154370233,-0.0105229653,0.00594808813,0.28894484,-0.326173663,0.0610225983,0.916555166,-0.0461377949,-0.0195387602,0.0288224183
0.430940795,3217567.84,0,0,0.0102355937,4.17372212e-06,0.0019701377,0.237822998,0,1,0.814720452,-0.0503144674,-0.00301125948,0.57765907,0.236980259,0.00315150782,0.577417016,0,-0,-0,0.0396832265,0.0741719976,-0.0241180435,0.18637678,-0.111665629,0.108677179,-0.505744457,0.0303159002,0.00733401952,0.668134868,-0.322650999,-0.0482793599,-0.0657308549,0.066343911,0.0123980287,0.19426842,0.268415421,0.0077296868,0.872583091,0.158123761,-0.0247702431,-0.0193664972,0.411471605,-0.263009608,0.0687038898,0.986660421,-0.0595089495,0.00235451572,0.0216904301,-0.261794716,-0.0817143098,0.150425807,0.239224926,0.358219594,0.230807856,0.75120151,0.144442424,-0.435167432,-0.0559980497,-0.243762866,0.0256429035,0.394708097,-0.171981901,0.00925416779,0.268035322,0.1709892,0.076217033,-1.12216783,-0.00208882452,-0.123327978,0.0789451823,-0.644783556,0.0798087344,0.143731385,-0.267368287,0.476221889,-0.076170519,0.106512427,-0.109714158,0.0825816393,-0.0197575875,0.162229031,0.0544100851,0.15878886,-0.370396078,0.0610321872,-0.0196932927,0.704619527,-0.339273214,-0.0444386713,-0.0163274407,0.113427654,0.057198178,0.327001989,0.336743593,0.0550478771,0.862990439,0.154370233,-0.0105229653,0.00594808813,0.28894484,-0.326173663,0.0610225983,0.916555166,-0.0461377949,-0.0195387602,0.0288224183,-0.109714158,0.0825816393,-0.0197575875,0.162229031,0.0544100851,0.15878886,-0.370396078,0.0610321872,-0.0196932927,0.704619527,-0.339273214,-0.0444386713,-0.0163274407,0.113427654,0.057198178,0.327001989,0.336743593,0.0550478771,0.862990439,0.154370233,-0.0105229653,0.00594808813,0.28894484,-0.326173663,0.0610225983,0.916555166,-0.0461377949,-0.0195387602,0.0288224183,-0.109714158,0.0825816393,-0.0197575875,0.162229031,0.0544100851,0.15878886,-0.370396078,0.0610321872,-0.0196932927,0.704619527,-0.339273214,-0.0444386713,-0.0163274407,0.113427654,0.057198178,0.327001989,0.336743593,0.0550478771,0.862990439,0.154370233,-0.0105229653,0.00594808813,0.28894484,-0.326173663,0.0610225983,0.916555166,-0.0461377949,-0.0195387602,0.0288224183
0.441929525,3217567.85,0,0,0.00117263291,1.09570101e-05,0.00485368306,0.292385928,0.0789688081,1,0.812851965,-0.0492382757,-0.00204602466,0.580381811,0.222526908,0.00852997042,0.544750929,0,-0,-0,0.0367119946,0.0734235644,-0.0231244843,0.189421818,-0.108276166,0.110073753,-0.494998276,0.0325050615,0.00115914608,0.667769849,-0.326249808,-0.0480776429,-0.0610766783,0.0643976852,0.0120648826,0.198081151,0.26957649,0.0101099322,0.859821856,0.158127204,-0.0256926361,-0.0180320162,0.402087063,-0.262647748,0.0697222799,0.98213768,-0.0551928282,0.000771819905,0.0241662674,-0.242585972,-0.0576481186,0.0576717481,0.252893537,0.253478765,0.0803799108,0.950243533,0.2029109,-0.533049107,-0.0201063883,-0.291616321,0.0141444737,0.389768124,-0.161019623,-0.0511477962,0.33641091,0.0682037473,0.244344845,-1.02558279,0.00073904614,-0.0658959895,0.126484171,-0.838659167,0.0110222958,0.0601973124,-0.419571906,0.309006572,-0.152912274,0.234608129,-0.0307453498,0.138635039,-0.0317592546,0.191965133,0.0453666151,0.141460091,-0.422084987,0.0260910206,-0.0141841397,0.689837217,-0.347747952,-0.0546503626,-0.0225127377,0.111364707,0.0351530984,0.326389879,0.325909615,0.065679647,0.850787997,0.160759449,-0.0104728173,0.00669879653,0.303248107,-0.326592445,0.0589154996,0.915081561,-0.0517116189,-0.0207990184,0.0396039523,-0.0307453498,0.138635039,-0.0317592546,0.191965133,0.0453666151,0.141460091,-0.422084987,0.0260910206,-0.0141841397,0.689837217,-0.347747952,-0.0546503626,-0.0225127377,0.111364707,0.0351530984,0.326389879,0.325909615,0.065679647,0.850787997,0.160759449,-0.0104728173,0.00669879653,0.303248107,-0.326592445,0.0589154996,0.915081561,-0.0517116189,-0.0207990184,0.0396039523,-0.0307453498,0.138635039,-0.0317592546,0.191965133,0.0453666151,0.141460091,-0.422084987,0.0260910206,-0.0141841397,0.689837217,-0.347747952,-0.0546503626,-0.0225127377,0.111364707,0.0351530984,0.326389879,0.325909615,0.065679647,0.850787997,0.160759449,-0.0104728173,0.00669879653,0.303248107,-0.326592445,0.0589154996,0.915081561,-0.0517116189,-0.0207990184,0.0396039523
0.452918694,3217567.86,0,0,0.012161802,6.58771023e-06,0.00955499243,0.292385928,0,1,0.811395764,-0.0484552383,-0.00118466525,0.582484007,0.189435259,0.00984149799,0.514150679,0,-0,-0,0.0344309844,0.0730522573,-0.022888355,0.191782832,-0.106503673,0.109717846,-0.484276503,0.0350195393,-0.00437721377,0.667590201,-0.32888943,-0.0481475107,-0.0574626252,0.0628997087,0.0108332792,0.201949149,0.26959601,0.0137089984,0.85103637,0.158271015,-0.0263652541,-0.0164708588,0.392245144,-0.263189316,0.0700018927,0.976954937,-0.0534172133,-0.0010682866,0.0270705372,-0.197883576,-0.000353559502,0.0101932092,0.247025505,0.116359077,-0.154557616,1.15652239,0.255665153,-0.627471566,-0.0357784219,-0.296634585,-0.0319426358,0.317180037,-0.120975532,-0.120324396,0.428379744,-0.0482935831,0.457175314,-0.844437003,0.0329570472,-0.0447728485,0.15508911,-1.06033599,-0.10275051,0.0175987948,-0.588251054,0.110969283,-0.201487347,0.388760388,-0.0307453498,0.138635039,-0.0317592546,0.191965133,0.0453666151,0.141460091,-0.422084987,0.0260910206,-0.0141841397,0.689837217,-0.347747952,-0.0546503626,-0.0225127377,0.111364707,0.0351530984,0.326389879,0.325909615,0.065679647,0.850787997,0.160759449,-0.0104728173,0.00669879653,0.303248107,-0.326592445,0.0589154996,0.915081561,-0.0517116189,-0.0207990184,0.0396039523,-0.0307453498,0.138635039,-0.0317592546,0.191965133,0.0453666151,0.141460091,-0.422084987,0.0260910206,-0.0141841397,0.689837217,-0.347747952,-0.0546503626,-0.0225127377,0.111364707,0.0351530984,0.326389879,0.325909615,0.065679647,0.850787997,0.160759449,-0.0104728173,0.00669879653,0.303248107,-0.326592445,0.0589154996,0.915081561,-0.0517116189,-0.0207990184,0.0396039523,-0.0307453498,0.138635039,-0.0317592546,0.191965133,0.0453666151,0.141460091,-0.422084987,0.0260910206,-0.0141841397,0.689837217,-0.347747952,-0.0546503626,-0.0225127377,0.111364707,0.0351530984,0.326389879,0.325909615,0.065679647,0.850787997,0.160759449,-0.0104728173,0.00669879653,0.303248107,-0.326592445,0.0589154996,0.915081561,-0.0517116189,-0.0207990184,0.0396039523
0.462927465,3217567.87,0,0,0.00226129871,7.03567639e-06,0.0156859066,0.210094266,0.0655301362,1,0.811111271,-0.0483123921,-0.00104393973,0.582892239,0.184572637,0.0108602177,0.503616512,0,-0,-0,0.0340555385,0.0730694011,-0.0228764955,0.192268118,-0.106321529,0.109347418,-0.481918663,0.0355391428,-0.0056610154,0.667525411,-0.32948795,-0.0482143871,-0.0568493828,0.0626706257,0.0105635962,0.202845126,0.269464165,0.0146906767,0.849398851,0.158338368,-0.0264377408,-0.0161565803,0.390062034,-0.263435692,0.0700305477,0.975722134,-0.0532399677,-0.00148626266,0.0279068314,-0.187723488,0.00857232697,0.00593020115,0.24263595,0.0910744295,-0.185216695,1.17892396,0.259803087,-0.641900837,-0.0323933661,-0.299270749,-0.0334372632,0.306621194,-0.114541501,-0.13484174,0.447985679,-0.0659208298,0.490838975,-0.818756461,0.0336780846,-0.0362435281,0.157139495,-1.09155905,-0.123184316,0.0143294698,-0.616398215,0.0886228681,-0.208987981,0.418147206,0.0347847864,0.177774444,-0.0409610309,0.218679473,0.0361308604,0.112958945,-0.460481405,-0.00341675431,-0.00573643483,0.657834411,-0.33689183,-0.0697950125,-0.0313869789,0.118146174,0.0219279379,0.312303603,0.312956244,0.0783874094,0.838531911,0.164107755,-0.0174887311,0.0090416763,0.32101953,-0.325300068,0.0538528003,0.918386161,-0.059541367,-0.0182112418,0.0452612825,0.0347847864,0.177774444,-0.0409610309,0.218679473,0.0361308604,0.112958945,-0.460481405,-0.00341675431,-0.00573643483,0.657834411,-0.33689183,-0.0697950125,-0.0313869789,0.118146174,0.0219279379,0.312303603,0.312956244,0.0783874094,0.838531911,0.164107755,-0.0174887311,0.0090416763,0.32101953,-0.325300068,0.0538528003,0.918386161,-0.059541367,-0.0182112418,0.0452612825,0.0347847864,0.177774444,-0.0409610309,0.218679473,0.0361308604,0.112958945,-0.460481405,-0.00341675431,-0.00573643483,0.657834411,-0.33689183,-0.0697950125,-0.0313869789,0.118146174,0.0219279379,0.312303603,0.312956244,0.0783874094,0.838531911,0.164107755,-0.0174887311,0.0090416763,0.32101953,-0.325300068,0.0538528003,0.918386161,-0.059541367,-0.0182112418,0.0452612825
0.473966295,3217567.88,0,0,0.0133001287,8.44476745e-06,0.0247269794,0.210094266,0,1,0.808655202,-0.0471374877,0.000565896335,0.586391091,0.133535519,0.0230375398,0.435442328,0,-0,-0,0.0310159642,0.0737236664,-0.0231194235,0.196083426,-0.106546164,0.102958612,-0.456533968,0.0414786749,-0.0179103613,0.665804207,-0.333681434,-0.049883537,-0.0512730852,0.0606905147,0.00541851018,0.213292167,0.266795397,0.0268440824,0.837302327,0.158915177,-0.0268145557,-0.0124950781,0.365287989,-0.267686933,0.0701001957,0.96140331,-0.0528139174,-0.00608099019,0.0367301516,-0.107408337,0.105651975,-0.0450675823,0.199462488,-0.0810906217,-0.691421986,1.44853055,0.32429406,-0.609354913,-0.360387087,-0.0693971962,-0.294835359,0.179312959,-0.0407328568,-0.279721856,0.556161463,-0.216984734,0.749208033,-0.404150069,0.0609574579,-0.0244301893,0.19999367,-1.36951244,-0.286568612,-0.0102118887,-0.774917483,-0.0380690508,-0.211099997,0.424387991,0.0347847864,0.177774444,-0.0409610309,0.218679473,0.0361308604,0.112958945,-0.460481405,-0.00341675431,-0.00573643483,0.657834411,-0.33689183,-0.0697950125,-0.0313869789,0.118146174,0.0219279379,0.312303603,0.312956244,0.0783874094,0.838531911,0.164107755,-0.0174887311,0.0090416763,0.32101953,-0.325300068,0.0538528003,0.918386161,-0.059541367,-0.0182112418,0.0452612825,0.0347847864,0.177774444,-0.0409610309,0.218679473,0.0361308604,0.112958945,-0.460481405,-0.00341675431,-0.00573643483,0.657834411,-0.33689183,-0.0697950125,-0.0313869789,0.118146174,0.0219279379,0.312303603,0.312956244,0.0783874094,0.838531911,0.164107755,-0.0174887311,0.0090416763,0.32101953,-0.325300068,0.0538528003,0.918386161,-0.059541367,-0.0182112418,0.0452612825,0.0347847864,0.177774444,-0.0409610309,0.218679473,0.0361308604,0.112958945,-0.460481405,-0.00341675431,-0.00573643483,0.657834411,-0.33689183,-0.0697950125,-0.0313869789,0.118146174,0.0219279379,0.312303603,0.312956244,0.0783874094,0.838531911,0.164107755,-0.0174887311,0.0090416763,0.32101953,-0.325300068,0.0538528003,0.918386161,-0.059541367,-0.0182112418,0.0452612825
0.485046475,3217567.89,0,0,0.00436654314,9.51020047e-06,0.036393594,0.222181901,0.0656788349,1,0.807287514,-0.0466790646,0.00144511776,0.588307559,0.161224231,0.100880392,0.351040751,0,-0,-0,0.0295843277,0.0749609321,-0.0240160376,0.19846496,-0.108603038,0.094643414,-0.439102083,0.0455477536,-0.0236922465,0.660126626,-0.334014773,-0.0531627573,-0.0492276475,0.060306903,0.00101982628,0.22005637,0.263881713,0.0361346789,0.834470153,0.159559175,-0.0269980095,-0.00988962036,0.348380893,-0.271456897,0.069694005,0.95206368,-0.0535695292,-0.00834365562,0.0408083983,-0.134042293,0.0754571781,-0.0768638998,0.178924873,-0.228248194,-0.625209808,1.39867032,0.339435369,-0.361589342,-0.46022585,-0.0116737373,-0.226706192,0.195824549,-0.0516147465,-0.447167873,0.571682155,-0.239645839,0.758657396,-0.128784895,0.0377646424,-0.00488173123,0.229454026,-1.42447531,-0.322942168,-0.0509490483,-0.769643128,-0.0672399178,-0.179771885,0.271015048,0.0883977488,0.196296021,-0.0453910902,0.247296095,0.033386454,0.0787742808,-0.481106997,-0.0277635269,0.00355923083,0.592155576,-0.305244803,-0.0855117962,-0.0400553793,0.123215839,0.0231899805,0.291772902,0.29973793,0.0895758569,0.826003432,0.162654728,-0.0306718256,0.0148712536,0.343353361,-0.322587609,0.041730132,0.927178264,-0.065821223,-0.012299669,0.0424305275,0.0883977488,0.196296021,-0.0453910902,0.247296095,0.033386454,0.0787742808,-0.481106997,-0.0277635269,0.00355923083,0.592155576,-0.305244803,-0.0855117962,-0.0400553793,0.123215839,0.0231899805,0.291772902,0.29973793,0.0895758569,0.826003432,0.162654728,-0.0306718256,0.0148712536,0.343353361,-0.322587609,0.041730132,0.927178264,-0.065821223,-0.012299669,0.0424305275,0.0883977488,0.196296021,-0.0453910902,0.247296095,0.033386454,0.0787742808,-0.481106997,-0.0277635269,0.00355923083,0.592155576,-0.305244803,-0.0855117962,-0.0400553793,0.123215839,0.0231899805,0.291772902,0.29973793,0.0895758569,0.826003432,0.162654728,-0.0306718256,0.0148712536,0.343353361,-0.322587609,0.041730132,0.927178264,-0.065821223,-0.012299669,0.0424305275
0.495476293,3217567.9,0,0,0.0147963609,7.37793744e-06,0.0498689227,0.222181901,0,1,0.806289077,-0.0463844053,0.00174148497,0.589697719,0.0741291344,-0.0315093286,0.456090957,0,-0,-0,0.0289379396,0.076347433,-0.0247705597,0.20069921,-0.110588193,0.0862324014,-0.425197095,0.0482295677,-0.0267832875,0.650090694,-0.329804033,-0.0566788204,-0.0485208146,0.0605934188,-0.00154788361,0.224228635,0.261421055,0.0426472872,0.834293008,0.159883246,-0.0270163789,-0.00783479214,0.336690009,-0.273881525,0.0677456334,0.946107388,-0.0549184717,-0.00932838023,0.042181395,-0.0662488267,0.198507309,-0.0986097753,0.321864128,-0.26525256,-1.19113624,1.86713147,0.322570771,-0.367331117,-1.6048038,0.702689886,-0.504097402,0.0510807745,0.0582683459,-0.285220563,0.503702104,-0.332360655,0.831737399,0.0342336036,0.0349100493,-0.00061262137,0.271220207,-1.46994019,-0.288404882,-0.338322639,-0.725805759,-0.212690666,-0.0951926783,0.120214343,0.0883977488,0.196296021,-0.0453910902,0.247296095,0.033386454,0.0787742808,-0.481106997,-0.0277635269,0.00355923083,0.592155576,-0.305244803,-0.0855117962,-0.0400553793,0.123215839,0.0231899805,0.291772902,0.29973793,0.0895758569,0.826003432,0.162654728,-0.0306718256,0.0148712536,0.343353361,-0.322587609,0.041730132,0.927178264,-0.065821223,-0.012299669,0.0424305275,0.0883977488,0.196296021,-0.0453910902,0.247296095,0.033386454,0.0787742808,-0.481106997,-0.0277635269,0.00355923083,0.592155576,-0.305244803,-0.0855117962,-0.0400553793,0.123215839,0.0231899805,0.291772902,0.29973793,0.0895758569,0.826003432,0.162654728,-0.0306718256,0.0148712536,0.343353361,-0.322587609,0.041730132,0.927178264,-0.065821223,-0.012299669,0.0424305275,0.0883977488,0.196296021,-0.0453910902,0.247296095,0.033386454,0.0787742808,-0.481106997,-0.0277635269,0.00355923083,0.592155576,-0.305244803,-0.0855117962,-0.0400553793,0.123215839,0.0231899805,0.291772902,0.29973793,0.0895758569,0.826003432,0.162654728,-0.0306718256,0.0148712536,0.343353361,-0.322587609,0.041730132,0.927178264,-0.065821223,-0.012299669,0.0424305275
0.50591493,3217567.91,0,0,0.00526973186,4.09362838e-06,0.0658444986,0.189886894,0.0790142417,1,0.805104077,-0.0459252819,0.00231402763,0.59134841,0.177414432,0.0702483207,0.369152844,0,-0,-0,0.0277846642,0.0776761919,-0.0255204253,0.204119653,-0.11381308,0.075541988,-0.407125473,0.0508169346,-0.0289317891,0.632464945,-0.324104667,-0.0609143265,-0.047611475,0.0606166571,-0.00533824414,0.229364857,0.258130431,0.0507831834,0.835474372,0.160096273,-0.0269303694,-0.0049648257,0.322388321,-0.276475549,0.0634163842,0.939308703,-0.0572030842,-0.010008214,0.0428239517,-0.151703194,0.078069143,-0.0529589467,0.341555476,-0.354762346,-0.975109994,1.71848273,0.200584158,-0.126378894,-1.76044178,0.460026085,-0.371349752,0.133399189,-0.046145007,-0.451857537,0.521278977,-0.317969412,0.790132582,0.166013867,0.0143786613,0.0204187501,0.294133395,-1.39731026,-0.243540719,-0.471285045,-0.649123728,-0.223379821,-0.0570856109,0.0385191999,0.119265892,0.193049714,-0.0456208885,0.274279565,0.0338314921,0.0537904762,-0.483195722,-0.0352174751,0.0102379275,0.513141334,-0.258265942,-0.097091049,-0.045516897,0.127975896,0.0346492678,0.27014026,0.292259902,0.0961012393,0.811268628,0.155363366,-0.0439489894,0.0240911357,0.364297867,-0.321370572,0.0230593383,0.939687431,-0.0722241923,-0.00551833771,0.031044649,0.119265892,0.193049714,-0.0456208885,0.274279565,0.0338314921,0.0537904762,-0.483195722,-0.0352174751,0.0102379275,0.513141334,-0.258265942,-0.097091049,-0.045516897,0.127975896,0.0346492678,0.27014026,0.292259902,0.0961012393,0.811268628,0.155363366,-0.0439489894,0.0240911357,0.364297867,-0.321370572,0.0230593383,0.939687431,-0.0722241923,-0.00551833771,0.031044649,0.119265892,0.193049714,-0.0456208885,0.274279565,0.0338314921,0.0537904762,-0.483195722,-0.0352174751,0.0102379275,0.513141334,-0.258265942,-0.097091049,-0.045516897,0.127975896,0.0346492678,0.27014026,0.292259902,0.0961012393,0.811268628,0.155363366,-0.0439489894,0.0240911357,0.364297867,-0.321370572,0.0230593383,0.939687431,-0.0722241923,-0.00551833771,0.031044649
0.517912767,3217567.93,0,0,0.017267569,1.0185875e-05,0.0873099342,0.189886894,0,1,0.803789675,-0.0452558994,0.00263857935,0.593183875,0.148446724,-0.0519133992,0.467855424,0,-0,-0,0.0265687797,0.079046458,-0.0260578264,0.209206939,-0.11767339,0.0628372505,-0.38615036,0.0525620356,-0.0296498593,0.60440743,-0.310877085,-0.0663622245,-0.0469235517,0.0607367083,-0.00827098917,0.233572543,0.254521042,0.058343742,0.838320374,0.160131097,-0.0267841257,-0.00131900073,0.308688253,-0.278305084,0.0560097657,0.933787584,-0.0602964573,-0.0103163179,0.041546721,-0.148476169,0.120424643,-0.0423408076,0.584512234,-0.413552701,-1.30654776,2.17213678,0.125944331,-0.00673387479,-3.17835402,1.49802256,-0.561503589,0.0697648898,-0.000288325042,-0.280053049,0.391130537,-0.366978139,0.724661171,0.335157722,-0.00298887305,0.0178652909,0.396661699,-1.32672203,-0.149797067,-0.853277683,-0.492105275,-0.333592594,-0.0190318748,-0.211897612,0.119265892,0.193049714,-0.0456208885,0.274279565,0.0338314921,0.0537904762,-0.483195722,-0.0352174751,0.0102379275,0.513141334,-0.258265942,-0.097091049,-0.045516897,0.127975896,0.0346492678,0.27014026,0.292259902,0.0961012393,0.811268628,0.155363366,-0.0439489894,0.0240911357,0.364297867,-0.321370572,0.0230593383,0.939687431,-0.0722241923,-0.00551833771,0.031044649,0.119265892,0.193049714,-0.0456208885,0.274279565,0.0338314921,0.0537904762,-0.483195722,-0.0352174751,0.0102379275,0.513141334,-0.258265942,-0.097091049,-0.045516897,0.127975896,0.0346492678,0.27014026,0.292259902,0.0961012393,0.811268628,0.155363366,-0.0439489894,0.0240911357,0.364297867,-0.321370572,0.0230593383,0.939687431,-0.0722241923,-0.00551833771,0.031044649,0.119265892,0.193049714,-0.0456208885,0.274279565,0.0338314921,0.0537904762,-0.483195722,-0.0352174751,0.0102379275,0.513141334,-0.258265942,-0.097091049,-0.045516897,0.127975896,0.0346492678,0.27014026,0.292259902,0.0961012393,0.811268628,0.155363366,-0.0439489894,0.0240911357,0.364297867,-0.321370572,0.0230593383,0.939687431,-0.0722241923,-0.00551833771,0.031044649
0.52793795,3217567.94,0,0,0.00718840398,1.17081217e-05,0.107771724,0.285561197,0.0572729707,1,0.802455604,-0.0439097546,0.00438320311,0.595077932,0.367500991,0.101998113,0.293247312,0,-0,-0,0.0228828862,0.0783409849,-0.0261287577,0.217520654,-0.124123849,0.0481918566,-0.360678077,0.0522997081,-0.0260629747,0.56392473,-0.296550453,-0.0723046884,-0.0438476242,0.0584966429,-0.0143608144,0.239393905,0.250182509,0.0671867281,0.843113244,0.159563005,-0.0260202195,0.00447883504,0.292005926,-0.279887557,0.044031512,0.928228915,-0.0642505214,-0.0104487129,0.0376661345,-0.29876855,-0.136259243,0.0164224338,0.62124455,-0.487373501,-0.976896882,1.67176163,-0.126511216,0.380313009,-2.81550813,1.13487303,-0.439247489,0.27074334,-0.239119232,-0.443674594,0.410238028,-0.270413458,0.541610956,0.34730801,-0.117329501,0.07998842,0.444374561,-1.11956584,-0.0902402624,-0.879714787,-0.3248384,-0.265800178,-0.00493855355,-0.329519182,0.117476858,0.171846017,-0.040735025,0.289996117,0.0265498161,0.0439195298,-0.461914152,-0.0313854106,0.0146292271,0.455868363,-0.207907915,-0.106746741,-0.0470745713,0.132012919,0.0403308906,0.254970461,0.296940684,0.0984674394,0.798861027,0.143614739,-0.0517610498,0.03475013,0.377885789,-0.322037399,0.00223930366,0.949296713,-0.0783024058,-0.00194416917,0.0214682836,0.117476858,0.171846017,-0.040735025,0.289996117,0.0265498161,0.0439195298,-0.461914152,-0.0313854106,0.0146292271,0.455868363,-0.207907915,-0.106746741,-0.0470745713,0.132012919,0.0403308906,0.254970461,0.296940684,0.0984674394,0.798861027,0.143614739,-0.0517610498,0.03475013,0.377885789,-0.322037399,0.00223930366,0.949296713,-0.0783024058,-0.00194416917,0.0214682836,0.117476858,0.171846017,-0.040735025,0.289996117,0.0265498161,0.0439195298,-0.461914152,-0.0313854106,0.0146292271,0.455868363,-0.207907915,-0.106746741,-0.0470745713,0.132012919,0.0403308906,0.254970461,0.296940684,0.0984674394,0.798861027,0.143614739,-0.0517610498,0.03475013,0.377885789,-0.322037399,0.00223930366,0.949296713,-0.0783024058,-0.00194416917,0.0214682836
0.538941355,3217567.95,0,0,0.0181918088,8.79913568e-06,0.132813156,0.285561197,0,1,0.801884115,-0.0431075208,0.00518099172,0.59589994,0.373604894,0.0335385129,0.35626334,0,-0,-0,0.0211537201,0.0775346532,-0.0260598846,0.221749604,-0.127245188,0.0419974625,-0.350017935,0.0511820205,-0.0238266084,0.545208335,-0.286269426,-0.0755635574,-0.0425836071,0.057138741,-0.0163671523,0.241639361,0.248663634,0.0698643103,0.845280886,0.158148393,-0.0254650861,0.00744096143,0.285464466,-0.280300438,0.0381533764,0.926617742,-0.0660706982,-0.0104668736,0.0352991559,-0.293811977,-0.148248494,0.0110335918,0.73126018,-0.534243941,-1.02806497,1.77763498,-0.221036091,0.384720683,-3.17802882,1.8392998,-0.555606723,0.199171826,-0.234512135,-0.308444172,0.365377456,-0.241092741,0.404822439,0.36236456,-0.283868492,0.099994652,0.508398473,-1.06597507,-0.0602527782,-1.00933564,-0.243192986,-0.312209427,-0.0022583243,-0.416842252,0.117476858,0.171846017,-0.040735025,0.289996117,0.0265498161,0.0439195298,-0.461914152,-0.0313854106,0.0146292271,0.455868363,-0.207907915,-0.106746741,-0.0470745713,0.132012919,0.0403308906,0.254970461,0.296940684,0.0984674394,0.798861027,0.143614739,-0.0517610498,0.03475013,0.377885789,-0.322037399,0.00223930366,0.949296713,-0.0783024058,-0.00194416917,0.0214682836,0.117476858,0.171846017,-0.040735025,0.289996117,0.0265498161,0.0439195298,-0.461914152,-0.0313854106,0.0146292271,0.455868363,-0.207907915,-0.106746741,-0.0470745713,0.132012919,0.0403308906,0.254970461,0.296940684,0.0984674394,0.798861027,0.143614739,-0.0517610498,0.03475013,0.377885789,-0.322037399,0.00223930366,0.949296713,-0.0783024058,-0.00194416917,0.0214682836,0.117476858,0.171846017,-0.040735025,0.289996117,0.0265498161,0.0439195298,-0.461914152,-0.0313854106,0.0146292271,0.455868363,-0.207907915,-0.106746741,-0.0470745713,0.132012919,0.0403308906,0.254970461,0.296940684,0.0984674394,0.798861027,0.143614739,-0.0517610498,0.03475013,0.377885789,-0.322037399,0.00223930366,0.949296713,-0.0783024058,-0.00194416917,0.0214682836
0.549929358,3217567.96,0,0,0.00926740514,9.91905108e-06,0.160412312,0.205185264,0.0598701537,1,0.800522089,-0.0403172411,0.00804083608,0.59789145,0.552039802,0.0189435314,0.373503149,0,-0,-0,0.0156882592,0.0730569437,-0.0248833951,0.233892813,-0.136519074,0.0289229658,-0.325379938,0.0447312184,-0.0154290609,0.498153329,-0.257925838,-0.0829386264,-0.0387611762,0.0515944175,-0.0212087967,0.247452796,0.245926306,0.0740794092,0.850615323,0.151346669,-0.0231821705,0.015523144,0.27090624,-0.280977756,0.021935489,0.924129665,-0.0708078593,-0.0104789035,0.0284168422,-0.337132126,-0.371846974,0.121787339,0.836324573,-0.635671198,-0.561778247,1.55898738,-0.555378079,0.61126399,-3.06261086,2.30648088,-0.46614489,0.183983654,-0.412809819,-0.195411563,0.33212322,-0.115564309,0.13292037,0.314019203,-0.560756981,0.186043829,0.506309986,-0.800476253,-0.0243433602,-1.06740093,-0.0949140713,-0.313698918,-0.000610116113,-0.419102192,0.0871666148,0.144624099,-0.0288008489,0.296445698,0.0171385109,0.0543627031,-0.405158669,-0.0432355404,0.0280118454,0.415880591,-0.148037761,-0.111642458,-0.045867756,0.131415784,0.035091497,0.249033138,0.312832803,0.0971137211,0.790921688,0.13270992,-0.0534626245,0.0438024178,0.379415244,-0.325271934,-0.0152228158,0.951315224,-0.0832590759,-0.00198292336,0.0171193145,0.0871666148,0.144624099,-0.0288008489,0.296445698,0.0171385109,0.0543627031,-0.405158669,-0.0432355404,0.0280118454,0.415880591,-0.148037761,-0.111642458,-0.045867756,0.131415784,0.035091497,0.249033138,0.312832803,0.0971137211,0.790921688,0.13270992,-0.0534626245,0.0438024178,0.379415244,-0.325271934,-0.0152228158,0.951315224,-0.0832590759,-0.00198292336,0.0171193145,0.0871666148,0.144624099,-0.0288008489,0.296445698,0.0171385109,0.0543627031,-0.405158669,-0.0432355404,0.0280118454,0.415880591,-0.148037761,-0.111642458,-0.045867756,0.131415784,0.035091497,0.249033138,0.312832803,0.0971137211,0.790921688,0.13270992,-0.0534626245,0.0438024178,0.379415244,-0.325271934,-0.0152228158,0.951315224,-0.0832590759,-0.00198292336,0.0171193145
0.56092576,3217567.97,0,0,0.000251709949,8.7460503e-06,0.190481648,0.213930849,0.0680752695,1,0.800111771,-0.0393810272,0.00881049316,0.598492026,0.610616565,0.0232252069,0.379011869,0,-0,-0,0.0143279042,0.071387209,-0.0241787154,0.237251893,-0.13904354,0.0268933792,-0.319346279,0.0422184579,-0.012799128,0.486245751,-0.248714358,-0.084735252,-0.0380454697,0.0497723706,-0.0219306313,0.248767331,0.245565295,0.0744581446,0.851815701,0.14900133,-0.0223728064,0.017459562,0.267959774,-0.281073362,0.017722439,0.923816442,-0.0720298961,-0.0104814824,0.0268321,-0.342880666,-0.434265673,0.197776869,0.833738804,-0.626285255,-0.494392365,1.47324121,-0.653173923,0.674188793,-2.91221976,2.25313091,-0.437319994,0.183747828,-0.472467035,-0.183463216,0.330005109,-0.0811774731,0.0839256719,0.294368595,-0.589934587,0.207160577,0.473892421,-0.712821901,-0.025519209,-1.03961861,-0.0738919154,-0.298859686,-0.000655194628,-0.386294961,0.0871666148,0.144624099,-0.0288008489,0.296445698,0.0171385109,0.0543627031,-0.405158669,-0.0432355404,0.0280118454,0.415880591,-0.148037761,-0.111642458,-0.045867756,0.131415784,0.035091497,0.249033138,0.312832803,0.0971137211,0.790921688,0.13270992,-0.0534626245,0.0438024178,0.379415244,-0.325271934,-0.0152228158,0.951315224,-0.0832590759,-0.00198292336,0.0171193145,0.0362985954,0.114746809,-0.0123324674,0.296122789,0.0102261454,0.0820188373,-0.337083399,-0.0590949208,0.0494450256,0.390963912,-0.0904155448,-0.104104325,-0.0373531133,0.127615869,0.0188064426,0.247546569,0.336505651,0.0944527686,0.785764813,0.126204431,-0.0538304262,0.0506849401,0.357480168,-0.329424083,-0.0272074658,0.94508487,-0.0878849924,-0.00693057477,0.0173830539,0.0362985954,0.114746809,-0.0123324674,0.296122789,0.0102261454,0.0820188373,-0.337083399,-0.0590949208,0.0494450256,0.390963912,-0.0904155448,-0.104104325,-0.0373531133,0.127615869,0.0188064426,0.247546569,0.336505651,0.0944527686,0.785764813,0.126204431,-0.0538304262,0.0506849401,0.357480168,-0.329424083,-0.0272074658,0.94508487,-0.0878849924,-0.00693057477,0.0173830539
0.570927501,3217567.98,0,0,0.0102534513,9.33138654e-06,0.219808668,0.213930849,0,1,0.79812479,-0.0343852676,0.0126001826,0.601378143,0.903274357,-0.0145219909,0.526438594,0,-0,-0,0.00803176872,0.0616105124,-0.0163181834,0.252958834,-0.149304837,0.0263765603,-0.294699609,0.0288306624,0.00520474929,0.436037868,-0.199776635,-0.0882557333,-0.0351261534,0.0395699106,-0.0239448305,0.252979159,0.245608002,0.0733213201,0.85624212,0.138276502,-0.0179171227,0.0239761751,0.260114908,-0.281331271,0.000454823661,0.923253179,-0.0777095109,-0.0108212279,0.0224604756,-0.444636106,-0.755323946,0.719691336,1.08286989,-0.625057161,0.261179149,1.55776143,-1.00069094,1.45835805,-3.20526695,3.4198761,-0.123945028,0.187528521,-0.774610996,-0.104293294,0.216149926,0.0606304854,-0.166120991,0.261852056,-0.699683666,0.325919449,0.341046542,-0.309498191,-0.0189297386,-1.07884884,-0.0160286203,-0.383664042,-0.0326137617,-0.187119603,0.0362985954,0.114746809,-0.0123324674,0.296122789,0.0102261454,0.0820188373,-0.337083399,-0.0590949208,0.0494450256,0.390963912,-0.0904155448,-0.104104325,-0.0373531133,0.127615869,0.0188064426,0.247546569,0.336505651,0.0944527686,0.785764813,0.126204431,-0.0538304262,0.0506849401,0.357480168,-0.329424083,-0.0272074658,0.94508487,-0.0878849924,-0.00693057477,0.0173830539,0.0362985954,0.114746809,-0.0123324674,0.296122789,0.0102261454,0.0820188373,-0.337083399,-0.0590949208,0.0494450256,0.390963912,-0.0904155448,-0.104104325,-0.0373531133,0.127615869,0.0188064426,0.247546569,0.336505651,0.0944527686,0.785764813,0.126204431,-0.0538304262,0.0506849401,0.357480168,-0.329424083,-0.0272074658,0.94508487,-0.0878849924,-0.00693057477,0.0173830539,0.0362985954,0.114746809,-0.0123324674,0.296122789,0.0102261454,0.0820188373,-0.337083399,-0.0590949208,0.0494450256,0.390963912,-0.0904155448,-0.104104325,-0.0373531133,0.127615869,0.0188064426,0.247546569,0.336505651,0.0944527686,0.785764813,0.126204431,-0.0538304262,0.0506849401,0.357480168,-0.329424083,-0.0272074658,0.94508487,-0.0878849924,-0.00693057477,0.0173830539
0.581918865,3217567.99,0,0,0.00119353691,5.77280298e-06,0.25401774,0.264455099,0.0541284382,1,0.79647249,-0.0298506916,0.0166565143,0.603707731,1.02701211,0.105361976,0.509449422,0,-0,-0,0.00241414085,0.0513415895,-0.00765089365,0.263935328,-0.155539066,0.0274453089,-0.281115025,0.0137974182,0.0202191491,0.410235345,-0.175732777,-0.0903736502,-0.0325033143,0.0293758698,-0.0262794923,0.25593254,0.246250615,0.0722796395,0.859157085,0.131926432,-0.0144054992,0.0265036207,0.258272439,-0.282498509,-0.00924507622,0.923147917,-0.0807007849,-0.0110484241,0.0207219925,-0.448652267,-0.899850488,0.669467866,0.794080019,-0.484791428,0.0277681258,0.891320884,-1.40253878,1.06064677,-1.49991286,1.43795967,-0.180216044,0.213522479,-0.861061156,-0.207610801,0.25766784,0.0408745818,-0.0460163131,0.238296345,-0.420964479,0.264458507,0.137728766,-0.0688584372,-0.161830902,-0.617288947,-0.00399498921,-0.162733287,-0.0118075814,-0.113794878,-0.00473044068,0.0990785658,-0.0001446479,0.299989194,0.00952881575,0.114797495,-0.282954961,-0.0637789816,0.0745239034,0.373568267,-0.0377581418,-0.0880535468,-0.0247933753,0.122903585,-0.00368260406,0.234217465,0.372208208,0.0929541886,0.774533927,0.127976924,-0.0643005371,0.0542574041,0.31040889,-0.331468225,-0.0284442231,0.934957504,-0.0929692388,-0.0192187335,0.0194897316,-0.00473044068,0.0990785658,-0.0001446479,0.299989194,0.00952881575,0.114797495,-0.282954961,-0.0637789816,0.0745239034,0.373568267,-0.0377581418,-0.0880535468,-0.0247933753,0.122903585,-0.00368260406,0.234217465,0.372208208,0.0929541886,0.774533927,0.127976924,-0.0643005371,0.0542574041,0.31040889,-0.331468225,-0.0284442231,0.934957504,-0.0929692388,-0.0192187335,0.0194897316,-0.00473044068,0.0990785658,-0.0001446479,0.299989194,0.00952881575,0.114797495,-0.282954961,-0.0637789816,0.0745239034,0.373568267,-0.0377581418,-0.0880535468,-0.0247933753,0.122903585,-0.00368260406,0.234217465,0.372208208,0.0929541886,0.774533927,0.127976924,-0.0643005371,0.0542574041,0.31040889,-0.331468225,-0.0284442231,0.934957504,-0.0929692388,-0.0192187335,0.0194897316
0.591921548,3217568,0,0,0.0111962198,6.13881275e-06,0.286761284,0.264455099,0,1,0.794962347,-0.0261237975,0.01998909,0.605766356,0.946195483,0.0433349907,0.563836157,0,-0,-0,-0.00136141351,0.042631872,-0.00205965107,0.271063954,-0.16110079,0.0291051492,-0.272584677,-7.99585541e-05,0.0309414752,0.397440821,-0.156906798,-0.0913261101,-0.0305975471,0.021547161,-0.0276624747,0.258239627,0.246673778,0.0714974776,0.861905694,0.128663346,-0.0122851208,0.0272753723,0.25822401,-0.284783304,-0.0138320597,0.923444927,-0.0822257921,-0.0116676232,0.0199929215,-0.343370497,-0.845472813,0.530192077,0.714012384,-0.631777883,0.365052819,0.904562473,-1.3068074,1.27803767,-1.32942379,2.42999291,-0.0063779573,0.200638235,-0.733546317,-0.0852261931,0.192952245,0.0647611842,-0.146023303,0.314348519,-0.271882594,0.169040203,0.0463869423,0.0307792462,-0.260132998,-0.379482716,0.0753375888,-0.187404454,-0.136419609,-0.0458212383,-0.00473044068,0.0990785658,-0.0001446479,0.299989194,0.00952881575,0.114797495,-0.282954961,-0.0637789816,0.0745239034,0.373568267,-0.0377581418,-0.0880535468,-0.0247933753,0.122903585,-0.00368260406,0.234217465,0.372208208,0.0929541886,0.774533927,0.127976924,-0.0643005371,0.0542574041,0.31040889,-0.331468225,-0.0284442231,0.934957504,-0.0929692388,-0.0192187335,0.0194897316,-0.00473044068,0.0990785658,-0.0001446479,0.299989194,0.00952881575,0.114797495,-0.282954961,-0.0637789816,0.0745239034,0.373568267,-0.0377581418,-0.0880535468,-0.0247933753,0.122903585,-0.00368260406,0.234217465,0.372208208,0.0929541886,0.774533927,0.127976924,-0.0643005371,0.0542574041,0.31040889,-0.331468225,-0.0284442231,0.934957504,-0.0929692388,-0.0192187335,0.0194897316,-0.00473044068,0.0990785658,-0.0001446479,0.299989194,0.00952881575,0.114797495,-0.282954961,-0.0637789816,0.0745239034,0.373568267,-0.0377581418,-0.0880535468,-0.0247933753,0.122903585,-0.00368260406,0.234217465,0.372208208,0.0929541886,0.774533927,0.127976924,-0.0643005371,0.0542574041,0.31040889,-0.331468225,-0.0284442231,0.934957504,-0.0929692388,-0.0192187335,0.0194897316
0.601927909,3217568.01,0,0,0.00122698909,9.87714157e-06,0.320854723,0.237470027,0.0529272556,1,0.793250561,-0.0226038806,0.022955047,0.608042479,0.870381951,0.0466879904,0.622725248,0,-0,-0,-0.00465519261,0.0347006805,0.00299660023,0.277914643,-0.167720735,0.0325004682,-0.263688952,-0.0125859687,0.0446937792,0.385482401,-0.133869588,-0.0912343636,-0.028622834,0.0148219299,-0.0282970425,0.260006219,0.247608513,0.0691980198,0.865219295,0.126782924,-0.0110502345,0.0274946541,0.25901714,-0.287686437,-0.0165764932,0.924702644,-0.084237963,-0.0135196103,0.0197454356,-0.32665363,-0.756193399,0.485751241,0.65855062,-0.673204303,0.281634599,0.859808385,-1.22734737,1.38779545,-1.06776655,2.10123897,0.0118117156,0.190648913,-0.632125676,-0.0608473718,0.174016595,0.109332733,-0.279248625,0.33499372,-0.131412238,0.0970802456,0.00928335357,0.111275204,-0.308063477,-0.206474394,0.15482381,-0.201323032,-0.203728303,-0.0150337871,-0.0453269668,0.0731854662,0.0140874367,0.328164577,0.0237641931,0.140690655,-0.230027705,-0.0949174315,0.110898167,0.367537707,0.00695344806,-0.0765263364,-0.0105418898,0.113767266,-0.0349790007,0.222367838,0.405070841,0.0919347405,0.777861178,0.127148911,-0.0773964897,0.0576148927,0.26061973,-0.33420676,-0.0246076677,0.923990786,-0.0984177813,-0.0359483734,0.0261167828,-0.0453269668,0.0731854662,0.0140874367,0.328164577,0.0237641931,0.140690655,-0.230027705,-0.0949174315,0.110898167,0.367537707,0.00695344806,-0.0765263364,-0.0105418898,0.113767266,-0.0349790007,0.222367838,0.405070841,0.0919347405,0.777861178,0.127148911,-0.0773964897,0.0576148927,0.26061973,-0.33420676,-0.0246076677,0.923990786,-0.0984177813,-0.0359483734,0.0261167828,-0.0453269668,0.0731854662,0.0140874367,0.328164577,0.0237641931,0.140690655,-0.230027705,-0.0949174315,0.110898167,0.367537707,0.00695344806,-0.0765263364,-0.0105418898,0.113767266,-0.0349790007,0.222367838,0.405070841,0.0919347405,0.777861178,0.127148911,-0.0773964897,0.0576148927,0.26061973,-0.33420676,-0.0246076677,0.923990786,-0.0984177813,-0.0359483734,0.0261167828
0.611951507,3217568.02,0,0,0.0112505872,9.75420699e-06,0.356141299,0.237470027,0,1,0.791276872,-0.0193699617,0.0259150025,0.610601425,0.873687029,0.0914825201,0.718484163,0,-0,-0,-0.00878213253,0.0272860024,0.00764928991,0.285431504,-0.174934939,0.0365624279,-0.255583018,-0.024746133,0.0591530614,0.37623319,-0.112533465,-0.0901867524,-0.0268078037,0.00869989302,-0.0290319361,0.261479884,0.249196768,0.0655045286,0.868863404,0.125957668,-0.0106920321,0.0273351781,0.260374308,-0.29079175,-0.0178565439,0.926880658,-0.0863629207,-0.0162420943,0.0199484583,-0.537398994,-0.768421054,0.502869904,0.944115937,-0.767028272,0.631029606,0.807334363,-1.19723344,1.67515838,-0.914035022,2.40738273,0.225000307,0.191017643,-0.642808855,-0.076894097,0.0955128297,0.224474505,-0.469726384,0.420280099,-0.0662015453,-0.0331263244,-0.0343549997,0.137512028,-0.299373657,-0.0800226331,0.29055956,-0.252458453,-0.388868213,0.0646561757,-0.0453269668,0.0731854662,0.0140874367,0.328164577,0.0237641931,0.140690655,-0.230027705,-0.0949174315,0.110898167,0.367537707,0.00695344806,-0.0765263364,-0.0105418898,0.113767266,-0.0349790007,0.222367838,0.405070841,0.0919347405,0.777861178,0.127148911,-0.0773964897,0.0576148927,0.26061973,-0.33420676,-0.0246076677,0.923990786,-0.0984177813,-0.0359483734,0.0261167828,-0.0453269668,0.0731854662,0.0140874367,0.328164577,0.0237641931,0.140690655,-0.230027705,-0.0949174315,0.110898167,0.367537707,0.00695344806,-0.0765263364,-0.0105418898,0.113767266,-0.0349790007,0.222367838,0.405070841,0.0919347405,0.777861178,0.127148911,-0.0773964897,0.0576148927,0.26061973,-0.33420676,-0.0246076677,0.923990786,-0.0984177813,-0.0359483734,0.0261167828,-0.0453269668,0.0731854662,0.0140874367,0.328164577,0.0237641931,0.140690655,-0.230027705,-0.0949174315,0.110898167,0.367537707,0.00695344806,-0.0765263364,-0.0105418898,0.113767266,-0.0349790007,0.222367838,0.405070841,0.0919347405,0.777861178,0.127148911,-0.0773964897,0.0576148927,0.26061973,-0.33420676,-0.0246076677,0.923990786,-0.0984177813,-0.0359483734,0.0261167828
0.622942981,3217568.03,0,0,0.00230179867,1.85896643e-05,0.395880312,0.184969045,0.0632739216,1,0.788489461,-0.0156807434,0.0295327567,0.614138663,0.74922806,0.11507725,0.807733893,0,-0,-0,-0.0166300517,0.0189249106,0.0141733484,0.298773587,-0.183898076,0.0431879014,-0.245710731,-0.0371086486,0.0816191509,0.365208477,-0.101398379,-0.0805671141,-0.0244997032,0.00136913091,-0.0297196452,0.261964262,0.252699196,0.0588136949,0.874256253,0.125540167,-0.0118518891,0.0263511073,0.261714458,-0.294013053,-0.0183366928,0.931152165,-0.0894669145,-0.0215661041,0.0212638266,-0.712053895,-0.587082863,0.536851287,1.17296004,-0.734977901,0.43632412,0.828089237,-0.79712832,1.97207797,-0.992711723,-0.723752499,1.38952494,0.191898167,-0.533708513,-0.0482666902,0.0131251225,0.318454683,-0.592160642,0.453755736,-0.0192214921,-0.121796966,-0.114888944,0.0847742409,-0.246066675,-0.0219696332,0.386190832,-0.243757591,-0.434689671,0.128369421,-0.0782081932,0.054101754,0.021075163,0.365527272,0.039843291,0.163466439,-0.172118723,-0.110804632,0.142347664,0.361870766,0.0702273697,-0.0686958209,0.00351240486,0.105777137,-0.0694077834,0.213789284,0.442303479,0.0938361958,0.778302789,0.125632733,-0.0923396125,0.0695573166,0.228362948,-0.337706149,-0.0150517132,0.919217288,-0.103353679,-0.0562651977,0.0314337499,-0.0782081932,0.054101754,0.021075163,0.365527272,0.039843291,0.163466439,-0.172118723,-0.110804632,0.142347664,0.361870766,0.0702273697,-0.0686958209,0.00351240486,0.105777137,-0.0694077834,0.213789284,0.442303479,0.0938361958,0.778302789,0.125632733,-0.0923396125,0.0695573166,0.228362948,-0.337706149,-0.0150517132,0.919217288,-0.103353679,-0.0562651977,0.0314337499,-0.0782081932,0.054101754,0.021075163,0.365527272,0.039843291,0.163466439,-0.172118723,-0.110804632,0.142347664,0.361870766,0.0702273697,-0.0686958209,0.00351240486,0.105777137,-0.0694077834,0.213789284,0.442303479,0.0938361958,0.778302789,0.125632733,-0.0923396125,0.0695573166,0.228362948,-0.337706149,-0.0150517132,0.919217288,-0.103353679,-0.0562651977,0.0314337499
0.633924828,3217568.04,0,0,0.0132836457,6.71297312e-06,0.436384439,0.184969045,0,1,0.785933554,-0.013500941,0.0320296213,0.617333174,0.551163316,0.141129151,0.85107559,0,-0,-0,-0.0253478307,0.0143910674,0.0188786667,0.312940478,-0.191738784,0.0495626368,-0.237249181,-0.0426103584,0.10123197,0.353491724,-0.115797631,-0.0662345067,-0.0220684726,-0.00273829931,-0.0300082732,0.261057526,0.256121516,0.0520386361,0.879687488,0.125423551,-0.0139311841,0.0253099911,0.262184471,-0.29631865,-0.0183383729,0.935656667,-0.0920485333,-0.027165724,0.0230296161,-1.00124991,-0.375480324,0.445771992,1.62377906,-0.802060246,0.788267672,0.8542068,-0.425619423,1.93588018,-1.27519667,-1.70784485,1.40277708,0.300591707,-0.343779087,-0.0138241807,-0.176065788,0.363646358,-0.749893904,0.617167592,-0.00843062624,-0.279297292,-0.0865053013,0.0273148008,-0.220285177,0.0188260954,0.492238939,-0.278876156,-0.681188226,0.216511324,-0.0782081932,0.054101754,0.021075163,0.365527272,0.039843291,0.163466439,-0.172118723,-0.110804632,0.142347664,0.361870766,0.0702273697,-0.0686958209,0.00351240486,0.105777137,-0.0694077834,0.213789284,0.442303479,0.0938361958,0.778302789,0.125632733,-0.0923396125,0.0695573166,0.228362948,-0.337706149,-0.0150517132,0.919217288,-0.103353679,-0.0562651977,0.0314337499,-0.0782081932,0.054101754,0.021075163,0.365527272,0.039843291,0.163466439,-0.172118723,-0.110804632,0.142347664,0.361870766,0.0702273697,-0.0686958209,0.00351240486,0.105777137,-0.0694077834,0.213789284,0.442303479,0.0938361958,0.778302789,0.125632733,-0.0923396125,0.0695573166,0.228362948,-0.337706149,-0.0150517132,0.919217288,-0.103353679,-0.0562651977,0.0314337499,-0.0782081932,0.054101754,0.021075163,0.365527272,0.039843291,0.163466439,-0.172118723,-0.110804632,0.142347664,0.361870766,0.0702273697,-0.0686958209,0.00351240486,0.105777137,-0.0694077834,0.213789284,0.442303479,0.0938361958,0.778302789,0.125632733,-0.0923396125,0.0695573166,0.228362948,-0.337706149,-0.0150517132,0.919217288,-0.103353679,-0.0562651977,0.0314337499
0.644918228,3217568.05,0,0,0.00424835226,6.23008236e-06,0.477421612,0.241398811,0.122655183,1,0.783420742,-0.0119273765,0.0341009088,0.620440841,0.434286535,0.132912114,0.781281054,0,-0,-0,-0.0358500667,0.0116528897,0.0232644938,0.329754561,-0.198650867,0.0565228947,-0.229260892,-0.0461067185,0.117707871,0.340909183,-0.133387819,-0.0535388477,-0.0181706958,-0.00563212484,-0.0297869686,0.25879401,0.259862483,0.0444243252,0.885696054,0.125383109,-0.0169942826,0.0244530234,0.261999696,-0.298218668,-0.0177931786,0.940332174,-0.0946579129,-0.0340601727,0.0253295433,-1.05064785,-0.216310814,0.423569441,1.66676497,-0.605154932,0.628355443,0.749610424,-0.319261938,1.41820133,-1.21320808,-1.71758914,1.18450153,0.439043313,-0.263344437,0.0500002839,-0.236564383,0.374858707,-0.742652476,0.559954941,-0.00150923326,-0.309331059,-0.0884628072,-0.0610834211,-0.166904509,0.0789426044,0.438302696,-0.240625337,-0.660167456,0.229695305,-0.122098304,0.021180667,0.0254860241,0.409383476,0.0552984923,0.172698826,-0.1010722,-0.129461884,0.17729333,0.381201565,0.192882553,-0.0721187741,0.0124787409,0.104911968,-0.10273248,0.226230964,0.485168815,0.103045352,0.787330985,0.122649796,-0.10055045,0.0914676413,0.219451666,-0.339191377,-0.00178949721,0.927812099,-0.103761315,-0.0757609233,0.0349825099,-0.122098304,0.021180667,0.0254860241,0.409383476,0.0552984923,0.172698826,-0.1010722,-0.129461884,0.17729333,0.381201565,0.192882553,-0.0721187741,0.0124787409,0.104911968,-0.10273248,0.226230964,0.485168815,0.103045352,0.787330985,0.122649796,-0.10055045,0.0914676413,0.219451666,-0.339191377,-0.00178949721,0.927812099,-0.103761315,-0.0757609233,0.0349825099,-0.122098304,0.021180667,0.0254860241,0.409383476,0.0552984923,0.172698826,-0.1010722,-0.129461884,0.17729333,0.381201565,0.192882553,-0.0721187741,0.0124787409,0.104911968,-0.10273248,0.226230964,0.485168815,0.103045352,0.787330985,0.122649796,-0.10055045,0.0914676413,0.219451666,-0.339191377,-0.00178949721,0.927812099,-0.103761315,-0.0757609233,0.0349825099
0.654919842,3217568.06,0,0,0.014249966,6.74882904e-06,0.51491642,0.241398811,0,1,0.780901849,-0.0105932187,0.0358646065,0.623533309,0.385457933,0.0937121958,0.803568542,0,-0,-0,-0.0486855209,0.00962739438,0.0261265971,0.35036394,-0.203585297,0.0644321665,-0.222533882,-0.0487868488,0.132123351,0.329542816,-0.147876263,-0.0413155854,-0.0139758522,-0.00832147989,-0.0286824927,0.256165236,0.263813734,0.0370153636,0.89125818,0.125345051,-0.0211329106,0.0243632551,0.259937763,-0.299899608,-0.0148951858,0.94587326,-0.0965492427,-0.0427203216,0.0277042352,-1.35629261,-0.190470919,0.221789539,2.20703459,-0.380100399,0.804660201,0.628138721,-0.2404598,1.42217886,-1.05889022,-1.27302206,1.19435859,0.421575844,-0.28170234,0.166942239,-0.262483358,0.403704166,-0.714064121,0.520772099,-0.00404780451,-0.456160158,0.0314252488,-0.299893469,-0.156074986,0.395416737,0.587736607,-0.157377601,-0.928060472,0.236510873,-0.122098304,0.021180667,0.0254860241,0.409383476,0.0552984923,0.172698826,-0.1010722,-0.129461884,0.17729333,0.381201565,0.192882553,-0.0721187741,0.0124787409,0.104911968,-0.10273248,0.226230964,0.485168815,0.103045352,0.787330985,0.122649796,-0.10055045,0.0914676413,0.219451666,-0.339191377,-0.00178949721,0.927812099,-0.103761315,-0.0757609233,0.0349825099,-0.122098304,0.021180667,0.0254860241,0.409383476,0.0552984923,0.172698826,-0.1010722,-0.129461884,0.17729333,0.381201565,0.192882553,-0.0721187741,0.0124787409,0.104911968,-0.10273248,0.226230964,0.485168815,0.103045352,0.787330985,0.122649796,-0.10055045,0.0914676413,0.219451666,-0.339191377,-0.00178949721,0.927812099,-0.103761315,-0.0757609233,0.0349825099,-0.122098304,0.021180667,0.0254860241,0.409383476,0.0552984923,0.172698826,-0.1010722,-0.129461884,0.17729333,0.381201565,0.192882553,-0.0721187741,0.0124787409,0.104911968,-0.10273248,0.226230964,0.485168815,0.103045352,0.787330985,0.122649796,-0.10055045,0.0914676413,0.219451666,-0.339191377,-0.00178949721,0.927812099,-0.103761315,-0.0757609233,0.0349825099
0.664922105,3217568.07,0,0,0.00424499437,7.63311982e-06,0.552318215,0.219794922,0.0988750309,1,0.778578222,-0.00908858795,0.0371549353,0.626380801,0.358970404,-0.0220112558,0.710967779,0,-0,-0,-0.0616949461,0.00793514121,0.0277259164,0.372213691,-0.205301672,0.0716552138,-0.216801897,-0.0509033911,0.145307496,0.320481211,-0.157811508,-0.0296226442,-0.00950866938,-0.011404926,-0.0260188971,0.253991216,0.267855912,0.0307930131,0.895256937,0.125317112,-0.0257299859,0.0249897465,0.25571534,-0.301036775,-0.010232076,0.951247454,-0.0977434218,-0.0513133779,0.0299370922,-1.2578274,-0.154431,0.117161714,2.16150594,-0.0395266674,0.678024113,0.537579656,-0.191403672,1.25054431,-0.804505408,-0.801248968,1.17906153,0.461854488,-0.323431104,0.331790894,-0.182383955,0.403285891,-0.557830274,0.3123869,-0.00205003168,-0.457940876,0.0814850479,-0.50148505,-0.0858007222,0.507211685,0.495722473,-0.0952685177,-0.804482639,0.213928953,-0.177897274,-0.00460885279,0.027942704,0.438504398,0.0430163741,0.164317936,-0.0474029891,-0.133359149,0.197394773,0.389689952,0.291757584,-0.0576253645,0.022929363,0.108075179,-0.11758016,0.262966752,0.521349967,0.10954345,0.809060574,0.124700151,-0.103623547,0.107391715,0.220648035,-0.335046738,0.0124147199,0.941017389,-0.102593541,-0.0840003714,0.0362579413,-0.177897274,-0.00460885279,0.027942704,0.438504398,0.0430163741,0.164317936,-0.0474029891,-0.133359149,0.197394773,0.389689952,0.291757584,-0.0576253645,0.022929363,0.108075179,-0.11758016,0.262966752,0.521349967,0.10954345,0.809060574,0.124700151,-0.103623547,0.107391715,0.220648035,-0.335046738,0.0124147199,0.941017389,-0.102593541,-0.0840003714,0.0362579413,-0.177897274,-0.00460885279,0.027942704,0.438504398,0.0430163741,0.164317936,-0.0474029891,-0.133359149,0.197394773,0.389689952,0.291757584,-0.0576253645,0.022929363,0.108075179,-0.11758016,0.262966752,0.521349967,0.10954345,0.809060574,0.124700151,-0.103623547,0.107391715,0.220648035,-0.335046738,0.0124147199,0.941017389,-0.102593541,-0.0840003714,0.0362579413
0.674924291,3217568.08,0,0,0.0142471804,8.7171793e-06,0.589385331,0.219794922,0,1,0.776273906,-0.00787322223,0.038269341,0.629183829,0.276824951,0.021819992,0.73166281,0,-0,-0,-0.0763020441,0.00694253808,0.0280396752,0.395973921,-0.204071596,0.0779086873,-0.212576851,-0.0522781722,0.157778025,0.312758684,-0.161785632,-0.0153204734,-0.00527044944,-0.0143849961,-0.0236952193,0.252961904,0.272007972,0.0252992492,0.898340583,0.125314534,-0.0314951539,0.026836535,0.250082254,-0.301786214,-0.00377323944,0.956506014,-0.0983238593,-0.0592747927,0.0317312852,-1.48527277,-0.0698682368,-0.00965943374,2.41116476,0.245836049,0.583795249,0.390065461,-0.101128109,1.22646415,-0.722722232,-0.204146013,1.42214036,0.419850469,-0.293786556,0.227290347,-0.0608447157,0.42301622,-0.524346232,0.284725279,0.00129963621,-0.62513119,0.235304669,-0.605508089,-0.0537063181,0.695371747,0.511474907,-0.041311156,-0.752968252,0.159180984,-0.177897274,-0.00460885279,0.027942704,0.438504398,0.0430163741,0.164317936,-0.0474029891,-0.133359149,0.197394773,0.389689952,0.291757584,-0.0576253645,0.022929363,0.108075179,-0.11758016,0.262966752,0.521349967,0.10954345,0.809060574,0.124700151,-0.103623547,0.107391715,0.220648035,-0.335046738,0.0124147199,0.941017389,-0.102593541,-0.0840003714,0.0362579413,-0.177897274,-0.00460885279,0.027942704,0.438504398,0.0430163741,0.164317936,-0.0474029891,-0.133359149,0.197394773,0.389689952,0.291757584,-0.0576253645,0.022929363,0.108075179,-0.11758016,0.262966752,0.521349967,0.10954345,0.809060574,0.124700151,-0.103623547,0.107391715,0.220648035,-0.335046738,0.0124147199,0.941017389,-0.102593541,-0.0840003714,0.0362579413,-0.177897274,-0.00460885279,0.027942704,0.438504398,0.0430163741,0.164317936,-0.0474029891,-0.133359149,0.197394773,0.389689952,0.291757584,-0.0576253645,0.022929363,0.108075179,-0.11758016,0.262966752,0.521349967,0.10954345,0.809060574,0.124700151,-0.103623547,0.107391715,0.220648035,-0.335046738,0.0124147199,0.941017389,-0.102593541,-0.0840003714,0.0362579413
0.684925189,3217568.09,0,0,0.00420303969,9.17166471e-06,0.625877738,0.260754954,0.0469255,1,0.773721159,-0.00629872316,0.0389020108,0.632299423,0.215038791,-0.083773613,0.642214417,0,-0,-0,-0.0918727592,0.00647078361,0.0272339694,0.422340095,-0.198470369,0.0841799006,-0.207857668,-0.0529499054,0.170677006,0.305901676,-0.16166468,-0.000684812432,7.69348699e-05,-0.0180036202,-0.0201461893,0.253055274,0.277131915,0.0202006754,0.900778294,0.125365898,-0.0390874818,0.0300770476,0.242110744,-0.301909655,0.00464603305,0.961476862,-0.09866523,-0.0665777028,0.0333997346,-1.18502855,-0.0206158478,-0.157823294,1.97897756,0.597438693,0.491003931,0.328456312,-0.0185395163,0.92635119,-0.435052574,0.16259791,1.12383521,0.457391948,-0.289735258,0.259645909,0.0776882917,0.420871019,-0.340849847,0.194501013,0.00627955887,-0.684474409,0.291696757,-0.687762678,0.015947368,0.709122777,0.379978806,-0.0225749426,-0.539980531,0.131298721,-0.2121723,-0.00596598722,0.0211114641,0.422631681,-0.00390912592,0.153100014,-0.0439196713,-0.124365509,0.203844398,0.397168696,0.332241952,-0.0363649912,0.0238561668,0.13126424,-0.12039572,0.272664338,0.524703026,0.112908639,0.828462243,0.124110788,-0.116125338,0.112431973,0.233725339,-0.31877327,0.0264044069,0.960076272,-0.102626935,-0.0895202234,0.0389382355,-0.2121723,-0.00596598722,0.0211114641,0.422631681,-0.00390912592,0.153100014,-0.0439196713,-0.124365509,0.203844398,0.397168696,0.332241952,-0.0363649912,0.0238561668,0.13126424,-0.12039572,0.272664338,0.524703026,0.112908639,0.828462243,0.124110788,-0.116125338,0.112431973,0.233725339,-0.31877327,0.0264044069,0.960076272,-0.102626935,-0.0895202234,0.0389382355,-0.2121723,-0.00596598722,0.0211114641,0.422631681,-0.00390912592,0.153100014,-0.0439196713,-0.124365509,0.203844398,0.397168696,0.332241952,-0.0363649912,0.0238561668,0.13126424,-0.12039572,0.272664338,0.524703026,0.112908639,0.828462243,0.124110788,-0.116125338,0.112431973,0.233725339,-0.31877327,0.0264044069,0.960076272,-0.102626935,-0.0895202234,0.0389382355
0.695923425,3217568.1,0,0,0.0152012757,8.35070387e-06,0.66507709,0.260754954,0,1,0.772190511,-0.00565045699,0.039212089,0.634154797,0.12091364,-0.0224141311,0.588190973,0,-0,-0,-0.100729994,0.0065292865,0.0245844908,0.435912251,-0.193099722,0.0878736451,-0.206335813,-0.0525600389,0.176786825,0.303631306,-0.15904139,0.00785731152,0.00371003151,-0.0198890809,-0.0191519819,0.254311353,0.280321747,0.018220501,0.903086007,0.12542747,-0.0457499474,0.0326410271,0.236573458,-0.301666915,0.0106038721,0.964861751,-0.0988219082,-0.0709683523,0.0344569869,-1.02925467,0.0268188752,-0.407316297,1.51942873,0.715666354,0.439352721,0.137058929,0.0858260244,0.667222321,-0.200678736,0.415418595,1.01142466,0.449560463,-0.208544284,0.0784330517,0.201950356,0.38689822,-0.188322231,0.312557638,0.00827596057,-0.88515228,0.33099395,-0.698150635,0.0464067496,0.743350625,0.426930964,-0.0183389168,-0.533195853,0.131667659,-0.2121723,-0.00596598722,0.0211114641,0.422631681,-0.00390912592,0.153100014,-0.0439196713,-0.124365509,0.203844398,0.397168696,0.332241952,-0.0363649912,0.0238561668,0.13126424,-0.12039572,0.272664338,0.524703026,0.112908639,0.828462243,0.124110788,-0.116125338,0.112431973,0.233725339,-0.31877327,0.0264044069,0.960076272,-0.102626935,-0.0895202234,0.0389382355,-0.2121723,-0.00596598722,0.0211114641,0.422631681,-0.00390912592,0.153100014,-0.0439196713,-0.124365509,0.203844398,0.397168696,0.332241952,-0.0363649912,0.0238561668,0.13126424,-0.12039572,0.272664338,0.524703026,0.112908639,0.828462243,0.124110788,-0.116125338,0.112431973,0.233725339,-0.31877327,0.0264044069,0.960076272,-0.102626935,-0.0895202234,0.0389382355,-0.2121723,-0.00596598722,0.0211114641,0.422631681,-0.00390912592,0.153100014,-0.0439196713,-0.124365509,0.203844398,0.397168696,0.332241952,-0.0363649912,0.0238561668,0.13126424,-0.12039572,0.272664338,0.524703026,0.112908639,0.828462243,0.124110788,-0.116125338,0.112431973,0.233725339,-0.31877327,0.0264044069,0.960076272,-0.102626935,-0.0895202234,0.0389382355
0.705924418,3217568.11,0,0,0.00524775777,8.28970224e-06,0.699633718,0.247663818,0.0682206303,1,0.770373881,-0.00514252018,0.0392326303,0.636363447,0.0248151254,-0.0757818297,0.57617116,0,-0,-0,-0.108990476,0.00728940545,0.0198085401,0.447649658,-0.185193941,0.091843918,-0.205173269,-0.0511250459,0.181547895,0.302649677,-0.153434411,0.016475074,0.00788672455,-0.0215219427,-0.0187132917,0.257197231,0.284085423,0.0172276031,0.905834556,0.125505239,-0.054467883,0.0360613428,0.229608133,-0.300710946,0.0173582789,0.968575716,-0.0989933684,-0.0754696354,0.0357045904,-0.686010599,0.111418985,-0.497889668,0.954729497,0.833012164,0.376005292,0.121124789,0.176257789,0.352675796,-0.0448418334,0.647579432,0.760501564,0.390793353,-0.136018321,0.0322203822,0.342771649,0.376299053,-0.058622133,0.229435712,0.00682507176,-0.830310047,0.349410802,-0.688012302,0.131668493,0.613942266,0.317563057,-0.0166048855,-0.386569947,0.11734169,-0.189972639,-0.00313934125,0.009034371,0.376522779,-0.0721297562,0.145559624,-0.0995765328,-0.10475418,0.193738148,0.394354612,0.302782178,-0.00693270424,0.0199408587,0.153005242,-0.107242852,0.259766042,0.505815387,0.112764761,0.83888799,0.122406587,-0.137916893,0.109993219,0.258828044,-0.296487182,0.0365786105,0.979159176,-0.104045823,-0.0917320102,0.04400317,-0.189972639,-0.00313934125,0.009034371,0.376522779,-0.0721297562,0.145559624,-0.0995765328,-0.10475418,0.193738148,0.394354612,0.302782178,-0.00693270424,0.0199408587,0.153005242,-0.107242852,0.259766042,0.505815387,0.112764761,0.83888799,0.122406587,-0.137916893,0.109993219,0.258828044,-0.296487182,0.0365786105,0.979159176,-0.104045823,-0.0917320102,0.04400317,-0.189972639,-0.00313934125,0.009034371,0.376522779,-0.0721297562,0.145559624,-0.0995765328,-0.10475418,0.193738148,0.394354612,0.302782178,-0.00693270424,0.0199408587,0.153005242,-0.107242852,0.259766042,0.505815387,0.112764761,0.83888799,0.122406587,-0.137916893,0.109993219,0.258828044,-0.296487182,0.0365786105,0.979159176,-0.104045823,-0.0917320102,0.04400317
0.715924469,3217568.12,0,0,0.0152478088,8.6016953e-06,0.732932389,0.247663818,0,1,0.768639326,-0.0050102286,0.0388868861,0.63847965,-0.0827854574,-0.0211609993,0.378721863,0,-0,-0,-0.112679176,0.00909756962,0.0125926118,0.45016396,-0.176126942,0.0967213139,-0.205683738,-0.0478985012,0.183696076,0.304899395,-0.143828213,0.0255104639,0.0134135587,-0.0225239899,-0.0199034903,0.262360096,0.288503766,0.0175236948,0.909826875,0.125570342,-0.0658586621,0.0403720737,0.222187042,-0.298345953,0.0238239206,0.972188771,-0.0992042422,-0.0798521414,0.0374987684,-0.0350204147,0.182222337,-0.68856746,-0.338721335,0.676993132,0.416369736,-0.168320373,0.344201446,0.0771707073,0.356663615,0.898244917,0.732625067,0.49098736,-0.03960241,-0.198981911,0.496140718,0.357335478,0.0996734872,0.415472895,0.00451734802,-1.04777515,0.360727876,-0.568821847,0.243993983,0.49647817,0.300440639,-0.0184115004,-0.359648317,0.175501496,-0.189972639,-0.00313934125,0.009034371,0.376522779,-0.0721297562,0.145559624,-0.0995765328,-0.10475418,0.193738148,0.394354612,0.302782178,-0.00693270424,0.0199408587,0.153005242,-0.107242852,0.259766042,0.505815387,0.112764761,0.83888799,0.122406587,-0.137916893,0.109993219,0.258828044,-0.296487182,0.0365786105,0.979159176,-0.104045823,-0.0917320102,0.04400317,-0.189972639,-0.00313934125,0.009034371,0.376522779,-0.0721297562,0.145559624,-0.0995765328,-0.10475418,0.193738148,0.394354612,0.302782178,-0.00693270424,0.0199408587,0.153005242,-0.107242852,0.259766042,0.505815387,0.112764761,0.83888799,0.122406587,-0.137916893,0.109993219,0.258828044,-0.296487182,0.0365786105,0.979159176,-0.104045823,-0.0917320102,0.04400317,-0.189972639,-0.00313934125,0.009034371,0.376522779,-0.0721297562,0.145559624,-0.0995765328,-0.10475418,0.193738148,0.394354612,0.302782178,-0.00693270424,0.0199408587,0.153005242,-0.107242852,0.259766042,0.505815387,0.112764761,0.83888799,0.122406587,-0.137916893,0.109993219,0.258828044,-0.296487182,0.0365786105,0.979159176,-0.104045823,-0.0917320102,0.04400317
0.726922025,3217568.13,0,0,0.00622702809,7.40215182e-06,0.767867744,0.233505853,0.0999128073,1,0.767260432,-0.00547924079,0.0383137539,0.640166759,-0.212331414,-0.0191364344,0.489823014,0,-0,-0,-0.111207567,0.0117122708,0.00544546219,0.443344802,-0.169976935,0.10056933,-0.207639143,-0.0437956043,0.183007941,0.309233844,-0.13402012,0.0315738767,0.0172081757,-0.0221939851,-0.0223781429,0.268024296,0.291972995,0.0193039663,0.913576007,0.125604346,-0.0758269429,0.0438386239,0.216969728,-0.295388728,0.0281110741,0.974593639,-0.0993912145,-0.0829246193,0.0391996838,0.230542615,0.322288543,-0.703468919,-0.840292573,0.579345167,0.367113024,-0.197527841,0.447863489,-0.164422825,0.462129831,1.02955091,0.5190202,0.29071492,0.0826316029,-0.271607161,0.602768362,0.343090564,0.219046965,0.326908648,0.00280509144,-0.929551363,0.333300412,-0.48361963,0.328418076,0.379501969,0.188802257,-0.0187201407,-0.268257767,0.158644587,-0.135256857,-0.00566900335,0.000602778513,0.352838546,-0.138662606,0.148201853,-0.185274869,-0.0865005106,0.178141147,0.369591415,0.202869371,0.012209801,0.0178948678,0.159970909,-0.074202165,0.240415648,0.475235403,0.110005885,0.842982054,0.124011651,-0.159686014,0.104977772,0.283582866,-0.287776947,0.0391249023,0.996956587,-0.10526,-0.0902522653,0.051774513,-0.135256857,-0.00566900335,0.000602778513,0.352838546,-0.138662606,0.148201853,-0.185274869,-0.0865005106,0.178141147,0.369591415,0.202869371,0.012209801,0.0178948678,0.159970909,-0.074202165,0.240415648,0.475235403,0.110005885,0.842982054,0.124011651,-0.159686014,0.104977772,0.283582866,-0.287776947,0.0391249023,0.996956587,-0.10526,-0.0902522653,0.051774513,-0.135256857,-0.00566900335,0.000602778513,0.352838546,-0.138662606,0.148201853,-0.185274869,-0.0865005106,0.178141147,0.369591415,0.202869371,0.012209801,0.0178948678,0.159970909,-0.074202165,0.240415648,0.475235403,0.110005885,0.842982054,0.124011651,-0.159686014,0.104977772,0.283582866,-0.287776947,0.0391249023,0.996956587,-0.10526,-0.0902522653,0.051774513
0.736924104,3217568.14,0,0,0.016229107,9.20472667e-06,0.797910392,0.233505853,0,1,0.765605211,-0.00661721639,0.0375076942,0.642182231,-0.290177643,0.0583325513,0.458376408,0,-0,-0,-0.104929909,0.0156923402,-0.00315975887,0.425741106,-0.167448103,0.106725298,-0.211604223,-0.0380182266,0.178782612,0.316580921,-0.121852122,0.0367406942,0.0213819295,-0.0208466873,-0.0268154219,0.275313497,0.295779407,0.023406541,0.918863535,0.125745088,-0.0883552656,0.0473273844,0.212869868,-0.290771663,0.0315559991,0.976797998,-0.0997028276,-0.0859856829,0.0423709117,0.631800652,0.381641001,-0.691237211,-1.73262024,0.0859275907,0.563104987,-0.378356099,0.506284773,-0.488786191,0.656355798,1.00249565,0.31663391,0.308544785,0.156208232,-0.423264265,0.610328615,0.299837798,0.409285039,0.459612221,0.0113138547,-1.04924297,0.265733421,-0.250402629,0.415061116,0.235320255,0.165900692,-0.0275037996,-0.232352808,0.299495041,-0.135256857,-0.00566900335,0.000602778513,0.352838546,-0.138662606,0.148201853,-0.185274869,-0.0865005106,0.178141147,0.369591415,0.202869371,0.012209801,0.0178948678,0.159970909,-0.074202165,0.240415648,0.475235403,0.110005885,0.842982054,0.124011651,-0.159686014,0.104977772,0.283582866,-0.287776947,0.0391249023,0.996956587,-0.10526,-0.0902522653,0.051774513,-0.135256857,-0.00566900335,0.000602778513,0.352838546,-0.138662606,0.148201853,-0.185274869,-0.0865005106,0.178141147,0.369591415,0.202869371,0.012209801,0.0178948678,0.159970909,-0.074202165,0.240415648,0.475235403,0.110005885,0.842982054,0.124011651,-0.159686014,0.104977772,0.283582866,-0.287776947,0.0391249023,0.996956587,-0.10526,-0.0902522653,0.051774513,-0.135256857,-0.00566900335,0.000602778513,0.352838546,-0.138662606,0.148201853,-0.185274869,-0.0865005106,0.178141147,0.369591415,0.202869371,0.012209801,0.0178948678,0.159970909,-0.074202165,0.240415648,0.475235403,0.110005885,0.842982054,0.124011651,-0.159686014,0.104977772,0.283582866,-0.287776947,0.0391249023,0.996956587,-0.10526,-0.0902522653,0.051774513
0.747924782,3217568.16,0,0,0.00715212571,9.09902155e-06,0.828846693,0.307510141,0.135333955,1,0.763718128,-0.00816476438,0.0367088579,0.644453585,-0.395306349,0.100680105,0.639870882,0,-0,-0,-0.0987289697,0.0205037706,-0.00909095909,0.40792504,-0.167194903,0.112572737,-0.215382427,-0.032712087,0.172509581,0.322913527,-0.11206907,0.0383998156,0.0233520195,-0.0185721815,-0.0313152224,0.281224549,0.298610717,0.0279018395,0.922889948,0.125879213,-0.0978805572,0.0497753955,0.21136941,-0.286417544,0.0334231742,0.978117228,-0.0999589786,-0.0879288688,0.0452123582,0.593398929,0.541932583,-0.485292017,-1.75403643,-0.106268913,0.659866095,-0.370664746,0.539858818,-0.6957286,0.608191848,0.93875438,0.099368386,0.152562425,0.265180916,-0.447628975,0.562435091,0.270344049,0.47484377,0.369383216,0.0289038178,-0.905914962,0.236138165,-0.0890907198,0.445687145,0.142016724,0.127778307,-0.0268154107,-0.176286474,0.273878038,-0.0815946907,-0.00441594608,0.00119463401,0.366715312,-0.191685274,0.159239635,-0.2629852,-0.0688841715,0.169065058,0.335002333,0.0675354153,0.0264489911,0.0195821486,0.157195613,-0.0347772688,0.238370284,0.446140766,0.104697958,0.847396314,0.129312024,-0.174656153,0.101896465,0.293425143,-0.291218787,0.0323512852,1.00795674,-0.105960295,-0.089273423,0.0547495335,-0.0815946907,-0.00441594608,0.00119463401,0.366715312,-0.191685274,0.159239635,-0.2629852,-0.0688841715,0.169065058,0.335002333,0.0675354153,0.0264489911,0.0195821486,0.157195613,-0.0347772688,0.238370284,0.446140766,0.104697958,0.847396314,0.129312024,-0.174656153,0.101896465,0.293425143,-0.291218787,0.0323512852,1.00795674,-0.105960295,-0.089273423,0.0547495335,-0.0815946907,-0.00441594608,0.00119463401,0.366715312,-0.191685274,0.159239635,-0.2629852,-0.0688841715,0.169065058,0.335002333,0.0675354153,0.0264489911,0.0195821486,0.157195613,-0.0347772688,0.238370284,0.446140766,0.104697958,0.847396314,0.129312024,-0.174656153,0.101896465,0.293425143,-0.291218787,0.0323512852,1.00795674,-0.105960295,-0.089273423,0.0547495335
0.758931974,3217568.17,0,0,0.0181593178,9.27504152e-06,0.85740906,0.307510141,0,1,0.762410939,-0.00924563687,0.0361809693,0.64601469,-0.419221103,0.115658306,0.682823896,0,-0,-0,-0.0953561664,0.0239773057,-0.0111130197,0.397657931,-0.169124052,0.117423616,-0.217568576,-0.0294835828,0.168161213,0.326385021,-0.106915377,0.0387858041,0.0243130066,-0.016881153,-0.0338813849,0.284334093,0.300132364,0.0309428498,0.925066769,0.126248449,-0.103374936,0.0511913449,0.211166739,-0.283721387,0.0339725763,0.979038894,-0.100141011,-0.0889504701,0.0468718968,0.535771549,0.59422648,-0.272580177,-1.68228006,-0.364400655,0.841708601,-0.359154284,0.534932256,-0.738032281,0.558418751,0.820715487,0.0498285815,0.156134367,0.29020822,-0.419231921,0.496958673,0.246783212,0.516796708,0.35187614,0.0725642443,-0.909292936,0.236993745,-0.00642141048,0.449505061,0.0717725307,0.16425249,-0.0310064889,-0.164225653,0.272935063,-0.0815946907,-0.00441594608,0.00119463401,0.366715312,-0.191685274,0.159239635,-0.2629852,-0.0688841715,0.169065058,0.335002333,0.0675354153,0.0264489911,0.0195821486,0.157195613,-0.0347772688,0.238370284,0.446140766,0.104697958,0.847396314,0.129312024,-0.174656153,0.101896465,0.293425143,-0.291218787,0.0323512852,1.00795674,-0.105960295,-0.089273423,0.0547495335,-0.0815946907,-0.00441594608,0.00119463401,0.366715312,-0.191685274,0.159239635,-0.2629852,-0.0688841715,0.169065058,0.335002333,0.0675354153,0.0264489911,0.0195821486,0.157195613,-0.0347772688,0.238370284,0.446140766,0.104697958,0.847396314,0.129312024,-0.174656153,0.101896465,0.293425143,-0.291218787,0.0323512852,1.00795674,-0.105960295,-0.089273423,0.0547495335,-0.0815946907,-0.00441594608,0.00119463401,0.366715312,-0.191685274,0.159239635,-0.2629852,-0.0688841715,0.169065058,0.335002333,0.0675354153,0.0264489911,0.0195821486,0.157195613,-0.0347772688,0.238370284,0.446140766,0.104697958,0.847396314,0.129312024,-0.174656153,0.101896465,0.293425143,-0.291218787,0.0323512852,1.00795674,-0.105960295,-0.089273423,0.0547495335
0.769935802,3217568.18,0,0,0.009152174,1.08000822e-05,0.883412719,0.267592259,0.128052354,1,0.758190572,-0.012425662,0.0348115638,0.650984466,-0.442197651,0.125380263,0.834644139,0,-0,-0,-0.0895373896,0.0333898179,-0.0132565098,0.375340044,-0.175652504,0.128967479,-0.222563148,-0.0216533802,0.155661121,0.333248764,-0.0968772322,0.0389647745,0.0260297246,-0.0118614957,-0.0398028269,0.290730149,0.303742975,0.0392167792,0.928996861,0.12768811,-0.116032548,0.0551771633,0.21290423,-0.276759148,0.0344460271,0.982145131,-0.100558214,-0.0908555835,0.0503282882,0.316448808,0.55252099,-0.0558205135,-1.22207212,-0.677683651,0.768836141,-0.247843474,0.428154081,-0.822069764,0.304549277,0.365777731,-0.0013238528,0.118397199,0.317847162,-0.286848485,0.326871544,0.204686031,0.519468904,0.140964836,0.120112136,-0.685666621,0.264573097,0.186058193,0.415476799,0.00997858867,0.210144997,-0.0202841647,-0.0957778767,0.148950666,-0.038984213,0.0081147179,-0.0012441068,0.361469984,-0.221884042,0.172385678,-0.319476575,-0.0422873273,0.153629899,0.309530258,-0.0605169386,0.041808635,0.0190753937,0.159287781,-0.00370148942,0.241865963,0.42796427,0.100614451,0.847159386,0.134730518,-0.178715527,0.100257047,0.290949851,-0.294072986,0.0251586437,1.00861931,-0.104060873,-0.0910386816,0.0531310588,-0.038984213,0.0081147179,-0.0012441068,0.361469984,-0.221884042,0.172385678,-0.319476575,-0.0422873273,0.153629899,0.309530258,-0.0605169386,0.041808635,0.0190753937,0.159287781,-0.00370148942,0.241865963,0.42796427,0.100614451,0.847159386,0.134730518,-0.178715527,0.100257047,0.290949851,-0.294072986,0.0251586437,1.00861931,-0.104060873,-0.0910386816,0.0531310588,-0.038984213,0.0081147179,-0.0012441068,0.361469984,-0.221884042,0.172385678,-0.319476575,-0.0422873273,0.153629899,0.309530258,-0.0605169386,0.041808635,0.0190753937,0.159287781,-0.00370148942,0.241865963,0.42796427,0.100614451,0.847159386,0.134730518,-0.178715527,0.100257047,0.290949851,-0.294072986,0.0251586437,1.00861931,-0.104060873,-0.0910386816,0.0531310588
0.78091927,3217568.19,0,0,0.000275249127,6.05499372e-06,0.906704485,0.187607016,0.0818190724,1,0.755474865,-0.0142910052,0.0339326486,0.654142201,-0.415607512,0.131610602,0.813856661,0,-0,-0,-0.08653678,0.0382557847,-0.0135683445,0.364513695,-0.183829397,0.136601329,-0.224643037,-0.0177903026,0.148123205,0.335233718,-0.0955664217,0.0389514826,0.0275932718,-0.00879393052,-0.0420989655,0.293470025,0.305664569,0.0442168638,0.92973429,0.129012421,-0.122075826,0.0580554083,0.215296283,-0.272864699,0.0344765447,0.984322131,-0.100724652,-0.0916317031,0.0512070023,0.261884093,0.4412283,-0.0212777127,-0.967731535,-0.799434066,0.694495916,-0.195937708,0.367410868,-0.68472898,0.135999933,0.012167831,-0.00306698284,0.167488739,0.299921364,-0.211926147,0.241143271,0.186542615,0.48074168,0.0429616012,0.130352706,-0.555546165,0.30350095,0.272847623,0.371654868,8.10381534e-05,0.224164099,-0.0149780465,-0.0611647032,0.0569643453,-0.038984213,0.0081147179,-0.0012441068,0.361469984,-0.221884042,0.172385678,-0.319476575,-0.0422873273,0.153629899,0.309530258,-0.0605169386,0.041808635,0.0190753937,0.159287781,-0.00370148942,0.241865963,0.42796427,0.100614451,0.847159386,0.134730518,-0.178715527,0.100257047,0.290949851,-0.294072986,0.0251586437,1.00861931,-0.104060873,-0.0910386816,0.0531310588,-0.00493650883,0.0279696025,-0.00728690671,0.341543347,-0.218452856,0.183641806,-0.355033576,-0.0163489971,0.131516084,0.301472396,-0.142336011,0.0601801984,0.0171776116,0.168883383,0.0113211758,0.239800081,0.419681877,0.0979592949,0.839600742,0.13857463,-0.177882671,0.0983514637,0.286060572,-0.297853053,0.0200793967,1.00342095,-0.099971801,-0.0935934559,0.048273012,-0.00493650883,0.0279696025,-0.00728690671,0.341543347,-0.218452856,0.183641806,-0.355033576,-0.0163489971,0.131516084,0.301472396,-0.142336011,0.0601801984,0.0171776116,0.168883383,0.0113211758,0.239800081,0.419681877,0.0979592949,0.839600742,0.13857463,-0.177882671,0.0983514637,0.286060572,-0.297853053,0.0200793967,1.00342095,-0.099971801,-0.0935934559,0.048273012
0.790937509,3217568.2,0,0,0.0102934879,6.02286309e-06,0.925559223,0.187607016,0,1,0.752769947,-0.0160654243,0.0332515277,0.657247007,-0.374266028,0.119745173,0.763614833,0,-0,-0,-0.0841497928,0.0418249108,-0.0137090897,0.355850399,-0.190421417,0.143140703,-0.226507336,-0.0144235305,0.142840669,0.334867477,-0.0950941667,0.0404014364,0.0292180125,-0.00605222816,-0.0438345298,0.295474201,0.30755648,0.0487160236,0.929711938,0.130118951,-0.126852319,0.0612139627,0.218334407,-0.269396424,0.0344404243,0.98652935,-0.100845173,-0.0920221806,0.0515295602,0.324529082,0.315738618,-0.00643247692,-0.980536878,-0.518095493,0.719679177,-0.182227597,0.274990201,-0.614304245,-0.190595567,-0.210128754,0.260271221,0.18865858,0.271071583,-0.119812891,0.185374126,0.18057774,0.443031043,-0.0589135215,0.110867195,-0.402552396,0.318529844,0.314977884,0.322528958,-0.00875743013,0.202533871,-0.00771534629,-0.0329453275,0.0180655662,-0.00493650883,0.0279696025,-0.00728690671,0.341543347,-0.218452856,0.183641806,-0.355033576,-0.0163489971,0.131516084,0.301472396,-0.142336011,0.0601801984,0.0171776116,0.168883383,0.0113211758,0.239800081,0.419681877,0.0979592949,0.839600742,0.13857463,-0.177882671,0.0983514637,0.286060572,-0.297853053,0.0200793967,1.00342095,-0.099971801,-0.0935934559,0.048273012,-0.00493650883,0.0279696025,-0.00728690671,0.341543347,-0.218452856,0.183641806,-0.355033576,-0.0163489971,0.131516084,0.301472396,-0.142336011,0.0601801984,0.0171776116,0.168883383,0.0113211758,0.239800081,0.419681877,0.0979592949,0.839600742,0.13857463,-0.177882671,0.0983514637,0.286060572,-0.297853053,0.0200793967,1.00342095,-0.099971801,-0.0935934559,0.048273012,-0.00493650883,0.0279696025,-0.00728690671,0.341543347,-0.218452856,0.183641806,-0.355033576,-0.0163489971,0.131516084,0.301472396,-0.142336011,0.0601801984,0.0171776116,0.168883383,0.0113211758,0.239800081,0.419681877,0.0979592949,0.839600742,0.13857463,-0.177882671,0.0983514637,0.286060572,-0.297853053,0.0200793967,1.00342095,-0.099971801,-0.0935934559,0.048273012
0.801919758,3217568.21,0,0,0.00121126371,6.1839819e-06,0.943571627,0.247338787,0.0327811092,1,0.750018239,-0.0181502234,0.0323805287,0.660374701,-0.387907684,0.148704439,0.636614323,0,-0,-0,-0.0793735906,0.0452402607,-0.0137402061,0.343121022,-0.1956774,0.151319116,-0.229775503,-0.0115660001,0.13442269,0.330965251,-0.102292269,0.0439332426,0.0316653438,-0.00246219174,-0.0447152071,0.297704428,0.309507996,0.0538984463,0.927895248,0.131292775,-0.130213201,0.0650468096,0.222056419,-0.266166657,0.0343290679,0.988538742,-0.100874476,-0.0923085883,0.0515921973,0.388010234,0.263595283,-0.00333330338,-1.00285661,-0.42976597,0.599920213,-0.363288522,0.242360234,-0.669378161,-0.391509265,-0.629328728,0.259217978,0.190703318,0.318634212,-0.0609697327,0.187727705,0.155475646,0.418079406,-0.19902119,0.0773853436,-0.209911302,0.319956362,0.299093485,0.232519791,-0.00841146428,0.148303315,-0.000140350021,-0.0168134402,-0.000412834139,0.0170702413,0.0565670803,-0.0155638997,0.316945076,-0.185671747,0.187159419,-0.362589747,0.00326829031,0.106419116,0.315330833,-0.162860304,0.0751716271,0.0100440998,0.180633307,0.0077836886,0.223083541,0.420548737,0.0974171758,0.826169133,0.138637558,-0.177103117,0.0958474502,0.291754514,-0.305498183,0.016068399,1.00013542,-0.0915180296,-0.0946903378,0.0433246382,0.0170702413,0.0565670803,-0.0155638997,0.316945076,-0.185671747,0.187159419,-0.362589747,0.00326829031,0.106419116,0.315330833,-0.162860304,0.0751716271,0.0100440998,0.180633307,0.0077836886,0.223083541,0.420548737,0.0974171758,0.826169133,0.138637558,-0.177103117,0.0958474502,0.291754514,-0.305498183,0.016068399,1.00013542,-0.0915180296,-0.0946903378,0.0433246382,0.0170702413,0.0565670803,-0.0155638997,0.316945076,-0.185671747,0.187159419,-0.362589747,0.00326829031,0.106419116,0.315330833,-0.162860304,0.0751716271,0.0100440998,0.180633307,0.0077836886,0.223083541,0.420548737,0.0974171758,0.826169133,0.138637558,-0.177103117,0.0958474502,0.291754514,-0.305498183,0.016068399,1.00013542,-0.0915180296,-0.0946903378,0.0433246382
0.812915193,3217568.22,0,0,0.0122066988,4.28175554e-06,0.958828509,0.247338787,0,1,0.747952461,-0.0200999845,0.0314377174,0.66270262,-0.482237846,0.0827983767,0.596114814,0,-0,-0,-0.0742507577,0.0488936529,-0.0128850089,0.331029415,-0.198755726,0.15711084,-0.234431073,-0.00906929094,0.125723973,0.328488618,-0.110702172,0.0483053066,0.0329410024,0.00144712813,-0.0445489176,0.299553424,0.310980231,0.0580340698,0.925435424,0.131755605,-0.131423667,0.068018958,0.224711671,-0.264303565,0.0341559239,0.989560187,-0.100299411,-0.0924347192,0.0510870814,0.656252563,0.533481896,0.284521252,-1.48842728,-0.540610909,0.590415478,-0.519704401,0.240465358,-1.11407733,-0.105966128,-1.08315992,0.62662822,0.0734938309,0.441774487,0.0896548927,0.17754963,0.14841564,0.417611957,-0.274035215,0.0307872072,-0.0581557043,0.273242295,0.242344469,0.165938929,-0.0279671438,0.0672892109,0.114198223,-0.0106858462,-0.0999712422,0.0170702413,0.0565670803,-0.0155638997,0.316945076,-0.185671747,0.187159419,-0.362589747,0.00326829031,0.106419116,0.315330833,-0.162860304,0.0751716271,0.0100440998,0.180633307,0.0077836886,0.223083541,0.420548737,0.0974171758,0.826169133,0.138637558,-0.177103117,0.0958474502,0.291754514,-0.305498183,0.016068399,1.00013542,-0.0915180296,-0.0946903378,0.0433246382,0.0170702413,0.0565670803,-0.0155638997,0.316945076,-0.185671747,0.187159419,-0.362589747,0.00326829031,0.106419116,0.315330833,-0.162860304,0.0751716271,0.0100440998,0.180633307,0.0077836886,0.223083541,0.420548737,0.0974171758,0.826169133,0.138637558,-0.177103117,0.0958474502,0.291754514,-0.305498183,0.016068399,1.00013542,-0.0915180296,-0.0946903378,0.0433246382,0.0170702413,0.0565670803,-0.0155638997,0.316945076,-0.185671747,0.187159419,-0.362589747,0.00326829031,0.106419116,0.315330833,-0.162860304,0.0751716271,0.0100440998,0.180633307,0.0077836886,0.223083541,0.420548737,0.0974171758,0.826169133,0.138637558,-0.177103117,0.0958474502,0.291754514,-0.305498183,0.016068399,1.00013542,-0.0915180296,-0.0946903378,0.0433246382
0.822951816,3217568.23,0,0,0.00228360528,4.24403697e-06,0.970375896,0.1838319,0.078347221,1,0.7457003,-0.0223208982,0.030142175,0.665224969,-0.549126029,0.145305932,0.726879179,0,-0,-0,-0.0679660589,0.0558062457,-0.00950640813,0.315499574,-0.209705368,0.161720812,-0.240719482,-0.0060765571,0.114528276,0.328267157,-0.120337486,0.0535972677,0.0324472822,0.0063136504,-0.0435922779,0.300991327,0.312708795,0.061952915,0.922907352,0.131949991,-0.131487414,0.0704055205,0.227114812,-0.262843221,0.0336943753,0.98995018,-0.0989338607,-0.0925367102,0.0498201251,0.512368858,0.736706734,0.242736399,-1.46500492,-1.37397265,0.342822582,-0.708799303,0.365579724,-0.963672936,-0.0124829216,-0.729746342,0.354277581,-0.144054681,0.500560343,0.0679481477,0.10668201,0.198699161,0.358965576,-0.214958951,0.0143004525,0.0125153074,0.216185391,0.25177297,0.135586277,-0.0581241176,0.0263798628,0.124331683,-0.0111477422,-0.123129711,0.0430723354,0.0825702175,-0.0182204768,0.311639309,-0.107324526,0.179644302,-0.370378166,0.00897293165,0.0851432532,0.340497375,-0.154891372,0.0821678266,0.00541332737,0.186699852,-0.00905687176,0.207949355,0.424502105,0.0981153175,0.813815057,0.13786909,-0.17667529,0.0946406648,0.299171865,-0.315308332,0.0092227459,0.999748707,-0.0839809626,-0.0947492719,0.0373193547,0.0430723354,0.0825702175,-0.0182204768,0.311639309,-0.107324526,0.179644302,-0.370378166,0.00897293165,0.0851432532,0.340497375,-0.154891372,0.0821678266,0.00541332737,0.186699852,-0.00905687176,0.207949355,0.424502105,0.0981153175,0.813815057,0.13786909,-0.17667529,0.0946406648,0.299171865,-0.315308332,0.0092227459,0.999748707,-0.0839809626,-0.0947492719,0.0373193547,0.0430723354,0.0825702175,-0.0182204768,0.311639309,-0.107324526,0.179644302,-0.370378166,0.00897293165,0.0851432532,0.340497375,-0.154891372,0.0821678266,0.00541332737,0.186699852,-0.00905687176,0.207949355,0.424502105,0.0981153175,0.813815057,0.13786909,-0.17667529,0.0946406648,0.299171865,-0.315308332,0.0092227459,0.999748707,-0.0839809626,-0.0947492719,0.0373193547
0.833940481,3217568.24,0,0,0.0132722701,4.39677387e-06,0.980515182,0.1838319,0,1,0.742459059,-0.0250097532,0.0286773909,0.668809891,-0.504454494,0.0840176791,0.8206985,0,-0,-0,-0.0622454435,0.0649215057,-0.00759824831,0.29765895,-0.22590439,0.162067413,-0.251015753,-0.00211995631,0.102395304,0.332140058,-0.12705262,0.0584002957,0.0297052972,0.0117924251,-0.0417469107,0.301122934,0.315772504,0.0656238496,0.920335054,0.132062584,-0.13012588,0.0722575039,0.230096415,-0.261209518,0.0323356092,0.990140796,-0.0963858441,-0.0927240029,0.0476480275,0.468555927,0.754969358,0.0974709839,-1.49272037,-1.28754687,-0.147010148,-0.947537422,0.285455644,-1.07724333,0.567441225,-0.455090225,0.423246086,-0.271532983,0.420176208,0.23080501,-0.0703283176,0.293832272,0.264624536,-0.208649427,0.0072056069,0.190476626,0.106983207,0.250411987,0.133499563,-0.155173734,0.0110561354,0.278613925,-0.0184345078,-0.225278363,0.0430723354,0.0825702175,-0.0182204768,0.311639309,-0.107324526,0.179644302,-0.370378166,0.00897293165,0.0851432532,0.340497375,-0.154891372,0.0821678266,0.00541332737,0.186699852,-0.00905687176,0.207949355,0.424502105,0.0981153175,0.813815057,0.13786909,-0.17667529,0.0946406648,0.299171865,-0.315308332,0.0092227459,0.999748707,-0.0839809626,-0.0947492719,0.0373193547,0.0430723354,0.0825702175,-0.0182204768,0.311639309,-0.107324526,0.179644302,-0.370378166,0.00897293165,0.0851432532,0.340497375,-0.154891372,0.0821678266,0.00541332737,0.186699852,-0.00905687176,0.207949355,0.424502105,0.0981153175,0.813815057,0.13786909,-0.17667529,0.0946406648,0.299171865,-0.315308332,0.0092227459,0.999748707,-0.0839809626,-0.0947492719,0.0373193547,0.0430723354,0.0825702175,-0.0182204768,0.311639309,-0.107324526,0.179644302,-0.370378166,0.00897293165,0.0851432532,0.340497375,-0.154891372,0.0821678266,0.00541332737,0.186699852,-0.00905687176,0.207949355,0.424502105,0.0981153175,0.813815057,0.13786909,-0.17667529,0.0946406648,0.299171865,-0.315308332,0.0092227459,0.999748707,-0.0839809626,-0.0947492719,0.0373193547
0.843945073,3217568.25,0,0,0.00327236298,2.21440569e-05,0.987604678,0.208818819,0.104206786,1,0.739436686,-0.0268492419,0.0273725837,0.672133327,-0.465461373,0.0321198516,0.921787679,0,-0,-0,-0.0583240539,0.0720933005,-0.00766828051,0.284026116,-0.238499716,0.160472929,-0.260722667,0.000727686158,0.0930124894,0.338212639,-0.130478427,0.0620425455,0.0265374444,0.0156459101,-0.0388304107,0.299307168,0.31908375,0.0676322505,0.91881156,0.132131174,-0.127726153,0.0728784874,0.232880965,-0.260080278,0.0305802319,0.990231335,-0.0936500356,-0.0928892195,0.0453930795,0.332399279,0.686724067,-0.0758318231,-1.25421023,-1.24242914,-0.158222407,-0.967256367,0.289787918,-0.810389578,0.583819866,-0.283494383,0.331528455,-0.341439396,0.360957682,0.328256488,-0.258321017,0.353489846,0.155135572,-0.106874339,0.00704041403,0.26370275,0.0383551195,0.30261609,0.0961755142,-0.180875465,0.00844608806,0.255029321,-0.0138971535,-0.214925081,0.0747718289,0.118581749,-0.0200279523,0.328599006,-0.00311774015,0.169002369,-0.406170458,0.0116311461,0.0688184947,0.369861424,-0.154035062,0.086267747,0.00323949568,0.188699856,-0.0277059041,0.203759655,0.425936401,0.100275204,0.807972491,0.138150573,-0.172913343,0.0931847841,0.30266127,-0.327363729,0.000724829733,0.997676075,-0.0840527713,-0.0921958014,0.0324560925,0.0747718289,0.118581749,-0.0200279523,0.328599006,-0.00311774015,0.169002369,-0.406170458,0.0116311461,0.0688184947,0.369861424,-0.154035062,0.086267747,0.00323949568,0.188699856,-0.0277059041,0.203759655,0.425936401,0.100275204,0.807972491,0.138150573,-0.172913343,0.0931847841,0.30266127,-0.327363729,0.000724829733,0.997676075,-0.0840527713,-0.0921958014,0.0324560925,0.0747718289,0.118581749,-0.0200279523,0.328599006,-0.00311774015,0.169002369,-0.406170458,0.0116311461,0.0688184947,0.369861424,-0.154035062,0.086267747,0.00323949568,0.188699856,-0.0277059041,0.203759655,0.425936401,0.100275204,0.807972491,0.138150573,-0.172913343,0.0931847841,0.30266127,-0.327363729,0.000724829733,0.997676075,-0.0840527713,-0.0921958014,0.0324560925
0.854915409,3217568.26,0,0,0.0142426989,4.27197665e-06,0.993237257,0.208818819,0,1,0.736313164,-0.0284133684,0.0262475796,0.675534368,-0.383170128,0.0461489074,0.882246435,0,-0,-0,-0.0563539453,0.0787311196,-0.00804089662,0.273341507,-0.249450713,0.15549548,-0.272140503,0.00312747667,0.0850415826,0.346946031,-0.133367449,0.0654040873,0.0234916396,0.0185855888,-0.0355394818,0.295795023,0.322870016,0.0686646849,0.918035507,0.132214502,-0.124432608,0.0730486736,0.23629573,-0.259293586,0.0284100734,0.99031496,-0.0916571766,-0.0929676294,0.043136213,0.114437595,0.650741339,0.00592402276,-0.945961535,-0.983890891,-0.75229758,-1.28264678,0.192087263,-0.841162145,1.13333857,-0.290276468,0.342176408,-0.267833054,0.245991379,0.334253192,-0.409594119,0.390116662,0.0787112489,-0.0650008619,0.00928506535,0.377454102,0.00481447531,0.360920072,0.0672072619,-0.248415455,0.00811580475,0.160611704,-0.00382560724,-0.240651876,0.0747718289,0.118581749,-0.0200279523,0.328599006,-0.00311774015,0.169002369,-0.406170458,0.0116311461,0.0688184947,0.369861424,-0.154035062,0.086267747,0.00323949568,0.188699856,-0.0277059041,0.203759655,0.425936401,0.100275204,0.807972491,0.138150573,-0.172913343,0.0931847841,0.30266127,-0.327363729,0.000724829733,0.997676075,-0.0840527713,-0.0921958014,0.0324560925,0.0747718289,0.118581749,-0.0200279523,0.328599006,-0.00311774015,0.169002369,-0.406170458,0.0116311461,0.0688184947,0.369861424,-0.154035062,0.086267747,0.00323949568,0.188699856,-0.0277059041,0.203759655,0.425936401,0.100275204,0.807972491,0.138150573,-0.172913343,0.0931847841,0.30266127,-0.327363729,0.000724829733,0.997676075,-0.0840527713,-0.0921958014,0.0324560925,0.0747718289,0.118581749,-0.0200279523,0.328599006,-0.00311774015,0.169002369,-0.406170458,0.0116311461,0.0688184947,0.369861424,-0.154035062,0.086267747,0.00323949568,0.188699856,-0.0277059041,0.203759655,0.425936401,0.100275204,0.807972491,0.138150573,-0.172913343,0.0931847841,0.30266127,-0.327363729,0.000724829733,0.997676075,-0.0840527713,-0.0921958014,0.0324560925
0.864916266,3217568.27,0,0,0.00427764188,4.69898805e-06,0.996652246,0.183760189,0.11462076,1,0.733297288,-0.0295383651,0.0251637567,0.678799927,-0.321702152,-0.0553044081,0.872416914,0,-0,-0,-0.0557621717,0.0848262012,-0.00801654067,0.265802324,-0.258765101,0.147780508,-0.285189778,0.00467143627,0.0771027952,0.358984739,-0.135302529,0.0684911236,0.0209409297,0.0205568075,-0.0314556323,0.29085052,0.326761156,0.0692363977,0.917674541,0.132317141,-0.120202243,0.0729672909,0.239996687,-0.258911997,0.0257287361,0.990508914,-0.0905293375,-0.0929726362,0.0407984182,0.034037631,0.579959095,-0.000192492967,-0.629991233,-0.908500135,-0.763981938,-1.3018086,0.132017404,-0.750446737,1.22454572,-0.127334207,0.283947974,-0.248323962,0.163921028,0.465515792,-0.54771924,0.387467235,0.0450039692,-0.0226895176,0.0106947348,0.455054104,-0.0167518333,0.37325722,0.0226521641,-0.284606189,0.0294837635,0.0821240619,0.00111562584,-0.227443933,0.105193116,0.163810819,-0.0275900736,0.339561284,0.11150302,0.155672446,-0.449762762,0.0217271857,0.0534383059,0.421720713,-0.170746252,0.0719723254,-0.00534122437,0.196874261,-0.049625583,0.196534202,0.4171471,0.10237585,0.807805538,0.138781115,-0.162231669,0.0874456242,0.306638628,-0.33694306,-0.00313145295,0.995143414,-0.0918159634,-0.0901172236,0.0309380889,0.105193116,0.163810819,-0.0275900736,0.339561284,0.11150302,0.155672446,-0.449762762,0.0217271857,0.0534383059,0.421720713,-0.170746252,0.0719723254,-0.00534122437,0.196874261,-0.049625583,0.196534202,0.4171471,0.10237585,0.807805538,0.138781115,-0.162231669,0.0874456242,0.306638628,-0.33694306,-0.00313145295,0.995143414,-0.0918159634,-0.0901172236,0.0309380889,0.105193116,0.163810819,-0.0275900736,0.339561284,0.11150302,0.155672446,-0.449762762,0.0217271857,0.0534383059,0.421720713,-0.170746252,0.0719723254,-0.00534122437,0.196874261,-0.049625583,0.196534202,0.4171471,0.10237585,0.807805538,0.138781115,-0.162231669,0.0874456242,0.306638628,-0.33694306,-0.00313145295,0.995143414,-0.0918159634,-0.0901172236,0.0309380889
0.874939447,3217568.28,0,0,0.0143008227,6.12577423e-06,0.998701036,0.183760189,0,1,0.730572164,-0.030405296,0.0242638737,0.681726515,-0.269133419,-0.0479910038,0.761302948,0,-0,-0,-0.0563985482,0.0906512365,-0.00747844856,0.260367304,-0.265838683,0.135361895,-0.301675558,0.00588761037,0.0695150644,0.378548175,-0.140168011,0.0699059069,0.0185282603,0.0215951838,-0.0274566188,0.285498828,0.330329925,0.0706798956,0.91740936,0.132654518,-0.11490196,0.0722854435,0.243486494,-0.258891821,0.0229612011,0.990936339,-0.090139322,-0.092625834,0.0388152078,-0.0686208531,0.578597903,0.0411635973,-0.48334983,-0.639833748,-1.34123123,-1.72801518,0.125235811,-0.745876551,2.18514442,-0.52417779,0.0797095597,-0.261434734,0.087173678,0.421634555,-0.540286303,0.328845739,0.198319927,-0.018780997,0.0418274179,0.568790615,-0.0901982784,0.323717654,-0.0194922388,-0.266254783,0.0529714227,0.0196406506,0.0520195775,-0.175862208,0.105193116,0.163810819,-0.0275900736,0.339561284,0.11150302,0.155672446,-0.449762762,0.0217271857,0.0534383059,0.421720713,-0.170746252,0.0719723254,-0.00534122437,0.196874261,-0.049625583,0.196534202,0.4171471,0.10237585,0.807805538,0.138781115,-0.162231669,0.0874456242,0.306638628,-0.33694306,-0.00313145295,0.995143414,-0.0918159634,-0.0901172236,0.0309380889,0.105193116,0.163810819,-0.0275900736,0.339561284,0.11150302,0.155672446,-0.449762762,0.0217271857,0.0534383059,0.421720713,-0.170746252,0.0719723254,-0.00534122437,0.196874261,-0.049625583,0.196534202,0.4171471,0.10237585,0.807805538,0.138781115,-0.162231669,0.0874456242,0.306638628,-0.33694306,-0.00313145295,0.995143414,-0.0918159634,-0.0901172236,0.0309380889,0.105193116,0.163810819,-0.0275900736,0.339561284,0.11150302,0.155672446,-0.449762762,0.0217271857,0.0534383059,0.421720713,-0.170746252,0.0719723254,-0.00534122437,0.196874261,-0.049625583,0.196534202,0.4171471,0.10237585,0.807805538,0.138781115,-0.162231669,0.0874456242,0.306638628,-0.33694306,-0.00313145295,0.995143414,-0.0918159634,-0.0901172236,0.0309380889
0.885940271,3217568.29,0,0,0.00522606587,8.73813406e-06,0.999741971,0.252990983,0.0895656943,1,0.727401376,-0.0308568142,0.0225262884,0.685147941,-0.289923191,-0.247291535,0.763187885,0,-0,-0,-0.0565218665,0.0974876508,-0.00802939385,0.256039023,-0.273431093,0.121311903,-0.32050553,0.00784286018,0.0617287606,0.401914537,-0.143966883,0.0703525767,0.0146300215,0.0227872245,-0.021279132,0.278876513,0.333632886,0.0734768435,0.917361081,0.133063793,-0.107473671,0.0711238906,0.247102559,-0.259744436,0.0201557763,0.991828263,-0.0900806114,-0.091872938,0.0371860117,0.0427360609,0.564200878,-0.0917680636,-0.2863639,-0.624242246,-1.05782223,-1.41767716,0.197888747,-0.544474781,1.66984522,-0.223380089,0.0197948907,-0.349613339,0.104050346,0.568597496,-0.556427121,0.242689684,0.236779809,0.0124842683,0.0250022188,0.638780296,-0.0939671099,0.303366214,-0.105840087,-0.208369657,0.0901559591,-0.00154336274,0.064893268,-0.109102078,0.0986830667,0.202435493,-0.0286886096,0.338655561,0.201068714,0.146966517,-0.477045119,0.0190029144,0.0460693538,0.473092377,-0.212856948,0.0395053886,-0.0103748292,0.202587798,-0.0651963055,0.202496171,0.388586938,0.0986907706,0.817256987,0.141630039,-0.145848691,0.070729509,0.298984408,-0.341693461,-0.00135769136,0.984502912,-0.107182518,-0.0851001292,0.0376401059,0.0986830667,0.202435493,-0.0286886096,0.338655561,0.201068714,0.146966517,-0.477045119,0.0190029144,0.0460693538,0.473092377,-0.212856948,0.0395053886,-0.0103748292,0.202587798,-0.0651963055,0.202496171,0.388586938,0.0986907706,0.817256987,0.141630039,-0.145848691,0.070729509,0.298984408,-0.341693461,-0.00135769136,0.984502912,-0.107182518,-0.0851001292,0.0376401059,0.0986830667,0.202435493,-0.0286886096,0.338655561,0.201068714,0.146966517,-0.477045119,0.0190029144,0.0460693538,0.473092377,-0.212856948,0.0395053886,-0.0103748292,0.202587798,-0.0651963055,0.202496171,0.388586938,0.0986907706,0.817256987,0.141630039,-0.145848691,0.070729509,0.298984408,-0.341693461,-0.00135769136,0.984502912,-0.107182518,-0.0851001292,0.0376401059
0.896221088,3217568.3,0,0,0.0155068827,1.27586536e-05,0.999991715,0.252990983,0,1,0.725631118,-0.0309359375,0.0217226949,0.687044859,-0.0905930921,-0.116469651,0.567790389,0,-0,-0,-0.0574336611,0.101367377,-0.00902050734,0.254316181,-0.275690824,0.107993655,-0.334639162,0.00895830058,0.0580328777,0.419795632,-0.151506051,0.0670192987,0.0122180376,0.0224300548,-0.0182998795,0.275010645,0.335431337,0.0763295293,0.917461693,0.133563265,-0.101819791,0.0696652606,0.249616191,-0.260541022,0.0190341286,0.992298961,-0.0918433145,-0.0904484764,0.0367314592,-0.171240896,0.408165842,-0.200456098,-0.152001381,-0.0506909005,-2.00509763,-1.88774085,0.0870681033,-0.397778571,2.44509029,-1.17472291,-0.554947019,-0.272858262,-0.156385675,0.315890729,-0.455586553,0.220540062,0.41848442,0.0211070403,0.0746801049,0.742183805,-0.222707361,0.303992301,-0.0837321505,-0.103701957,0.0473158658,-0.321339786,0.23506622,-0.0319288597,0.0986830667,0.202435493,-0.0286886096,0.338655561,0.201068714,0.146966517,-0.477045119,0.0190029144,0.0460693538,0.473092377,-0.212856948,0.0395053886,-0.0103748292,0.202587798,-0.0651963055,0.202496171,0.388586938,0.0986907706,0.817256987,0.141630039,-0.145848691,0.070729509,0.298984408,-0.341693461,-0.00135769136,0.984502912,-0.107182518,-0.0851001292,0.0376401059,0.0986830667,0.202435493,-0.0286886096,0.338655561,0.201068714,0.146966517,-0.477045119,0.0190029144,0.0460693538,0.473092377,-0.212856948,0.0395053886,-0.0103748292,0.202587798,-0.0651963055,0.202496171,0.388586938,0.0986907706,0.817256987,0.141630039,-0.145848691,0.070729509,0.298984408,-0.341693461,-0.00135769136,0.984502912,-0.107182518,-0.0851001292,0.0376401059,0.0986830667,0.202435493,-0.0286886096,0.338655561,0.201068714,0.146966517,-0.477045119,0.0190029144,0.0460693538,0.473092377,-0.212856948,0.0395053886,-0.0103748292,0.202587798,-0.0651963055,0.202496171,0.388586938,0.0986907706,0.817256987,0.141630039,-0.145848691,0.070729509,0.298984408,-0.341693461,-0.00135769136,0.984502912,-0.107182518,-0.0851001292,0.0376401059
0.906915185,3217568.31,0,0,0.00602749409,4.04007733e-06,1,0.423668884,0.0550954789,1,0.723978043,-0.0300955139,0.0209470857,0.68884778,0.0284335371,-0.311752439,0.445255876,0,-0,-0,-0.0584374294,0.104411632,-0.0118752811,0.253995329,-0.273867637,0.0881775692,-0.352095395,0.00921022799,0.0547329448,0.442408651,-0.161177516,0.062457528,0.0094856834,0.0198510922,-0.0142984847,0.270413697,0.337234586,0.0809936225,0.918460429,0.134179369,-0.0942236632,0.0672624037,0.252201378,-0.261434019,0.0184534602,0.992625654,-0.0956262201,-0.0877453387,0.0367327482,-0.0436012782,0.258201838,-0.318603277,0.0470587127,0.269349307,-1.8152796,-1.60414016,0.00712000206,-0.29434374,2.02437878,-0.805162251,-0.391938388,-0.277477086,-0.287469953,0.45122245,-0.461281538,0.146525249,0.471475065,0.164823592,0.04590635,0.755517721,-0.23612982,0.240846708,-0.104760177,-0.0372292511,0.0235812832,-0.378387302,0.27082178,0.0161590632,0.0470479354,0.246452361,-0.0241228342,0.320431054,0.256164193,0.15042004,-0.459611863,-0.00597284175,0.0512026735,0.509692252,-0.228643045,0.00456810696,-0.0132981744,0.208188921,-0.0667140931,0.224115327,0.348263204,0.0924455747,0.832625747,0.146294236,-0.121825531,0.0478000939,0.274715424,-0.341406941,0.00582001917,0.963846982,-0.128741443,-0.0779646859,0.0518253259,0.0470479354,0.246452361,-0.0241228342,0.320431054,0.256164193,0.15042004,-0.459611863,-0.00597284175,0.0512026735,0.509692252,-0.228643045,0.00456810696,-0.0132981744,0.208188921,-0.0667140931,0.224115327,0.348263204,0.0924455747,0.832625747,0.146294236,-0.121825531,0.0478000939,0.274715424,-0.341406941,0.00582001917,0.963846982,-0.128741443,-0.0779646859,0.0518253259,0.0470479354,0.246452361,-0.0241228342,0.320431054,0.256164193,0.15042004,-0.459611863,-0.00597284175,0.0512026735,0.509692252,-0.228643045,0.00456810696,-0.0132981744,0.208188921,-0.0667140931,0.224115327,0.348263204,0.0924455747,0.832625747,0.146294236,-0.121825531,0.0478000939,0.274715424,-0.341406941,0.00582001917,0.963846982,-0.128741443,-0.0779646859,0.0518253259
0.916987696,3217568.32,0,0,0.0161000052,4.61703166e-06,1,0.423668884,0,1,0.722658217,-0.0290395636,0.0202249419,0.690299034,0.0281420555,-0.261143565,0.361819237,0,-0,-0,-0.0593962856,0.106848493,-0.0148247452,0.254506528,-0.26998347,0.0719015896,-0.36900562,0.00915450323,0.0518416129,0.463656992,-0.171682402,0.0526358038,0.00595643604,0.0171007738,-0.0115163485,0.267144769,0.337789565,0.0868677795,0.919820845,0.135088682,-0.0853410736,0.0636202917,0.254276097,-0.263050765,0.0182695352,0.9922387,-0.103179269,-0.0836995468,0.0396651961,-0.0715188161,0.250847191,-0.279572219,0.0429707952,0.435502201,-1.472525,-1.65465736,-0.0022084862,-0.29121092,2.06126332,-1.06637776,-1.08136094,-0.392164677,-0.241756335,0.227263078,-0.267865866,-0.00221570791,0.619620383,0.143755808,0.10117197,0.945460498,-0.420358658,0.184397385,-0.203598931,-0.0099295564,-0.0734846666,-0.900992334,0.450867444,0.418998837,0.0470479354,0.246452361,-0.0241228342,0.320431054,0.256164193,0.15042004,-0.459611863,-0.00597284175,0.0512026735,0.509692252,-0.228643045,0.00456810696,-0.0132981744,0.208188921,-0.0667140931,0.224115327,0.348263204,0.0924455747,0.832625747,0.146294236,-0.121825531,0.0478000939,0.274715424,-0.341406941,0.00582001917,0.963846982,-0.128741443,-0.0779646859,0.0518253259,0.0470479354,0.246452361,-0.0241228342,0.320431054,0.256164193,0.15042004,-0.459611863,-0.00597284175,0.0512026735,0.509692252,-0.228643045,0.00456810696,-0.0132981744,0.208188921,-0.0667140931,0.224115327,0.348263204,0.0924455747,0.832625747,0.146294236,-0.121825531,0.0478000939,0.274715424,-0.341406941,0.00582001917,0.963846982,-0.128741443,-0.0779646859,0.0518253259,0.0470479354,0.246452361,-0.0241228342,0.320431054,0.256164193,0.15042004,-0.459611863,-0.00597284175,0.0512026735,0.509692252,-0.228643045,0.00456810696,-0.0132981744,0.208188921,-0.0667140931,0.224115327,0.348263204,0.0924455747,0.832625747,0.146294236,-0.121825531,0.0478000939,0.274715424,-0.341406941,0.00582001917,0.963846982,-0.128741443,-0.0779646859,0.0518253259
0.92792019,3217568.34,0,0,0.00727341697,5.92507422e-06,1,0.190997962,0.0798124522,1,0.721226215,-0.0274197105,0.0182148051,0.691917002,-0.0871045142,-0.410432786,0.270068556,0,-0,-0,-0.0580913126,0.111241803,-0.0181682352,0.254779726,-0.263908625,0.0564484224,-0.387988836,0.0099501973,0.0481365137,0.485558927,-0.183092207,0.0412818566,0.000324411842,0.0154407071,-0.00797912758,0.263943642,0.336450219,0.0941932425,0.923183739,0.136054114,-0.0721953735,0.0576546527,0.25660193,-0.267060906,0.0182274487,0.990621328,-0.114740968,-0.0781145245,0.0457987227,0.171398908,0.352248698,-0.199561998,0.00277926144,0.42242831,-0.819763899,-1.16211164,0.0939846262,-0.216012612,1.18938911,-0.723824143,-0.894238293,-0.395507187,-0.0359294713,0.216845512,-0.184145629,-0.166997626,0.445933014,0.281369001,0.0733422488,0.949740052,-0.434222192,0.188383371,-0.343911916,0.000273718237,-0.196105123,-0.821472108,0.398000658,0.447138608,-0.0327645168,0.261812061,-0.0181538332,0.290459514,0.24982278,0.159875631,-0.409341723,-0.0420490429,0.0662092865,0.520350337,-0.229953364,-0.0233024321,-0.00583484117,0.219465494,-0.0481582284,0.259410828,0.310131907,0.0860614106,0.852132797,0.151240855,-0.0954242721,0.0319061391,0.248485595,-0.339367718,0.0105090775,0.938875735,-0.150038734,-0.0693752468,0.0618089028,-0.0327645168,0.261812061,-0.0181538332,0.290459514,0.24982278,0.159875631,-0.409341723,-0.0420490429,0.0662092865,0.520350337,-0.229953364,-0.0233024321,-0.00583484117,0.219465494,-0.0481582284,0.259410828,0.310131907,0.0860614106,0.852132797,0.151240855,-0.0954242721,0.0319061391,0.248485595,-0.339367718,0.0105090775,0.938875735,-0.150038734,-0.0693752468,0.0618089028,-0.0327645168,0.261812061,-0.0181538332,0.290459514,0.24982278,0.159875631,-0.409341723,-0.0420490429,0.0662092865,0.520350337,-0.229953364,-0.0233024321,-0.00583484117,0.219465494,-0.0481582284,0.259410828,0.310131907,0.0860614106,0.852132797,0.151240855,-0.0954242721,0.0319061391,0.248485595,-0.339367718,0.0105090775,0.938875735,-0.150038734,-0.0693752468,0.0618089028
0.938915191,3217568.35,0,0,0.0182684176,4.41260636e-06,1,0.190997962,0,1,0.720280766,-0.0264114365,0.0164818522,0.692983687,-0.11080876,-0.396900564,0.277927458,0,-0,-0,-0.0563879609,0.114782035,-0.0196993407,0.254630297,-0.259385109,0.0503303446,-0.398148209,0.0106273675,0.0467411391,0.494268924,-0.190118477,0.0300675184,-0.00369827216,0.0156132765,-0.00682165055,0.262728214,0.333884776,0.0982088894,0.925653279,0.137420431,-0.0619109385,0.0528652668,0.259081721,-0.271003187,0.018249698,0.986753941,-0.12476366,-0.0730983391,0.0509207509,0.18962273,0.35774985,-0.104518287,-0.0266207904,0.483721823,-0.530311286,-0.906318426,0.0471784249,-0.0892261937,0.674937248,-0.666585922,-1.06080282,-0.392794758,0.0463039689,0.0764639229,-0.0927378684,-0.306181282,0.34641242,0.245431036,0.157483652,1.04189527,-0.488127917,0.272807807,-0.421281457,0.00306633208,-0.467701107,-1.0219245,0.512881935,0.513709664,-0.0327645168,0.261812061,-0.0181538332,0.290459514,0.24982278,0.159875631,-0.409341723,-0.0420490429,0.0662092865,0.520350337,-0.229953364,-0.0233024321,-0.00583484117,0.219465494,-0.0481582284,0.259410828,0.310131907,0.0860614106,0.852132797,0.151240855,-0.0954242721,0.0319061391,0.248485595,-0.339367718,0.0105090775,0.938875735,-0.150038734,-0.0693752468,0.0618089028,-0.0327645168,0.261812061,-0.0181538332,0.290459514,0.24982278,0.159875631,-0.409341723,-0.0420490429,0.0662092865,0.520350337,-0.229953364,-0.0233024321,-0.00583484117,0.219465494,-0.0481582284,0.259410828,0.310131907,0.0860614106,0.852132797,0.151240855,-0.0954242721,0.0319061391,0.248485595,-0.339367718,0.0105090775,0.938875735,-0.150038734,-0.0693752468,0.0618089028,-0.0327645168,0.261812061,-0.0181538332,0.290459514,0.24982278,0.159875631,-0.409341723,-0.0420490429,0.0662092865,0.520350337,-0.229953364,-0.0233024321,-0.00583484117,0.219465494,-0.0481582284,0.259410828,0.310131907,0.0860614106,0.852132797,0.151240855,-0.0954242721,0.0319061391,0.248485595,-0.339367718,0.0105090775,0.938875735,-0.150038734,-0.0693752468,0.0618089028
0.948937862,3217568.36,0,0,0.00830976199,1.34063885e-05,1,0.173949637,0.0724353269,1,0.719313323,-0.0253804065,0.0145584745,0.694069326,-0.132071018,-0.433736175,0.293539166,0,-0,-0,-0.0541221984,0.118453398,-0.0201253984,0.254365981,-0.254268527,0.0461621508,-0.405485481,0.0107648894,0.0462852605,0.498584628,-0.196198344,0.0208363235,-0.00737088034,0.0165207144,-0.00628302619,0.262067407,0.330207646,0.100488536,0.92828691,0.139061853,-0.0519115254,0.0481295213,0.261977851,-0.275519758,0.0182827357,0.981584847,-0.13393271,-0.0685387105,0.0554177426,0.239449903,0.360941678,-0.0115400041,-0.0199720636,0.510266244,-0.288088948,-0.623222709,-0.0222717449,-0.0254907031,0.286090046,-0.587193966,-0.924171627,-0.333781302,0.115586504,0.0378036834,-0.0570929907,-0.409952521,0.145433843,0.251753181,0.187329292,0.993324697,-0.472978473,0.315844536,-0.467974454,0.00299000205,-0.571838379,-0.873663247,0.451860756,0.391572475,-0.105199844,0.241277725,-0.0125232358,0.261864007,0.186700538,0.168669492,-0.362725705,-0.0544743836,0.0703993887,0.522660911,-0.232059106,-0.0364288054,0.00623811921,0.229695261,-0.0181947723,0.289406836,0.289671451,0.079461582,0.865719676,0.157332376,-0.0728058517,0.0224393476,0.234296426,-0.333433747,0.0126138665,0.921751678,-0.163103312,-0.0592352934,0.0630199164,-0.105199844,0.241277725,-0.0125232358,0.261864007,0.186700538,0.168669492,-0.362725705,-0.0544743836,0.0703993887,0.522660911,-0.232059106,-0.0364288054,0.00623811921,0.229695261,-0.0181947723,0.289406836,0.289671451,0.079461582,0.865719676,0.157332376,-0.0728058517,0.0224393476,0.234296426,-0.333433747,0.0126138665,0.921751678,-0.163103312,-0.0592352934,0.0630199164,-0.105199844,0.241277725,-0.0125232358,0.261864007,0.186700538,0.168669492,-0.362725705,-0.0544743836,0.0703993887,0.522660911,-0.232059106,-0.0364288054,0.00623811921,0.229695261,-0.0181947723,0.289406836,0.289671451,0.079461582,0.865719676,0.157332376,-0.0728058517,0.0224393476,0.234296426,-0.333433747,0.0126138665,0.921751678,-0.163103312,-0.0592352934,0.0630199164
0.958942177,3217568.37,0,0,0.0183140766,1.14026479e-05,1,0.173949637,0,1,0.718661845,-0.0247490797,0.013388833,0.694790184,-0.126032263,-0.428575605,0.329113066,0,-0,-0,-0.0527412519,0.120462425,-0.020129567,0.254288346,-0.251307309,0.0455070585,-0.408620954,0.0102699185,0.0461994149,0.499549836,-0.199730873,0.0148293311,-0.00906941388,0.0173182879,-0.00621859916,0.261733651,0.327416658,0.101043709,0.929450512,0.140613467,-0.0457152911,0.045101393,0.264185667,-0.278397739,0.0182965957,0.977525234,-0.139398873,-0.0654176548,0.0574152581,0.226389512,0.324012786,0.00800846424,-0.00998081174,0.494012713,-0.0529537834,-0.473507911,-0.112881891,-0.00936170947,0.106863886,-0.582889199,-0.999986827,-0.261529922,0.140193999,-1.99951864e-05,-0.0531612784,-0.492964774,0.071370855,0.171204656,0.290029138,1.03783655,-0.518453002,0.385830015,-0.484044403,0.00202841614,-0.71134311,-0.909751594,0.536992967,0.303680956,-0.105199844,0.241277725,-0.0125232358,0.261864007,0.186700538,0.168669492,-0.362725705,-0.0544743836,0.0703993887,0.522660911,-0.232059106,-0.0364288054,0.00623811921,0.229695261,-0.0181947723,0.289406836,0.289671451,0.079461582,0.865719676,0.157332376,-0.0728058517,0.0224393476,0.234296426,-0.333433747,0.0126138665,0.921751678,-0.163103312,-0.0592352934,0.0630199164,-0.105199844,0.241277725,-0.0125232358,0.261864007,0.186700538,0.168669492,-0.362725705,-0.0544743836,0.0703993887,0.522660911,-0.232059106,-0.0364288054,0.00623811921,0.229695261,-0.0181947723,0.289406836,0.289671451,0.079461582,0.865719676,0.157332376,-0.0728058517,0.0224393476,0.234296426,-0.333433747,0.0126138665,0.921751678,-0.163103312,-0.0592352934,0.0630199164,-0.105199844,0.241277725,-0.0125232358,0.261864007,0.186700538,0.168669492,-0.362725705,-0.0544743836,0.0703993887,0.522660911,-0.232059106,-0.0364288054,0.00623811921,0.229695261,-0.0181947723,0.289406836,0.289671451,0.079461582,0.865719676,0.157332376,-0.0728058517,0.0224393476,0.234296426,-0.333433747,0.0126138665,0.921751678,-0.163103312,-0.0592352934,0.0630199164
0.969915895,3217568.38,0,0,0.00924612582,4.41260636e-06,1,0.184224918,0.0947712064,1,0.716280937,-0.0231955852,0.0102241449,0.697351456,-0.166105017,-0.398606628,0.504893005,0,-0,-0,-0.04940046,0.126329094,-0.0135222692,0.254315197,-0.243697047,0.0467569008,-0.412974983,0.00670192437,0.0462300703,0.499044269,-0.208704174,0.00182179536,-0.0125547955,0.0205824301,-0.00683417916,0.261234045,0.317534506,0.100636721,0.93132931,0.146511167,-0.030670451,0.0364028625,0.270774037,-0.286488265,0.018310165,0.966013372,-0.151223645,-0.0577995889,0.0603244528,0.175739437,0.360295087,0.52721417,0.0032351017,0.364152104,0.460413307,-0.168624818,-0.288079053,0.00332646188,-0.00994258281,-0.700664163,-0.72447449,-0.149407133,0.252022743,-0.0858306214,-0.0277829003,-0.687052071,-0.168394327,0.0713943616,0.394511819,0.870339453,-0.538697779,0.437585056,-0.510587573,-0.000720657583,-0.681000888,-0.550064802,0.433625937,0.0908216909,-0.155930966,0.202392861,-0.00482607493,0.232820421,0.0919293314,0.173525766,-0.33402887,-0.0267859343,0.0543206818,0.536020279,-0.248351246,-0.0378968604,0.0147471912,0.232195601,0.0142500252,0.30607,0.29321748,0.0765845031,0.872819364,0.162327021,-0.0538254678,0.0204518847,0.232395157,-0.327812612,0.0135788769,0.919365287,-0.163141489,-0.0518019237,0.060174901,-0.155930966,0.202392861,-0.00482607493,0.232820421,0.0919293314,0.173525766,-0.33402887,-0.0267859343,0.0543206818,0.536020279,-0.248351246,-0.0378968604,0.0147471912,0.232195601,0.0142500252,0.30607,0.29321748,0.0765845031,0.872819364,0.162327021,-0.0538254678,0.0204518847,0.232395157,-0.327812612,0.0135788769,0.919365287,-0.163141489,-0.0518019237,0.060174901,-0.155930966,0.202392861,-0.00482607493,0.232820421,0.0919293314,0.173525766,-0.33402887,-0.0267859343,0.0543206818,0.536020279,-0.248351246,-0.0378968604,0.0147471912,0.232195601,0.0142500252,0.30607,0.29321748,0.0765845031,0.872819364,0.162327021,-0.0538254678,0.0204518847,0.232395157,-0.327812612,0.0135788769,0.919365287,-0.163141489,-0.0518019237,0.060174901
0.979916825,3217568.39,0,0,0.019247056,5.75883314e-06,1,0.184224918,0,1,0.714233458,-0.0225891583,0.00829488132,0.699493766,-0.21652551,-0.344005227,0.645970106,0,-0,-0,-0.0481145121,0.129908904,-0.00888873823,0.254217297,-0.240837216,0.0530394204,-0.413984358,0.00360665913,0.046214968,0.499728978,-0.216111675,-0.00473095942,-0.0134716388,0.0235455278,-0.00808895379,0.260946274,0.310309738,0.0974133238,0.93169558,0.150338292,-0.0228137411,0.0312720276,0.275155753,-0.291449547,0.0182877202,0.960183918,-0.155080125,-0.0538459159,0.0607924573,0.0888639092,0.36538589,0.418825746,-0.0164892115,0.274504274,0.5985955,-0.0529276356,-0.32202974,-0.00285965181,0.101014182,-0.681032598,-0.591369927,-0.0708186626,0.322122753,-0.150478616,-0.021497827,-0.745170414,-0.410038292,0.0214237478,0.365413517,0.704339087,-0.492307544,0.422396302,-0.481042624,-0.00311446586,-0.495135188,-0.287990093,0.351111621,0.026857499,-0.155930966,0.202392861,-0.00482607493,0.232820421,0.0919293314,0.173525766,-0.33402887,-0.0267859343,0.0543206818,0.536020279,-0.248351246,-0.0378968604,0.0147471912,0.232195601,0.0142500252,0.30607,0.29321748,0.0765845031,0.872819364,0.162327021,-0.0538254678,0.0204518847,0.232395157,-0.327812612,0.0135788769,0.919365287,-0.163141489,-0.0518019237,0.060174901,-0.155930966,0.202392861,-0.00482607493,0.232820421,0.0919293314,0.173525766,-0.33402887,-0.0267859343,0.0543206818,0.536020279,-0.248351246,-0.0378968604,0.0147471912,0.232195601,0.0142500252,0.30607,0.29321748,0.0765845031,0.872819364,0.162327021,-0.0538254678,0.0204518847,0.232395157,-0.327812612,0.0135788769,0.919365287,-0.163141489,-0.0518019237,0.060174901,-0.155930966,0.202392861,-0.00482607493,0.232820421,0.0919293314,0.173525766,-0.33402887,-0.0267859343,0.0543206818,0.536020279,-0.248351246,-0.0378968604,0.0147471912,0.232195601,0.0142500252,0.30607,0.29321748,0.0765845031,0.872819364,0.162327021,-0.0538254678,0.0204518847,0.232395157,-0.327812612,0.0135788769,0.919365287,-0.163141489,-0.0518019237,0.060174901
0.990915404,3217568.4,0,0,0.0101074413,4.3772161e-06,1,0.340235885,0.0783064961,1,0.711867273,-0.0222450439,0.00636729412,0.701932728,-0.242437556,-0.32807678,0.636773288,0,-0,-0,-0.0470950454,0.133638069,-0.00481234165,0.253362596,-0.238649413,0.0600395426,-0.414082021,0.000324282068,0.045619756,0.502368391,-0.223466292,-0.00982891023,-0.0131787928,0.0269264113,-0.00959755387,0.260829329,0.30266732,0.0919831172,0.931254685,0.153638855,-0.0165540166,0.0266976804,0.278938144,-0.295886189,0.0182433054,0.956788778,-0.156792179,-0.050844837,0.060422536,0.156808764,0.379314929,0.451495558,-0.174284071,0.142472893,0.882004023,-0.0139897494,-0.320689917,-0.143022642,0.466694295,-0.877981961,-0.449444622,0.155153751,0.339355588,-0.138518244,-0.0068711834,-0.765211344,-0.651947141,-0.124791406,0.302086562,0.622865319,-0.429567605,0.344747066,-0.412437946,-0.00551591348,-0.22296603,-0.0937597379,0.282812536,-0.113533109,-0.172047853,0.153300062,0.0109757762,0.213396251,0.0136228353,0.174686849,-0.333442718,0.0227036923,0.0234341696,0.552502513,-0.265285224,-0.034319561,0.0235414691,0.226107195,0.0426086672,0.319784641,0.311997771,0.0769133419,0.872858822,0.164148107,-0.0357128829,0.0255629364,0.230618477,-0.325155199,0.0125080384,0.926426709,-0.151264474,-0.0476055443,0.0525479279,-0.172047853,0.153300062,0.0109757762,0.213396251,0.0136228353,0.174686849,-0.333442718,0.0227036923,0.0234341696,0.552502513,-0.265285224,-0.034319561,0.0235414691,0.226107195,0.0426086672,0.319784641,0.311997771,0.0769133419,0.872858822,0.164148107,-0.0357128829,0.0255629364,0.230618477,-0.325155199,0.0125080384,0.926426709,-0.151264474,-0.0476055443,0.0525479279,-0.172047853,0.153300062,0.0109757762,0.213396251,0.0136228353,0.174686849,-0.333442718,0.0227036923,0.0234341696,0.552502513,-0.265285224,-0.034319561,0.0235414691,0.226107195,0.0426086672,0.319784641,0.311997771,0.0769133419,0.872858822,0.164148107,-0.0357128829,0.0255629364,0.230618477,-0.325155199,0.0125080384,0.926426709,-0.151264474,-0.0476055443,0.0525479279
1.0009179,3217568.41,0,0,0.000263004098,5.1711686e-06,1,0.170574058,0.0466933548,1,0.708936453,-0.022260448,0.00400959933,0.704909563,-0.330860585,-0.256538391,0.753837407,0,-0,-0,-0.0456433184,0.138756484,0.000106580104,0.250592947,-0.237664014,0.0702668056,-0.413770288,-0.0030244696,0.0424408764,0.509346008,-0.23279196,-0.0144142406,-0.0106393164,0.0314596593,-0.0115039144,0.261130333,0.29321599,0.083097212,0.92902112,0.156858295,-0.0103003653,0.0220162384,0.282290787,-0.300186157,0.0181646533,0.955523014,-0.157113001,-0.047565423,0.0584623404,0.0719969124,0.460118055,0.339360446,-0.245695308,0.0566205531,0.780919254,0.0837307423,-0.239042789,-0.316295862,0.589266121,-0.663798392,-0.341211379,0.203652427,0.406557143,-0.16895549,0.0549826771,-0.808350384,-0.767240524,-0.210300907,0.247246265,0.417547554,-0.366473734,0.227107912,-0.317375243,-0.00706536742,-0.0517922193,0.00188283995,0.266265154,-0.169593722,-0.172047853,0.153300062,0.0109757762,0.213396251,0.0136228353,0.174686849,-0.333442718,0.0227036923,0.0234341696,0.552502513,-0.265285224,-0.034319561,0.0235414691,0.226107195,0.0426086672,0.319784641,0.311997771,0.0769133419,0.872858822,0.164148107,-0.0357128829,0.0255629364,0.230618477,-0.325155199,0.0125080384,0.926426709,-0.151264474,-0.0476055443,0.0525479279,-0.15600583,0.109896801,0.0281715132,0.210150421,-0.0330705196,0.173845723,-0.350304872,0.05444232,-9.37543809e-05,0.564042211,-0.278939813,-0.0295786858,0.0254636835,0.218177363,0.0639474392,0.329511613,0.330632269,0.0761469901,0.869869709,0.160217881,-0.0209150016,0.0330402181,0.22896415,-0.326741815,0.010085538,0.935872018,-0.133096144,-0.0467506945,0.0425945856,-0.15600583,0.109896801,0.0281715132,0.210150421,-0.0330705196,0.173845723,-0.350304872,0.05444232,-9.37543809e-05,0.564042211,-0.278939813,-0.0295786858,0.0254636835,0.218177363,0.0639474392,0.329511613,0.330632269,0.0761469901,0.869869709,0.160217881,-0.0209150016,0.0330402181,0.22896415,-0.326741815,0.010085538,0.935872018,-0.133096144,-0.0467506945,0.0425945856
1.011915,3217568.42,0,0,0.0112601039,4.10480425e-06,1,0.170574058,0,1,0.706329226,-0.0224165358,0.00214795652,0.707525194,-0.224419668,-0.252797395,0.632159293,0,-0,-0,-0.0448297635,0.142828554,0.0015901489,0.24768509,-0.236712292,0.0775812566,-0.412538201,-0.00516345538,0.0391955785,0.51619643,-0.239590302,-0.0171028115,-0.0078839343,0.0347839743,-0.0128289275,0.262166053,0.285264105,0.0751072317,0.926131308,0.158700362,-0.00686743297,0.0187677573,0.283653289,-0.302478611,0.0180851892,0.955756247,-0.155397356,-0.0452163257,0.0562120527,0.120201759,0.314961791,-0.0297942385,-0.33717677,0.161528051,0.710082948,0.0974231213,-0.224502563,-0.342235327,0.842931867,-0.767429233,-0.201490641,0.393936992,0.214766845,-0.0983751416,0.151498571,-0.760292709,-0.840914547,-0.388343781,0.117933355,0.345547438,-0.282124221,0.0583072938,-0.148300797,-0.00781984255,0.103107601,0.395013273,0.202568531,-0.313752949,-0.15600583,0.109896801,0.0281715132,0.210150421,-0.0330705196,0.173845723,-0.350304872,0.05444232,-9.37543809e-05,0.564042211,-0.278939813,-0.0295786858,0.0254636835,0.218177363,0.0639474392,0.329511613,0.330632269,0.0761469901,0.869869709,0.160217881,-0.0209150016,0.0330402181,0.22896415,-0.326741815,0.010085538,0.935872018,-0.133096144,-0.0467506945,0.0425945856,-0.15600583,0.109896801,0.0281715132,0.210150421,-0.0330705196,0.173845723,-0.350304872,0.05444232,-9.37543809e-05,0.564042211,-0.278939813,-0.0295786858,0.0254636835,0.218177363,0.0639474392,0.329511613,0.330632269,0.0761469901,0.869869709,0.160217881,-0.0209150016,0.0330402181,0.22896415,-0.326741815,0.010085538,0.935872018,-0.133096144,-0.0467506945,0.0425945856,-0.15600583,0.109896801,0.0281715132,0.210150421,-0.0330705196,0.173845723,-0.350304872,0.05444232,-9.37543809e-05,0.564042211,-0.278939813,-0.0295786858,0.0254636835,0.218177363,0.0639474392,0.329511613,0.330632269,0.0761469901,0.869869709,0.160217881,-0.0209150016,0.0330402181,0.22896415,-0.326741815,0.010085538,0.935872018,-0.133096144,-0.0467506945,0.0425945856
1.02194896,3217568.43,0,0,0.00126003614,8.33394006e-06,1,0.223490875,0.0388353765,1,0.704350829,-0.0221934579,0.000812221318,0.709504545,-0.145035759,-0.210063532,0.521426439,0,-0,-0,-0.0438804328,0.145301774,-0.000428454427,0.244419128,-0.234444886,0.083853282,-0.411434829,-0.00719638402,0.0353914984,0.524852395,-0.246486738,-0.0188371632,-0.00335187325,0.0359367393,-0.0136823971,0.264576405,0.277774334,0.066889219,0.921537757,0.159342706,-0.00402330933,0.0164528918,0.282992452,-0.30320847,0.0180226024,0.957520545,-0.150112137,-0.0435581058,0.0527128801,0.0632184148,0.222542465,-0.288012236,-0.302042127,0.25779593,0.568829179,0.140499145,-0.173057392,-0.394023627,0.821648955,-0.608305991,-0.162632391,0.46007961,0.0715648681,-0.0797625706,0.300305605,-0.752436519,-0.78597939,-0.478889912,0.0402236544,0.22115013,-0.203119561,-0.149410814,-0.0343270935,-0.00535103073,0.205641359,0.550970435,0.146164209,-0.343797624,-0.133345872,0.0971195623,0.0350548923,0.213184878,-0.0719058961,0.178541005,-0.357581586,0.059019845,-0.00596478581,0.56480372,-0.289256483,-0.0237514134,0.0206359588,0.222827703,0.074120909,0.336845636,0.345757723,0.0760495812,0.867792606,0.156307787,-0.0124938358,0.0371156745,0.232077956,-0.331378251,0.0101583079,0.950251102,-0.119044453,-0.0426380113,0.035080418,-0.133345872,0.0971195623,0.0350548923,0.213184878,-0.0719058961,0.178541005,-0.357581586,0.059019845,-0.00596478581,0.56480372,-0.289256483,-0.0237514134,0.0206359588,0.222827703,0.074120909,0.336845636,0.345757723,0.0760495812,0.867792606,0.156307787,-0.0124938358,0.0371156745,0.232077956,-0.331378251,0.0101583079,0.950251102,-0.119044453,-0.0426380113,0.035080418,-0.133345872,0.0971195623,0.0350548923,0.213184878,-0.0719058961,0.178541005,-0.357581586,0.059019845,-0.00596478581,0.56480372,-0.289256483,-0.0237514134,0.0206359588,0.222827703,0.074120909,0.336845636,0.345757723,0.0760495812,0.867792606,0.156307787,-0.0124938358,0.0371156745,0.232077956,-0.331378251,0.0101583079,0.950251102,-0.119044453,-0.0426380113,0.035080418
1.03292729,3217568.44,0,0,0.0122383661,9.05292109e-06,1,0.223490875,0,1,0.702687263,-0.0217875857,-0.00036255279,0.711165071,-0.0985943973,-0.242705435,0.422814161,0,-0,-0,-0.0431079157,0.1472985,-0.00354169309,0.241819397,-0.231898442,0.0899032354,-0.408969879,-0.00836020336,0.0313107483,0.532107949,-0.252802998,-0.0198972616,0.00086912082,0.0361381173,-0.0138224391,0.268683583,0.270174772,0.059667293,0.916274309,0.159522817,-0.00236462359,0.0149019388,0.279633254,-0.303118795,0.0179917719,0.96053499,-0.14333941,-0.0421567298,0.0489032306,0.0886804238,0.186455235,-0.303215146,-0.230711013,0.242760837,0.649885774,0.314301431,-0.0782662407,-0.419088244,0.661587596,-0.663089156,-0.0668673068,0.389017999,-0.011459237,0.0248354487,0.491592556,-0.762897074,-0.683152914,-0.559553504,0.00630725641,0.141652152,-0.122645125,-0.466282874,0.0334254503,-0.00161472661,0.374688089,0.777743995,0.142569333,-0.416074634,-0.133345872,0.0971195623,0.0350548923,0.213184878,-0.0719058961,0.178541005,-0.357581586,0.059019845,-0.00596478581,0.56480372,-0.289256483,-0.0237514134,0.0206359588,0.222827703,0.074120909,0.336845636,0.345757723,0.0760495812,0.867792606,0.156307787,-0.0124938358,0.0371156745,0.232077956,-0.331378251,0.0101583079,0.950251102,-0.119044453,-0.0426380113,0.035080418,-0.133345872,0.0971195623,0.0350548923,0.213184878,-0.0719058961,0.178541005,-0.357581586,0.059019845,-0.00596478581,0.56480372,-0.289256483,-0.0237514134,0.0206359588,0.222827703,0.074120909,0.336845636,0.345757723,0.0760495812,0.867792606,0.156307787,-0.0124938358,0.0371156745,0.232077956,-0.331378251,0.0101583079,0.950251102,-0.119044453,-0.0426380113,0.035080418,-0.133345872,0.0971195623,0.0350548923,0.213184878,-0.0719058961,0.178541005,-0.357581586,0.059019845,-0.00596478581,0.56480372,-0.289256483,-0.0237514134,0.0206359588,0.222827703,0.074120909,0.336845636,0.345757723,0.0760495812,0.867792606,0.156307787,-0.0124938358,0.0371156745,0.232077956,-0.331378251,0.0101583079,0.950251102,-0.119044453,-0.0426380113,0.035080418
1.04292789,3217568.45,0,0,0.00232314179,9.94279981e-06,1,0.182466116,0.0305290073,1,0.701363385,-0.0213009827,-0.0013563619,0.712484241,-0.0665663928,-0.195871383,0.332250684,0,-0,-0,-0.0425755307,0.149104297,-0.00623757206,0.239919007,-0.22951971,0.0962623134,-0.405283451,-0.0084571261,0.0272226203,0.537534595,-0.258680701,-0.0203111321,0.00435429905,0.0357242823,-0.013665094,0.274525791,0.262504697,0.0534443855,0.910897493,0.159509629,-0.00155939069,0.013935159,0.273756564,-0.302554429,0.0179804638,0.964391112,-0.135980651,-0.0407303795,0.0449926481,0.0323133506,0.179844707,-0.238827854,-0.168245509,0.237103641,0.613010168,0.402727187,0.0439952388,-0.384141237,0.464816779,-0.532535493,-0.0304073915,0.328594387,-0.0581899658,0.00994878914,0.632457435,-0.768963456,-0.582468867,-0.512813866,-0.00458942447,0.0477308929,-0.0860958025,-0.65237993,0.0691349506,-0.00108098309,0.366727054,0.671000659,0.139502585,-0.358666569,-0.108284585,0.100406691,0.0295950044,0.220629781,-0.102434903,0.181094363,-0.355591476,0.0404968448,0.00224182103,0.549233317,-0.295482367,-0.016839616,0.0168725513,0.240519121,0.0722055286,0.34384644,0.352915823,0.0752815381,0.866199613,0.150946185,-0.0114245554,0.0396087207,0.240937948,-0.335072935,0.00936610252,0.96718663,-0.112428203,-0.0391690545,0.0297879837,-0.108284585,0.100406691,0.0295950044,0.220629781,-0.102434903,0.181094363,-0.355591476,0.0404968448,0.00224182103,0.549233317,-0.295482367,-0.016839616,0.0168725513,0.240519121,0.0722055286,0.34384644,0.352915823,0.0752815381,0.866199613,0.150946185,-0.0114245554,0.0396087207,0.240937948,-0.335072935,0.00936610252,0.96718663,-0.112428203,-0.0391690545,0.0297879837,-0.108284585,0.100406691,0.0295950044,0.220629781,-0.102434903,0.181094363,-0.355591476,0.0404968448,0.00224182103,0.549233317,-0.295482367,-0.016839616,0.0168725513,0.240519121,0.0722055286,0.34384644,0.352915823,0.0752815381,0.866199613,0.150946185,-0.0114245554,0.0396087207,0.240937948,-0.335072935,0.00936610252,0.96718663,-0.112428203,-0.0391690545,0.0297879837
1.05392791,3217568.46,0,0,0.0133231627,9.56701115e-06,1,0.182466116,0,1,0.70004034,-0.020617919,-0.00246409257,0.713801384,-0.0517634414,-0.243291587,0.309128493,0,-0,-0,-0.0420964584,0.151200578,-0.00892020948,0.238500893,-0.227034941,0.103812099,-0.398502588,-0.00693333801,0.0232749581,0.540151715,-0.26462841,-0.0204868279,0.00737458188,0.0349411815,-0.0129299173,0.282730371,0.253306985,0.0468857251,0.90549618,0.158870876,-0.00131146575,0.0131289884,0.264557093,-0.30162707,0.0179709233,0.968703508,-0.128918454,-0.0392920971,0.0409936123,0.05005854,0.166078195,-0.235152915,-0.0685411617,0.170551509,0.667185307,0.71747756,0.173875153,-0.289910167,-0.00970978383,-0.494202882,-0.00230671023,0.174821183,-0.0621012002,0.108131997,0.716787696,-0.760730624,-0.540213346,-0.399971396,-0.109737255,0.00849214103,-0.0511849523,-0.850771666,0.0768312514,-0.000476549263,0.388468981,0.567502022,0.103447102,-0.341655135,-0.108284585,0.100406691,0.0295950044,0.220629781,-0.102434903,0.181094363,-0.355591476,0.0404968448,0.00224182103,0.549233317,-0.295482367,-0.016839616,0.0168725513,0.240519121,0.0722055286,0.34384644,0.352915823,0.0752815381,0.866199613,0.150946185,-0.0114245554,0.0396087207,0.240937948,-0.335072935,0.00936610252,0.96718663,-0.112428203,-0.0391690545,0.0297879837,-0.108284585,0.100406691,0.0295950044,0.220629781,-0.102434903,0.181094363,-0.355591476,0.0404968448,0.00224182103,0.549233317,-0.295482367,-0.016839616,0.0168725513,0.240519121,0.0722055286,0.34384644,0.352915823,0.0752815381,0.866199613,0.150946185,-0.0114245554,0.0396087207,0.240937948,-0.335072935,0.00936610252,0.96718663,-0.112428203,-0.0391690545,0.0297879837,-0.108284585,0.100406691,0.0295950044,0.220629781,-0.102434903,0.181094363,-0.355591476,0.0404968448,0.00224182103,0.549233317,-0.295482367,-0.016839616,0.0168725513,0.240519121,0.0722055286,0.34384644,0.352915823,0.0752815381,0.866199613,0.150946185,-0.0114245554,0.0396087207,0.240937948,-0.335072935,0.00936610252,0.96718663,-0.112428203,-0.0391690545,0.0297879837
1.06392818,3217568.47,0,0,0.00325766066,9.46875662e-06,1,0.204920303,0.0263563395,1,0.699089646,-0.0199401844,-0.00325871026,0.714748502,0.00184051169,-0.189936981,0.229379714,0,-0,-0,-0.0418408103,0.152656361,-0.010738166,0.238017812,-0.225441858,0.110250376,-0.390879005,-0.0046659112,0.0212547332,0.538898468,-0.269305497,-0.0204466842,0.00901067909,0.0340903737,-0.0122008538,0.290157109,0.245851368,0.0416515879,0.902343035,0.157530591,-0.00133493252,0.0124940062,0.25584808,-0.300845295,0.0179639831,0.972257733,-0.12404447,-0.0384105965,0.0378673188,0.0123561956,0.129388005,-0.137802631,-0.0428549461,0.157183588,0.620303214,0.777145386,0.25689581,-0.145952851,-0.17083846,-0.445263952,0.00669810455,0.166957393,-0.104402065,0.0488298871,0.75225693,-0.735143721,-0.507800043,-0.25428167,-0.14099668,-0.00933625363,-0.07712432,-0.873263299,0.0790543556,-0.000891213771,0.317381054,0.425565273,0.077938199,-0.285370022,-0.0843740702,0.109474905,0.0194984935,0.224687815,-0.12173938,0.180591255,-0.354440838,0.0208155438,0.0103023443,0.522876978,-0.296427995,-0.00881670415,0.0157722309,0.261525989,0.0635970235,0.350723565,0.352921605,0.0742797628,0.86426264,0.143189505,-0.0160601679,0.0400301926,0.25016287,-0.338194072,0.00511597283,0.981446803,-0.111945942,-0.0389277562,0.0262663681,-0.0843740702,0.109474905,0.0194984935,0.224687815,-0.12173938,0.180591255,-0.354440838,0.0208155438,0.0103023443,0.522876978,-0.296427995,-0.00881670415,0.0157722309,0.261525989,0.0635970235,0.350723565,0.352921605,0.0742797628,0.86426264,0.143189505,-0.0160601679,0.0400301926,0.25016287,-0.338194072,0.00511597283,0.981446803,-0.111945942,-0.0389277562,0.0262663681,-0.0843740702,0.109474905,0.0194984935,0.224687815,-0.12173938,0.180591255,-0.354440838,0.0208155438,0.0103023443,0.522876978,-0.296427995,-0.00881670415,0.0157722309,0.261525989,0.0635970235,0.350723565,0.352921605,0.0742797628,0.86426264,0.143189505,-0.0160601679,0.0400301926,0.25016287,-0.338194072,0.00511597283,0.981446803,-0.111945942,-0.0389277562,0.0262663681
1.07394617,3217568.48,0,0,0.0132756508,7.40913674e-06,1,0.204920303,0,1,0.698181748,-0.0191876888,-0.00399281131,0.715652287,0.0115836421,-0.204793364,0.246871009,0,-0,-0,-0.0414697938,0.153893545,-0.0125175957,0.237707943,-0.224104688,0.115891434,-0.380956769,-0.0020322043,0.0197140705,0.532940686,-0.272739589,-0.0193761289,0.0100661488,0.0333746597,-0.0115096467,0.297657311,0.23853159,0.0364989489,0.900949419,0.15529865,-0.00169513817,0.0115502765,0.247112125,-0.300296694,0.0179279614,0.975629032,-0.12074779,-0.037988659,0.0350008458,0.0329697169,0.106545471,-0.175217763,-0.0274262112,0.124633074,0.534591675,1.06258798,0.262159497,-0.136387959,-0.764460385,-0.318355381,0.127680525,0.0932404548,-0.0719552189,0.0521658063,0.755248487,-0.725494325,-0.511615038,-0.0833867043,-0.258589625,-0.0374390483,-0.115852229,-0.854088724,0.043605607,-0.00489526801,0.32817781,0.268913716,0.0260381084,-0.275567263,-0.0843740702,0.109474905,0.0194984935,0.224687815,-0.12173938,0.180591255,-0.354440838,0.0208155438,0.0103023443,0.522876978,-0.296427995,-0.00881670415,0.0157722309,0.261525989,0.0635970235,0.350723565,0.352921605,0.0742797628,0.86426264,0.143189505,-0.0160601679,0.0400301926,0.25016287,-0.338194072,0.00511597283,0.981446803,-0.111945942,-0.0389277562,0.0262663681,-0.0843740702,0.109474905,0.0194984935,0.224687815,-0.12173938,0.180591255,-0.354440838,0.0208155438,0.0103023443,0.522876978,-0.296427995,-0.00881670415,0.0157722309,0.261525989,0.0635970235,0.350723565,0.352921605,0.0742797628,0.86426264,0.143189505,-0.0160601679,0.0400301926,0.25016287,-0.338194072,0.00511597283,0.981446803,-0.111945942,-0.0389277562,0.0262663681,-0.0843740702,0.109474905,0.0194984935,0.224687815,-0.12173938,0.180591255,-0.354440838,0.0208155438,0.0103023443,0.522876978,-0.296427995,-0.00881670415,0.0157722309,0.261525989,0.0635970235,0.350723565,0.352921605,0.0742797628,0.86426264,0.143189505,-0.0160601679,0.0400301926,0.25016287,-0.338194072,0.00511597283,0.981446803,-0.111945942,-0.0389277562,0.0262663681
1.08492457,3217568.49,0,0,0.00426328881,7.59819523e-06,1,0.202253927,0.0504246652,1,0.697384477,-0.0181894768,-0.00433321204,0.716453254,0.117892578,-0.127692088,0.145734236,0,-0,-0,-0.0413068868,0.154501185,-0.0137680825,0.23729822,-0.222618401,0.121639661,-0.368598551,0.000868674426,0.0188353304,0.524158776,-0.276634037,-0.0181707013,0.0116570424,0.031941779,-0.0113588106,0.306847006,0.230013445,0.0308429673,0.900523365,0.152175769,-0.00191893626,0.00950588845,0.237626448,-0.299894899,0.0178555697,0.978597105,-0.118548058,-0.03782662,0.032307338,-0.00738001522,0.010966056,-0.0562455393,-0.0365718193,0.125218555,0.425737828,0.982441068,0.220389917,-0.0425710753,-0.65152961,-0.313717693,0.0877266601,0.157093331,-0.153631955,-0.0146681229,0.773499608,-0.700755775,-0.43467024,-0.00584187685,-0.247339606,-0.00861093681,-0.207649931,-0.741983056,0.0263465028,-0.00653602462,0.178150088,0.13133055,0.00776799861,-0.183283851,-0.0560684912,0.118979625,0.00501774671,0.231949389,-0.136306524,0.175584719,-0.348961025,-0.00634532981,0.0251258612,0.472452313,-0.289793968,0.00304005062,0.0158407986,0.281663597,0.0516276993,0.355016232,0.355905414,0.0755602717,0.861971319,0.134927735,-0.0242475439,0.0410927869,0.261443108,-0.343877614,-0.00269433483,0.993358791,-0.117902502,-0.0361629389,0.0245496705,-0.0560684912,0.118979625,0.00501774671,0.231949389,-0.136306524,0.175584719,-0.348961025,-0.00634532981,0.0251258612,0.472452313,-0.289793968,0.00304005062,0.0158407986,0.281663597,0.0516276993,0.355016232,0.355905414,0.0755602717,0.861971319,0.134927735,-0.0242475439,0.0410927869,0.261443108,-0.343877614,-0.00269433483,0.993358791,-0.117902502,-0.0361629389,0.0245496705,-0.0560684912,0.118979625,0.00501774671,0.231949389,-0.136306524,0.175584719,-0.348961025,-0.00634532981,0.0251258612,0.472452313,-0.289793968,0.00304005062,0.0158407986,0.281663597,0.0516276993,0.355016232,0.355905414,0.0755602717,0.861971319,0.134927735,-0.0242475439,0.0410927869,0.261443108,-0.343877614,-0.00269433483,0.993358791,-0.117902502,-0.0361629389,0.0245496705
1.09492932,3217568.5,0,0,0.0142680337,1.02608465e-05,1,0.202253927,0,1,0.696758807,-0.0174267702,-0.0045187939,0.71707958,0.0979515463,-0.180463761,0.246510372,0,-0,-0,-0.0411138274,0.154576436,-0.0149655994,0.237119451,-0.221733242,0.124288842,-0.358348101,0.00246985513,0.018478306,0.513731122,-0.278021723,-0.0159168635,0.0124029256,0.0311585981,-0.0111719379,0.312796086,0.224341378,0.0272828713,0.90120697,0.149752155,-0.00207066559,0.00769222621,0.232189715,-0.299770862,0.0170007832,0.980067313,-0.117942207,-0.0377871916,0.0309875775,0.0279728714,-0.000471279083,-0.181916773,-0.0160545111,0.104672894,0.285702199,1.40016186,0.183034867,-0.0353189819,-1.58896983,-0.115681648,0.341111362,0.0722679943,-0.0809941664,0.0247242972,0.733013451,-0.710000038,-0.446622789,0.130514696,-0.327501386,-0.0215270091,-0.239552334,-0.636884511,0.0107547529,-0.156023145,0.182174131,0.0512827672,0.00371219567,-0.153708443,-0.0560684912,0.118979625,0.00501774671,0.231949389,-0.136306524,0.175584719,-0.348961025,-0.00634532981,0.0251258612,0.472452313,-0.289793968,0.00304005062,0.0158407986,0.281663597,0.0516276993,0.355016232,0.355905414,0.0755602717,0.861971319,0.134927735,-0.0242475439,0.0410927869,0.261443108,-0.343877614,-0.00269433483,0.993358791,-0.117902502,-0.0361629389,0.0245496705,-0.0560684912,0.118979625,0.00501774671,0.231949389,-0.136306524,0.175584719,-0.348961025,-0.00634532981,0.0251258612,0.472452313,-0.289793968,0.00304005062,0.0158407986,0.281663597,0.0516276993,0.355016232,0.355905414,0.0755602717,0.861971319,0.134927735,-0.0242475439,0.0410927869,0.261443108,-0.343877614,-0.00269433483,0.993358791,-0.117902502,-0.0361629389,0.0245496705,-0.0560684912,0.118979625,0.00501774671,0.231949389,-0.136306524,0.175584719,-0.348961025,-0.00634532981,0.0251258612,0.472452313,-0.289793968,0.00304005062,0.0158407986,0.281663597,0.0516276993,0.355016232,0.355905414,0.0755602717,0.861971319,0.134927735,-0.0242475439,0.0410927869,0.261443108,-0.343877614,-0.00269433483,0.993358791,-0.117902502,-0.0361629389,0.0245496705
1.10592867,3217568.51,0,0,0.00526328711,9.6722506e-06,1,0.201351009,0.0512216687,1,0.696010351,-0.016370222,-0.00442300411,0.717831492,0.207653359,-0.103313625,0.172930822,0,-0,-0,-0.041049134,0.153917119,-0.0163270403,0.236916274,-0.220710576,0.126848921,-0.344531506,0.0035898725,0.0185044501,0.497313857,-0.278849155,-0.0130772302,0.0135923792,0.0299171936,-0.0113846315,0.320100158,0.217369601,0.0230378751,0.902958274,0.146421865,-0.00221104524,0.00498435646,0.226775825,-0.299713224,0.015032582,0.981589377,-0.117678881,-0.0377610549,0.0296902284,-0.0174428169,-0.113984987,-0.0888740048,-0.0246120915,0.102518283,0.235805631,1.3126477,0.0674609616,0.0451826975,-1.55811667,-0.0892823488,0.24706997,0.161538422,-0.163533732,-0.0620175861,0.733260453,-0.687297225,-0.402342528,0.198109254,-0.325203121,-0.00968700834,-0.289567113,-0.479066342,0.00318695046,-0.209777638,0.127654254,0.0151616111,0.0021745346,-0.113724314,-0.0293753073,0.119914643,-0.00677462434,0.244685799,-0.147874087,0.165616274,-0.34787187,-0.0301305372,0.0420612916,0.421230644,-0.282958269,0.0133343302,0.01749577,0.2882002,0.0397114232,0.356579632,0.369818926,0.0777331889,0.859151959,0.129812881,-0.0325732827,0.0433060825,0.270199627,-0.35096857,-0.0106931366,1.00237572,-0.127376422,-0.0313842222,0.0239129011,-0.0293753073,0.119914643,-0.00677462434,0.244685799,-0.147874087,0.165616274,-0.34787187,-0.0301305372,0.0420612916,0.421230644,-0.282958269,0.0133343302,0.01749577,0.2882002,0.0397114232,0.356579632,0.369818926,0.0777331889,0.859151959,0.129812881,-0.0325732827,0.0433060825,0.270199627,-0.35096857,-0.0106931366,1.00237572,-0.127376422,-0.0313842222,0.0239129011,-0.0293753073,0.119914643,-0.00677462434,0.244685799,-0.147874087,0.165616274,-0.34787187,-0.0301305372,0.0420612916,0.421230644,-0.282958269,0.0133343302,0.01749577,0.2882002,0.0397114232,0.356579632,0.369818926,0.0777331889,0.859151959,0.129812881,-0.0325732827,0.0433060825,0.270199627,-0.35096857,-0.0106931366,1.00237572,-0.127376422,-0.0313842222,0.0239129011
1.11692591,3217568.52,0,0,0.0162605308,9.46503133e-06,1,0.201351009,0,1,0.695200741,-0.0148947379,-0.00378836365,0.718651295,0.280626684,-0.107512079,0.194808125,0,-0,-0,-0.0413329937,0.151892617,-0.0177295357,0.236959323,-0.21969983,0.128539011,-0.3271164,0.00382444193,0.0205943026,0.473866373,-0.279121101,-0.00865084399,0.0155368438,0.0278622061,-0.0120756412,0.328616649,0.209343791,0.0181755833,0.906307638,0.142283246,-0.00269117532,0.00134254666,0.222273871,-0.299753785,0.0114608631,0.983193099,-0.118549109,-0.0376447588,0.0286089834,-0.0199947748,-0.214198768,-0.120681599,0.0160643123,0.072842367,0.0824693441,1.54093504,-0.0178828258,0.291873336,-2.22949362,0.00850332621,0.415433884,0.176692903,-0.186472818,-0.0551982634,0.696666896,-0.650610447,-0.411235064,0.326856107,-0.358298123,-0.0595180206,-0.311899275,-0.299071342,-0.00952569768,-0.353874743,0.146958902,-0.132778943,0.0178892817,-0.0761557519,-0.0293753073,0.119914643,-0.00677462434,0.244685799,-0.147874087,0.165616274,-0.34787187,-0.0301305372,0.0420612916,0.421230644,-0.282958269,0.0133343302,0.01749577,0.2882002,0.0397114232,0.356579632,0.369818926,0.0777331889,0.859151959,0.129812881,-0.0325732827,0.0433060825,0.270199627,-0.35096857,-0.0106931366,1.00237572,-0.127376422,-0.0313842222,0.0239129011,-0.0293753073,0.119914643,-0.00677462434,0.244685799,-0.147874087,0.165616274,-0.34787187,-0.0301305372,0.0420612916,0.421230644,-0.282958269,0.0133343302,0.01749577,0.2882002,0.0397114232,0.356579632,0.369818926,0.0777331889,0.859151959,0.129812881,-0.0325732827,0.0433060825,0.270199627,-0.35096857,-0.0106931366,1.00237572,-0.127376422,-0.0313842222,0.0239129011,-0.0293753073,0.119914643,-0.00677462434,0.244685799,-0.147874087,0.165616274,-0.34787187,-0.0301305372,0.0420612916,0.421230644,-0.282958269,0.0133343302,0.01749577,0.2882002,0.0397114232,0.356579632,0.369818926,0.0777331889,0.859151959,0.129812881,-0.0325732827,0.0433060825,0.270199627,-0.35096857,-0.0106931366,1.00237572,-0.127376422,-0.0313842222,0.0239129011
1.12692716,3217568.53,0,0,0.00626381906,9.34815034e-06,1,0.205270015,0.0307222903,1,0.69455725,-0.0131597891,-0.0023564864,0.719313204,0.427868158,-0.0356372632,0.174402237,0,-0,-0,-0.0424122363,0.148110554,-0.018616844,0.237553462,-0.218981937,0.129140869,-0.310298592,0.00234760949,0.0255773813,0.448923141,-0.279047012,-0.00394163793,0.0181212109,0.0247280225,-0.0134250484,0.337170511,0.201927155,0.0135029741,0.910301745,0.138273835,-0.00337873935,-0.0025414424,0.219824314,-0.300079256,0.00736345956,0.984917641,-0.120698549,-0.037174847,0.0279097408,-0.13531135,-0.391444296,-0.0932781473,0.116310015,0.0370701998,0.0327685587,1.39154899,-0.20410341,0.514234781,-2.10451627,0.017789552,0.51888752,0.193801969,-0.303984582,-0.101048358,0.710740387,-0.584260941,-0.391950637,0.34155494,-0.324257404,-0.0665581822,-0.33402288,-0.15041101,-0.0428154357,-0.335486144,0.133108974,-0.296329051,0.0757097527,-0.0399380662,-0.0121701732,0.109671563,-0.0139999222,0.262879997,-0.145021349,0.154527247,-0.34368521,-0.0503407158,0.0582933649,0.390508354,-0.279336721,0.0272003561,0.017564863,0.282067925,0.0282891728,0.355752587,0.394829214,0.0797562525,0.856784165,0.129040912,-0.0376377329,0.0441394784,0.273182243,-0.353283137,-0.013722633,1.00406086,-0.138673767,-0.0276996903,0.024904618,-0.0121701732,0.109671563,-0.0139999222,0.262879997,-0.145021349,0.154527247,-0.34368521,-0.0503407158,0.0582933649,0.390508354,-0.279336721,0.0272003561,0.017564863,0.282067925,0.0282891728,0.355752587,0.394829214,0.0797562525,0.856784165,0.129040912,-0.0376377329,0.0441394784,0.273182243,-0.353283137,-0.013722633,1.00406086,-0.138673767,-0.0276996903,0.024904618,-0.0121701732,0.109671563,-0.0139999222,0.262879997,-0.145021349,0.154527247,-0.34368521,-0.0503407158,0.0582933649,0.390508354,-0.279336721,0.0272003561,0.017564863,0.282067925,0.0282891728,0.355752587,0.394829214,0.0797562525,0.856784165,0.129040912,-0.0376377329,0.0441394784,0.273182243,-0.353283137,-0.013722633,1.00406086,-0.138673767,-0.0276996903,0.024904618
1.13792583,3217568.55,0,0,0.01726249,8.96397978e-06,1,0.205270015,0,1,0.693947196,-0.0113550052,-0.000594626123,0.719936132,0.556137264,0.0107602067,0.1605241,0,-0,-0,-0.0443309806,0.143261313,-0.0195085295,0.23944065,-0.218850568,0.129335716,-0.297032923,-0.00080006232,0.0317384116,0.428601146,-0.278907806,0.00146397774,0.0199693255,0.0210922062,-0.0143783502,0.34426111,0.196573928,0.00950809196,0.913720369,0.135303721,-0.00409570383,-0.00602498511,0.218930572,-0.300728828,0.00427322462,0.986154497,-0.124716505,-0.0360383876,0.0276661105,-0.233566254,-0.545023143,-0.063147299,0.22146976,0.00229548034,0.0112507949,1.22612917,-0.394424468,0.656785131,-1.87629378,0.0100915255,0.482921004,0.194603324,-0.407323539,-0.108802363,0.713324189,-0.506387711,-0.394962192,0.335370094,-0.269028485,-0.0678322464,-0.355285823,-0.0538961031,-0.0807492658,-0.279913038,0.126510546,-0.420887947,0.12774545,-0.0173428133,-0.0121701732,0.109671563,-0.0139999222,0.262879997,-0.145021349,0.154527247,-0.34368521,-0.0503407158,0.0582933649,0.390508354,-0.279336721,0.0272003561,0.017564863,0.282067925,0.0282891728,0.355752587,0.394829214,0.0797562525,0.856784165,0.129040912,-0.0376377329,0.0441394784,0.273182243,-0.353283137,-0.013722633,1.00406086,-0.138673767,-0.0276996903,0.024904618,-0.0121701732,0.109671563,-0.0139999222,0.262879997,-0.145021349,0.154527247,-0.34368521,-0.0503407158,0.0582933649,0.390508354,-0.279336721,0.0272003561,0.017564863,0.282067925,0.0282891728,0.355752587,0.394829214,0.0797562525,0.856784165,0.129040912,-0.0376377329,0.0441394784,0.273182243,-0.353283137,-0.013722633,1.00406086,-0.138673767,-0.0276996903,0.024904618,-0.0121701732,0.109671563,-0.0139999222,0.262879997,-0.145021349,0.154527247,-0.34368521,-0.0503407158,0.0582933649,0.390508354,-0.279336721,0.0272003561,0.017564863,0.282067925,0.0282891728,0.355752587,0.394829214,0.0797562525,0.856784165,0.129040912,-0.0376377329,0.0441394784,0.273182243,-0.353283137,-0.013722633,1.00406086,-0.138673767,-0.0276996903,0.024904618
1.14892578,3217568.56,0,0,0.00825885544,9.2452392e-06,1,0.208490063,0.0277269483,1,0.693481505,-0.00935377739,0.00180744077,0.72041142,0.661889017,0.0504615083,0.140994117,0,-0,-0,-0.0472082347,0.137054682,-0.0198359247,0.242071256,-0.218962759,0.129291177,-0.286477059,-0.00594622968,0.0382880457,0.41302833,-0.278808713,0.00586773781,0.0218979139,0.0165276639,-0.0154940011,0.35138607,0.191839263,0.00575936912,0.916968405,0.133138224,-0.00462327898,-0.00957857631,0.218666315,-0.301802933,0.00204010331,0.987567663,-0.12868683,-0.0346849002,0.0275461636,-0.327065527,-0.670306683,-0.0337455869,0.321205467,-0.0290548187,-0.0155926459,0.983022332,-0.581672609,0.69402504,-1.41039753,0.0237246156,0.529704869,0.176284298,-0.483476311,-0.0916697904,0.701949179,-0.443123251,-0.373672009,0.321755379,-0.183136731,-0.0461577177,-0.360624701,-0.0106874872,-0.127151519,-0.176629603,0.134302989,-0.429819763,0.149105415,-0.00857768487,-0.00326440483,0.0924883485,-0.0191354249,0.288269103,-0.120260186,0.142952025,-0.334167749,-0.0690736845,0.0780686811,0.371821195,-0.275170028,0.046262078,0.0200703479,0.268785536,0.0105728712,0.355905831,0.422556162,0.0806692019,0.855886281,0.130730361,-0.0410344861,0.0426846519,0.266864657,-0.353010237,-0.0105188834,0.99724412,-0.151980102,-0.0257700235,0.0272355713,-0.00326440483,0.0924883485,-0.0191354249,0.288269103,-0.120260186,0.142952025,-0.334167749,-0.0690736845,0.0780686811,0.371821195,-0.275170028,0.046262078,0.0200703479,0.268785536,0.0105728712,0.355905831,0.422556162,0.0806692019,0.855886281,0.130730361,-0.0410344861,0.0426846519,0.266864657,-0.353010237,-0.0105188834,0.99724412,-0.151980102,-0.0257700235,0.0272355713,-0.00326440483,0.0924883485,-0.0191354249,0.288269103,-0.120260186,0.142952025,-0.334167749,-0.0690736845,0.0780686811,0.371821195,-0.275170028,0.046262078,0.0200703479,0.268785536,0.0105728712,0.355905831,0.422556162,0.0806692019,0.855886281,0.130730361,-0.0410344861,0.0426846519,0.266864657,-0.353010237,-0.0105188834,0.99724412,-0.151980102,-0.0257700235,0.0272355713
1.15992205,3217568.57,0,0,0.0192551254,7.52927735e-06,1,0.208490063,0,1,0.693143606,-0.00799867045,0.00340720033,0.720747113,0.713169038,0.0424784049,0.169211075,0,-0,-0,-0.0494760536,0.132735714,-0.0201810896,0.244599253,-0.219335392,0.12915042,-0.280656159,-0.00968850031,0.0432156138,0.404676855,-0.278502107,0.010167731,0.022789415,0.0134942662,-0.0158472601,0.355474174,0.189472809,0.00336897862,0.918919206,0.132214472,-0.00490175281,-0.0118533056,0.218741551,-0.302693725,0.00131437508,0.988173068,-0.131974399,-0.0336156599,0.0275145527,-0.398175508,-0.741832554,-0.0606583059,0.459488392,-0.0748164579,-0.0333326906,0.952667713,-0.647670686,0.867233753,-1.36089456,0.0541500747,0.74653089,0.142215818,-0.516388714,-0.0461923145,0.671540678,-0.371661365,-0.408431411,0.326215982,-0.137503728,-0.0445351712,-0.387097269,0.0249463972,-0.158148557,-0.0963083506,0.0868708044,-0.58525002,0.187398911,-0.0039287135,-0.00326440483,0.0924883485,-0.0191354249,0.288269103,-0.120260186,0.142952025,-0.334167749,-0.0690736845,0.0780686811,0.371821195,-0.275170028,0.046262078,0.0200703479,0.268785536,0.0105728712,0.355905831,0.422556162,0.0806692019,0.855886281,0.130730361,-0.0410344861,0.0426846519,0.266864657,-0.353010237,-0.0105188834,0.99724412,-0.151980102,-0.0257700235,0.0272355713,-0.00326440483,0.0924883485,-0.0191354249,0.288269103,-0.120260186,0.142952025,-0.334167749,-0.0690736845,0.0780686811,0.371821195,-0.275170028,0.046262078,0.0200703479,0.268785536,0.0105728712,0.355905831,0.422556162,0.0806692019,0.855886281,0.130730361,-0.0410344861,0.0426846519,0.266864657,-0.353010237,-0.0105188834,0.99724412,-0.151980102,-0.0257700235,0.0272355713,-0.00326440483,0.0924883485,-0.0191354249,0.288269103,-0.120260186,0.142952025,-0.334167749,-0.0690736845,0.0780686811,0.371821195,-0.275170028,0.046262078,0.0200703479,0.268785536,0.0105728712,0.355905831,0.422556162,0.0806692019,0.855886281,0.130730361,-0.0410344861,0.0426846519,0.266864657,-0.353010237,-0.0105188834,0.99724412,-0.151980102,-0.0257700235,0.0272355713
1.17092051,3217568.58,0,0,0.0102472627,7.28666782e-06,1,0.216081738,0.0359929055,1,0.692503214,-0.00431797607,0.00794606935,0.721358061,0.612494946,0.0915814042,0.0178639945,0,-0,-0,-0.056931179,0.12075752,-0.0204476267,0.253624737,-0.221122667,0.12671645,-0.269100785,-0.0214244127,0.0561920963,0.38683176,-0.272304475,0.0252164118,0.0258608498,0.00570608163,-0.0161692929,0.365100324,0.184554994,-0.00364705059,0.924770892,0.13115944,-0.00527383573,-0.0182414372,0.219933972,-0.305947512,0.000647645327,0.989066482,-0.141557425,-0.0306399167,0.0275114179,-0.576064348,-0.608488798,0.016023213,0.736737192,-0.169004813,-0.262420475,0.374827087,-0.673990965,0.562820435,-1.0233773,1.57014835,1.63280916,0.304608136,-0.309238464,-0.00832808949,0.477552801,-0.301401317,-0.479625434,0.478888333,-0.0282860752,-0.0101462407,-0.392637193,0.0974103808,-0.270323485,-0.0164433531,0.0371966437,-0.679168582,0.188595325,0.00343261496,-0.00791148096,0.0644282475,-0.0205864534,0.321717978,-0.084267281,0.130543113,-0.316086024,-0.0892272145,0.101342067,0.352115512,-0.262856066,0.0685494393,0.0265289024,0.247557655,-0.00875252578,0.36228627,0.443547547,0.0805786699,0.857471168,0.132293746,-0.0427287184,0.0413702764,0.255960733,-0.35557428,-0.00258504413,0.985376656,-0.167073235,-0.024945287,0.0295947753,-0.00791148096,0.0644282475,-0.0205864534,0.321717978,-0.084267281,0.130543113,-0.316086024,-0.0892272145,0.101342067,0.352115512,-0.262856066,0.0685494393,0.0265289024,0.247557655,-0.00875252578,0.36228627,0.443547547,0.0805786699,0.857471168,0.132293746,-0.0427287184,0.0413702764,0.255960733,-0.35557428,-0.00258504413,0.985376656,-0.167073235,-0.024945287,0.0295947753,-0.00791148096,0.0644282475,-0.0205864534,0.321717978,-0.084267281,0.130543113,-0.316086024,-0.0892272145,0.101342067,0.352115512,-0.262856066,0.0685494393,0.0265289024,0.247557655,-0.00875252578,0.36228627,0.443547547,0.0805786699,0.857471168,0.132293746,-0.0427287184,0.0413702764,0.255960733,-0.35557428,-0.00258504413,0.985376656,-0.167073235,-0.024945287,0.0295947753
1.18191592,3217568.59,0,0,0.00125972414,4.71435487e-06,1,0.199459027,0.0379395559,1,0.692785084,-0.00293672341,0.00983147509,0.721071124,0.390806228,0.0196539182,-0.120362677,0,-0,-0,-0.0630001798,0.116412468,-0.0202696156,0.262316465,-0.22315909,0.123998679,-0.268885076,-0.0258661881,0.0604597405,0.380379349,-0.249718979,0.035280969,0.0296560507,0.00452479953,-0.0154156582,0.368817717,0.181486011,-0.0085081039,0.930372238,0.131004989,-0.00528813107,-0.0219981056,0.220550969,-0.309050828,0.000582644308,0.989280343,-0.148877144,-0.0287200753,0.0275994521,-0.581681073,-0.349994123,0.0139499083,0.907358229,-0.205588683,-0.262835115,-0.159958348,-0.31938678,0.381366909,-0.330639392,2.30139089,0.6868608,0.398480594,-0.0269071292,0.152141795,0.324072421,-0.303539574,-0.476184368,0.58473736,-0.00943791028,0.00691908272,-0.363881707,0.034218464,-0.323136866,-0.00191663764,0.013632128,-0.717273295,0.183048949,0.0124758976,-0.0352148488,0.0316836461,-0.0164046269,0.348416209,-0.0463277251,0.118026711,-0.284795821,-0.1163515,0.128735065,0.335015416,-0.281798005,0.0724768639,0.0246614125,0.223514095,-0.0263356939,0.355456471,0.450367182,0.0804831311,0.864589095,0.128495008,-0.0463551506,0.0420366563,0.261431932,-0.355378449,0.00456617959,0.977172971,-0.179175436,-0.0284633636,0.0348026529,-0.0352148488,0.0316836461,-0.0164046269,0.348416209,-0.0463277251,0.118026711,-0.284795821,-0.1163515,0.128735065,0.335015416,-0.281798005,0.0724768639,0.0246614125,0.223514095,-0.0263356939,0.355456471,0.450367182,0.0804831311,0.864589095,0.128495008,-0.0463551506,0.0420366563,0.261431932,-0.355378449,0.00456617959,0.977172971,-0.179175436,-0.0284633636,0.0348026529,-0.0352148488,0.0316836461,-0.0164046269,0.348416209,-0.0463277251,0.118026711,-0.284795821,-0.1163515,0.128735065,0.335015416,-0.281798005,0.0724768639,0.0246614125,0.223514095,-0.0263356939,0.355456471,0.450367182,0.0804831311,0.864589095,0.128495008,-0.0463551506,0.0420366563,0.261431932,-0.355378449,0.00456617959,0.977172971,-0.179175436,-0.0284633636,0.0348026529
1.19191944,3217568.6,0,0,0.0112632471,6.75721094e-06,1,0.199459027,0,1,0.693089962,-0.00155231776,0.0108356448,0.720767975,0.329288036,-0.0942207873,0.0182513818,0,-0,-0,-0.0682435334,0.113380805,-0.0205540434,0.271566182,-0.224576309,0.121334642,-0.271325171,-0.0282784589,0.0637082905,0.380307436,-0.229288071,0.0399411507,0.0326377265,0.00481995847,-0.0128704244,0.371929735,0.178647161,-0.0128608532,0.936161518,0.130948529,-0.00499433326,-0.0253853593,0.220552936,-0.312187195,0.000729495019,0.989357352,-0.155385822,-0.0272575412,0.0279509779,-0.588965118,-0.3159329,-0.08896292,1.05688393,-0.0563975908,-0.337213725,-0.244369194,-0.242065072,0.277038336,0.0886419788,1.9574337,0.381212741,0.163977414,0.030261727,0.28859672,0.295122683,-0.257485628,-0.414633155,0.608149648,-0.00550767593,0.0264794286,-0.31924364,-0.00549977226,-0.300775319,0.0469269119,0.00339462282,-0.686847389,0.103738301,0.0801567957,-0.0352148488,0.0316836461,-0.0164046269,0.348416209,-0.0463277251,0.118026711,-0.284795821,-0.1163515,0.128735065,0.335015416,-0.281798005,0.0724768639,0.0246614125,0.223514095,-0.0263356939,0.355456471,0.450367182,0.0804831311,0.864589095,0.128495008,-0.0463551506,0.0420366563,0.261431932,-0.355378449,0.00456617959,0.977172971,-0.179175436,-0.0284633636,0.0348026529,-0.0352148488,0.0316836461,-0.0164046269,0.348416209,-0.0463277251,0.118026711,-0.284795821,-0.1163515,0.128735065,0.335015416,-0.281798005,0.0724768639,0.0246614125,0.223514095,-0.0263356939,0.355456471,0.450367182,0.0804831311,0.864589095,0.128495008,-0.0463551506,0.0420366563,0.261431932,-0.355378449,0.00456617959,0.977172971,-0.179175436,-0.0284633636,0.0348026529,-0.0352148488,0.0316836461,-0.0164046269,0.348416209,-0.0463277251,0.118026711,-0.284795821,-0.1163515,0.128735065,0.335015416,-0.281798005,0.0724768639,0.0246614125,0.223514095,-0.0263356939,0.355456471,0.450367182,0.0804831311,0.864589095,0.128495008,-0.0463551506,0.0420366563,0.261431932,-0.355378449,0.00456617959,0.977172971,-0.179175436,-0.0284633636,0.0348026529
1.20192182,3217568.61,0,0,0.00124372868,7.48969615e-06,1,0.217975117,0.0575426519,1,0.692436934,0.00071043073,0.0116559248,0.72138387,0.389154673,-0.236442208,0.210706964,0,-0,-0,-0.0755719319,0.108836509,-0.0219810009,0.285871297,-0.22313185,0.11698734,-0.273072511,-0.0316406749,0.0668537766,0.382093668,-0.208249331,0.0435470715,0.0327830911,0.00460023852,-0.00863184594,0.375006557,0.176269695,-0.0174944084,0.944084108,0.130888,-0.00468557188,-0.0288850758,0.220783815,-0.315338165,0.00183468463,0.989346445,-0.163657263,-0.0266347229,0.0295876171,-0.574142754,-0.426640898,-0.106247619,1.21684778,0.243678182,-0.332619309,-0.0762509704,-0.306928426,0.279192269,0.202213049,1.55087137,0.250558496,-0.0439291745,-0.0637731552,0.394808739,0.235304475,-0.153551385,-0.365649909,0.678499699,-0.00418576738,0.0378940552,-0.276025951,0.0504368469,-0.230410486,0.113376498,-0.00319458381,-0.644293845,0.0280443113,0.158545986,-0.0524482541,0.017218858,-0.015645111,0.374218822,-0.0624532104,0.109611735,-0.292522907,-0.127729967,0.147407666,0.311303169,-0.339340657,0.0756231993,0.0356346928,0.203856021,-0.037963286,0.353919834,0.45283705,0.0778861865,0.867155969,0.130066037,-0.0518602692,0.0410427228,0.259619653,-0.349721014,0.0139042139,0.970207214,-0.18941462,-0.0313758291,0.0373686515,-0.0524482541,0.017218858,-0.015645111,0.374218822,-0.0624532104,0.109611735,-0.292522907,-0.127729967,0.147407666,0.311303169,-0.339340657,0.0756231993,0.0356346928,0.203856021,-0.037963286,0.353919834,0.45283705,0.0778861865,0.867155969,0.130066037,-0.0518602692,0.0410427228,0.259619653,-0.349721014,0.0139042139,0.970207214,-0.18941462,-0.0313758291,0.0373686515,-0.0524482541,0.017218858,-0.015645111,0.374218822,-0.0624532104,0.109611735,-0.292522907,-0.127729967,0.147407666,0.311303169,-0.339340657,0.0756231993,0.0356346928,0.203856021,-0.037963286,0.353919834,0.45283705,0.0778861865,0.867155969,0.130066037,-0.0518602692,0.0410427228,0.259619653,-0.349721014,0.0139042139,0.970207214,-0.18941462,-0.0313758291,0.0373686515
1.21194747,3217568.62,0,0,0.0112693841,8.41822475e-06,1,0.217975117,0,1,0.69165206,0.00293732923,0.0123483874,0.722119331,0.406531334,-0.163258374,0.2260921,0,-0,-0,-0.0815678164,0.104301594,-0.0225930028,0.298344105,-0.219639212,0.114237793,-0.273717314,-0.0345953405,0.0703598782,0.384397209,-0.195942551,0.045749817,0.0328419991,0.00365795498,-0.00552352378,0.377268523,0.175260663,-0.0211173128,0.951005399,0.13087897,-0.00401994819,-0.0315296017,0.222556949,-0.317356884,0.00335938646,0.989049435,-0.169626698,-0.0264915768,0.0311175007,-0.731096387,-0.461307287,-0.0404339619,1.38501537,0.395360142,-0.237183332,-0.108416721,-0.265775383,0.418120861,0.249868304,0.951511323,0.214997292,0.0733127967,-0.100218825,0.189988568,0.205867544,-0.0632999316,-0.378326595,0.729909897,0.0020788121,0.0669086426,-0.258441657,0.305880457,-0.194674358,0.211034343,-0.0695404634,-0.636451364,0.00674850261,0.154725701,-0.0524482541,0.017218858,-0.015645111,0.374218822,-0.0624532104,0.109611735,-0.292522907,-0.127729967,0.147407666,0.311303169,-0.339340657,0.0756231993,0.0356346928,0.203856021,-0.037963286,0.353919834,0.45283705,0.0778861865,0.867155969,0.130066037,-0.0518602692,0.0410427228,0.259619653,-0.349721014,0.0139042139,0.970207214,-0.18941462,-0.0313758291,0.0373686515,-0.0524482541,0.017218858,-0.015645111,0.374218822,-0.0624532104,0.109611735,-0.292522907,-0.127729967,0.147407666,0.311303169,-0.339340657,0.0756231993,0.0356346928,0.203856021,-0.037963286,0.353919834,0.45283705,0.0778861865,0.867155969,0.130066037,-0.0518602692,0.0410427228,0.259619653,-0.349721014,0.0139042139,0.970207214,-0.18941462,-0.0313758291,0.0373686515,-0.0524482541,0.017218858,-0.015645111,0.374218822,-0.0624532104,0.109611735,-0.292522907,-0.127729967,0.147407666,0.311303169,-0.339340657,0.0756231993,0.0356346928,0.203856021,-0.037963286,0.353919834,0.45283705,0.0778861865,0.867155969,0.130066037,-0.0518602692,0.0410427228,0.259619653,-0.349721014,0.0139042139,0.970207214,-0.18941462,-0.0313758291,0.0373686515
1.22291957,3217568.63,0,0,0.00222588005,6.46384433e-06,1,0.233375002,0.056938082,1,0.690844238,0.00499781128,0.0131774843,0.722866237,0.40311718,-0.206801131,0.220410615,0,-0,-0,-0.0887353569,0.0996205881,-0.0228420775,0.312366724,-0.214673296,0.112163924,-0.273891181,-0.0370305739,0.0750595182,0.386113465,-0.188599661,0.0476699658,0.0342800952,0.00261140731,-0.00398791442,0.379253507,0.174925253,-0.0245530158,0.958130896,0.130930454,-0.00315024843,-0.033923842,0.226674363,-0.319066823,0.0059137647,0.988231003,-0.17557922,-0.0264810454,0.0325745009,-0.674255431,-0.474528641,-0.0177093633,1.38118148,0.570474505,-0.189099848,0.0608601831,-0.23474589,0.497425526,0.111990891,0.616188169,0.176065832,0.185109943,-0.109522507,0.149986476,0.200515181,-0.0197113659,-0.306376785,0.686027706,0.00687751034,0.103852339,-0.223937213,0.466780216,-0.152582839,0.276610553,-0.0820217878,-0.549398124,-0.00158394931,0.138208747,-0.0594763346,0.00795820169,-0.0173096564,0.402713537,-0.112637721,0.107181594,-0.319122493,-0.126472592,0.157548726,0.287032902,-0.396278739,0.0743293166,0.0435240641,0.185180575,-0.0411927253,0.349131703,0.454498023,0.0735122189,0.87036407,0.134488598,-0.0503842272,0.0395727307,0.253550678,-0.341920346,0.0257209614,0.963729143,-0.192942724,-0.036280077,0.037601281,-0.0594763346,0.00795820169,-0.0173096564,0.402713537,-0.112637721,0.107181594,-0.319122493,-0.126472592,0.157548726,0.287032902,-0.396278739,0.0743293166,0.0435240641,0.185180575,-0.0411927253,0.349131703,0.454498023,0.0735122189,0.87036407,0.134488598,-0.0503842272,0.0395727307,0.253550678,-0.341920346,0.0257209614,0.963729143,-0.192942724,-0.036280077,0.037601281,-0.0594763346,0.00795820169,-0.0173096564,0.402713537,-0.112637721,0.107181594,-0.319122493,-0.126472592,0.157548726,0.287032902,-0.396278739,0.0743293166,0.0435240641,0.185180575,-0.0411927253,0.349131703,0.454498023,0.0735122189,0.87036407,0.134488598,-0.0503842272,0.0395727307,0.253550678,-0.341920346,0.0257209614,0.963729143,-0.192942724,-0.036280077,0.037601281
1.23292003,3217568.64,0,0,0.0122263432,6.85825944e-06,1,0.233375002,0,1,0.690131724,0.00704190368,0.0138690509,0.723516643,0.349036694,-0.137155205,0.172713444,0,-0,-0,-0.095465377,0.0948082283,-0.023483688,0.326576889,-0.209404439,0.110842511,-0.272813648,-0.0390438437,0.0803218335,0.386662215,-0.184855551,0.0491467826,0.036763899,0.00168216974,-0.00313525717,0.381632477,0.174823612,-0.0269808248,0.964304984,0.131205052,-0.00182018708,-0.0358542986,0.23202242,-0.320404589,0.00914544053,0.987560451,-0.180163965,-0.026701998,0.0336954184,-0.77933985,-0.480461955,-0.129027963,1.57820761,0.389097482,-0.0838529095,0.0737814829,-0.15181376,0.556923449,0.0279354695,0.163794488,0.128383815,0.317306072,-0.0608408675,-0.0224691015,0.25952813,-0.00539196283,-0.214484587,0.581814885,0.0553816594,0.152264327,-0.17195636,0.606080115,-0.135915786,0.392344922,-0.0710734203,-0.418928564,-0.049245894,0.0877902582,-0.0594763346,0.00795820169,-0.0173096564,0.402713537,-0.112637721,0.107181594,-0.319122493,-0.126472592,0.157548726,0.287032902,-0.396278739,0.0743293166,0.0435240641,0.185180575,-0.0411927253,0.349131703,0.454498023,0.0735122189,0.87036407,0.134488598,-0.0503842272,0.0395727307,0.253550678,-0.341920346,0.0257209614,0.963729143,-0.192942724,-0.036280077,0.037601281,-0.0594763346,0.00795820169,-0.0173096564,0.402713537,-0.112637721,0.107181594,-0.319122493,-0.126472592,0.157548726,0.287032902,-0.396278739,0.0743293166,0.0435240641,0.185180575,-0.0411927253,0.349131703,0.454498023,0.0735122189,0.87036407,0.134488598,-0.0503842272,0.0395727307,0.253550678,-0.341920346,0.0257209614,0.963729143,-0.192942724,-0.036280077,0.037601281,-0.0594763346,0.00795820169,-0.0173096564,0.402713537,-0.112637721,0.107181594,-0.319122493,-0.126472592,0.157548726,0.287032902,-0.396278739,0.0743293166,0.0435240641,0.185180575,-0.0411927253,0.349131703,0.454498023,0.0735122189,0.87036407,0.134488598,-0.0503842272,0.0395727307,0.253550678,-0.341920346,0.0257209614,0.963729143,-0.192942724,-0.036280077,0.037601281
1.24292222,3217568.65,0,0,0.00223990204,7.64103606e-06,1,0.22225827,0.0562935546,1,0.689684987,0.00866474397,0.0145019395,0.723912477,0.296353281,-0.170555383,0.09322083,0,-0,-0,-0.102841116,0.0903114676,-0.0245471913,0.342038304,-0.205024704,0.110388748,-0.271436185,-0.0400826074,0.0861695558,0.386147946,-0.185056716,0.0501447394,0.0406102836,0.00134928292,-0.0035625617,0.384624511,0.174806133,-0.0284361057,0.969309628,0.131916776,-0.000185878089,-0.037112534,0.238258138,-0.321532488,0.0134920878,0.987025261,-0.183644682,-0.0273808911,0.0343820378,-0.666417718,-0.426958174,-0.0780703202,1.4620831,0.51902324,-0.0276486408,0.204352155,-0.0827056393,0.591724813,-0.113494001,-0.107870802,0.0819789916,0.410139978,-0.0203935616,-0.0307629388,0.332898527,0.000205999939,-0.0952290595,0.440103203,0.0718188658,0.164993718,-0.0896373838,0.613473237,-0.0900186077,0.442639172,-0.0372382924,-0.298073083,-0.071640268,0.0610581562,-0.0667740107,-0.00175796635,-0.0155828316,0.428297549,-0.168931276,0.111015573,-0.342728317,-0.129023015,0.16495882,0.268774122,-0.435980797,0.0555565022,0.0428508259,0.164504826,-0.0339665636,0.337325335,0.454128563,0.0692014098,0.874316871,0.138691142,-0.0427340604,0.041250404,0.253357559,-0.335083067,0.0369413793,0.95942682,-0.190286815,-0.0408383086,0.0384244956,-0.0667740107,-0.00175796635,-0.0155828316,0.428297549,-0.168931276,0.111015573,-0.342728317,-0.129023015,0.16495882,0.268774122,-0.435980797,0.0555565022,0.0428508259,0.164504826,-0.0339665636,0.337325335,0.454128563,0.0692014098,0.874316871,0.138691142,-0.0427340604,0.041250404,0.253357559,-0.335083067,0.0369413793,0.95942682,-0.190286815,-0.0408383086,0.0384244956,-0.0667740107,-0.00175796635,-0.0155828316,0.428297549,-0.168931276,0.111015573,-0.342728317,-0.129023015,0.16495882,0.268774122,-0.435980797,0.0555565022,0.0428508259,0.164504826,-0.0339665636,0.337325335,0.454128563,0.0692014098,0.874316871,0.138691142,-0.0427340604,0.041250404,0.253357559,-0.335083067,0.0369413793,0.95942682,-0.190286815,-0.0408383086,0.0384244956
1.25392047,3217568.66,0,0,0.0132381502,7.47898594e-06,1,0.22225827,0,1,0.689363062,0.0103060827,0.0151107777,0.72418505,0.234735787,-0.0621366836,0.0502282046,0,-0,-0,-0.111199848,0.0846529379,-0.0270117801,0.360657185,-0.200121894,0.110267691,-0.268959045,-0.0409014076,0.0928983837,0.38405925,-0.188748956,0.0506828427,0.0452826545,0.00137308775,-0.00495595997,0.389606148,0.174983382,-0.0289860126,0.973433435,0.132635161,0.00198728405,-0.0374879353,0.245324299,-0.322256505,0.0192673486,0.986759543,-0.185909659,-0.0284607168,0.0350538343,-0.787834525,-0.575729251,-0.417072177,1.77378142,0.339832753,-0.000685436884,0.155243501,-0.0535653718,0.546368837,-0.190742508,-0.487130672,0.0166610349,0.381278813,0.0240220223,-0.211592287,0.463873774,0.0215326976,-0.0238304846,0.288056403,0.0613877773,0.205762222,0.0112693813,0.574966609,-0.0538478978,0.54001385,-0.0172727872,-0.109193824,-0.122987337,0.0520143993,-0.0667740107,-0.00175796635,-0.0155828316,0.428297549,-0.168931276,0.111015573,-0.342728317,-0.129023015,0.16495882,0.268774122,-0.435980797,0.0555565022,0.0428508259,0.164504826,-0.0339665636,0.337325335,0.454128563,0.0692014098,0.874316871,0.138691142,-0.0427340604,0.041250404,0.253357559,-0.335083067,0.0369413793,0.95942682,-0.190286815,-0.0408383086,0.0384244956,-0.0667740107,-0.00175796635,-0.0155828316,0.428297549,-0.168931276,0.111015573,-0.342728317,-0.129023015,0.16495882,0.268774122,-0.435980797,0.0555565022,0.0428508259,0.164504826,-0.0339665636,0.337325335,0.454128563,0.0692014098,0.874316871,0.138691142,-0.0427340604,0.041250404,0.253357559,-0.335083067,0.0369413793,0.95942682,-0.190286815,-0.0408383086,0.0384244956,-0.0667740107,-0.00175796635,-0.0155828316,0.428297549,-0.168931276,0.111015573,-0.342728317,-0.129023015,0.16495882,0.268774122,-0.435980797,0.0555565022,0.0428508259,0.164504826,-0.0339665636,0.337325335,0.454128563,0.0692014098,0.874316871,0.138691142,-0.0427340604,0.041250404,0.253357559,-0.335083067,0.0369413793,0.95942682,-0.190286815,-0.0408383086,0.0384244956
1.26392265,3217568.67,0,0,0.00324043725,7.70529732e-06,1,0.220843125,0.0459703803,1,0.689507484,0.0113975713,0.0155948726,0.724020958,0.211635783,-0.116591074,-0.103642009,0,-0,-0,-0.117617428,0.0779029205,-0.0316467434,0.377648294,-0.19460921,0.110304527,-0.266901314,-0.0412636995,0.0986635238,0.381655306,-0.194623753,0.0507078916,0.0494433828,0.00170502556,-0.0067590042,0.39457643,0.175350532,-0.0291008726,0.975753427,0.133041009,0.00410630321,-0.0367982648,0.250395298,-0.322561234,0.0247363299,0.986630261,-0.186551303,-0.0298198834,0.0355937704,-0.53170085,-0.734328449,-0.474104315,1.62671399,0.674114108,0.00565687614,0.244891077,-0.0239533931,0.59918052,-0.275720239,-0.646895826,-0.00292404834,0.439837605,0.0395882465,-0.154110879,0.518571734,0.0473112576,-0.00567036122,0.195582077,0.0280844122,0.213987634,0.10781876,0.460277855,-0.0179479159,0.552744865,-0.0109365229,-0.0433484279,-0.142435402,0.0563827343,-0.0813687146,-0.0130073372,-0.0129184499,0.457500398,-0.214901656,0.115667224,-0.350476176,-0.137148842,0.177041933,0.259156287,-0.440356344,0.0340043791,0.0391224772,0.140680566,-0.0226679053,0.328126341,0.455633879,0.0699016601,0.877678216,0.140086338,-0.034731321,0.0467563346,0.256874382,-0.329550475,0.0455791019,0.95873034,-0.188302651,-0.041422911,0.0424964353,-0.0813687146,-0.0130073372,-0.0129184499,0.457500398,-0.214901656,0.115667224,-0.350476176,-0.137148842,0.177041933,0.259156287,-0.440356344,0.0340043791,0.0391224772,0.140680566,-0.0226679053,0.328126341,0.455633879,0.0699016601,0.877678216,0.140086338,-0.034731321,0.0467563346,0.256874382,-0.329550475,0.0455791019,0.95873034,-0.188302651,-0.041422911,0.0424964353,-0.0813687146,-0.0130073372,-0.0129184499,0.457500398,-0.214901656,0.115667224,-0.350476176,-0.137148842,0.177041933,0.259156287,-0.440356344,0.0340043791,0.0391224772,0.140680566,-0.0226679053,0.328126341,0.455633879,0.0699016601,0.877678216,0.140086338,-0.034731321,0.0467563346,0.256874382,-0.329550475,0.0455791019,0.95873034,-0.188302651,-0.041422911,0.0424964353
1.27392539,3217568.68,0,0,0.0132431751,8.75117257e-06,1,0.220843125,0,1,0.689899087,0.0123132681,0.0161267687,0.72362119,0.201691106,-0.015530129,-0.101773553,0,-0,-0,-0.123234555,0.0701434314,-0.0349827819,0.394953281,-0.19398573,0.11055997,-0.264678657,-0.0417156257,0.104298115,0.378063351,-0.200718105,0.0502956286,0.052797243,0.00198518019,-0.00900400151,0.400403708,0.176022962,-0.0290022641,0.977331638,0.133221179,0.0062963604,-0.0349822305,0.254068166,-0.322529376,0.0304906964,0.986510754,-0.18682228,-0.0310172066,0.03664409,-0.615572333,-0.807631969,-0.238829762,1.85056293,-0.339526445,0.0382645242,0.196229935,-0.0635893121,0.539140522,-0.412527025,-0.575589418,-0.0669623911,0.251859903,0.0148768006,-0.275473565,0.614973903,0.0804925263,0.0228194855,0.139929608,0.0136267273,0.229285747,0.231799096,0.303729177,0.0194407031,0.593149662,-0.0158358514,-0.0188603215,-0.104981832,0.142875805,-0.0813687146,-0.0130073372,-0.0129184499,0.457500398,-0.214901656,0.115667224,-0.350476176,-0.137148842,0.177041933,0.259156287,-0.440356344,0.0340043791,0.0391224772,0.140680566,-0.0226679053,0.328126341,0.455633879,0.0699016601,0.877678216,0.140086338,-0.034731321,0.0467563346,0.256874382,-0.329550475,0.0455791019,0.95873034,-0.188302651,-0.041422911,0.0424964353,-0.0813687146,-0.0130073372,-0.0129184499,0.457500398,-0.214901656,0.115667224,-0.350476176,-0.137148842,0.177041933,0.259156287,-0.440356344,0.0340043791,0.0391224772,0.140680566,-0.0226679053,0.328126341,0.455633879,0.0699016601,0.877678216,0.140086338,-0.034731321,0.0467563346,0.256874382,-0.329550475,0.0455791019,0.95873034,-0.188302651,-0.041422911,0.0424964353,-0.0813687146,-0.0130073372,-0.0129184499,0.457500398,-0.214901656,0.115667224,-0.350476176,-0.137148842,0.177041933,0.259156287,-0.440356344,0.0340043791,0.0391224772,0.140680566,-0.0226679053,0.328126341,0.455633879,0.0699016601,0.877678216,0.140086338,-0.034731321,0.0467563346,0.256874382,-0.329550475,0.0455791019,0.95873034,-0.188302651,-0.041422911,0.0424964353
1.28491804,3217568.69,0,0,0.00418904005,6.06803223e-06,1,0.266353134,0.0284935534,1,0.690501332,0.0132592488,0.0169551745,0.723010778,0.213308707,-0.0189984776,-0.142030895,0,-0,-0,-0.1289033,0.0597299822,-0.0360780284,0.414320797,-0.197288349,0.11092151,-0.262088954,-0.0427694619,0.110740907,0.372588247,-0.207887739,0.0494490787,0.0550436601,0.00183193723,-0.0119799776,0.407735109,0.177357078,-0.0283411313,0.97907728,0.133346051,0.00906962156,-0.0316348262,0.256410509,-0.321664751,0.0369303264,0.986120343,-0.186963171,-0.0320406593,0.0385462455,-0.378206462,-0.90020299,0.0148786176,1.39414489,-0.223091558,0.0231599435,0.225306541,-0.110657409,0.514557838,-0.48528108,-0.591646075,-0.0937005058,0.106171414,-0.0361752585,-0.235366836,0.604799032,0.134932786,0.0865876973,0.154942483,0.00852549542,0.239499807,0.311813742,0.120966949,0.117096253,0.492211521,-0.0498296283,-0.00493340986,-0.077615872,0.161203504,-0.10560143,-0.00386742316,-0.0124981906,0.453893691,-0.220740765,0.112807207,-0.334953934,-0.138249129,0.180494949,0.272541612,-0.411862791,0.00839571655,0.028028084,0.118580639,-0.010379361,0.316500485,0.456497222,0.0730779842,0.883142471,0.13943471,-0.0255061407,0.0536657572,0.26539278,-0.322436869,0.0504010506,0.960154414,-0.182055801,-0.0423474908,0.0442320704,-0.10560143,-0.00386742316,-0.0124981906,0.453893691,-0.220740765,0.112807207,-0.334953934,-0.138249129,0.180494949,0.272541612,-0.411862791,0.00839571655,0.028028084,0.118580639,-0.010379361,0.316500485,0.456497222,0.0730779842,0.883142471,0.13943471,-0.0255061407,0.0536657572,0.26539278,-0.322436869,0.0504010506,0.960154414,-0.182055801,-0.0423474908,0.0442320704,-0.10560143,-0.00386742316,-0.0124981906,0.453893691,-0.220740765,0.112807207,-0.334953934,-0.138249129,0.180494949,0.272541612,-0.411862791,0.00839571655,0.028028084,0.118580639,-0.010379361,0.316500485,0.456497222,0.0730779842,0.883142471,0.13943471,-0.0255061407,0.0536657572,0.26539278,-0.322436869,0.0504010506,0.960154414,-0.182055801,-0.0423474908,0.0442320704
1.2949186,3217568.7,0,0,0.0141895977,6.31390139e-06,1,0.266353134,0,1,0.690713286,0.0138203092,0.0175983626,0.722782433,0.212136328,0.0206357446,-0.0514287129,0,-0,-0,-0.131672233,0.0524748974,-0.0350153223,0.42375052,-0.199230522,0.111057341,-0.260359824,-0.0439008176,0.114368021,0.368494511,-0.212219819,0.0483070053,0.0547082201,0.00130608992,-0.0139447832,0.41242522,0.178669766,-0.0273389146,0.980452716,0.133402735,0.0112361945,-0.0288215578,0.256961375,-0.32028988,0.0406019017,0.985394716,-0.186928883,-0.0327131599,0.0398202837,-0.316429526,-0.908711731,0.200386152,1.04014707,-0.242173731,0.0142774051,0.206799537,-0.153470755,0.427165985,-0.514415264,-0.53794086,-0.156765878,-0.105274126,-0.0803534314,-0.246161401,0.564005494,0.184701353,0.14305976,0.187287703,0.00662175007,0.287743747,0.367157698,0.0463565663,0.204605877,0.430184603,-0.115905464,0.00829115044,-0.0883056968,0.152768299,-0.10560143,-0.00386742316,-0.0124981906,0.453893691,-0.220740765,0.112807207,-0.334953934,-0.138249129,0.180494949,0.272541612,-0.411862791,0.00839571655,0.028028084,0.118580639,-0.010379361,0.316500485,0.456497222,0.0730779842,0.883142471,0.13943471,-0.0255061407,0.0536657572,0.26539278,-0.322436869,0.0504010506,0.960154414,-0.182055801,-0.0423474908,0.0442320704,-0.10560143,-0.00386742316,-0.0124981906,0.453893691,-0.220740765,0.112807207,-0.334953934,-0.138249129,0.180494949,0.272541612,-0.411862791,0.00839571655,0.028028084,0.118580639,-0.010379361,0.316500485,0.456497222,0.0730779842,0.883142471,0.13943471,-0.0255061407,0.0536657572,0.26539278,-0.322436869,0.0504010506,0.960154414,-0.182055801,-0.0423474908,0.0442320704,-0.10560143,-0.00386742316,-0.0124981906,0.453893691,-0.220740765,0.112807207,-0.334953934,-0.138249129,0.180494949,0.272541612,-0.411862791,0.00839571655,0.028028084,0.118580639,-0.010379361,0.316500485,0.456497222,0.0730779842,0.883142471,0.13943471,-0.0255061407,0.0536657572,0.26539278,-0.322436869,0.0504010506,0.960154414,-0.182055801,-0.0423474908,0.0442320704
1.30491925,3217568.71,0,0,0.00421072869,6.58258796e-06,1,0.249634031,0.0428068042,1,0.690801561,0.0143619776,0.018452717,0.722666204,0.178562522,0.0502179116,-0.0270017013,0,-0,-0,-0.13415648,0.0434303954,-0.0320309699,0.431565166,-0.201495096,0.111170463,-0.25865069,-0.045448482,0.118308,0.363657653,-0.217845261,0.0468165092,0.0530661941,0.000403252488,-0.0162624307,0.417380095,0.181015134,-0.0257023424,0.982617259,0.133467168,0.0143646402,-0.0251460094,0.257202208,-0.317690641,0.0441708267,0.983729601,-0.186805397,-0.0336869732,0.041096475,-0.218783751,-0.889868796,0.347940892,0.657055497,-0.232862711,0.00985397678,0.114369377,-0.137288913,0.378285766,-0.419473171,-0.513072252,-0.13673076,-0.184808522,-0.0772669464,-0.208461717,0.46068126,0.270838976,0.171939045,0.198178753,0.006012531,0.322380155,0.35149011,0.0143915778,0.278868139,0.309785903,-0.223464593,0.0141634969,-0.106165566,0.110076472,-0.122045487,0.0128410887,-0.0120801516,0.429219306,-0.196049511,0.111259051,-0.31525594,-0.136894107,0.183866516,0.284478575,-0.369055986,-0.00600452349,0.0272659957,0.104315549,-0.00238689966,0.319693863,0.450350523,0.0727456287,0.890105188,0.139437258,-0.0215657596,0.0600073449,0.265317798,-0.321471065,0.051142063,0.960268736,-0.173363343,-0.0416219682,0.0439656861,-0.122045487,0.0128410887,-0.0120801516,0.429219306,-0.196049511,0.111259051,-0.31525594,-0.136894107,0.183866516,0.284478575,-0.369055986,-0.00600452349,0.0272659957,0.104315549,-0.00238689966,0.319693863,0.450350523,0.0727456287,0.890105188,0.139437258,-0.0215657596,0.0600073449,0.265317798,-0.321471065,0.051142063,0.960268736,-0.173363343,-0.0416219682,0.0439656861,-0.122045487,0.0128410887,-0.0120801516,0.429219306,-0.196049511,0.111259051,-0.31525594,-0.136894107,0.183866516,0.284478575,-0.369055986,-0.00600452349,0.0272659957,0.104315549,-0.00238689966,0.319693863,0.450350523,0.0727456287,0.890105188,0.139437258,-0.0215657596,0.0600073449,0.265317798,-0.321471065,0.051142063,0.960268736,-0.173363343,-0.0416219682,0.0439656861
1.31493959,3217568.72,0,0,0.014231069,6.92997128e-06,1,0.249634031,0,1,0.690968096,0.0146266939,0.019106051,0.722484648,0.092860207,0.0512017496,-0.0522328019,0,-0,-0,-0.135566086,0.0354894064,-0.0270547364,0.435052842,-0.201869518,0.111234918,-0.258884072,-0.0460699908,0.122189298,0.361094266,-0.21906957,0.0453319699,0.0512275398,0.000102336446,-0.0175454784,0.421728551,0.184329063,-0.023991378,0.98368144,0.133515671,0.0173554961,-0.0217114054,0.25726971,-0.314942569,0.0467744321,0.980168343,-0.18557027,-0.0348586254,0.0419095345,-0.0810324326,-0.719550073,0.587591887,0.0965220332,0.120317698,0.00403615553,-0.102595948,-0.00968747679,0.381471872,-0.164479107,0.144050464,-0.159461826,-0.19110781,0.0062837638,-0.0804539397,0.410102576,0.369325072,0.168867663,0.0665551201,0.0045236377,0.275520384,0.35242936,0.00289414846,0.273289889,0.229599059,-0.422657341,0.213159502,-0.122755863,0.0611435436,-0.122045487,0.0128410887,-0.0120801516,0.429219306,-0.196049511,0.111259051,-0.31525594,-0.136894107,0.183866516,0.284478575,-0.369055986,-0.00600452349,0.0272659957,0.104315549,-0.00238689966,0.319693863,0.450350523,0.0727456287,0.890105188,0.139437258,-0.0215657596,0.0600073449,0.265317798,-0.321471065,0.051142063,0.960268736,-0.173363343,-0.0416219682,0.0439656861,-0.122045487,0.0128410887,-0.0120801516,0.429219306,-0.196049511,0.111259051,-0.31525594,-0.136894107,0.183866516,0.284478575,-0.369055986,-0.00600452349,0.0272659957,0.104315549,-0.00238689966,0.319693863,0.450350523,0.0727456287,0.890105188,0.139437258,-0.0215657596,0.0600073449,0.265317798,-0.321471065,0.051142063,0.960268736,-0.173363343,-0.0416219682,0.0439656861,-0.122045487,0.0128410887,-0.0120801516,0.429219306,-0.196049511,0.111259051,-0.31525594,-0.136894107,0.183866516,0.284478575,-0.369055986,-0.00600452349,0.0272659957,0.104315549,-0.00238689966,0.319693863,0.450350523,0.0727456287,0.890105188,0.139437258,-0.0215657596,0.0600073449,0.265317798,-0.321471065,0.051142063,0.960268736,-0.173363343,-0.0416219682,0.0439656861
1.32591672,3217568.73,0,0,0.00517199794,5.17070293e-06,1,0.224301126,0.0381768346,1,0.690936267,0.0142062251,0.0192798693,0.722518921,-0.123896196,0.0901716352,0.0557132363,0,-0,-0,-0.136484995,0.0282304026,-0.0208413061,0.433816999,-0.200766101,0.111256205,-0.26167196,-0.0449161455,0.125510454,0.361002564,-0.213876128,0.0436719134,0.0484371334,0.00172617065,-0.0179967526,0.42576617,0.189394265,-0.0220415313,0.984246075,0.133580893,0.0200851634,-0.0175290685,0.257275105,-0.311941594,0.0488053672,0.974717557,-0.182624742,-0.0364845321,0.0423310138,-0.0995363668,-0.524349391,0.42780304,-0.180860609,0.0575938113,0.000671698828,-0.32842201,0.176495299,0.187058195,0.111491442,0.584097922,-0.115722783,-0.256540418,0.238820553,-0.0173124038,0.27324757,0.458764791,0.157786578,0.0436662696,0.00640320033,0.194592208,0.338024735,-0.000242082431,0.229696348,0.126779631,-0.448817283,0.23562412,-0.141821951,0.0221455842,-0.11535953,0.0263880491,-0.00990672223,0.391042471,-0.18313098,0.113610573,-0.310225457,-0.136927426,0.183199584,0.280643523,-0.359187126,-0.00876103342,0.0284081604,0.0945977718,0.00211414695,0.329472929,0.433440894,0.0701999888,0.898764491,0.140680134,-0.0233361181,0.0659539998,0.267293096,-0.322895169,0.0464434735,0.962105513,-0.16035825,-0.0431447327,0.0457657315,-0.11535953,0.0263880491,-0.00990672223,0.391042471,-0.18313098,0.113610573,-0.310225457,-0.136927426,0.183199584,0.280643523,-0.359187126,-0.00876103342,0.0284081604,0.0945977718,0.00211414695,0.329472929,0.433440894,0.0701999888,0.898764491,0.140680134,-0.0233361181,0.0659539998,0.267293096,-0.322895169,0.0464434735,0.962105513,-0.16035825,-0.0431447327,0.0457657315,-0.11535953,0.0263880491,-0.00990672223,0.391042471,-0.18313098,0.113610573,-0.310225457,-0.136927426,0.183199584,0.280643523,-0.359187126,-0.00876103342,0.0284081604,0.0945977718,0.00211414695,0.329472929,0.433440894,0.0701999888,0.898764491,0.140680134,-0.0233361181,0.0659539998,0.267293096,-0.322895169,0.0464434735,0.962105513,-0.16035825,-0.0431447327,0.0457657315
1.33591921,3217568.74,0,0,0.0151744792,5.90085983e-06,1,0.224301126,0,1,0.690892041,0.013520604,0.0188021865,0.72258693,-0.262300193,0.0273923092,0.0176045503,0,-0,-0,-0.135233298,0.025227474,-0.0164921563,0.427217633,-0.198170871,0.111286633,-0.264240146,-0.0427477509,0.126822278,0.362154633,-0.207278118,0.0428415537,0.0469729193,0.00427872781,-0.0175217502,0.427326798,0.193219349,-0.0207404364,0.985090137,0.133698255,0.0210033935,-0.0143408105,0.257266551,-0.310156077,0.0494009964,0.971624672,-0.179225937,-0.0378069952,0.042648796,0.257325232,-0.293294042,0.565090239,-1.1101594,0.400344104,0.00500063552,-0.328679562,0.327669472,0.1293336,0.167732641,0.943342566,-0.094470866,-0.160698891,0.376672298,0.0869725347,0.152757853,0.487205982,0.168158352,0.132693082,0.0211948808,0.0787840039,0.428767323,-0.00121277943,0.213952482,0.0515366867,-0.346091717,0.506053269,-0.173562005,0.0472071096,-0.11535953,0.0263880491,-0.00990672223,0.391042471,-0.18313098,0.113610573,-0.310225457,-0.136927426,0.183199584,0.280643523,-0.359187126,-0.00876103342,0.0284081604,0.0945977718,0.00211414695,0.329472929,0.433440894,0.0701999888,0.898764491,0.140680134,-0.0233361181,0.0659539998,0.267293096,-0.322895169,0.0464434735,0.962105513,-0.16035825,-0.0431447327,0.0457657315,-0.11535953,0.0263880491,-0.00990672223,0.391042471,-0.18313098,0.113610573,-0.310225457,-0.136927426,0.183199584,0.280643523,-0.359187126,-0.00876103342,0.0284081604,0.0945977718,0.00211414695,0.329472929,0.433440894,0.0701999888,0.898764491,0.140680134,-0.0233361181,0.0659539998,0.267293096,-0.322895169,0.0464434735,0.962105513,-0.16035825,-0.0431447327,0.0457657315,-0.11535953,0.0263880491,-0.00990672223,0.391042471,-0.18313098,0.113610573,-0.310225457,-0.136927426,0.183199584,0.280643523,-0.359187126,-0.00876103342,0.0284081604,0.0945977718,0.00211414695,0.329472929,0.433440894,0.0701999888,0.898764491,0.140680134,-0.0233361181,0.0659539998,0.267293096,-0.322895169,0.0464434735,0.962105513,-0.16035825,-0.0431447327,0.0457657315
1.34691686,3217568.75,0,0,0.00620791595,5.36581501e-06,1,0.291513279,0.0320245922,1,0.690440178,0.0110954847,0.016817145,0.723108888,-0.560791671,0.0462147258,0.0939281061,0,-0,-0,-0.131486773,0.0236366894,-0.0108529143,0.408989519,-0.196740717,0.111429438,-0.270221621,-0.0359602533,0.126509473,0.366245985,-0.192219377,0.0419251248,0.0444515944,0.0120705562,-0.016393302,0.428348601,0.20022589,-0.0178937968,0.987024367,0.134300947,0.0214572884,-0.00762392953,0.257258058,-0.307739377,0.0496267714,0.968394637,-0.171649933,-0.0402307361,0.0434925072,0.386033028,0.0854336917,0.419662207,-1.47160518,-0.756455123,0.0190519411,-0.492386639,0.598261237,-0.105256163,0.43800047,1.03398013,-0.0473419651,-0.135653093,0.6585024,0.109543547,0.0221217889,0.502341032,0.248691842,0.12682119,0.0645210221,0.00237307674,0.546701729,-0.000283493515,0.159578621,-0.0239097048,-0.131746829,0.622519553,-0.204653442,0.103777215,-0.0836504698,0.0346478336,-0.008386245,0.359017879,-0.214134321,0.119453795,-0.333809495,-0.127431437,0.173422143,0.271681786,-0.389303088,-0.00578563754,0.0294680614,0.087937668,0.00164350495,0.337500155,0.40643847,0.0669484213,0.90266794,0.140599996,-0.0275666043,0.0719787702,0.277568847,-0.323820382,0.0369891711,0.968671739,-0.147759408,-0.0487037748,0.050129164,-0.0836504698,0.0346478336,-0.008386245,0.359017879,-0.214134321,0.119453795,-0.333809495,-0.127431437,0.173422143,0.271681786,-0.389303088,-0.00578563754,0.0294680614,0.087937668,0.00164350495,0.337500155,0.40643847,0.0669484213,0.90266794,0.140599996,-0.0275666043,0.0719787702,0.277568847,-0.323820382,0.0369891711,0.968671739,-0.147759408,-0.0487037748,0.050129164,-0.0836504698,0.0346478336,-0.008386245,0.359017879,-0.214134321,0.119453795,-0.333809495,-0.127431437,0.173422143,0.271681786,-0.389303088,-0.00578563754,0.0294680614,0.087937668,0.00164350495,0.337500155,0.40643847,0.0669484213,0.90266794,0.140599996,-0.0275666043,0.0719787702,0.277568847,-0.323820382,0.0369891711,0.968671739,-0.147759408,-0.0487037748,0.050129164
1.35691686,3217568.76,0,0,0.0162079162,5.40632755e-06,1,0.291513279,0,1,0.690266192,0.00976148434,0.0155488821,0.72332257,-0.637977421,0.0310190544,0.10149271,0,-0,-0,-0.128556788,0.0254223645,-0.00755804544,0.40028128,-0.208030358,0.11150901,-0.273349702,-0.032072477,0.125549406,0.369392216,-0.186261624,0.0416759253,0.0438371338,0.0161745399,-0.0155870114,0.428287238,0.203292981,-0.0161505304,0.987732887,0.134750575,0.021383632,-0.00400716672,0.257280588,-0.306681335,0.0493149571,0.967906058,-0.167595148,-0.0415329598,0.044328738,0.518819392,0.397514284,0.588870704,-1.4284004,-2.23987031,0.0113911387,-0.535337567,0.663988709,-0.199598372,0.55403465,0.994525552,-0.0389532261,-0.101990588,0.693815947,0.137716815,-0.0247947797,0.518032372,0.311026782,0.112695672,0.0782238171,-0.0173177104,0.626183987,0.0077718175,0.185547367,-0.0617581308,-0.0611734465,0.682512105,-0.215237126,0.150798663,-0.0836504698,0.0346478336,-0.008386245,0.359017879,-0.214134321,0.119453795,-0.333809495,-0.127431437,0.173422143,0.271681786,-0.389303088,-0.00578563754,0.0294680614,0.087937668,0.00164350495,0.337500155,0.40643847,0.0669484213,0.90266794,0.140599996,-0.0275666043,0.0719787702,0.277568847,-0.323820382,0.0369891711,0.968671739,-0.147759408,-0.0487037748,0.050129164,-0.0836504698,0.0346478336,-0.008386245,0.359017879,-0.214134321,0.119453795,-0.333809495,-0.127431437,0.173422143,0.271681786,-0.389303088,-0.00578563754,0.0294680614,0.087937668,0.00164350495,0.337500155,0.40643847,0.0669484213,0.90266794,0.140599996,-0.0275666043,0.0719787702,0.277568847,-0.323820382,0.0369891711,0.968671739,-0.147759408,-0.0487037748,0.050129164,-0.0836504698,0.0346478336,-0.008386245,0.359017879,-0.214134321,0.119453795,-0.333809495,-0.127431437,0.173422143,0.271681786,-0.389303088,-0.00578563754,0.0294680614,0.087937668,0.00164350495,0.337500155,0.40643847,0.0669484213,0.90266794,0.140599996,-0.0275666043,0.0719787702,0.277568847,-0.323820382,0.0369891711,0.968671739,-0.147759408,-0.0487037748,0.050129164
1.36694627,3217568.77,0,0,0.00624488201,2.16751359e-05,1,0.238535926,0.0486901626,1,0.689233005,0.00601348327,0.0121343937,0.724413157,-0.78943783,0.0618526191,0.227220312,0,-0,-0,-0.120591655,0.0348706953,-0.000752978551,0.380703449,-0.242329508,0.111538135,-0.281773865,-0.0224747509,0.120011516,0.378559053,-0.172086328,0.0412424132,0.0417974219,0.0262534544,-0.0138882436,0.427062094,0.210969537,-0.0106429309,0.988893867,0.135989055,0.021109391,0.00555364322,0.257818073,-0.303597182,0.0478928126,0.968017697,-0.158937752,-0.0443739258,0.0464171916,0.693572819,0.808589697,0.285173923,-1.58023715,-2.50251198,-0.0093984073,-0.697289109,0.721317351,-0.512859046,0.853959024,0.76501888,-0.0253925044,-0.115766138,0.751095176,0.119112149,-0.128543824,0.538878381,0.486413836,0.0520385988,0.121132389,-0.0196312219,0.73109746,0.0627947599,0.248656243,-0.207484186,0.0775056928,0.635363936,-0.272137612,0.133782491,-0.0349603072,0.0451981202,-0.0122368727,0.339335769,-0.227325246,0.126437202,-0.381345093,-0.0892215818,0.144692108,0.274727166,-0.422845542,0.0016824347,0.0274447575,0.086669296,0.00168116018,0.341704667,0.376110792,0.0665577352,0.898236632,0.14265047,-0.0311983339,0.0756909326,0.282936126,-0.325324595,0.023405578,0.972102642,-0.13629359,-0.0587626249,0.0491775498,-0.0349603072,0.0451981202,-0.0122368727,0.339335769,-0.227325246,0.126437202,-0.381345093,-0.0892215818,0.144692108,0.274727166,-0.422845542,0.0016824347,0.0274447575,0.086669296,0.00168116018,0.341704667,0.376110792,0.0665577352,0.898236632,0.14265047,-0.0311983339,0.0756909326,0.282936126,-0.325324595,0.023405578,0.972102642,-0.13629359,-0.0587626249,0.0491775498,-0.0349603072,0.0451981202,-0.0122368727,0.339335769,-0.227325246,0.126437202,-0.381345093,-0.0892215818,0.144692108,0.274727166,-0.422845542,0.0016824347,0.0274447575,0.086669296,0.00168116018,0.341704667,0.376110792,0.0665577352,0.898236632,0.14265047,-0.0311983339,0.0756909326,0.282936126,-0.325324595,0.023405578,0.972102642,-0.13629359,-0.0587626249,0.0491775498
1.37791704,3217568.79,0,0,0.0172156529,5.2000396e-06,1,0.238535926,0,1,0.688762128,0.00414095726,0.0104517564,0.724900246,-0.861609697,0.0749715939,0.231946155,0,-0,-0,-0.115888581,0.0400514565,2.108425e-05,0.370180547,-0.257598311,0.11121358,-0.286357045,-0.0179739427,0.116509221,0.384464771,-0.168612316,0.0411084816,0.0412920974,0.0309464391,-0.0132064391,0.426160991,0.214071229,-0.00731747597,0.989098728,0.136839941,0.020941548,0.0101400036,0.258303016,-0.30203706,0.0461144783,0.968737483,-0.154995844,-0.0463881269,0.0470980108,0.807977915,0.885125577,0.0439318866,-1.81495714,-2.56483293,-0.0828135461,-0.787613988,0.758710444,-0.62650305,1.02069032,0.537702799,-0.0207934212,-0.0812550038,0.797731578,0.107306436,-0.161890522,0.508861482,0.581921279,0.0269121211,0.146182179,-0.0330457352,0.778102696,0.0910511315,0.262325466,-0.328660071,0.135175034,0.652699053,-0.354430079,0.101875268,-0.0349603072,0.0451981202,-0.0122368727,0.339335769,-0.227325246,0.126437202,-0.381345093,-0.0892215818,0.144692108,0.274727166,-0.422845542,0.0016824347,0.0274447575,0.086669296,0.00168116018,0.341704667,0.376110792,0.0665577352,0.898236632,0.14265047,-0.0311983339,0.0756909326,0.282936126,-0.325324595,0.023405578,0.972102642,-0.13629359,-0.0587626249,0.0491775498,-0.0349603072,0.0451981202,-0.0122368727,0.339335769,-0.227325246,0.126437202,-0.381345093,-0.0892215818,0.144692108,0.274727166,-0.422845542,0.0016824347,0.0274447575,0.086669296,0.00168116018,0.341704667,0.376110792,0.0665577352,0.898236632,0.14265047,-0.0311983339,0.0756909326,0.282936126,-0.325324595,0.023405578,0.972102642,-0.13629359,-0.0587626249,0.0491775498,-0.0349603072,0.0451981202,-0.0122368727,0.339335769,-0.227325246,0.126437202,-0.381345093,-0.0892215818,0.144692108,0.274727166,-0.422845542,0.0016824347,0.0274447575,0.086669296,0.00168116018,0.341704667,0.376110792,0.0665577352,0.898236632,0.14265047,-0.0311983339,0.0756909326,0.282936126,-0.325324595,0.023405578,0.972102642,-0.13629359,-0.0587626249,0.0491775498
1.38891543,3217568.8,0,0,0.00824872311,4.3399632e-06,1,0.2100938,0.0585324168,1,0.687090695,0.00115320552,0.00812262204,0.726525366,-0.0984028652,0.0506548323,0.352651566,0,-0,-0,-0.110639498,0.0482410006,-0.00320902443,0.353489101,-0.278998256,0.0849222019,-0.298446387,-0.0128970155,0.107775129,0.399847656,-0.158864394,0.0410922915,0.0396320932,0.0354013033,-0.0109328488,0.421507448,0.222831994,0.00235304981,0.990259171,0.138403729,0.0205368847,0.0212395694,0.2589508,-0.295589864,0.040975567,0.972414017,-0.14733699,-0.0507881828,0.0478509553,-0.0962127224,0.16474025,-0.293102622,-0.384050131,-0.44021067,-3.10152245,-0.915588379,-0.104302078,-0.490259647,1.21172762,0.74097538,0.0220650826,-0.105678007,-0.274874568,0.269692272,-0.5116449,0.747760653,0.807500184,0.164519519,0.0964512154,-0.0124880895,0.786278665,-0.0279516429,0.682859361,-0.375919998,0.388464481,0.506772161,-0.28753224,0.0232733674,0.012977086,0.0581253096,-0.0108122863,0.341312885,-0.208168745,0.132842168,-0.43987751,-0.0431138724,0.110016182,0.284261167,-0.426940084,0.0111965146,0.0196261667,0.0900200009,0.00194916315,0.338934988,0.351436943,0.0698229,0.88886869,0.146383643,-0.0359592289,0.0764514059,0.285834849,-0.332398057,0.0142396502,0.974473119,-0.124780163,-0.068406187,0.0434040874,0.012977086,0.0581253096,-0.0108122863,0.341312885,-0.208168745,0.132842168,-0.43987751,-0.0431138724,0.110016182,0.284261167,-0.426940084,0.0111965146,0.0196261667,0.0900200009,0.00194916315,0.338934988,0.351436943,0.0698229,0.88886869,0.146383643,-0.0359592289,0.0764514059,0.285834849,-0.332398057,0.0142396502,0.974473119,-0.124780163,-0.068406187,0.0434040874,0.012977086,0.0581253096,-0.0108122863,0.341312885,-0.208168745,0.132842168,-0.43987751,-0.0431138724,0.110016182,0.284261167,-0.426940084,0.0111965146,0.0196261667,0.0900200009,0.00194916315,0.338934988,0.351436943,0.0698229,0.88886869,0.146383643,-0.0359592289,0.0764514059,0.285834849,-0.332398057,0.0142396502,0.974473119,-0.124780163,-0.068406187,0.0434040874
1.39894291,3217568.81,0,0,0.018276195,1.88089907e-05,1,0.2100938,0,1,0.685978413,0.00229305401,0.00878100656,0.727565289,0.33279103,-0.163448691,0.194801629,0,-0,-0,-0.114007421,0.0460252278,-0.00515112933,0.355762541,-0.278873384,0.0566903315,-0.308539689,-0.0176735278,0.104050323,0.415415317,-0.153617948,0.0415570512,0.0390417166,0.0275821313,-0.00594149716,0.41417855,0.231714621,0.0140495533,0.992765307,0.139834389,0.0208158325,0.0305222012,0.257909209,-0.286302507,0.0367075391,0.977617264,-0.140425935,-0.0548573956,0.0478875078,-0.295044929,-0.334208995,-0.0891156569,0.447536081,0.193124041,-1.86866486,-0.688657403,-0.510322452,-0.205739602,1.22344601,0.321916908,0.0442369245,-0.0226039216,-0.788710237,0.521042287,-0.655264258,0.713899553,1.03991866,0.226241633,0.105940528,0.0575440302,0.763104618,-0.0980282426,0.778129518,-0.310056448,0.406691283,0.563240469,-0.33643809,-0.00439859321,0.012977086,0.0581253096,-0.0108122863,0.341312885,-0.208168745,0.132842168,-0.43987751,-0.0431138724,0.110016182,0.284261167,-0.426940084,0.0111965146,0.0196261667,0.0900200009,0.00194916315,0.338934988,0.351436943,0.0698229,0.88886869,0.146383643,-0.0359592289,0.0764514059,0.285834849,-0.332398057,0.0142396502,0.974473119,-0.124780163,-0.068406187,0.0434040874,0.012977086,0.0581253096,-0.0108122863,0.341312885,-0.208168745,0.132842168,-0.43987751,-0.0431138724,0.110016182,0.284261167,-0.426940084,0.0111965146,0.0196261667,0.0900200009,0.00194916315,0.338934988,0.351436943,0.0698229,0.88886869,0.146383643,-0.0359592289,0.0764514059,0.285834849,-0.332398057,0.0142396502,0.974473119,-0.124780163,-0.068406187,0.0434040874,0.012977086,0.0581253096,-0.0108122863,0.341312885,-0.208168745,0.132842168,-0.43987751,-0.0431138724,0.110016182,0.284261167,-0.426940084,0.0111965146,0.0196261667,0.0900200009,0.00194916315,0.338934988,0.351436943,0.0698229,0.88886869,0.146383643,-0.0359592289,0.0764514059,0.285834849,-0.332398057,0.0142396502,0.974473119,-0.124780163,-0.068406187,0.0434040874
1.40994368,3217568.82,0,0,0.00930136768,1.73449516e-05,1,0.18538814,0.0715280399,1,0.685412288,0.00418867869,0.00916755293,0.728085458,0.220492303,-0.179250553,0.174343601,0,-0,-0,-0.116839297,0.0426875353,-0.00580120878,0.36166963,-0.276441664,0.0416990072,-0.313422978,-0.0225440841,0.102435991,0.425474972,-0.151762515,0.0420199484,0.0385757647,0.0201547649,-0.000781081384,0.407977045,0.2381915,0.0247049872,0.994798183,0.140680447,0.0220826361,0.0378190503,0.257267952,-0.279372811,0.0345300026,0.980976343,-0.135978878,-0.0580031946,0.0478345156,-0.386162847,-0.243968502,-0.107038483,0.723380566,0.225147739,-1.36805737,-0.408402354,-0.405561864,-0.20802556,0.829629242,0.00642384216,0.0493798032,-0.136615425,-0.615580738,0.391345173,-0.537810981,0.575599492,1.10521519,0.157661721,0.100467429,0.211479247,0.688411355,-0.0379507802,0.598390162,-0.141349569,0.310259312,0.300951183,-0.328911006,-0.00276785949,-0.0015546307,0.12965335,-0.0259454474,0.329111576,-0.231494308,0.150179476,-0.466550261,0.0142557472,0.0725980252,0.295583457,-0.418969005,0.0309396125,0.00741967838,0.111506507,0.0118296333,0.3313317,0.342561126,0.0742297918,0.885111213,0.152589232,-0.026694268,0.0734515041,0.287572235,-0.35337314,0.013306167,0.976561606,-0.134124845,-0.0745725259,0.0456613563,-0.0015546307,0.12965335,-0.0259454474,0.329111576,-0.231494308,0.150179476,-0.466550261,0.0142557472,0.0725980252,0.295583457,-0.418969005,0.0309396125,0.00741967838,0.111506507,0.0118296333,0.3313317,0.342561126,0.0742297918,0.885111213,0.152589232,-0.026694268,0.0734515041,0.287572235,-0.35337314,0.013306167,0.976561606,-0.134124845,-0.0745725259,0.0456613563,-0.0015546307,0.12965335,-0.0259454474,0.329111576,-0.231494308,0.150179476,-0.466550261,0.0142557472,0.0725980252,0.295583457,-0.418969005,0.0309396125,0.00741967838,0.111506507,0.0118296333,0.3313317,0.342561126,0.0742297918,0.885111213,0.152589232,-0.026694268,0.0734515041,0.287572235,-0.35337314,0.013306167,0.976561606,-0.134124845,-0.0745725259,0.0456613563
1.42091974,3217568.83,0,0,0.000283247791,5.86500391e-06,1,0.179458875,0.0454084873,1,0.684945524,0.00496614818,0.00888238847,0.728523254,-0.0211515073,-0.156872958,0.0683683157,0,-0,-0,-0.120981291,0.0419975445,-0.00685663661,0.369494766,-0.274688005,0.0296374653,-0.316103488,-0.0248866286,0.100105576,0.431210548,-0.154311299,0.0424839035,0.0365450121,0.0160029717,0.00184215093,0.403788358,0.243111074,0.0358238779,0.995652556,0.141642272,0.0252050087,0.044037018,0.257110327,-0.274774432,0.0337875858,0.98365891,-0.134407565,-0.0613931045,0.0478433482,-0.369268239,0.0365406573,-0.0704907477,0.761454225,0.150351733,-1.09096086,-0.161334679,-0.125751257,-0.221420392,0.410729766,-0.39276287,0.0427272134,-0.205790892,-0.303773522,0.214511245,-0.355745703,0.45286268,1.08908212,0.0520418361,0.0759485066,0.354049146,0.581735075,-0.000449801242,0.376826376,-0.0440603942,0.228646904,0.0920967087,-0.329657286,0.00257776538,-0.0015546307,0.12965335,-0.0259454474,0.329111576,-0.231494308,0.150179476,-0.466550261,0.0142557472,0.0725980252,0.295583457,-0.418969005,0.0309396125,0.00741967838,0.111506507,0.0118296333,0.3313317,0.342561126,0.0742297918,0.885111213,0.152589232,-0.026694268,0.0734515041,0.287572235,-0.35337314,0.013306167,0.976561606,-0.134124845,-0.0745725259,0.0456613563,-0.041179467,0.159652606,-0.0398630202,0.317278892,-0.245760158,0.153025672,-0.448849052,0.0203742757,0.0624451861,0.340991944,-0.384451896,0.0233522188,-0.00120188948,0.135366619,0.0131092519,0.326096416,0.327709258,0.0748571455,0.887892544,0.151503339,-0.0147888213,0.0696147308,0.299647331,-0.3612656,0.00680926442,0.976575911,-0.148629665,-0.0762504339,0.0501955934,-0.041179467,0.159652606,-0.0398630202,0.317278892,-0.245760158,0.153025672,-0.448849052,0.0203742757,0.0624451861,0.340991944,-0.384451896,0.0233522188,-0.00120188948,0.135366619,0.0131092519,0.326096416,0.327709258,0.0748571455,0.887892544,0.151503339,-0.0147888213,0.0696147308,0.299647331,-0.3612656,0.00680926442,0.976575911,-0.148629665,-0.0762504339,0.0501955934
1.43094301,3217568.84,0,0,0.0103065209,1.72420405e-05,1,0.179458875,0,1,0.685049891,0.00513801118,0.0079565905,0.728434563,-0.174415171,-0.115468316,-0.0344096981,0,-0,-0,-0.123845883,0.043539688,-0.00694752065,0.376147598,-0.273424298,0.0203280821,-0.316756189,-0.0249255504,0.0980909243,0.433733612,-0.160186589,0.0428114198,0.0344887152,0.0141000273,0.00325350906,0.401186764,0.247392714,0.046006199,0.995887637,0.142072424,0.0288481005,0.0492525399,0.257370979,-0.272061259,0.033550363,0.9851861,-0.134415239,-0.0643006042,0.048041828,-0.305289179,0.221070841,-0.0216796603,0.647269547,0.0989726558,-0.843325138,-0.0655679032,0.0539356209,-0.244002268,0.228688002,-0.806553006,0.0201708432,-0.277554065,-0.11382059,0.0587010607,-0.185708418,0.408434272,0.986868024,0.0015850463,0.0274409652,0.380778283,0.476070046,0.0405884124,0.197821811,-0.0160584357,0.0985428393,-0.131881848,-0.277500182,0.0576878563,-0.041179467,0.159652606,-0.0398630202,0.317278892,-0.245760158,0.153025672,-0.448849052,0.0203742757,0.0624451861,0.340991944,-0.384451896,0.0233522188,-0.00120188948,0.135366619,0.0131092519,0.326096416,0.327709258,0.0748571455,0.887892544,0.151503339,-0.0147888213,0.0696147308,0.299647331,-0.3612656,0.00680926442,0.976575911,-0.148629665,-0.0762504339,0.0501955934,-0.041179467,0.159652606,-0.0398630202,0.317278892,-0.245760158,0.153025672,-0.448849052,0.0203742757,0.0624451861,0.340991944,-0.384451896,0.0233522188,-0.00120188948,0.135366619,0.0131092519,0.326096416,0.327709258,0.0748571455,0.887892544,0.151503339,-0.0147888213,0.0696147308,0.299647331,-0.3612656,0.00680926442,0.976575911,-0.148629665,-0.0762504339,0.0501955934,-0.041179467,0.159652606,-0.0398630202,0.317278892,-0.245760158,0.153025672,-0.448849052,0.0203742757,0.0624451861,0.340991944,-0.384451896,0.0233522188,-0.00120188948,0.135366619,0.0131092519,0.326096416,0.327709258,0.0748571455,0.887892544,0.151503339,-0.0147888213,0.0696147308,0.299647331,-0.3612656,0.00680926442,0.976575911,-0.148629665,-0.0762504339,0.0501955934
1.44200787,3217568.85,0,0,0.00131846871,6.20400533e-06,1,0.214443076,0.060377717,1,0.685335279,0.00451235706,0.0065415334,0.728184283,-0.273255467,-0.0787998438,-0.108476132,0,-0,-0,-0.127178937,0.0471546426,-0.00718034804,0.382988364,-0.272584587,0.0117072174,-0.317288905,-0.0234274343,0.0946899652,0.435887545,-0.17245698,0.0428840108,0.0301820859,0.013685449,0.0030385002,0.400001436,0.25226891,0.0568256825,0.995655179,0.142236754,0.0335252583,0.0539884679,0.258066595,-0.270896971,0.0332806297,0.985735178,-0.137731552,-0.067487739,0.0492090024,-0.222119197,0.346708655,0.011051151,0.482682198,0.0612334311,-0.633912623,-0.0147443404,0.171432883,-0.276458144,0.121264897,-1.09090364,0.000172133907,-0.370226741,-0.00244311173,-0.0508007854,-0.0548160262,0.420969397,0.820616424,-0.0239971355,0.00703314599,0.381076843,0.338387132,0.075307779,0.0444042645,-0.0415595248,0.0214588735,-0.315774351,-0.251115978,0.103019945,-0.0827845931,0.169758514,-0.0503337905,0.306274652,-0.232762814,0.155078948,-0.41347447,0.0138848834,0.0569134206,0.401369661,-0.339007109,0.00590903545,-0.00464447588,0.165610433,0.0203818008,0.322013438,0.309395194,0.0721984878,0.890094042,0.145351022,-0.00241879979,0.0658655912,0.309924811,-0.357076168,-0.00249961205,0.971415222,-0.155048639,-0.0737935007,0.0539328009,-0.0827845931,0.169758514,-0.0503337905,0.306274652,-0.232762814,0.155078948,-0.41347447,0.0138848834,0.0569134206,0.401369661,-0.339007109,0.00590903545,-0.00464447588,0.165610433,0.0203818008,0.322013438,0.309395194,0.0721984878,0.890094042,0.145351022,-0.00241879979,0.0658655912,0.309924811,-0.357076168,-0.00249961205,0.971415222,-0.155048639,-0.0737935007,0.0539328009,-0.0827845931,0.169758514,-0.0503337905,0.306274652,-0.232762814,0.155078948,-0.41347447,0.0138848834,0.0569134206,0.401369661,-0.339007109,0.00590903545,-0.00464447588,0.165610433,0.0203818008,0.322013438,0.309395194,0.0721984878,0.890094042,0.145351022,-0.00241879979,0.0658655912,0.309924811,-0.357076168,-0.00249961205,0.971415222,-0.155048639,-0.0737935007,0.0539328009
1.45291614,3217568.86,0,0,0.012226732,3.95532697e-06,1,0.214443076,0,1,0.685773849,0.00387385348,0.0053451471,0.727784753,-0.245368347,-0.0681173354,-0.102816321,0,-0,-0,-0.129025906,0.0505013801,-0.00700442633,0.387036651,-0.27195552,0.00619244855,-0.317926586,-0.0220086947,0.0913969502,0.438233256,-0.184926122,0.0421322919,0.0262057055,0.013575023,0.00245078304,0.399636209,0.256794035,0.063837409,0.994959533,0.142170221,0.0377975218,0.0566634126,0.259328663,-0.270720482,0.0315549746,0.984934628,-0.141366541,-0.0693286285,0.050595805,-0.174334973,0.310612619,0.00363842258,0.370423019,0.0634920895,-0.506003857,-0.111260302,0.0993803218,-0.38780421,0.345712483,-1.35612011,-0.135402992,-0.431744993,-0.0234192219,-0.0562452413,-0.0336545706,0.472480357,0.623519778,-0.108347632,-0.0151925068,0.472902209,0.219532356,0.167176932,0.00735731702,-0.283140868,-0.164824173,-0.403628767,-0.134264797,0.168593049,-0.0827845931,0.169758514,-0.0503337905,0.306274652,-0.232762814,0.155078948,-0.41347447,0.0138848834,0.0569134206,0.401369661,-0.339007109,0.00590903545,-0.00464447588,0.165610433,0.0203818008,0.322013438,0.309395194,0.0721984878,0.890094042,0.145351022,-0.00241879979,0.0658655912,0.309924811,-0.357076168,-0.00249961205,0.971415222,-0.155048639,-0.0737935007,0.0539328009,-0.0827845931,0.169758514,-0.0503337905,0.306274652,-0.232762814,0.155078948,-0.41347447,0.0138848834,0.0569134206,0.401369661,-0.339007109,0.00590903545,-0.00464447588,0.165610433,0.0203818008,0.322013438,0.309395194,0.0721984878,0.890094042,0.145351022,-0.00241879979,0.0658655912,0.309924811,-0.357076168,-0.00249961205,0.971415222,-0.155048639,-0.0737935007,0.0539328009,-0.0827845931,0.169758514,-0.0503337905,0.306274652,-0.232762814,0.155078948,-0.41347447,0.0138848834,0.0569134206,0.401369661,-0.339007109,0.00590903545,-0.00464447588,0.165610433,0.0203818008,0.322013438,0.309395194,0.0721984878,0.890094042,0.145351022,-0.00241879979,0.0658655912,0.309924811,-0.357076168,-0.00249961205,0.971415222,-0.155048639,-0.0737935007,0.0539328009
1.46391527,3217568.87,0,0,0.00322091021,4.21516597e-06,1,0.203993171,0.0491616428,1,0.686213374,0.00336257229,0.00406872295,0.72738111,-0.191230118,-0.0947849005,-0.0982736573,0,-0,-0,-0.130377144,0.0537923574,-0.00694957469,0.390546948,-0.271180391,0.000810296624,-0.31916523,-0.0213469639,0.086521849,0.442633241,-0.200291261,0.040397279,0.0209829211,0.0129871592,0.00207270379,0.398918062,0.262929171,0.0696386769,0.993653119,0.141997769,0.043524459,0.058442641,0.262174577,-0.271047324,0.0271518808,0.982077897,-0.145746663,-0.0704043582,0.0524289086,-0.0701444596,0.250952184,0.00754188094,0.23941277,0.0643509626,-0.415087432,-0.0899568424,0.0306306388,-0.406399816,0.361280292,-1.20716691,-0.136575654,-0.431565911,-0.0664973035,-0.0180942994,-0.0801739916,0.538870156,0.383697987,-0.100262709,-0.0124942884,0.46914503,0.0995370224,0.287353992,-0.0553291738,-0.408635587,-0.277446926,-0.324937075,-0.0636020079,0.133626744,-0.122309551,0.181757495,-0.0577797554,0.291653067,-0.218921393,0.164425567,-0.382085025,0.0145968646,0.0517455004,0.450531304,-0.313592046,-0.00522000063,-0.00191946607,0.192420796,0.029933922,0.327447206,0.297699034,0.0711608976,0.899077117,0.143204197,0.0103140585,0.0652680546,0.308493912,-0.347781301,-0.00764302164,0.969997585,-0.159850642,-0.0702992752,0.0571364723,-0.122309551,0.181757495,-0.0577797554,0.291653067,-0.218921393,0.164425567,-0.382085025,0.0145968646,0.0517455004,0.450531304,-0.313592046,-0.00522000063,-0.00191946607,0.192420796,0.029933922,0.327447206,0.297699034,0.0711608976,0.899077117,0.143204197,0.0103140585,0.0652680546,0.308493912,-0.347781301,-0.00764302164,0.969997585,-0.159850642,-0.0702992752,0.0571364723,-0.122309551,0.181757495,-0.0577797554,0.291653067,-0.218921393,0.164425567,-0.382085025,0.0145968646,0.0517455004,0.450531304,-0.313592046,-0.00522000063,-0.00191946607,0.192420796,0.029933922,0.327447206,0.297699034,0.0711608976,0.899077117,0.143204197,0.0103140585,0.0652680546,0.308493912,-0.347781301,-0.00764302164,0.969997585,-0.159850642,-0.0702992752,0.0571364723
1.47391551,3217568.88,0,0,0.0132211531,4.27383929e-06,1,0.203993171,0,1,0.686651707,0.00314006372,0.00332683232,0.726972163,-0.107414119,-0.0674452037,-0.126150563,0,-0,-0,-0.13111262,0.0557936691,-0.00657952623,0.392531097,-0.270509094,-0.00286632357,-0.321512371,-0.0216482263,0.082020238,0.448700905,-0.213214099,0.0361189321,0.0173280444,0.0118906414,0.00174048019,0.397476554,0.26854527,0.0723742619,0.99279511,0.141887933,0.048452571,0.0591001809,0.265662223,-0.271706194,0.0222821813,0.979256094,-0.149085268,-0.0707436353,0.0538759902,-0.0622279532,0.169284746,0.0495244488,0.173999697,0.0661049634,-0.344042122,-0.282598495,-0.0590677522,-0.451208919,0.695360065,-1.27975571,-0.513125241,-0.331097513,-0.133451521,-0.0280570481,-0.187012449,0.571671367,0.209013537,-0.0675687492,-0.0098918695,0.491053849,0.0468794517,0.379428238,-0.0802473351,-0.506830752,-0.267586946,-0.320252091,-0.0206165295,0.139994681,-0.122309551,0.181757495,-0.0577797554,0.291653067,-0.218921393,0.164425567,-0.382085025,0.0145968646,0.0517455004,0.450531304,-0.313592046,-0.00522000063,-0.00191946607,0.192420796,0.029933922,0.327447206,0.297699034,0.0711608976,0.899077117,0.143204197,0.0103140585,0.0652680546,0.308493912,-0.347781301,-0.00764302164,0.969997585,-0.159850642,-0.0702992752,0.0571364723,-0.122309551,0.181757495,-0.0577797554,0.291653067,-0.218921393,0.164425567,-0.382085025,0.0145968646,0.0517455004,0.450531304,-0.313592046,-0.00522000063,-0.00191946607,0.192420796,0.029933922,0.327447206,0.297699034,0.0711608976,0.899077117,0.143204197,0.0103140585,0.0652680546,0.308493912,-0.347781301,-0.00764302164,0.969997585,-0.159850642,-0.0702992752,0.0571364723,-0.122309551,0.181757495,-0.0577797554,0.291653067,-0.218921393,0.164425567,-0.382085025,0.0145968646,0.0517455004,0.450531304,-0.313592046,-0.00522000063,-0.00191946607,0.192420796,0.029933922,0.327447206,0.297699034,0.0711608976,0.899077117,0.143204197,0.0103140585,0.0652680546,0.308493912,-0.347781301,-0.00764302164,0.969997585,-0.159850642,-0.0702992752,0.0571364723
1.48393884,3217568.89,0,0,0.00329189096,1.39470212e-05,1,0.191249885,0.0267636776,1,0.687088668,0.00316014979,0.0028015303,0.726561308,-0.0545660853,-0.0801896974,-0.114960395,0,-0,-0,-0.131488398,0.0571273379,-0.00606926158,0.394021779,-0.269928247,-0.00610587373,-0.324212313,-0.0223597623,0.0780626684,0.455445081,-0.224436134,0.031586092,0.0142997503,0.0103369774,0.00159047637,0.395124733,0.274264932,0.073732309,0.992418647,0.141806006,0.0530462377,0.0593743101,0.26974839,-0.272874147,0.0175858848,0.97716713,-0.151725084,-0.0708545297,0.0549889207,-0.0236884523,0.113423407,0.0510672592,0.136836231,0.0506458692,-0.312070727,-0.252019763,-0.0702173486,-0.348085314,0.637711406,-0.999788642,-0.400105625,-0.28544575,-0.166417331,-0.0091191642,-0.26047796,0.567184746,0.0939056948,-0.0237367656,-0.00704534911,0.43466261,0.017914461,0.424860448,-0.143869668,-0.431821078,-0.162246048,-0.222487912,-0.00668856455,0.0897987559,-0.149073228,0.193608001,-0.0635201558,0.287613481,-0.192769915,0.175532922,-0.364524335,0.00467746705,0.0498259142,0.468182683,-0.293166637,-0.0107007101,0.0061915298,0.193488032,0.0470182486,0.349780679,0.2868765,0.0647246316,0.913539708,0.143199682,0.0198695939,0.0624925718,0.301812053,-0.34183228,-0.0135110822,0.966167748,-0.161705375,-0.0650633126,0.0534483083,-0.149073228,0.193608001,-0.0635201558,0.287613481,-0.192769915,0.175532922,-0.364524335,0.00467746705,0.0498259142,0.468182683,-0.293166637,-0.0107007101,0.0061915298,0.193488032,0.0470182486,0.349780679,0.2868765,0.0647246316,0.913539708,0.143199682,0.0198695939,0.0624925718,0.301812053,-0.34183228,-0.0135110822,0.966167748,-0.161705375,-0.0650633126,0.0534483083,-0.149073228,0.193608001,-0.0635201558,0.287613481,-0.192769915,0.175532922,-0.364524335,0.00467746705,0.0498259142,0.468182683,-0.293166637,-0.0107007101,0.0061915298,0.193488032,0.0470182486,0.349780679,0.2868765,0.0647246316,0.913539708,0.143199682,0.0198695939,0.0624925718,0.301812053,-0.34183228,-0.0135110822,0.966167748,-0.161705375,-0.0650633126,0.0534483083
1.49491701,3217568.9,0,0,0.0142700598,4.56906855e-06,1,0.191249885,0,1,0.687505662,0.00336058508,0.0024615603,0.726167083,0.00121393136,-0.0718073398,-0.114745639,0,-0,-0,-0.131747663,0.0579071157,-0.00548767392,0.395404756,-0.269550383,-0.00866362453,-0.32676509,-0.0233133137,0.0747626871,0.461518049,-0.232139707,0.0269513018,0.0120345671,0.0084889289,0.00153813022,0.392033637,0.279732168,0.074237667,0.992281675,0.141767636,0.0570201725,0.0594754443,0.274347156,-0.274479985,0.0131723154,0.976023197,-0.153637409,-0.0704752132,0.0555056147,-0.031545978,0.0527082905,0.0638978407,0.142189696,0.0298941229,-0.215922952,-0.264540344,-0.119363315,-0.328593105,0.596805215,-0.626879811,-0.512417614,-0.181078911,-0.197851136,-0.00307618501,-0.343367994,0.528730333,0.0292124562,-0.00920970179,-0.00158886053,0.371265292,0.00632489379,0.484015942,-0.165300027,-0.463855237,-0.0876541883,-0.178356975,0.0763831288,0.0297877267,-0.149073228,0.193608001,-0.0635201558,0.287613481,-0.192769915,0.175532922,-0.364524335,0.00467746705,0.0498259142,0.468182683,-0.293166637,-0.0107007101,0.0061915298,0.193488032,0.0470182486,0.349780679,0.2868765,0.0647246316,0.913539708,0.143199682,0.0198695939,0.0624925718,0.301812053,-0.34183228,-0.0135110822,0.966167748,-0.161705375,-0.0650633126,0.0534483083,-0.149073228,0.193608001,-0.0635201558,0.287613481,-0.192769915,0.175532922,-0.364524335,0.00467746705,0.0498259142,0.468182683,-0.293166637,-0.0107007101,0.0061915298,0.193488032,0.0470182486,0.349780679,0.2868765,0.0647246316,0.913539708,0.143199682,0.0198695939,0.0624925718,0.301812053,-0.34183228,-0.0135110822,0.966167748,-0.161705375,-0.0650633126,0.0534483083,-0.149073228,0.193608001,-0.0635201558,0.287613481,-0.192769915,0.175532922,-0.364524335,0.00467746705,0.0498259142,0.468182683,-0.293166637,-0.0107007101,0.0061915298,0.193488032,0.0470182486,0.349780679,0.2868765,0.0647246316,0.913539708,0.143199682,0.0198695939,0.0624925718,0.301812053,-0.34183228,-0.0135110822,0.966167748,-0.161705375,-0.0650633126,0.0534483083
1.50493859,3217568.91,0,0,0.00425822102,7.04871491e-06,1,0.194586813,0.0253428966,1,0.687896907,0.00369607145,0.00231175194,0.725795329,0.0359018072,-0.0701898709,-0.102374651,0,-0,-0,-0.132079035,0.05819121,-0.0048607178,0.396851629,-0.269346595,-0.0106785689,-0.32925415,-0.024552945,0.0719812512,0.466997087,-0.237015262,0.0227732994,0.0106409714,0.00643423153,0.00154292933,0.388309062,0.28463909,0.0743843839,0.992221296,0.14176926,0.0601628162,0.0595174283,0.279408246,-0.276338577,0.00877522957,0.97554487,-0.1550868,-0.0693391711,0.0556441471,-0.031678129,0.0169031695,0.0605000108,0.145613402,0.014427688,-0.200127423,-0.231966421,-0.118899591,-0.238178939,0.508259952,-0.401882172,-0.349489927,-0.117091879,-0.206433639,0.00409562048,-0.386634737,0.46245569,0.00837049354,-0.00468194252,0.000942164217,0.272009015,0.00355390296,0.51876545,-0.202427104,-0.410194427,-0.028965354,-0.121261254,0.134015948,0.00658187177,-0.162992954,0.201557904,-0.0645153075,0.289646178,-0.167427018,0.183147058,-0.355931967,-0.00533095375,0.0476001874,0.469075233,-0.277856857,-0.0161482897,0.0116075426,0.191225022,0.0565418564,0.369654655,0.27322948,0.0592060164,0.926111341,0.144601166,0.0295405686,0.056189891,0.295684487,-0.340737611,-0.0176631082,0.963014722,-0.162056729,-0.061528001,0.054122366,-0.162992954,0.201557904,-0.0645153075,0.289646178,-0.167427018,0.183147058,-0.355931967,-0.00533095375,0.0476001874,0.469075233,-0.277856857,-0.0161482897,0.0116075426,0.191225022,0.0565418564,0.369654655,0.27322948,0.0592060164,0.926111341,0.144601166,0.0295405686,0.056189891,0.295684487,-0.340737611,-0.0176631082,0.963014722,-0.162056729,-0.061528001,0.054122366,-0.162992954,0.201557904,-0.0645153075,0.289646178,-0.167427018,0.183147058,-0.355931967,-0.00533095375,0.0476001874,0.469075233,-0.277856857,-0.0161482897,0.0116075426,0.191225022,0.0565418564,0.369654655,0.27322948,0.0592060164,0.926111341,0.144601166,0.0295405686,0.056189891,0.295684487,-0.340737611,-0.0176631082,0.963014722,-0.162056729,-0.061528001,0.054122366
1.51594768,3217568.92,0,0,0.015267313,5.91669232e-06,1,0.194586813,0,1,0.688195288,0.00405894546,0.00223396765,0.725510716,0.0412575752,-0.0606632531,-0.0753169656,0,-0,-0,-0.132639021,0.0582744144,-0.00441916194,0.3986049,-0.269327611,-0.0123025114,-0.331256241,-0.0260152873,0.0691738427,0.471126348,-0.238929749,0.0190005694,0.00978917256,0.00459492905,0.00157893577,0.38413009,0.288653076,0.0744120777,0.992173493,0.14181444,0.0625004098,0.0595250987,0.284743398,-0.278530687,0.00458311429,0.975386858,-0.156061873,-0.0672398433,0.0556725189,-0.0647073314,0.00445507141,0.0391877927,0.186297625,-0.00461643375,-0.148185492,-0.181380421,-0.153737172,-0.28455618,0.361695528,-0.10038881,-0.350293547,-0.0629858375,-0.171189666,0.00416497607,-0.432833493,0.36074245,0.000489653496,-0.0051104934,0.00595238199,0.202805445,-0.000156371214,0.539671302,-0.231499419,-0.410763353,-0.0089200912,-0.0817825645,0.245780408,0.00103134941,-0.162992954,0.201557904,-0.0645153075,0.289646178,-0.167427018,0.183147058,-0.355931967,-0.00533095375,0.0476001874,0.469075233,-0.277856857,-0.0161482897,0.0116075426,0.191225022,0.0565418564,0.369654655,0.27322948,0.0592060164,0.926111341,0.144601166,0.0295405686,0.056189891,0.295684487,-0.340737611,-0.0176631082,0.963014722,-0.162056729,-0.061528001,0.054122366,-0.162992954,0.201557904,-0.0645153075,0.289646178,-0.167427018,0.183147058,-0.355931967,-0.00533095375,0.0476001874,0.469075233,-0.277856857,-0.0161482897,0.0116075426,0.191225022,0.0565418564,0.369654655,0.27322948,0.0592060164,0.926111341,0.144601166,0.0295405686,0.056189891,0.295684487,-0.340737611,-0.0176631082,0.963014722,-0.162056729,-0.061528001,0.054122366,-0.162992954,0.201557904,-0.0645153075,0.289646178,-0.167427018,0.183147058,-0.355931967,-0.00533095375,0.0476001874,0.469075233,-0.277856857,-0.0161482897,0.0116075426,0.191225022,0.0565418564,0.369654655,0.27322948,0.0592060164,0.926111341,0.144601166,0.0295405686,0.056189891,0.295684487,-0.340737611,-0.0176631082,0.963014722,-0.162056729,-0.061528001,0.054122366
1.5289092,3217568.94,0,0,0.0082718092,9.13720578e-06,1,0.185558107,0.0138890147,1,0.688589275,0.00461639743,0.00217884965,0.725133598,0.0503871478,-0.0673858002,-0.072805278,0,-0,-0,-0.133406371,0.0582955256,-0.00380404806,0.401150495,-0.269496858,-0.0142557537,-0.333282858,-0.0279186033,0.0659992322,0.475190848,-0.239207134,0.0158227906,0.00936782919,0.00244801282,0.00179553404,0.378038168,0.29256773,0.0744027719,0.991940796,0.141903535,0.0643201321,0.0595279634,0.292140365,-0.282142907,-0.000232140199,0.975405216,-0.156828642,-0.0636411384,0.0556663349,-0.0502013639,0.000466451369,0.0397433564,0.186117992,-0.0224705618,-0.116999216,-0.105192266,-0.127098545,-0.203605279,0.212379396,0.0925258175,-0.17599003,-0.0167730227,-0.134973288,0.0238139071,-0.430806011,0.214732856,-0.00157620164,-0.0368230939,0.00684000226,0.0935701579,0.000373504852,0.51239419,-0.277850032,-0.291792274,0.010066282,-0.0409074128,0.264153183,0.000611309544,-0.169529229,0.201444224,-0.064784348,0.296174616,-0.159410536,0.184840918,-0.346803933,-0.0184029005,0.0490034185,0.458956003,-0.27276212,-0.0218827743,0.0158296302,0.18239516,0.0562295429,0.38354367,0.265955567,0.054744862,0.936895967,0.144993275,0.0400463603,0.0533622801,0.292376101,-0.341991901,-0.0191377364,0.962479711,-0.162552774,-0.0575461201,0.0571442395,-0.169529229,0.201444224,-0.064784348,0.296174616,-0.159410536,0.184840918,-0.346803933,-0.0184029005,0.0490034185,0.458956003,-0.27276212,-0.0218827743,0.0158296302,0.18239516,0.0562295429,0.38354367,0.265955567,0.054744862,0.936895967,0.144993275,0.0400463603,0.0533622801,0.292376101,-0.341991901,-0.0191377364,0.962479711,-0.162552774,-0.0575461201,0.0571442395,-0.169529229,0.201444224,-0.064784348,0.296174616,-0.159410536,0.184840918,-0.346803933,-0.0184029005,0.0490034185,0.458956003,-0.27276212,-0.0218827743,0.0158296302,0.18239516,0.0562295429,0.38354367,0.265955567,0.054744862,0.936895967,0.144993275,0.0400463603,0.0533622801,0.292376101,-0.341991901,-0.0191377364,0.962479711,-0.162552774,-0.0575461201,0.0571442395
1.53893871,3217568.95,0,0,0.0183013198,8.04988667e-06,1,0.185558107,0,1,0.688804388,0.00501528289,0.00211529364,0.724926829,0.0447601974,-0.0667442977,-0.0562985577,0,-0,-0,-0.133999065,0.058299493,-0.00355177978,0.403214455,-0.269904673,-0.0149838645,-0.333844274,-0.0292653274,0.0637840107,0.476209551,-0.23651202,0.0143064326,0.00926044118,0.00136475684,0.00200634962,0.373797834,0.293990642,0.074372448,0.99123311,0.141981766,0.0652810261,0.0595279485,0.297017872,-0.285096347,-0.00276287016,0.975706339,-0.157204106,-0.0607783794,0.0557093658,-0.0587160252,0.000618952035,0.0209844653,0.208767429,-0.0473965295,-0.056356065,-0.03440281,-0.132123247,-0.21449928,0.0580042191,0.319328725,-0.108631261,-0.00698722806,-0.094866775,0.0199238006,-0.413998723,0.0958807841,-0.00349909323,-0.0919166431,0.00794019178,0.0900067389,6.23619271e-05,0.464122713,-0.304348856,-0.225212812,0.0506098978,-0.0342791751,0.284948677,0.00590163749,-0.169529229,0.201444224,-0.064784348,0.296174616,-0.159410536,0.184840918,-0.346803933,-0.0184029005,0.0490034185,0.458956003,-0.27276212,-0.0218827743,0.0158296302,0.18239516,0.0562295429,0.38354367,0.265955567,0.054744862,0.936895967,0.144993275,0.0400463603,0.0533622801,0.292376101,-0.341991901,-0.0191377364,0.962479711,-0.162552774,-0.0575461201,0.0571442395,-0.169529229,0.201444224,-0.064784348,0.296174616,-0.159410536,0.184840918,-0.346803933,-0.0184029005,0.0490034185,0.458956003,-0.27276212,-0.0218827743,0.0158296302,0.18239516,0.0562295429,0.38354367,0.265955567,0.054744862,0.936895967,0.144993275,0.0400463603,0.0533622801,0.292376101,-0.341991901,-0.0191377364,0.962479711,-0.162552774,-0.0575461201,0.0571442395,-0.169529229,0.201444224,-0.064784348,0.296174616,-0.159410536,0.184840918,-0.346803933,-0.0184029005,0.0490034185,0.458956003,-0.27276212,-0.0218827743,0.0158296302,0.18239516,0.0562295429,0.38354367,0.265955567,0.054744862,0.936895967,0.144993275,0.0400463603,0.0533622801,0.292376101,-0.341991901,-0.0191377364,0.962479711,-0.162552774,-0.0575461201,0.0571442395
1.54994378,3217568.96,0,0,0.00929219276,7.78911635e-06,1,0.169072766,0.021003563,1,0.68901968,0.00541443843,0.00205577584,0.724719465,0.0452486537,-0.0658960566,-0.0567307174,0,-0,-0,-0.134477511,0.0583304502,-0.00332184439,0.405159175,-0.270391703,-0.0154705653,-0.333991468,-0.0304376893,0.0619308688,0.476406157,-0.232955009,0.0136736287,0.0092271613,0.000534941384,0.00218391232,0.369893581,0.294392407,0.0741961971,0.990083873,0.142048314,0.0659342855,0.0595159456,0.30118981,-0.288187176,-0.00460498547,0.9765926,-0.157488853,-0.0581630692,0.0557889789,-0.0451110899,0.00422894722,0.019356288,0.192273557,-0.053077139,-0.0391782448,0.010813741,-0.1150501,-0.181386992,-0.0373412035,0.435440272,-0.0405257121,-0.00114930118,-0.0720442459,0.0143000884,-0.379128575,0.0060638166,-0.0416617431,-0.130438924,0.0053912513,0.0614938252,-0.0011751235,0.38715595,-0.313928664,-0.159035057,0.115107797,-0.0251633693,0.259801805,0.0125633087,-0.172709554,0.190339461,-0.0639859289,0.306427032,-0.163091227,0.181349576,-0.338515013,-0.0394064635,0.0554052107,0.438283741,-0.277489394,-0.0272213221,0.0201160535,0.167224199,0.0520199053,0.391301304,0.266205519,0.0513822436,0.944001138,0.1439569,0.0490071326,0.0546764322,0.289686918,-0.346788228,-0.0199961849,0.964758277,-0.162646502,-0.0526380986,0.0582256354,-0.172709554,0.190339461,-0.0639859289,0.306427032,-0.163091227,0.181349576,-0.338515013,-0.0394064635,0.0554052107,0.438283741,-0.277489394,-0.0272213221,0.0201160535,0.167224199,0.0520199053,0.391301304,0.266205519,0.0513822436,0.944001138,0.1439569,0.0490071326,0.0546764322,0.289686918,-0.346788228,-0.0199961849,0.964758277,-0.162646502,-0.0526380986,0.0582256354,-0.172709554,0.190339461,-0.0639859289,0.306427032,-0.163091227,0.181349576,-0.338515013,-0.0394064635,0.0554052107,0.438283741,-0.277489394,-0.0272213221,0.0201160535,0.167224199,0.0520199053,0.391301304,0.266205519,0.0513822436,0.944001138,0.1439569,0.0490071326,0.0546764322,0.289686918,-0.346788228,-0.0199961849,0.964758277,-0.162646502,-0.0526380986,0.0582256354
1.56091935,3217568.97,0,0,0.000278418884,5.2829273e-06,1,0.184418168,0.0200916007,1,0.689231992,0.00586067047,0.00196765363,0.724514365,0.0389732197,-0.0622399524,-0.0523311086,0,-0,-0,-0.135041356,0.0583961681,-0.00322251534,0.407540083,-0.271169722,-0.0156807583,-0.333253026,-0.0319479443,0.059495233,0.474550813,-0.225648537,0.0135047613,0.00934681669,-3.53111573e-05,0.00226336904,0.365431786,0.293782562,0.0729200467,0.988214493,0.142091602,0.0669093207,0.0595151335,0.305214077,-0.292089552,-0.00609970093,0.978505075,-0.157756776,-0.0547622852,0.0560847782,-0.0435266122,0.00789845362,0.00806580205,0.193020448,-0.0682598054,-0.00883997697,0.0731401071,-0.123293772,-0.200727388,-0.181008324,0.632532299,0.000772004714,0.0215270501,-0.0339215584,0.00289542088,-0.363560081,-0.0922651589,-0.141244337,-0.168743297,0.0029715565,0.081188485,0.000110820794,0.29466483,-0.32874608,-0.102968618,0.18737334,-0.0209940076,0.282076478,0.0288391411,-0.172709554,0.190339461,-0.0639859289,0.306427032,-0.163091227,0.181349576,-0.338515013,-0.0394064635,0.0554052107,0.438283741,-0.277489394,-0.0272213221,0.0201160535,0.167224199,0.0520199053,0.391301304,0.266205519,0.0513822436,0.944001138,0.1439569,0.0490071326,0.0546764322,0.289686918,-0.346788228,-0.0199961849,0.964758277,-0.162646502,-0.0526380986,0.0582256354,-0.173466712,0.172813609,-0.0611198805,0.317341149,-0.169950262,0.175701916,-0.332851291,-0.0594980642,0.0630583465,0.418444932,-0.29136759,-0.0313622169,0.0236056708,0.151750609,0.0463887043,0.393687576,0.276295573,0.0496973619,0.947315693,0.142627239,0.0538693257,0.057564389,0.289773822,-0.352817386,-0.0206331834,0.96841073,-0.162203342,-0.0474020615,0.0573045462,-0.173466712,0.172813609,-0.0611198805,0.317341149,-0.169950262,0.175701916,-0.332851291,-0.0594980642,0.0630583465,0.418444932,-0.29136759,-0.0313622169,0.0236056708,0.151750609,0.0463887043,0.393687576,0.276295573,0.0496973619,0.947315693,0.142627239,0.0538693257,0.057564389,0.289773822,-0.352817386,-0.0206331834,0.96841073,-0.162203342,-0.0474020615,0.0573045462
1.57191614,3217568.98,0,0,0.0112752072,4.50527295e-06,1,0.184418168,0,1,0.689479768,0.00629456714,0.00188074959,0.724275172,0.0403019711,-0.0647392869,-0.0573668741,0,-0,-0,-0.135462433,0.0584875196,-0.00312048546,0.40977782,-0.272057086,-0.0155509356,-0.332065791,-0.0334119685,0.0572532415,0.471798301,-0.217784807,0.0146536287,0.00988738611,-0.000267463882,0.00226580352,0.361109495,0.292081594,0.070489347,0.986130655,0.142109022,0.0678299069,0.0595200285,0.308129311,-0.296065301,-0.00702753337,0.981131613,-0.157990441,-0.0512636751,0.0563630685,-0.0291120503,0.00397563213,0.0056382292,0.18517001,-0.0795239955,0.0302785207,0.129449397,-0.127665728,-0.180005193,-0.285646349,0.693103611,0.19718419,0.065621905,-0.0107314792,-0.00147854595,-0.364029914,-0.171425,-0.25810805,-0.172316328,-2.24881696e-05,0.0775661841,0.000719700649,0.210483059,-0.333927006,-0.0605594553,0.239940345,-0.0182850026,0.311362177,0.0159182996,-0.173466712,0.172813609,-0.0611198805,0.317341149,-0.169950262,0.175701916,-0.332851291,-0.0594980642,0.0630583465,0.418444932,-0.29136759,-0.0313622169,0.0236056708,0.151750609,0.0463887043,0.393687576,0.276295573,0.0496973619,0.947315693,0.142627239,0.0538693257,0.057564389,0.289773822,-0.352817386,-0.0206331834,0.96841073,-0.162203342,-0.0474020615,0.0573045462,-0.173466712,0.172813609,-0.0611198805,0.317341149,-0.169950262,0.175701916,-0.332851291,-0.0594980642,0.0630583465,0.418444932,-0.29136759,-0.0313622169,0.0236056708,0.151750609,0.0463887043,0.393687576,0.276295573,0.0496973619,0.947315693,0.142627239,0.0538693257,0.057564389,0.289773822,-0.352817386,-0.0206331834,0.96841073,-0.162203342,-0.0474020615,0.0573045462,-0.173466712,0.172813609,-0.0611198805,0.317341149,-0.169950262,0.175701916,-0.332851291,-0.0594980642,0.0630583465,0.418444932,-0.29136759,-0.0313622169,0.0236056708,0.151750609,0.0463887043,0.393687576,0.276295573,0.0496973619,0.947315693,0.142627239,0.0538693257,0.057564389,0.289773822,-0.352817386,-0.0206331834,0.96841073,-0.162203342,-0.0474020615,0.0573045462
1.58194524,3217568.99,0,0,0.00126680033,1.88052654e-05,1,0.217749272,0.0212054402,1,0.689714909,0.00666288054,0.00183133921,0.724048078,0.0458582006,-0.0557340682,-0.0714307949,0,-0,-0,-0.135685444,0.0585095398,-0.00302854693,0.41146946,-0.272819489,-0.0152069107,-0.330836505,-0.0346561782,0.0555889457,0.469058335,-0.211234495,0.0168739427,0.010688399,-0.000327117072,0.00218984974,0.357580841,0.289948195,0.067583777,0.984434903,0.142105743,0.0684067085,0.0595173985,0.309772521,-0.29936409,-0.00751611684,0.983646393,-0.158165827,-0.048280634,0.0564802065,-0.0186435878,0.00160899037,0.0130142346,0.155757889,-0.0722334087,0.0340963453,0.109875947,-0.119367979,-0.154472142,-0.252255142,0.616206408,0.223158836,0.085531123,-0.00394285191,-0.0135699948,-0.340564549,-0.243202806,-0.302836746,-0.167909399,-0.000297861407,0.0401268974,-0.00118366419,0.13237156,-0.32512629,-0.0433010682,0.253639847,-0.0171651188,0.2808626,0.00981277134,-0.173553661,0.151608169,-0.0555363223,0.329773277,-0.172515854,0.17236872,-0.326866359,-0.0779134333,0.0737993121,0.40015915,-0.310538828,-0.0328701399,0.0247875024,0.142268449,0.0418986678,0.390998811,0.291351974,0.0501872748,0.947634876,0.140906408,0.0540713854,0.0603225753,0.293718666,-0.357117295,-0.0209496673,0.971422255,-0.16300635,-0.0425556451,0.055880703,-0.173553661,0.151608169,-0.0555363223,0.329773277,-0.172515854,0.17236872,-0.326866359,-0.0779134333,0.0737993121,0.40015915,-0.310538828,-0.0328701399,0.0247875024,0.142268449,0.0418986678,0.390998811,0.291351974,0.0501872748,0.947634876,0.140906408,0.0540713854,0.0603225753,0.293718666,-0.357117295,-0.0209496673,0.971422255,-0.16300635,-0.0425556451,0.055880703,-0.173553661,0.151608169,-0.0555363223,0.329773277,-0.172515854,0.17236872,-0.326866359,-0.0779134333,0.0737993121,0.40015915,-0.310538828,-0.0328701399,0.0247875024,0.142268449,0.0418986678,0.390998811,0.291351974,0.0501872748,0.947634876,0.140906408,0.0540713854,0.0603225753,0.293718666,-0.357117295,-0.0209496673,0.971422255,-0.16300635,-0.0425556451,0.055880703
1.59291981,3217569,0,0,0.0122413733,5.62192872e-06,1,0.217749272,0,1,0.689970851,0.00703695416,0.00183113967,0.723800659,0.0558276139,-0.0584194101,-0.0640170425,0,-0,-0,-0.135848328,0.0584384687,-0.00290865544,0.412999421,-0.273585826,-0.0143745374,-0.329703182,-0.0357776023,0.0543710813,0.466530025,-0.205441684,0.0198835079,0.0115411999,-0.000357952202,0.0020360949,0.354306579,0.287111312,0.0643278584,0.982803941,0.142091528,0.0686272606,0.0594876371,0.310679168,-0.302534252,-0.00788775086,0.98603946,-0.158339068,-0.0455725379,0.0565536357,-0.0176847968,-0.0187942777,0.00581301423,0.165883571,-0.088318117,0.152966604,0.136833012,-0.110404626,-0.0932103693,-0.286386997,0.578891158,0.415054679,0.0854180977,-0.00279342989,-0.0121884514,-0.32752645,-0.305079669,-0.353936255,-0.1537074,-0.00304108532,0.0134683372,-0.00457504671,0.0690653846,-0.313726872,-0.0320078358,0.225095987,-0.0178249814,0.284403563,0.00526961079,-0.173553661,0.151608169,-0.0555363223,0.329773277,-0.172515854,0.17236872,-0.326866359,-0.0779134333,0.0737993121,0.40015915,-0.310538828,-0.0328701399,0.0247875024,0.142268449,0.0418986678,0.390998811,0.291351974,0.0501872748,0.947634876,0.140906408,0.0540713854,0.0603225753,0.293718666,-0.357117295,-0.0209496673,0.971422255,-0.16300635,-0.0425556451,0.055880703,-0.173553661,0.151608169,-0.0555363223,0.329773277,-0.172515854,0.17236872,-0.326866359,-0.0779134333,0.0737993121,0.40015915,-0.310538828,-0.0328701399,0.0247875024,0.142268449,0.0418986678,0.390998811,0.291351974,0.0501872748,0.947634876,0.140906408,0.0540713854,0.0603225753,0.293718666,-0.357117295,-0.0209496673,0.971422255,-0.16300635,-0.0425556451,0.055880703,-0.173553661,0.151608169,-0.0555363223,0.329773277,-0.172515854,0.17236872,-0.326866359,-0.0779134333,0.0737993121,0.40015915,-0.310538828,-0.0328701399,0.0247875024,0.142268449,0.0418986678,0.390998811,0.291351974,0.0501872748,0.947634876,0.140906408,0.0540713854,0.0603225753,0.293718666,-0.357117295,-0.0209496673,0.971422255,-0.16300635,-0.0425556451,0.055880703
1.60392485,3217569.01,0,0,0.00322486833,9.07899812e-06,1,0.232801773,0.0205118954,1,0.690246701,0.00751251541,0.00188142189,0.723532677,0.0631336793,-0.0439675227,-0.0659570768,0,-0,-0,-0.136078134,0.0581248775,-0.00285880757,0.414908528,-0.274638921,-0.0122007737,-0.328134537,-0.0369649604,0.0536334105,0.463180602,-0.198812485,0.0249943249,0.01261268,-0.000379556092,0.001757405,0.350537866,0.282968044,0.059834756,0.981010079,0.142046899,0.0686940402,0.0592394918,0.311120838,-0.306172013,-0.00823749695,0.988348722,-0.158556789,-0.0423409306,0.0565946512,-0.0198240168,-0.0281732287,0.00468934933,0.146126643,-0.0820266902,0.177907407,0.113506138,-0.0886266157,-0.0423465632,-0.25411284,0.517502487,0.398522109,0.0916842073,-0.00128357578,-0.0352915227,-0.30048117,-0.374934733,-0.377881229,-0.150021821,-0.00363617996,0.00146014267,-0.0373825245,0.0194770489,-0.293127179,-0.0296451282,0.160899535,-0.0181771927,0.243812606,0.00254213624,-0.171179593,0.131096274,-0.0483417623,0.345335782,-0.163666755,0.170789257,-0.322802931,-0.0940091163,0.0855551958,0.383470505,-0.327845901,-0.0330961682,0.0256333742,0.138156831,0.0392272808,0.386831522,0.309531599,0.0515349619,0.946101248,0.139015824,0.0514604896,0.0624350235,0.301125616,-0.359089226,-0.0201279093,0.974151075,-0.164473072,-0.0384752192,0.0543995909,-0.171179593,0.131096274,-0.0483417623,0.345335782,-0.163666755,0.170789257,-0.322802931,-0.0940091163,0.0855551958,0.383470505,-0.327845901,-0.0330961682,0.0256333742,0.138156831,0.0392272808,0.386831522,0.309531599,0.0515349619,0.946101248,0.139015824,0.0514604896,0.0624350235,0.301125616,-0.359089226,-0.0201279093,0.974151075,-0.164473072,-0.0384752192,0.0543995909,-0.171179593,0.131096274,-0.0483417623,0.345335782,-0.163666755,0.170789257,-0.322802931,-0.0940091163,0.0855551958,0.383470505,-0.327845901,-0.0330961682,0.0256333742,0.138156831,0.0392272808,0.386831522,0.309531599,0.0515349619,0.946101248,0.139015824,0.0514604896,0.0624350235,0.301125616,-0.359089226,-0.0201279093,0.974151075,-0.164473072,-0.0384752192,0.0543995909
1.61392574,3217569.02,0,0,0.0132257533,8.4512867e-06,1,0.232801773,0,1,0.690453172,0.00793662574,0.00194870459,0.723330915,0.0704527423,-0.0547101013,-0.0529760383,0,-0,-0,-0.136389792,0.0576621965,-0.00287539558,0.416781098,-0.275666744,-0.00891281571,-0.326898932,-0.0377253033,0.053413257,0.460476577,-0.19254981,0.0272760503,0.0136489216,-0.000385673746,0.00153883814,0.347380072,0.279040217,0.0557354651,0.979765773,0.14198193,0.0685071647,0.0585134216,0.311229736,-0.309032112,-0.00842839293,0.989491165,-0.158880666,-0.0397991985,0.0565881431,-0.0349868275,-0.0544041805,-0.00512923347,0.199260741,-0.107566133,0.38397187,0.1208134,-0.068910569,-0.0105812559,-0.261358142,0.647564232,0.148803458,0.108634293,-0.000106951527,-0.018423032,-0.318917513,-0.406586677,-0.422258347,-0.111617856,-0.00753341522,-0.0326055177,-0.0968990773,0.00662391866,-0.280072302,-0.0143616488,0.0837016031,-0.0378970951,0.248754904,-0.00206738617,-0.171179593,0.131096274,-0.0483417623,0.345335782,-0.163666755,0.170789257,-0.322802931,-0.0940091163,0.0855551958,0.383470505,-0.327845901,-0.0330961682,0.0256333742,0.138156831,0.0392272808,0.386831522,0.309531599,0.0515349619,0.946101248,0.139015824,0.0514604896,0.0624350235,0.301125616,-0.359089226,-0.0201279093,0.974151075,-0.164473072,-0.0384752192,0.0543995909,-0.171179593,0.131096274,-0.0483417623,0.345335782,-0.163666755,0.170789257,-0.322802931,-0.0940091163,0.0855551958,0.383470505,-0.327845901,-0.0330961682,0.0256333742,0.138156831,0.0392272808,0.386831522,0.309531599,0.0515349619,0.946101248,0.139015824,0.0514604896,0.0624350235,0.301125616,-0.359089226,-0.0201279093,0.974151075,-0.164473072,-0.0384752192,0.0543995909,-0.171179593,0.131096274,-0.0483417623,0.345335782,-0.163666755,0.170789257,-0.322802931,-0.0940091163,0.0855551958,0.383470505,-0.327845901,-0.0330961682,0.0256333742,0.138156831,0.0392272808,0.386831522,0.309531599,0.0515349619,0.946101248,0.139015824,0.0514604896,0.0624350235,0.301125616,-0.359089226,-0.0201279093,0.974151075,-0.164473072,-0.0384752192,0.0543995909
1.62493691,3217569.03,0,0,0.00426331116,9.58517194e-06,1,0.195368193,0.0200848877,1,0.690621376,0.00836633891,0.00203563622,0.723165214,0.0721587464,-0.0474155061,-0.0420995392,0,-0,-0,-0.136698514,0.0570894331,-0.00297163613,0.418587834,-0.27661252,-0.00528513826,-0.325924397,-0.0383227132,0.0534347035,0.458385527,-0.186741203,0.0281974319,0.0147186555,-0.00038069344,0.00127581717,0.344332516,0.274711639,0.0515686981,0.97871244,0.141904771,0.0679906607,0.0571908578,0.311247259,-0.311710179,-0.00854093581,0.989970624,-0.15923515,-0.0377322659,0.056557674,-0.0265937652,-0.0585409142,-0.0136623047,0.164619789,-0.0848455206,0.342144161,0.0827969536,-0.0542759076,0.00932441931,-0.175079316,0.534055948,0.0642441437,0.10239137,0.000727035746,-0.0326090753,-0.29197219,-0.451536417,-0.408079118,-0.103300542,-0.00766864652,-0.0636637658,-0.154371604,-0.00266366196,-0.25851506,-0.0101424111,0.0305905808,-0.032087069,0.172318041,-0.00350708351,-0.167567685,0.114747666,-0.0417286009,0.363079071,-0.143848121,0.169514105,-0.322226703,-0.106669992,0.0959281921,0.36931181,-0.34234491,-0.0323289968,0.0265617389,0.137183398,0.0386142246,0.384019554,0.329616487,0.0523832329,0.945322394,0.137358546,0.0475739725,0.0638025105,0.310297877,-0.359247923,-0.0189897083,0.976127326,-0.166386575,-0.0358952805,0.0537074506,-0.167567685,0.114747666,-0.0417286009,0.363079071,-0.143848121,0.169514105,-0.322226703,-0.106669992,0.0959281921,0.36931181,-0.34234491,-0.0323289968,0.0265617389,0.137183398,0.0386142246,0.384019554,0.329616487,0.0523832329,0.945322394,0.137358546,0.0475739725,0.0638025105,0.310297877,-0.359247923,-0.0189897083,0.976127326,-0.166386575,-0.0358952805,0.0537074506,-0.167567685,0.114747666,-0.0417286009,0.363079071,-0.143848121,0.169514105,-0.322226703,-0.106669992,0.0959281921,0.36931181,-0.34234491,-0.0323289968,0.0265617389,0.137183398,0.0386142246,0.384019554,0.329616487,0.0523832329,0.945322394,0.137358546,0.0475739725,0.0638025105,0.310297877,-0.359247923,-0.0189897083,0.976127326,-0.166386575,-0.0358952805,0.0537074506
1.63493753,3217569.04,0,0,0.0142639298,4.38466668e-06,1,0.195368193,0,1,0.690700352,0.00880438183,0.00212866347,0.723084331,0.0750498846,-0.0538348481,-0.00955262594,0,-0,-0,-0.137098774,0.0563726611,-0.00324738328,0.420525908,-0.277545542,-0.0010702213,-0.325024605,-0.0388249494,0.0536800697,0.456666559,-0.18140766,0.0288026854,0.0156785082,-0.000373522023,0.000990012893,0.341444999,0.270101279,0.0472951867,0.977920294,0.141672224,0.0669378042,0.0552774295,0.311194479,-0.314145714,-0.00863136444,0.990142822,-0.159738839,-0.0363294482,0.0565088503,-0.0521839336,-0.081484735,-0.0364867896,0.221843988,-0.102720141,0.488304615,0.0986210555,-0.0470009111,0.0371099636,-0.177191332,0.544594944,0.0619943887,0.0957695842,0.000727583712,-0.0240862295,-0.290074885,-0.462387472,-0.4478634,-0.0597154275,-0.0353882946,-0.137335777,-0.217757836,-0.0039947601,-0.233439744,-0.00813876931,0.0108072078,-0.0666067526,0.125177503,-0.00585039472,-0.167567685,0.114747666,-0.0417286009,0.363079071,-0.143848121,0.169514105,-0.322226703,-0.106669992,0.0959281921,0.36931181,-0.34234491,-0.0323289968,0.0265617389,0.137183398,0.0386142246,0.384019554,0.329616487,0.0523832329,0.945322394,0.137358546,0.0475739725,0.0638025105,0.310297877,-0.359247923,-0.0189897083,0.976127326,-0.166386575,-0.0358952805,0.0537074506,-0.167567685,0.114747666,-0.0417286009,0.363079071,-0.143848121,0.169514105,-0.322226703,-0.106669992,0.0959281921,0.36931181,-0.34234491,-0.0323289968,0.0265617389,0.137183398,0.0386142246,0.384019554,0.329616487,0.0523832329,0.945322394,0.137358546,0.0475739725,0.0638025105,0.310297877,-0.359247923,-0.0189897083,0.976127326,-0.166386575,-0.0358952805,0.0537074506,-0.167567685,0.114747666,-0.0417286009,0.363079071,-0.143848121,0.169514105,-0.322226703,-0.106669992,0.0959281921,0.36931181,-0.34234491,-0.0323289968,0.0265617389,0.137183398,0.0386142246,0.384019554,0.329616487,0.0523832329,0.945322394,0.137358546,0.0475739725,0.0638025105,0.310297877,-0.359247923,-0.0189897083,0.976127326,-0.166386575,-0.0358952805,0.0537074506
1.64591713,3217569.05,0,0,0.00526494579,5.47477975e-06,1,0.195132103,0.0259756148,1,0.69070071,0.00934500713,0.00222835969,0.72307688,0.07250157,-0.0510900393,0.00611363864,0,-0,-0,-0.137712732,0.055371549,-0.00374972285,0.4231489,-0.278701782,0.00459954794,-0.323921919,-0.0392455794,0.0543693565,0.454868406,-0.175360322,0.0293690432,0.0168439858,-0.00036261091,0.000664798834,0.338193297,0.264389783,0.0418841392,0.977264643,0.141225189,0.0649191961,0.0521925427,0.311131835,-0.316702873,-0.00872049481,0.990208328,-0.160572007,-0.0352038294,0.0564311519,-0.0589598753,-0.0839926228,-0.046141196,0.227302611,-0.0953584313,0.471832186,0.0863110423,-0.0248435009,0.0727233663,-0.136039287,0.483808517,0.0390829854,0.0969953239,0.00162749493,-0.0312597305,-0.255907029,-0.480663478,-0.459979445,-0.0512719676,-0.04503325,-0.192634925,-0.283935636,-0.00611962425,-0.19753921,-0.00704270741,0.00286816806,-0.0748445466,0.0750546083,-0.00674179476,-0.163585603,0.102976799,-0.0363931544,0.380198658,-0.117872506,0.167351663,-0.326056331,-0.113477618,0.103565216,0.357513517,-0.353966236,-0.0324069932,0.0275495704,0.139611155,0.0401692577,0.383631319,0.350364357,0.0533927381,0.9453637,0.136452839,0.0442345217,0.0648119524,0.319376796,-0.357974172,-0.0181168579,0.97721082,-0.168214515,-0.0347572751,0.0537971184,-0.163585603,0.102976799,-0.0363931544,0.380198658,-0.117872506,0.167351663,-0.326056331,-0.113477618,0.103565216,0.357513517,-0.353966236,-0.0324069932,0.0275495704,0.139611155,0.0401692577,0.383631319,0.350364357,0.0533927381,0.9453637,0.136452839,0.0442345217,0.0648119524,0.319376796,-0.357974172,-0.0181168579,0.97721082,-0.168214515,-0.0347572751,0.0537971184,-0.163585603,0.102976799,-0.0363931544,0.380198658,-0.117872506,0.167351663,-0.326056331,-0.113477618,0.103565216,0.357513517,-0.353966236,-0.0324069932,0.0275495704,0.139611155,0.0401692577,0.383631319,0.350364357,0.0533927381,0.9453637,0.136452839,0.0442345217,0.0648119524,0.319376796,-0.357974172,-0.0181168579,0.97721082,-0.168214515,-0.0347572751,0.0537971184
1.65691483,3217569.06,0,0,0.0162626416,4.08291817e-06,1,0.195132103,0,1,0.690656483,0.00966944266,0.00230375119,0.723114669,0.0684028789,-0.043845322,0.0177862383,0,-0,-0,-0.138383731,0.0546839833,-0.00416012341,0.425247043,-0.279544324,0.00868568476,-0.323266774,-0.0393619798,0.0550679676,0.453774005,-0.171424776,0.0296453908,0.0176422428,-0.000341642328,0.00037886863,0.336238474,0.260613739,0.037967138,0.976921558,0.140691295,0.0631086007,0.0497007482,0.311103791,-0.31814608,-0.00877445191,0.990218043,-0.161299229,-0.034692999,0.0563762076,-0.0908743516,-0.0858380795,-0.0531037152,0.271453172,-0.106722131,0.512115419,0.0784233138,-0.00993115921,0.0933659375,-0.130972609,0.487048507,0.0299771111,0.101439297,0.00250136852,-0.0366503969,-0.2353791,-0.470058262,-0.499015808,-0.0429625884,-0.0731274933,-0.240757197,-0.326658905,-0.00263299537,-0.169763803,-0.00660206471,0.000349297014,-0.0945815518,0.0562320761,-0.00689452793,-0.163585603,0.102976799,-0.0363931544,0.380198658,-0.117872506,0.167351663,-0.326056331,-0.113477618,0.103565216,0.357513517,-0.353966236,-0.0324069932,0.0275495704,0.139611155,0.0401692577,0.383631319,0.350364357,0.0533927381,0.9453637,0.136452839,0.0442345217,0.0648119524,0.319376796,-0.357974172,-0.0181168579,0.97721082,-0.168214515,-0.0347572751,0.0537971184,-0.163585603,0.102976799,-0.0363931544,0.380198658,-0.117872506,0.167351663,-0.326056331,-0.113477618,0.103565216,0.357513517,-0.353966236,-0.0324069932,0.0275495704,0.139611155,0.0401692577,0.383631319,0.350364357,0.0533927381,0.9453637,0.136452839,0.0442345217,0.0648119524,0.319376796,-0.357974172,-0.0181168579,0.97721082,-0.168214515,-0.0347572751,0.0537971184,-0.163585603,0.102976799,-0.0363931544,0.380198658,-0.117872506,0.167351663,-0.326056331,-0.113477618,0.103565216,0.357513517,-0.353966236,-0.0324069932,0.0275495704,0.139611155,0.0401692577,0.383631319,0.350364357,0.0533927381,0.9453637,0.136452839,0.0442345217,0.0648119524,0.319376796,-0.357974172,-0.0181168579,0.97721082,-0.168214515,-0.0347572751,0.0537971184
1.66691543,3217569.07,0,0,0.00628094375,4.2677857e-06,1,0.179878902,0.0261772424,1,0.690527618,0.0101853665,0.00242499611,0.723230243,0.0566350445,-0.0310011972,0.0338209495,0,-0,-0,-0.139679968,0.0535533838,-0.00496966718,0.428979635,-0.280955493,0.0151251405,-0.322340012,-0.0393930823,0.0564327873,0.452347726,-0.1651351,0.0299261007,0.0190291461,-0.000304783724,-0.000158522773,0.333394289,0.25395,0.0310143605,0.976102054,0.139728516,0.059505444,0.044716496,0.311074317,-0.320114046,-0.00886325352,0.990199864,-0.162507117,-0.0342059284,0.0562820472,-0.115032494,-0.075130634,-0.0656674355,0.284970254,-0.102626644,0.437542707,0.0513066128,0.00717360992,0.0999681875,-0.0878188312,0.430784941,0.0144991651,0.0925563425,0.00564747443,-0.0478481874,-0.178079769,-0.472125947,-0.507007718,-0.0661938861,-0.0728874505,-0.275062054,-0.376938343,-0.000707659114,-0.118442193,-0.00607829355,-0.00235383026,-0.0870554373,0.0210860204,-0.00631527044,-0.159809589,0.0944984108,-0.0327903703,0.395643204,-0.091695264,0.16364032,-0.332620651,-0.116169974,0.10914436,0.348175913,-0.363416493,-0.0334698036,0.0279808864,0.143291444,0.0427559838,0.383553743,0.370219827,0.0541754067,0.945386767,0.136211932,0.0413814709,0.0651747137,0.328513265,-0.357001573,-0.0174588319,0.977461576,-0.169607788,-0.034631718,0.0541787222,-0.159809589,0.0944984108,-0.0327903703,0.395643204,-0.091695264,0.16364032,-0.332620651,-0.116169974,0.10914436,0.348175913,-0.363416493,-0.0334698036,0.0279808864,0.143291444,0.0427559838,0.383553743,0.370219827,0.0541754067,0.945386767,0.136211932,0.0413814709,0.0651747137,0.328513265,-0.357001573,-0.0174588319,0.977461576,-0.169607788,-0.034631718,0.0541787222,-0.159809589,0.0944984108,-0.0327903703,0.395643204,-0.091695264,0.16364032,-0.332620651,-0.116169974,0.10914436,0.348175913,-0.363416493,-0.0334698036,0.0279808864,0.143291444,0.0427559838,0.383553743,0.370219827,0.0541754067,0.945386767,0.136211932,0.0413814709,0.0651747137,0.328513265,-0.357001573,-0.0174588319,0.977461576,-0.169607788,-0.034631718,0.0541787222
1.67691679,3217569.08,0,0,0.0162823037,4.38280404e-06,1,0.179878902,0,1,0.690386593,0.0104462728,0.00251950254,0.723360777,0.0468501821,-0.0242778901,0.0387065746,0,-0,-0,-0.140987888,0.0528778769,-0.00566438073,0.431962371,-0.281995893,0.0192044284,-0.321951956,-0.0392165072,0.0574725345,0.451606005,-0.160996646,0.0300271045,0.0199204646,-0.000239912522,-0.000661164289,0.331840307,0.249300867,0.0258722734,0.975344718,0.139011145,0.0566388853,0.0408020094,0.311074793,-0.321053982,-0.00892138015,0.990164518,-0.163361609,-0.0340615883,0.0562233105,-0.129443735,-0.0624835379,-0.0692403018,0.294313759,-0.101288654,0.376061976,0.0337460488,0.0227618273,0.106012948,-0.061982885,0.397631556,0.00719604269,0.0882533118,0.00509757875,-0.0468108058,-0.140712053,-0.463864237,-0.509895205,-0.0850812122,-0.0642559826,-0.287604719,-0.397056282,-4.37040362e-05,-0.0769255608,-0.00565847009,-0.00433207303,-0.079320617,0.0112776626,-0.00564757176,-0.159809589,0.0944984108,-0.0327903703,0.395643204,-0.091695264,0.16364032,-0.332620651,-0.116169974,0.10914436,0.348175913,-0.363416493,-0.0334698036,0.0279808864,0.143291444,0.0427559838,0.383553743,0.370219827,0.0541754067,0.945386767,0.136211932,0.0413814709,0.0651747137,0.328513265,-0.357001573,-0.0174588319,0.977461576,-0.169607788,-0.034631718,0.0541787222,-0.159809589,0.0944984108,-0.0327903703,0.395643204,-0.091695264,0.16364032,-0.332620651,-0.116169974,0.10914436,0.348175913,-0.363416493,-0.0334698036,0.0279808864,0.143291444,0.0427559838,0.383553743,0.370219827,0.0541754067,0.945386767,0.136211932,0.0413814709,0.0651747137,0.328513265,-0.357001573,-0.0174588319,0.977461576,-0.169607788,-0.034631718,0.0541787222,-0.159809589,0.0944984108,-0.0327903703,0.395643204,-0.091695264,0.16364032,-0.332620651,-0.116169974,0.10914436,0.348175913,-0.363416493,-0.0334698036,0.0279808864,0.143291444,0.0427559838,0.383553743,0.370219827,0.0541754067,0.945386767,0.136211932,0.0413814709,0.0651747137,0.328513265,-0.357001573,-0.0174588319,0.977461576,-0.169607788,-0.034631718,0.0541787222
1.68691865,3217569.09,0,0,0.00623296993,5.8519654e-06,1,0.200552866,0.0218784809,1,0.690233171,0.0106703062,0.0025817696,0.723503768,0.0316185169,-0.0168918315,0.0485857017,0,-0,-0,-0.142266765,0.0523421131,-0.00639089895,0.434832931,-0.282971025,0.0224604271,-0.321675599,-0.0389152318,0.0585126318,0.451144695,-0.157296836,0.0300587453,0.0207369272,-0.000185573081,-0.00109622173,0.330649108,0.244655639,0.0208909065,0.974376678,0.138512954,0.0538051873,0.0368221216,0.311080605,-0.32157287,-0.00897466391,0.990110874,-0.164045155,-0.033974871,0.0561710149,-0.143900096,-0.0450477563,-0.0810500905,0.300337225,-0.0993662104,0.299065292,0.019744765,0.0406596586,0.103394598,-0.0401001051,0.352273107,0.000454671332,0.0736304596,0.010048857,-0.0475513525,-0.10580419,-0.45790872,-0.501285791,-0.0987616852,-0.0469023101,-0.287455231,-0.40144527,0.00288270903,-0.0360252112,-0.00489966106,-0.00616388582,-0.0664442405,0.00718982005,-0.00468459213,-0.157429397,0.0872076899,-0.0309368595,0.408214331,-0.0698167831,0.158721894,-0.338702023,-0.116816655,0.113223881,0.341373712,-0.372096598,-0.0351896584,0.0281833373,0.147378057,0.0450813435,0.383651733,0.386601895,0.0546175465,0.945319891,0.136333719,0.0388816632,0.0647498295,0.336680323,-0.356360108,-0.0164728761,0.977201223,-0.170464054,-0.0348377973,0.0546845682,-0.157429397,0.0872076899,-0.0309368595,0.408214331,-0.0698167831,0.158721894,-0.338702023,-0.116816655,0.113223881,0.341373712,-0.372096598,-0.0351896584,0.0281833373,0.147378057,0.0450813435,0.383651733,0.386601895,0.0546175465,0.945319891,0.136333719,0.0388816632,0.0647498295,0.336680323,-0.356360108,-0.0164728761,0.977201223,-0.170464054,-0.0348377973,0.0546845682,-0.157429397,0.0872076899,-0.0309368595,0.408214331,-0.0698167831,0.158721894,-0.338702023,-0.116816655,0.113223881,0.341373712,-0.372096598,-0.0351896584,0.0281833373,0.147378057,0.0450813435,0.383651733,0.386601895,0.0546175465,0.945319891,0.136333719,0.0388816632,0.0647498295,0.336680323,-0.356360108,-0.0164728761,0.977201223,-0.170464054,-0.0348377973,0.0546845682
1.69693537,3217569.1,0,0,0.0162496902,9.95118171e-06,1,0.200552866,0,1,0.69004482,0.010793156,0.00261471607,0.72368145,0.0181893297,-0.0130108735,0.0505597219,0,-0,-0,-0.14380601,0.0520062372,-0.00725198863,0.437903881,-0.283968687,0.0250341929,-0.321562111,-0.0383794531,0.0595591255,0.450854242,-0.154033884,0.0300271083,0.0213929676,-5.66390736e-05,-0.00154904311,0.329765737,0.240166217,0.0159082003,0.97335422,0.138128549,0.0509358309,0.0328149721,0.311110824,-0.321759969,-0.00900958944,0.990041256,-0.164658993,-0.0339170694,0.0561345071,-0.151129052,-0.0275523607,-0.0852588341,0.301065326,-0.0974235684,0.227145046,0.00777273858,0.0588143282,0.105389781,-0.0202902276,0.30932954,-0.00530047808,0.0625004992,0.0120465215,-0.0405224711,-0.0772937089,-0.446065068,-0.489603579,-0.105957724,-0.0292284768,-0.281142414,-0.396221191,0.00268125348,-0.00995599665,-0.00238479325,-0.007439679,-0.0554266013,0.00500867981,-0.00297208806,-0.157429397,0.0872076899,-0.0309368595,0.408214331,-0.0698167831,0.158721894,-0.338702023,-0.116816655,0.113223881,0.341373712,-0.372096598,-0.0351896584,0.0281833373,0.147378057,0.0450813435,0.383651733,0.386601895,0.0546175465,0.945319891,0.136333719,0.0388816632,0.0647498295,0.336680323,-0.356360108,-0.0164728761,0.977201223,-0.170464054,-0.0348377973,0.0546845682,-0.157429397,0.0872076899,-0.0309368595,0.408214331,-0.0698167831,0.158721894,-0.338702023,-0.116816655,0.113223881,0.341373712,-0.372096598,-0.0351896584,0.0281833373,0.147378057,0.0450813435,0.383651733,0.386601895,0.0546175465,0.945319891,0.136333719,0.0388816632,0.0647498295,0.336680323,-0.356360108,-0.0164728761,0.977201223,-0.170464054,-0.0348377973,0.0546845682,-0.157429397,0.0872076899,-0.0309368595,0.408214331,-0.0698167831,0.158721894,-0.338702023,-0.116816655,0.113223881,0.341373712,-0.372096598,-0.0351896584,0.0281833373,0.147378057,0.0450813435,0.383651733,0.386601895,0.0546175465,0.945319891,0.136333719,0.0388816632,0.0647498295,0.336680323,-0.356360108,-0.0164728761,0.977201223,-0.170464054,-0.0348377973,0.0546845682
1.70792679,3217569.12,0,0,0.00728183519,6.81588426e-06,1,0.186270103,0.0142374933,1,0.689829051,0.010907962,0.0026115349,0.723885417,0.00456329994,-0.011065254,0.0555397607,0,-0,-0,-0.145498335,0.0517661534,-0.0082672732,0.441280991,-0.285069346,0.0272079688,-0.321498901,-0.0376345739,0.0607690439,0.45071733,-0.150595635,0.0299274605,0.0220454447,5.55967381e-05,-0.00195731991,0.329040825,0.234841347,0.0102745397,0.972069502,0.137898698,0.0477604903,0.028277399,0.311180532,-0.321738392,-0.00902067032,0.989895821,-0.165189117,-0.0338666141,0.0561080538,-0.146961942,-0.0124054113,-0.0940724984,0.282870263,-0.0910920501,0.147443533,0.00276771607,0.0698040649,0.0966600105,-0.00718884123,0.263123214,-0.0106182499,0.0466911234,0.0140259471,-0.032225728,-0.0537442081,-0.436039269,-0.464748561,-0.0980976671,-0.0146435723,-0.262970746,-0.371436536,0.0167599637,0.00849290099,0.000166152211,-0.0246801395,-0.0395148173,0.00363289937,-0.00178953935,-0.15612334,0.0810418203,-0.0303789638,0.417408943,-0.0555792898,0.152844578,-0.344132572,-0.11646162,0.11642769,0.336873412,-0.380774409,-0.0371088572,0.0284030233,0.152404055,0.0463456921,0.382366747,0.398369968,0.0545194782,0.944482744,0.136908814,0.0354947373,0.0636301339,0.343482882,-0.356054544,-0.0150088314,0.976910353,-0.170898244,-0.0349819176,0.054838635,-0.15612334,0.0810418203,-0.0303789638,0.417408943,-0.0555792898,0.152844578,-0.344132572,-0.11646162,0.11642769,0.336873412,-0.380774409,-0.0371088572,0.0284030233,0.152404055,0.0463456921,0.382366747,0.398369968,0.0545194782,0.944482744,0.136908814,0.0354947373,0.0636301339,0.343482882,-0.356054544,-0.0150088314,0.976910353,-0.170898244,-0.0349819176,0.054838635,-0.15612334,0.0810418203,-0.0303789638,0.417408943,-0.0555792898,0.152844578,-0.344132572,-0.11646162,0.11642769,0.336873412,-0.380774409,-0.0371088572,0.0284030233,0.152404055,0.0463456921,0.382366747,0.398369968,0.0545194782,0.944482744,0.136908814,0.0354947373,0.0636301339,0.343482882,-0.356054544,-0.0150088314,0.976910353,-0.170898244,-0.0349819176,0.054838635
1.71893741,3217569.13,0,0,0.0182924503,3.9851293e-06,1,0.186270103,0,1,0.689605653,0.0109286187,0.00256619789,0.724098086,-0.00518757617,-0.00887396932,0.0612317137,0,-0,-0,-0.147015125,0.0517066084,-0.00930319075,0.444096386,-0.285970926,0.0283826105,-0.321491897,-0.0368636772,0.061701972,0.450676739,-0.148178682,0.0297975466,0.0224422012,0.00021787599,-0.0022397521,0.328557253,0.230616942,0.00568034267,0.971212149,0.137779593,0.0451523848,0.0246361941,0.311487406,-0.321561396,-0.00900952239,0.989511013,-0.165542945,-0.0338358805,0.0560933426,-0.14626886,-0.00324458606,-0.103313774,0.269859403,-0.0863932669,0.0985670462,0.000153367931,0.0789300352,0.0929335579,-0.00217511412,0.232168898,-0.0143311368,0.0373159274,0.0129357986,-0.0239607617,-0.0431091599,-0.415184617,-0.449598938,-0.0815154389,-0.0104123997,-0.252725065,-0.355033278,0.0357402191,0.0252568126,0.00159532332,-0.041853819,-0.0314038694,0.00275369454,-0.00129347562,-0.15612334,0.0810418203,-0.0303789638,0.417408943,-0.0555792898,0.152844578,-0.344132572,-0.11646162,0.11642769,0.336873412,-0.380774409,-0.0371088572,0.0284030233,0.152404055,0.0463456921,0.382366747,0.398369968,0.0545194782,0.944482744,0.136908814,0.0354947373,0.0636301339,0.343482882,-0.356054544,-0.0150088314,0.976910353,-0.170898244,-0.0349819176,0.054838635,-0.15612334,0.0810418203,-0.0303789638,0.417408943,-0.0555792898,0.152844578,-0.344132572,-0.11646162,0.11642769,0.336873412,-0.380774409,-0.0371088572,0.0284030233,0.152404055,0.0463456921,0.382366747,0.398369968,0.0545194782,0.944482744,0.136908814,0.0354947373,0.0636301339,0.343482882,-0.356054544,-0.0150088314,0.976910353,-0.170898244,-0.0349819176,0.054838635,-0.15612334,0.0810418203,-0.0303789638,0.417408943,-0.0555792898,0.152844578,-0.344132572,-0.11646162,0.11642769,0.336873412,-0.380774409,-0.0371088572,0.0284030233,0.152404055,0.0463456921,0.382366747,0.398369968,0.0545194782,0.944482744,0.136908814,0.0354947373,0.0636301339,0.343482882,-0.356054544,-0.0150088314,0.976910353,-0.170898244,-0.0349819176,0.054838635
1.72991515,3217569.14,0,0,0.00924475212,4.05637547e-06,1,0.214258209,0.00845426321,1,0.689390659,0.0109274806,0.00250990991,0.724303007,-0.0134927388,-0.000823980779,0.0608748943,0,-0,-0,-0.148394495,0.0517134517,-0.0103233671,0.446576715,-0.286766052,0.0291004647,-0.321523219,-0.0360672064,0.0625959337,0.450697422,-0.146089494,0.0296376068,0.0227775723,0.000310762058,-0.00245532813,0.328199387,0.226540893,0.00140402443,0.97047776,0.13769193,0.0427963808,0.0212574024,0.311922222,-0.321211964,-0.00898624025,0.989068866,-0.165819481,-0.0338116847,0.0560810938,-0.144039184,0.0059551145,-0.106026016,0.244346276,-0.0777333528,0.052002497,-0.011142021,0.0854283571,0.0883083194,0.00858093798,0.178436294,-0.0175233856,0.0341253653,0.0119737498,-0.0256351214,-0.0349435657,-0.398398817,-0.418743402,-0.0603613928,-0.00776498904,-0.233575091,-0.334009558,0.0590238832,0.0396271311,0.00320463558,-0.0553675033,-0.0288899373,0.00223306054,-0.00139749737,-0.155147538,0.0761803314,-0.0305573829,0.423710853,-0.0480820388,0.147247091,-0.349120796,-0.115649089,0.118830755,0.334356457,-0.389228672,-0.0389690809,0.0287187528,0.158416599,0.0464107655,0.379386604,0.405181289,0.0537247211,0.942535937,0.137731135,0.0312812328,0.0615689754,0.348427087,-0.356311232,-0.0131279062,0.976316154,-0.171467766,-0.0349061899,0.0546101592,-0.155147538,0.0761803314,-0.0305573829,0.423710853,-0.0480820388,0.147247091,-0.349120796,-0.115649089,0.118830755,0.334356457,-0.389228672,-0.0389690809,0.0287187528,0.158416599,0.0464107655,0.379386604,0.405181289,0.0537247211,0.942535937,0.137731135,0.0312812328,0.0615689754,0.348427087,-0.356311232,-0.0131279062,0.976316154,-0.171467766,-0.0349061899,0.0546101592,-0.155147538,0.0761803314,-0.0305573829,0.423710853,-0.0480820388,0.147247091,-0.349120796,-0.115649089,0.118830755,0.334356457,-0.389228672,-0.0389690809,0.0287187528,0.158416599,0.0464107655,0.379386604,0.405181289,0.0537247211,0.942535937,0.137731135,0.0312812328,0.0615689754,0.348427087,-0.356311232,-0.0131279062,0.976316154,-0.171467766,-0.0349061899,0.0546101592
1.73991564,3217569.15,0,0,0.0192452339,4.28874046e-06,1,0.214258209,0,1,0.689167559,0.010860106,0.00244299928,0.724516511,-0.0199484155,-0.00043323313,0.0617009625,0,-0,-0,-0.149816141,0.0518206172,-0.0114113772,0.44890818,-0.287504554,0.0294423755,-0.321665257,-0.0351689272,0.0634566173,0.450836241,-0.144631892,0.0294396412,0.0231220052,0.00042427564,-0.00266694534,0.327856869,0.222704291,-0.00260113599,0.970018446,0.137625426,0.0405335389,0.0179928355,0.312689483,-0.320735365,-0.00894356705,0.98840785,-0.166108593,-0.0337924249,0.0560655519,-0.134862751,0.0120462701,-0.108500645,0.220365167,-0.0696847811,0.0259593539,-0.0123658804,0.0895367786,0.0834998488,0.0144215692,0.132470176,-0.0209987108,0.0327128395,0.00818392169,-0.0149463769,-0.0319439806,-0.375385433,-0.384416699,-0.0405260287,-0.00601640483,-0.216129974,-0.317666858,0.0832267776,0.0535807014,0.00480616605,-0.0671306401,-0.0272079278,0.00171704614,-0.00157853472,-0.155147538,0.0761803314,-0.0305573829,0.423710853,-0.0480820388,0.147247091,-0.349120796,-0.115649089,0.118830755,0.334356457,-0.389228672,-0.0389690809,0.0287187528,0.158416599,0.0464107655,0.379386604,0.405181289,0.0537247211,0.942535937,0.137731135,0.0312812328,0.0615689754,0.348427087,-0.356311232,-0.0131279062,0.976316154,-0.171467766,-0.0349061899,0.0546101592,-0.155147538,0.0761803314,-0.0305573829,0.423710853,-0.0480820388,0.147247091,-0.349120796,-0.115649089,0.118830755,0.334356457,-0.389228672,-0.0389690809,0.0287187528,0.158416599,0.0464107655,0.379386604,0.405181289,0.0537247211,0.942535937,0.137731135,0.0312812328,0.0615689754,0.348427087,-0.356311232,-0.0131279062,0.976316154,-0.171467766,-0.0349061899,0.0546101592,-0.155147538,0.0761803314,-0.0305573829,0.423710853,-0.0480820388,0.147247091,-0.349120796,-0.115649089,0.118830755,0.334356457,-0.389228672,-0.0389690809,0.0287187528,0.158416599,0.0464107655,0.379386604,0.405181289,0.0537247211,0.942535937,0.137731135,0.0312812328,0.0615689754,0.348427087,-0.356311232,-0.0131279062,0.976316154,-0.171467766,-0.0349061899,0.0546101592
1.74991788,3217569.16,0,0,0.00927891396,5.58001921e-06,1,0.1840638,0.00647690892,1,0.688949704,0.0107635995,0.00237896643,0.724725306,-0.0240241289,0.0151134031,0.0588324144,0,-0,-0,-0.151171252,0.0519601479,-0.0124883996,0.450972229,-0.288154721,0.0296194628,-0.321886659,-0.0342680998,0.064267233,0.451065212,-0.143638715,0.0291996095,0.0234390553,0.000475393288,-0.00283854664,0.327593088,0.219079375,-0.00618506363,0.969711423,0.137574717,0.038492132,0.0149160614,0.31365791,-0.320144683,-0.00884625502,0.987714946,-0.166418254,-0.0337769203,0.0560471043,-0.145120516,0.0154253673,-0.107448928,0.203541294,-0.063623473,0.0124368221,-0.0381829739,0.0930635557,0.0831428692,0.0364735834,0.0657889321,-0.027222544,0.0348941199,0.00391013874,-0.0241284668,-0.0234906338,-0.350649267,-0.343073368,-0.0212823451,-0.00435969792,-0.204051316,-0.308065742,0.112220839,0.0608527549,0.0166320596,-0.0773867518,-0.0390658528,0.00150728365,-0.00222691987,-0.154161185,0.0727118328,-0.03132388,0.427859247,-0.0448431671,0.142921478,-0.353167266,-0.115047172,0.120829746,0.333807081,-0.395705581,-0.0408722684,0.0288817212,0.164512485,0.044918675,0.374783933,0.407572031,0.0525556915,0.939805448,0.138467148,0.0264687613,0.0588090643,0.351552457,-0.356913686,-0.0111901527,0.975419223,-0.172448903,-0.0348082036,0.0542499721,-0.154161185,0.0727118328,-0.03132388,0.427859247,-0.0448431671,0.142921478,-0.353167266,-0.115047172,0.120829746,0.333807081,-0.395705581,-0.0408722684,0.0288817212,0.164512485,0.044918675,0.374783933,0.407572031,0.0525556915,0.939805448,0.138467148,0.0264687613,0.0588090643,0.351552457,-0.356913686,-0.0111901527,0.975419223,-0.172448903,-0.0348082036,0.0542499721,-0.154161185,0.0727118328,-0.03132388,0.427859247,-0.0448431671,0.142921478,-0.353167266,-0.115047172,0.120829746,0.333807081,-0.395705581,-0.0408722684,0.0288817212,0.164512485,0.044918675,0.374783933,0.407572031,0.0525556915,0.939805448,0.138467148,0.0264687613,0.0588090643,0.351552457,-0.356913686,-0.0111901527,0.975419223,-0.172448903,-0.0348082036,0.0542499721
1.76491388,3217569.17,0,0,0.00415886333,1.12033449e-05,1,0.292688143,0.00572282076,1,0.688607633,0.0105290171,0.00230100588,0.725054085,-0.0285450947,0.014756944,0.0600051396,0,-0,-0,-0.153368235,0.0522233136,-0.014206931,0.453903466,-0.289050162,0.0297078211,-0.322510183,-0.0328326002,0.0654679239,0.451689035,-0.143099964,0.0287513603,0.0238911696,0.000498661015,-0.00304725696,0.327324688,0.213773727,-0.0110081043,0.969520688,0.1375186,0.0355436839,0.0102675697,0.315627009,-0.319124132,-0.00839739759,0.98656565,-0.167058647,-0.0337567739,0.0560077839,-0.128624305,0.0165944751,-0.106601968,0.163493663,-0.0483558588,0.00167725235,-0.0356148854,0.0842824802,0.0658415779,0.032994505,0.0205303971,-0.0264978167,0.0203706101,-0.000520214497,-0.00634155981,-0.00950546749,-0.319060504,-0.268472612,-0.00791472849,-0.00306084985,-0.159946069,-0.269639045,0.12692304,0.0659892932,0.0341160074,-0.059127342,-0.0357249565,0.00109695294,-0.00246322737,-0.154161185,0.0727118328,-0.03132388,0.427859247,-0.0448431671,0.142921478,-0.353167266,-0.115047172,0.120829746,0.333807081,-0.395705581,-0.0408722684,0.0288817212,0.164512485,0.044918675,0.374783933,0.407572031,0.0525556915,0.939805448,0.138467148,0.0264687613,0.0588090643,0.351552457,-0.356913686,-0.0111901527,0.975419223,-0.172448903,-0.0348082036,0.0542499721,-0.152498856,0.0720197186,-0.0326939337,0.42983526,-0.0419915468,0.139860123,-0.356666446,-0.113529474,0.121815071,0.335498273,-0.398033321,-0.043104127,0.0285135489,0.168787509,0.0418924168,0.369061112,0.405833721,0.0513573214,0.937042952,0.13894932,0.021855643,0.0558279306,0.353020936,-0.35741356,-0.00953447539,0.974192798,-0.173773229,-0.0352811664,0.0537886843,-0.152498856,0.0720197186,-0.0326939337,0.42983526,-0.0419915468,0.139860123,-0.356666446,-0.113529474,0.121815071,0.335498273,-0.398033321,-0.043104127,0.0285135489,0.168787509,0.0418924168,0.369061112,0.405833721,0.0513573214,0.937042952,0.13894932,0.021855643,0.0558279306,0.353020936,-0.35741356,-0.00953447539,0.974192798,-0.173773229,-0.0352811664,0.0537886843
1.77493396,3217569.18,0,0,0.0141789531,1.07889064e-05,1,0.292688143,0,1,0.688444674,0.0104105566,0.00226422097,0.725210607,-0.0253823921,0.0180092081,0.0541026779,0,-0,-0,-0.154329762,0.0523427278,-0.0150149781,0.455057144,-0.289370358,0.0296943709,-0.322798431,-0.0322035961,0.0659704506,0.45192641,-0.142980739,0.0285410602,0.0240447931,0.000461515068,-0.00307995174,0.327276945,0.211291552,-0.0129585899,0.969471574,0.137497291,0.0344567262,0.00824969076,0.316656888,-0.318591565,-0.00807457883,0.986186087,-0.167344674,-0.0337496214,0.0559866726,-0.119335301,0.0135655925,-0.0981086046,0.136492819,-0.035964746,-0.00489918888,-0.0408957712,0.0769649073,0.0642002448,0.0322989263,0.00925790984,-0.0284854285,0.0200111195,-0.00692785671,-0.00352566643,-0.00431559514,-0.303442538,-0.227874368,-0.00488425652,-0.0022684345,-0.126578584,-0.248228595,0.133037224,0.0646536723,0.0512383506,-0.0473584011,-0.0435523875,0.000665975269,-0.00303787412,-0.152498856,0.0720197186,-0.0326939337,0.42983526,-0.0419915468,0.139860123,-0.356666446,-0.113529474,0.121815071,0.335498273,-0.398033321,-0.043104127,0.0285135489,0.168787509,0.0418924168,0.369061112,0.405833721,0.0513573214,0.937042952,0.13894932,0.021855643,0.0558279306,0.353020936,-0.35741356,-0.00953447539,0.974192798,-0.173773229,-0.0352811664,0.0537886843,-0.152498856,0.0720197186,-0.0326939337,0.42983526,-0.0419915468,0.139860123,-0.356666446,-0.113529474,0.121815071,0.335498273,-0.398033321,-0.043104127,0.0285135489,0.168787509,0.0418924168,0.369061112,0.405833721,0.0513573214,0.937042952,0.13894932,0.021855643,0.0558279306,0.353020936,-0.35741356,-0.00953447539,0.974192798,-0.173773229,-0.0352811664,0.0537886843,-0.152498856,0.0720197186,-0.0326939337,0.42983526,-0.0419915468,0.139860123,-0.356666446,-0.113529474,0.121815071,0.335498273,-0.398033321,-0.043104127,0.0285135489,0.168787509,0.0418924168,0.369061112,0.405833721,0.0513573214,0.937042952,0.13894932,0.021855643,0.0558279306,0.353020936,-0.35741356,-0.00953447539,0.974192798,-0.173773229,-0.0352811664,0.0537886843
1.78591638,3217569.19,0,0,0.0052431291,5.19212335e-06,1,0.218343921,0.00566998124,1,0.688226402,0.0102234101,0.00226277485,0.725420415,-0.0187952779,0.0267302375,0.0488685481,0,-0,-0,-0.155735865,0.0524501614,-0.0161188897,0.45648092,-0.289685398,0.0295757148,-0.323396713,-0.0313633159,0.0667473525,0.452344507,-0.142959595,0.0281936843,0.0242811181,0.000306165632,-0.0031036709,0.327254206,0.207849488,-0.0152767058,0.969439447,0.137475863,0.0332406498,0.00543037476,0.318337619,-0.317853898,-0.00725158164,0.985666096,-0.167988196,-0.033746697,0.0559444949,-0.117425628,0.00557867391,-0.0890463144,0.108086675,-0.0200330298,-0.0141472276,-0.0568001792,0.0650943145,0.0645014569,0.0371443406,-0.00312350295,-0.0292783845,0.0182727482,-0.016396774,-0.00107701356,-0.000520874979,-0.27500093,-0.167115241,-0.00101278082,-0.00142672274,-0.0850242004,-0.227284536,0.144634813,0.0585515276,0.0801446065,-0.0411990508,-0.0643859059,-0.000175922672,-0.00397950737,-0.15059185,0.0717813671,-0.0344935842,0.431301743,-0.0395362079,0.138208687,-0.359631121,-0.112410396,0.122501776,0.337595582,-0.397820115,-0.0449104942,0.0280651413,0.172399729,0.0380368531,0.363391131,0.402038157,0.0504237749,0.934555233,0.139124542,0.0174233224,0.0526318774,0.353828609,-0.358039439,-0.00812458806,0.973113298,-0.175683275,-0.035869386,0.0532229096,-0.15059185,0.0717813671,-0.0344935842,0.431301743,-0.0395362079,0.138208687,-0.359631121,-0.112410396,0.122501776,0.337595582,-0.397820115,-0.0449104942,0.0280651413,0.172399729,0.0380368531,0.363391131,0.402038157,0.0504237749,0.934555233,0.139124542,0.0174233224,0.0526318774,0.353828609,-0.358039439,-0.00812458806,0.973113298,-0.175683275,-0.035869386,0.0532229096,-0.15059185,0.0717813671,-0.0344935842,0.431301743,-0.0395362079,0.138208687,-0.359631121,-0.112410396,0.122501776,0.337595582,-0.397820115,-0.0449104942,0.0280651413,0.172399729,0.0380368531,0.363391131,0.402038157,0.0504237749,0.934555233,0.139124542,0.0174233224,0.0526318774,0.353828609,-0.358039439,-0.00812458806,0.973113298,-0.175683275,-0.035869386,0.0532229096
1.79593943,3217569.2,0,0,0.0152661749,1.51209533e-05,1,0.218343921,0,1,0.688086808,0.0100843264,0.00229762355,0.725554645,-0.0165315829,0.0339399427,0.0476813056,0,-0,-0,-0.156712785,0.0524763428,-0.0168194752,0.457305789,-0.28981176,0.0293983128,-0.323926717,-0.0308664292,0.0672680289,0.45267868,-0.143025964,0.0279513169,0.0244128276,0.00016556542,-0.00310726743,0.32725811,0.205748692,-0.016382141,0.969445884,0.13746731,0.0326359123,0.00361725199,0.319539607,-0.317428529,-0.00649604853,0.985312164,-0.168673083,-0.0337526426,0.0559074022,-0.123654217,0.00218011835,-0.0861324519,0.0993297845,-0.0132322283,-0.0264204554,-0.0703077614,0.0599757433,0.064797312,0.0427467264,-0.0102789374,-0.0296525564,0.0154148052,-0.0182366874,0.000184149991,0.00101371994,-0.255099118,-0.122935086,0.00169478927,-0.0010004628,-0.06833601,-0.223338515,0.152386278,0.0508699529,0.0991882384,-0.0435164385,-0.0918328986,-0.00101227872,-0.00485929148,-0.15059185,0.0717813671,-0.0344935842,0.431301743,-0.0395362079,0.138208687,-0.359631121,-0.112410396,0.122501776,0.337595582,-0.397820115,-0.0449104942,0.0280651413,0.172399729,0.0380368531,0.363391131,0.402038157,0.0504237749,0.934555233,0.139124542,0.0174233224,0.0526318774,0.353828609,-0.358039439,-0.00812458806,0.973113298,-0.175683275,-0.035869386,0.0532229096,-0.15059185,0.0717813671,-0.0344935842,0.431301743,-0.0395362079,0.138208687,-0.359631121,-0.112410396,0.122501776,0.337595582,-0.397820115,-0.0449104942,0.0280651413,0.172399729,0.0380368531,0.363391131,0.402038157,0.0504237749,0.934555233,0.139124542,0.0174233224,0.0526318774,0.353828609,-0.358039439,-0.00812458806,0.973113298,-0.175683275,-0.035869386,0.0532229096,-0.15059185,0.0717813671,-0.0344935842,0.431301743,-0.0395362079,0.138208687,-0.359631121,-0.112410396,0.122501776,0.337595582,-0.397820115,-0.0449104942,0.0280651413,0.172399729,0.0380368531,0.363391131,0.402038157,0.0504237749,0.934555233,0.139124542,0.0174233224,0.0526318774,0.353828609,-0.358039439,-0.00812458806,0.973113298,-0.175683275,-0.035869386,0.0532229096
1.80692059,3217569.21,0,0,0.00618040189,5.89061528e-06,1,0.19663712,0.00529146194,1,0.687921405,0.00990138203,0.00236470904,0.725713789,-0.0143001629,0.03614733,0.0439527147,0,-0,-0,-0.157937527,0.052484531,-0.0176355243,0.458202332,-0.289892793,0.0290770978,-0.324658811,-0.0303180367,0.0678924844,0.453074217,-0.143142208,0.0276936255,0.0245469809,-2.91000288e-05,-0.0030819641,0.32727918,0.203352109,-0.0173784494,0.969475269,0.137455463,0.0321411379,0.00154806999,0.321062446,-0.316937894,-0.00552748144,0.984969556,-0.169536844,-0.0337656252,0.0558583252,-0.119465388,0.000119506331,-0.0780102387,0.0824970752,-0.00468866201,-0.0347859077,-0.0728247911,0.0511782505,0.0603878424,0.0360932499,-0.011947643,-0.023185607,0.0118290819,-0.0203370247,0.00561094563,0.00310181268,-0.229197919,-0.0860996321,0.00359095074,-0.00138047792,-0.03662185,-0.192832991,0.150264129,0.0485904291,0.0920845345,-0.0260450039,-0.078729555,-0.00140459591,-0.00485278293,-0.148386657,0.0726291686,-0.0366469733,0.432382107,-0.0362150669,0.13747178,-0.362058133,-0.110979483,0.122572258,0.34013617,-0.395216167,-0.0463922322,0.0274563786,0.174568474,0.0332150348,0.358132392,0.396746695,0.0498980694,0.932725847,0.13893427,0.013590673,0.049532339,0.354234338,-0.358394057,-0.00702802837,0.97211647,-0.178165719,-0.0369206518,0.0527720563,-0.148386657,0.0726291686,-0.0366469733,0.432382107,-0.0362150669,0.13747178,-0.362058133,-0.110979483,0.122572258,0.34013617,-0.395216167,-0.0463922322,0.0274563786,0.174568474,0.0332150348,0.358132392,0.396746695,0.0498980694,0.932725847,0.13893427,0.013590673,0.049532339,0.354234338,-0.358394057,-0.00702802837,0.97211647,-0.178165719,-0.0369206518,0.0527720563,-0.148386657,0.0726291686,-0.0366469733,0.432382107,-0.0362150669,0.13747178,-0.362058133,-0.110979483,0.122572258,0.34013617,-0.395216167,-0.0463922322,0.0274563786,0.174568474,0.0332150348,0.358132392,0.396746695,0.0498980694,0.932725847,0.13893427,0.013590673,0.049532339,0.354234338,-0.358394057,-0.00702802837,0.97211647,-0.178165719,-0.0369206518,0.0527720563
1.81694143,3217569.22,0,0,0.0162012391,1.53309666e-05,1,0.19663712,0,1,0.687714398,0.00964660011,0.002478512,0.725913048,-0.0115450919,0.0369010605,0.037901748,0,-0,-0,-0.159589797,0.0524706207,-0.0186718348,0.459217191,-0.289864242,0.0283229221,-0.325755954,-0.0296724364,0.0687088743,0.453605235,-0.14337486,0.0273875259,0.0246485285,-0.000310828415,-0.00295107905,0.327366918,0.200429067,-0.0180628151,0.969664216,0.137436017,0.0316687711,-0.0009234022,0.32313484,-0.316327244,-0.00427157013,0.984675348,-0.170957848,-0.0338022709,0.0557825416,-0.114381641,-0.00226933812,-0.070141077,0.0654946715,0.00646576611,-0.0646825954,-0.0798173696,0.0418505259,0.0570893995,0.0385447256,-0.0177002344,-0.0204883013,0.00470631989,-0.0202256795,0.0150726167,0.00765801175,-0.192235708,-0.0248928182,0.0219589062,-0.00164092996,-0.0342740119,-0.163011745,0.144921005,0.0399749018,0.0865006,-0.0168743785,-0.114065997,-0.00344409561,-0.00573954079,-0.148386657,0.0726291686,-0.0366469733,0.432382107,-0.0362150669,0.13747178,-0.362058133,-0.110979483,0.122572258,0.34013617,-0.395216167,-0.0463922322,0.0274563786,0.174568474,0.0332150348,0.358132392,0.396746695,0.0498980694,0.932725847,0.13893427,0.013590673,0.049532339,0.354234338,-0.358394057,-0.00702802837,0.97211647,-0.178165719,-0.0369206518,0.0527720563,-0.148386657,0.0726291686,-0.0366469733,0.432382107,-0.0362150669,0.13747178,-0.362058133,-0.110979483,0.122572258,0.34013617,-0.395216167,-0.0463922322,0.0274563786,0.174568474,0.0332150348,0.358132392,0.396746695,0.0498980694,0.932725847,0.13893427,0.013590673,0.049532339,0.354234338,-0.358394057,-0.00702802837,0.97211647,-0.178165719,-0.0369206518,0.0527720563,-0.148386657,0.0726291686,-0.0366469733,0.432382107,-0.0362150669,0.13747178,-0.362058133,-0.110979483,0.122572258,0.34013617,-0.395216167,-0.0463922322,0.0274563786,0.174568474,0.0332150348,0.358132392,0.396746695,0.0498980694,0.932725847,0.13893427,0.013590673,0.049532339,0.354234338,-0.358394057,-0.00702802837,0.97211647,-0.178165719,-0.0369206518,0.0527720563
1.82793923,3217569.24,0,0,0.0073113949,1.54147856e-05,1,0.204785727,0.00649017096,1,0.687591136,0.00950569939,0.00254658866,0.726031423,-0.0077586933,0.0251835994,0.0310530346,0,-0,-0,-0.160625085,0.0524278246,-0.0193123072,0.459793359,-0.289763302,0.0276818145,-0.32648769,-0.0293121077,0.0692590475,0.453956425,-0.143540025,0.0272036716,0.0246849936,-0.000522564806,-0.00267520733,0.327443004,0.198701456,-0.0182135664,0.969936192,0.137413889,0.0313825645,-0.00231933105,0.324525356,-0.315943092,-0.00351474015,0.984551072,-0.171974182,-0.0338379219,0.0557255335,-0.095563218,-0.00564810541,-0.0595213398,0.0521182306,0.012414258,-0.0617414191,-0.0679351836,0.0318656303,0.053309802,0.0321459174,-0.0156920478,-0.0169371273,0.00313353632,-0.0218956675,0.0359565578,0.00793145597,-0.159341097,-0.0107003944,0.0297659934,-0.00256047375,-0.0233675353,-0.122364484,0.13498348,0.0376875326,0.066983059,-0.0102612637,-0.0886338279,-0.0035048821,-0.00561682647,-0.146639824,0.0738161206,-0.0389416777,0.432753325,-0.0340583175,0.137631491,-0.364124447,-0.109577492,0.122063473,0.342401594,-0.39269796,-0.0475859791,0.0266552046,0.174879268,0.0279471278,0.353112042,0.390256524,0.0498231091,0.931311011,0.138565123,0.0105717387,0.0467031896,0.354832232,-0.358695179,-0.00624618866,0.971380413,-0.181118503,-0.0383132473,0.0523304306,-0.146639824,0.0738161206,-0.0389416777,0.432753325,-0.0340583175,0.137631491,-0.364124447,-0.109577492,0.122063473,0.342401594,-0.39269796,-0.0475859791,0.0266552046,0.174879268,0.0279471278,0.353112042,0.390256524,0.0498231091,0.931311011,0.138565123,0.0105717387,0.0467031896,0.354832232,-0.358695179,-0.00624618866,0.971380413,-0.181118503,-0.0383132473,0.0523304306,-0.146639824,0.0738161206,-0.0389416777,0.432753325,-0.0340583175,0.137631491,-0.364124447,-0.109577492,0.122063473,0.342401594,-0.39269796,-0.0475859791,0.0266552046,0.174879268,0.0279471278,0.353112042,0.390256524,0.0498231091,0.931311011,0.138565123,0.0105717387,0.0467031896,0.354832232,-0.358695179,-0.00624618866,0.971380413,-0.181118503,-0.0383132473,0.0523304306
1.83891548,3217569.25,0,0,0.018287648,4.38606367e-06,1,0.204785727,0,1,0.687456429,0.00934681389,0.00264992076,0.726160645,-0.00349596259,0.0303455833,0.0299564116,0,-0,-0,-0.161835372,0.0523079708,-0.0200281609,0.460349679,-0.289548129,0.0268525723,-0.327427089,-0.0290284418,0.0698282868,0.454399735,-0.143802151,0.0270070657,0.0247035976,-0.000773154839,-0.00233791908,0.327511549,0.197096735,-0.0182860959,0.970585525,0.137376815,0.0309754945,-0.00356572168,0.32617256,-0.315563172,-0.0027583295,0.984441102,-0.173498392,-0.0339057893,0.055649057,-0.0979642868,-0.0130483918,-0.0579532981,0.040997941,0.0218610633,-0.0719786361,-0.078592293,0.0176833048,0.044230815,0.0369258039,-0.021454975,-0.0153553272,0.000763068849,-0.0208326671,0.0300579593,0.00421388913,-0.115145184,-0.00394651527,0.0654353052,-0.00340153766,-0.0363570228,-0.0894674882,0.135981277,0.0280871782,0.058577057,-0.00842810143,-0.138370663,-0.00651937397,-0.00663911039,-0.146639824,0.0738161206,-0.0389416777,0.432753325,-0.0340583175,0.137631491,-0.364124447,-0.109577492,0.122063473,0.342401594,-0.39269796,-0.0475859791,0.0266552046,0.174879268,0.0279471278,0.353112042,0.390256524,0.0498231091,0.931311011,0.138565123,0.0105717387,0.0467031896,0.354832232,-0.358695179,-0.00624618866,0.971380413,-0.181118503,-0.0383132473,0.0523304306,-0.146639824,0.0738161206,-0.0389416777,0.432753325,-0.0340583175,0.137631491,-0.364124447,-0.109577492,0.122063473,0.342401594,-0.39269796,-0.0475859791,0.0266552046,0.174879268,0.0279471278,0.353112042,0.390256524,0.0498231091,0.931311011,0.138565123,0.0105717387,0.0467031896,0.354832232,-0.358695179,-0.00624618866,0.971380413,-0.181118503,-0.0383132473,0.0523304306,-0.146639824,0.0738161206,-0.0389416777,0.432753325,-0.0340583175,0.137631491,-0.364124447,-0.109577492,0.122063473,0.342401594,-0.39269796,-0.0475859791,0.0266552046,0.174879268,0.0279471278,0.353112042,0.390256524,0.0498231091,0.931311011,0.138565123,0.0105717387,0.0467031896,0.354832232,-0.358695179,-0.00624618866,0.971380413,-0.181118503,-0.0383132473,0.0523304306
1.84891959,3217569.26,0,0,0.00821505906,7.07432628e-06,1,0.221189111,0.00744116306,1,0.687371254,0.00925800577,0.00272259628,0.726242125,-0.00171825849,0.0331046209,0.0301155858,0,-0,-0,-0.162594348,0.0521809682,-0.0204797015,0.460642099,-0.289349794,0.0262900591,-0.328052729,-0.0289320759,0.0701525733,0.454699457,-0.144003004,0.0268936735,0.024704,-0.000933354779,-0.00208159839,0.327538848,0.196320549,-0.0183067583,0.971166849,0.137348071,0.0307001844,-0.00417271117,0.327248693,-0.31536904,-0.00233282731,0.984377801,-0.174648106,-0.0339983255,0.0555942506,-0.0998906344,-0.0176035408,-0.0577383563,0.0359919332,0.0258998703,-0.0690622479,-0.0845896602,0.00882490538,0.0369409993,0.0413707197,-0.0338700041,-0.0138077661,-0.0006169345,-0.0183392316,0.0256342515,0.00298861647,-0.08661744,-0.00153334427,0.0810222253,-0.00368683087,-0.0366256759,-0.0697563365,0.136915803,0.0208425839,0.0515339449,-0.00774032297,-0.164958015,-0.0196289718,-0.00717158895,-0.145550296,0.0752703398,-0.041268453,0.432622075,-0.0341735631,0.138616592,-0.366260558,-0.108042181,0.121096805,0.344180524,-0.391586542,-0.0482911617,0.0259652827,0.174004093,0.0228229873,0.348491073,0.382815361,0.0499531925,0.930351973,0.13815631,0.00821469724,0.0441305041,0.355653167,-0.359131098,-0.00571672432,0.970943689,-0.184570417,-0.0397986472,0.0519458875,-0.145550296,0.0752703398,-0.041268453,0.432622075,-0.0341735631,0.138616592,-0.366260558,-0.108042181,0.121096805,0.344180524,-0.391586542,-0.0482911617,0.0259652827,0.174004093,0.0228229873,0.348491073,0.382815361,0.0499531925,0.930351973,0.13815631,0.00821469724,0.0441305041,0.355653167,-0.359131098,-0.00571672432,0.970943689,-0.184570417,-0.0397986472,0.0519458875,-0.145550296,0.0752703398,-0.041268453,0.432622075,-0.0341735631,0.138616592,-0.366260558,-0.108042181,0.121096805,0.344180524,-0.391586542,-0.0482911617,0.0259652827,0.174004093,0.0228229873,0.348491073,0.382815361,0.0499531925,0.930351973,0.13815631,0.00821469724,0.0441305041,0.355653167,-0.359131098,-0.00571672432,0.970943689,-0.184570417,-0.0397986472,0.0519458875
1.85893639,3217569.27,0,0,0.0182318571,1.3275072e-05,1,0.221189111,0,1,0.687304378,0.00917859841,0.00279017212,0.7263062,-0.00160862959,0.034109138,0.0305087902,0,-0,-0,-0.163205341,0.0520669036,-0.0208297763,0.46084848,-0.289185047,0.0258771237,-0.328578055,-0.0288958233,0.0703578964,0.454957426,-0.144245863,0.0268154573,0.0246966202,-0.00102882064,-0.00194840052,0.327554435,0.195883512,-0.018309908,0.971695304,0.137325138,0.0304811336,-0.0045421496,0.328075379,-0.315269858,-0.00203848723,0.984332561,-0.175734073,-0.034163285,0.055549711,-0.100528412,-0.0195554886,-0.0581529066,0.0330701061,0.028333161,-0.0689531937,-0.0866299048,0.00491863815,0.0334619544,0.042473007,-0.0415997319,-0.0125720277,-0.00146786263,-0.0148324193,0.0230091698,0.00242414838,-0.0659378469,-0.000110757515,0.0899446681,-0.00389192137,-0.0352555998,-0.0572401881,0.13711454,0.0145764714,0.0475711897,-0.00744069926,-0.183490947,-0.0300593246,-0.00749996165,-0.145550296,0.0752703398,-0.041268453,0.432622075,-0.0341735631,0.138616592,-0.366260558,-0.108042181,0.121096805,0.344180524,-0.391586542,-0.0482911617,0.0259652827,0.174004093,0.0228229873,0.348491073,0.382815361,0.0499531925,0.930351973,0.13815631,0.00821469724,0.0441305041,0.355653167,-0.359131098,-0.00571672432,0.970943689,-0.184570417,-0.0397986472,0.0519458875,-0.145550296,0.0752703398,-0.041268453,0.432622075,-0.0341735631,0.138616592,-0.366260558,-0.108042181,0.121096805,0.344180524,-0.391586542,-0.0482911617,0.0259652827,0.174004093,0.0228229873,0.348491073,0.382815361,0.0499531925,0.930351973,0.13815631,0.00821469724,0.0441305041,0.355653167,-0.359131098,-0.00571672432,0.970943689,-0.184570417,-0.0397986472,0.0519458875,-0.145550296,0.0752703398,-0.041268453,0.432622075,-0.0341735631,0.138616592,-0.366260558,-0.108042181,0.121096805,0.344180524,-0.391586542,-0.0482911617,0.0259652827,0.174004093,0.0228229873,0.348491073,0.382815361,0.0499531925,0.930351973,0.13815631,0.00821469724,0.0441305041,0.355653167,-0.359131098,-0.00571672432,0.970943689,-0.184570417,-0.0397986472,0.0519458875
1.86992048,3217569.28,0,0,0.00925489701,5.57815656e-06,1,0.182333868,0.00924754143,1,0.687141478,0.00903270766,0.00291394815,0.726461649,-0.00116664753,0.0238945577,0.0257777944,0,-0,-0,-0.164591089,0.0517341122,-0.0216996688,0.46125412,-0.288664073,0.0247743353,-0.329761297,-0.0288592093,0.0709050745,0.455519378,-0.14489384,0.0266530979,0.024665229,-0.00119733729,-0.00139292842,0.327588886,0.195310712,-0.0182780027,0.973147571,0.13725999,0.0301214848,-0.00511725852,0.33013311,-0.315134913,-0.00145493215,0.984220743,-0.178368211,-0.0347112752,0.0554275922,-0.0840658993,-0.021536028,-0.0518640466,0.0197775234,0.0356743746,-0.068036966,-0.0747926831,0.000920745195,0.0347044878,0.0361644365,-0.0517615229,-0.00914246496,-0.00245250249,-0.00655569974,0.0322025344,0.00219735317,-0.0160242226,0.00780877285,0.097082004,-0.0040666163,-0.0145270741,-0.0191641916,0.124849521,0.00517884642,0.0239750464,-0.00657423586,-0.171469614,-0.0482040048,-0.0080253901,-0.143813565,0.0774339437,-0.0433415808,0.431814045,-0.0345131606,0.139936358,-0.369039059,-0.10571079,0.119453698,0.346324086,-0.389644563,-0.0491428189,0.0251016021,0.17071788,0.0182643309,0.343992829,0.37356782,0.050029017,0.929807663,0.137550622,0.00649416959,0.0419312492,0.356104404,-0.359324247,-0.00558323041,0.970518827,-0.188051581,-0.0417878181,0.0515156053,-0.143813565,0.0774339437,-0.0433415808,0.431814045,-0.0345131606,0.139936358,-0.369039059,-0.10571079,0.119453698,0.346324086,-0.389644563,-0.0491428189,0.0251016021,0.17071788,0.0182643309,0.343992829,0.37356782,0.050029017,0.929807663,0.137550622,0.00649416959,0.0419312492,0.356104404,-0.359324247,-0.00558323041,0.970518827,-0.188051581,-0.0417878181,0.0515156053,-0.143813565,0.0774339437,-0.0433415808,0.431814045,-0.0345131606,0.139936358,-0.369039059,-0.10571079,0.119453698,0.346324086,-0.389644563,-0.0491428189,0.0251016021,0.17071788,0.0182643309,0.343992829,0.37356782,0.050029017,0.929807663,0.137550622,0.00649416959,0.0419312492,0.356104404,-0.359324247,-0.00558323041,0.970518827,-0.188051581,-0.0417878181,0.0515156053
1.8809437,3217569.29,0,0,0.000249932054,9.27317888e-06,1,0.236695167,0.00914847851,1,0.687060356,0.00894841645,0.00298936875,0.726539075,0.000142290985,0.0187434517,0.0193786547,0,-0,-0,-0.165390477,0.0515114889,-0.0221771784,0.46139285,-0.288279355,0.024116613,-0.330510318,-0.0288576931,0.071276769,0.455888897,-0.145497233,0.0265694447,0.024635369,-0.00123586901,-0.00108478137,0.327611536,0.195235953,-0.0179583561,0.974177897,0.137225315,0.0300246086,-0.0052264696,0.331320822,-0.315098166,-0.00129486737,0.984157622,-0.180146605,-0.0353226364,0.0553433783,-0.0735755786,-0.0227894969,-0.0441711433,0.010142142,0.0400512405,-0.0626809821,-0.0702391341,-0.000290974218,0.0395998992,0.0341649391,-0.0601186194,-0.00754976133,-0.00327736675,-0.0024897689,0.0347226374,0.00231283647,-0.00290862285,0.0515895151,0.105162881,-0.00302427448,-0.00718678907,-0.00675581442,0.112275742,0.00289025903,0.0123831257,-0.00619146088,-0.169161931,-0.0638004839,-0.00857795496,-0.143813565,0.0774339437,-0.0433415808,0.431814045,-0.0345131606,0.139936358,-0.369039059,-0.10571079,0.119453698,0.346324086,-0.389644563,-0.0491428189,0.0251016021,0.17071788,0.0182643309,0.343992829,0.37356782,0.050029017,0.929807663,0.137550622,0.00649416959,0.0419312492,0.356104404,-0.359324247,-0.00558323041,0.970518827,-0.188051581,-0.0417878181,0.0515156053,-0.143096626,0.0793230012,-0.0453360379,0.430345297,-0.0379438549,0.14189662,-0.371881306,-0.103294581,0.11753425,0.347910821,-0.389348477,-0.0496256761,0.0242653601,0.167122036,0.0145394169,0.339963347,0.364419341,0.0503309891,0.929356754,0.136985645,0.00524008879,0.0402129181,0.356913716,-0.359763682,-0.00580861792,0.970409691,-0.191414088,-0.0436276719,0.0511370078,-0.143096626,0.0793230012,-0.0453360379,0.430345297,-0.0379438549,0.14189662,-0.371881306,-0.103294581,0.11753425,0.347910821,-0.389348477,-0.0496256761,0.0242653601,0.167122036,0.0145394169,0.339963347,0.364419341,0.0503309891,0.929356754,0.136985645,0.00524008879,0.0402129181,0.356913716,-0.359763682,-0.00580861792,0.970409691,-0.191414088,-0.0436276719,0.0511370078
1.89191834,3217569.3,0,0,0.0112245698,6.11785799e-06,1,0.236695167,0,1,0.686988711,0.00888071116,0.00306217419,0.726607382,0.00158141472,0.022829894,0.0166467465,0,-0,-0,-0.166229621,0.0512181185,-0.0226590373,0.461474687,-0.287781119,0.0234976038,-0.331329018,-0.0288822204,0.0717716441,0.456273943,-0.146279916,0.0264954958,0.0245569218,-0.00124866725,-0.000673383009,0.327666104,0.195284456,-0.0168737136,0.975485206,0.137194127,0.0299672615,-0.00526146451,0.332534164,-0.315073401,-0.00118186942,0.984086454,-0.182047665,-0.0361216441,0.0552271008,-0.0766188204,-0.0265163369,-0.040388763,0.00534448074,0.0423688404,-0.0416003987,-0.0773315132,-0.00480642077,0.0386812985,0.037769381,-0.0821300223,-0.00567059871,-0.012527178,-0.000278055668,0.0230976567,0.00791121274,0.0053205858,0.126533255,0.114221409,-0.00222562882,-0.00377172558,-0.00114660314,0.0957873091,0.00152301707,0.0079372339,-0.00566352298,-0.178066432,-0.0790592358,-0.011612121,-0.143096626,0.0793230012,-0.0453360379,0.430345297,-0.0379438549,0.14189662,-0.371881306,-0.103294581,0.11753425,0.347910821,-0.389348477,-0.0496256761,0.0242653601,0.167122036,0.0145394169,0.339963347,0.364419341,0.0503309891,0.929356754,0.136985645,0.00524008879,0.0402129181,0.356913716,-0.359763682,-0.00580861792,0.970409691,-0.191414088,-0.0436276719,0.0511370078,-0.143096626,0.0793230012,-0.0453360379,0.430345297,-0.0379438549,0.14189662,-0.371881306,-0.103294581,0.11753425,0.347910821,-0.389348477,-0.0496256761,0.0242653601,0.167122036,0.0145394169,0.339963347,0.364419341,0.0503309891,0.929356754,0.136985645,0.00524008879,0.0402129181,0.356913716,-0.359763682,-0.00580861792,0.970409691,-0.191414088,-0.0436276719,0.0511370078,-0.143096626,0.0793230012,-0.0453360379,0.430345297,-0.0379438549,0.14189662,-0.371881306,-0.103294581,0.11753425,0.347910821,-0.389348477,-0.0496256761,0.0242653601,0.167122036,0.0145394169,0.339963347,0.364419341,0.0503309891,0.929356754,0.136985645,0.00524008879,0.0402129181,0.356913716,-0.359763682,-0.00580861792,0.970409691,-0.191414088,-0.0436276719,0.0511370078
1.90193349,3217569.31,0,0,0.000922859181,7.7849254e-06,1,0.222771894,0.00842487812,1,0.686927915,0.00881037116,0.00314220251,0.726665378,0.00233972375,0.017847525,0.0159610584,0,-0,-0,-0.16698131,0.0509361699,-0.0230558831,0.461512685,-0.287344873,0.0231647082,-0.332083911,-0.0289645325,0.0721264109,0.456629157,-0.147132054,0.0264506266,0.0243915338,-0.00124483637,-0.000447812432,0.32774964,0.195389703,-0.0152776297,0.976657331,0.137169227,0.029941177,-0.00525705609,0.333401293,-0.315060556,-0.00111036166,0.984030187,-0.183798566,-0.0369564146,0.0551096648,-0.0713710636,-0.0289299153,-0.0384428501,0.00283728936,0.0444464236,-0.0287234038,-0.0707759708,-0.0101751257,0.0339899361,0.0316719115,-0.0828385204,-0.00351503026,-0.0175363831,0.000756890804,0.0258102752,0.0078456765,0.0158961881,0.176636353,0.117838234,-0.00282576238,-0.00181120855,0.00142197008,0.079993315,0.00121537002,0.00680475682,-0.00564669911,-0.163592473,-0.0821438953,-0.0111898556,-0.142950118,0.0813204274,-0.0472556837,0.428517044,-0.0433835238,0.143980592,-0.374666691,-0.100465566,0.115578964,0.349491149,-0.389322847,-0.0497489087,0.0235221423,0.163722068,0.011921335,0.336611658,0.355994463,0.0510408469,0.928955674,0.136410981,0.0042089778,0.0390060656,0.357801348,-0.360265046,-0.00628400035,0.970545888,-0.194529355,-0.0453527346,0.0509275533,-0.142950118,0.0813204274,-0.0472556837,0.428517044,-0.0433835238,0.143980592,-0.374666691,-0.100465566,0.115578964,0.349491149,-0.389322847,-0.0497489087,0.0235221423,0.163722068,0.011921335,0.336611658,0.355994463,0.0510408469,0.928955674,0.136410981,0.0042089778,0.0390060656,0.357801348,-0.360265046,-0.00628400035,0.970545888,-0.194529355,-0.0453527346,0.0509275533,-0.142950118,0.0813204274,-0.0472556837,0.428517044,-0.0433835238,0.143980592,-0.374666691,-0.100465566,0.115578964,0.349491149,-0.389322847,-0.0497489087,0.0235221423,0.163722068,0.011921335,0.336611658,0.355994463,0.0510408469,0.928955674,0.136410981,0.0042089778,0.0390060656,0.357801348,-0.360265046,-0.00628400035,0.970545888,-0.194529355,-0.0453527346,0.0509275533
1.91291723,3217569.32,0,0,0.0119066001,5.61075285e-06,1,0.222771894,0,1,0.686872184,0.00875478983,0.00320673385,0.726718426,0.000793264946,0.0215509851,0.0163930207,0,-0,-0,-0.167690232,0.0506458692,-0.0234332159,0.461532623,-0.286895543,0.0229217466,-0.332788974,-0.029088676,0.0724291354,0.456943274,-0.148037687,0.0264276117,0.024205232,-0.00122374401,-0.000204273267,0.327835053,0.195624843,-0.0132749854,0.977838039,0.137137175,0.0299319401,-0.00523056416,0.334122956,-0.315050095,-0.00104681682,0.983974755,-0.185388297,-0.0377897397,0.0549945496,-0.0766472369,-0.029128151,-0.0396263376,0.00180689816,0.0451139435,-0.0218995679,-0.078000024,-0.014129959,0.0255658254,0.0381011516,-0.109639607,-0.00174436276,-0.0222894214,0.00360681466,0.0167607348,0.00991697051,0.024389701,0.225182548,0.120168425,-0.00313622272,-0.000694465998,0.00323162996,0.0685043409,0.000813848223,0.00595892174,-0.00536083197,-0.178961515,-0.0938307419,-0.0129457982,-0.142950118,0.0813204274,-0.0472556837,0.428517044,-0.0433835238,0.143980592,-0.374666691,-0.100465566,0.115578964,0.349491149,-0.389322847,-0.0497489087,0.0235221423,0.163722068,0.011921335,0.336611658,0.355994463,0.0510408469,0.928955674,0.136410981,0.0042089778,0.0390060656,0.357801348,-0.360265046,-0.00628400035,0.970545888,-0.194529355,-0.0453527346,0.0509275533,-0.142950118,0.0813204274,-0.0472556837,0.428517044,-0.0433835238,0.143980592,-0.374666691,-0.100465566,0.115578964,0.349491149,-0.389322847,-0.0497489087,0.0235221423,0.163722068,0.011921335,0.336611658,0.355994463,0.0510408469,0.928955674,0.136410981,0.0042089778,0.0390060656,0.357801348,-0.360265046,-0.00628400035,0.970545888,-0.194529355,-0.0453527346,0.0509275533,-0.142950118,0.0813204274,-0.0472556837,0.428517044,-0.0433835238,0.143980592,-0.374666691,-0.100465566,0.115578964,0.349491149,-0.389322847,-0.0497489087,0.0235221423,0.163722068,0.011921335,0.336611658,0.355994463,0.0510408469,0.928955674,0.136410981,0.0042089778,0.0390060656,0.357801348,-0.360265046,-0.00628400035,0.970545888,-0.194529355,-0.0453527346,0.0509275533
1.92391492,3217569.33,0,0,0.00325587997,4.10992652e-06,1,0.199648086,0.00740945339,1,0.686813056,0.0086748749,0.0032755346,0.726774991,-0.00200907025,0.0183803122,0.0154136028,0,-0,-0,-0.168457508,0.0503672361,-0.0238298904,0.461544514,-0.286439359,0.0227180123,-0.333551407,-0.0292431414,0.0726381317,0.457279861,-0.149153948,0.0264220219,0.0239885375,-0.00116081175,-6.19723505e-05,0.327930599,0.195949271,-0.0108698448,0.979039431,0.137098312,0.0299350508,-0.00516838394,0.334749281,-0.315042913,-0.000990182511,0.98392117,-0.187100887,-0.0387209132,0.0548717566,-0.0738178939,-0.0267531984,-0.0389144048,0.00074910518,0.0460435525,-0.0197018515,-0.0713074356,-0.0159116965,0.0187311526,0.0279148966,-0.107939944,0.000361960847,-0.0196910817,0.00809255987,0.0161622092,0.0084492201,0.0393901914,0.244840264,0.11916212,-0.00447863108,0.00101298268,0.00989502482,0.0580568127,0.000709955755,0.00553831737,-0.00540479226,-0.157077968,-0.0885153785,-0.0113468152,-0.143186539,0.0833281502,-0.0489406958,0.426573604,-0.0497386158,0.145883679,-0.377426445,-0.0975053906,0.113553628,0.351199806,-0.388728857,-0.0495484956,0.0228846446,0.16011098,0.0102139749,0.333985388,0.34858501,0.0519903377,0.928678751,0.135888889,0.00361570111,0.0382818095,0.358638763,-0.360779643,-0.00698676147,0.970834613,-0.197176218,-0.0471344218,0.0508124568,-0.143186539,0.0833281502,-0.0489406958,0.426573604,-0.0497386158,0.145883679,-0.377426445,-0.0975053906,0.113553628,0.351199806,-0.388728857,-0.0495484956,0.0228846446,0.16011098,0.0102139749,0.333985388,0.34858501,0.0519903377,0.928678751,0.135888889,0.00361570111,0.0382818095,0.358638763,-0.360779643,-0.00698676147,0.970834613,-0.197176218,-0.0471344218,0.0508124568,-0.143186539,0.0833281502,-0.0489406958,0.426573604,-0.0497386158,0.145883679,-0.377426445,-0.0975053906,0.113553628,0.351199806,-0.388728857,-0.0495484956,0.0228846446,0.16011098,0.0102139749,0.333985388,0.34858501,0.0519903377,0.928678751,0.135888889,0.00361570111,0.0382818095,0.358638763,-0.360779643,-0.00698676147,0.970834613,-0.197176218,-0.0471344218,0.0508124568
1.93392443,3217569.34,0,0,0.0132653844,7.13439658e-06,1,0.199648086,0,1,0.686762571,0.00859222747,0.00332614034,0.726823449,-0.00520185195,0.0213137213,0.0129729751,0,-0,-0,-0.169207796,0.0501201041,-0.0242124088,0.461549342,-0.2859855,0.0225328524,-0.334287047,-0.0293980334,0.0727969483,0.457578063,-0.1503575,0.0264360122,0.0238080304,-0.00105532841,7.04537524e-05,0.328021884,0.196402445,-0.00830926187,0.980205536,0.13704887,0.0299532879,-0.00496408204,0.335272074,-0.315037251,-0.000939584977,0.983869493,-0.188705951,-0.0396617763,0.0547649227,-0.0778599679,-0.0234217048,-0.0380758345,0.000394174393,0.0449727103,-0.0178122707,-0.0777235031,-0.0151377944,0.0139724417,0.0329834558,-0.131648302,0.002039477,-0.0176831745,0.01195441,0.00902848598,0.010314771,0.0478553697,0.265468925,0.114842936,-0.00519143417,0.00231177034,0.0285274312,0.0489082374,0.000465131452,0.00471736211,-0.0049877069,-0.168814048,-0.100966938,-0.0102772433,-0.143186539,0.0833281502,-0.0489406958,0.426573604,-0.0497386158,0.145883679,-0.377426445,-0.0975053906,0.113553628,0.351199806,-0.388728857,-0.0495484956,0.0228846446,0.16011098,0.0102139749,0.333985388,0.34858501,0.0519903377,0.928678751,0.135888889,0.00361570111,0.0382818095,0.358638763,-0.360779643,-0.00698676147,0.970834613,-0.197176218,-0.0471344218,0.0508124568,-0.143186539,0.0833281502,-0.0489406958,0.426573604,-0.0497386158,0.145883679,-0.377426445,-0.0975053906,0.113553628,0.351199806,-0.388728857,-0.0495484956,0.0228846446,0.16011098,0.0102139749,0.333985388,0.34858501,0.0519903377,0.928678751,0.135888889,0.00361570111,0.0382818095,0.358638763,-0.360779643,-0.00698676147,0.970834613,-0.197176218,-0.0471344218,0.0508124568,-0.143186539,0.0833281502,-0.0489406958,0.426573604,-0.0497386158,0.145883679,-0.377426445,-0.0975053906,0.113553628,0.351199806,-0.388728857,-0.0495484956,0.0228846446,0.16011098,0.0102139749,0.333985388,0.34858501,0.0519903377,0.928678751,0.135888889,0.00361570111,0.0382818095,0.358638763,-0.360779643,-0.00698676147,0.970834613,-0.197176218,-0.0471344218,0.0508124568
1.94494639,3217569.35,0,0,0.00432590628,2.39312649e-05,1,0.164228957,0.00710485876,1,0.686710417,0.00846507214,0.00337720895,0.726873934,-0.00834785029,0.0130137065,0.00798911788,0,-0,-0,-0.170255065,0.0498290285,-0.0247109365,0.461548299,-0.285343498,0.0222892333,-0.335288584,-0.0296003316,0.072970517,0.457899332,-0.152102515,0.0264888164,0.023631759,-0.000854926882,0.000201776653,0.328179032,0.197255626,-0.00469297497,0.981719017,0.136962071,0.0300027207,-0.00429739617,0.33584252,-0.3150298,-0.000876582228,0.983799636,-0.190688521,-0.0409327075,0.0546309315,-0.0692020133,-0.0189406127,-0.0332870148,-0.000428251835,0.04684937,-0.0172102675,-0.0630641654,-0.0139950644,0.0117701953,0.0139757004,-0.116834246,0.0051619783,-0.00817663502,0.0159102604,0.0137115242,0.0117476443,0.0733058527,0.245298654,0.101115666,-0.00695877383,0.00446153386,0.0616333671,0.0332576409,0.000603891443,0.00442125509,-0.00503261667,-0.113251388,-0.0772388056,-0.00916860253,-0.14400956,0.0853099599,-0.0504202768,0.424201399,-0.0568434745,0.147644415,-0.379784644,-0.0945602506,0.11150685,0.352948308,-0.387992859,-0.0490189195,0.0222001541,0.156754822,0.0092583783,0.331672966,0.342190325,0.0531283766,0.928459108,0.135513321,0.00334340194,0.0379403867,0.359523743,-0.361388624,-0.0079083927,0.971256733,-0.199294135,-0.0488209799,0.0508675724,-0.14400956,0.0853099599,-0.0504202768,0.424201399,-0.0568434745,0.147644415,-0.379784644,-0.0945602506,0.11150685,0.352948308,-0.387992859,-0.0490189195,0.0222001541,0.156754822,0.0092583783,0.331672966,0.342190325,0.0531283766,0.928459108,0.135513321,0.00334340194,0.0379403867,0.359523743,-0.361388624,-0.0079083927,0.971256733,-0.199294135,-0.0488209799,0.0508675724,-0.14400956,0.0853099599,-0.0504202768,0.424201399,-0.0568434745,0.147644415,-0.379784644,-0.0945602506,0.11150685,0.352948308,-0.387992859,-0.0490189195,0.0222001541,0.156754822,0.0092583783,0.331672966,0.342190325,0.0531283766,0.928459108,0.135513321,0.00334340194,0.0379403867,0.359523743,-0.361388624,-0.0079083927,0.971256733,-0.199294135,-0.0488209799,0.0508675724
1.95593662,3217569.36,0,0,0.0153161329,1.05649233e-05,1,0.164228957,0,1,0.686689794,0.00839192234,0.0033922852,0.7268942,-0.0105156181,0.0168668013,0.00656552613,0,-0,-0,-0.170839205,0.049689725,-0.0249784626,0.461544186,-0.284975529,0.0221580118,-0.335843265,-0.0297025777,0.0730550513,0.458061725,-0.153174877,0.0265375078,0.0235574245,-0.000718973519,0.000272442558,0.328298986,0.197861552,-0.00267137494,0.98247993,0.13690801,0.0300468169,-0.00371527858,0.336069018,-0.315026581,-0.000846420298,0.983762503,-0.191697165,-0.0416344218,0.054560069,-0.0743578821,-0.0165755618,-0.0332531333,-0.000593819655,0.0459233932,-0.0161067545,-0.0713128746,-0.0122144418,0.010030441,0.0218050368,-0.140167877,0.0066515971,-0.00939301588,0.0175314974,0.00684113707,0.0165703949,0.0781130195,0.254555315,0.0909702256,-0.00677004643,0.00692978688,0.079067789,0.0253614448,0.000332452153,0.00349131855,-0.00449801469,-0.129446477,-0.0913796276,-0.00869566388,-0.14400956,0.0853099599,-0.0504202768,0.424201399,-0.0568434745,0.147644415,-0.379784644,-0.0945602506,0.11150685,0.352948308,-0.387992859,-0.0490189195,0.0222001541,0.156754822,0.0092583783,0.331672966,0.342190325,0.0531283766,0.928459108,0.135513321,0.00334340194,0.0379403867,0.359523743,-0.361388624,-0.0079083927,0.971256733,-0.199294135,-0.0488209799,0.0508675724,-0.14400956,0.0853099599,-0.0504202768,0.424201399,-0.0568434745,0.147644415,-0.379784644,-0.0945602506,0.11150685,0.352948308,-0.387992859,-0.0490189195,0.0222001541,0.156754822,0.0092583783,0.331672966,0.342190325,0.0531283766,0.928459108,0.135513321,0.00334340194,0.0379403867,0.359523743,-0.361388624,-0.0079083927,0.971256733,-0.199294135,-0.0488209799,0.0508675724,-0.14400956,0.0853099599,-0.0504202768,0.424201399,-0.0568434745,0.147644415,-0.379784644,-0.0945602506,0.11150685,0.352948308,-0.387992859,-0.0490189195,0.0222001541,0.156754822,0.0092583783,0.331672966,0.342190325,0.0531283766,0.928459108,0.135513321,0.00334340194,0.0379403867,0.359523743,-0.361388624,-0.0079083927,0.971256733,-0.199294135,-0.0488209799,0.0508675724
1.96691805,3217569.37,0,0,0.00626442721,4.72692773e-06,1,0.169029925,0.00672657788,1,0.686665297,0.00825817697,0.00340447109,0.726918817,-0.0126019679,0.0134228682,0.00370585592,0,-0,-0,-0.171861589,0.049482476,-0.0254230052,0.461530447,-0.284314662,0.0219367649,-0.336787343,-0.0298635419,0.073185809,0.458262026,-0.155064359,0.0266525578,0.0234626103,-0.000457863644,0.00035326049,0.32856226,0.1991207,0.000738874194,0.983565927,0.136806533,0.0302559286,-0.0024154787,0.336315602,-0.315022141,-0.000802431547,0.983699977,-0.193244725,-0.0428067334,0.0544432625,-0.0716112182,-0.0137433372,-0.0307099447,-0.0013531755,0.04779182,-0.0153105017,-0.0651132539,-0.0111118238,0.00886769127,0.0110140014,-0.133840889,0.00941342395,-0.00552415522,0.0191799011,0.00582840806,0.0203802492,0.0981508568,0.236335605,0.0672286451,-0.00746131083,0.021019334,0.102195658,0.0113577256,0.000260944507,0.00272662449,-0.00436612358,-0.0991142616,-0.0794630274,-0.00801454112,-0.145122647,0.0870724618,-0.0515788756,0.421760798,-0.0635700524,0.149291784,-0.381520689,-0.0918562114,0.109715179,0.35466817,-0.386358947,-0.0482391231,0.0216976441,0.153796047,0.00909621827,0.330122709,0.336916327,0.0542796291,0.928384423,0.135145456,0.00329719624,0.0380622037,0.360330611,-0.361970842,-0.00899172761,0.971723318,-0.200853974,-0.0502461791,0.0510376729,-0.145122647,0.0870724618,-0.0515788756,0.421760798,-0.0635700524,0.149291784,-0.381520689,-0.0918562114,0.109715179,0.35466817,-0.386358947,-0.0482391231,0.0216976441,0.153796047,0.00909621827,0.330122709,0.336916327,0.0542796291,0.928384423,0.135145456,0.00329719624,0.0380622037,0.360330611,-0.361970842,-0.00899172761,0.971723318,-0.200853974,-0.0502461791,0.0510376729,-0.145122647,0.0870724618,-0.0515788756,0.421760798,-0.0635700524,0.149291784,-0.381520689,-0.0918562114,0.109715179,0.35466817,-0.386358947,-0.0482391231,0.0216976441,0.153796047,0.00909621827,0.330122709,0.336916327,0.0542796291,0.928384423,0.135145456,0.00329719624,0.0380622037,0.360330611,-0.361970842,-0.00899172761,0.971723318,-0.200853974,-0.0502461791,0.0510376729
1.97694054,3217569.38,0,0,0.016286918,1.24210492e-05,1,0.169029925,0,1,0.686655402,0.00816360582,0.00340215908,0.726929247,-0.0136260251,0.012776834,0.00261855242,0,-0,-0,-0.172583029,0.0493545085,-0.0257244203,0.461512834,-0.28383702,0.0217904523,-0.33744663,-0.0299698785,0.073268503,0.458368242,-0.156426877,0.0267581455,0.0234137531,-0.000263590162,0.000396368821,0.328772217,0.200143814,0.00311219599,0.984155238,0.136732429,0.030514745,-0.00131001452,0.336389929,-0.315020919,-0.000781995128,0.983657181,-0.194265753,-0.0436639562,0.0543670729,-0.0717931613,-0.0124595249,-0.0299223065,-0.00198939512,0.0482939221,-0.0143940989,-0.064807184,-0.0106202606,0.00790587906,0.00847499166,-0.134523615,0.01130265,-0.00420642598,0.0195265282,0.00382831437,0.0209183414,0.106547423,0.234202608,0.0537777767,-0.00753606111,0.0290434267,0.115049027,0.00551841781,7.639244e-05,0.00174893695,-0.00442054123,-0.0972512662,-0.0855281949,-0.00741236797,-0.145122647,0.0870724618,-0.0515788756,0.421760798,-0.0635700524,0.149291784,-0.381520689,-0.0918562114,0.109715179,0.35466817,-0.386358947,-0.0482391231,0.0216976441,0.153796047,0.00909621827,0.330122709,0.336916327,0.0542796291,0.928384423,0.135145456,0.00329719624,0.0380622037,0.360330611,-0.361970842,-0.00899172761,0.971723318,-0.200853974,-0.0502461791,0.0510376729,-0.145122647,0.0870724618,-0.0515788756,0.421760798,-0.0635700524,0.149291784,-0.381520689,-0.0918562114,0.109715179,0.35466817,-0.386358947,-0.0482391231,0.0216976441,0.153796047,0.00909621827,0.330122709,0.336916327,0.0542796291,0.928384423,0.135145456,0.00329719624,0.0380622037,0.360330611,-0.361970842,-0.00899172761,0.971723318,-0.200853974,-0.0502461791,0.0510376729,-0.145122647,0.0870724618,-0.0515788756,0.421760798,-0.0635700524,0.149291784,-0.381520689,-0.0918562114,0.109715179,0.35466817,-0.386358947,-0.0482391231,0.0216976441,0.153796047,0.00909621827,0.330122709,0.336916327,0.0542796291,0.928384423,0.135145456,0.00329719624,0.0380622037,0.360330611,-0.361970842,-0.00899172761,0.971723318,-0.200853974,-0.0502461791,0.0510376729
1.98792073,3217569.4,0,0,0.00726502622,6.65523112e-06,1,0.170898158,0.0072171092,1,0.686645329,0.00807578303,0.00339038344,0.726939797,-0.0142830759,0.0108421352,0.00282432791,0,-0,-0,-0.173289582,0.0492298827,-0.0260231327,0.46148929,-0.28334409,0.0216491017,-0.338075638,-0.0300795287,0.0733430237,0.458436251,-0.157766774,0.0268820301,0.0233795065,-6.95136259e-05,0.000431751803,0.328976542,0.201284379,0.00537172845,0.984622538,0.136654943,0.0308454111,-0.000112458292,0.336429,-0.315020621,-0.000768409867,0.983610272,-0.195117339,-0.0444795899,0.0542956442,-0.0705821812,-0.0118979812,-0.0300019942,-0.00274345861,0.0490350872,-0.0138162524,-0.0632282346,-0.0105028367,0.00705187861,0.00758832693,-0.137388438,0.0131208245,-0.00318865408,0.0195986219,0.00294090575,0.0200005677,0.116324075,0.225670859,0.0422002077,-0.00766818179,0.0358944908,0.124140449,0.00318759703,-5.59427135e-05,0.000830955512,-0.00460778829,-0.0847014561,-0.0849762261,-0.00690224813,-0.14674595,0.0889377445,-0.0526682511,0.418940961,-0.0707871616,0.150778472,-0.382728428,-0.0890752673,0.107896358,0.356433481,-0.385090768,-0.047387097,0.0213518664,0.150900304,0.00931471027,0.329277873,0.332383603,0.0553470887,0.928487539,0.134840623,0.00359452283,0.0385360569,0.361000478,-0.362428188,-0.0101173799,0.972320318,-0.201971948,-0.0515026823,0.0511673391,-0.14674595,0.0889377445,-0.0526682511,0.418940961,-0.0707871616,0.150778472,-0.382728428,-0.0890752673,0.107896358,0.356433481,-0.385090768,-0.047387097,0.0213518664,0.150900304,0.00931471027,0.329277873,0.332383603,0.0553470887,0.928487539,0.134840623,0.00359452283,0.0385360569,0.361000478,-0.362428188,-0.0101173799,0.972320318,-0.201971948,-0.0515026823,0.0511673391,-0.14674595,0.0889377445,-0.0526682511,0.418940961,-0.0707871616,0.150778472,-0.382728428,-0.0890752673,0.107896358,0.356433481,-0.385090768,-0.047387097,0.0213518664,0.150900304,0.00931471027,0.329277873,0.332383603,0.0553470887,0.928487539,0.134840623,0.00359452283,0.0385360569,0.361000478,-0.362428188,-0.0101173799,0.972320318,-0.201971948,-0.0515026823,0.0511673391
1.99796265,3217569.41,0,0,0.017306949,8.28690827e-06,1,0.170898158,0,1,0.686634779,0.00798954722,0.00336968922,0.726950824,-0.0148598682,0.0085670948,0.00324929506,0,-0,-0,-0.173988223,0.0491168723,-0.0263251048,0.461457044,-0.282849431,0.0215129443,-0.33869499,-0.0301804803,0.0734087154,0.458498478,-0.159145758,0.027022792,0.0233507864,0.000126970961,0.000458014838,0.329163164,0.202485368,0.00760511216,0.984990716,0.136577412,0.0312351156,0.00117875566,0.336454719,-0.315021843,-0.000765610428,0.983564198,-0.195919782,-0.0453358665,0.0542295985,-0.0689763874,-0.0113112815,-0.030184377,-0.00348651246,0.0502240323,-0.0135491313,-0.0605258085,-0.0102721984,0.006356759,0.00506828073,-0.137130395,0.0146665685,-0.00258553424,0.0193732381,0.00267304899,0.0176841877,0.123864792,0.218993261,0.0336294062,-0.00791500974,0.0404009186,0.131122515,0.00222334778,-0.00013541813,4.87709331e-05,-0.00470952969,-0.073209472,-0.082136102,-0.00643899012,-0.14674595,0.0889377445,-0.0526682511,0.418940961,-0.0707871616,0.150778472,-0.382728428,-0.0890752673,0.107896358,0.356433481,-0.385090768,-0.047387097,0.0213518664,0.150900304,0.00931471027,0.329277873,0.332383603,0.0553470887,0.928487539,0.134840623,0.00359452283,0.0385360569,0.361000478,-0.362428188,-0.0101173799,0.972320318,-0.201971948,-0.0515026823,0.0511673391,-0.14674595,0.0889377445,-0.0526682511,0.418940961,-0.0707871616,0.150778472,-0.382728428,-0.0890752673,0.107896358,0.356433481,-0.385090768,-0.047387097,0.0213518664,0.150900304,0.00931471027,0.329277873,0.332383603,0.0553470887,0.928487539,0.134840623,0.00359452283,0.0385360569,0.361000478,-0.362428188,-0.0101173799,0.972320318,-0.201971948,-0.0515026823,0.0511673391,-0.14674595,0.0889377445,-0.0526682511,0.418940961,-0.0707871616,0.150778472,-0.382728428,-0.0890752673,0.107896358,0.356433481,-0.385090768,-0.047387097,0.0213518664,0.150900304,0.00931471027,0.329277873,0.332383603,0.0553470887,0.928487539,0.134840623,0.00359452283,0.0385360569,0.361000478,-0.362428188,-0.0101173799,0.972320318,-0.201971948,-0.0515026823,0.0511673391
2.00891746,3217569.42,0,0,0.00828023907,5.8109872e-06,1,0.181618147,0.00745836645,1,0.686619759,0.00790376589,0.00333054271,0.726966143,-0.0152498428,0.00484901853,0.00345120626,0,-0,-0,-0.174788252,0.0489766859,-0.0266835522,0.461410493,-0.282229304,0.0213509798,-0.339386016,-0.0303120352,0.0734828264,0.458542466,-0.16077897,0.0272104423,0.0233260375,0.00035208615,0.000493243511,0.329357237,0.204070374,0.0100868214,0.985335529,0.136479154,0.0317345895,0.00275462214,0.336476743,-0.315024078,-0.000768974482,0.983506501,-0.196624786,-0.0461913347,0.0541553088,-0.0656935796,-0.0107904105,-0.0298879072,-0.00430220598,0.0515174046,-0.0134987822,-0.0566742904,-0.0101695452,0.00589159783,0.00372418994,-0.139351249,0.0164045841,-0.00185901474,0.0191694293,0.00257465639,0.0153873088,0.134960145,0.202584535,0.0243677292,-0.00814204942,0.0438901968,0.133550137,0.0016929257,-0.000300090149,-0.000816334446,-0.00451755011,-0.0554197989,-0.0696119294,-0.00595227629,-0.148786813,0.0908207223,-0.0536902472,0.415920258,-0.078245528,0.152048305,-0.383505285,-0.0863357633,0.106111601,0.358208001,-0.384316474,-0.0464869216,0.0212718621,0.148627788,0.0098878555,0.329178482,0.328519821,0.0562304445,0.928696513,0.134603694,0.00423059193,0.0392661914,0.361271739,-0.362805963,-0.011187234,0.972981215,-0.202765688,-0.0525656193,0.0512901209,-0.148786813,0.0908207223,-0.0536902472,0.415920258,-0.078245528,0.152048305,-0.383505285,-0.0863357633,0.106111601,0.358208001,-0.384316474,-0.0464869216,0.0212718621,0.148627788,0.0098878555,0.329178482,0.328519821,0.0562304445,0.928696513,0.134603694,0.00423059193,0.0392661914,0.361271739,-0.362805963,-0.011187234,0.972981215,-0.202765688,-0.0525656193,0.0512901209,-0.148786813,0.0908207223,-0.0536902472,0.415920258,-0.078245528,0.152048305,-0.383505285,-0.0863357633,0.106111601,0.358208001,-0.384316474,-0.0464869216,0.0212718621,0.148627788,0.0098878555,0.329178482,0.328519821,0.0562304445,0.928696513,0.134603694,0.00423059193,0.0392661914,0.361271739,-0.362805963,-0.011187234,0.972981215,-0.202765688,-0.0525656193,0.0512901209
2.01991796,3217569.43,0,0,0.0192807373,4.75300476e-06,1,0.181618147,0,1,0.686609864,0.00783711113,0.00328409509,0.726976395,-0.0159287322,0.00206686324,0.0025242148,0,-0,-0,-0.175428912,0.0488797277,-0.0269771572,0.461360186,-0.281712204,0.021214949,-0.339939237,-0.0304052327,0.0735398754,0.458577603,-0.162203103,0.0273814816,0.0233103111,0.000546054565,0.000517436594,0.329501957,0.205446109,0.0120661128,0.985533416,0.136397481,0.0321916938,0.00410853699,0.336492389,-0.315027982,-0.000782269402,0.983464003,-0.197150454,-0.0468676686,0.0540984496,-0.0627046227,-0.00942731276,-0.0288547091,-0.00554547412,0.0523754172,-0.0136840399,-0.054078944,-0.00927413628,0.00566337537,0.00312025286,-0.143236548,0.0175398663,-0.00135523884,0.0191562045,0.0024844273,0.0137724029,0.140131921,0.193285152,0.0173404403,-0.00825040508,0.0460395925,0.13542974,0.0014704786,-0.000416949741,-0.00154691306,-0.0041774977,-0.0483838804,-0.0639760792,-0.00554357562,-0.148786813,0.0908207223,-0.0536902472,0.415920258,-0.078245528,0.152048305,-0.383505285,-0.0863357633,0.106111601,0.358208001,-0.384316474,-0.0464869216,0.0212718621,0.148627788,0.0098878555,0.329178482,0.328519821,0.0562304445,0.928696513,0.134603694,0.00423059193,0.0392661914,0.361271739,-0.362805963,-0.011187234,0.972981215,-0.202765688,-0.0525656193,0.0512901209,-0.148786813,0.0908207223,-0.0536902472,0.415920258,-0.078245528,0.152048305,-0.383505285,-0.0863357633,0.106111601,0.358208001,-0.384316474,-0.0464869216,0.0212718621,0.148627788,0.0098878555,0.329178482,0.328519821,0.0562304445,0.928696513,0.134603694,0.00423059193,0.0392661914,0.361271739,-0.362805963,-0.011187234,0.972981215,-0.202765688,-0.0525656193,0.0512901209,-0.148786813,0.0908207223,-0.0536902472,0.415920258,-0.078245528,0.152048305,-0.383505285,-0.0863357633,0.106111601,0.358208001,-0.384316474,-0.0464869216,0.0212718621,0.148627788,0.0098878555,0.329178482,0.328519821,0.0562304445,0.928696513,0.134603694,0.00423059193,0.0392661914,0.361271739,-0.362805963,-0.011187234,0.972981215,-0.202765688,-0.0525656193,0.0512901209
2.030916,3217569.44,0,0,0.0103034228,4.38187271e-06,1,0.195827335,0.00782567263,1,0.686603725,0.00777348178,0.0032130375,0.72698319,-0.0168126225,-0.00147108955,0.000560272718,0,-0,-0,-0.176143214,0.0487724878,-0.0273087155,0.46127528,-0.281072885,0.0210481957,-0.340559036,-0.0305169672,0.0736067444,0.458607942,-0.163936347,0.0276002232,0.0232992209,0.000771893247,0.000548175653,0.329653949,0.207182497,0.0142611722,0.985699892,0.136297151,0.0327435769,0.00571558299,0.336508453,-0.315033853,-0.00080592907,0.983416617,-0.197629839,-0.0475427657,0.0540350117,-0.0575986505,-0.00738300616,-0.0270100143,-0.0088024335,0.0529969186,-0.0142738214,-0.0508238785,-0.00806331541,0.00527044944,0.00288570859,-0.149585798,0.0188051015,-0.00067047315,0.0194882955,0.0021316316,0.0119169131,0.145094007,0.178710163,0.0105721066,-0.00827450491,0.0482330434,0.13597174,0.00128921692,-0.000582552981,-0.0025257708,-0.00349747809,-0.0377375968,-0.0558238551,-0.00504677836,-0.15131548,0.0926497951,-0.0546947233,0.412752271,-0.0860712007,0.153126791,-0.383838087,-0.0837204754,0.1043275,0.359978229,-0.383847296,-0.0455429815,0.0213896632,0.147008598,0.0108044893,0.329636216,0.325372577,0.0569057725,0.928955257,0.134447977,0.00526198233,0.0402004123,0.361148357,-0.363076746,-0.0121803461,0.973608911,-0.203196645,-0.0534116216,0.0513988733,-0.15131548,0.0926497951,-0.0546947233,0.412752271,-0.0860712007,0.153126791,-0.383838087,-0.0837204754,0.1043275,0.359978229,-0.383847296,-0.0455429815,0.0213896632,0.147008598,0.0108044893,0.329636216,0.325372577,0.0569057725,0.928955257,0.134447977,0.00526198233,0.0402004123,0.361148357,-0.363076746,-0.0121803461,0.973608911,-0.203196645,-0.0534116216,0.0513988733,-0.15131548,0.0926497951,-0.0546947233,0.412752271,-0.0860712007,0.153126791,-0.383838087,-0.0837204754,0.1043275,0.359978229,-0.383847296,-0.0455429815,0.0213896632,0.147008598,0.0108044893,0.329636216,0.325372577,0.0569057725,0.928955257,0.134447977,0.00526198233,0.0402004123,0.361148357,-0.363076746,-0.0121803461,0.973608911,-0.203196645,-0.0534116216,0.0513988733
2.04091808,3217569.45,0,0,0.000247488264,5.41424379e-06,1,0.204917043,0.00828626007,1,0.686606944,0.00772676105,0.00314003252,0.726980984,-0.0168195311,-0.00464087119,-0.00148930436,0,-0,-0,-0.176692769,0.0487077832,-0.0275665317,0.461170226,-0.280534714,0.0209029745,-0.341050148,-0.0305935908,0.073658064,0.458631992,-0.16545549,0.0277928468,0.0232956652,0.000965800369,0.000569157302,0.329761237,0.20864813,0.0159783717,0.985783696,0.136214003,0.0332280733,0.00707133068,0.336520404,-0.315040052,-0.00083478773,0.983383954,-0.197957978,-0.0480599217,0.0539866574,-0.0530644506,-0.00628357753,-0.0248094723,-0.011416316,0.0546632819,-0.0145909246,-0.0476957709,-0.0078638494,0.00512210745,0.0018303931,-0.151893258,0.0195123907,-0.000145137601,0.019001361,0.00222467864,0.00995357335,0.148259833,0.165950537,0.00741708558,-0.00837915391,0.0475935042,0.13376376,0.00112307968,-0.000630886527,-0.0030375619,-0.00320797134,-0.0286601055,-0.0473409332,-0.00471951626,-0.15131548,0.0926497951,-0.0546947233,0.412752271,-0.0860712007,0.153126791,-0.383838087,-0.0837204754,0.1043275,0.359978229,-0.383847296,-0.0455429815,0.0213896632,0.147008598,0.0108044893,0.329636216,0.325372577,0.0569057725,0.928955257,0.134447977,0.00526198233,0.0402004123,0.361148357,-0.363076746,-0.0121803461,0.973608911,-0.203196645,-0.0534116216,0.0513988733,-0.154406369,0.0944646746,-0.0557537079,0.409331918,-0.0943574607,0.154108867,-0.383576155,-0.0813196748,0.102596313,0.361785412,-0.383793771,-0.0445413701,0.0215942767,0.145953208,0.0120715424,0.330401987,0.322969019,0.0573775321,0.929248691,0.134391442,0.00659061922,0.0412524678,0.360795259,-0.363323689,-0.0130683305,0.974248648,-0.20333162,-0.0539987162,0.0515088513,-0.154406369,0.0944646746,-0.0557537079,0.409331918,-0.0943574607,0.154108867,-0.383576155,-0.0813196748,0.102596313,0.361785412,-0.383793771,-0.0445413701,0.0215942767,0.145953208,0.0120715424,0.330401987,0.322969019,0.0573775321,0.929248691,0.134391442,0.00659061922,0.0412524678,0.360795259,-0.363323689,-0.0130683305,0.974248648,-0.20333162,-0.0539987162,0.0515088513
2.05191676,3217569.46,0,0,0.0112461681,5.50178811e-06,1,0.204917043,0,1,0.686617076,0.00769101828,0.00305567263,0.726972103,-0.0182406232,-0.00708231516,-0.00325665693,0,-0,-0,-0.177197218,0.0486539975,-0.0278064832,0.461039841,-0.27998367,0.0207552817,-0.34150967,-0.030667875,0.0737061203,0.458648086,-0.167007461,0.0279973391,0.0232966263,0.00115865585,0.000590049138,0.329843819,0.210142002,0.01755183,0.985849202,0.136130482,0.0337024704,0.00839309208,0.336531132,-0.315047115,-0.000869119831,0.983355224,-0.198203623,-0.0484840609,0.0539415479,-0.0489949696,-0.00394069823,-0.0240646303,-0.0146368258,0.0547606759,-0.0150349997,-0.0453114882,-0.00617033755,0.0043079704,0.0020419897,-0.161303401,0.0214712471,0.000212761792,0.0203137137,0.00167636655,0.00656790612,0.148217469,0.153021529,0.00597566972,-0.00823573582,0.0493412018,0.13402696,0.001071673,-0.000782312069,-0.00386301638,-0.00243080757,-0.022725245,-0.0418452211,-0.00432512723,-0.154406369,0.0944646746,-0.0557537079,0.409331918,-0.0943574607,0.154108867,-0.383576155,-0.0813196748,0.102596313,0.361785412,-0.383793771,-0.0445413701,0.0215942767,0.145953208,0.0120715424,0.330401987,0.322969019,0.0573775321,0.929248691,0.134391442,0.00659061922,0.0412524678,0.360795259,-0.363323689,-0.0130683305,0.974248648,-0.20333162,-0.0539987162,0.0515088513,-0.154406369,0.0944646746,-0.0557537079,0.409331918,-0.0943574607,0.154108867,-0.383576155,-0.0813196748,0.102596313,0.361785412,-0.383793771,-0.0445413701,0.0215942767,0.145953208,0.0120715424,0.330401987,0.322969019,0.0573775321,0.929248691,0.134391442,0.00659061922,0.0412524678,0.360795259,-0.363323689,-0.0130683305,0.974248648,-0.20333162,-0.0539987162,0.0515088513,-0.154406369,0.0944646746,-0.0557537079,0.409331918,-0.0943574607,0.154108867,-0.383576155,-0.0813196748,0.102596313,0.361785412,-0.383793771,-0.0445413701,0.0215942767,0.145953208,0.0120715424,0.330401987,0.322969019,0.0573775321,0.929248691,0.134391442,0.00659061922,0.0412524678,0.360795259,-0.363323689,-0.0130683305,0.974248648,-0.20333162,-0.0539987162,0.0515088513
2.06193848,3217569.47,0,0,0.00126986019,1.37970783e-05,1,0.185456593,0.00795675069,1,0.686634123,0.00765763596,0.00295841275,0.726956785,-0.0188110489,-0.00957168452,-0.00531532336,0,-0,-0,-0.177664503,0.0486261323,-0.0280388892,0.460877419,-0.279428482,0.0206029378,-0.341947526,-0.0307225008,0.0737460479,0.458664268,-0.168657914,0.0282184482,0.0233006291,0.00136514532,0.000605444773,0.329890579,0.211618617,0.019007761,0.985904455,0.136048615,0.0341981389,0.00972353388,0.336541057,-0.315055251,-0.00091092888,0.983333647,-0.198415861,-0.0488661379,0.0539001897,-0.0452586226,-0.00228096428,-0.0224914961,-0.0171038359,0.0564071275,-0.0153505094,-0.0427188426,-0.00529001839,0.00390782859,0.00124256569,-0.16685994,0.0225545932,0.000490842329,0.0205731485,0.00150036835,0.00377613958,0.14756681,0.140495479,0.00529052084,-0.00817943551,0.0487535298,0.131475717,0.000925915607,-0.00082149863,-0.0043169274,-0.00206385786,-0.020490421,-0.0352048054,-0.00404047919,-0.157921523,0.0961048454,-0.0568089373,0.405930549,-0.102314211,0.155044273,-0.382676125,-0.0793388411,0.10103485,0.363637805,-0.383529484,-0.043491181,0.0219661761,0.145621687,0.0135944486,0.33160302,0.32158497,0.0577198416,0.929579914,0.134335279,0.00812633149,0.0424350239,0.360269725,-0.36351949,-0.0138447061,0.974902034,-0.203219742,-0.0542958081,0.0516270101,-0.157921523,0.0961048454,-0.0568089373,0.405930549,-0.102314211,0.155044273,-0.382676125,-0.0793388411,0.10103485,0.363637805,-0.383529484,-0.043491181,0.0219661761,0.145621687,0.0135944486,0.33160302,0.32158497,0.0577198416,0.929579914,0.134335279,0.00812633149,0.0424350239,0.360269725,-0.36351949,-0.0138447061,0.974902034,-0.203219742,-0.0542958081,0.0516270101,-0.157921523,0.0961048454,-0.0568089373,0.405930549,-0.102314211,0.155044273,-0.382676125,-0.0793388411,0.10103485,0.363637805,-0.383529484,-0.043491181,0.0219661761,0.145621687,0.0135944486,0.33160302,0.32158497,0.0577198416,0.929579914,0.134335279,0.00812633149,0.0424350239,0.360269725,-0.36351949,-0.0138447061,0.974902034,-0.203219742,-0.0542958081,0.0516270101
2.07293986,3217569.48,0,0,0.0122712422,7.44638965e-06,1,0.185456593,0,1,0.686658859,0.00763352914,0.00285265804,0.726934075,-0.0189697184,-0.0116258943,-0.00722073158,0,-0,-0,-0.178093567,0.0486072265,-0.0282552242,0.460691601,-0.278859794,0.0204510763,-0.342360258,-0.0307765957,0.0737815946,0.458671361,-0.17033276,0.0284518655,0.0233068969,0.00156865048,0.000618742139,0.329920799,0.213091016,0.0203233901,0.985952258,0.135967046,0.0346699394,0.0110098235,0.33654952,-0.315063775,-0.00095724006,0.983316123,-0.198611751,-0.0491676927,0.0538619123,-0.04141967,-0.0014735288,-0.0217623878,-0.0203991123,0.0568091683,-0.0150750317,-0.0408077911,-0.00521209883,0.00303511182,0.000917390455,-0.170494452,0.024597019,0.000641063962,0.0205023699,0.000884910929,0.00254058978,0.145724297,0.125791058,0.00420566555,-0.00809965376,0.0474202968,0.129772082,0.000819531153,-0.000875498226,-0.00497776456,-0.00133671099,-0.0190126598,-0.0280603059,-0.00363251334,-0.157921523,0.0961048454,-0.0568089373,0.405930549,-0.102314211,0.155044273,-0.382676125,-0.0793388411,0.10103485,0.363637805,-0.383529484,-0.043491181,0.0219661761,0.145621687,0.0135944486,0.33160302,0.32158497,0.0577198416,0.929579914,0.134335279,0.00812633149,0.0424350239,0.360269725,-0.36351949,-0.0138447061,0.974902034,-0.203219742,-0.0542958081,0.0516270101,-0.157921523,0.0961048454,-0.0568089373,0.405930549,-0.102314211,0.155044273,-0.382676125,-0.0793388411,0.10103485,0.363637805,-0.383529484,-0.043491181,0.0219661761,0.145621687,0.0135944486,0.33160302,0.32158497,0.0577198416,0.929579914,0.134335279,0.00812633149,0.0424350239,0.360269725,-0.36351949,-0.0138447061,0.974902034,-0.203219742,-0.0542958081,0.0516270101,-0.157921523,0.0961048454,-0.0568089373,0.405930549,-0.102314211,0.155044273,-0.382676125,-0.0793388411,0.10103485,0.363637805,-0.383529484,-0.043491181,0.0219661761,0.145621687,0.0135944486,0.33160302,0.32158497,0.0577198416,0.929579914,0.134335279,0.00812633149,0.0424350239,0.360269725,-0.36351949,-0.0138447061,0.974902034,-0.203219742,-0.0542958081,0.0516270101
2.0839171,3217569.49,0,0,0.00326783489,5.74113801e-06,1,0.192299951,0.0077034831,1,0.686697245,0.00761376973,0.00271744211,0.726898611,-0.0182517692,-0.0144414511,-0.00956426654,0,-0,-0,-0.17856355,0.0485927723,-0.0285044312,0.460431337,-0.278167158,0.020271806,-0.342832267,-0.0308426805,0.0738136396,0.458673775,-0.172378466,0.028751364,0.0233160276,0.0018095324,0.00062789896,0.329946518,0.214819372,0.021716252,0.985996723,0.13587077,0.0352109149,0.0125253582,0.336558431,-0.315074682,-0.00102043618,0.983303845,-0.19883123,-0.049445089,0.0538208187,-0.0377205648,-0.00114855741,-0.019684447,-0.0217886604,0.0584924966,-0.0148295294,-0.0380693562,-0.00590491993,0.0025844276,-0.000601305044,-0.168639064,0.0247427579,0.000881494372,0.0196242593,0.000874366495,0.00198964495,0.143258139,0.109239139,0.00350462785,-0.00797333289,0.0424581841,0.121351659,0.000689136505,-0.000945280248,-0.00538805593,-0.000911675917,-0.0178428795,-0.0191986021,-0.00331517216,-0.161664367,0.0977588966,-0.0578452162,0.402498871,-0.110017695,0.155969635,-0.381383061,-0.0776078999,0.0995956808,0.365461588,-0.383320689,-0.0424279608,0.022402823,0.14564234,0.0153026804,0.333007991,0.320787936,0.0578750893,0.929962993,0.134323522,0.00978991389,0.0436471216,0.359605879,-0.363715142,-0.0145312073,0.975563407,-0.202904731,-0.0543593913,0.0517394133,-0.161664367,0.0977588966,-0.0578452162,0.402498871,-0.110017695,0.155969635,-0.381383061,-0.0776078999,0.0995956808,0.365461588,-0.383320689,-0.0424279608,0.022402823,0.14564234,0.0153026804,0.333007991,0.320787936,0.0578750893,0.929962993,0.134323522,0.00978991389,0.0436471216,0.359605879,-0.363715142,-0.0145312073,0.975563407,-0.202904731,-0.0543593913,0.0517394133,-0.161664367,0.0977588966,-0.0578452162,0.402498871,-0.110017695,0.155969635,-0.381383061,-0.0776078999,0.0995956808,0.365461588,-0.383320689,-0.0424279608,0.022402823,0.14564234,0.0153026804,0.333007991,0.320787936,0.0578750893,0.929962993,0.134323522,0.00978991389,0.0436471216,0.359605879,-0.363715142,-0.0145312073,0.975563407,-0.202904731,-0.0543593913,0.0517394133
2.09393802,3217569.5,0,0,0.0132887522,1.31102279e-05,1,0.192299951,0,1,0.686734319,0.00760380179,0.00259828148,0.7268641,-0.018763734,-0.0155601939,-0.0103369299,0,-0,-0,-0.178923458,0.0485859513,-0.0287112538,0.460188389,-0.277584523,0.0201255772,-0.343207419,-0.0308986492,0.0738294646,0.458672434,-0.174113482,0.0290188529,0.0233249106,0.0020102947,0.000629627146,0.329962164,0.21621643,0.0227070991,0.986021876,0.135792002,0.0356500894,0.0137607027,0.336564958,-0.315084368,-0.00107932684,0.983301818,-0.198999479,-0.0495951027,0.0537905768,-0.0349523164,-0.000512057974,-0.0207960214,-0.0252709687,0.058534991,-0.0145124327,-0.0369064547,-0.00559992483,0.00116092933,-0.000273559504,-0.174638584,0.0272199512,0.000930065988,0.0200950596,-3.34132819e-05,0.0013813962,0.13762711,0.0929434225,0.00207467936,-0.00780044356,0.043873623,0.122958496,0.000621360145,-0.000984095619,-0.00610482367,0.000113297807,-0.0162855443,-0.0124976374,-0.00288105733,-0.161664367,0.0977588966,-0.0578452162,0.402498871,-0.110017695,0.155969635,-0.381383061,-0.0776078999,0.0995956808,0.365461588,-0.383320689,-0.0424279608,0.022402823,0.14564234,0.0153026804,0.333007991,0.320787936,0.0578750893,0.929962993,0.134323522,0.00978991389,0.0436471216,0.359605879,-0.363715142,-0.0145312073,0.975563407,-0.202904731,-0.0543593913,0.0517394133,-0.161664367,0.0977588966,-0.0578452162,0.402498871,-0.110017695,0.155969635,-0.381383061,-0.0776078999,0.0995956808,0.365461588,-0.383320689,-0.0424279608,0.022402823,0.14564234,0.0153026804,0.333007991,0.320787936,0.0578750893,0.929962993,0.134323522,0.00978991389,0.0436471216,0.359605879,-0.363715142,-0.0145312073,0.975563407,-0.202904731,-0.0543593913,0.0517394133,-0.161664367,0.0977588966,-0.0578452162,0.402498871,-0.110017695,0.155969635,-0.381383061,-0.0776078999,0.0995956808,0.365461588,-0.383320689,-0.0424279608,0.022402823,0.14564234,0.0153026804,0.333007991,0.320787936,0.0578750893,0.929962993,0.134323522,0.00978991389,0.0436471216,0.359605879,-0.363715142,-0.0145312073,0.975563407,-0.202904731,-0.0543593913,0.0517394133
2.10491566,3217569.51,0,0,0.00427249074,4.26312909e-06,1,0.187290367,0.00720877945,1,0.686775744,0.00760176172,0.00247451803,0.726825356,-0.0179199651,-0.0176999532,-0.01175748,0,-0,-0,-0.179262042,0.0485809259,-0.0289110765,0.459938705,-0.27699092,0.0199819505,-0.343564272,-0.0309582576,0.0738393962,0.45866093,-0.175835803,0.0292848013,0.0233355351,0.00220731599,0.000630559283,0.329975247,0.217567429,0.0235620514,0.986040115,0.135715306,0.036066629,0.0149278734,0.336570829,-0.31509465,-0.00114176166,0.983305156,-0.199156776,-0.0496997237,0.0537629984,-0.0332513079,-0.00054324168,-0.0192321222,-0.0242701694,0.059882734,-0.0142492158,-0.0348014086,-0.00627162214,0.000983109116,-0.0018523183,-0.169639558,0.0259669274,0.00116737466,0.019393025,0.00027036044,0.00130740833,0.13352935,0.0809701756,0.00174470933,-0.0075795087,0.0396817587,0.111085318,0.000571007666,-0.00106970244,-0.00630180677,0.000429488922,-0.0154047823,-0.00950581022,-0.00269386754,-0.16539,0.0993270576,-0.0588104837,0.399192929,-0.117226474,0.156925529,-0.379835308,-0.0761680603,0.0983156413,0.367190719,-0.383044541,-0.0413684174,0.0229239762,0.145927414,0.0170906894,0.334635258,0.320533037,0.0578494295,0.930438817,0.134337261,0.0115183163,0.0448638164,0.358810425,-0.363909066,-0.0151309753,0.976237595,-0.202435061,-0.0541913882,0.0518703535,-0.16539,0.0993270576,-0.0588104837,0.399192929,-0.117226474,0.156925529,-0.379835308,-0.0761680603,0.0983156413,0.367190719,-0.383044541,-0.0413684174,0.0229239762,0.145927414,0.0170906894,0.334635258,0.320533037,0.0578494295,0.930438817,0.134337261,0.0115183163,0.0448638164,0.358810425,-0.363909066,-0.0151309753,0.976237595,-0.202435061,-0.0541913882,0.0518703535,-0.16539,0.0993270576,-0.0588104837,0.399192929,-0.117226474,0.156925529,-0.379835308,-0.0761680603,0.0983156413,0.367190719,-0.383044541,-0.0413684174,0.0229239762,0.145927414,0.0170906894,0.334635258,0.320533037,0.0578494295,0.930438817,0.134337261,0.0115183163,0.0448638164,0.358810425,-0.363909066,-0.0151309753,0.976237595,-0.202435061,-0.0541913882,0.0518703535
2.11493729,3217569.52,0,0,0.0142941237,1.33211724e-05,1,0.187290367,0,1,0.686819851,0.00760528399,0.0023457713,0.72678411,-0.0182614308,-0.0188306086,-0.0120752482,0,-0,-0,-0.179580614,0.0485789739,-0.0291140694,0.459678203,-0.276394695,0.0198424049,-0.343905389,-0.0310186204,0.0738399476,0.458645403,-0.177566573,0.0295633785,0.0233486146,0.00240578339,0.00062815455,0.329985142,0.218861163,0.0242594611,0.986048341,0.13564004,0.0364875458,0.016048329,0.336576134,-0.315105557,-0.00120891037,0.983316958,-0.199298456,-0.0497840159,0.0537390895,-0.0310711265,-7.98452165e-05,-0.0204994846,-0.0265717469,0.0598042347,-0.0137974648,-0.0334812477,-0.00604305696,-0.000331817573,-0.0017488742,-0.173385412,0.0281697884,0.0014125203,0.0198882651,-0.000362512248,0.000867422787,0.126709506,0.063395448,0.000434792921,-0.00744601432,0.0426931307,0.110723212,0.000493459054,-0.00110117055,-0.00688807573,0.00150243263,-0.0135424202,-0.00791197456,-0.00224443362,-0.16539,0.0993270576,-0.0588104837,0.399192929,-0.117226474,0.156925529,-0.379835308,-0.0761680603,0.0983156413,0.367190719,-0.383044541,-0.0413684174,0.0229239762,0.145927414,0.0170906894,0.334635258,0.320533037,0.0578494295,0.930438817,0.134337261,0.0115183163,0.0448638164,0.358810425,-0.363909066,-0.0151309753,0.976237595,-0.202435061,-0.0541913882,0.0518703535,-0.16539,0.0993270576,-0.0588104837,0.399192929,-0.117226474,0.156925529,-0.379835308,-0.0761680603,0.0983156413,0.367190719,-0.383044541,-0.0413684174,0.0229239762,0.145927414,0.0170906894,0.334635258,0.320533037,0.0578494295,0.930438817,0.134337261,0.0115183163,0.0448638164,0.358810425,-0.363909066,-0.0151309753,0.976237595,-0.202435061,-0.0541913882,0.0518703535,-0.16539,0.0993270576,-0.0588104837,0.399192929,-0.117226474,0.156925529,-0.379835308,-0.0761680603,0.0983156413,0.367190719,-0.383044541,-0.0413684174,0.0229239762,0.145927414,0.0170906894,0.334635258,0.320533037,0.0578494295,0.930438817,0.134337261,0.0115183163,0.0448638164,0.358810425,-0.363909066,-0.0151309753,0.976237595,-0.202435061,-0.0541913882,0.0518703535
2.12594604,3217569.53,0,0,0.00529059675,1.71861611e-05,1,0.169320963,0.00670414418,1,0.686866641,0.00761662284,0.00221314444,0.726740181,-0.0173634142,-0.0207859837,-0.0130663095,0,-0,-0,-0.179884821,0.0485778153,-0.029312633,0.45942238,-0.275791377,0.0197064206,-0.344228923,-0.0310820434,0.0738353431,0.458618879,-0.179262847,0.029834494,0.0233646296,0.00260112504,0.000626414025,0.329993904,0.220090032,0.0248307008,0.986051083,0.135567501,0.0369006731,0.0170804299,0.336580426,-0.315116882,-0.00127876352,0.983333826,-0.199427977,-0.0498588495,0.0537178554,-0.0301091541,-0.000176322923,-0.019246038,-0.0244804434,0.0606530793,-0.0134673445,-0.0315609202,-0.00659319758,-0.000447102502,-0.00333306985,-0.166312382,0.0262388997,0.00173273403,0.0192524325,2.50003486e-05,0.000925036031,0.120325498,0.053682372,0.000248975441,-0.00712208636,0.0398975946,0.0969018266,0.000384973217,-0.00116426521,-0.00702104904,0.0017452545,-0.012623894,-0.00726392586,-0.00206285529,-0.168945789,0.100733846,-0.059678223,0.396113753,-0.123930618,0.157902017,-0.37818706,-0.0749932379,0.0971845537,0.368758261,-0.382723063,-0.0403468944,0.023509752,0.146436572,0.0188587047,0.336415678,0.320760399,0.0576677062,0.930988789,0.134365946,0.0132439863,0.0460541546,0.357912093,-0.36408475,-0.0156389475,0.976914704,-0.201839387,-0.0538454875,0.052039545,-0.168945789,0.100733846,-0.059678223,0.396113753,-0.123930618,0.157902017,-0.37818706,-0.0749932379,0.0971845537,0.368758261,-0.382723063,-0.0403468944,0.023509752,0.146436572,0.0188587047,0.336415678,0.320760399,0.0576677062,0.930988789,0.134365946,0.0132439863,0.0460541546,0.357912093,-0.36408475,-0.0156389475,0.976914704,-0.201839387,-0.0538454875,0.052039545,-0.168945789,0.100733846,-0.059678223,0.396113753,-0.123930618,0.157902017,-0.37818706,-0.0749932379,0.0971845537,0.368758261,-0.382723063,-0.0403468944,0.023509752,0.146436572,0.0188587047,0.336415678,0.320760399,0.0576677062,0.930988789,0.134365946,0.0132439863,0.0460541546,0.357912093,-0.36408475,-0.0156389475,0.976914704,-0.201839387,-0.0538454875,0.052039545
2.13691779,3217569.54,0,0,0.0162623427,5.9120357e-06,1,0.169320963,0,1,0.686935782,0.00764573691,0.00202015205,0.726675093,-0.0170512162,-0.0230181497,-0.0135150719,0,-0,-0,-0.180289254,0.0485777818,-0.0295876544,0.459082305,-0.274949253,0.0195249431,-0.344651997,-0.0311750341,0.0738192722,0.458566964,-0.181567773,0.0302139185,0.0233941395,0.00287252921,0.000624837121,0.33000493,0.221688822,0.025414275,0.986045122,0.135469079,0.0374838449,0.0183670279,0.336584151,-0.315133512,-0.00138123368,0.983367383,-0.199583992,-0.0499489605,0.0536939465,-0.0279997215,8.98618164e-05,-0.0198462456,-0.0240616053,0.0599891543,-0.0126447603,-0.0291634798,-0.00670230016,-0.00160591956,-0.00409875857,-0.1628557,0.0272597764,0.00237973919,0.0193594694,-0.000151381653,0.00072232011,0.109271802,0.0331756063,-0.000824893825,-0.00690886145,0.0430046618,0.0882405862,0.000164702215,-0.00119001139,-0.00749883149,0.00281036342,-0.0101487543,-0.00589382881,-0.00146951806,-0.168945789,0.100733846,-0.059678223,0.396113753,-0.123930618,0.157902017,-0.37818706,-0.0749932379,0.0971845537,0.368758261,-0.382723063,-0.0403468944,0.023509752,0.146436572,0.0188587047,0.336415678,0.320760399,0.0576677062,0.930988789,0.134365946,0.0132439863,0.0460541546,0.357912093,-0.36408475,-0.0156389475,0.976914704,-0.201839387,-0.0538454875,0.052039545,-0.168945789,0.100733846,-0.059678223,0.396113753,-0.123930618,0.157902017,-0.37818706,-0.0749932379,0.0971845537,0.368758261,-0.382723063,-0.0403468944,0.023509752,0.146436572,0.0188587047,0.336415678,0.320760399,0.0576677062,0.930988789,0.134365946,0.0132439863,0.0460541546,0.357912093,-0.36408475,-0.0156389475,0.976914704,-0.201839387,-0.0538454875,0.052039545,-0.168945789,0.100733846,-0.059678223,0.396113753,-0.123930618,0.157902017,-0.37818706,-0.0749932379,0.0971845537,0.368758261,-0.382723063,-0.0403468944,0.023509752,0.146436572,0.0188587047,0.336415678,0.320760399,0.0576677062,0.930988789,0.134365946,0.0132439863,0.0460541546,0.357912093,-0.36408475,-0.0156389475,0.976914704,-0.201839387,-0.0538454875,0.052039545
2.14793862,3217569.56,0,0,0.00724285981,4.39304858e-06,1,0.211656094,0.00633428991,1,0.686986446,0.00767590152,0.00187686027,0.72662729,-0.0167738944,-0.0247628335,-0.0136488564,0,-0,-0,-0.180562541,0.0485789776,-0.0297854245,0.45885253,-0.274350315,0.0194020029,-0.344927579,-0.0312432982,0.0738005638,0.458509952,-0.183145449,0.0304822307,0.0234205145,0.0030651181,0.000624598237,0.33001247,0.222728625,0.0256832987,0.986035109,0.135401621,0.0379174314,0.0191870946,0.336584896,-0.315145344,-0.00146147341,0.983398318,-0.199677527,-0.0500032865,0.0536814146,-0.026635956,0.000243696792,-0.0202659741,-0.023081962,0.0594364069,-0.0118761696,-0.0268087927,-0.00676885946,-0.00232358975,-0.00580618717,-0.157622606,0.0276935324,0.00289957924,0.0194509439,-0.000148110281,0.000680895697,0.100372344,0.0201877542,-0.00137468928,-0.00672890712,0.0453648306,0.0809043869,-9.05196885e-06,-0.00113608444,-0.00913902558,0.00349641987,-0.00845943298,-0.00486856094,-0.00095497322,-0.172294199,0.101934329,-0.0604125448,0.393280208,-0.130264908,0.158902541,-0.376509577,-0.0740674585,0.0962056369,0.370089382,-0.382542729,-0.0393586755,0.0241247434,0.147196859,0.0205120519,0.338231981,0.321406662,0.0573542975,0.931549489,0.134414524,0.0149276275,0.0471824035,0.356976658,-0.364246756,-0.0160301477,0.977607787,-0.201188862,-0.0533520877,0.0522887893,-0.172294199,0.101934329,-0.0604125448,0.393280208,-0.130264908,0.158902541,-0.376509577,-0.0740674585,0.0962056369,0.370089382,-0.382542729,-0.0393586755,0.0241247434,0.147196859,0.0205120519,0.338231981,0.321406662,0.0573542975,0.931549489,0.134414524,0.0149276275,0.0471824035,0.356976658,-0.364246756,-0.0160301477,0.977607787,-0.201188862,-0.0533520877,0.0522887893,-0.172294199,0.101934329,-0.0604125448,0.393280208,-0.130264908,0.158902541,-0.376509577,-0.0740674585,0.0962056369,0.370089382,-0.382542729,-0.0393586755,0.0241247434,0.147196859,0.0205120519,0.338231981,0.321406662,0.0573542975,0.931549489,0.134414524,0.0149276275,0.0471824035,0.356976658,-0.364246756,-0.0160301477,0.977607787,-0.201188862,-0.0533520877,0.0522887893
2.15891666,3217569.57,0,0,0.0182209029,5.37699088e-06,1,0.211656094,0,1,0.687016606,0.00769671798,0.00178843504,0.72659874,-0.0166448969,-0.0257276129,-0.0135625675,0,-0,-0,-0.180718258,0.0485809557,-0.0299091116,0.4587138,-0.273994833,0.019332815,-0.345083714,-0.0312837437,0.0737843812,0.458473891,-0.184087291,0.0306502208,0.0234393254,0.00318206148,0.000623399508,0.330016404,0.223307118,0.0257712882,0.986025333,0.135361865,0.0382005684,0.0196639411,0.33658427,-0.315151989,-0.00152176549,0.983421206,-0.19972375,-0.0500296168,0.0536771528,-0.0256493893,0.000357233308,-0.0207272377,-0.0230032932,0.059230525,-0.0113844639,-0.0254549459,-0.00674160337,-0.00283993734,-0.00654485822,-0.155608743,0.027905127,0.00323262019,0.0194712579,-0.000185072509,0.000660571677,0.0943857208,0.0124977184,-0.00170776527,-0.00655413652,0.0478085391,0.0781861544,-0.000144474179,-0.00110161537,-0.0103508187,0.00393157685,-0.00739389658,-0.00419324683,-0.000616242178,-0.172294199,0.101934329,-0.0604125448,0.393280208,-0.130264908,0.158902541,-0.376509577,-0.0740674585,0.0962056369,0.370089382,-0.382542729,-0.0393586755,0.0241247434,0.147196859,0.0205120519,0.338231981,0.321406662,0.0573542975,0.931549489,0.134414524,0.0149276275,0.0471824035,0.356976658,-0.364246756,-0.0160301477,0.977607787,-0.201188862,-0.0533520877,0.0522887893,-0.172294199,0.101934329,-0.0604125448,0.393280208,-0.130264908,0.158902541,-0.376509577,-0.0740674585,0.0962056369,0.370089382,-0.382542729,-0.0393586755,0.0241247434,0.147196859,0.0205120519,0.338231981,0.321406662,0.0573542975,0.931549489,0.134414524,0.0149276275,0.0471824035,0.356976658,-0.364246756,-0.0160301477,0.977607787,-0.201188862,-0.0533520877,0.0522887893,-0.172294199,0.101934329,-0.0604125448,0.393280208,-0.130264908,0.158902541,-0.376509577,-0.0740674585,0.0962056369,0.370089382,-0.382542729,-0.0393586755,0.0241247434,0.147196859,0.0205120519,0.338231981,0.321406662,0.0573542975,0.931549489,0.134414524,0.0149276275,0.0471824035,0.356976658,-0.364246756,-0.0160301477,0.977607787,-0.201188862,-0.0533520877,0.0522887893
2.16902873,3217569.58,0,0,0.0083532962,6.45080581e-06,1,0.219152309,0.00609192252,1,0.687097132,0.00776723959,0.00154451665,0.726522446,-0.0157387853,-0.0285994913,-0.0143917687,0,-0,-0,-0.181112677,0.0485876575,-0.0302409865,0.458371907,-0.273042083,0.0191602856,-0.345436245,-0.0313923061,0.0737349913,0.45829308,-0.186391786,0.031075675,0.0235011596,0.00348906289,0.000624720647,0.330029547,0.224658743,0.0258979201,0.985998213,0.135262981,0.0389727056,0.0207487848,0.336579978,-0.315170258,-0.00169187738,0.983489037,-0.19982703,-0.0500868596,0.0536715686,-0.0234741215,0.000587857678,-0.0203221217,-0.020875806,0.0591384694,-0.00985576026,-0.0205044355,-0.00681742188,-0.00325661455,-0.0126715908,-0.139992535,0.0267980266,0.00556211919,0.0189161189,0.000122890779,0.000848503318,0.0759328455,0.00575630367,-0.00193535781,-0.00585904485,0.0493337996,0.0605848394,-0.000368392211,-0.00112617575,-0.0113664949,0.0047271084,-0.00532387057,-0.00273609813,7.03485493e-05,-0.175381243,0.102893367,-0.0610063933,0.390738696,-0.136356831,0.15992409,-0.374895424,-0.0734130517,0.0954006761,0.371156394,-0.382594943,-0.0384192392,0.0247615017,0.148161516,0.0220707096,0.34002763,0.322405159,0.0569352657,0.932080805,0.134477854,0.0165165234,0.048231218,0.356028765,-0.364399076,-0.0163017903,0.978318274,-0.200529218,-0.052735284,0.0525999554,-0.175381243,0.102893367,-0.0610063933,0.390738696,-0.136356831,0.15992409,-0.374895424,-0.0734130517,0.0954006761,0.371156394,-0.382594943,-0.0384192392,0.0247615017,0.148161516,0.0220707096,0.34002763,0.322405159,0.0569352657,0.932080805,0.134477854,0.0165165234,0.048231218,0.356028765,-0.364399076,-0.0163017903,0.978318274,-0.200529218,-0.052735284,0.0525999554,-0.175381243,0.102893367,-0.0610063933,0.390738696,-0.136356831,0.15992409,-0.374895424,-0.0734130517,0.0954006761,0.371156394,-0.382594943,-0.0384192392,0.0247615017,0.148161516,0.0220707096,0.34002763,0.322405159,0.0569352657,0.932080805,0.134477854,0.0165165234,0.048231218,0.356028765,-0.364399076,-0.0163017903,0.978318274,-0.200529218,-0.052735284,0.0525999554
2.1799347,3217569.59,0,0,0.019259268,6.64498657e-06,1,0.219152309,0,1,0.687153518,0.00782186259,0.00138813455,0.726468801,-0.0149820419,-0.0302063152,-0.0156802107,0,-0,-0,-0.181336001,0.0485951751,-0.0304381289,0.458164841,-0.272453636,0.0190698691,-0.345630735,-0.0314614885,0.0737006441,0.458157718,-0.187760353,0.0313431211,0.0235781204,0.00367432251,0.000626364315,0.330038369,0.225338459,0.0259473976,0.985977173,0.13520655,0.0394749194,0.0213030297,0.336575478,-0.315181434,-0.00181156769,0.983540475,-0.199870929,-0.0501069352,0.0536758155,-0.021813089,0.000816672633,-0.0194208566,-0.0201271325,0.0588276573,-0.0086304117,-0.0183092281,-0.00697829109,-0.00352527155,-0.0151407868,-0.132304892,0.0261499435,0.00880814157,0.0182527136,0.000273831218,0.000965772429,0.0627695918,0.00461559463,-0.00208012527,-0.00553270243,0.0501622781,0.0513413697,-0.00049663824,-0.00113419758,-0.0119588645,0.00530986907,-0.00395001797,-0.00167163997,0.000572827761,-0.175381243,0.102893367,-0.0610063933,0.390738696,-0.136356831,0.15992409,-0.374895424,-0.0734130517,0.0954006761,0.371156394,-0.382594943,-0.0384192392,0.0247615017,0.148161516,0.0220707096,0.34002763,0.322405159,0.0569352657,0.932080805,0.134477854,0.0165165234,0.048231218,0.356028765,-0.364399076,-0.0163017903,0.978318274,-0.200529218,-0.052735284,0.0525999554,-0.175381243,0.102893367,-0.0610063933,0.390738696,-0.136356831,0.15992409,-0.374895424,-0.0734130517,0.0954006761,0.371156394,-0.382594943,-0.0384192392,0.0247615017,0.148161516,0.0220707096,0.34002763,0.322405159,0.0569352657,0.932080805,0.134477854,0.0165165234,0.048231218,0.356028765,-0.364399076,-0.0163017903,0.978318274,-0.200529218,-0.052735284,0.0525999554,-0.175381243,0.102893367,-0.0610063933,0.390738696,-0.136356831,0.15992409,-0.374895424,-0.0734130517,0.0954006761,0.371156394,-0.382594943,-0.0384192392,0.0247615017,0.148161516,0.0220707096,0.34002763,0.322405159,0.0569352657,0.932080805,0.134477854,0.0165165234,0.048231218,0.356028765,-0.364399076,-0.0163017903,0.978318274,-0.200529218,-0.052735284,0.0525999554
2.18994569,3217569.6,0,0,0.00927404407,1.80238858e-05,1,0.18721167,0.00600293279,1,0.687201023,0.00787149742,0.00126084452,0.726423562,-0.0145703433,-0.0313475281,-0.016603414,0,-0,-0,-0.181506038,0.0486025847,-0.0305915549,0.458009928,-0.271985412,0.019006934,-0.345768154,-0.0315174349,0.0736712813,0.458026171,-0.188787356,0.0315509588,0.0236613266,0.00381821021,0.000629262009,0.330046713,0.225787684,0.0259815473,0.985960186,0.135163277,0.0398763083,0.0216753427,0.336571008,-0.315190732,-0.00190551882,0.983585179,-0.199897379,-0.0501157716,0.0536825769,-0.0206640195,0.00106881373,-0.0190852694,-0.0194764305,0.0579541363,-0.00703751156,-0.017010536,-0.00696999952,-0.00387886423,-0.0159349404,-0.12956205,0.0269053485,0.0118568065,0.0179298762,0.00028949033,0.000995379058,0.0519084297,0.00391826406,-0.00236279261,-0.00530652562,0.0511700138,0.0448537953,-0.000602664659,-0.00116277428,-0.0119514428,0.00593754789,-0.00263169082,-0.000457832299,0.00118550111,-0.178316176,0.103580661,-0.0614875592,0.388438135,-0.142359763,0.161011398,-0.37325877,-0.0730575547,0.0947797596,0.371951967,-0.382991135,-0.0375177935,0.0253660213,0.149360001,0.0235500671,0.341707826,0.323704511,0.0564726293,0.932540536,0.134553149,0.017997751,0.0491641909,0.355145961,-0.364566147,-0.0164659359,0.979022861,-0.199901834,-0.0520025119,0.0529797189,-0.178316176,0.103580661,-0.0614875592,0.388438135,-0.142359763,0.161011398,-0.37325877,-0.0730575547,0.0947797596,0.371951967,-0.382991135,-0.0375177935,0.0253660213,0.149360001,0.0235500671,0.341707826,0.323704511,0.0564726293,0.932540536,0.134553149,0.017997751,0.0491641909,0.355145961,-0.364566147,-0.0164659359,0.979022861,-0.199901834,-0.0520025119,0.0529797189,-0.178316176,0.103580661,-0.0614875592,0.388438135,-0.142359763,0.161011398,-0.37325877,-0.0730575547,0.0947797596,0.371951967,-0.382991135,-0.0375177935,0.0253660213,0.149360001,0.0235500671,0.341707826,0.323704511,0.0564726293,0.932540536,0.134553149,0.017997751,0.0491641909,0.355145961,-0.364566147,-0.0164659359,0.979022861,-0.199901834,-0.0520025119,0.0529797189
2.20091966,3217569.61,0,0,0.00015970692,5.83194196e-06,1,0.224946067,0.00583195686,1,0.687275708,0.00795340259,0.00106626563,0.726352334,-0.0140030654,-0.0330475159,-0.0168030169,0,-0,-0,-0.181744382,0.048617579,-0.0308216717,0.457784116,-0.271294534,0.0189370643,-0.345955729,-0.0316002816,0.073619701,0.457820624,-0.190300271,0.0318721496,0.0238320585,0.00402955525,0.000633617048,0.330059826,0.226295337,0.0260234959,0.985930562,0.135101333,0.0404990651,0.0221567061,0.336562365,-0.315205038,-0.00204316876,0.983661652,-0.199917436,-0.0501103215,0.0537022278,-0.0196317118,0.00130901264,-0.0193810221,-0.0177901443,0.0576111488,-0.00524123991,-0.0142470887,-0.00682648085,-0.00451836875,-0.0190147646,-0.120699376,0.0257863868,0.0154059445,0.0173084494,0.000515363994,0.00125214423,0.0356782749,0.00333899562,-0.00234758691,-0.00509632844,0.05153355,0.0359837376,-0.000806149328,-0.00122768653,-0.0106668277,0.00652579125,-0.00123646937,0.000851619814,0.00181855366,-0.178316176,0.103580661,-0.0614875592,0.388438135,-0.142359763,0.161011398,-0.37325877,-0.0730575547,0.0947797596,0.371951967,-0.382991135,-0.0375177935,0.0253660213,0.149360001,0.0235500671,0.341707826,0.323704511,0.0564726293,0.932540536,0.134553149,0.017997751,0.0491641909,0.355145961,-0.364566147,-0.0164659359,0.979022861,-0.199901834,-0.0520025119,0.0529797189,-0.181038588,0.103995152,-0.0618287958,0.386395216,-0.14819172,0.162148252,-0.371682078,-0.0730050802,0.0943678916,0.372468382,-0.383650601,-0.0366678946,0.0259686317,0.150737345,0.0249553844,0.343283772,0.325246871,0.0559937954,0.932921529,0.134626657,0.0193552468,0.0499869511,0.354322523,-0.364728659,-0.016517641,0.979722798,-0.19933112,-0.0511867516,0.0534208901,-0.181038588,0.103995152,-0.0618287958,0.386395216,-0.14819172,0.162148252,-0.371682078,-0.0730050802,0.0943678916,0.372468382,-0.383650601,-0.0366678946,0.0259686317,0.150737345,0.0249553844,0.343283772,0.325246871,0.0559937954,0.932921529,0.134626657,0.0193552468,0.0499869511,0.354322523,-0.364728659,-0.016517641,0.979722798,-0.19933112,-0.0511867516,0.0534208901
2.21093966,3217569.62,0,0,0.0101797078,1.12517737e-05,1,0.224946067,0,1,0.687336683,0.00802925415,0.000900720712,0.726294041,-0.0136671141,-0.0343367197,-0.0167684238,0,-0,-0,-0.1819406,0.048631601,-0.0310181491,0.457621783,-0.270719469,0.0188925732,-0.346084952,-0.0316666253,0.0735730305,0.457614571,-0.191454053,0.032120958,0.0239997264,0.00419884035,0.000640666927,0.33007437,0.226574764,0.0260549169,0.985908687,0.135051012,0.0410052128,0.0224634279,0.336553335,-0.315217733,-0.00213687448,0.983728588,-0.199924991,-0.0500969179,0.0537228175,-0.0192963686,0.00163489417,-0.0197978746,-0.015784204,0.0568786301,-0.00333926338,-0.0124882041,-0.00641549565,-0.00487841014,-0.0204330012,-0.115839325,0.0257185027,0.0184048377,0.0168808457,0.000689464854,0.0014591919,0.0225936081,0.00278964848,-0.00236674608,-0.00495176716,0.0511550605,0.0281496719,-0.000962736784,-0.0012914039,-0.00871368684,0.00705245929,-0.000101566286,0.00210309867,0.00247398694,-0.181038588,0.103995152,-0.0618287958,0.386395216,-0.14819172,0.162148252,-0.371682078,-0.0730050802,0.0943678916,0.372468382,-0.383650601,-0.0366678946,0.0259686317,0.150737345,0.0249553844,0.343283772,0.325246871,0.0559937954,0.932921529,0.134626657,0.0193552468,0.0499869511,0.354322523,-0.364728659,-0.016517641,0.979722798,-0.19933112,-0.0511867516,0.0534208901,-0.181038588,0.103995152,-0.0618287958,0.386395216,-0.14819172,0.162148252,-0.371682078,-0.0730050802,0.0943678916,0.372468382,-0.383650601,-0.0366678946,0.0259686317,0.150737345,0.0249553844,0.343283772,0.325246871,0.0559937954,0.932921529,0.134626657,0.0193552468,0.0499869511,0.354322523,-0.364728659,-0.016517641,0.979722798,-0.19933112,-0.0511867516,0.0534208901,-0.181038588,0.103995152,-0.0618287958,0.386395216,-0.14819172,0.162148252,-0.371682078,-0.0730050802,0.0943678916,0.372468382,-0.383650601,-0.0366678946,0.0259686317,0.150737345,0.0249553844,0.343283772,0.325246871,0.0559937954,0.932921529,0.134626657,0.0193552468,0.0499869511,0.354322523,-0.364728659,-0.016517641,0.979722798,-0.19933112,-0.0511867516,0.0534208901
2.22191995,3217569.63,0,0,0.00124620087,6.10668212e-06,1,0.189271756,0.00560092926,1,0.687397599,0.00811030995,0.000732011686,0.726235628,-0.0132037709,-0.0355766118,-0.0162083749,0,-0,-0,-0.182129949,0.0486493297,-0.0312202498,0.457471609,-0.270154536,0.0188719276,-0.346200466,-0.031728778,0.0735209733,0.457405657,-0.192592636,0.0323777087,0.0242022108,0.00436429027,0.000648583984,0.330090374,0.226724178,0.0260788407,0.985884845,0.135002285,0.0415180288,0.0227054171,0.336542457,-0.31523037,-0.00221880712,0.983802557,-0.199918911,-0.0500676595,0.0537521504,-0.0188818108,0.00174522831,-0.0205993969,-0.0142864054,0.0565442555,-0.00148076972,-0.0107379984,-0.00612957729,-0.00537689123,-0.0217774641,-0.110492684,0.0249408707,0.0210667904,0.0161071923,0.000916818564,0.00175456901,0.0103622265,0.0021772969,-0.00226358185,-0.00485514244,0.0507638901,0.0205883179,-0.00117188238,-0.00121395756,-0.00792603567,0.00751143694,0.000919272192,0.00327287219,0.00313290022,-0.183483779,0.104165271,-0.062032599,0.384637266,-0.15379265,0.163296312,-0.370272875,-0.0731822103,0.0941413194,0.372710049,-0.384492159,-0.0358602814,0.0265802685,0.152239621,0.0262795798,0.344764352,0.326993316,0.0555117689,0.933244586,0.134709656,0.0205925182,0.0507070348,0.35351792,-0.364862889,-0.0164613966,0.980420232,-0.198820129,-0.0503347181,0.0539108776,-0.183483779,0.104165271,-0.062032599,0.384637266,-0.15379265,0.163296312,-0.370272875,-0.0731822103,0.0941413194,0.372710049,-0.384492159,-0.0358602814,0.0265802685,0.152239621,0.0262795798,0.344764352,0.326993316,0.0555117689,0.933244586,0.134709656,0.0205925182,0.0507070348,0.35351792,-0.364862889,-0.0164613966,0.980420232,-0.198820129,-0.0503347181,0.0539108776,-0.183483779,0.104165271,-0.062032599,0.384637266,-0.15379265,0.163296312,-0.370272875,-0.0731822103,0.0941413194,0.372710049,-0.384492159,-0.0358602814,0.0265802685,0.152239621,0.0262795798,0.344764352,0.326993316,0.0555117689,0.933244586,0.134709656,0.0205925182,0.0507070348,0.35351792,-0.364862889,-0.0164613966,0.980420232,-0.198820129,-0.0503347181,0.0539108776
2.23195471,3217569.64,0,0,0.0112809669,2.51750462e-05,1,0.189271756,0,1,0.687454939,0.00819856487,0.000562157191,0.726180553,-0.0123321414,-0.0366657302,-0.015645951,0,-0,-0,-0.182319209,0.0486670658,-0.0314304978,0.457340032,-0.269588143,0.0188660361,-0.346299589,-0.0317874141,0.0734667256,0.457180291,-0.193647429,0.0326158814,0.0244260691,0.00450943829,0.000659650832,0.33011058,0.226783976,0.0260936264,0.985864699,0.13495329,0.0420080237,0.0228366964,0.336529136,-0.315240383,-0.00229488802,0.983885348,-0.1999055,-0.050030183,0.053786777,-0.0186146107,0.00204464723,-0.0210928749,-0.0128781823,0.0560933352,0.000672689814,-0.00968155079,-0.00552855479,-0.00547539722,-0.0221802592,-0.105149597,0.0244020969,0.0242164377,0.0133138932,0.00110807538,0.00209385133,0.003562717,0.000667204207,-0.002080807,-0.00489623239,0.0485433675,0.00926357694,-0.00148494425,-0.00083799765,-0.00739924656,0.0099937208,0.00191551249,0.00445631333,0.00394903077,-0.183483779,0.104165271,-0.062032599,0.384637266,-0.15379265,0.163296312,-0.370272875,-0.0731822103,0.0941413194,0.372710049,-0.384492159,-0.0358602814,0.0265802685,0.152239621,0.0262795798,0.344764352,0.326993316,0.0555117689,0.933244586,0.134709656,0.0205925182,0.0507070348,0.35351792,-0.364862889,-0.0164613966,0.980420232,-0.198820129,-0.0503347181,0.0539108776,-0.183483779,0.104165271,-0.062032599,0.384637266,-0.15379265,0.163296312,-0.370272875,-0.0731822103,0.0941413194,0.372710049,-0.384492159,-0.0358602814,0.0265802685,0.152239621,0.0262795798,0.344764352,0.326993316,0.0555117689,0.933244586,0.134709656,0.0205925182,0.0507070348,0.35351792,-0.364862889,-0.0164613966,0.980420232,-0.198820129,-0.0503347181,0.0539108776,-0.183483779,0.104165271,-0.062032599,0.384637266,-0.15379265,0.163296312,-0.370272875,-0.0731822103,0.0941413194,0.372710049,-0.384492159,-0.0358602814,0.0265802685,0.152239621,0.0262795798,0.344764352,0.326993316,0.0555117689,0.933244586,0.134709656,0.0205925182,0.0507070348,0.35351792,-0.364862889,-0.0164613966,0.980420232,-0.198820129,-0.0503347181,0.0539108776
2.24294352,3217569.65,0,0,0.00231256196,1.91149302e-05,1,0.176055357,0.00538370013,1,0.687520385,0.00831337087,0.000358405116,0.726117373,-0.0109387441,-0.0377938151,-0.0138200792,0,-0,-0,-0.182540372,0.04869413,-0.0316931605,0.45719257,-0.268915474,0.0188926458,-0.346408725,-0.0318472423,0.0733984411,0.456913859,-0.194863468,0.0328999236,0.0247379262,0.00463091768,0.00067467941,0.330142945,0.226792201,0.0260861143,0.985841632,0.134893924,0.0425664186,0.0229003597,0.336508393,-0.315246612,-0.00237988983,0.98402822,-0.199874669,-0.0499663502,0.0538412705,-0.0186160449,0.00221297983,-0.0228234101,-0.0115788979,0.0564458556,0.00290851854,-0.00856840983,-0.00464814063,-0.00584420236,-0.0226208214,-0.0965267345,0.0223393776,0.0260356162,0.00745702721,0.00140067399,0.00379002211,-0.000967384782,-0.00136976759,-0.001716953,-0.00501401769,0.0438339189,0.00318158278,-0.00189229648,-0.000306712143,-0.00688316347,0.0121097583,0.00283241551,0.00569050992,0.00479596853,-0.185652912,0.104140162,-0.0621244721,0.383153498,-0.15917635,0.164433837,-0.369069606,-0.0735424384,0.0940546393,0.372657806,-0.385473132,-0.0350414403,0.0272059999,0.153847277,0.0274996199,0.346180707,0.328801364,0.0550228395,0.933533192,0.134809285,0.0217383727,0.0513086617,0.352707148,-0.364978582,-0.0163120441,0.981123745,-0.198387012,-0.0494780317,0.0544352457,-0.185652912,0.104140162,-0.0621244721,0.383153498,-0.15917635,0.164433837,-0.369069606,-0.0735424384,0.0940546393,0.372657806,-0.385473132,-0.0350414403,0.0272059999,0.153847277,0.0274996199,0.346180707,0.328801364,0.0550228395,0.933533192,0.134809285,0.0217383727,0.0513086617,0.352707148,-0.364978582,-0.0163120441,0.981123745,-0.198387012,-0.0494780317,0.0544352457,-0.185652912,0.104140162,-0.0621244721,0.383153498,-0.15917635,0.164433837,-0.369069606,-0.0735424384,0.0940546393,0.372657806,-0.385473132,-0.0350414403,0.0272059999,0.153847277,0.0274996199,0.346180707,0.328801364,0.0550228395,0.933533192,0.134809285,0.0217383727,0.0513086617,0.352707148,-0.364978582,-0.0163120441,0.981123745,-0.198387012,-0.0494780317,0.0544352457
2.25302592,3217569.66,0,0,0.012394961,9.13208351e-06,1,0.176055357,0,1,0.68756783,0.00841623731,0.00018863997,0.726071358,-0.0106846821,-0.0387718044,-0.0129267666,0,-0,-0,-0.182728186,0.0487218425,-0.0319308303,0.457088023,-0.268354267,0.0189346187,-0.346487463,-0.0318846442,0.0733377039,0.456684172,-0.195790976,0.0331209973,0.0250041597,0.00467778184,0.000689407578,0.330196261,0.226765871,0.0260636844,0.985824883,0.13484396,0.0429743603,0.0229172166,0.336487025,-0.315248489,-0.00244676392,0.984166026,-0.199841857,-0.049903132,0.0538937896,-0.0185682531,0.00363334501,-0.0240079835,-0.00985615328,0.0552619174,0.00561122224,-0.00730401697,-0.00288127153,-0.00640489766,-0.0231842995,-0.0922858641,0.0227359235,0.0285586081,0.00339523866,0.00145050255,0.00557180122,-0.00390458712,-0.00291888835,-0.00178103952,-0.00490346178,0.0404817648,0.00096031779,-0.00233703386,-0.000173990717,-0.00656462926,0.0171884745,0.00378210563,0.00701617589,0.00575550459,-0.185652912,0.104140162,-0.0621244721,0.383153498,-0.15917635,0.164433837,-0.369069606,-0.0735424384,0.0940546393,0.372657806,-0.385473132,-0.0350414403,0.0272059999,0.153847277,0.0274996199,0.346180707,0.328801364,0.0550228395,0.933533192,0.134809285,0.0217383727,0.0513086617,0.352707148,-0.364978582,-0.0163120441,0.981123745,-0.198387012,-0.0494780317,0.0544352457,-0.185652912,0.104140162,-0.0621244721,0.383153498,-0.15917635,0.164433837,-0.369069606,-0.0735424384,0.0940546393,0.372657806,-0.385473132,-0.0350414403,0.0272059999,0.153847277,0.0274996199,0.346180707,0.328801364,0.0550228395,0.933533192,0.134809285,0.0217383727,0.0513086617,0.352707148,-0.364978582,-0.0163120441,0.981123745,-0.198387012,-0.0494780317,0.0544352457,-0.185652912,0.104140162,-0.0621244721,0.383153498,-0.15917635,0.164433837,-0.369069606,-0.0735424384,0.0940546393,0.372657806,-0.385473132,-0.0350414403,0.0272059999,0.153847277,0.0274996199,0.346180707,0.328801364,0.0550228395,0.933533192,0.134809285,0.0217383727,0.0513086617,0.352707148,-0.364978582,-0.0163120441,0.981123745,-0.198387012,-0.0494780317,0.0544352457
2.2639406,3217569.67,0,0,0.00327464333,1.48359686e-05,1,0.179890078,0.00481495261,1,0.687619448,0.00854312442,-2.16747067e-05,0.726020992,-0.0111675877,-0.0400123745,-0.010694257,0,-0,-0,-0.182954788,0.0487785526,-0.0322370119,0.456990719,-0.267695278,0.0190159008,-0.346556991,-0.0319074169,0.0732433721,0.456389368,-0.19684878,0.033382833,0.0253520943,0.00470250007,0.000707621861,0.330285549,0.22668162,0.0260220077,0.985803723,0.134785846,0.0434309319,0.0229212735,0.33645615,-0.315252393,-0.0025246446,0.984406471,-0.199791729,-0.0498111621,0.0539674424,-0.0193018876,0.00535740284,-0.0267675985,-0.00679768901,0.0550918952,0.00726015074,-0.00480031641,-0.00134993868,-0.00899642613,-0.0255578589,-0.0849787742,0.0210084599,0.0288162287,0.00134326809,0.00155395549,0.00901260506,-0.00953611173,-0.00372247677,-0.00171806163,-0.00482085766,0.0359570645,2.74069025e-05,-0.00268498948,-0.000457199058,-0.00647901045,0.0213281289,0.00434662867,0.00796379987,0.00628812192,-0.187423557,0.103954233,-0.0621282421,0.382026464,-0.163991302,0.165467113,-0.368188739,-0.0740501136,0.0940795392,0.372425556,-0.386353433,-0.0342558809,0.0277724192,0.155463189,0.0286355726,0.347460389,0.33052057,0.0545199849,0.933817863,0.134876579,0.0227598865,0.0517722256,0.351890564,-0.365024388,-0.0161078256,0.981799662,-0.198035598,-0.0487006195,0.0549583323,-0.187423557,0.103954233,-0.0621282421,0.382026464,-0.163991302,0.165467113,-0.368188739,-0.0740501136,0.0940795392,0.372425556,-0.386353433,-0.0342558809,0.0277724192,0.155463189,0.0286355726,0.347460389,0.33052057,0.0545199849,0.933817863,0.134876579,0.0227598865,0.0517722256,0.351890564,-0.365024388,-0.0161078256,0.981799662,-0.198035598,-0.0487006195,0.0549583323,-0.187423557,0.103954233,-0.0621282421,0.382026464,-0.163991302,0.165467113,-0.368188739,-0.0740501136,0.0940795392,0.372425556,-0.386353433,-0.0342558809,0.0277724192,0.155463189,0.0286355726,0.347460389,0.33052057,0.0545199849,0.933817863,0.134876579,0.0227598865,0.0517722256,0.351890564,-0.365024388,-0.0161078256,0.981799662,-0.198035598,-0.0487006195,0.0549583323
2.27511242,3217569.68,0,0,0.0144464634,7.6671131e-06,1,0.179890078,0,1,0.687660992,0.00865146704,-0.000201143266,0.725980341,-0.0111807184,-0.0407706276,-0.0114819054,0,-0,-0,-0.183144495,0.0488431454,-0.0324999653,0.45693168,-0.267158568,0.019111963,-0.346598327,-0.0319167003,0.073143214,0.456126183,-0.197682351,0.0336061791,0.0256679822,0.00471137557,0.000721767836,0.330385685,0.2265587,0.0259722117,0.985784531,0.134738684,0.0437927954,0.0229191594,0.336426049,-0.315258443,-0.00258781621,0.984652817,-0.199741974,-0.0496435203,0.054038085,-0.0188361704,0.00702825375,-0.0261634625,-0.00542473188,0.0533182435,0.010541928,-0.00378845166,-0.000700455566,-0.010655418,-0.0266914833,-0.0816906169,0.0221512318,0.0324703604,0.000595555233,0.00136040046,0.0112473313,-0.0142785423,-0.00539894914,-0.00196513464,-0.00467463396,0.0354838073,-0.000339019287,-0.00319169322,-0.000710914959,-0.00624553254,0.0258572251,0.00522857253,0.0210154392,0.00738251675,-0.187423557,0.103954233,-0.0621282421,0.382026464,-0.163991302,0.165467113,-0.368188739,-0.0740501136,0.0940795392,0.372425556,-0.386353433,-0.0342558809,0.0277724192,0.155463189,0.0286355726,0.347460389,0.33052057,0.0545199849,0.933817863,0.134876579,0.0227598865,0.0517722256,0.351890564,-0.365024388,-0.0161078256,0.981799662,-0.198035598,-0.0487006195,0.0549583323,-0.187423557,0.103954233,-0.0621282421,0.382026464,-0.163991302,0.165467113,-0.368188739,-0.0740501136,0.0940795392,0.372425556,-0.386353433,-0.0342558809,0.0277724192,0.155463189,0.0286355726,0.347460389,0.33052057,0.0545199849,0.933817863,0.134876579,0.0227598865,0.0517722256,0.351890564,-0.365024388,-0.0161078256,0.981799662,-0.198035598,-0.0487006195,0.0549583323,-0.187423557,0.103954233,-0.0621282421,0.382026464,-0.163991302,0.165467113,-0.368188739,-0.0740501136,0.0940795392,0.372425556,-0.386353433,-0.0342558809,0.0277724192,0.155463189,0.0286355726,0.347460389,0.33052057,0.0545199849,0.933817863,0.134876579,0.0227598865,0.0517722256,0.351890564,-0.365024388,-0.0161078256,0.981799662,-0.198035598,-0.0487006195,0.0549583323
2.28591581,3217569.69,0,0,0.00528262602,4.68967482e-06,1,0.176989008,0.00537188351,1,0.687709451,0.00878648739,-0.000417835021,0.725932717,-0.0104519119,-0.041604422,-0.0105365748,0,-0,-0,-0.183370426,0.0489329882,-0.0328179374,0.456873775,-0.266511142,0.0192431826,-0.346639514,-0.0319221765,0.073006019,0.455803603,-0.198616192,0.0338558331,0.0260398854,0.00471316092,0.000738420116,0.330567569,0.226341978,0.0259088445,0.985762119,0.134682521,0.044175867,0.0229133517,0.336382747,-0.315269232,-0.00266216998,0.984957397,-0.199677959,-0.0493706986,0.0541284084,-0.0188200641,0.00766467024,-0.0267964862,-0.00445740484,0.0546301939,0.0109729366,-0.00325054303,-0.000327680056,-0.0118102217,-0.026801873,-0.0749469623,0.0198921226,0.0290646665,-0.000148343417,0.00146340474,0.0184709281,-0.0207605679,-0.00519853039,-0.0017578901,-0.00470769638,0.0287959706,-0.000567276205,-0.00404523266,-0.0010270559,-0.00617433805,0.0243000444,0.00533708045,0.0222674329,0.00753674237,-0.189079642,0.103452884,-0.0621317513,0.380968571,-0.169363186,0.166502923,-0.3673895,-0.074645929,0.0941473693,0.372044355,-0.387486875,-0.0334813409,0.0282586254,0.157293305,0.0296041258,0.348543644,0.332042515,0.0540142469,0.934033036,0.134900674,0.0236337259,0.0521279275,0.351268768,-0.364989579,-0.0158532113,0.982499599,-0.197814822,-0.0479144529,0.0554677472,-0.189079642,0.103452884,-0.0621317513,0.380968571,-0.169363186,0.166502923,-0.3673895,-0.074645929,0.0941473693,0.372044355,-0.387486875,-0.0334813409,0.0282586254,0.157293305,0.0296041258,0.348543644,0.332042515,0.0540142469,0.934033036,0.134900674,0.0236337259,0.0521279275,0.351268768,-0.364989579,-0.0158532113,0.982499599,-0.197814822,-0.0479144529,0.0554677472,-0.189079642,0.103452884,-0.0621317513,0.380968571,-0.169363186,0.166502923,-0.3673895,-0.074645929,0.0941473693,0.372044355,-0.387486875,-0.0334813409,0.0282586254,0.157293305,0.0296041258,0.348543644,0.332042515,0.0540142469,0.934033036,0.134900674,0.0236337259,0.0521279275,0.351268768,-0.364989579,-0.0158532113,0.982499599,-0.197814822,-0.0479144529,0.0554677472
2.29636401,3217569.7,0,0,0.0157308234,7.32438639e-06,1,0.176989008,0,1,0.687742412,0.00888040941,-0.00056214456,0.725900292,-0.00988443196,-0.0421295464,-0.0115822796,0,-0,-0,-0.183517098,0.0489971749,-0.0330275148,0.456839621,-0.266083032,0.0193488766,-0.346664369,-0.0319241695,0.0729092062,0.455588788,-0.199211106,0.034018632,0.0262817759,0.00471183611,0.00074922567,0.330728799,0.226177454,0.0258013997,0.985746682,0.134642839,0.0444123112,0.0229099784,0.336336911,-0.315277815,-0.00271012634,0.985181689,-0.199632838,-0.0491388589,0.0541937314,-0.0180781353,0.00820578728,-0.0258803219,-0.0041703633,0.0532021485,0.0141628208,-0.00304026599,-0.000205638455,-0.0122487936,-0.0268472824,-0.073642619,0.0202805512,0.0305366553,-0.000196518726,0.00132652454,0.0213692654,-0.0205929913,-0.0178333763,-0.00197550375,-0.00505917473,0.02966493,-0.000381083286,-0.0067649642,-0.00110616127,-0.00591179775,0.0299131665,0.00575611368,0.0320931822,0.00842608418,-0.189079642,0.103452884,-0.0621317513,0.380968571,-0.169363186,0.166502923,-0.3673895,-0.074645929,0.0941473693,0.372044355,-0.387486875,-0.0334813409,0.0282586254,0.157293305,0.0296041258,0.348543644,0.332042515,0.0540142469,0.934033036,0.134900674,0.0236337259,0.0521279275,0.351268768,-0.364989579,-0.0158532113,0.982499599,-0.197814822,-0.0479144529,0.0554677472,-0.189079642,0.103452884,-0.0621317513,0.380968571,-0.169363186,0.166502923,-0.3673895,-0.074645929,0.0941473693,0.372044355,-0.387486875,-0.0334813409,0.0282586254,0.157293305,0.0296041258,0.348543644,0.332042515,0.0540142469,0.934033036,0.134900674,0.0236337259,0.0521279275,0.351268768,-0.364989579,-0.0158532113,0.982499599,-0.197814822,-0.0479144529,0.0554677472,-0.189079642,0.103452884,-0.0621317513,0.380968571,-0.169363186,0.166502923,-0.3673895,-0.074645929,0.0941473693,0.372044355,-0.387486875,-0.0334813409,0.0282586254,0.157293305,0.0296041258,0.348543644,0.332042515,0.0540142469,0.934033036,0.134900674,0.0236337259,0.0521279275,0.351268768,-0.364989579,-0.0158532113,0.982499599,-0.197814822,-0.0479144529,0.0554677472
2.30691527,3217569.71,0,0,0.00625647511,4.19421121e-06,1,0.202271156,0.00582842529,1,0.687802374,0.00905358978,-0.000813228253,0.725841045,-0.00850630645,-0.0431315713,-0.0119612254,0,-0,-0,-0.183764845,0.0491144732,-0.0333853699,0.456784815,-0.265331328,0.0195629802,-0.346705645,-0.0319261365,0.0727353022,0.455215424,-0.200192913,0.0342916101,0.0266800635,0.00470700394,0.000769298291,0.331094503,0.22587043,0.0254492629,0.985719979,0.134571746,0.0447992049,0.0229031052,0.336204588,-0.315294683,-0.00279114116,0.985627711,-0.199551523,-0.0486678891,0.0543176904,-0.0173591748,0.00843801629,-0.0252736807,-0.00367289782,0.0535615347,0.0170711074,-0.00291394931,-0.000117624841,-0.0125185149,-0.0263820216,-0.0683223754,0.0191771891,0.0270533953,-0.00038533262,0.00149415783,0.0295631643,-0.0226189829,-0.0313160531,-0.00188335124,-0.00512444694,0.0265562721,-0.000559838663,-0.0114532923,-0.00125660934,-0.00565733807,0.0332663357,0.00584102236,0.03498533,0.0101987906,-0.190673739,0.102824874,-0.0621692799,0.379998416,-0.175191611,0.167533129,-0.366652757,-0.0752205849,0.0941755474,0.371584743,-0.388879538,-0.0326634534,0.0287036337,0.159192964,0.0304432176,0.349394977,0.333496928,0.0535160266,0.934140563,0.134884119,0.0243507717,0.0524570346,0.350726545,-0.364839375,-0.015540842,0.983207285,-0.197707459,-0.0471201651,0.0559404604,-0.190673739,0.102824874,-0.0621692799,0.379998416,-0.175191611,0.167533129,-0.366652757,-0.0752205849,0.0941755474,0.371584743,-0.388879538,-0.0326634534,0.0287036337,0.159192964,0.0304432176,0.349394977,0.333496928,0.0535160266,0.934140563,0.134884119,0.0243507717,0.0524570346,0.350726545,-0.364839375,-0.015540842,0.983207285,-0.197707459,-0.0471201651,0.0559404604,-0.190673739,0.102824874,-0.0621692799,0.379998416,-0.175191611,0.167533129,-0.366652757,-0.0752205849,0.0941755474,0.371584743,-0.388879538,-0.0326634534,0.0287036337,0.159192964,0.0304432176,0.349394977,0.333496928,0.0535160266,0.934140563,0.134884119,0.0243507717,0.0524570346,0.350726545,-0.364839375,-0.015540842,0.983207285,-0.197707459,-0.0471201651,0.0559404604
2.31890509,3217569.73,0,0,0.018246301,5.85289672e-06,1,0.202271156,0,1,0.687848687,0.00918418262,-0.000991367735,0.725795329,-0.00760609703,-0.0438174605,-0.0129830763,0,-0,-0,-0.183933407,0.0492004231,-0.0336319283,0.456750214,-0.264804274,0.0197654273,-0.346734673,-0.031927187,0.0726082027,0.454954803,-0.200875074,0.0344846658,0.0269548483,0.00470425282,0.00078401668,0.33141318,0.225652605,0.0250364337,0.985700548,0.134519488,0.0450752601,0.0228972733,0.336067021,-0.315307081,-0.00284562726,0.985996008,-0.19949241,-0.0482669994,0.0544480421,-0.0165941715,0.00869625527,-0.0243866872,-0.00338020106,0.0527109168,0.0208855458,-0.00290101115,-8.90187584e-05,-0.0127810398,-0.0259171706,-0.066973418,0.0190916955,0.0268584397,-0.000248799828,0.00152546843,0.0338898003,-0.0218278486,-0.0458428934,-0.00191522378,-0.00519128283,0.0274212435,-0.000686629442,-0.0151033942,-0.00123853062,-0.00533823483,0.0380008817,0.00590265356,0.0410128944,0.0136639839,-0.190673739,0.102824874,-0.0621692799,0.379998416,-0.175191611,0.167533129,-0.366652757,-0.0752205849,0.0941755474,0.371584743,-0.388879538,-0.0326634534,0.0287036337,0.159192964,0.0304432176,0.349394977,0.333496928,0.0535160266,0.934140563,0.134884119,0.0243507717,0.0524570346,0.350726545,-0.364839375,-0.015540842,0.983207285,-0.197707459,-0.0471201651,0.0559404604,-0.190673739,0.102824874,-0.0621692799,0.379998416,-0.175191611,0.167533129,-0.366652757,-0.0752205849,0.0941755474,0.371584743,-0.388879538,-0.0326634534,0.0287036337,0.159192964,0.0304432176,0.349394977,0.333496928,0.0535160266,0.934140563,0.134884119,0.0243507717,0.0524570346,0.350726545,-0.364839375,-0.015540842,0.983207285,-0.197707459,-0.0471201651,0.0559404604,-0.190673739,0.102824874,-0.0621692799,0.379998416,-0.175191611,0.167533129,-0.366652757,-0.0752205849,0.0941755474,0.371584743,-0.388879538,-0.0326634534,0.0287036337,0.159192964,0.0304432176,0.349394977,0.333496928,0.0535160266,0.934140563,0.134884119,0.0243507717,0.0524570346,0.350726545,-0.364839375,-0.015540842,0.983207285,-0.197707459,-0.0471201651,0.0559404604
2.32891546,3217569.74,0,0,0.00825358229,4.25428152e-06,1,0.201339833,0.00624242425,1,0.687906444,0.00934944395,-0.00120329671,0.725738108,-0.00614867173,-0.0447527952,-0.0138257165,0,-0,-0,-0.184128016,0.0493033193,-0.0339194797,0.456712961,-0.264169157,0.0200481564,-0.346770138,-0.0319282413,0.0724567026,0.454649717,-0.2016498,0.0347061679,0.0272511281,0.00470090425,0.000804495416,0.33186847,0.225376412,0.0244356859,0.985679328,0.134458855,0.0453890264,0.0228858236,0.335865736,-0.315321922,-0.00290779024,0.986445308,-0.199422777,-0.0477984324,0.0546095408,-0.0158999991,0.00811757706,-0.0233096946,-0.00252363109,0.0515813865,0.0323421136,-0.00299208169,-0.000156754875,-0.0124199102,-0.0247276295,-0.0659561083,0.0185035467,0.0245078038,-0.00025721264,0.00173276244,0.03996462,-0.0230023321,-0.0556094609,-0.00172814156,-0.00508924108,0.0268596336,-0.00105440989,-0.0181452446,-0.00119418942,-0.00499557098,0.0385151058,0.00572786853,0.0411175601,0.0158901345,-0.192265749,0.102160648,-0.0622382276,0.3790434,-0.181434035,0.168594331,-0.365985513,-0.0757347345,0.0941512883,0.371106088,-0.39052701,-0.0318318866,0.0290964954,0.160985261,0.0312558226,0.350086957,0.334919155,0.0530066676,0.93418479,0.134846985,0.0249402337,0.0527675338,0.350206435,-0.364626169,-0.0151860258,0.983900309,-0.197709918,-0.0463269316,0.0563636348,-0.192265749,0.102160648,-0.0622382276,0.3790434,-0.181434035,0.168594331,-0.365985513,-0.0757347345,0.0941512883,0.371106088,-0.39052701,-0.0318318866,0.0290964954,0.160985261,0.0312558226,0.350086957,0.334919155,0.0530066676,0.93418479,0.134846985,0.0249402337,0.0527675338,0.350206435,-0.364626169,-0.0151860258,0.983900309,-0.197709918,-0.0463269316,0.0563636348,-0.192265749,0.102160648,-0.0622382276,0.3790434,-0.181434035,0.168594331,-0.365985513,-0.0757347345,0.0941512883,0.371106088,-0.39052701,-0.0318318866,0.0290964954,0.160985261,0.0312558226,0.350086957,0.334919155,0.0530066676,0.93418479,0.134846985,0.0249402337,0.0527675338,0.350206435,-0.364626169,-0.0151860258,0.983900309,-0.197709918,-0.0463269316,0.0563636348
2.33894048,3217569.75,0,0,0.0182786062,1.12429261e-05,1,0.201339833,0,1,0.687948227,0.00946508255,-0.00134297309,0.725696802,-0.00524296612,-0.0452671386,-0.01458262,0,-0,-0,-0.184252799,0.0493656397,-0.0341011956,0.456695646,-0.263762772,0.020364549,-0.346794069,-0.0319298208,0.0723582581,0.454455316,-0.20218499,0.0348531976,0.0274464954,0.00469932379,0.000818484172,0.33220318,0.225192726,0.0239509754,0.985665917,0.134418353,0.0456101298,0.0228762124,0.335710317,-0.315331042,-0.00294629694,0.986761987,-0.199377716,-0.0474543683,0.0547554009,-0.015458039,0.00771048805,-0.0225066356,-0.00208841497,0.0508211553,0.04162376,-0.00298911217,-0.000199002025,-0.0122826677,-0.0242104884,-0.0664266124,0.0181502681,0.0239189062,-0.000163946956,0.00178238796,0.0432147682,-0.0232636556,-0.0623846501,-0.00161588308,-0.005002141,0.0275780037,-0.00132300134,-0.0200519133,-0.00111400115,-0.00472212536,0.0395914465,0.00557152648,0.0428206325,0.0187058542,-0.192265749,0.102160648,-0.0622382276,0.3790434,-0.181434035,0.168594331,-0.365985513,-0.0757347345,0.0941512883,0.371106088,-0.39052701,-0.0318318866,0.0290964954,0.160985261,0.0312558226,0.350086957,0.334919155,0.0530066676,0.93418479,0.134846985,0.0249402337,0.0527675338,0.350206435,-0.364626169,-0.0151860258,0.983900309,-0.197709918,-0.0463269316,0.0563636348,-0.192265749,0.102160648,-0.0622382276,0.3790434,-0.181434035,0.168594331,-0.365985513,-0.0757347345,0.0941512883,0.371106088,-0.39052701,-0.0318318866,0.0290964954,0.160985261,0.0312558226,0.350086957,0.334919155,0.0530066676,0.93418479,0.134846985,0.0249402337,0.0527675338,0.350206435,-0.364626169,-0.0151860258,0.983900309,-0.197709918,-0.0463269316,0.0563636348,-0.192265749,0.102160648,-0.0622382276,0.3790434,-0.181434035,0.168594331,-0.365985513,-0.0757347345,0.0941512883,0.371106088,-0.39052701,-0.0318318866,0.0290964954,0.160985261,0.0312558226,0.350086957,0.334919155,0.0530066676,0.93418479,0.134846985,0.0249402337,0.0527675338,0.350206435,-0.364626169,-0.0151860258,0.983900309,-0.197709918,-0.0463269316,0.0563636348
2.3499168,3217569.76,0,0,0.00922306301,4.37581912e-06,1,0.210772268,0.00648266077,1,0.68801254,0.0096456809,-0.00155046023,0.725633025,-0.00397023046,-0.0460416414,-0.0152153214,0,-0,-0,-0.184434995,0.0494569167,-0.0343679674,0.456671923,-0.263146937,0.0208954215,-0.346830785,-0.031931974,0.0722112134,0.454168856,-0.202959597,0.0350625776,0.0277110655,0.00469803065,0.000841804373,0.332763582,0.224894717,0.023191601,0.985648572,0.134360477,0.0459284969,0.0228564329,0.335461408,-0.315343767,-0.00300070946,0.987211227,-0.19931294,-0.0469765812,0.0549686477,-0.0149762267,0.00719158538,-0.0218379013,-0.00149002462,0.0501607135,0.0526687838,-0.00313821156,-0.000215940294,-0.0122321406,-0.0230859499,-0.0667921677,0.0174557287,0.0219009835,-2.83252957e-05,0.00196824898,0.0483771972,-0.0250779819,-0.0663382336,-0.00138919754,-0.00483196275,0.0272072535,-0.00179586839,-0.0214226898,-0.000979243545,-0.00431661494,0.0373091549,0.00523250038,0.0413265862,0.0190099943,-0.193849146,0.10150297,-0.0623292588,0.37807554,-0.187916696,0.169662341,-0.365385026,-0.0761267394,0.0940570235,0.370622993,-0.392345965,-0.0309931543,0.0294429101,0.162603229,0.0320344195,0.350685805,0.336336195,0.0524975508,0.934155226,0.134825766,0.0254505239,0.0530344956,0.349716246,-0.36440888,-0.0148009798,0.984546423,-0.197781444,-0.0455327332,0.0567246862,-0.193849146,0.10150297,-0.0623292588,0.37807554,-0.187916696,0.169662341,-0.365385026,-0.0761267394,0.0940570235,0.370622993,-0.392345965,-0.0309931543,0.0294429101,0.162603229,0.0320344195,0.350685805,0.336336195,0.0524975508,0.934155226,0.134825766,0.0254505239,0.0530344956,0.349716246,-0.36440888,-0.0148009798,0.984546423,-0.197781444,-0.0455327332,0.0567246862,-0.193849146,0.10150297,-0.0623292588,0.37807554,-0.187916696,0.169662341,-0.365385026,-0.0761267394,0.0940570235,0.370622993,-0.392345965,-0.0309931543,0.0294429101,0.162603229,0.0320344195,0.350685805,0.336336195,0.0524975508,0.934155226,0.134825766,0.0254505239,0.0530344956,0.349716246,-0.36440888,-0.0148009798,0.984546423,-0.197781444,-0.0455327332,0.0567246862
2.35994902,3217569.77,0,0,0.0192552824,2.35610642e-05,1,0.210772268,0,1,0.688068867,0.00980221201,-0.00172157586,0.725577116,-0.00308476714,-0.0465337373,-0.0156844165,0,-0,-0,-0.184582844,0.0495261103,-0.0345831849,0.456659764,-0.262650371,0.0214935988,-0.346862584,-0.031934049,0.0720877424,0.453942895,-0.203641832,0.0352345705,0.0279286578,0.00469885301,0.000861774723,0.333265841,0.224641129,0.0225012396,0.985635579,0.134312764,0.0462068766,0.02283624,0.335240811,-0.315352619,-0.00304152421,0.987582624,-0.199262559,-0.0465506501,0.0551677085,-0.0147174746,0.00689904066,-0.0214780513,-0.00121741462,0.050027702,0.0615813881,-0.00319811772,-0.000175751135,-0.0124779576,-0.0225699842,-0.0675566792,0.0168113261,0.0211868789,0.000144696693,0.00204468356,0.0517123416,-0.025935689,-0.0693873167,-0.0012198789,-0.00468690367,0.0276212376,-0.00219181785,-0.0222689528,-0.000838577631,-0.00396296708,0.0363048948,0.00492862519,0.0417206772,0.0194770209,-0.193849146,0.10150297,-0.0623292588,0.37807554,-0.187916696,0.169662341,-0.365385026,-0.0761267394,0.0940570235,0.370622993,-0.392345965,-0.0309931543,0.0294429101,0.162603229,0.0320344195,0.350685805,0.336336195,0.0524975508,0.934155226,0.134825766,0.0254505239,0.0530344956,0.349716246,-0.36440888,-0.0148009798,0.984546423,-0.197781444,-0.0455327332,0.0567246862,-0.193849146,0.10150297,-0.0623292588,0.37807554,-0.187916696,0.169662341,-0.365385026,-0.0761267394,0.0940570235,0.370622993,-0.392345965,-0.0309931543,0.0294429101,0.162603229,0.0320344195,0.350685805,0.336336195,0.0524975508,0.934155226,0.134825766,0.0254505239,0.0530344956,0.349716246,-0.36440888,-0.0148009798,0.984546423,-0.197781444,-0.0455327332,0.0567246862,-0.193849146,0.10150297,-0.0623292588,0.37807554,-0.187916696,0.169662341,-0.365385026,-0.0761267394,0.0940570235,0.370622993,-0.392345965,-0.0309931543,0.0294429101,0.162603229,0.0320344195,0.350685805,0.336336195,0.0524975508,0.934155226,0.134825766,0.0254505239,0.0530344956,0.349716246,-0.36440888,-0.0148009798,0.984546423,-0.197781444,-0.0455327332,0.0567246862
2.37091567,3217569.78,0,0,0.0102552362,4.44427133e-06,1,0.175240915,0.00643259287,1,0.68812561,0.00996274687,-0.00189127028,0.72552073,-0.00244229613,-0.0468237177,-0.015785547,0,-0,-0,-0.184730753,0.0495936312,-0.0347989649,0.456650198,-0.262152255,0.0221631899,-0.346895367,-0.0319357254,0.0719585866,0.453719765,-0.20432362,0.0353995077,0.0281351153,0.00470146397,0.000882499502,0.333800942,0.22437723,0.0217977092,0.985624194,0.134266391,0.0464849211,0.0228120908,0.335015118,-0.315360099,-0.00307885255,0.987937927,-0.199215367,-0.0461363532,0.0553604104,-0.0149154849,0.0065071946,-0.0216554347,-0.000542358786,0.0487274006,0.0740739554,-0.00334968092,-0.00019470985,-0.0133630009,-0.0218961183,-0.0706779435,0.0165994298,0.020869296,0.000372508803,0.00203000824,0.0542176664,-0.0260073841,-0.0726000145,-0.00112209015,-0.00466636289,0.0287812017,-0.00254273484,-0.0230299123,-0.000655054871,-0.00350887841,0.0361629538,0.00452921912,0.0433723591,0.0202411972,-0.195414156,0.100906551,-0.0624474846,0.377139032,-0.194349289,0.170677274,-0.364925712,-0.0764664412,0.0939149261,0.370124668,-0.394117564,-0.0301457439,0.0297469646,0.163977742,0.0328717455,0.351286203,0.337735713,0.0519735478,0.934113383,0.13481769,0.025964506,0.0532532744,0.349210143,-0.364192665,-0.0143995192,0.985147238,-0.197883591,-0.044801224,0.0570442155,-0.195414156,0.100906551,-0.0624474846,0.377139032,-0.194349289,0.170677274,-0.364925712,-0.0764664412,0.0939149261,0.370124668,-0.394117564,-0.0301457439,0.0297469646,0.163977742,0.0328717455,0.351286203,0.337735713,0.0519735478,0.934113383,0.13481769,0.025964506,0.0532532744,0.349210143,-0.364192665,-0.0143995192,0.985147238,-0.197883591,-0.044801224,0.0570442155,-0.195414156,0.100906551,-0.0624474846,0.377139032,-0.194349289,0.170677274,-0.364925712,-0.0764664412,0.0939149261,0.370124668,-0.394117564,-0.0301457439,0.0297469646,0.163977742,0.0328717455,0.351286203,0.337735713,0.0519735478,0.934113383,0.13481769,0.025964506,0.0532532744,0.349210143,-0.364192665,-0.0143995192,0.985147238,-0.197883591,-0.044801224,0.0570442155
2.38091936,3217569.79,0,0,0.000230232719,5.77699393e-06,1,0.232758932,0.00660811365,1,0.688192427,0.0101582631,-0.00209359871,0.725454032,-0.00197148323,-0.047053434,-0.0151110478,0,-0,-0,-0.184913173,0.0496749505,-0.0350653864,0.456643343,-0.261557847,0.0230657887,-0.346936435,-0.0319374055,0.0717859864,0.45345366,-0.205154926,0.0355901681,0.0283738859,0.00470760232,0.00090805511,0.334474921,0.224057645,0.0209414326,0.985612512,0.134212315,0.0468245409,0.0227775276,0.334739834,-0.315366834,-0.00311812107,0.98835367,-0.199163854,-0.0456444547,0.0555856489,-0.0153911691,0.00711792149,-0.0226462893,-0.000735586975,0.0507530831,0.0731563866,-0.00349754444,-7.22472978e-05,-0.0150711089,-0.0224962123,-0.0667238235,0.0151556646,0.0187823102,0.000572741905,0.00227925112,0.0577812158,-0.0276383534,-0.0684558153,-0.000824628049,-0.00434755348,0.0272283964,-0.00314412219,-0.0224348921,-0.000521133596,-0.003154048,0.0323363617,0.00415234035,0.0372699723,0.016664179,-0.195414156,0.100906551,-0.0624474846,0.377139032,-0.194349289,0.170677274,-0.364925712,-0.0764664412,0.0939149261,0.370124668,-0.394117564,-0.0301457439,0.0297469646,0.163977742,0.0328717455,0.351286203,0.337735713,0.0519735478,0.934113383,0.13481769,0.025964506,0.0532532744,0.349210143,-0.364192665,-0.0143995192,0.985147238,-0.197883591,-0.044801224,0.0570442155,-0.196839064,0.10028962,-0.0625363588,0.376250237,-0.200957403,0.171650663,-0.364628106,-0.0767995864,0.0937653333,0.369594276,-0.395886481,-0.029269971,0.0300347582,0.165165752,0.0337203629,0.35191977,0.338968873,0.051416222,0.934092224,0.134861812,0.0264766961,0.053401012,0.348722696,-0.364020109,-0.0140021956,0.985726833,-0.198015988,-0.0441349372,0.0573231019,-0.196839064,0.10028962,-0.0625363588,0.376250237,-0.200957403,0.171650663,-0.364628106,-0.0767995864,0.0937653333,0.369594276,-0.395886481,-0.029269971,0.0300347582,0.165165752,0.0337203629,0.35191977,0.338968873,0.051416222,0.934092224,0.134861812,0.0264766961,0.053401012,0.348722696,-0.364020109,-0.0140021956,0.985726833,-0.198015988,-0.0441349372,0.0573231019
2.39191526,3217569.8,0,0,0.0112261251,3.99909914e-06,1,0.232758932,0,1,0.688246846,0.0103238514,-0.00226098951,0.725399613,-0.00138906483,-0.0471138805,-0.0154231302,0,-0,-0,-0.185069919,0.0497474894,-0.0352930129,0.456638187,-0.2610493,0.0238233525,-0.34697631,-0.0319376662,0.0716290697,0.453234196,-0.205821827,0.035737168,0.0285588801,0.00471375091,0.000931836024,0.335065216,0.223774374,0.0202806406,0.985605538,0.134169564,0.0470936298,0.0227437001,0.334522784,-0.315371484,-0.00314774201,0.988654315,-0.199124545,-0.0452963263,0.0557388999,-0.0159587022,0.00712399883,-0.022586124,-6.6983579e-05,0.0497856066,0.0823467895,-0.0045304629,-3.49454531e-05,-0.0161068384,-0.0210639294,-0.0695317611,0.0147765055,0.0192998238,0.000664039631,0.00232523284,0.0592426099,-0.0278824158,-0.0670183152,-0.000675097515,-0.00431393087,0.0278743748,-0.00348860165,-0.0216352511,-0.000404204591,-0.00276557915,0.0301809683,0.00372815947,0.0360794812,0.0159779489,-0.196839064,0.10028962,-0.0625363588,0.376250237,-0.200957403,0.171650663,-0.364628106,-0.0767995864,0.0937653333,0.369594276,-0.395886481,-0.029269971,0.0300347582,0.165165752,0.0337203629,0.35191977,0.338968873,0.051416222,0.934092224,0.134861812,0.0264766961,0.053401012,0.348722696,-0.364020109,-0.0140021956,0.985726833,-0.198015988,-0.0441349372,0.0573231019,-0.196839064,0.10028962,-0.0625363588,0.376250237,-0.200957403,0.171650663,-0.364628106,-0.0767995864,0.0937653333,0.369594276,-0.395886481,-0.029269971,0.0300347582,0.165165752,0.0337203629,0.35191977,0.338968873,0.051416222,0.934092224,0.134861812,0.0264766961,0.053401012,0.348722696,-0.364020109,-0.0140021956,0.985726833,-0.198015988,-0.0441349372,0.0573231019,-0.196839064,0.10028962,-0.0625363588,0.376250237,-0.200957403,0.171650663,-0.364628106,-0.0767995864,0.0937653333,0.369594276,-0.395886481,-0.029269971,0.0300347582,0.165165752,0.0337203629,0.35191977,0.338968873,0.051416222,0.934092224,0.134861812,0.0264766961,0.053401012,0.348722696,-0.364020109,-0.0140021956,0.985726833,-0.198015988,-0.0441349372,0.0573231019
2.40240265,3217569.81,0,0,0.00177565916,6.867107e-06,1,0.172222033,0.00682227314,1,0.688302219,0.0104908552,-0.00242641661,0.725344181,-0.000993997441,-0.0470827967,-0.015269882,0,-0,-0,-0.185233653,0.0498220697,-0.0355210491,0.456637859,-0.26054582,0.0246541388,-0.347026587,-0.0319373906,0.0714595392,0.453024656,-0.206508383,0.0358791128,0.0287514124,0.00472112466,0.000955845637,0.335666478,0.223494694,0.0196288712,0.985600054,0.134127334,0.047371529,0.0227064751,0.334310591,-0.315375,-0.00317354803,0.988943815,-0.199089378,-0.0449508205,0.0558905788,-0.016664831,0.00778746,-0.0230426062,-0.000136623872,0.0512337871,0.0812962577,-0.0053601251,8.85754562e-05,-0.0175045356,-0.0210458804,-0.0668196604,0.0136379097,0.018840624,0.000768527738,0.00249533588,0.0608979352,-0.0283504687,-0.0627394542,-0.000438961346,-0.00413028011,0.0272180364,-0.00389408483,-0.0207550488,-0.000331832591,-0.00249040429,0.0274502579,0.00340265664,0.0323200151,0.0140018789,-0.198176622,0.0996348336,-0.0626332685,0.375361353,-0.207779676,0.172592402,-0.364420056,-0.077112563,0.0935875326,0.369039834,-0.397637784,-0.0283370558,0.0302979853,0.166213334,0.0345442928,0.352571189,0.339992642,0.0508572124,0.934085548,0.134949237,0.0269978866,0.0534829423,0.348266393,-0.36386171,-0.0136147831,0.986288428,-0.198187411,-0.0435629152,0.0575655736,-0.198176622,0.0996348336,-0.0626332685,0.375361353,-0.207779676,0.172592402,-0.364420056,-0.077112563,0.0935875326,0.369039834,-0.397637784,-0.0283370558,0.0302979853,0.166213334,0.0345442928,0.352571189,0.339992642,0.0508572124,0.934085548,0.134949237,0.0269978866,0.0534829423,0.348266393,-0.36386171,-0.0136147831,0.986288428,-0.198187411,-0.0435629152,0.0575655736,-0.198176622,0.0996348336,-0.0626332685,0.375361353,-0.207779676,0.172592402,-0.364420056,-0.077112563,0.0935875326,0.369039834,-0.397637784,-0.0283370558,0.0302979853,0.166213334,0.0345442928,0.352571189,0.339992642,0.0508572124,0.934085548,0.134949237,0.0269978866,0.0534829423,0.348266393,-0.36386171,-0.0136147831,0.986288428,-0.198187411,-0.0435629152,0.0575655736
2.41294302,3217569.82,0,0,0.0123160272,1.0792166e-05,1,0.172222033,0,1,0.688357413,0.0106590334,-0.00258967304,0.725288689,-0.000455227069,-0.0467770137,-0.0157368556,0,-0,-0,-0.185406268,0.0499017686,-0.0357523151,0.456638962,-0.260033071,0.0254907832,-0.347089171,-0.0319361016,0.0712777376,0.452820897,-0.207178205,0.0360114612,0.0289413836,0.00472913869,0.000981045421,0.336281538,0.223211363,0.0190234166,0.985596657,0.134086564,0.0476445258,0.0226656422,0.334107816,-0.315377921,-0.00319658918,0.989206731,-0.199057817,-0.0446444042,0.0560235642,-0.0177742708,0.0077910726,-0.0229800381,0.000628983078,0.0501020737,0.0911532268,-0.00701735914,9.73111019e-05,-0.0186677612,-0.0194466989,-0.0703228861,0.0133723151,0.0200717598,0.000850110839,0.00240249932,0.0612890385,-0.0273841061,-0.0618697628,-0.00035750051,-0.00412203744,0.0286880732,-0.00414368603,-0.0204774775,-0.000235545158,-0.00211466849,0.0274968874,0.00292347255,0.0322353542,0.0142686842,-0.198176622,0.0996348336,-0.0626332685,0.375361353,-0.207779676,0.172592402,-0.364420056,-0.077112563,0.0935875326,0.369039834,-0.397637784,-0.0283370558,0.0302979853,0.166213334,0.0345442928,0.352571189,0.339992642,0.0508572124,0.934085548,0.134949237,0.0269978866,0.0534829423,0.348266393,-0.36386171,-0.0136147831,0.986288428,-0.198187411,-0.0435629152,0.0575655736,-0.198176622,0.0996348336,-0.0626332685,0.375361353,-0.207779676,0.172592402,-0.364420056,-0.077112563,0.0935875326,0.369039834,-0.397637784,-0.0283370558,0.0302979853,0.166213334,0.0345442928,0.352571189,0.339992642,0.0508572124,0.934085548,0.134949237,0.0269978866,0.0534829423,0.348266393,-0.36386171,-0.0136147831,0.986288428,-0.198187411,-0.0435629152,0.0575655736,-0.198176622,0.0996348336,-0.0626332685,0.375361353,-0.207779676,0.172592402,-0.364420056,-0.077112563,0.0935875326,0.369039834,-0.397637784,-0.0283370558,0.0302979853,0.166213334,0.0345442928,0.352571189,0.339992642,0.0508572124,0.934085548,0.134949237,0.0269978866,0.0534829423,0.348266393,-0.36386171,-0.0136147831,0.986288428,-0.198187411,-0.0435629152,0.0575655736
2.42391794,3217569.83,0,0,0.00320489937,6.17420301e-06,1,0.251212623,0.00704783201,1,0.688424587,0.0108613865,-0.00278234459,0.725221276,-3.8724942e-05,-0.0465982631,-0.0153652607,0,-0,-0,-0.185627326,0.0500015616,-0.0360328257,0.45664531,-0.259420186,0.0265651289,-0.347181499,-0.0319337361,0.0710415915,0.452584893,-0.207993478,0.0361631364,0.0291788839,0.00474029686,0.00101161143,0.337024868,0.222887889,0.0183149092,0.985594451,0.134038791,0.0479867309,0.022612771,0.33386445,-0.315380335,-0.00321959122,0.989527702,-0.199025944,-0.044281844,0.0561825074,-0.0188956968,0.00880527496,-0.0237539075,0.000317579892,0.0524367653,0.0855818465,-0.00819822866,0.000294170517,-0.0203368254,-0.019934671,-0.0647406057,0.0118864253,0.0190880429,0.000956053729,0.00271284091,0.062667653,-0.0270758085,-0.055455517,-2.13506046e-05,-0.00385636277,0.0276854802,-0.00460376637,-0.0198369529,-0.000192328283,-0.00182316708,0.0251037534,0.00251528597,0.0273418929,0.0118064201,-0.199466646,0.09893585,-0.0627565756,0.37444514,-0.214827508,0.173489437,-0.364250183,-0.077415213,0.0933804214,0.368508518,-0.399356782,-0.0273412783,0.030542016,0.16714403,0.0353290103,0.353228182,0.34078002,0.0503128916,0.934083939,0.13505286,0.0275221057,0.0535127893,0.347829908,-0.36368832,-0.0132257184,0.986824393,-0.198403731,-0.0430877879,0.0577460155,-0.199466646,0.09893585,-0.0627565756,0.37444514,-0.214827508,0.173489437,-0.364250183,-0.077415213,0.0933804214,0.368508518,-0.399356782,-0.0273412783,0.030542016,0.16714403,0.0353290103,0.353228182,0.34078002,0.0503128916,0.934083939,0.13505286,0.0275221057,0.0535127893,0.347829908,-0.36368832,-0.0132257184,0.986824393,-0.198403731,-0.0430877879,0.0577460155,-0.199466646,0.09893585,-0.0627565756,0.37444514,-0.214827508,0.173489437,-0.364250183,-0.077415213,0.0933804214,0.368508518,-0.399356782,-0.0273412783,0.030542016,0.16714403,0.0353290103,0.353228182,0.34078002,0.0503128916,0.934083939,0.13505286,0.0275221057,0.0535127893,0.347829908,-0.36368832,-0.0132257184,0.986824393,-0.198403731,-0.0430877879,0.0577460155
2.433925,3217569.84,0,0,0.013211967,8.77585262e-06,1,0.251212623,0,1,0.688480377,0.0110308127,-0.00294015603,0.725165129,0.000487863988,-0.0462451354,-0.0157765038,0,-0,-0,-0.185823381,0.0500896014,-0.0362711474,0.456652552,-0.258903891,0.0274682119,-0.347274512,-0.031930685,0.0708320141,0.452395558,-0.208657935,0.0362814218,0.0293745324,0.00475032208,0.00103863084,0.337651372,0.22262688,0.0177707113,0.985594928,0.134000599,0.0482725501,0.0225652996,0.333665699,-0.315381795,-0.00323547819,0.989783645,-0.199004427,-0.0440127663,0.056298513,-0.0200714096,0.00874241255,-0.0238470137,0.00103985716,0.050853733,0.0948005393,-0.010010398,0.000300516753,-0.0214012042,-0.0182434339,-0.0683221743,0.0118753901,0.0201429874,0.00105162582,0.00267226156,0.0624236949,-0.0250974558,-0.0546544492,7.1069262e-05,-0.00380355469,0.0296313856,-0.00483078277,-0.0201290343,-0.000105890678,-0.00141200237,0.0267040692,0.00188603217,0.0274444371,0.0116412388,-0.199466646,0.09893585,-0.0627565756,0.37444514,-0.214827508,0.173489437,-0.364250183,-0.077415213,0.0933804214,0.368508518,-0.399356782,-0.0273412783,0.030542016,0.16714403,0.0353290103,0.353228182,0.34078002,0.0503128916,0.934083939,0.13505286,0.0275221057,0.0535127893,0.347829908,-0.36368832,-0.0132257184,0.986824393,-0.198403731,-0.0430877879,0.0577460155,-0.199466646,0.09893585,-0.0627565756,0.37444514,-0.214827508,0.173489437,-0.364250183,-0.077415213,0.0933804214,0.368508518,-0.399356782,-0.0273412783,0.030542016,0.16714403,0.0353290103,0.353228182,0.34078002,0.0503128916,0.934083939,0.13505286,0.0275221057,0.0535127893,0.347829908,-0.36368832,-0.0132257184,0.986824393,-0.198403731,-0.0430877879,0.0577460155,-0.199466646,0.09893585,-0.0627565756,0.37444514,-0.214827508,0.173489437,-0.364250183,-0.077415213,0.0933804214,0.368508518,-0.399356782,-0.0273412783,0.030542016,0.16714403,0.0353290103,0.353228182,0.34078002,0.0503128916,0.934083939,0.13505286,0.0275221057,0.0535127893,0.347829908,-0.36368832,-0.0132257184,0.986824393,-0.198403731,-0.0430877879,0.0577460155
2.44393951,3217569.85,0,0,0.00327244401,6.77444041e-06,1,0.182320364,0.00732424855,1,0.688536167,0.0112009412,-0.00309559563,0.725108922,0.000915471232,-0.0461527705,-0.0154287331,0,-0,-0,-0.186029896,0.0501812473,-0.0365137197,0.456661373,-0.258383214,0.0283891745,-0.347381026,-0.0319267549,0.0706108734,0.45221135,-0.209313631,0.0363928229,0.0295709074,0.00476136431,0.00106704154,0.338279277,0.222382426,0.0172541253,0.985597193,0.133963734,0.0485662259,0.0225152019,0.333466798,-0.315382689,-0.00324825686,0.990041673,-0.198987707,-0.0437586978,0.0564050972,-0.0210163686,0.00950065069,-0.0245226249,0.000701919256,0.0532468781,0.0888592601,-0.0111043295,0.000473654713,-0.0224996377,-0.0185451508,-0.0629777536,0.0105129527,0.0190743171,0.00111571723,0.00299567659,0.0631603599,-0.0242379289,-0.0488377661,0.000360725244,-0.0035993543,0.028793443,-0.00513409916,-0.0195155423,-9.3562463e-05,-0.0012197115,0.0244547091,0.00156680588,0.0234103333,0.0100787422,-0.200746536,0.0982058421,-0.0629068092,0.373498231,-0.222151756,0.174351707,-0.364099711,-0.0776956081,0.093137145,0.368004799,-0.401082039,-0.0262700636,0.0307790153,0.167961568,0.0360642485,0.35387969,0.341339856,0.0497875959,0.934089065,0.135168165,0.0280421004,0.0535101444,0.347389579,-0.363488913,-0.0128217107,0.987338901,-0.198664606,-0.0426928215,0.0578645356,-0.200746536,0.0982058421,-0.0629068092,0.373498231,-0.222151756,0.174351707,-0.364099711,-0.0776956081,0.093137145,0.368004799,-0.401082039,-0.0262700636,0.0307790153,0.167961568,0.0360642485,0.35387969,0.341339856,0.0497875959,0.934089065,0.135168165,0.0280421004,0.0535101444,0.347389579,-0.363488913,-0.0128217107,0.987338901,-0.198664606,-0.0426928215,0.0578645356,-0.200746536,0.0982058421,-0.0629068092,0.373498231,-0.222151756,0.174351707,-0.364099711,-0.0776956081,0.093137145,0.368004799,-0.401082039,-0.0262700636,0.0307790153,0.167961568,0.0360642485,0.35387969,0.341339856,0.0497875959,0.934089065,0.135168165,0.0280421004,0.0535101444,0.347389579,-0.363488913,-0.0128217107,0.987338901,-0.198664606,-0.0426928215,0.0578645356
2.45394225,3217569.86,0,0,0.0132751819,1.23521313e-05,1,0.182320364,0,1,0.688592076,0.0113723576,-0.00324849621,0.725052416,0.00149173872,-0.0459050164,-0.0158571005,0,-0,-0,-0.186246559,0.0502754599,-0.0367599502,0.456672192,-0.257858843,0.0293228608,-0.347503543,-0.0319219641,0.0703810528,0.452037752,-0.209962457,0.0364977978,0.0297658294,0.00477307895,0.00109704118,0.338908255,0.222153023,0.0167768616,0.985601425,0.133928254,0.0488641486,0.0224628821,0.333270937,-0.315383166,-0.00325810025,0.990293205,-0.198976129,-0.0435295328,0.0565019324,-0.0220778212,0.00930905249,-0.0246616248,0.00137692725,0.0516524091,0.0976472795,-0.0129826758,0.000470105588,-0.0233388711,-0.0165243447,-0.0669070408,0.0105770957,0.0200033188,0.00122820039,0.00297974213,0.0625402406,-0.0217811279,-0.0477985106,0.000452501466,-0.00351734483,0.0308731813,-0.00528564863,-0.019853279,-6.13726479e-06,-0.00080650032,0.0263856612,0.00085606036,0.0232474618,0.00950953178,-0.200746536,0.0982058421,-0.0629068092,0.373498231,-0.222151756,0.174351707,-0.364099711,-0.0776956081,0.093137145,0.368004799,-0.401082039,-0.0262700636,0.0307790153,0.167961568,0.0360642485,0.35387969,0.341339856,0.0497875959,0.934089065,0.135168165,0.0280421004,0.0535101444,0.347389579,-0.363488913,-0.0128217107,0.987338901,-0.198664606,-0.0426928215,0.0578645356,-0.200746536,0.0982058421,-0.0629068092,0.373498231,-0.222151756,0.174351707,-0.364099711,-0.0776956081,0.093137145,0.368004799,-0.401082039,-0.0262700636,0.0307790153,0.167961568,0.0360642485,0.35387969,0.341339856,0.0497875959,0.934089065,0.135168165,0.0280421004,0.0535101444,0.347389579,-0.363488913,-0.0128217107,0.987338901,-0.198664606,-0.0426928215,0.0578645356,-0.200746536,0.0982058421,-0.0629068092,0.373498231,-0.222151756,0.174351707,-0.364099711,-0.0776956081,0.093137145,0.368004799,-0.401082039,-0.0262700636,0.0307790153,0.167961568,0.0360642485,0.35387969,0.341339856,0.0497875959,0.934089065,0.135168165,0.0280421004,0.0535101444,0.347389579,-0.363488913,-0.0128217107,0.987338901,-0.198664606,-0.0426928215,0.0578645356
2.46493592,3217569.87,0,0,0.00429394608,4.26592305e-06,1,0.185907818,0.00707685947,1,0.688659191,0.0115797408,-0.00342924218,0.724984586,0.00204956252,-0.0459335372,-0.0154871717,0,-0,-0,-0.186518997,0.0503916107,-0.0370617472,0.456686705,-0.257220715,0.0304642878,-0.347667575,-0.0319152437,0.0700923577,0.451837301,-0.210729733,0.0366140939,0.0300000068,0.00478869257,0.00113497395,0.339659601,0.221906915,0.0162392091,0.985608757,0.133887395,0.0492340475,0.0223977249,0.333035469,-0.315382987,-0.00326607912,0.99060148,-0.198968828,-0.0432713926,0.056613382,-0.0231341757,0.0100000352,-0.0254672188,0.00101021503,0.0547538996,0.0918666273,-0.0141734499,0.000647673092,-0.0244616214,-0.0168643184,-0.0609986074,0.0088684475,0.0189762171,0.00132275419,0.00333916023,0.0627639368,-0.0198040772,-0.041883301,0.000748628285,-0.00332002342,0.0303592421,-0.00557236094,-0.0191974249,1.57879713e-05,-0.00060356973,0.0243637841,0.000492352352,0.01972753,0.00914321095,-0.20200628,0.097617805,-0.0631314516,0.372518063,-0.229228616,0.175148174,-0.364003092,-0.0778147131,0.0927989036,0.367646992,-0.402593255,-0.0251623746,0.0309805255,0.168509424,0.0368244387,0.354502589,0.341712326,0.0493120067,0.934140086,0.135284349,0.0285932422,0.0535092577,0.346873701,-0.363227636,-0.0124280248,0.987798512,-0.198921785,-0.0424315892,0.0579045862,-0.20200628,0.097617805,-0.0631314516,0.372518063,-0.229228616,0.175148174,-0.364003092,-0.0778147131,0.0927989036,0.367646992,-0.402593255,-0.0251623746,0.0309805255,0.168509424,0.0368244387,0.354502589,0.341712326,0.0493120067,0.934140086,0.135284349,0.0285932422,0.0535092577,0.346873701,-0.363227636,-0.0124280248,0.987798512,-0.198921785,-0.0424315892,0.0579045862,-0.20200628,0.097617805,-0.0631314516,0.372518063,-0.229228616,0.175148174,-0.364003092,-0.0778147131,0.0927989036,0.367646992,-0.402593255,-0.0251623746,0.0309805255,0.168509424,0.0368244387,0.354502589,0.341712326,0.0493120067,0.934140086,0.135284349,0.0285932422,0.0535092577,0.346873701,-0.363227636,-0.0124280248,0.987798512,-0.198921785,-0.0424315892,0.0579045862
2.47591553,3217569.88,0,0,0.0152735543,4.3711625e-06,1,0.185907818,0,1,0.688714743,0.0117539633,-0.00357773807,0.724928319,0.0024707038,-0.0458161533,-0.0155561129,0,-0,-0,-0.18675667,0.0504903458,-0.0373203792,0.45670107,-0.256688058,0.0314338617,-0.34782207,-0.0319088437,0.0698408335,0.451686502,-0.211376429,0.0367062055,0.0301906299,0.0048029176,0.00116812927,0.340282291,0.221727297,0.0158248637,0.985616565,0.133854926,0.049552802,0.0223420225,0.332835943,-0.315382004,-0.00326912827,0.990865409,-0.198969007,-0.0430813953,0.0567031242,-0.0240761191,0.00996891689,-0.0261067897,0.00147585582,0.0532796942,0.0973570496,-0.0160486251,0.000678551209,-0.0255401656,-0.0144951046,-0.064900279,0.00904778205,0.0188532975,0.00147019885,0.00339612179,0.0620978475,-0.0169330798,-0.0403343141,0.000856331724,-0.00318256137,0.032346487,-0.005598641,-0.0201757997,0.000134005357,-0.000168475875,0.0267613363,-0.000248792436,0.0181562379,0.00886324234,-0.20200628,0.097617805,-0.0631314516,0.372518063,-0.229228616,0.175148174,-0.364003092,-0.0778147131,0.0927989036,0.367646992,-0.402593255,-0.0251623746,0.0309805255,0.168509424,0.0368244387,0.354502589,0.341712326,0.0493120067,0.934140086,0.135284349,0.0285932422,0.0535092577,0.346873701,-0.363227636,-0.0124280248,0.987798512,-0.198921785,-0.0424315892,0.0579045862,-0.20200628,0.097617805,-0.0631314516,0.372518063,-0.229228616,0.175148174,-0.364003092,-0.0778147131,0.0927989036,0.367646992,-0.402593255,-0.0251623746,0.0309805255,0.168509424,0.0368244387,0.354502589,0.341712326,0.0493120067,0.934140086,0.135284349,0.0285932422,0.0535092577,0.346873701,-0.363227636,-0.0124280248,0.987798512,-0.198921785,-0.0424315892,0.0579045862,-0.20200628,0.097617805,-0.0631314516,0.372518063,-0.229228616,0.175148174,-0.364003092,-0.0778147131,0.0927989036,0.367646992,-0.402593255,-0.0251623746,0.0309805255,0.168509424,0.0368244387,0.354502589,0.341712326,0.0493120067,0.934140086,0.135284349,0.0285932422,0.0535092577,0.346873701,-0.363227636,-0.0124280248,0.987798512,-0.198921785,-0.0424315892,0.0579045862
2.4859169,3217569.89,0,0,0.00527066085,4.79398295e-06,1,0.190787017,0.00780305266,1,0.688769519,0.0119304229,-0.00372522022,0.724872649,0.00284444774,-0.0460459813,-0.0152601292,0,-0,-0,-0.187000498,0.0505938306,-0.0375851914,0.456713766,-0.256142348,0.0323675461,-0.34798798,-0.03190092,0.0695811957,0.451541781,-0.211993694,0.0367894247,0.030371286,0.00481848372,0.00120449043,0.340903848,0.221569061,0.0154555002,0.985626996,0.133824244,0.049872335,0.0222830139,0.332638323,-0.315380573,-0.00326968427,0.991115749,-0.198973536,-0.0429192297,0.0567900352,-0.0247033853,0.0104453387,-0.0269125812,0.00140809466,0.0544318557,0.0936136544,-0.0171012394,0.000817769964,-0.0264804941,-0.0138946176,-0.0620576702,0.00821626745,0.0177299883,0.00180863054,0.00368877128,0.0619583875,-0.0149494233,-0.035482686,0.00111462711,-0.00300726411,0.0323111638,-0.00602451712,-0.019640157,0.000151519213,6.83028265e-05,0.0246665496,-0.000701958837,0.0154387485,0.00856056344,-0.203405797,0.0969015658,-0.0633865073,0.371439457,-0.237031668,0.175921425,-0.363829672,-0.0780339092,0.0924524516,0.367269874,-0.404314458,-0.0239791162,0.0311764702,0.169082791,0.0375596583,0.355155408,0.341905951,0.0488444977,0.934177697,0.135405242,0.0291425511,0.0534918346,0.346446723,-0.362999201,-0.0120253358,0.988258719,-0.199221611,-0.0421722122,0.05789854,-0.203405797,0.0969015658,-0.0633865073,0.371439457,-0.237031668,0.175921425,-0.363829672,-0.0780339092,0.0924524516,0.367269874,-0.404314458,-0.0239791162,0.0311764702,0.169082791,0.0375596583,0.355155408,0.341905951,0.0488444977,0.934177697,0.135405242,0.0291425511,0.0534918346,0.346446723,-0.362999201,-0.0120253358,0.988258719,-0.199221611,-0.0421722122,0.05789854,-0.203405797,0.0969015658,-0.0633865073,0.371439457,-0.237031668,0.175921425,-0.363829672,-0.0780339092,0.0924524516,0.367269874,-0.404314458,-0.0239791162,0.0311764702,0.169082791,0.0375596583,0.355155408,0.341905951,0.0488444977,0.934177697,0.135405242,0.0291425511,0.0534918346,0.346446723,-0.362999201,-0.0120253358,0.988258719,-0.199221611,-0.0421722122,0.05789854
2.49591714,3217569.9,0,0,0.0152708972,4.78420407e-06,1,0.190787017,0,1,0.688822925,0.0121075474,-0.00387299457,0.72481817,0.00278942683,-0.0462774634,-0.0148145612,0,-0,-0,-0.187252447,0.0506983846,-0.0378623232,0.456731766,-0.255607337,0.0333434641,-0.348166347,-0.0318927728,0.0693052709,0.451416463,-0.212651253,0.0368726104,0.0305476617,0.00484348554,0.00124138733,0.341515511,0.221436009,0.0151046971,0.985638797,0.133794963,0.0502122864,0.022224281,0.332439691,-0.315378726,-0.0032667052,0.991374493,-0.198985115,-0.0427651368,0.0568736196,-0.0253749322,0.0106844744,-0.0282086059,0.00178402895,0.0538728386,0.0967276916,-0.0179742668,0.000864060596,-0.0282413531,-0.0125305774,-0.0652308539,0.00802992005,0.0173340589,0.00294322195,0.00378734083,0.0608532391,-0.0123998681,-0.0339601934,0.00127695792,-0.002859456,0.0344342478,-0.0058831349,-0.0196871962,0.000192163119,0.000399228942,0.0256287009,-0.00135703047,0.0149736581,0.00823446922,-0.203405797,0.0969015658,-0.0633865073,0.371439457,-0.237031668,0.175921425,-0.363829672,-0.0780339092,0.0924524516,0.367269874,-0.404314458,-0.0239791162,0.0311764702,0.169082791,0.0375596583,0.355155408,0.341905951,0.0488444977,0.934177697,0.135405242,0.0291425511,0.0534918346,0.346446723,-0.362999201,-0.0120253358,0.988258719,-0.199221611,-0.0421722122,0.05789854,-0.203405797,0.0969015658,-0.0633865073,0.371439457,-0.237031668,0.175921425,-0.363829672,-0.0780339092,0.0924524516,0.367269874,-0.404314458,-0.0239791162,0.0311764702,0.169082791,0.0375596583,0.355155408,0.341905951,0.0488444977,0.934177697,0.135405242,0.0291425511,0.0534918346,0.346446723,-0.362999201,-0.0120253358,0.988258719,-0.199221611,-0.0421722122,0.05789854,-0.203405797,0.0969015658,-0.0633865073,0.371439457,-0.237031668,0.175921425,-0.363829672,-0.0780339092,0.0924524516,0.367269874,-0.404314458,-0.0239791162,0.0311764702,0.169082791,0.0375596583,0.355155408,0.341905951,0.0488444977,0.934177697,0.135405242,0.0291425511,0.0534918346,0.346446723,-0.362999201,-0.0120253358,0.988258719,-0.199221611,-0.0421722122,0.05789854
2.50593904,3217569.91,0,0,0.0052633062,1.55870803e-05,1,0.191829167,0.00876715779,1,0.688864827,0.0122512234,-0.00399194006,0.724775255,0.00325256446,-0.046855893,-0.0148194088,0,-0,-0,-0.187455446,0.050786756,-0.0380894095,0.456743747,-0.255164027,0.0340828672,-0.348310918,-0.0318849273,0.0690778121,0.45131278,-0.213143751,0.0369307101,0.0306825042,0.00486901682,0.00127372798,0.342001826,0.221343815,0.0148560451,0.98565042,0.13377282,0.0504829474,0.0221747048,0.332288176,-0.315377176,-0.00326300785,0.991563201,-0.198996872,-0.042655468,0.0569383651,-0.025303619,0.0112294136,-0.0283352919,0.00130136753,0.0564591736,0.0896095186,-0.0181750432,0.00105742307,-0.0283399429,-0.0131148528,-0.059096206,0.0067464211,0.0165994875,0.00323188445,0.00425669691,0.0607978664,-0.0110428073,-0.0290692933,0.00156915002,-0.00271497574,0.0332426578,-0.00642646942,-0.0184054226,0.00019662382,0.000489921367,0.0220255125,-0.00151402364,0.0128059555,0.00801099557,-0.204919726,0.0960788131,-0.0636372566,0.370306909,-0.245798826,0.176707968,-0.363654077,-0.0782587826,0.0920915753,0.366887152,-0.406305015,-0.0227150172,0.0314027481,0.169652939,0.0382572263,0.355829746,0.342072725,0.0484193712,0.934186935,0.135549262,0.029670272,0.0535023324,0.346049219,-0.362743258,-0.0115801096,0.988753617,-0.199546874,-0.0419206508,0.0578610785,-0.204919726,0.0960788131,-0.0636372566,0.370306909,-0.245798826,0.176707968,-0.363654077,-0.0782587826,0.0920915753,0.366887152,-0.406305015,-0.0227150172,0.0314027481,0.169652939,0.0382572263,0.355829746,0.342072725,0.0484193712,0.934186935,0.135549262,0.029670272,0.0535023324,0.346049219,-0.362743258,-0.0115801096,0.988753617,-0.199546874,-0.0419206508,0.0578610785,-0.204919726,0.0960788131,-0.0636372566,0.370306909,-0.245798826,0.176707968,-0.363654077,-0.0782587826,0.0920915753,0.366887152,-0.406305015,-0.0227150172,0.0314027481,0.169652939,0.0382572263,0.355829746,0.342072725,0.0484193712,0.934186935,0.135549262,0.029670272,0.0535023324,0.346049219,-0.362743258,-0.0115801096,0.988753617,-0.199546874,-0.0419206508,0.0578610785
2.51693876,3217569.92,0,0,0.016263023,1.47549435e-05,1,0.191829167,0,1,0.688939989,0.0125080049,-0.00420081289,0.724698246,0.00346847461,-0.0474914014,-0.0151939709,0,-0,-0,-0.187812924,0.0509425774,-0.0384904481,0.456770003,-0.254392624,0.0354065895,-0.348581553,-0.031869743,0.0686717033,0.451164246,-0.2140439,0.0370262638,0.0309229624,0.00492677186,0.0013349962,0.342839122,0.221214592,0.01446913,0.985673785,0.133736417,0.0509618782,0.0220886916,0.332036376,-0.315374106,-0.00325219263,0.991879225,-0.199025869,-0.0424807258,0.0570462234,-0.0257047806,0.0112761613,-0.0290668011,0.00210655597,0.0547274612,0.0960014313,-0.0197884962,0.00113761576,-0.0297363903,-0.00974330585,-0.0662126243,0.00667500636,0.0173714999,0.00502776075,0.00429741619,0.0592010021,-0.00792989973,-0.0266351961,0.00177355297,-0.00250604958,0.0347655006,-0.00585275656,-0.0176260434,0.000224906602,0.000956311706,0.0230832696,-0.00242942502,0.0123798838,0.00748371705,-0.204919726,0.0960788131,-0.0636372566,0.370306909,-0.245798826,0.176707968,-0.363654077,-0.0782587826,0.0920915753,0.366887152,-0.406305015,-0.0227150172,0.0314027481,0.169652939,0.0382572263,0.355829746,0.342072725,0.0484193712,0.934186935,0.135549262,0.029670272,0.0535023324,0.346049219,-0.362743258,-0.0115801096,0.988753617,-0.199546874,-0.0419206508,0.0578610785,-0.204919726,0.0960788131,-0.0636372566,0.370306909,-0.245798826,0.176707968,-0.363654077,-0.0782587826,0.0920915753,0.366887152,-0.406305015,-0.0227150172,0.0314027481,0.169652939,0.0382572263,0.355829746,0.342072725,0.0484193712,0.934186935,0.135549262,0.029670272,0.0535023324,0.346049219,-0.362743258,-0.0115801096,0.988753617,-0.199546874,-0.0419206508,0.0578610785,-0.204919726,0.0960788131,-0.0636372566,0.370306909,-0.245798826,0.176707968,-0.363654077,-0.0782587826,0.0920915753,0.366887152,-0.406305015,-0.0227150172,0.0314027481,0.169652939,0.0382572263,0.355829746,0.342072725,0.0484193712,0.934186935,0.135549262,0.029670272,0.0535023324,0.346049219,-0.362743258,-0.0115801096,0.988753617,-0.199546874,-0.0419206508,0.0578610785
2.52694066,3217569.93,0,0,0.00626188098,1.17989257e-05,1,0.193558168,0.00967758894,1,0.688983142,0.0126585383,-0.00432277657,0.724653959,0.00386563549,-0.0492556654,-0.0153400227,0,-0,-0,-0.188013688,0.0510353222,-0.0387237966,0.456784964,-0.253943503,0.0361446887,-0.348735094,-0.0318597518,0.0684328452,0.451081455,-0.214545771,0.0370737277,0.0310594812,0.00497125136,0.00137627195,0.343310416,0.221157357,0.0142748617,0.985689223,0.133716941,0.0512328222,0.0220425781,0.331899881,-0.315372348,-0.00324406242,0.99205178,-0.19904612,-0.0423881039,0.0571049862,-0.0243189018,0.0117650172,-0.0290491618,0.00166271999,0.0571369082,0.0893927813,-0.0185369272,0.0013303922,-0.0296700671,-0.0107195769,-0.0599738546,0.00543250889,0.016849339,0.00576132769,0.00621371204,0.0587020181,-0.00676397467,-0.0224936195,0.00203253212,-0.00239188084,0.0329673029,-0.00572827179,-0.01675063,0.000217528315,0.00104103517,0.0201612394,-0.00256452127,0.0109034423,0.00726137543,-0.206629634,0.0952338353,-0.0639272481,0.369067907,-0.255476415,0.177532345,-0.363480419,-0.0783975124,0.0916584879,0.366591424,-0.408477902,-0.0213770047,0.0316154659,0.170145601,0.0390236005,0.356479317,0.342284024,0.0480585508,0.934159696,0.135712788,0.0302086286,0.0535646975,0.345629007,-0.362443447,-0.0110865319,0.989249766,-0.199881166,-0.0417123325,0.0577797815,-0.206629634,0.0952338353,-0.0639272481,0.369067907,-0.255476415,0.177532345,-0.363480419,-0.0783975124,0.0916584879,0.366591424,-0.408477902,-0.0213770047,0.0316154659,0.170145601,0.0390236005,0.356479317,0.342284024,0.0480585508,0.934159696,0.135712788,0.0302086286,0.0535646975,0.345629007,-0.362443447,-0.0110865319,0.989249766,-0.199881166,-0.0417123325,0.0577797815,-0.206629634,0.0952338353,-0.0639272481,0.369067907,-0.255476415,0.177532345,-0.363480419,-0.0783975124,0.0916584879,0.366591424,-0.408477902,-0.0213770047,0.0316154659,0.170145601,0.0390236005,0.356479317,0.342284024,0.0480585508,0.934159696,0.135712788,0.0302086286,0.0535646975,0.345629007,-0.362443447,-0.0110865319,0.989249766,-0.199881166,-0.0417123325,0.0577797815
2.53791588,3217569.95,0,0,0.0172370998,4.67989594e-06,1,0.193558168,0,1,0.689037442,0.012848245,-0.00447707903,0.72459805,0.00350451935,-0.0488253385,-0.0153841851,0,-0,-0,-0.188267112,0.0511507764,-0.0390225463,0.456811279,-0.253400832,0.0371225961,-0.348936141,-0.0318467692,0.0681235641,0.451002508,-0.215237513,0.0371349156,0.0312323179,0.00504298275,0.00142763054,0.343890071,0.221103668,0.0140476553,0.98570925,0.133694306,0.0515767261,0.0219873451,0.331731677,-0.315369874,-0.00323042716,0.992283463,-0.199077606,-0.0422762409,0.0571742989,-0.025679145,0.0116038341,-0.030213628,0.00287618907,0.0537546016,0.0995318517,-0.020739831,0.00133015902,-0.0314931646,-0.00680311956,-0.072145395,0.00610189931,0.017372977,0.00799786206,0.00474437559,0.0576247796,-0.00463863136,-0.0220677704,0.00204363442,-0.002176526,0.0346937738,-0.00542589743,-0.0167021099,0.000259574386,0.00150817458,0.0241785254,-0.00339897,0.0111712972,0.00675744796,-0.206629634,0.0952338353,-0.0639272481,0.369067907,-0.255476415,0.177532345,-0.363480419,-0.0783975124,0.0916584879,0.366591424,-0.408477902,-0.0213770047,0.0316154659,0.170145601,0.0390236005,0.356479317,0.342284024,0.0480585508,0.934159696,0.135712788,0.0302086286,0.0535646975,0.345629007,-0.362443447,-0.0110865319,0.989249766,-0.199881166,-0.0417123325,0.0577797815,-0.206629634,0.0952338353,-0.0639272481,0.369067907,-0.255476415,0.177532345,-0.363480419,-0.0783975124,0.0916584879,0.366591424,-0.408477902,-0.0213770047,0.0316154659,0.170145601,0.0390236005,0.356479317,0.342284024,0.0480585508,0.934159696,0.135712788,0.0302086286,0.0535646975,0.345629007,-0.362443447,-0.0110865319,0.989249766,-0.199881166,-0.0417123325,0.0577797815,-0.206629634,0.0952338353,-0.0639272481,0.369067907,-0.255476415,0.177532345,-0.363480419,-0.0783975124,0.0916584879,0.366591424,-0.408477902,-0.0213770047,0.0316154659,0.170145601,0.0390236005,0.356479317,0.342284024,0.0480585508,0.934159696,0.135712788,0.0302086286,0.0535646975,0.345629007,-0.362443447,-0.0110865319,0.989249766,-0.199881166,-0.0417123325,0.0577797815
2.54791838,3217569.96,0,0,0.00727297086,6.24684617e-06,1,0.188962556,0.0104964077,1,0.68910265,0.0130786048,-0.00466582691,0.724530697,0.00310479896,-0.0497742407,-0.0150937,0,-0,-0,-0.188571349,0.051293876,-0.0393904336,0.45684582,-0.252747059,0.0382901393,-0.349181265,-0.0318293236,0.0677391291,0.450919002,-0.216087639,0.0372013859,0.0314353891,0.00515526114,0.00148995884,0.344576836,0.221055746,0.0138191245,0.985735297,0.133670077,0.0519831516,0.0219239779,0.331537068,-0.315366775,-0.00321034039,0.992567599,-0.199121505,-0.0421493351,0.0572522171,-0.02570091,0.0119081596,-0.0315850638,0.00350374077,0.0529654026,0.101623118,-0.0205710791,0.00146486273,-0.033169765,-0.00621362682,-0.0748760104,0.00580521999,0.0165854972,0.0108108707,0.00506003341,0.0566652268,-0.00363246282,-0.0176297445,0.00215783948,-0.00186929584,0.0343716815,-0.00507837348,-0.0162896663,0.000266975403,0.00190029631,0.0251584761,-0.00402744347,0.0103696873,0.00621048687,-0.208577693,0.0943827033,-0.064258717,0.367672622,-0.265972823,0.178413734,-0.363272309,-0.0784177631,0.091131568,0.366423786,-0.410715699,-0.0199727099,0.0318058282,0.170519456,0.0398823321,0.357098252,0.342537224,0.0477490835,0.934089422,0.135900036,0.0307584032,0.0536846444,0.345193774,-0.362100959,-0.0105468705,0.989724696,-0.200210437,-0.0415515304,0.0576521195,-0.208577693,0.0943827033,-0.064258717,0.367672622,-0.265972823,0.178413734,-0.363272309,-0.0784177631,0.091131568,0.366423786,-0.410715699,-0.0199727099,0.0318058282,0.170519456,0.0398823321,0.357098252,0.342537224,0.0477490835,0.934089422,0.135900036,0.0307584032,0.0536846444,0.345193774,-0.362100959,-0.0105468705,0.989724696,-0.200210437,-0.0415515304,0.0576521195,-0.208577693,0.0943827033,-0.064258717,0.367672622,-0.265972823,0.178413734,-0.363272309,-0.0784177631,0.091131568,0.366423786,-0.410715699,-0.0199727099,0.0318058282,0.170519456,0.0398823321,0.357098252,0.342537224,0.0477490835,0.934089422,0.135900036,0.0307584032,0.0536846444,0.345193774,-0.362100959,-0.0105468705,0.989724696,-0.200210437,-0.0415515304,0.0576521195
2.55891732,3217569.97,0,0,0.0182719091,5.75743616e-06,1,0.188962556,0,1,0.689166486,0.0133066801,-0.0048585278,0.724464536,0.00270191533,-0.0499499291,-0.01537582,0,-0,-0,-0.188886285,0.0514398851,-0.0397783518,0.456891209,-0.252114564,0.0395279787,-0.349435657,-0.0318098888,0.0673286468,0.450855166,-0.217030779,0.0372688212,0.0316324495,0.00530799245,0.00154450769,0.345249176,0.221015811,0.0136359995,0.985761642,0.133649811,0.0523986146,0.0218659062,0.331345052,-0.315363169,-0.00318456395,0.992884099,-0.199174151,-0.0420277528,0.0573228896,-0.0263151154,0.0125248302,-0.0323308781,0.00363799185,0.0538301207,0.100562178,-0.0215605125,0.00193758507,-0.0341395698,-0.00508172205,-0.0782490224,0.00505922688,0.0164444707,0.0138093457,0.00444367668,0.0557589456,-0.00316937151,-0.0129694678,0.00227285689,-0.00159106543,0.0339840949,-0.00472058728,-0.0154308081,0.000321153115,0.00225786236,0.0257873069,-0.00452233898,0.00979704503,0.00572235091,-0.208577693,0.0943827033,-0.064258717,0.367672622,-0.265972823,0.178413734,-0.363272309,-0.0784177631,0.091131568,0.366423786,-0.410715699,-0.0199727099,0.0318058282,0.170519456,0.0398823321,0.357098252,0.342537224,0.0477490835,0.934089422,0.135900036,0.0307584032,0.0536846444,0.345193774,-0.362100959,-0.0105468705,0.989724696,-0.200210437,-0.0415515304,0.0576521195,-0.208577693,0.0943827033,-0.064258717,0.367672622,-0.265972823,0.178413734,-0.363272309,-0.0784177631,0.091131568,0.366423786,-0.410715699,-0.0199727099,0.0318058282,0.170519456,0.0398823321,0.357098252,0.342537224,0.0477490835,0.934089422,0.135900036,0.0307584032,0.0536846444,0.345193774,-0.362100959,-0.0105468705,0.989724696,-0.200210437,-0.0415515304,0.0576521195,-0.208577693,0.0943827033,-0.064258717,0.367672622,-0.265972823,0.178413734,-0.363272309,-0.0784177631,0.091131568,0.366423786,-0.410715699,-0.0199727099,0.0318058282,0.170519456,0.0398823321,0.357098252,0.342537224,0.0477490835,0.934089422,0.135900036,0.0307584032,0.0536846444,0.345193774,-0.362100959,-0.0105468705,0.989724696,-0.200210437,-0.0415515304,0.0576521195
2.56891746,3217569.98,0,0,0.00826597912,4.96208668e-06,1,0.195977744,0.0108293593,1,0.689222038,0.013500113,-0.0050228443,0.724407017,0.00222131587,-0.0508230291,-0.0149765275,0,-0,-0,-0.189145669,0.0515691154,-0.0401022136,0.456929415,-0.251566619,0.0405091606,-0.349648267,-0.0317830816,0.0669942275,0.450803876,-0.217799783,0.0373131298,0.0317942053,0.00545936404,0.00159711041,0.345802248,0.220985472,0.0135346381,0.985785186,0.133634716,0.0527270399,0.0218204819,0.33119601,-0.315359712,-0.00316070439,0.99312681,-0.199220642,-0.0419353172,0.0573777743,-0.0267182775,0.0127508417,-0.0337663479,0.00486167474,0.0533091724,0.101733215,-0.0213443525,0.00260789972,-0.0346584544,-0.00468461122,-0.0796850994,0.00469508115,0.0150612267,0.0165057722,0.00516582141,0.0549194328,-0.0029316477,-0.00910780393,0.00231390679,-0.00142661319,0.0330746658,-0.00431244215,-0.014997514,0.000370170921,0.00257713324,0.024866173,-0.00487414794,0.00891340617,0.00518779643,-0.210767686,0.093609117,-0.064749375,0.366053939,-0.276802182,0.179259479,-0.362976998,-0.0782739297,0.0904544294,0.366549343,-0.41274336,-0.0185239371,0.0319552645,0.170684114,0.0409768298,0.357755333,0.342721343,0.0474600904,0.934055686,0.136076927,0.0313723534,0.0538587086,0.344721705,-0.361678779,-0.010001217,0.990156829,-0.200475633,-0.0414794199,0.0574439131,-0.210767686,0.093609117,-0.064749375,0.366053939,-0.276802182,0.179259479,-0.362976998,-0.0782739297,0.0904544294,0.366549343,-0.41274336,-0.0185239371,0.0319552645,0.170684114,0.0409768298,0.357755333,0.342721343,0.0474600904,0.934055686,0.136076927,0.0313723534,0.0538587086,0.344721705,-0.361678779,-0.010001217,0.990156829,-0.200475633,-0.0414794199,0.0574439131,-0.210767686,0.093609117,-0.064749375,0.366053939,-0.276802182,0.179259479,-0.362976998,-0.0782739297,0.0904544294,0.366549343,-0.41274336,-0.0185239371,0.0319552645,0.170684114,0.0409768298,0.357755333,0.342721343,0.0474600904,0.934055686,0.136076927,0.0313723534,0.0538587086,0.344721705,-0.361678779,-0.010001217,0.990156829,-0.200475633,-0.0414794199,0.0574439131
2.57991532,3217569.99,0,0,0.019263844,4.24310565e-06,1,0.195977744,0,1,0.689273775,0.0136907855,-0.00518959435,0.724353015,0.0018820191,-0.0508039556,-0.015100277,0,-0,-0,-0.189418152,0.051697202,-0.0404497422,0.456977695,-0.251034766,0.0415306427,-0.349866927,-0.0317551047,0.0666415095,0.450761944,-0.218619987,0.0373590812,0.0319371074,0.00564066274,0.00164375687,0.346346289,0.220957994,0.0134589346,0.985808432,0.133621618,0.053060323,0.0217803959,0.331048578,-0.315355241,-0.00313266041,0.993378878,-0.199271575,-0.0418489128,0.057426177,-0.0271999855,0.0131768528,-0.0346431844,0.0045111943,0.0539877042,0.0994700938,-0.022175217,0.00345910341,-0.0344965644,-0.00410399353,-0.0815906003,0.00421973178,0.0143940393,0.0190612916,0.00454977574,0.0540950559,-0.00259266654,-0.00655331509,0.00237540412,-0.00125825068,0.0330361463,-0.00380990095,-0.0142115755,0.000486960838,0.00290245749,0.0243704692,-0.00516581489,0.00850401539,0.00466781808,-0.210767686,0.093609117,-0.064749375,0.366053939,-0.276802182,0.179259479,-0.362976998,-0.0782739297,0.0904544294,0.366549343,-0.41274336,-0.0185239371,0.0319552645,0.170684114,0.0409768298,0.357755333,0.342721343,0.0474600904,0.934055686,0.136076927,0.0313723534,0.0538587086,0.344721705,-0.361678779,-0.010001217,0.990156829,-0.200475633,-0.0414794199,0.0574439131,-0.210767686,0.093609117,-0.064749375,0.366053939,-0.276802182,0.179259479,-0.362976998,-0.0782739297,0.0904544294,0.366549343,-0.41274336,-0.0185239371,0.0319552645,0.170684114,0.0409768298,0.357755333,0.342721343,0.0474600904,0.934055686,0.136076927,0.0313723534,0.0538587086,0.344721705,-0.361678779,-0.010001217,0.990156829,-0.200475633,-0.0414794199,0.0574439131,-0.210767686,0.093609117,-0.064749375,0.366053939,-0.276802182,0.179259479,-0.362976998,-0.0782739297,0.0904544294,0.366549343,-0.41274336,-0.0185239371,0.0319552645,0.170684114,0.0409768298,0.357755333,0.342721343,0.0474600904,0.934055686,0.136076927,0.0313723534,0.0538587086,0.344721705,-0.361678779,-0.010001217,0.990156829,-0.200475633,-0.0414794199,0.0574439131
2.58991909,3217570,0,0,0.00923921587,4.75673005e-06,1,0.197080895,0.0113670528,1,0.689325213,0.0138808731,-0.00535957469,0.724299192,0.000567297451,-0.0507153049,-0.0129560232,0,-0,-0,-0.189698875,0.0518302694,-0.040808592,0.457036376,-0.250503004,0.0425376147,-0.350090116,-0.0317158476,0.0662912577,0.450725168,-0.219452024,0.0374001451,0.0320706628,0.00585082266,0.00169185922,0.346879572,0.220934108,0.0134000611,0.985832036,0.133609965,0.0533905663,0.021746004,0.330908656,-0.315349996,-0.00310164667,0.993618071,-0.199324727,-0.0417657271,0.0574690774,-0.029971391,0.0129662408,-0.0383592024,0.00794994831,0.0508863069,0.106547713,-0.0226432178,0.00346388947,-0.037649855,-0.00305127236,-0.0876716152,0.00454023387,0.0114105912,0.0228269007,0.0044237473,0.0527146496,-0.00232636603,-0.00565992249,0.00226293714,-0.00104993221,0.0338393301,-0.00319068506,-0.0144369723,0.000572119898,0.00331987394,0.0254802741,-0.00549826538,0.00817967113,0.00391887128,-0.213178217,0.09289103,-0.0653043911,0.364253849,-0.288169235,0.180130228,-0.362613112,-0.0780037791,0.0896627009,0.366881758,-0.414669216,-0.0170069411,0.0320851803,0.170733303,0.0422654897,0.358493268,0.342890024,0.0471906327,0.934034824,0.136266917,0.0320160054,0.0540751405,0.344245762,-0.361242831,-0.0094615845,0.990597486,-0.200679421,-0.0414583236,0.0571850426,-0.213178217,0.09289103,-0.0653043911,0.364253849,-0.288169235,0.180130228,-0.362613112,-0.0780037791,0.0896627009,0.366881758,-0.414669216,-0.0170069411,0.0320851803,0.170733303,0.0422654897,0.358493268,0.342890024,0.0471906327,0.934034824,0.136266917,0.0320160054,0.0540751405,0.344245762,-0.361242831,-0.0094615845,0.990597486,-0.200679421,-0.0414583236,0.0571850426,-0.213178217,0.09289103,-0.0653043911,0.364253849,-0.288169235,0.180130228,-0.362613112,-0.0780037791,0.0896627009,0.366881758,-0.414669216,-0.0170069411,0.0320851803,0.170733303,0.0422654897,0.358493268,0.342890024,0.0471906327,0.934034824,0.136266917,0.0320160054,0.0540751405,0.344245762,-0.361242831,-0.0094615845,0.990597486,-0.200679421,-0.0414583236,0.0571850426
2.60094111,3217570.01,0,0,0.00032255007,2.50921585e-05,1,0.16229786,0.0114483237,1,0.689373136,0.0140666561,-0.00553173898,0.724248707,0.000657872355,-0.0508849099,-0.014680719,-0.00205536629,-0,-0,-0.189995617,0.0519644693,-0.0411916338,0.457104504,-0.249982789,0.0435666591,-0.350322038,-0.0316735432,0.065922983,0.450696856,-0.220333979,0.0374421179,0.0321887247,0.00609299401,0.00173480436,0.347398639,0.220913589,0.0133472933,0.985854864,0.133600563,0.0537311472,0.0217177868,0.330768913,-0.315343112,-0.0030664904,0.993871808,-0.199380621,-0.0416852348,0.0575051047,-0.0291326512,0.0138864117,-0.0374835506,0.00581949716,0.053480804,0.0986750126,-0.0235821269,0.00511740381,-0.0351724736,-0.00286014448,-0.0868068784,0.00372479064,0.012620111,0.0249095466,0.00434572017,0.0514600575,-0.00184625306,-0.00505220937,0.00234083412,-0.00089447858,0.0337561928,-0.00258312491,-0.0133596063,0.000746507954,0.00359992636,0.0243423972,-0.00560516631,0.00797902979,0.00345082418,-0.213178217,0.09289103,-0.0653043911,0.364253849,-0.288169235,0.180130228,-0.362613112,-0.0780037791,0.0896627009,0.366881758,-0.414669216,-0.0170069411,0.0320851803,0.170733303,0.0422654897,0.358493268,0.342890024,0.0471906327,0.934034824,0.136266917,0.0320160054,0.0540751405,0.344245762,-0.361242831,-0.0094615845,0.990597486,-0.200679421,-0.0414583236,0.0571850426,-0.215731055,0.0921459198,-0.0659336895,0.36236164,-0.299617559,0.181001201,-0.362200677,-0.0776361749,0.0887979865,0.367430866,-0.416272938,-0.0154625718,0.0321981683,0.170694947,0.043647293,0.359275997,0.343094587,0.0469535924,0.933995664,0.136434257,0.0326340348,0.0543366559,0.343779236,-0.360790253,-0.00895230472,0.991024554,-0.200814068,-0.0414905362,0.0568792783,-0.215731055,0.0921459198,-0.0659336895,0.36236164,-0.299617559,0.181001201,-0.362200677,-0.0776361749,0.0887979865,0.367430866,-0.416272938,-0.0154625718,0.0321981683,0.170694947,0.043647293,0.359275997,0.343094587,0.0469535924,0.933995664,0.136434257,0.0326340348,0.0543366559,0.343779236,-0.360790253,-0.00895230472,0.991024554,-0.200814068,-0.0414905362,0.0568792783
2.61191634,3217570.02,0,0,0.0112977852,5.0580129e-06,1,0.16229786,0,1,0.689437091,0.0142943906,-0.00574021274,0.724181771,0.000128607498,-0.050950218,-0.0129503738,-0.00848974288,-0,-0,-0.190346718,0.0521309264,-0.0416419171,0.457183689,-0.249335214,0.0447395369,-0.350607008,-0.0316034891,0.0655158535,0.450665563,-0.221357137,0.0374808796,0.0323341191,0.00640929351,0.00179872673,0.348006815,0.220894426,0.0132891992,0.985883296,0.133590683,0.0541242212,0.0216916073,0.330611825,-0.315333486,-0.00302137062,0.994143426,-0.199448138,-0.0415915884,0.0575422198,-0.0321738236,0.0129514039,-0.040584594,0.00976977684,0.0513726659,0.105819061,-0.0244897138,0.00490354048,-0.0369944721,-0.0018335334,-0.0889215842,0.00361031829,0.00921269972,0.0281712804,0.00485585351,0.0501905009,-0.00154626439,-0.0048380373,0.00224511675,-0.000709551445,0.0329569839,-0.00190036639,-0.0137438495,0.000854704587,0.0039817025,0.0240097884,-0.00572097488,0.0076106987,0.002639974,-0.215731055,0.0921459198,-0.0659336895,0.36236164,-0.299617559,0.181001201,-0.362200677,-0.0776361749,0.0887979865,0.367430866,-0.416272938,-0.0154625718,0.0321981683,0.170694947,0.043647293,0.359275997,0.343094587,0.0469535924,0.933995664,0.136434257,0.0326340348,0.0543366559,0.343779236,-0.360790253,-0.00895230472,0.991024554,-0.200814068,-0.0414905362,0.0568792783,-0.215731055,0.0921459198,-0.0659336895,0.36236164,-0.299617559,0.181001201,-0.362200677,-0.0776361749,0.0887979865,0.367430866,-0.416272938,-0.0154625718,0.0321981683,0.170694947,0.043647293,0.359275997,0.343094587,0.0469535924,0.933995664,0.136434257,0.0326340348,0.0543366559,0.343779236,-0.360790253,-0.00895230472,0.991024554,-0.200814068,-0.0414905362,0.0568792783,-0.215731055,0.0921459198,-0.0659336895,0.36236164,-0.299617559,0.181001201,-0.362200677,-0.0776361749,0.0887979865,0.367430866,-0.416272938,-0.0154625718,0.0321981683,0.170694947,0.043647293,0.359275997,0.343094587,0.0469535924,0.933995664,0.136434257,0.0326340348,0.0543366559,0.343779236,-0.360790253,-0.00895230472,0.991024554,-0.200814068,-0.0414905362,0.0568792783
2.62291487,3217570.03,0,0,0.00228349119,3.98792326e-06,1,0.176235102,0.00839915872,1,0.689485908,0.0144806374,-0.00591268856,0.724130213,0.000987154082,-0.0511452593,-0.0152734583,-0.0191640221,-0,-0,-0.190664336,0.0522617176,-0.0420431644,0.457265854,-0.248807013,0.0457490571,-0.350860983,-0.0315495729,0.0651594996,0.450649768,-0.222234219,0.0375137143,0.0324304849,0.00669889199,0.00184573897,0.348503143,0.220881462,0.0132418005,0.985905886,0.133584633,0.0544492863,0.0216759611,0.330478281,-0.315323591,-0.00297977985,0.994379878,-0.199505389,-0.041517023,0.0575654209,-0.0307512004,0.0133979367,-0.0388804711,0.0067230002,0.0545290001,0.0956763551,-0.025793761,0.00614858512,-0.0335161164,-0.00158195279,-0.0853317678,0.00283579109,0.0106802015,0.0292464513,0.00505565526,0.0492033102,-0.00111821061,-0.00465348782,0.00231046765,-0.000558641623,0.0318344757,-0.00135947857,-0.0128308125,0.00105894764,0.00423458032,0.0224981736,-0.00570059009,0.00737499772,0.00217199232,-0.218223989,0.0913986042,-0.0665993243,0.360908002,-0.308016717,0.181812569,-0.36218071,-0.0772115588,0.0879798383,0.368164897,-0.416113555,-0.0140658263,0.0322525762,0.170322642,0.044916559,0.359884143,0.343411684,0.0468455628,0.933864355,0.136463493,0.0331358872,0.0545976311,0.343048573,-0.360328317,-0.00859998167,0.991285861,-0.200813264,-0.0416294001,0.0565188602,-0.218223989,0.0913986042,-0.0665993243,0.360908002,-0.308016717,0.181812569,-0.36218071,-0.0772115588,0.0879798383,0.368164897,-0.416113555,-0.0140658263,0.0322525762,0.170322642,0.044916559,0.359884143,0.343411684,0.0468455628,0.933864355,0.136463493,0.0331358872,0.0545976311,0.343048573,-0.360328317,-0.00859998167,0.991285861,-0.200813264,-0.0416294001,0.0565188602,-0.218223989,0.0913986042,-0.0665993243,0.360908002,-0.308016717,0.181812569,-0.36218071,-0.0772115588,0.0879798383,0.368164897,-0.416113555,-0.0140658263,0.0322525762,0.170322642,0.044916559,0.359884143,0.343411684,0.0468455628,0.933864355,0.136463493,0.0331358872,0.0545976311,0.343048573,-0.360328317,-0.00859998167,0.991285861,-0.200813264,-0.0416294001,0.0565188602
2.63293996,3217570.04,0,0,0.0123085822,1.00862235e-05,1,0.176235102,0,1,0.689549744,0.0147105614,-0.00611260161,0.724063098,0.00293463678,-0.0493072793,-0.0136801712,-0.0339308418,-0,-0,-0.191054389,0.0524045452,-0.04251552,0.457363307,-0.248150349,0.0469107293,-0.351190925,-0.0314844735,0.0647683442,0.45063442,-0.223186731,0.0375453867,0.0325429477,0.00705163227,0.00191283366,0.349085182,0.220871732,0.013187509,0.98593235,0.133578256,0.054812517,0.021665005,0.330318511,-0.315309346,-0.00292688422,0.994636893,-0.199572563,-0.0414319262,0.0575856045,-0.0360741466,0.00985927135,-0.041268643,0.0103046047,0.0538763739,0.101077676,-0.0300741196,0.00371933286,-0.0337039419,-0.000829592173,-0.0749192014,0.00286247302,0.00686268369,0.0292891413,0.00470121903,0.0482317694,-0.000568892981,-0.00444681197,0.00203644042,-0.000510673854,0.0294054132,-0.000536819163,-0.0142721701,0.00131992006,0.00457939878,0.0219594855,-0.00551118841,0.00682319468,0.00120376877,-0.218223989,0.0913986042,-0.0665993243,0.360908002,-0.308016717,0.181812569,-0.36218071,-0.0772115588,0.0879798383,0.368164897,-0.416113555,-0.0140658263,0.0322525762,0.170322642,0.044916559,0.359884143,0.343411684,0.0468455628,0.933864355,0.136463493,0.0331358872,0.0545976311,0.343048573,-0.360328317,-0.00859998167,0.991285861,-0.200813264,-0.0416294001,0.0565188602,-0.218223989,0.0913986042,-0.0665993243,0.360908002,-0.308016717,0.181812569,-0.36218071,-0.0772115588,0.0879798383,0.368164897,-0.416113555,-0.0140658263,0.0322525762,0.170322642,0.044916559,0.359884143,0.343411684,0.0468455628,0.933864355,0.136463493,0.0331358872,0.0545976311,0.343048573,-0.360328317,-0.00859998167,0.991285861,-0.200813264,-0.0416294001,0.0565188602,-0.218223989,0.0913986042,-0.0665993243,0.360908002,-0.308016717,0.181812569,-0.36218071,-0.0772115588,0.0879798383,0.368164897,-0.416113555,-0.0140658263,0.0322525762,0.170322642,0.044916559,0.359884143,0.343411684,0.0468455628,0.933864355,0.136463493,0.0331358872,0.0545976311,0.343048573,-0.360328317,-0.00859998167,0.991285861,-0.200813264,-0.0416294001,0.0565188602
2.64590601,3217570.05,0,0,0.00525753386,7.17770308e-06,1,0.170601998,0.0036444664,1,0.689612567,0.0149423908,-0.00629006885,0.723996997,0.00695525808,-0.0472348444,-0.0158830099,-0.0533620864,-0,-0,-0.191495165,0.0525069237,-0.0429931246,0.457465202,-0.247464955,0.0480334572,-0.351585478,-0.0314473584,0.0644014403,0.450626314,-0.223971918,0.0375729278,0.0326270908,0.00739093311,0.00196945481,0.349654645,0.220869035,0.0131360311,0.985956848,0.133572206,0.0551458336,0.0216630269,0.330144018,-0.315291852,-0.00287077995,0.994877934,-0.199636817,-0.0413527936,0.0575959831,-0.0389023945,0.00697776861,-0.0386984684,0.00878706668,0.0591926426,0.0900120214,-0.0360166281,0.00275851251,-0.0271673575,-0.000873171317,-0.0537861325,0.00194284238,0.00689064106,0.0269085709,0.00470036827,0.0467615724,0.000160643453,-0.0041081598,0.00192504982,-0.000593658711,0.0261830539,0.000172901287,-0.0152293956,0.00160081906,0.00471518096,0.0182603616,-0.005139424,0.00634740898,0.000545300485,-0.220218092,0.0907475352,-0.0671850741,0.360660613,-0.308498919,0.182445928,-0.363083363,-0.0768941268,0.0874276757,0.368843585,-0.412469089,-0.0130869821,0.0321662575,0.16919741,0.0456237979,0.359921396,0.343934745,0.0469321832,0.933544636,0.136213347,0.033396177,0.0547035299,0.34191063,-0.359928429,-0.00862327218,0.991181612,-0.200622156,-0.0418916717,0.0561898015,-0.220218092,0.0907475352,-0.0671850741,0.360660613,-0.308498919,0.182445928,-0.363083363,-0.0768941268,0.0874276757,0.368843585,-0.412469089,-0.0130869821,0.0321662575,0.16919741,0.0456237979,0.359921396,0.343934745,0.0469321832,0.933544636,0.136213347,0.033396177,0.0547035299,0.34191063,-0.359928429,-0.00862327218,0.991181612,-0.200622156,-0.0418916717,0.0561898015,-0.220218092,0.0907475352,-0.0671850741,0.360660613,-0.308498919,0.182445928,-0.363083363,-0.0768941268,0.0874276757,0.368843585,-0.412469089,-0.0130869821,0.0321662575,0.16919741,0.0456237979,0.359921396,0.343934745,0.0469321832,0.933544636,0.136213347,0.033396177,0.0547035299,0.34191063,-0.359928429,-0.00862327218,0.991181612,-0.200622156,-0.0418916717,0.0561898015
2.65593924,3217570.06,0,0,0.0152907642,1.60471536e-05,1,0.170601998,0,1,0.689656734,0.0150961522,-0.00638373848,0.723950922,0.0105401194,-0.0426196121,-0.0159964822,-0.0815542787,0.00206191605,-0,-0.191857353,0.052542761,-0.0433008261,0.457561612,-0.246979997,0.0487472937,-0.351920784,-0.0314315148,0.0642118901,0.450618356,-0.224271998,0.0375870466,0.0326701589,0.00758978957,0.00199980987,0.350021124,0.220874459,0.0131051634,0.985970378,0.133565947,0.0553391762,0.0216678157,0.330006421,-0.315277666,-0.00283303298,0.995009422,-0.199675277,-0.0413048379,0.0575968921,-0.0480785221,0.00341572217,-0.0381232835,0.0130329123,0.0619315878,0.0866079703,-0.0448830426,0.00167495583,-0.0217626095,-0.000855542894,-0.0301570892,0.0015669429,0.00476553617,0.023918625,0.00356397009,0.0450848676,0.000889940246,-0.00374943693,0.0016405693,-0.00086320698,0.0231718533,0.000777917739,-0.0182251297,0.00183112768,0.0047069476,0.0151685821,-0.00464742025,0.00583232241,-7.74542495e-05,-0.220218092,0.0907475352,-0.0671850741,0.360660613,-0.308498919,0.182445928,-0.363083363,-0.0768941268,0.0874276757,0.368843585,-0.412469089,-0.0130869821,0.0321662575,0.16919741,0.0456237979,0.359921396,0.343934745,0.0469321832,0.933544636,0.136213347,0.033396177,0.0547035299,0.34191063,-0.359928429,-0.00862327218,0.991181612,-0.200622156,-0.0418916717,0.0561898015,-0.220218092,0.0907475352,-0.0671850741,0.360660613,-0.308498919,0.182445928,-0.363083363,-0.0768941268,0.0874276757,0.368843585,-0.412469089,-0.0130869821,0.0321662575,0.16919741,0.0456237979,0.359921396,0.343934745,0.0469321832,0.933544636,0.136213347,0.033396177,0.0547035299,0.34191063,-0.359928429,-0.00862327218,0.991181612,-0.200622156,-0.0418916717,0.0561898015,-0.220218092,0.0907475352,-0.0671850741,0.360660613,-0.308498919,0.182445928,-0.363083363,-0.0768941268,0.0874276757,0.368843585,-0.412469089,-0.0130869821,0.0321662575,0.16919741,0.0456237979,0.359921396,0.343934745,0.0469321832,0.933544636,0.136213347,0.033396177,0.0547035299,0.34191063,-0.359928429,-0.00862327218,0.991181612,-0.200622156,-0.0418916717,0.0561898015
2.66691594,3217570.07,0,0,0.0062766918,4.36184928e-06,1,0.184136909,0.0122481287,1,0.689739883,0.0153621892,-0.00650808588,0.723865032,0.0151025672,-0.0360200591,-0.0174897648,-0.109676063,0.00638343347,-0,-0.192598492,0.0525717586,-0.0438115224,0.457742333,-0.24603501,0.0497872159,-0.352638334,-0.0314125903,0.0639683381,0.450618207,-0.22452873,0.0375969745,0.0327264667,0.00790254306,0.00205457048,0.350613594,0.22089088,0.0130551402,0.985994518,0.133550987,0.0556373298,0.0216811486,0.329714,-0.315250993,-0.0027689382,0.995172739,-0.199734911,-0.0412282236,0.057591781,-0.0601126961,0.00115145533,-0.0353024155,0.0141569069,0.0743682981,0.0630402043,-0.0587094948,0.00105226436,-0.0142015014,0.000710821536,-0.00727220997,5.85376256e-05,0.00333921146,0.0207025465,0.00355020189,0.0392775536,0.0016050362,-0.00332615408,0.00171472563,-0.0014959462,0.0194598883,0.00104205264,-0.0240984801,0.00206596707,0.00429281686,0.00954636186,-0.00364765525,0.00493879383,-0.000643828767,-0.221206278,0.0902316943,-0.0674877018,0.362341136,-0.29625079,0.182638437,-0.365201801,-0.0770377219,0.0874881148,0.369150341,-0.404188126,-0.0126870293,0.0318767354,0.167053491,0.0452484079,0.358994484,0.344665647,0.0472000428,0.933038712,0.135566279,0.0332512148,0.0544777811,0.340499669,-0.359644026,-0.0092543792,0.990578771,-0.200196683,-0.0423319042,0.0559880175,-0.221206278,0.0902316943,-0.0674877018,0.362341136,-0.29625079,0.182638437,-0.365201801,-0.0770377219,0.0874881148,0.369150341,-0.404188126,-0.0126870293,0.0318767354,0.167053491,0.0452484079,0.358994484,0.344665647,0.0472000428,0.933038712,0.135566279,0.0332512148,0.0544777811,0.340499669,-0.359644026,-0.0092543792,0.990578771,-0.200196683,-0.0423319042,0.0559880175,-0.221206278,0.0902316943,-0.0674877018,0.362341136,-0.29625079,0.182638437,-0.365201801,-0.0770377219,0.0874881148,0.369150341,-0.404188126,-0.0126870293,0.0318767354,0.167053491,0.0452484079,0.358994484,0.344665647,0.0472000428,0.933038712,0.135566279,0.0332512148,0.0544777811,0.340499669,-0.359644026,-0.0092543792,0.990578771,-0.200196683,-0.0423319042,0.0559880175
2.67691976,3217570.08,0,0,0.0162805119,6.85406849e-06,1,0.184136909,0,1,0.689801574,0.0155340834,-0.00655444199,0.72380209,0.0176558793,-0.0290574096,-0.017959984,-0.141542643,0.0128107788,-0,-0.193287194,0.0525777303,-0.0441552997,0.457903296,-0.245230541,0.0503176153,-0.353310168,-0.031404689,0.0638488755,0.450632513,-0.224510983,0.0375901051,0.0327551849,0.00809537899,0.002085977,0.350963116,0.220910639,0.0130241141,0.98601222,0.133531928,0.0558163673,0.0216918178,0.329430193,-0.315229088,-0.00272908318,0.995257735,-0.199765489,-0.0411841385,0.0575830713,-0.0732892081,0.000380149693,-0.0336897783,0.0166847948,0.0834567249,0.0473675467,-0.0717223585,0.000657228637,-0.0107120136,0.00181162334,0.00599785848,-0.00122743205,0.0027161669,0.0185788907,0.00329911546,0.032032989,0.00211723149,-0.00300443312,0.0018543601,-0.00208691112,0.0172135811,0.00105942693,-0.0311229005,0.00223419094,0.00383603806,0.00800108165,-0.00278031291,0.00414799573,-0.000971599424,-0.221206278,0.0902316943,-0.0674877018,0.362341136,-0.29625079,0.182638437,-0.365201801,-0.0770377219,0.0874881148,0.369150341,-0.404188126,-0.0126870293,0.0318767354,0.167053491,0.0452484079,0.358994484,0.344665647,0.0472000428,0.933038712,0.135566279,0.0332512148,0.0544777811,0.340499669,-0.359644026,-0.0092543792,0.990578771,-0.200196683,-0.0423319042,0.0559880175,-0.221206278,0.0902316943,-0.0674877018,0.362341136,-0.29625079,0.182638437,-0.365201801,-0.0770377219,0.0874881148,0.369150341,-0.404188126,-0.0126870293,0.0318767354,0.167053491,0.0452484079,0.358994484,0.344665647,0.0472000428,0.933038712,0.135566279,0.0332512148,0.0544777811,0.340499669,-0.359644026,-0.0092543792,0.990578771,-0.200196683,-0.0423319042,0.0559880175,-0.221206278,0.0902316943,-0.0674877018,0.362341136,-0.29625079,0.182638437,-0.365201801,-0.0770377219,0.0874881148,0.369150341,-0.404188126,-0.0126870293,0.0318767354,0.167053491,0.0452484079,0.358994484,0.344665647,0.0472000428,0.933038712,0.135566279,0.0332512148,0.0544777811,0.340499669,-0.359644026,-0.0092543792,0.990578771,-0.200196683,-0.0423319042,0.0559880175
2.68791712,3217570.1,0,0,0.00679578492,5.89294359e-06,1,0.203317963,0.0276935697,1,0.689866006,0.0157023221,-0.00657915464,0.723736882,0.0221915599,-0.0253676511,-0.0182874128,-0.182587817,0.0218109936,-0,-0.194052175,0.0525753573,-0.0444785878,0.458065271,-0.244356394,0.050718233,-0.354062527,-0.0314047374,0.0637590587,0.45063737,-0.22435078,0.0375686027,0.0327815413,0.00826775283,0.00214596023,0.351234376,0.2209346,0.0129950736,0.986032248,0.133508816,0.0559784919,0.0217014868,0.329075247,-0.315206051,-0.00269257138,0.995332658,-0.199790046,-0.0411457755,0.0575727224,-0.0820850059,-0.00242716516,-0.0309828836,0.0172645617,0.0935138538,0.0340058431,-0.0788917989,-0.00213711918,-0.00689187832,-0.00571851572,0.0447516292,-0.0028893624,0.00229869201,0.0141423717,0.00695760455,0.0235286206,0.00336197368,-0.00274334359,0.00202036928,-0.00275249127,0.0140885198,0.000745407247,-0.038706407,0.00249291444,0.00335118687,0.00695436401,-0.00194424845,0.00342455227,-0.00105629303,-0.221398056,0.0891293287,-0.0672531947,0.366799057,-0.268557221,0.182115227,-0.36840871,-0.0786960945,0.0888257474,0.368486524,-0.391020209,-0.0124941152,0.0314434916,0.163121521,0.0430221818,0.357105285,0.345482707,0.0475855581,0.932314515,0.134460807,0.032403443,0.0537055209,0.339335442,-0.35963285,-0.0105204517,0.989411891,-0.19954583,-0.0428265445,0.055935178,-0.221398056,0.0891293287,-0.0672531947,0.366799057,-0.268557221,0.182115227,-0.36840871,-0.0786960945,0.0888257474,0.368486524,-0.391020209,-0.0124941152,0.0314434916,0.163121521,0.0430221818,0.357105285,0.345482707,0.0475855581,0.932314515,0.134460807,0.032403443,0.0537055209,0.339335442,-0.35963285,-0.0105204517,0.989411891,-0.19954583,-0.0428265445,0.055935178,-0.221398056,0.0891293287,-0.0672531947,0.366799057,-0.268557221,0.182115227,-0.36840871,-0.0786960945,0.0888257474,0.368486524,-0.391020209,-0.0124941152,0.0314434916,0.163121521,0.0430221818,0.357105285,0.345482707,0.0475855581,0.932314515,0.134460807,0.032403443,0.0537055209,0.339335442,-0.35963285,-0.0105204517,0.989411891,-0.19954583,-0.0428265445,0.055935178
2.6979403,3217570.11,0,0,0.0168189621,1.58031471e-05,1,0.203317963,0,1,0.689923763,0.0158600621,-0.00652993424,0.723678827,0.0319497734,-0.0112806624,-0.0162294786,-0.224372834,0.0308908504,-0,-0.195058241,0.0524911955,-0.0447684266,0.458308458,-0.243319482,0.0509735979,-0.354971141,-0.0314823538,0.0637303367,0.450439632,-0.2232088,0.0375294909,0.0327975228,0.00834157411,0.00218813703,0.3514027,0.220986977,0.0129707176,0.986052036,0.133472353,0.05607545,0.021703789,0.328641474,-0.315179676,-0.00266630575,0.995392442,-0.19979921,-0.0411195122,0.0575615764,-0.110811256,-0.0113423672,-0.0276229866,0.028471956,0.107435502,0.0214971602,-0.0996707901,-0.0104680518,-0.000729615625,-0.0211150367,0.136941314,-0.00441204477,0.00143159088,0.00432984205,0.00351356366,0.0120387226,0.00583556341,-0.0022827934,0.00201270077,-0.00404414628,0.00773075689,5.36347352e-06,-0.046787519,0.00258904602,0.00224811863,0.00550540723,-0.000454794092,0.00226106681,-0.00115834747,-0.221398056,0.0891293287,-0.0672531947,0.366799057,-0.268557221,0.182115227,-0.36840871,-0.0786960945,0.0888257474,0.368486524,-0.391020209,-0.0124941152,0.0314434916,0.163121521,0.0430221818,0.357105285,0.345482707,0.0475855581,0.932314515,0.134460807,0.032403443,0.0537055209,0.339335442,-0.35963285,-0.0105204517,0.989411891,-0.19954583,-0.0428265445,0.055935178,-0.221398056,0.0891293287,-0.0672531947,0.366799057,-0.268557221,0.182115227,-0.36840871,-0.0786960945,0.0888257474,0.368486524,-0.391020209,-0.0124941152,0.0314434916,0.163121521,0.0430221818,0.357105285,0.345482707,0.0475855581,0.932314515,0.134460807,0.032403443,0.0537055209,0.339335442,-0.35963285,-0.0105204517,0.989411891,-0.19954583,-0.0428265445,0.055935178,-0.221398056,0.0891293287,-0.0672531947,0.366799057,-0.268557221,0.182115227,-0.36840871,-0.0786960945,0.0888257474,0.368486524,-0.391020209,-0.0124941152,0.0314434916,0.163121521,0.0430221818,0.357105285,0.345482707,0.0475855581,0.932314515,0.134460807,0.032403443,0.0537055209,0.339335442,-0.35963285,-0.0105204517,0.989411891,-0.19954583,-0.0428265445,0.055935178
2.70893891,3217570.12,0,0,0.00810960401,1.13938004e-05,1,0.272650272,0.0457136035,1,0.689991236,0.0160403233,-0.00637785578,0.723611832,0.0500732474,0.00551560381,-0.0147746885,-0.273696274,0.0400475673,-0,-0.196557954,0.0522815734,-0.0450546965,0.458705813,-0.241963878,0.0511785224,-0.356316298,-0.0316875614,0.0637588203,0.450117797,-0.221027225,0.0374717489,0.0328068957,0.0083200708,0.00222233147,0.351476789,0.221066579,0.0129450923,0.986063898,0.133416638,0.0561343431,0.0216986127,0.328002095,-0.315149486,-0.00264614145,0.995449901,-0.199796259,-0.0410981104,0.05754821,-0.142759874,-0.0293197092,-0.020102337,0.0372784287,0.126291513,0.0138916122,-0.119637765,-0.0302508585,0.00539500173,-0.058193218,0.297303706,-0.00454067392,-0.000729899388,-0.0139155705,-0.00185016682,0.00271347351,0.00961123034,-0.00208602357,-0.000617459358,-0.00561555568,0.00184503559,-0.00149631384,-0.0572958812,0.00286935363,0.000955840398,0.00371954008,0.00139750633,0.00107426045,-0.000870816293,-0.221232235,0.087783277,-0.066181235,0.375109851,-0.222843617,0.180230528,-0.373364687,-0.0815721154,0.0915296078,0.366813481,-0.371605605,-0.0118397605,0.0310265515,0.156990319,0.0385438725,0.354147732,0.34642458,0.0480133072,0.931693733,0.132970124,0.030501239,0.0521319732,0.337964088,-0.359803438,-0.0123790381,0.987436533,-0.19857277,-0.0434216708,0.0561099984,-0.221232235,0.087783277,-0.066181235,0.375109851,-0.222843617,0.180230528,-0.373364687,-0.0815721154,0.0915296078,0.366813481,-0.371605605,-0.0118397605,0.0310265515,0.156990319,0.0385438725,0.354147732,0.34642458,0.0480133072,0.931693733,0.132970124,0.030501239,0.0521319732,0.337964088,-0.359803438,-0.0123790381,0.987436533,-0.19857277,-0.0434216708,0.0561099984,-0.221232235,0.087783277,-0.066181235,0.375109851,-0.222843617,0.180230528,-0.373364687,-0.0815721154,0.0915296078,0.366813481,-0.371605605,-0.0118397605,0.0310265515,0.156990319,0.0385438725,0.354147732,0.34642458,0.0480133072,0.931693733,0.132970124,0.030501239,0.0521319732,0.337964088,-0.359803438,-0.0123790381,0.987436533,-0.19857277,-0.0434216708,0.0561099984
2.71906804,3217570.13,0,0,0.0182387251,7.357914e-06,1,0.272650272,0,1,0.690034032,0.0162029117,-0.00608125003,0.723569989,0.0723389685,0.022037439,-0.0135134421,-0.323868275,0.045756422,-0,-0.198206306,0.0518268868,-0.0452073105,0.459134459,-0.240580395,0.0512872376,-0.357663989,-0.0321565643,0.0638685375,0.449299812,-0.216922477,0.0374347605,0.0327841602,0.00802310742,0.00217393204,0.351442724,0.221198216,0.0129247839,0.986039221,0.133350566,0.0561216176,0.0216728281,0.32735911,-0.31512031,-0.00264520803,0.995475292,-0.199770674,-0.0410946831,0.0575415939,-0.175046995,-0.0526767671,-0.0120749595,0.0458551534,0.141981989,0.00884422194,-0.148769006,-0.0532898456,0.0155956363,-0.0735904947,0.42246151,-0.00312690693,-0.00236558169,-0.0363021158,-0.00321043539,-0.0085419165,0.0141290035,-0.00197300361,-0.00323601672,-0.00703261513,-0.00262533873,-0.00301063014,-0.0701732859,0.00268313638,-0.000400296965,0.00196390925,0.00305500673,2.46892105e-05,-0.000613703218,-0.221232235,0.087783277,-0.066181235,0.375109851,-0.222843617,0.180230528,-0.373364687,-0.0815721154,0.0915296078,0.366813481,-0.371605605,-0.0118397605,0.0310265515,0.156990319,0.0385438725,0.354147732,0.34642458,0.0480133072,0.931693733,0.132970124,0.030501239,0.0521319732,0.337964088,-0.359803438,-0.0123790381,0.987436533,-0.19857277,-0.0434216708,0.0561099984,-0.221232235,0.087783277,-0.066181235,0.375109851,-0.222843617,0.180230528,-0.373364687,-0.0815721154,0.0915296078,0.366813481,-0.371605605,-0.0118397605,0.0310265515,0.156990319,0.0385438725,0.354147732,0.34642458,0.0480133072,0.931693733,0.132970124,0.030501239,0.0521319732,0.337964088,-0.359803438,-0.0123790381,0.987436533,-0.19857277,-0.0434216708,0.0561099984,-0.221232235,0.087783277,-0.066181235,0.375109851,-0.222843617,0.180230528,-0.373364687,-0.0815721154,0.0915296078,0.366813481,-0.371605605,-0.0118397605,0.0310265515,0.156990319,0.0385438725,0.354147732,0.34642458,0.0480133072,0.931693733,0.132970124,0.030501239,0.0521319732,0.337964088,-0.359803438,-0.0123790381,0.987436533,-0.19857277,-0.0434216708,0.0561099984
2.72991961,3217570.14,0,0,0.00926039089,6.33019954e-06,1,0.203090254,0.0614999533,1,0.690066934,0.0163380373,-0.00576968491,0.723538101,0.0872259289,0.0418729223,-0.00966372062,-0.399442106,0.0461993292,-0,-0.199718803,0.0513468385,-0.0452830605,0.459531516,-0.239422426,0.0513362326,-0.358994484,-0.0326287523,0.0640392825,0.448785931,-0.213456839,0.0374152586,0.0327576101,0.00768379122,0.00213503744,0.351332963,0.221319616,0.0129094822,0.986011744,0.133291185,0.056080997,0.0216346178,0.326753438,-0.315100551,-0.00265255501,0.995485961,-0.199742451,-0.0410970002,0.0575377755,-0.210345045,-0.0687938705,-0.00849928614,0.0559809394,0.153024584,0.00348093803,-0.180076987,-0.0665852204,0.0262495968,-0.0800348297,0.503333688,-0.00133454695,-0.00642036879,-0.0509908162,-0.0155477161,-0.0144177936,0.0187863875,-0.00183032034,-0.00328823342,-0.00808758195,-0.0107563678,-0.00939661358,-0.0771472827,0.00277977926,-0.00143282348,0.000452960492,0.00421985053,-0.000756831665,-3.510432e-05,-0.221770108,0.0876900479,-0.0645330697,0.387367845,-0.161343664,0.176178351,-0.380045086,-0.0844166279,0.0948382765,0.364336729,-0.344977379,-0.00971424952,0.030538816,0.148802787,0.0310780257,0.349943757,0.347680867,0.0481917709,0.931480706,0.131236076,0.027312398,0.0496160425,0.336027414,-0.359758735,-0.0145585528,0.98441112,-0.197542652,-0.0441925414,0.056800589,-0.221770108,0.0876900479,-0.0645330697,0.387367845,-0.161343664,0.176178351,-0.380045086,-0.0844166279,0.0948382765,0.364336729,-0.344977379,-0.00971424952,0.030538816,0.148802787,0.0310780257,0.349943757,0.347680867,0.0481917709,0.931480706,0.131236076,0.027312398,0.0496160425,0.336027414,-0.359758735,-0.0145585528,0.98441112,-0.197542652,-0.0441925414,0.056800589,-0.221770108,0.0876900479,-0.0645330697,0.387367845,-0.161343664,0.176178351,-0.380045086,-0.0844166279,0.0948382765,0.364336729,-0.344977379,-0.00971424952,0.030538816,0.148802787,0.0310780257,0.349943757,0.347680867,0.0481917709,0.931480706,0.131236076,0.027312398,0.0496160425,0.336027414,-0.359758735,-0.0145585528,0.98441112,-0.197542652,-0.0441925414,0.056800589
2.73993848,3217570.15,0,0,0.019279256,1.49249099e-05,1,0.203090254,0,1,0.69006449,0.0165003948,-0.00501460116,0.723542392,0.121863797,0.0729070827,0.000440065342,-0.477333307,0.0407804027,-0,-0.202838555,0.0502158515,-0.0453485139,0.460429519,-0.237362936,0.0513002761,-0.36149928,-0.0336604863,0.0645783097,0.447286606,-0.204999134,0.0374361724,0.0326290727,0.00676779449,0.00181332673,0.351033777,0.221694946,0.0128897121,0.985978305,0.133174762,0.0557151102,0.0213157404,0.325733095,-0.31506148,-0.00268504093,0.995462894,-0.199671715,-0.041121576,0.0575502999,-0.278554946,-0.107139684,-0.00214814884,0.0844133198,0.176775813,-0.00689780433,-0.227374509,-0.09343604,0.0590744875,-0.120827556,0.752413273,0.00331904157,-0.00841368362,-0.0885425657,-0.0172754563,-0.0397372879,0.0371500105,-0.00159596407,-0.00254651392,-0.010345025,-0.0402730256,-0.036125984,-0.094491899,0.00310603366,-0.00343090948,-0.00311012496,0.00662052725,-0.00266429619,0.00142229989,-0.221770108,0.0876900479,-0.0645330697,0.387367845,-0.161343664,0.176178351,-0.380045086,-0.0844166279,0.0948382765,0.364336729,-0.344977379,-0.00971424952,0.030538816,0.148802787,0.0310780257,0.349943757,0.347680867,0.0481917709,0.931480706,0.131236076,0.027312398,0.0496160425,0.336027414,-0.359758735,-0.0145585528,0.98441112,-0.197542652,-0.0441925414,0.056800589,-0.221770108,0.0876900479,-0.0645330697,0.387367845,-0.161343664,0.176178351,-0.380045086,-0.0844166279,0.0948382765,0.364336729,-0.344977379,-0.00971424952,0.030538816,0.148802787,0.0310780257,0.349943757,0.347680867,0.0481917709,0.931480706,0.131236076,0.027312398,0.0496160425,0.336027414,-0.359758735,-0.0145585528,0.98441112,-0.197542652,-0.0441925414,0.056800589,-0.221770108,0.0876900479,-0.0645330697,0.387367845,-0.161343664,0.176178351,-0.380045086,-0.0844166279,0.0948382765,0.364336729,-0.344977379,-0.00971424952,0.030538816,0.148802787,0.0310780257,0.349943757,0.347680867,0.0481917709,0.931480706,0.131236076,0.027312398,0.0496160425,0.336027414,-0.359758735,-0.0145585528,0.98441112,-0.197542652,-0.0441925414,0.056800589
2.75091699,3217570.16,0,0,0.01027059,5.57210296e-06,1,0.191299245,0.0803208277,1,0.690035224,0.0166282542,-0.00422054809,0.723572433,0.145080388,0.128097087,0.0160618722,-0.562493086,0.0298398733,-0,-0.205980957,0.0490346812,-0.0453562997,0.461402148,-0.235531703,0.0510392562,-0.364102185,-0.0346591808,0.0652971044,0.446117401,-0.196934447,0.0374838151,0.032513354,0.00577375339,0.0015553449,0.350538164,0.222132266,0.01287279,0.98595798,0.133001685,0.0551968664,0.0208463743,0.324724138,-0.315028399,-0.00273090764,0.995380402,-0.199598655,-0.0411551371,0.0575765222,-0.374819815,-0.130983919,-0.00222997298,0.118117623,0.199074745,-0.0632847324,-0.295401424,-0.110770166,0.0819673836,-0.163927361,0.992195785,0.00659594731,-0.0236643218,-0.115258299,-0.062138658,-0.0444973111,0.0557229482,-0.00185908179,-0.00125129288,-0.0331580751,-0.0736339018,-0.0624693222,-0.0995123312,0.00473709451,-0.006254551,-0.0192394368,0.00833195541,-0.00452441024,0.00522192055,-0.223605722,0.0908054635,-0.0624590777,0.404861242,-0.0810228363,0.168289796,-0.389179796,-0.086160183,0.0983318388,0.363629222,-0.301144034,-0.0064859977,0.0294194017,0.138543278,0.0187062845,0.342750788,0.350202501,0.0480246507,0.93100065,0.128620371,0.0221506692,0.0468528047,0.331965774,-0.358326763,-0.0174182672,0.979425311,-0.196494997,-0.0460140929,0.0589006282,-0.223605722,0.0908054635,-0.0624590777,0.404861242,-0.0810228363,0.168289796,-0.389179796,-0.086160183,0.0983318388,0.363629222,-0.301144034,-0.0064859977,0.0294194017,0.138543278,0.0187062845,0.342750788,0.350202501,0.0480246507,0.93100065,0.128620371,0.0221506692,0.0468528047,0.331965774,-0.358326763,-0.0174182672,0.979425311,-0.196494997,-0.0460140929,0.0589006282,-0.223605722,0.0908054635,-0.0624590777,0.404861242,-0.0810228363,0.168289796,-0.389179796,-0.086160183,0.0983318388,0.363629222,-0.301144034,-0.0064859977,0.0294194017,0.138543278,0.0187062845,0.342750788,0.350202501,0.0480246507,0.93100065,0.128620371,0.0221506692,0.0468528047,0.331965774,-0.358326763,-0.0174182672,0.979425311,-0.196494997,-0.0460140929,0.0589006282
2.76092441,3217570.17,0,0,0.00025403779,7.00075179e-06,1,0.166132115,0.0894007608,1,0.689939976,0.0166474227,-0.0031194319,0.723668396,0.171643123,0.14994368,0.0244762003,-0.632150233,0.021254478,-0,-0.210242599,0.0475677922,-0.0453561805,0.462853879,-0.233414382,0.0498749129,-0.367405623,-0.0358608328,0.0663370416,0.444245934,-0.185338885,0.0375759415,0.0322193988,0.00442102179,0.00094401656,0.349940807,0.222849891,0.0128531586,0.985952318,0.132443413,0.0541476011,0.020005744,0.32361871,-0.314969808,-0.00284176972,0.994956553,-0.199504137,-0.0412158258,0.0576497242,-0.442163408,-0.154262826,0.00296085863,0.158762485,0.214306027,-0.144244611,-0.348369211,-0.122753128,0.118904456,-0.173744321,1.19374311,0.0106551498,-0.0274261162,-0.144685596,-0.041142974,-0.0783608481,0.0793709531,-0.00198638253,-0.000322479493,-0.0664820299,-0.120027363,-0.0950642005,-0.122047566,0.00579631934,-0.0143902795,-0.0564278439,0.00993644912,-0.00684225047,0.00803033914,-0.223605722,0.0908054635,-0.0624590777,0.404861242,-0.0810228363,0.168289796,-0.389179796,-0.086160183,0.0983318388,0.363629222,-0.301144034,-0.0064859977,0.0294194017,0.138543278,0.0187062845,0.342750788,0.350202501,0.0480246507,0.93100065,0.128620371,0.0221506692,0.0468528047,0.331965774,-0.358326763,-0.0174182672,0.979425311,-0.196494997,-0.0460140929,0.0589006282,-0.226163805,0.0968171731,-0.0603069924,0.4266994,0.00837792456,0.15424028,-0.399552315,-0.0858537853,0.100803137,0.367070973,-0.235025972,-0.00203766208,0.027476361,0.128224403,-0.00116377324,0.331761241,0.35494411,0.0476753712,0.929103494,0.125313863,0.0150061045,0.0438972861,0.326866806,-0.355870068,-0.0202987902,0.973110557,-0.19577685,-0.0488598086,0.0629609674,-0.226163805,0.0968171731,-0.0603069924,0.4266994,0.00837792456,0.15424028,-0.399552315,-0.0858537853,0.100803137,0.367070973,-0.235025972,-0.00203766208,0.027476361,0.128224403,-0.00116377324,0.331761241,0.35494411,0.0476753712,0.929103494,0.125313863,0.0150061045,0.0438972861,0.326866806,-0.355870068,-0.0202987902,0.973110557,-0.19577685,-0.0488598086,0.0629609674
2.77092529,3217570.18,0,0,0.0102549158,7.26804137e-06,1,0.166132115,0,1,0.689799845,0.0166021958,-0.00178455771,0.723807514,0.202146828,0.243724346,0.0489279851,-0.693245888,0.0102699613,-0,-0.215446204,0.0459003113,-0.0453292057,0.464793116,-0.231152847,0.0475591309,-0.371468216,-0.0371841937,0.0677015111,0.442268938,-0.171479195,0.0377042182,0.031844046,0.00277740695,0.000252078549,0.349079847,0.223826244,0.0128300125,0.985955,0.131548017,0.0526287779,0.0188372638,0.322385281,-0.314859182,-0.00323820277,0.994044542,-0.199397907,-0.041405756,0.0580791086,-0.610263228,-0.178288415,-0.000211562059,0.231657133,0.242272571,-0.327743232,-0.460656166,-0.144136831,0.148447946,-0.257030159,1.65517187,0.0147563461,-0.055129908,-0.184868217,-0.119950064,-0.0786781609,0.117645308,-0.00270851958,0.000871194119,-0.115473703,-0.186825588,-0.138302118,-0.115713686,0.0192313585,-0.0719581917,-0.129441142,0.0112748593,-0.0362363942,0.0912251845,-0.226163805,0.0968171731,-0.0603069924,0.4266994,0.00837792456,0.15424028,-0.399552315,-0.0858537853,0.100803137,0.367070973,-0.235025972,-0.00203766208,0.027476361,0.128224403,-0.00116377324,0.331761241,0.35494411,0.0476753712,0.929103494,0.125313863,0.0150061045,0.0438972861,0.326866806,-0.355870068,-0.0202987902,0.973110557,-0.19577685,-0.0488598086,0.0629609674,-0.226163805,0.0968171731,-0.0603069924,0.4266994,0.00837792456,0.15424028,-0.399552315,-0.0858537853,0.100803137,0.367070973,-0.235025972,-0.00203766208,0.027476361,0.128224403,-0.00116377324,0.331761241,0.35494411,0.0476753712,0.929103494,0.125313863,0.0150061045,0.0438972861,0.326866806,-0.355870068,-0.0202987902,0.973110557,-0.19577685,-0.0488598086,0.0629609674,-0.226163805,0.0968171731,-0.0603069924,0.4266994,0.00837792456,0.15424028,-0.399552315,-0.0858537853,0.100803137,0.367070973,-0.235025972,-0.00203766208,0.027476361,0.128224403,-0.00116377324,0.331761241,0.35494411,0.0476753712,0.929103494,0.125313863,0.0150061045,0.0438972861,0.326866806,-0.355870068,-0.0202987902,0.973110557,-0.19577685,-0.0488598086,0.0629609674
2.78191789,3217570.19,0,0,0.00128764007,5.14509156e-06,1,0.173857901,0.0728924572,1,0.689557612,0.0164666064,0.00018722433,0.724043548,0.235161707,0.232931584,0.0470650531,-0.743748784,0.000530968944,-0,-0.223242179,0.0435926281,-0.0452348478,0.468069226,-0.228245497,0.0426823609,-0.37753284,-0.0389913395,0.0698354989,0.439656526,-0.150569111,0.0379354209,0.031205086,0.000270737946,-0.000663577986,0.34763211,0.225482643,0.0127962967,0.985966802,0.129918516,0.0500314385,0.0169685222,0.32070455,-0.314534575,-0.00439965166,0.991951823,-0.199255437,-0.042112425,0.059492562,-0.658198476,-0.199036136,0.0172280371,0.291875124,0.236919016,-0.438273191,-0.534049749,-0.152063906,0.196999803,-0.158890143,1.70735681,0.0227349289,-0.0443098545,-0.221554458,-0.036302641,-0.156380698,0.146676853,-0.00278107775,0.00092898478,-0.138424188,-0.222475991,-0.16012305,-0.161579564,0.0294375662,-0.100710772,-0.192117393,0.0121069076,-0.0696195886,0.117326349,-0.228896677,0.103901833,-0.0590164028,0.448032111,0.0761538297,0.134698227,-0.409489453,-0.0834575817,0.10115242,0.372153074,-0.162133515,0.00600778451,0.0255336463,0.122786909,-0.0284019001,0.318575561,0.361255288,0.0475212298,0.926087618,0.124025419,0.00592057733,0.0399781838,0.324871659,-0.355630666,-0.0208259858,0.967184901,-0.196462587,-0.0516909957,0.0677471012,-0.228896677,0.103901833,-0.0590164028,0.448032111,0.0761538297,0.134698227,-0.409489453,-0.0834575817,0.10115242,0.372153074,-0.162133515,0.00600778451,0.0255336463,0.122786909,-0.0284019001,0.318575561,0.361255288,0.0475212298,0.926087618,0.124025419,0.00592057733,0.0399781838,0.324871659,-0.355630666,-0.0208259858,0.967184901,-0.196462587,-0.0516909957,0.0677471012,-0.228896677,0.103901833,-0.0590164028,0.448032111,0.0761538297,0.134698227,-0.409489453,-0.0834575817,0.10115242,0.372153074,-0.162133515,0.00600778451,0.0255336463,0.122786909,-0.0284019001,0.318575561,0.361255288,0.0475212298,0.926087618,0.124025419,0.00592057733,0.0399781838,0.324871659,-0.355630666,-0.0208259858,0.967184901,-0.196462587,-0.0516909957,0.0677471012
2.79193012,3217570.2,0,0,0.0112998728,1.13537535e-05,1,0.173857901,0,1,0.689302087,0.0163022801,0.00203428767,0.724287748,0.253215581,0.31291616,0.0784323886,-0.792251587,-0.00820428878,-0,-0.230802342,0.0415624753,-0.0451279283,0.471574754,-0.225844622,0.0368258841,-0.383433223,-0.0406140685,0.0718504041,0.437552869,-0.130644411,0.0382859707,0.0306116138,-0.0020863805,-0.00142721296,0.345974237,0.227175549,0.0127664041,0.985985398,0.128527373,0.0474901237,0.0151127083,0.319151878,-0.314277351,-0.00535973767,0.989570975,-0.199143514,-0.0430485643,0.0611149073,-0.829682648,-0.205998108,0.00436104508,0.398612767,0.240880176,-0.699145615,-0.626877069,-0.170029432,0.204441339,-0.258599102,2.23047447,0.0450638421,-0.0713880509,-0.246372715,-0.104677096,-0.171236083,0.18808493,-0.00314858393,0.0025089772,-0.140128762,-0.28276059,-0.207712784,-0.148433447,0.0226679295,-0.0921666473,-0.276430786,0.01042921,-0.11286667,0.20091787,-0.228896677,0.103901833,-0.0590164028,0.448032111,0.0761538297,0.134698227,-0.409489453,-0.0834575817,0.10115242,0.372153074,-0.162133515,0.00600778451,0.0255336463,0.122786909,-0.0284019001,0.318575561,0.361255288,0.0475212298,0.926087618,0.124025419,0.00592057733,0.0399781838,0.324871659,-0.355630666,-0.0208259858,0.967184901,-0.196462587,-0.0516909957,0.0677471012,-0.228896677,0.103901833,-0.0590164028,0.448032111,0.0761538297,0.134698227,-0.409489453,-0.0834575817,0.10115242,0.372153074,-0.162133515,0.00600778451,0.0255336463,0.122786909,-0.0284019001,0.318575561,0.361255288,0.0475212298,0.926087618,0.124025419,0.00592057733,0.0399781838,0.324871659,-0.355630666,-0.0208259858,0.967184901,-0.196462587,-0.0516909957,0.0677471012,-0.228896677,0.103901833,-0.0590164028,0.448032111,0.0761538297,0.134698227,-0.409489453,-0.0834575817,0.10115242,0.372153074,-0.162133515,0.00600778451,0.0255336463,0.122786909,-0.0284019001,0.318575561,0.361255288,0.0475212298,0.926087618,0.124025419,0.00592057733,0.0399781838,0.324871659,-0.355630666,-0.0208259858,0.967184901,-0.196462587,-0.0516909957,0.0677471012
2.80292683,3217570.21,0,0,0.00222431216,9.40915197e-06,1,0.239498913,0.0578092933,1,0.688998401,0.0161656607,0.00399556523,0.724571526,0.274551362,0.270536393,0.0716474429,-0.836516976,-0.0145060616,-0,-0.239187926,0.0394509472,-0.0450050868,0.475937158,-0.223562971,0.029272465,-0.389929742,-0.0423401445,0.0740606785,0.435576171,-0.108328879,0.0388361439,0.0300088208,-0.00469128648,-0.00192675274,0.343781263,0.229203478,0.0127344523,0.98601079,0.127257705,0.044581756,0.0129584344,0.317414701,-0.314067125,-0.00613152934,0.986614704,-0.199045047,-0.0443010777,0.0631112531,-0.830743015,-0.213790402,0.0213344283,0.451208591,0.219143987,-0.773929238,-0.662027419,-0.173398346,0.231999367,-0.141229019,2.1788218,0.0592538714,-0.0489467606,-0.269294053,-0.00986713916,-0.253085941,0.208949953,-0.00321005867,0.00242705946,-0.114183038,-0.286167234,-0.213522956,-0.194508731,0.0204208009,-0.0649039671,-0.296294004,0.00954990182,-0.128192663,0.186757416,-0.23472029,0.108030953,-0.0574044324,0.466664284,0.111391053,0.115239754,-0.418200523,-0.081527546,0.100849733,0.376309186,-0.104324222,0.0167125203,0.0240848027,0.124620169,-0.0558456741,0.307146251,0.368049234,0.0478811488,0.922882438,0.126263112,-0.00416294858,0.0349699408,0.327195823,-0.358501911,-0.0179239269,0.962253213,-0.197838068,-0.0532853454,0.0725526065,-0.23472029,0.108030953,-0.0574044324,0.466664284,0.111391053,0.115239754,-0.418200523,-0.081527546,0.100849733,0.376309186,-0.104324222,0.0167125203,0.0240848027,0.124620169,-0.0558456741,0.307146251,0.368049234,0.0478811488,0.922882438,0.126263112,-0.00416294858,0.0349699408,0.327195823,-0.358501911,-0.0179239269,0.962253213,-0.197838068,-0.0532853454,0.0725526065,-0.23472029,0.108030953,-0.0574044324,0.466664284,0.111391053,0.115239754,-0.418200523,-0.081527546,0.100849733,0.376309186,-0.104324222,0.0167125203,0.0240848027,0.124620169,-0.0558456741,0.307146251,0.368049234,0.0478811488,0.922882438,0.126263112,-0.00416294858,0.0349699408,0.327195823,-0.358501911,-0.0179239269,0.962253213,-0.197838068,-0.0532853454,0.0725526065
2.81392617,3217570.22,0,0,0.0132236523,8.50716606e-06,1,0.239498913,0,1,0.688601434,0.0161134712,0.00632580463,0.724933386,0.273164779,0.30448398,0.099375695,-0.871930957,-0.0176499244,-0,-0.249746844,0.0369434431,-0.0447997451,0.482059121,-0.221162111,0.0189068597,-0.398211837,-0.0444587767,0.0767660141,0.434010357,-0.0810302496,0.039721515,0.0294254459,-0.00793146715,-0.00201757764,0.340352774,0.231879279,0.0126974639,0.986054301,0.126361802,0.0410517603,0.0102413725,0.315033227,-0.313896328,-0.00660877768,0.982825935,-0.198951736,-0.0458244458,0.0654764548,-0.957711577,-0.202158436,0.00573625602,0.577748775,0.181944385,-0.962071836,-0.725908399,-0.178676173,0.214000806,-0.158389077,2.44342828,0.0891801938,-0.0548668951,-0.266124129,-0.0426400714,-0.295145422,0.239294991,-0.00305780373,0.0047129509,-0.0440673307,-0.317896158,-0.251630843,-0.181196913,0.00763775175,-0.0233193282,-0.348682225,0.00590805709,-0.128174976,0.228748217,-0.23472029,0.108030953,-0.0574044324,0.466664284,0.111391053,0.115239754,-0.418200523,-0.081527546,0.100849733,0.376309186,-0.104324222,0.0167125203,0.0240848027,0.124620169,-0.0558456741,0.307146251,0.368049234,0.0478811488,0.922882438,0.126263112,-0.00416294858,0.0349699408,0.327195823,-0.358501911,-0.0179239269,0.962253213,-0.197838068,-0.0532853454,0.0725526065,-0.23472029,0.108030953,-0.0574044324,0.466664284,0.111391053,0.115239754,-0.418200523,-0.081527546,0.100849733,0.376309186,-0.104324222,0.0167125203,0.0240848027,0.124620169,-0.0558456741,0.307146251,0.368049234,0.0478811488,0.922882438,0.126263112,-0.00416294858,0.0349699408,0.327195823,-0.358501911,-0.0179239269,0.962253213,-0.197838068,-0.0532853454,0.0725526065,-0.23472029,0.108030953,-0.0574044324,0.466664284,0.111391053,0.115239754,-0.418200523,-0.081527546,0.100849733,0.376309186,-0.104324222,0.0167125203,0.0240848027,0.124620169,-0.0558456741,0.307146251,0.368049234,0.0478811488,0.922882438,0.126263112,-0.00416294858,0.0349699408,0.327195823,-0.358501911,-0.0179239269,0.962253213,-0.197838068,-0.0532853454,0.0725526065
2.82399188,3217570.23,0,0,0.00331943203,9.25315544e-06,1,0.214376021,0.0419881642,1,0.688210249,0.01608002,0.00825296249,0.725286126,0.277454108,0.235001147,0.0965543762,-0.898022056,-0.017945271,-0,-0.259219408,0.0349632725,-0.0447157435,0.488151073,-0.219538257,0.00892553944,-0.405457675,-0.0462265573,0.0789071769,0.432956219,-0.0569765419,0.0406486243,0.0289903693,-0.0105993059,-0.00199493649,0.337007105,0.234360546,0.0126634389,0.986099422,0.126100391,0.0378780179,0.00771211274,0.313047916,-0.313845932,-0.00674613379,0.979386985,-0.198904321,-0.0470700562,0.0676833168,-0.916097939,-0.195329189,0.0123913325,0.616974473,0.151595086,-1.00711477,-0.70711273,-0.175308406,0.214102849,-0.0654001981,2.34893322,0.0908902586,-0.0348400585,-0.267095238,0.0496878512,-0.365503103,0.250322789,-0.00363588985,0.00421358738,-0.01784743,-0.308694333,-0.245213985,-0.218592167,0.0042146598,-0.00924070831,-0.329117,0.0041885376,-0.119923592,0.204899356,-0.245550543,0.104469948,-0.0537198111,0.486232042,0.123342797,0.0997174382,-0.42481488,-0.0833451822,0.102294177,0.378630966,-0.0623360574,0.0250174105,0.0230681002,0.130127102,-0.078655228,0.301359683,0.376203239,0.0497177579,0.920330405,0.131331176,-0.0140611408,0.0290662013,0.331361115,-0.363001347,-0.0126316631,0.957378983,-0.199902624,-0.0536183156,0.0774871409,-0.245550543,0.104469948,-0.0537198111,0.486232042,0.123342797,0.0997174382,-0.42481488,-0.0833451822,0.102294177,0.378630966,-0.0623360574,0.0250174105,0.0230681002,0.130127102,-0.078655228,0.301359683,0.376203239,0.0497177579,0.920330405,0.131331176,-0.0140611408,0.0290662013,0.331361115,-0.363001347,-0.0126316631,0.957378983,-0.199902624,-0.0536183156,0.0774871409,-0.245550543,0.104469948,-0.0537198111,0.486232042,0.123342797,0.0997174382,-0.42481488,-0.0833451822,0.102294177,0.378630966,-0.0623360574,0.0250174105,0.0230681002,0.130127102,-0.078655228,0.301359683,0.376203239,0.0497177579,0.920330405,0.131331176,-0.0140611408,0.0290662013,0.331361115,-0.363001347,-0.0126316631,0.957378983,-0.199902624,-0.0536183156,0.0774871409
2.83491594,3217570.24,0,0,0.0142434868,4.5648776e-06,1,0.214376021,0,1,0.687765062,0.0160991009,0.010095113,0.725684583,0.266057789,0.272649348,0.124615043,-0.921132326,-0.0167087652,-0,-0.269097477,0.0330566838,-0.044694718,0.495176852,-0.218410254,-0.00112827902,-0.412817597,-0.0479997247,0.0808486864,0.432305306,-0.0327252075,0.0416351259,0.0285620391,-0.0131594688,-0.00185279641,0.33330366,0.236989364,0.012628085,0.986149371,0.126021057,0.0345497616,0.00503763929,0.311058402,-0.313874841,-0.00678499369,0.975890994,-0.198892504,-0.0480867103,0.0699752644,-1.05061293,-0.187490776,-0.00441817427,0.772294283,0.082569994,-1.00622237,-0.765194416,-0.178140223,0.182030842,-0.0653582588,2.49355769,0.10485436,-0.0470839925,-0.248366326,-0.0195631813,-0.368299931,0.274591088,-0.0033796872,0.00514132809,-0.00213064114,-0.359819084,-0.29098469,-0.177361608,-0.00752096437,-0.000772669329,-0.374010593,-0.00107044098,-0.0888152421,0.254368156,-0.245550543,0.104469948,-0.0537198111,0.486232042,0.123342797,0.0997174382,-0.42481488,-0.0833451822,0.102294177,0.378630966,-0.0623360574,0.0250174105,0.0230681002,0.130127102,-0.078655228,0.301359683,0.376203239,0.0497177579,0.920330405,0.131331176,-0.0140611408,0.0290662013,0.331361115,-0.363001347,-0.0126316631,0.957378983,-0.199902624,-0.0536183156,0.0774871409,-0.245550543,0.104469948,-0.0537198111,0.486232042,0.123342797,0.0997174382,-0.42481488,-0.0833451822,0.102294177,0.378630966,-0.0623360574,0.0250174105,0.0230681002,0.130127102,-0.078655228,0.301359683,0.376203239,0.0497177579,0.920330405,0.131331176,-0.0140611408,0.0290662013,0.331361115,-0.363001347,-0.0126316631,0.957378983,-0.199902624,-0.0536183156,0.0774871409,-0.245550543,0.104469948,-0.0537198111,0.486232042,0.123342797,0.0997174382,-0.42481488,-0.0833451822,0.102294177,0.378630966,-0.0623360574,0.0250174105,0.0230681002,0.130127102,-0.078655228,0.301359683,0.376203239,0.0497177579,0.920330405,0.131331176,-0.0140611408,0.0290662013,0.331361115,-0.363001347,-0.0126316631,0.957378983,-0.199902624,-0.0536183156,0.0774871409
2.84493743,3217570.25,0,0,0.00426685903,1.3358891e-05,1,0.21487195,0.0228324085,1,0.687294126,0.0161915217,0.0118299434,0.726102412,0.265072018,0.180393577,0.115652919,-0.93786186,-0.0136058377,-0,-0.279277891,0.0312567353,-0.0446881689,0.503130019,-0.21778129,-0.0113488548,-0.420203209,-0.0497257411,0.0826576203,0.432017028,-0.0081807822,0.0426168591,0.0282217823,-0.015595275,-0.00161339052,0.329358101,0.239794061,0.0125941271,0.986193061,0.126043037,0.0308949985,0.00212269044,0.309194505,-0.313934237,-0.00676841335,0.972306967,-0.198918805,-0.0488683134,0.0723655298,-0.968438745,-0.174873114,0.00548821595,0.79342562,0.05538214,-1.0293324,-0.701282978,-0.168825567,0.18052958,-0.00277496269,2.40535522,0.0902222991,-0.0249004271,-0.240734085,0.0734012797,-0.417561829,0.280390322,-0.00341444486,0.00368782436,0.00420261454,-0.359997392,-0.281851172,-0.20222801,-0.00446633948,0.0029738422,-0.335726172,-0.00331947487,-0.0723268315,0.218866408,-0.263169199,0.0943073407,-0.0481292792,0.5074476,0.116556838,0.0892000273,-0.428482205,-0.0886521637,0.104000896,0.374593258,-0.0395036489,0.0277199708,0.0225084312,0.135903314,-0.096163407,0.305409133,0.385979682,0.053626094,0.920794427,0.138698623,-0.0210343767,0.0223887321,0.335811824,-0.367369622,-0.00723470189,0.951935232,-0.202948317,-0.0536499135,0.0823047161,-0.263169199,0.0943073407,-0.0481292792,0.5074476,0.116556838,0.0892000273,-0.428482205,-0.0886521637,0.104000896,0.374593258,-0.0395036489,0.0277199708,0.0225084312,0.135903314,-0.096163407,0.305409133,0.385979682,0.053626094,0.920794427,0.138698623,-0.0210343767,0.0223887321,0.335811824,-0.367369622,-0.00723470189,0.951935232,-0.202948317,-0.0536499135,0.0823047161,-0.263169199,0.0943073407,-0.0481292792,0.5074476,0.116556838,0.0892000273,-0.428482205,-0.0886521637,0.104000896,0.374593258,-0.0395036489,0.0277199708,0.0225084312,0.135903314,-0.096163407,0.305409133,0.385979682,0.053626094,0.920794427,0.138698623,-0.0210343767,0.0223887321,0.335811824,-0.367369622,-0.00723470189,0.951935232,-0.202948317,-0.0536499135,0.0823047161
2.85494491,3217570.26,0,0,0.0142743443,7.63917342e-06,1,0.21487195,0,1,0.68701762,0.0155737586,0.0131726731,0.72635442,0.0268730652,0.281694621,0.0380286425,-0.951250315,-0.0100332741,-0,-0.290969968,0.031176623,-0.0448651277,0.512759805,-0.217923924,-0.0206351094,-0.429659545,-0.0498907156,0.0835266039,0.43584314,0.0037027346,0.043602705,0.0283055045,-0.0159965698,-0.00209814426,0.324999332,0.241970092,0.0125884656,0.986696959,0.126784608,0.027065197,-0.000892659707,0.307209879,-0.314794302,-0.0062039746,0.968823731,-0.199008808,-0.0493084826,0.0749850124,-1.2110163,0.0855471343,-0.0270316787,1.01928294,-0.0387136415,-0.882628679,-1.00289583,0.0693826601,0.0405335575,0.525975645,0.627316236,0.0891173035,0.0249092076,0.0660411045,-0.0546696708,-0.453578532,0.182262227,0.000682961836,0.061007265,0.107041433,-0.38224113,-0.303004503,-0.221736819,-0.124571957,0.0829984024,-0.340840012,-0.0115783093,-0.0297083128,0.272401214,-0.263169199,0.0943073407,-0.0481292792,0.5074476,0.116556838,0.0892000273,-0.428482205,-0.0886521637,0.104000896,0.374593258,-0.0395036489,0.0277199708,0.0225084312,0.135903314,-0.096163407,0.305409133,0.385979682,0.053626094,0.920794427,0.138698623,-0.0210343767,0.0223887321,0.335811824,-0.367369622,-0.00723470189,0.951935232,-0.202948317,-0.0536499135,0.0823047161,-0.263169199,0.0943073407,-0.0481292792,0.5074476,0.116556838,0.0892000273,-0.428482205,-0.0886521637,0.104000896,0.374593258,-0.0395036489,0.0277199708,0.0225084312,0.135903314,-0.096163407,0.305409133,0.385979682,0.053626094,0.920794427,0.138698623,-0.0210343767,0.0223887321,0.335811824,-0.367369622,-0.00723470189,0.951935232,-0.202948317,-0.0536499135,0.0823047161,-0.263169199,0.0943073407,-0.0481292792,0.5074476,0.116556838,0.0892000273,-0.428482205,-0.0886521637,0.104000896,0.374593258,-0.0395036489,0.0277199708,0.0225084312,0.135903314,-0.096163407,0.305409133,0.385979682,0.053626094,0.920794427,0.138698623,-0.0210343767,0.0223887321,0.335811824,-0.367369622,-0.00723470189,0.951935232,-0.202948317,-0.0536499135,0.0823047161
2.86494554,3217570.27,0,0,0.00432579685,1.90716237e-05,1,0.170405023,0.0651383549,1,0.687029362,0.0146343578,0.0136910174,0.726353228,-0.0951039419,0.15027976,-0.0327436589,-0.961697936,-0.00739877764,-0,-0.302182496,0.0330216475,-0.0451347493,0.522618473,-0.218203709,-0.0290851537,-0.438776344,-0.0482941605,0.0835718513,0.441015363,0.00638052262,0.044232484,0.0286484156,-0.0143854218,-0.00175451534,0.320244908,0.243420705,0.0126017909,0.98711288,0.128049135,0.0235581268,-0.00369853689,0.304266721,-0.316248983,-0.00521345204,0.965883374,-0.199142888,-0.0495029911,0.0774682909,-1.04226243,0.236834571,-0.0241391994,0.944853365,-0.0147186769,-0.810422838,-0.826369345,0.207822204,-0.011750632,0.470713794,0.128154427,0.0454802923,0.0353984497,0.207200974,0.100132138,-0.486087441,0.125103101,0.00150606502,0.0270078629,0.133529112,-0.329024225,-0.260874152,-0.344122082,-0.150936648,0.104457334,-0.259094298,-0.0142193828,-0.014792542,0.225953802,-0.278662622,0.0593276024,-0.0413528904,0.534627557,0.103964552,0.075323455,-0.426765829,-0.113952667,0.116119206,0.383666396,0.025634706,0.0214497745,0.0174889658,0.128322214,-0.116367131,0.297786355,0.402712315,0.0648433566,0.913898647,0.137120262,-0.0322086252,0.0185602009,0.347011119,-0.364865601,-0.00725533068,0.946217597,-0.203852579,-0.0504799895,0.0859797597,-0.278662622,0.0593276024,-0.0413528904,0.534627557,0.103964552,0.075323455,-0.426765829,-0.113952667,0.116119206,0.383666396,0.025634706,0.0214497745,0.0174889658,0.128322214,-0.116367131,0.297786355,0.402712315,0.0648433566,0.913898647,0.137120262,-0.0322086252,0.0185602009,0.347011119,-0.364865601,-0.00725533068,0.946217597,-0.203852579,-0.0504799895,0.0859797597,-0.278662622,0.0593276024,-0.0413528904,0.534627557,0.103964552,0.075323455,-0.426765829,-0.113952667,0.116119206,0.383666396,0.025634706,0.0214497745,0.0174889658,0.128322214,-0.116367131,0.297786355,0.402712315,0.0648433566,0.913898647,0.137120262,-0.0322086252,0.0185602009,0.347011119,-0.364865601,-0.00725533068,0.946217597,-0.203852579,-0.0504799895,0.0859797597
2.87591666,3217570.28,0,0,0.0152969179,4.80376184e-06,1,0.170405023,0,1,0.687042892,0.0133867906,0.0140198655,0.726358235,-0.0967981666,0.173733979,-0.00731977168,-0.970729947,-0.00529235601,-0,-0.315701187,0.0354402848,-0.0458274744,0.534397364,-0.218363389,-0.0345983133,-0.44896099,-0.0460139215,0.0830420256,0.446046144,0.00715519674,0.0445899889,0.0281740353,-0.0119005041,-0.00132124615,0.314944059,0.244955406,0.0130253257,0.98727107,0.129442349,0.0188706648,-0.00734161865,0.300370544,-0.317930639,-0.00430135755,0.961927295,-0.199340194,-0.0495648049,0.080374755,-1.10123396,0.183904126,-0.055692967,0.940614402,0.0119433552,-0.322622925,-0.813840389,0.18081145,-0.0409429967,0.362122536,0.0656161532,0.0209321249,-0.0622937381,0.192709714,0.041589018,-0.428264827,0.134389535,0.0441725291,0.00590821495,0.0967663676,-0.421055526,-0.316866934,-0.319044292,-0.124621585,0.0545059219,-0.362199843,-0.0172663368,-0.00146198284,0.231789276,-0.278662622,0.0593276024,-0.0413528904,0.534627557,0.103964552,0.075323455,-0.426765829,-0.113952667,0.116119206,0.383666396,0.025634706,0.0214497745,0.0174889658,0.128322214,-0.116367131,0.297786355,0.402712315,0.0648433566,0.913898647,0.137120262,-0.0322086252,0.0185602009,0.347011119,-0.364865601,-0.00725533068,0.946217597,-0.203852579,-0.0504799895,0.0859797597,-0.278662622,0.0593276024,-0.0413528904,0.534627557,0.103964552,0.075323455,-0.426765829,-0.113952667,0.116119206,0.383666396,0.025634706,0.0214497745,0.0174889658,0.128322214,-0.116367131,0.297786355,0.402712315,0.0648433566,0.913898647,0.137120262,-0.0322086252,0.0185602009,0.347011119,-0.364865601,-0.00725533068,0.946217597,-0.203852579,-0.0504799895,0.0859797597,-0.278662622,0.0593276024,-0.0413528904,0.534627557,0.103964552,0.075323455,-0.426765829,-0.113952667,0.116119206,0.383666396,0.025634706,0.0214497745,0.0174889658,0.128322214,-0.116367131,0.297786355,0.402712315,0.0648433566,0.913898647,0.137120262,-0.0322086252,0.0185602009,0.347011119,-0.364865601,-0.00725533068,0.946217597,-0.203852579,-0.0504799895,0.0859797597
2.88594915,3217570.29,0,0,0.00521999737,5.81936911e-06,1,0.210806727,0.0789916068,1,0.687126219,0.0127512692,0.0140733896,0.726289809,-0.0671179295,0.0486214384,-0.0305443462,-0.977163255,-0.00390271074,-0,-0.325349689,0.0371399559,-0.0461835377,0.542517543,-0.217632025,-0.037542589,-0.455930322,-0.0443268418,0.0828308165,0.44865948,0.00838853791,0.0447238572,0.0275165197,-0.0102538671,-0.000178807939,0.310563445,0.24637796,0.0133640207,0.987255633,0.130149335,0.0146188773,-0.0103481412,0.297106892,-0.318925172,-0.00396409677,0.958297193,-0.199513763,-0.0495713279,0.0822698325,-0.869726479,0.158646241,-0.024432946,0.720277071,0.116245314,-0.281679869,-0.614832878,0.157489598,-0.0100799827,0.190394998,0.169545427,0.00917595718,-0.0704597756,0.144674897,0.160397768,-0.443742871,0.14648585,0.0243537761,-0.00996751618,0.0552298948,-0.417543232,-0.283631563,-0.330489874,-0.0826577246,0.0231897086,-0.354656905,-0.0172782987,-0.000610638061,0.158594981,-0.292624176,0.0324145518,-0.0318962783,0.566603601,0.0805342048,0.059594404,-0.429559171,-0.139005676,0.124740139,0.390769511,0.104626313,0.0109941848,0.0137469936,0.116945453,-0.135339826,0.285345227,0.423354447,0.0772579163,0.905887604,0.134620801,-0.0465426892,0.0180857554,0.355676472,-0.357596815,-0.00694215298,0.940653026,-0.202001899,-0.0431702323,0.0882808417,-0.292624176,0.0324145518,-0.0318962783,0.566603601,0.0805342048,0.059594404,-0.429559171,-0.139005676,0.124740139,0.390769511,0.104626313,0.0109941848,0.0137469936,0.116945453,-0.135339826,0.285345227,0.423354447,0.0772579163,0.905887604,0.134620801,-0.0465426892,0.0180857554,0.355676472,-0.357596815,-0.00694215298,0.940653026,-0.202001899,-0.0431702323,0.0882808417,-0.292624176,0.0324145518,-0.0318962783,0.566603601,0.0805342048,0.059594404,-0.429559171,-0.139005676,0.124740139,0.390769511,0.104626313,0.0109941848,0.0137469936,0.116945453,-0.135339826,0.285345227,0.423354447,0.0772579163,0.905887604,0.134620801,-0.0465426892,0.0180857554,0.355676472,-0.357596815,-0.00694215298,0.940653026,-0.202001899,-0.0431702323,0.0882808417
2.89692163,3217570.3,0,0,0.0161924781,6.90901652e-06,1,0.210806727,0,1,0.687105596,0.012146635,0.0142603805,0.726316035,-0.0432959385,0.124592721,0.0126853511,-0.98267293,-0.0027916145,-0,-0.335251272,0.0382635184,-0.0466419272,0.550278544,-0.216507182,-0.0386736803,-0.462767631,-0.0431263819,0.0825667009,0.450254768,0.010752256,0.0447515771,0.0262151826,-0.00901427865,0.000398832257,0.306639612,0.247905046,0.0141226044,0.987063944,0.130519122,0.00958607625,-0.0135599794,0.294485688,-0.319631279,-0.00381601183,0.953755736,-0.199650183,-0.0487468764,0.083831504,-1.01353145,0.0875089243,-0.0448141433,0.775800645,0.12331064,-0.0499852449,-0.696100354,0.0998032466,-0.0224478543,0.137678057,0.278992325,8.24506278e-05,-0.148175836,0.104414418,0.0322680771,-0.372704953,0.157486483,0.0999969244,-0.0359309725,0.0263507478,-0.537175775,-0.334851563,-0.228133172,-0.0602056123,0.0109233884,-0.495927095,-0.0118792588,0.114395171,0.146466821,-0.292624176,0.0324145518,-0.0318962783,0.566603601,0.0805342048,0.059594404,-0.429559171,-0.139005676,0.124740139,0.390769511,0.104626313,0.0109941848,0.0137469936,0.116945453,-0.135339826,0.285345227,0.423354447,0.0772579163,0.905887604,0.134620801,-0.0465426892,0.0180857554,0.355676472,-0.357596815,-0.00694215298,0.940653026,-0.202001899,-0.0431702323,0.0882808417,-0.292624176,0.0324145518,-0.0318962783,0.566603601,0.0805342048,0.059594404,-0.429559171,-0.139005676,0.124740139,0.390769511,0.104626313,0.0109941848,0.0137469936,0.116945453,-0.135339826,0.285345227,0.423354447,0.0772579163,0.905887604,0.134620801,-0.0465426892,0.0180857554,0.355676472,-0.357596815,-0.00694215298,0.940653026,-0.202001899,-0.0431702323,0.0882808417,-0.292624176,0.0324145518,-0.0318962783,0.566603601,0.0805342048,0.059594404,-0.429559171,-0.139005676,0.124740139,0.390769511,0.104626313,0.0109941848,0.0137469936,0.116945453,-0.135339826,0.285345227,0.423354447,0.0772579163,0.905887604,0.134620801,-0.0465426892,0.0180857554,0.355676472,-0.357596815,-0.00694215298,0.940653026,-0.202001899,-0.0431702323,0.0882808417
2.9079248,3217570.32,0,0,0.00718123093,8.73114914e-06,1,0.280044973,0.0669831932,1,0.687049091,0.0117930183,0.0144528365,0.726371527,-0.00744749792,0.044552058,0.0195241757,-0.986885846,-0.00199684547,-0,-0.346438795,0.0389063098,-0.0469538681,0.558799565,-0.214570358,-0.0387314372,-0.470284879,-0.0422968082,0.0825299919,0.451297492,0.0149228284,0.0447315983,0.0244579483,-0.00820807461,0.00146491081,0.302098989,0.249861181,0.0154376123,0.986020386,0.130723238,0.00322331907,-0.0173900891,0.292084515,-0.320096403,-0.00372340344,0.947863877,-0.199772373,-0.047409106,0.0851857364,-0.92882669,0.0308486037,-0.0160167813,0.72323674,0.159967005,0.0960837677,-0.601258755,0.0492580011,1.27294725e-05,0.0524754338,0.398329884,-0.00414137542,-0.151250795,0.0522479601,0.100637026,-0.377586722,0.163643003,0.118874863,-0.116726048,0.0127552971,-0.539535403,-0.30772087,-0.169222221,-0.0277599115,0.00638616411,-0.49719438,-0.00905377418,0.140141815,0.100084253,-0.295680314,0.0124883354,-0.0217083991,0.60801816,0.0295133442,0.0460942872,-0.440578938,-0.173233792,0.134521067,0.385898858,0.171609506,-0.00591311511,0.0110408887,0.103378847,-0.153825089,0.272951812,0.444994032,0.0889279246,0.89869833,0.133048773,-0.0601527654,0.0203296486,0.363125563,-0.347048402,-0.00416552462,0.937240899,-0.201641008,-0.0343624167,0.0908061564,-0.295680314,0.0124883354,-0.0217083991,0.60801816,0.0295133442,0.0460942872,-0.440578938,-0.173233792,0.134521067,0.385898858,0.171609506,-0.00591311511,0.0110408887,0.103378847,-0.153825089,0.272951812,0.444994032,0.0889279246,0.89869833,0.133048773,-0.0601527654,0.0203296486,0.363125563,-0.347048402,-0.00416552462,0.937240899,-0.201641008,-0.0343624167,0.0908061564,-0.295680314,0.0124883354,-0.0217083991,0.60801816,0.0295133442,0.0460942872,-0.440578938,-0.173233792,0.134521067,0.385898858,0.171609506,-0.00591311511,0.0110408887,0.103378847,-0.153825089,0.272951812,0.444994032,0.0889279246,0.89869833,0.133048773,-0.0601527654,0.0203296486,0.363125563,-0.347048402,-0.00416552462,0.937240899,-0.201641008,-0.0343624167,0.0908061564
2.91891561,3217570.33,0,0,0.0181720429,4.23192978e-06,1,0.280044973,0,1,0.686929882,0.0114954105,0.0146297086,0.726485491,-0.0143843619,0.0522258617,0.0294706244,-0.990077555,-0.0014283465,-0,-0.356781632,0.0390693471,-0.0470393598,0.56730032,-0.213456929,-0.0359171331,-0.476635247,-0.0419025719,0.0824378803,0.451577336,0.0195118189,0.0446532965,0.0228829645,-0.00761784567,0.00201273779,0.298472673,0.251462221,0.0168700665,0.984632313,0.130826294,-0.00273766043,-0.0204266347,0.291011631,-0.320324898,-0.00366465538,0.942517102,-0.199850664,-0.0450224727,0.0862685144,-1.03895998,0.00989365298,-0.00128954055,0.874772787,0.106594682,0.295281947,-0.62565285,0.0342314914,-0.00441159401,0.0158263743,0.491961837,-0.00849424489,-0.147855088,0.0555804595,0.0633503199,-0.36411801,0.159868941,0.149244756,-0.163055733,0.00890341215,-0.609361351,-0.289950192,-0.0803055614,-0.0162716825,0.00567489909,-0.526811957,-0.00722749578,0.26634416,0.105065405,-0.295680314,0.0124883354,-0.0217083991,0.60801816,0.0295133442,0.0460942872,-0.440578938,-0.173233792,0.134521067,0.385898858,0.171609506,-0.00591311511,0.0110408887,0.103378847,-0.153825089,0.272951812,0.444994032,0.0889279246,0.89869833,0.133048773,-0.0601527654,0.0203296486,0.363125563,-0.347048402,-0.00416552462,0.937240899,-0.201641008,-0.0343624167,0.0908061564,-0.295680314,0.0124883354,-0.0217083991,0.60801816,0.0295133442,0.0460942872,-0.440578938,-0.173233792,0.134521067,0.385898858,0.171609506,-0.00591311511,0.0110408887,0.103378847,-0.153825089,0.272951812,0.444994032,0.0889279246,0.89869833,0.133048773,-0.0601527654,0.0203296486,0.363125563,-0.347048402,-0.00416552462,0.937240899,-0.201641008,-0.0343624167,0.0908061564,-0.295680314,0.0124883354,-0.0217083991,0.60801816,0.0295133442,0.0460942872,-0.440578938,-0.173233792,0.134521067,0.385898858,0.171609506,-0.00591311511,0.0110408887,0.103378847,-0.153825089,0.272951812,0.444994032,0.0889279246,0.89869833,0.133048773,-0.0601527654,0.0203296486,0.363125563,-0.347048402,-0.00416552462,0.937240899,-0.201641008,-0.0343624167,0.0908061564
2.92892723,3217570.34,0,0,0.0082957698,9.5278956e-06,1,0.183952041,0.0916243941,1,0.686820865,0.0114208348,0.0145831881,0.726590693,-0.0434475802,0.0217702296,0.0656316504,-0.992319107,-0.00105329719,-0,-0.367101312,0.0391462147,-0.0468131565,0.576644182,-0.212419644,-0.0328238457,-0.482479155,-0.041638758,0.0824069083,0.451536596,0.0248686168,0.0445419326,0.0214455072,-0.0070656999,0.00307731447,0.294758111,0.25300318,0.0184152313,0.982547581,0.130904257,-0.00882562995,-0.0229309071,0.29039064,-0.320439726,-0.00360177876,0.937733293,-0.199920475,-0.0422444716,0.0872476324,-1.1714977,0.0117746117,0.039686963,1.14533412,0.0581971854,0.490272194,-0.600304067,0.0186432563,-0.044237446,-0.027948454,0.572659552,-0.0199043918,-0.188579932,0.0846810862,0.0765013695,-0.35394311,0.138425216,0.177222475,-0.232281119,0.00781094236,-0.640460849,-0.224435806,-0.0426832326,-0.0149492621,0.00668386091,-0.469405293,-0.00728272879,0.335126966,0.104653411,-0.29222846,-0.00837131031,-0.011181457,0.669398308,-0.0621110499,0.032819923,-0.461179107,-0.217694536,0.149234757,0.367356986,0.218658522,-0.0323748477,0.00583198108,0.0842670202,-0.16856198,0.263065517,0.466650814,0.102531038,0.891501963,0.132499263,-0.0722893625,0.0260864086,0.374400318,-0.333727181,-0.000229280442,0.935781658,-0.202283651,-0.0254018214,0.0929634124,-0.29222846,-0.00837131031,-0.011181457,0.669398308,-0.0621110499,0.032819923,-0.461179107,-0.217694536,0.149234757,0.367356986,0.218658522,-0.0323748477,0.00583198108,0.0842670202,-0.16856198,0.263065517,0.466650814,0.102531038,0.891501963,0.132499263,-0.0722893625,0.0260864086,0.374400318,-0.333727181,-0.000229280442,0.935781658,-0.202283651,-0.0254018214,0.0929634124,-0.29222846,-0.00837131031,-0.011181457,0.669398308,-0.0621110499,0.032819923,-0.461179107,-0.217694536,0.149234757,0.367356986,0.218658522,-0.0323748477,0.00583198108,0.0842670202,-0.16856198,0.263065517,0.466650814,0.102531038,0.891501963,0.132499263,-0.0722893625,0.0260864086,0.374400318,-0.333727181,-0.000229280442,0.935781658,-0.202283651,-0.0254018214,0.0929634124
2.93992178,3217570.35,0,0,0.0192903238,7.39796087e-06,1,0.183952041,0,1,0.686572671,0.0112132635,0.0142627321,0.726834834,-0.0655680373,-0.0799637213,0.0263142381,-0.994215131,-0.000753424887,-0,-0.382309705,0.0396640338,-0.045108676,0.593108773,-0.212042168,-0.0256168097,-0.489512205,-0.0413203761,0.0818838775,0.451008618,0.0323230773,0.0442976505,0.0192200337,-0.0058444133,0.00427585607,0.290535629,0.254479676,0.0208275504,0.97921133,0.130994692,-0.0168212093,-0.0249614548,0.290142953,-0.320547044,-0.00345915719,0.932724237,-0.20001246,-0.0376732945,0.0884787589,-1.21225631,0.0908966064,0.279972851,1.40432143,0.0267140213,0.566762149,-0.53058672,0.0399448015,-0.0169522576,-0.0490860119,0.646491587,-0.0163484514,-0.148446172,0.100363724,0.171485424,-0.370976746,0.118865371,0.202325031,-0.31323877,0.00710411044,-0.656820118,-0.124944784,-0.011255309,-0.00378098455,0.0209575333,-0.358611554,-0.00776533643,0.368572861,0.0925152451,-0.29222846,-0.00837131031,-0.011181457,0.669398308,-0.0621110499,0.032819923,-0.461179107,-0.217694536,0.149234757,0.367356986,0.218658522,-0.0323748477,0.00583198108,0.0842670202,-0.16856198,0.263065517,0.466650814,0.102531038,0.891501963,0.132499263,-0.0722893625,0.0260864086,0.374400318,-0.333727181,-0.000229280442,0.935781658,-0.202283651,-0.0254018214,0.0929634124,-0.29222846,-0.00837131031,-0.011181457,0.669398308,-0.0621110499,0.032819923,-0.461179107,-0.217694536,0.149234757,0.367356986,0.218658522,-0.0323748477,0.00583198108,0.0842670202,-0.16856198,0.263065517,0.466650814,0.102531038,0.891501963,0.132499263,-0.0722893625,0.0260864086,0.374400318,-0.333727181,-0.000229280442,0.935781658,-0.202283651,-0.0254018214,0.0929634124,-0.29222846,-0.00837131031,-0.011181457,0.669398308,-0.0621110499,0.032819923,-0.461179107,-0.217694536,0.149234757,0.367356986,0.218658522,-0.0323748477,0.00583198108,0.0842670202,-0.16856198,0.263065517,0.466650814,0.102531038,0.891501963,0.132499263,-0.0722893625,0.0260864086,0.374400318,-0.333727181,-0.000229280442,0.935781658,-0.202283651,-0.0254018214,0.0929634124
2.94992869,3217570.36,0,0,0.00927516678,1.03395432e-05,1,0.196808949,0.137098864,1,0.686502039,0.0114227515,0.0134619139,0.726913512,-0.139351264,-0.108926885,0.0797490925,-0.995537817,-0.000555593695,-0,-0.394020438,0.0410918891,-0.0406326242,0.608551323,-0.214318782,-0.0207489841,-0.494227082,-0.0408473499,0.0816330686,0.450321734,0.0390341543,0.0441354886,0.0177457146,-0.00462959614,0.00640117843,0.286727756,0.2555511,0.0228346903,0.97566998,0.131160796,-0.0230213925,-0.0256817173,0.290192813,-0.320644945,-0.00291405804,0.929998219,-0.200097039,-0.0342032537,0.0892400667,-1.35496604,0.112425648,0.405471295,2.04428673,-0.787306905,0.406140655,-0.487760454,0.0417371728,-0.0996648595,-0.107748151,0.699103773,-0.0284070875,-0.21226567,0.183082581,0.150010392,-0.362384886,0.0794233158,0.218658775,-0.384049237,0.0398387983,-0.605018437,-0.0438824557,0.0340785459,-0.0319229998,0.103310935,-0.237139314,-0.00995983742,0.387304157,0.0657560751,-0.289708734,-0.0317932144,-0.00246621622,0.747995734,-0.199209914,0.0114735877,-0.491626889,-0.271469533,0.161697075,0.334449649,0.232575461,-0.0716462806,0.00104269572,0.0622832961,-0.178740114,0.25069356,0.488023698,0.11562907,0.881717443,0.135955364,-0.0797694176,0.033510007,0.388301879,-0.317677438,0.0106518492,0.937732339,-0.204133466,-0.0161210522,0.0941590667,-0.289708734,-0.0317932144,-0.00246621622,0.747995734,-0.199209914,0.0114735877,-0.491626889,-0.271469533,0.161697075,0.334449649,0.232575461,-0.0716462806,0.00104269572,0.0622832961,-0.178740114,0.25069356,0.488023698,0.11562907,0.881717443,0.135955364,-0.0797694176,0.033510007,0.388301879,-0.317677438,0.0106518492,0.937732339,-0.204133466,-0.0161210522,0.0941590667,-0.289708734,-0.0317932144,-0.00246621622,0.747995734,-0.199209914,0.0114735877,-0.491626889,-0.271469533,0.161697075,0.334449649,0.232575461,-0.0716462806,0.00104269572,0.0622832961,-0.178740114,0.25069356,0.488023698,0.11562907,0.881717443,0.135955364,-0.0797694176,0.033510007,0.388301879,-0.317677438,0.0106518492,0.937732339,-0.204133466,-0.0161210522,0.0941590667
2.95992888,3217570.37,0,0,0.0192753561,9.40589234e-06,1,0.196808949,0,1,0.686358392,0.0113365212,0.0130988797,0.727057099,-0.162960902,-0.0910456479,0.103174806,-0.996554077,-0.000409708213,-0,-0.399897337,0.041340597,-0.0391447432,0.618042946,-0.21880208,-0.0193662122,-0.49623853,-0.0407059528,0.0811192617,0.449808985,0.0419061519,0.0440164879,0.0167941749,-0.00379494647,0.00685158279,0.285300076,0.255809963,0.023770446,0.974057496,0.131391272,-0.0253898297,-0.0258048046,0.290412873,-0.320791543,-0.00237187115,0.929167092,-0.200141296,-0.0325190835,0.0894705504,-1.48816133,0.045341786,0.371446401,2.44429302,-1.1901685,0.328699499,-0.505410433,0.0331128314,-0.127932593,-0.131237224,0.722959042,-0.0286566671,-0.237712383,0.209252298,0.106898032,-0.357886165,0.0626034886,0.237737164,-0.408613473,0.0622804426,-0.586756885,-0.0269513018,0.0606422201,-0.0345988534,0.1437089,-0.195316657,-0.011384489,0.428618968,0.0548052602,-0.289708734,-0.0317932144,-0.00246621622,0.747995734,-0.199209914,0.0114735877,-0.491626889,-0.271469533,0.161697075,0.334449649,0.232575461,-0.0716462806,0.00104269572,0.0622832961,-0.178740114,0.25069356,0.488023698,0.11562907,0.881717443,0.135955364,-0.0797694176,0.033510007,0.388301879,-0.317677438,0.0106518492,0.937732339,-0.204133466,-0.0161210522,0.0941590667,-0.289708734,-0.0317932144,-0.00246621622,0.747995734,-0.199209914,0.0114735877,-0.491626889,-0.271469533,0.161697075,0.334449649,0.232575461,-0.0716462806,0.00104269572,0.0622832961,-0.178740114,0.25069356,0.488023698,0.11562907,0.881717443,0.135955364,-0.0797694176,0.033510007,0.388301879,-0.317677438,0.0106518492,0.937732339,-0.204133466,-0.0161210522,0.0941590667,-0.289708734,-0.0317932144,-0.00246621622,0.747995734,-0.199209914,0.0114735877,-0.491626889,-0.271469533,0.161697075,0.334449649,0.232575461,-0.0716462806,0.00104269572,0.0622832961,-0.178740114,0.25069356,0.488023698,0.11562907,0.881717443,0.135955364,-0.0797694176,0.033510007,0.388301879,-0.317677438,0.0106518492,0.937732339,-0.204133466,-0.0161210522,0.0941590667
2.97092317,3217570.38,0,0,0.010172104,8.10110942e-06,1,0.287504401,0.104095623,1,0.686519742,0.0118205948,0.0109332129,0.726932883,-0.134711295,-0.20488283,-0.0570201725,-0.997398973,-0.000293064833,-0,-0.423480332,0.038722828,-0.0336900316,0.670761824,-0.23158437,-0.0119867576,-0.504048705,-0.0396239161,0.0810264722,0.447452903,0.0555083938,0.0436254032,0.0147025855,-0.00067929033,0.010213648,0.278181881,0.256934345,0.0281517431,0.965889096,0.132876933,-0.0345600136,-0.0256757289,0.292276263,-0.320942968,0.00173270912,0.927659988,-0.200738966,-0.024778245,0.0900939777,-1.36284029,-0.304859817,0.205779582,3.65780759,-1.93051064,0.126595944,-0.459017605,0.0560174212,0.0310064722,-0.143278196,0.784047425,-0.0503897183,-0.0908264443,0.158795163,0.130523205,-0.392163455,0.0634492636,0.236046135,-0.498737514,0.113201134,-0.429608494,0.0491963848,0.1676182,-0.00339507777,0.379348606,-0.0273645595,-0.101310998,0.432082653,0.0195921306,-0.286045223,-0.033511892,-0.00220916653,0.832630932,-0.303305537,-0.0092363758,-0.527191758,-0.318295658,0.171133399,0.309507579,0.221668437,-0.120879337,-0.000175954774,0.0471584313,-0.179912135,0.236975387,0.502364635,0.123160839,0.870179355,0.139853001,-0.0834539458,0.0404906087,0.393651038,-0.305224836,0.0268233307,0.941675961,-0.210222334,-0.0111934375,0.0939888358,-0.286045223,-0.033511892,-0.00220916653,0.832630932,-0.303305537,-0.0092363758,-0.527191758,-0.318295658,0.171133399,0.309507579,0.221668437,-0.120879337,-0.000175954774,0.0471584313,-0.179912135,0.236975387,0.502364635,0.123160839,0.870179355,0.139853001,-0.0834539458,0.0404906087,0.393651038,-0.305224836,0.0268233307,0.941675961,-0.210222334,-0.0111934375,0.0939888358,-0.286045223,-0.033511892,-0.00220916653,0.832630932,-0.303305537,-0.0092363758,-0.527191758,-0.318295658,0.171133399,0.309507579,0.221668437,-0.120879337,-0.000175954774,0.0471584313,-0.179912135,0.236975387,0.502364635,0.123160839,0.870179355,0.139853001,-0.0834539458,0.0404906087,0.393651038,-0.305224836,0.0268233307,0.941675961,-0.210222334,-0.0111934375,0.0939888358
2.98093341,3217570.39,0,0,0.000237746164,8.48807395e-06,1,0.232650898,0.0757079124,1,0.687041163,0.0124910623,0.00974275451,0.726445794,-0.0320255011,-0.323805213,-0.20674479,-0.997988284,-0.000216113127,-0,-0.435015798,0.0339742713,-0.0320093893,0.708478153,-0.247133404,-0.0113131525,-0.508319438,-0.039193593,0.0823734999,0.446025848,0.0635079667,0.0432110243,0.0142977377,0.00020424652,0.0117897615,0.274155527,0.257718325,0.0303664114,0.960880756,0.134068161,-0.0383186489,-0.0247271601,0.294213802,-0.320754707,0.00651963893,0.927635014,-0.202095374,-0.020702431,0.0902329087,-0.920959532,-0.578024447,0.1891651,3.63541055,-1.26280034,0.0422344916,-0.382369846,0.0329313055,0.224414319,-0.143889934,0.81041944,-0.0285678823,-0.00348747917,0.0254745502,0.199950114,-0.411573648,0.0932979062,0.212133631,-0.489048898,0.112888515,-0.345356733,0.125499099,0.196959913,0.0474735945,0.513491154,0.0214413516,-0.144059777,0.379697055,0.0117354766,-0.286045223,-0.033511892,-0.00220916653,0.832630932,-0.303305537,-0.0092363758,-0.527191758,-0.318295658,0.171133399,0.309507579,0.221668437,-0.120879337,-0.000175954774,0.0471584313,-0.179912135,0.236975387,0.502364635,0.123160839,0.870179355,0.139853001,-0.0834539458,0.0404906087,0.393651038,-0.305224836,0.0268233307,0.941675961,-0.210222334,-0.0111934375,0.0939888358,-0.292020619,-0.00272065587,-0.0149837155,0.904095471,-0.370474339,-0.0137739554,-0.569725096,-0.359741747,0.171053976,0.285453677,0.145960525,-0.162865579,-0.00305322744,0.0494974256,-0.166050315,0.209463149,0.506754518,0.118008077,0.859443247,0.143626913,-0.088476114,0.0440159179,0.394189328,-0.299192011,0.0384499021,0.943672359,-0.212087527,-0.0084430147,0.0913352966,-0.292020619,-0.00272065587,-0.0149837155,0.904095471,-0.370474339,-0.0137739554,-0.569725096,-0.359741747,0.171053976,0.285453677,0.145960525,-0.162865579,-0.00305322744,0.0494974256,-0.166050315,0.209463149,0.506754518,0.118008077,0.859443247,0.143626913,-0.088476114,0.0440159179,0.394189328,-0.299192011,0.0384499021,0.943672359,-0.212087527,-0.0084430147,0.0913352966
2.99191894,3217570.4,0,0,0.0112232738,5.75557351e-06,1,0.232650898,0,1,0.687843323,0.0135232387,0.0085404031,0.725682914,-0.0911606029,-0.252678484,-0.155059397,-0.998485088,-0.000154586043,-0,-0.442775965,0.0273102447,-0.030234389,0.745356381,-0.263266355,-0.0110926908,-0.51207155,-0.0390012972,0.0846442729,0.4440988,0.0718409121,0.0426675528,0.0139326667,0.000414429611,0.0131367873,0.270080537,0.258850604,0.0319663845,0.956379235,0.135126993,-0.0413432345,-0.0229969174,0.296622336,-0.320050836,0.0121061532,0.928108037,-0.203543514,-0.0173848215,0.0903206691,-0.872318804,-0.686911881,0.115599327,4.07586765,-2.27580404,0.00976066478,-0.414142787,0.0125499927,0.132243857,-0.249581084,0.851515591,-0.100339659,-0.111656129,0.0851837918,0.0186651889,-0.403983295,0.121816263,0.102223434,-0.423309386,0.113586992,-0.272469938,0.206687391,0.300317287,0.0607856177,0.620699823,0.0481455699,-0.15029721,0.308195561,0.00478110323,-0.292020619,-0.00272065587,-0.0149837155,0.904095471,-0.370474339,-0.0137739554,-0.569725096,-0.359741747,0.171053976,0.285453677,0.145960525,-0.162865579,-0.00305322744,0.0494974256,-0.166050315,0.209463149,0.506754518,0.118008077,0.859443247,0.143626913,-0.088476114,0.0440159179,0.394189328,-0.299192011,0.0384499021,0.943672359,-0.212087527,-0.0084430147,0.0913352966,-0.292020619,-0.00272065587,-0.0149837155,0.904095471,-0.370474339,-0.0137739554,-0.569725096,-0.359741747,0.171053976,0.285453677,0.145960525,-0.162865579,-0.00305322744,0.0494974256,-0.166050315,0.209463149,0.506754518,0.118008077,0.859443247,0.143626913,-0.088476114,0.0440159179,0.394189328,-0.299192011,0.0384499021,0.943672359,-0.212087527,-0.0084430147,0.0913352966,-0.292020619,-0.00272065587,-0.0149837155,0.904095471,-0.370474339,-0.0137739554,-0.569725096,-0.359741747,0.171053976,0.285453677,0.145960525,-0.162865579,-0.00305322744,0.0494974256,-0.166050315,0.209463149,0.506754518,0.118008077,0.859443247,0.143626913,-0.088476114,0.0440159179,0.394189328,-0.299192011,0.0384499021,0.943672359,-0.212087527,-0.0084430147,0.0913352966
3.00194222,3217570.41,2,0,0.00126360497,4.42797318e-06,1,0.19228179,0.121259153,1,0.688420653,0.0141704995,0.00732759153,0.72513622,-0.0630382225,-0.282950699,-0.177482933,-0.998829782,-0.000113995477,-0,-0.449602872,0.0200576615,-0.0286052749,0.785205007,-0.284641653,-0.0110825002,-0.516013682,-0.0390834063,0.0859187394,0.441153288,0.0806068406,0.0415939912,0.0127161518,0.00104645023,0.0131337829,0.2655949,0.260488868,0.0325125307,0.952618182,0.136425152,-0.0436363481,-0.0207369868,0.300061464,-0.318887264,0.0183265787,0.928912699,-0.204945952,-0.0147802243,0.0903394371,-0.482663006,-0.751374066,0.231123522,3.74075222,-1.87788308,-0.00272766803,-0.375319898,-0.0242113397,0.15982841,-0.316550642,0.894557655,-0.096350342,-0.106598184,0.0211278331,0.000492856663,-0.479434073,0.197187051,0.0332759097,-0.341358364,0.138492107,-0.201551825,0.229978397,0.366334319,0.16880025,0.597721934,0.109480023,-0.128662944,0.227008328,0.000859314227,-0.307311356,0.0391620882,-0.0342285633,0.930481076,-0.409567416,-0.000543642032,-0.587968647,-0.380660683,0.182364494,0.26242429,0.0247013718,-0.189176634,-0.00434744731,0.047648944,-0.138737157,0.189037189,0.502305925,0.101036638,0.859519601,0.145996615,-0.0903749615,0.0475928597,0.394389987,-0.296977133,0.0435051061,0.943916559,-0.21586065,-0.00548677891,0.0923219472,-0.307311356,0.0391620882,-0.0342285633,0.930481076,-0.409567416,-0.000543642032,-0.587968647,-0.380660683,0.182364494,0.26242429,0.0247013718,-0.189176634,-0.00434744731,0.047648944,-0.138737157,0.189037189,0.502305925,0.101036638,0.859519601,0.145996615,-0.0903749615,0.0475928597,0.394389987,-0.296977133,0.0435051061,0.943916559,-0.21586065,-0.00548677891,0.0923219472,-0.307311356,0.0391620882,-0.0342285633,0.930481076,-0.409567416,-0.000543642032,-0.587968647,-0.380660683,0.182364494,0.26242429,0.0247013718,-0.189176634,-0.00434744731,0.047648944,-0.138737157,0.189037189,0.502305925,0.101036638,0.859519601,0.145996615,-0.0903749615,0.0475928597,0.394389987,-0.296977133,0.0435051061,0.943916559,-0.21586065,-0.00548677891,0.0923219472
